{"type":"FeatureCollection","features":[{"type":"Feature","properties":{"id":1,"NAME":"1","TotalPop":767411,"PopDevPct":-0.0005992,"DemPct":0.20020478,"RepPct":0.789826,"WhitePct":0.90312289,"MinorityPct":0.09687711,"BlackPct":0.0272821,"HispanicPct":0.03162671,"PacificPct":0.00111213,"AsianPct":0.00973966,"NativePct":0.02430614,"TotalVAP":615935,"Margin":-0.29979522,"color":"#960018","opacity":"0.5"},"geometry":{"type":"MultiPolygon","coordinates":[[[[-83.524522,35.964224],[-83.523113,35.963659],[-83.521515,35.962958],[-83.51952,35.960784],[-83.51924,35.958605],[-83.51857,35.957264],[-83.516325,35.955646],[-83.516681,35.953315],[-83.517533,35.952101],[-83.518197,35.950923],[-83.516865,35.949016],[-83.515322,35.947851],[-83.511679,35.946084],[-83.511239,35.944365],[-83.509111,35.943336],[-83.508315,35.942372],[-83.508303,35.939409],[-83.507028,35.938814],[-83.505224,35.939518],[-83.505028,35.938472],[-83.503832,35.937712],[-83.501556,35.937753],[-83.500479,35.937183],[-83.497393,35.937709],[-83.497756,35.936526],[-83.496652,35.935652],[-83.494662,35.936482],[-83.493565,35.935383],[-83.491791,35.936164],[-83.489201,35.93555],[-83.487918,35.935141],[-83.486859,35.932709],[-83.487401,35.931454],[-83.489462,35.930931],[-83.490224,35.931407],[-83.491473,35.931688],[-83.492503,35.930988],[-83.492742,35.92983],[-83.494662,35.926919],[-83.496843,35.92516],[-83.497295,35.923702],[-83.496811,35.921752],[-83.494466,35.917916],[-83.492511,35.913342],[-83.490797,35.912064],[-83.48847,35.911908],[-83.486023,35.912275],[-83.482941,35.910908],[-83.48115,35.910664],[-83.480073,35.912963],[-83.479438,35.913519],[-83.477,35.913659],[-83.474006,35.91423],[-83.472751,35.915194],[-83.470229,35.915076],[-83.465999,35.916279],[-83.464614,35.91439],[-83.460841,35.911241],[-83.45985,35.910857],[-83.459107,35.911626],[-83.45916,35.914374],[-83.457152,35.91363],[-83.455225,35.911348],[-83.453112,35.911966],[-83.450801,35.911303],[-83.450799,35.912251],[-83.453129,35.915323],[-83.453302,35.916821],[-83.452247,35.916702],[-83.450309,35.915219],[-83.449599,35.914595],[-83.447346,35.912405],[-83.444685,35.908912],[-83.444543,35.908022],[-83.44301,35.9051],[-83.440249,35.898102],[-83.439555,35.898927],[-83.440646,35.902217],[-83.436609,35.90323],[-83.434313,35.903017],[-83.433297,35.902495],[-83.430976,35.900254],[-83.429977,35.897797],[-83.429125,35.895825],[-83.427469,35.893194],[-83.425758,35.892053],[-83.428498,35.889583],[-83.428886,35.889099],[-83.42847,35.888443],[-83.428386,35.888473],[-83.427161,35.887484],[-83.426379,35.885833],[-83.424341,35.883043],[-83.421777,35.881037],[-83.418759,35.880608],[-83.417141,35.878942],[-83.417141,35.877092],[-83.415206,35.874174],[-83.415501,35.872179],[-83.414799,35.871417],[-83.412099,35.872273],[-83.409633,35.872533],[-83.407876,35.873479],[-83.405939,35.874054],[-83.403669,35.875179],[-83.402051,35.876483],[-83.401154,35.876675],[-83.397669,35.880354],[-83.39747,35.88131],[-83.392508,35.879253],[-83.388778,35.879503],[-83.384224,35.881078],[-83.382025,35.880902],[-83.379544,35.880281],[-83.37674,35.880351],[-83.374884,35.88121],[-83.370581,35.88048],[-83.366345,35.880298],[-83.364891,35.879877],[-83.359321,35.87912],[-83.35546,35.879237],[-83.353767,35.879518],[-83.350357,35.880832],[-83.347283,35.882777],[-83.346299,35.883851],[-83.345721,35.886632],[-83.346053,35.889318],[-83.345271,35.89217],[-83.345225,35.894158],[-83.345757,35.895239],[-83.345507,35.895541],[-83.345371,35.896103],[-83.34537,35.896178],[-83.345366,35.896505],[-83.345327,35.897022],[-83.345267,35.897184],[-83.345179,35.897346],[-83.345019,35.897561],[-83.344957,35.897692],[-83.344855,35.897951],[-83.344813,35.898003],[-83.344745,35.89809],[-83.344687,35.898139],[-83.344598,35.898188],[-83.344512,35.898223],[-83.344244,35.898278],[-83.340526,35.899341],[-83.340767,35.895942],[-83.339744,35.894213],[-83.336474,35.893088],[-83.335649,35.891812],[-83.333085,35.89211],[-83.33092,35.891989],[-83.327135,35.891329],[-83.325129,35.891639],[-83.325563,35.891096],[-83.32512,35.889773],[-83.326726,35.889447],[-83.326165,35.888963],[-83.322526,35.889071],[-83.322789,35.887833],[-83.321566,35.887788],[-83.320137,35.888015],[-83.317809,35.886749],[-83.317755,35.888162],[-83.316942,35.888521],[-83.312904,35.888265],[-83.307957,35.886974],[-83.307523,35.886569],[-83.309324,35.884106],[-83.309655,35.880631],[-83.308197,35.878115],[-83.308477,35.877234],[-83.3076,35.876125],[-83.308317,35.875094],[-83.308735,35.871692],[-83.301012,35.869332],[-83.294283,35.86797],[-83.291006,35.868964],[-83.290168,35.868742],[-83.288794,35.865693],[-83.289138,35.86488],[-83.289502,35.862896],[-83.291206,35.859311],[-83.290421,35.857792],[-83.292711,35.856609],[-83.292847,35.855407],[-83.293703,35.854402],[-83.291026,35.85418],[-83.289335,35.852914],[-83.287395,35.853501],[-83.286499,35.851471],[-83.286932,35.849883],[-83.284142,35.847571],[-83.284177,35.845254],[-83.282791,35.842495],[-83.281921,35.841015],[-83.282962,35.840349],[-83.282976,35.84034],[-83.283444,35.840043],[-83.284274,35.839008],[-83.283746,35.838191],[-83.282314,35.838093],[-83.281493,35.838414],[-83.278492,35.836447],[-83.27763,35.836894],[-83.276158,35.835443],[-83.27634,35.834717],[-83.274919,35.832903],[-83.270544,35.832962],[-83.269584,35.831698],[-83.270037,35.83049],[-83.271174,35.830173],[-83.271962,35.828934],[-83.271642,35.826527],[-83.270027,35.827309],[-83.265696,35.826546],[-83.263006,35.825648],[-83.261715,35.825364],[-83.26246,35.822908],[-83.262203,35.821785],[-83.263264,35.819344],[-83.265283,35.818135],[-83.266796,35.816674],[-83.271043,35.814944],[-83.273604,35.814319],[-83.274559,35.814743],[-83.275142,35.816473],[-83.273622,35.81826],[-83.273462,35.819774],[-83.275776,35.820834],[-83.277385,35.822448],[-83.279019,35.823222],[-83.278676,35.821179],[-83.279746,35.819142],[-83.280579,35.818573],[-83.28053,35.817568],[-83.280829,35.816436],[-83.279983,35.815867],[-83.279719,35.813888],[-83.280846,35.81366],[-83.281128,35.812854],[-83.279672,35.811927],[-83.279042,35.80989],[-83.279132,35.808212],[-83.278383,35.806466],[-83.28075,35.803564],[-83.280758,35.802297],[-83.282795,35.801846],[-83.282213,35.800205],[-83.283476,35.798589],[-83.284832,35.798112],[-83.286409,35.796796],[-83.287421,35.795423],[-83.287159,35.7937],[-83.28597,35.791241],[-83.286274,35.788321],[-83.286713,35.787541],[-83.28543,35.786034],[-83.285289,35.784871],[-83.286807,35.783619],[-83.285159,35.781524],[-83.285769,35.780445],[-83.284248,35.779322],[-83.283938,35.778271],[-83.281746,35.778341],[-83.278392,35.779648],[-83.276814,35.779439],[-83.275349,35.778617],[-83.276851,35.776784],[-83.277356,35.773446],[-83.275237,35.772919],[-83.274733,35.771472],[-83.276241,35.771165],[-83.275055,35.769644],[-83.276121,35.767429],[-83.276534,35.764467],[-83.277564,35.762307],[-83.278151,35.7599],[-83.278802,35.75686],[-83.278992,35.753246],[-83.280778,35.750095],[-83.280159,35.74921],[-83.28079,35.746995],[-83.280858,35.742311],[-83.280422,35.73708],[-83.280757,35.734769],[-83.280431,35.732684],[-83.277885,35.730878],[-83.27682,35.729134],[-83.276622,35.726985],[-83.274954,35.721941],[-83.274884,35.718826],[-83.276502,35.71512],[-83.276413,35.713591],[-83.274923,35.713199],[-83.270809,35.712982],[-83.266607,35.713634],[-83.260392,35.715424],[-83.255343,35.715084],[-83.254142,35.717534],[-83.250375,35.720421],[-83.243384,35.722437],[-83.242751,35.723058],[-83.240827,35.726856],[-83.232775,35.725958],[-83.228201,35.725811],[-83.223182,35.725901],[-83.221518,35.726226],[-83.220056,35.725957],[-83.217644,35.725865],[-83.215534,35.724481],[-83.214196,35.724113],[-83.211182,35.724531],[-83.207544,35.726141],[-83.204264,35.726016],[-83.200834,35.725055],[-83.1976,35.725286],[-83.195572,35.726962],[-83.193733,35.727929],[-83.191786,35.728429],[-83.18895,35.729655],[-83.187131,35.729715],[-83.185137,35.730753],[-83.183439,35.734654],[-83.181363,35.736824],[-83.18075,35.739038],[-83.178095,35.742438],[-83.177812,35.744345],[-83.174962,35.745136],[-83.170285,35.74603],[-83.168323,35.750758],[-83.166691,35.751879],[-83.164743,35.754362],[-83.16539,35.757032],[-83.165059,35.759504],[-83.164089,35.760333],[-83.162625,35.762547],[-83.159936,35.764409],[-83.158277,35.765035],[-83.154422,35.76431],[-83.151483,35.764627],[-83.149029,35.763956],[-83.147405,35.764439],[-83.14644,35.765384],[-83.143778,35.765284],[-83.141897,35.765641],[-83.136248,35.765222],[-83.13339,35.767077],[-83.13014,35.767406],[-83.127673,35.768058],[-83.124872,35.767167],[-83.121917,35.766969],[-83.120608,35.766431],[-83.118921,35.76934],[-83.116917,35.770087],[-83.115191,35.770054],[-83.112394,35.770913],[-83.111121,35.770653],[-83.10959,35.771376],[-83.109186,35.77215],[-83.107837,35.77209],[-83.106402,35.773151],[-83.104703,35.773533],[-83.104711,35.774322],[-83.102123,35.775114],[-83.099895,35.774967],[-83.099429,35.775097],[-83.098057,35.775698],[-83.09793,35.775756],[-83.096754,35.776351],[-83.095569,35.777722],[-83.09458,35.7796],[-83.093488,35.779689],[-83.089302,35.781491],[-83.087597,35.783679],[-83.085945,35.784129],[-83.08544,35.785674],[-83.083027,35.787048],[-83.081064,35.787087],[-83.078745,35.789587],[-83.076136,35.789576],[-83.073918,35.790055],[-83.072048,35.78864],[-83.06915,35.788078],[-83.066524,35.787119],[-83.064058,35.786931],[-83.061373,35.787189],[-83.059864,35.787907],[-83.052821,35.789705],[-83.051018,35.788638],[-83.048692,35.787929],[-83.046088,35.785971],[-83.043091,35.785496],[-83.040007,35.786637],[-83.037593,35.786779],[-83.036487,35.787488],[-83.033858,35.786971],[-83.031377,35.785267],[-83.0299,35.78558],[-83.027291,35.784843],[-83.025065,35.783628],[-83.023886,35.78342],[-83.020678,35.780578],[-83.019457,35.780523],[-83.01616,35.782043],[-83.01376,35.781076],[-83.011247,35.778899],[-83.005988,35.778496],[-83.00493,35.777457],[-83.003535,35.776962],[-83.003165,35.775863],[-83.001763,35.774994],[-83.001164,35.773719],[-82.999591,35.773798],[-82.997844,35.773203],[-82.995786,35.773098],[-82.992348,35.773814],[-82.989519,35.775973],[-82.987504,35.776295],[-82.986963,35.776964],[-82.984057,35.778029],[-82.981197,35.780236],[-82.980204,35.781814],[-82.977699,35.783276],[-82.976811,35.784646],[-82.974722,35.786102],[-82.974268,35.787],[-82.971842,35.788193],[-82.969585,35.789691],[-82.966742,35.78986],[-82.964466,35.790424],[-82.963025,35.789994],[-82.961754,35.790959],[-82.961921,35.79224],[-82.962713,35.793363],[-82.962847,35.795469],[-82.961827,35.796871],[-82.962038,35.799382],[-82.961556,35.800824],[-82.959224,35.802719],[-82.957968,35.805567],[-82.956279,35.807758],[-82.95599,35.809284],[-82.953755,35.812612],[-82.953911,35.813807],[-82.952964,35.814634],[-82.951764,35.816608],[-82.949698,35.816335],[-82.948138,35.817969],[-82.948595,35.819339],[-82.946902,35.821984],[-82.946966,35.822935],[-82.94563,35.824615],[-82.943824,35.825586],[-82.938809,35.825901],[-82.937814,35.825316],[-82.936162,35.82541],[-82.934712,35.828986],[-82.93347,35.830307],[-82.934029,35.83235],[-82.932908,35.833468],[-82.933132,35.83517],[-82.93407,35.836662],[-82.931941,35.837526],[-82.927251,35.838607],[-82.920211,35.839385],[-82.919448,35.84073],[-82.91657,35.841486],[-82.917335,35.84437],[-82.918356,35.845377],[-82.919923,35.848295],[-82.919909,35.849528],[-82.920973,35.851282],[-82.919919,35.852045],[-82.919888,35.854119],[-82.920271,35.85615],[-82.91977,35.857604],[-82.918224,35.859493],[-82.920231,35.861098],[-82.921432,35.863105],[-82.921054,35.865372],[-82.920831,35.868178],[-82.918139,35.868798],[-82.914949,35.868694],[-82.912967,35.868288],[-82.910774,35.868573],[-82.906411,35.87025],[-82.905285,35.87122],[-82.901221,35.87268],[-82.899899,35.873988],[-82.899438,35.876183],[-82.896776,35.878257],[-82.896081,35.879544],[-82.896403,35.880499],[-82.898583,35.881264],[-82.903627,35.880458],[-82.905331,35.882697],[-82.906825,35.883908],[-82.906474,35.885776],[-82.902658,35.888946],[-82.902191,35.89117],[-82.901057,35.892483],[-82.902764,35.893995],[-82.902784,35.894912],[-82.904681,35.897017],[-82.905017,35.899555],[-82.905846,35.902195],[-82.906293,35.903034],[-82.907974,35.903952],[-82.908283,35.905011],[-82.90698,35.907577],[-82.908411,35.909259],[-82.908032,35.911314],[-82.909383,35.910896],[-82.910389,35.91254],[-82.913003,35.913639],[-82.914366,35.915232],[-82.911678,35.916666],[-82.912289,35.917877],[-82.911778,35.91999],[-82.91307,35.920388],[-82.913549,35.921671],[-82.913581,35.924341],[-82.916168,35.924144],[-82.919491,35.926095],[-82.920491,35.927341],[-82.919835,35.928886],[-82.91639,35.929023],[-82.91385,35.929654],[-82.912046,35.92956],[-82.911675,35.928572],[-82.910332,35.927401],[-82.907797,35.92706],[-82.906602,35.926412],[-82.904292,35.926153],[-82.90182,35.92696],[-82.901522,35.927877],[-82.900245,35.9283],[-82.900292,35.929327],[-82.899049,35.929613],[-82.899609,35.931316],[-82.899296,35.932426],[-82.900425,35.933206],[-82.900344,35.934294],[-82.901513,35.935031],[-82.901309,35.936414],[-82.901784,35.937852],[-82.899282,35.94302],[-82.898855,35.943917],[-82.898499,35.944609],[-82.898317,35.944967],[-82.895669,35.944628],[-82.892662,35.945003],[-82.890325,35.946614],[-82.889094,35.948246],[-82.887705,35.948714],[-82.885053,35.948804],[-82.883534,35.949519],[-82.879498,35.950247],[-82.878467,35.95012],[-82.876448,35.951484],[-82.874837,35.952031],[-82.874493,35.952768],[-82.870449,35.951701],[-82.869512,35.950504],[-82.867518,35.950441],[-82.866453,35.949527],[-82.864554,35.949055],[-82.860312,35.947452],[-82.85892,35.947906],[-82.856251,35.948032],[-82.853017,35.94882],[-82.85203,35.949329],[-82.850277,35.94853],[-82.849187,35.946928],[-82.847049,35.945915],[-82.846037,35.946169],[-82.844613,35.944312],[-82.844454,35.94196],[-82.841479,35.941901],[-82.839338,35.939464],[-82.838831,35.937447],[-82.83789,35.93703],[-82.835709,35.936952],[-82.833472,35.935598],[-82.832406,35.932813],[-82.830959,35.932589],[-82.829386,35.932924],[-82.828235,35.932541],[-82.827412,35.930942],[-82.825895,35.92967],[-82.82652,35.927739],[-82.823551,35.924859],[-82.822797,35.922862],[-82.821948,35.92183],[-82.820318,35.922031],[-82.819058,35.922916],[-82.815818,35.924025],[-82.815181,35.925484],[-82.812646,35.925483],[-82.810327,35.926985],[-82.808857,35.926849],[-82.805085,35.927137],[-82.802675,35.929571],[-82.803543,35.930993],[-82.804755,35.933986],[-82.80591,35.935688],[-82.806305,35.937377],[-82.803936,35.938772],[-82.803989,35.939947],[-82.802067,35.941328],[-82.799727,35.944661],[-82.796858,35.94639],[-82.794828,35.94673],[-82.793714,35.948261],[-82.792147,35.949583],[-82.791288,35.951034],[-82.789795,35.951778],[-82.788689,35.951481],[-82.78735,35.952496],[-82.786977,35.955924],[-82.78612,35.956834],[-82.785267,35.959331],[-82.785258,35.961953],[-82.784359,35.963452],[-82.782588,35.965148],[-82.77872,35.966399],[-82.77739,35.967738],[-82.776888,35.96965],[-82.776006,35.97135],[-82.775038,35.971971],[-82.776505,35.974058],[-82.778221,35.974664],[-82.780916,35.974126],[-82.782621,35.974858],[-82.78569,35.977841],[-82.784499,35.982374],[-82.785202,35.984228],[-82.785041,35.987096],[-82.785167,35.988685],[-82.782622,35.989815],[-82.780904,35.990898],[-82.780554,35.99179],[-82.779315,35.992205],[-82.778766,35.994716],[-82.778066,35.995862],[-82.778143,35.997083],[-82.777376,35.998638],[-82.77615,35.998678],[-82.77567,36.001068],[-82.774895,36.000795],[-82.772749,36.0006],[-82.771052,36.0015],[-82.766426,36.002669],[-82.76257,36.004844],[-82.759987,36.005073],[-82.758662,36.004111],[-82.754442,36.00439],[-82.75248,36.006219],[-82.750221,36.005981],[-82.750882,36.00869],[-82.749148,36.009726],[-82.74691,36.009552],[-82.745206,36.009783],[-82.743394,36.010828],[-82.742543,36.012361],[-82.740852,36.012005],[-82.739562,36.013165],[-82.739576,36.014709],[-82.7375,36.015331],[-82.734213,36.01531],[-82.731962,36.017515],[-82.730461,36.017598],[-82.728406,36.01833],[-82.725707,36.018089],[-82.72334,36.019194],[-82.719879,36.021575],[-82.716322,36.022509],[-82.715341,36.023554],[-82.715721,36.025625],[-82.715289,36.028537],[-82.712415,36.029071],[-82.710244,36.029885],[-82.70864,36.029721],[-82.704826,36.031743],[-82.701796,36.03265],[-82.701228,36.034359],[-82.697954,36.034409],[-82.697224,36.035783],[-82.689586,36.038157],[-82.687557,36.039723],[-82.685606,36.042114],[-82.684879,36.04485],[-82.684073,36.045795],[-82.681455,36.046311],[-82.679392,36.048251],[-82.678532,36.048603],[-82.674851,36.048833],[-82.673106,36.050097],[-82.672653,36.051344],[-82.671225,36.052009],[-82.670406,36.053009],[-82.666684,36.052926],[-82.664654,36.054129],[-82.66033,36.055991],[-82.659268,36.057117],[-82.656554,36.056381],[-82.654944,36.056281],[-82.651533,36.057368],[-82.647154,36.059883],[-82.646524,36.060768],[-82.643904,36.06263],[-82.640994,36.063662],[-82.63723,36.06582],[-82.632608,36.065911],[-82.632332,36.064307],[-82.626433,36.060744],[-82.625168,36.060386],[-82.623184,36.058749],[-82.622614,36.057705],[-82.619968,36.057333],[-82.617954,36.05591],[-82.617042,36.053768],[-82.61786,36.052037],[-82.617986,36.049087],[-82.618546,36.047147],[-82.616192,36.046845],[-82.615115,36.046313],[-82.613478,36.046594],[-82.611075,36.044986],[-82.609582,36.044895],[-82.608163,36.044013],[-82.607325,36.042569],[-82.605524,36.040723],[-82.60298,36.039677],[-82.601674,36.038225],[-82.601659,36.036054],[-82.596771,36.03677],[-82.593209,36.036207],[-82.591447,36.035568],[-82.590725,36.033305],[-82.590995,36.031574],[-82.594898,36.029643],[-82.598299,36.027445],[-82.599982,36.025598],[-82.602923,36.023371],[-82.603741,36.021514],[-82.602812,36.017931],[-82.607552,36.015951],[-82.608187,36.015055],[-82.608537,36.012742],[-82.609414,36.010867],[-82.608452,36.010645],[-82.606876,36.01043],[-82.607292,36.009907],[-82.607792,36.009709],[-82.608062,36.009384],[-82.608587,36.008286],[-82.608843,36.008035],[-82.609435,36.007775],[-82.609887,36.007392],[-82.610549,36.007268],[-82.61107,36.006702],[-82.611857,36.006293],[-82.612328,36.005324],[-82.612917,36.004765],[-82.613825,36.004917],[-82.614125,36.004354],[-82.614418,36.003033],[-82.614928,36.002046],[-82.615177,36.000826],[-82.615059,36.000103],[-82.614729,35.999073],[-82.613707,35.997183],[-82.613554,35.996727],[-82.612998,35.995631],[-82.612871,35.99507],[-82.612897,35.993606],[-82.612627,35.993458],[-82.611471,35.993203],[-82.609645,35.992917],[-82.60853,35.992637],[-82.607128,35.99236],[-82.606694,35.991875],[-82.606517,35.991326],[-82.605808,35.990168],[-82.605536,35.989514],[-82.604631,35.988034],[-82.604413,35.987463],[-82.604667,35.986672],[-82.605083,35.986127],[-82.605961,35.985474],[-82.60639,35.98501],[-82.607002,35.983959],[-82.607836,35.981348],[-82.607994,35.980124],[-82.608301,35.979279],[-82.60902,35.978514],[-82.609256,35.97803],[-82.609286,35.977186],[-82.609412,35.976769],[-82.610447,35.97527],[-82.610939,35.97438],[-82.611325,35.973098],[-82.611261,35.972507],[-82.611522,35.971245],[-82.611457,35.970006],[-82.610779,35.968252],[-82.610703,35.967203],[-82.610117,35.966995],[-82.609145,35.966947],[-82.608667,35.96683],[-82.608038,35.96602],[-82.607518,35.965948],[-82.606513,35.966394],[-82.605846,35.966511],[-82.604831,35.966514],[-82.603593,35.966123],[-82.601989,35.965239],[-82.600709,35.964705],[-82.600106,35.964594],[-82.599254,35.96476],[-82.598237,35.96507],[-82.596696,35.965094],[-82.595344,35.965393],[-82.594306,35.965757],[-82.592376,35.966262],[-82.59182,35.966291],[-82.590042,35.965954],[-82.589509,35.965727],[-82.588642,35.965561],[-82.587134,35.965621],[-82.586162,35.965591],[-82.583834,35.965268],[-82.58241,35.965229],[-82.581549,35.965302],[-82.580462,35.965248],[-82.579068,35.964685],[-82.577958,35.964448],[-82.577798,35.964334],[-82.577327,35.963479],[-82.577096,35.962602],[-82.576817,35.960965],[-82.576813,35.959908],[-82.576685,35.959286],[-82.576384,35.958843],[-82.57549,35.958505],[-82.573009,35.957917],[-82.571774,35.957887],[-82.570218,35.957568],[-82.569554,35.957231],[-82.569067,35.956837],[-82.568201,35.955833],[-82.567524,35.955557],[-82.565519,35.955199],[-82.565059,35.955281],[-82.564481,35.955609],[-82.563641,35.955573],[-82.562073,35.954894],[-82.561274,35.9548],[-82.560478,35.954835],[-82.560349,35.954796],[-82.56021,35.954753],[-82.558587,35.95389],[-82.556493,35.955703],[-82.554771,35.958127],[-82.553686,35.959042],[-82.552871,35.960517],[-82.550333,35.962446],[-82.549975,35.96384],[-82.544716,35.965433],[-82.543113,35.967361],[-82.539726,35.969085],[-82.536728,35.969329],[-82.534047,35.97029],[-82.530963,35.972136],[-82.527063,35.972254],[-82.525105,35.971046],[-82.522904,35.971976],[-82.522121,35.974012],[-82.517233,35.975769],[-82.515717,35.9759],[-82.513187,35.9753],[-82.512849,35.975301],[-82.512642,35.975336],[-82.512512,35.975395],[-82.512348,35.975524],[-82.512251,35.975604],[-82.512176,35.975681],[-82.512109,35.975768],[-82.512055,35.975856],[-82.511999,35.976044],[-82.511897,35.976191],[-82.511763,35.976371],[-82.511624,35.976566],[-82.509268,35.977467],[-82.505184,35.977547],[-82.504018,35.979149],[-82.503809,35.981185],[-82.503235,35.982202],[-82.500795,35.982103],[-82.497846,35.984354],[-82.496367,35.985047],[-82.492369,35.988208],[-82.49103,35.989048],[-82.490221,35.989714],[-82.489268,35.990663],[-82.488652,35.991042],[-82.486626,35.991915],[-82.48417,35.993301],[-82.483782,35.993865],[-82.483809,35.994943],[-82.483703,35.99555],[-82.48319,35.996432],[-82.482284,35.997396],[-82.481591,35.998029],[-82.480922,35.998375],[-82.48014,35.998582],[-82.479298,35.998616],[-82.476929,35.998335],[-82.476026,35.998183],[-82.475748,35.998403],[-82.474575,35.999683],[-82.47408,36.000091],[-82.472861,36.000912],[-82.471915,36.001429],[-82.470793,36.0026],[-82.470245,36.002979],[-82.469448,36.003276],[-82.468568,36.003491],[-82.467703,36.004365],[-82.466824,36.004986],[-82.463951,36.006536],[-82.462595,36.007151],[-82.460975,36.007697],[-82.460583,36.007724],[-82.459161,36.009832],[-82.458048,36.011555],[-82.452641,36.019464],[-82.45024,36.02307],[-82.447635,36.02702],[-82.443415,36.033218],[-82.440984,36.036789],[-82.439803,36.038553],[-82.436759,36.043133],[-82.432737,36.049061],[-82.422234,36.064632],[-82.416999,36.072446],[-82.416911,36.072577],[-82.416738,36.072827],[-82.416601,36.073029],[-82.410197,36.082552],[-82.406785,36.084815],[-82.40566,36.086447],[-82.403345,36.088057],[-82.40239,36.089238],[-82.400074,36.090089],[-82.398118,36.09032],[-82.397372,36.091726],[-82.395299,36.093105],[-82.394332,36.093247],[-82.391277,36.09523],[-82.389218,36.097097],[-82.38422,36.098777],[-82.383109,36.09937],[-82.380475,36.099347],[-82.379791,36.100094],[-82.378726,36.103253],[-82.376559,36.104335],[-82.375955,36.105323],[-82.374014,36.106194],[-82.372103,36.106091],[-82.369031,36.107335],[-82.366729,36.10765],[-82.366624,36.107671],[-82.366597,36.107676],[-82.366256,36.107628],[-82.366073,36.107603],[-82.365717,36.107526],[-82.365361,36.107449],[-82.365123,36.107419],[-82.364928,36.107421],[-82.364836,36.107429],[-82.363563,36.109395],[-82.362007,36.10969],[-82.361013,36.110632],[-82.360209,36.111662],[-82.356411,36.114067],[-82.355684,36.115139],[-82.353626,36.115745],[-82.352761,36.116452],[-82.350203,36.117036],[-82.34837,36.115489],[-82.346875,36.115119],[-82.343779,36.115533],[-82.338679,36.114775],[-82.336487,36.114623],[-82.333456,36.116077],[-82.33154,36.117502],[-82.329291,36.117447],[-82.327533,36.117925],[-82.32577,36.119005],[-82.323392,36.120181],[-82.320684,36.119677],[-82.316208,36.121934],[-82.314482,36.123896],[-82.309574,36.126091],[-82.308259,36.126959],[-82.307304,36.128404],[-82.302481,36.131465],[-82.298179,36.13302],[-82.296614,36.133778],[-82.294609,36.133932],[-82.291222,36.135255],[-82.288572,36.135727],[-82.287083,36.134705],[-82.2835,36.13166],[-82.281637,36.130605],[-82.280635,36.129478],[-82.278793,36.128681],[-82.273448,36.129317],[-82.271572,36.128657],[-82.269737,36.127415],[-82.267847,36.127513],[-82.266161,36.126957],[-82.263925,36.127297],[-82.263267,36.129891],[-82.261192,36.131802],[-82.260304,36.133533],[-82.256435,36.134977],[-82.254328,36.136058],[-82.251268,36.132155],[-82.249365,36.132444],[-82.245388,36.131199],[-82.243472,36.133008],[-82.243358,36.134382],[-82.242701,36.134915],[-82.241992,36.137031],[-82.24061,36.137257],[-82.235646,36.14076],[-82.235328,36.14175],[-82.233542,36.142208],[-82.23318,36.143079],[-82.231292,36.144351],[-82.229537,36.144588],[-82.228102,36.147259],[-82.2263,36.148342],[-82.224106,36.151261],[-82.22339,36.153806],[-82.222218,36.155213],[-82.222064,36.15696],[-82.219982,36.156714],[-82.217977,36.157198],[-82.215782,36.158474],[-82.213898,36.159041],[-82.211892,36.158997],[-82.209696,36.15825],[-82.207988,36.157229],[-82.204581,36.157355],[-82.201733,36.156384],[-82.200554,36.155049],[-82.199442,36.152735],[-82.196684,36.15156],[-82.195667,36.150191],[-82.192557,36.148994],[-82.191012,36.149912],[-82.187956,36.151028],[-82.186237,36.147533],[-82.184988,36.145286],[-82.183518,36.143829],[-82.181566,36.143791],[-82.179066,36.143291],[-82.177217,36.142373],[-82.17513,36.14384],[-82.174452,36.145242],[-82.172934,36.1465],[-82.16834,36.146664],[-82.166206,36.144983],[-82.164702,36.145939],[-82.161015,36.146839],[-82.159283,36.145893],[-82.157255,36.147531],[-82.155744,36.148273],[-82.153121,36.14819],[-82.14852,36.1497],[-82.147959,36.147645],[-82.146408,36.145815],[-82.144362,36.143951],[-82.144675,36.142588],[-82.144452,36.140406],[-82.141268,36.138971],[-82.14101,36.136667],[-82.138305,36.130985],[-82.136987,36.129039],[-82.136826,36.123057],[-82.137856,36.11951],[-82.135995,36.116534],[-82.134918,36.114265],[-82.132602,36.11115],[-82.130943,36.107369],[-82.13062,36.104959],[-82.128399,36.104013],[-82.126965,36.10441],[-82.124321,36.104309],[-82.119633,36.104707],[-82.116352,36.104301],[-82.112473,36.105585],[-82.110468,36.106704],[-82.108516,36.107497],[-82.105418,36.107837],[-82.103013,36.106535],[-82.10031,36.105671],[-82.097628,36.105658],[-82.094246,36.10605],[-82.088035,36.106165],[-82.086532,36.106002],[-82.081079,36.10317],[-82.080688,36.105601],[-82.080028,36.106433],[-82.075196,36.108308],[-82.071675,36.109141],[-82.069591,36.110808],[-82.066977,36.112252],[-82.062051,36.112923],[-82.061163,36.114002],[-82.059907,36.116758],[-82.057222,36.119811],[-82.056577,36.120949],[-82.056714,36.123224],[-82.056113,36.124956],[-82.054012,36.126674],[-82.051559,36.125938],[-82.044755,36.125556],[-82.041564,36.123996],[-82.039135,36.121684],[-82.037315,36.121022],[-82.033839,36.120475],[-82.030067,36.123393],[-82.028745,36.125129],[-82.026995,36.128446],[-82.026901,36.130154],[-82.016903,36.144661],[-82.002953,36.164766],[-81.999308,36.170162],[-81.992525,36.180047],[-81.989599,36.184387],[-81.986255,36.189313],[-81.976863,36.20325],[-81.975957,36.204591],[-81.970704,36.21231],[-81.965997,36.219283],[-81.962216,36.224949],[-81.957947,36.230861],[-81.956368,36.233033],[-81.949159,36.242886],[-81.941035,36.253386],[-81.939008,36.256033],[-81.933065,36.264873],[-81.920779,36.283175],[-81.908167,36.301966],[-81.906765,36.302246],[-81.90642,36.303047],[-81.903819,36.303853],[-81.902783,36.305166],[-81.900384,36.306004],[-81.89967,36.306736],[-81.896823,36.307456],[-81.895046,36.307149],[-81.891902,36.308361],[-81.88746,36.309164],[-81.885729,36.310216],[-81.884203,36.312015],[-81.882065,36.313079],[-81.879676,36.313707],[-81.878307,36.314944],[-81.876855,36.315641],[-81.875272,36.318263],[-81.870569,36.322733],[-81.868693,36.324112],[-81.866549,36.326346],[-81.865509,36.329193],[-81.862982,36.330212],[-81.862575,36.33042],[-81.860808,36.332119],[-81.859044,36.332909],[-81.854888,36.337209],[-81.853553,36.336437],[-81.851911,36.337012],[-81.851268,36.337774],[-81.849147,36.338975],[-81.848159,36.338909],[-81.846796,36.339994],[-81.844955,36.340838],[-81.841191,36.343353],[-81.834854,36.346055],[-81.833311,36.347181],[-81.831481,36.347262],[-81.825923,36.348903],[-81.824232,36.348617],[-81.820489,36.349254],[-81.818439,36.35046],[-81.814621,36.351352],[-81.811891,36.35151],[-81.809779,36.352221],[-81.808812,36.353677],[-81.804295,36.355549],[-81.803171,36.35543],[-81.801657,36.356558],[-81.800823,36.358051],[-81.797474,36.358465],[-81.796327,36.359575],[-81.795096,36.361797],[-81.793085,36.362408],[-81.793654,36.361024],[-81.793588,36.358958],[-81.791793,36.356061],[-81.790938,36.355886],[-81.790644,36.353827],[-81.791019,36.352026],[-81.790137,36.348848],[-81.789545,36.348214],[-81.788171,36.348253],[-81.78596,36.347476],[-81.783403,36.347753],[-81.782567,36.347524],[-81.780275,36.347881],[-81.778975,36.348574],[-81.776236,36.346553],[-81.774468,36.344153],[-81.773259,36.343352],[-81.771672,36.343511],[-81.770467,36.34255],[-81.769313,36.342503],[-81.768927,36.340975],[-81.765596,36.339302],[-81.764954,36.338722],[-81.763164,36.339754],[-81.761132,36.340254],[-81.757713,36.339666],[-81.755576,36.338331],[-81.75447,36.336999],[-81.752117,36.337085],[-81.750454,36.337812],[-81.74785,36.337392],[-81.744275,36.337854],[-81.740372,36.339482],[-81.73937,36.339923],[-81.738302,36.34126],[-81.736205,36.342905],[-81.731205,36.341342],[-81.727974,36.341431],[-81.724985,36.340177],[-81.723363,36.338911],[-81.720723,36.338455],[-81.71861,36.336154],[-81.713609,36.336087],[-81.709792,36.335272],[-81.707475,36.335225],[-81.707166,36.336854],[-81.705878,36.338901],[-81.705313,36.341773],[-81.706368,36.344048],[-81.708035,36.346203],[-81.708105,36.346251],[-81.708242,36.346333],[-81.70846,36.346425],[-81.708837,36.346478],[-81.709215,36.346531],[-81.709567,36.346556],[-81.709918,36.346581],[-81.710015,36.346588],[-81.712399,36.346716],[-81.712617,36.34672],[-81.715096,36.346984],[-81.717754,36.34804],[-81.719081,36.349005],[-81.722133,36.352086],[-81.723018,36.354493],[-81.723767,36.355428],[-81.724373,36.357695],[-81.722508,36.358783],[-81.722883,36.361237],[-81.724021,36.362994],[-81.725141,36.363602],[-81.727116,36.365586],[-81.726773,36.366504],[-81.726066,36.368785],[-81.727179,36.370174],[-81.728998,36.371416],[-81.729203,36.373663],[-81.730827,36.37368],[-81.731953,36.376706],[-81.733042,36.378568],[-81.734681,36.379848],[-81.733438,36.382283],[-81.730972,36.382938],[-81.729539,36.385357],[-81.730594,36.387406],[-81.73014,36.389648],[-81.72889,36.390825],[-81.729659,36.39305],[-81.731958,36.394929],[-81.73452,36.394329],[-81.738477,36.394827],[-81.739368,36.395591],[-81.738955,36.398619],[-81.738256,36.400576],[-81.738474,36.401297],[-81.741031,36.402102],[-81.741447,36.403641],[-81.740415,36.405081],[-81.740885,36.406966],[-81.740022,36.408302],[-81.741928,36.411148],[-81.741596,36.412587],[-81.73766,36.413518],[-81.735905,36.412364],[-81.734457,36.412557],[-81.734335,36.413557],[-81.733337,36.414833],[-81.731636,36.414817],[-81.729719,36.415653],[-81.729177,36.417373],[-81.727796,36.417951],[-81.727152,36.419869],[-81.726002,36.419743],[-81.724303,36.420353],[-81.723549,36.422337],[-81.722495,36.421958],[-81.720876,36.42247],[-81.720153,36.42393],[-81.71928,36.425378],[-81.718003,36.428829],[-81.718099,36.430571],[-81.721317,36.4339],[-81.719937,36.434758],[-81.718216,36.435044],[-81.715204,36.436704],[-81.714796,36.437414],[-81.715708,36.438463],[-81.714519,36.440985],[-81.714839,36.441964],[-81.717329,36.443787],[-81.717751,36.44515],[-81.715983,36.4457],[-81.713787,36.447173],[-81.714362,36.450843],[-81.715392,36.451257],[-81.715062,36.453358],[-81.71515,36.45474],[-81.716688,36.45614],[-81.71543,36.457636],[-81.712308,36.458807],[-81.711321,36.458752],[-81.709464,36.459588],[-81.708377,36.462088],[-81.705465,36.462716],[-81.701267,36.464161],[-81.699001,36.464068],[-81.69688,36.46603],[-81.695177,36.467625],[-81.696131,36.46936],[-81.694608,36.473372],[-81.69486,36.474487],[-81.69635,36.475537],[-81.696521,36.478345],[-81.695922,36.48029],[-81.697352,36.483516],[-81.697308,36.484886],[-81.697725,36.486473],[-81.697783,36.489503],[-81.695949,36.491619],[-81.696137,36.492034],[-81.697095,36.494088],[-81.697229,36.496039],[-81.697728,36.496984],[-81.700111,36.498203],[-81.700206,36.499682],[-81.699394,36.500936],[-81.698737,36.501452],[-81.69758,36.501952],[-81.697417,36.502502],[-81.697764,36.503211],[-81.697901,36.503815],[-81.697742,36.503977],[-81.696992,36.504788],[-81.697132,36.506035],[-81.698405,36.506524],[-81.698077,36.50721],[-81.698336,36.509681],[-81.69927,36.511129],[-81.699496,36.512481],[-81.70034,36.513448],[-81.700224,36.514641],[-81.701546,36.516454],[-81.701539,36.518043],[-81.70297,36.521141],[-81.708097,36.524148],[-81.70731,36.52823],[-81.708442,36.532203],[-81.707878,36.536006],[-81.705046,36.536481],[-81.701027,36.536452],[-81.699795,36.536727],[-81.699999,36.539711],[-81.699026,36.541865],[-81.69731,36.544701],[-81.696233,36.545615],[-81.694233,36.547596],[-81.694198,36.547614],[-81.694048,36.547713],[-81.693898,36.547856],[-81.69379,36.547977],[-81.69377,36.548054],[-81.693783,36.548175],[-81.69383,36.548306],[-81.694069,36.549197],[-81.693429,36.550867],[-81.690207,36.551878],[-81.690998,36.554395],[-81.690937,36.555995],[-81.690303,36.557396],[-81.690535,36.558572],[-81.689548,36.561441],[-81.691183,36.563622],[-81.691067,36.56488],[-81.691878,36.565941],[-81.691416,36.567551],[-81.690128,36.568722],[-81.686258,36.56798],[-81.684371,36.568486],[-81.680072,36.568672],[-81.677306,36.570496],[-81.677013,36.572365],[-81.677613,36.573233],[-81.677306,36.574349],[-81.678771,36.5773],[-81.679186,36.578773],[-81.677109,36.58091],[-81.678386,36.582102],[-81.680011,36.585818],[-81.67749,36.588137],[-81.672442,36.592018],[-81.6469,36.611918],[-81.688189,36.612164],[-81.692986,36.612091],[-81.703916,36.612254],[-81.715644,36.612317],[-81.736895,36.612379],[-81.754568,36.612687],[-81.770529,36.612922],[-81.803951,36.613669],[-81.80441,36.613681],[-81.826742,36.614215],[-81.826642,36.614415],[-81.844842,36.614715],[-81.844842,36.614815],[-81.864969,36.615116],[-81.874843,36.615264],[-81.891389,36.615609],[-81.91004,36.615971],[-81.913205,36.616047],[-81.920098,36.616168],[-81.922644,36.616213],[-81.925754,36.610265],[-81.926371,36.609084],[-81.929496,36.603108],[-81.93072,36.60079],[-81.934144,36.594213],[-81.962465,36.594321],[-81.964934,36.594328],[-81.968287,36.594338],[-81.96996,36.594343],[-81.978658,36.594381],[-81.983791,36.594399],[-81.999018,36.594459],[-82.005657,36.594416],[-82.014228,36.594491],[-82.015642,36.594461],[-82.016321,36.59418],[-82.019365,36.594456],[-82.029095,36.594443],[-82.032058,36.594432],[-82.040257,36.594413],[-82.046794,36.594403],[-82.053649,36.594435],[-82.06454,36.594589],[-82.083407,36.594678],[-82.087375,36.594685],[-82.097648,36.594739],[-82.102171,36.594762],[-82.107743,36.594711],[-82.110791,36.594647],[-82.11238,36.594621],[-82.112767,36.594615],[-82.113398,36.594605],[-82.117837,36.594563],[-82.12458,36.594513],[-82.125665,36.594682],[-82.127731,36.594775],[-82.130707,36.594782],[-82.132726,36.594762],[-82.138535,36.594744],[-82.139917,36.594742],[-82.143045,36.594733],[-82.14985,36.594746],[-82.151211,36.59469],[-82.153634,36.594742],[-82.157427,36.594681],[-82.15845,36.594662],[-82.159462,36.594647],[-82.159667,36.594643],[-82.160237,36.594633],[-82.160282,36.594632],[-82.160488,36.594629],[-82.160653,36.594626],[-82.161148,36.594619],[-82.161314,36.594618],[-82.162116,36.594608],[-82.167133,36.594585],[-82.169912,36.594596],[-82.171213,36.594601],[-82.173854,36.594612],[-82.177404,36.594828],[-82.17915,36.594879],[-82.180083,36.594905],[-82.18082,36.594927],[-82.180957,36.594932],[-82.181875,36.594968],[-82.182284,36.594978],[-82.183348,36.595005],[-82.185139,36.595062],[-82.186424,36.595089],[-82.1877,36.595109],[-82.188674,36.595143],[-82.188819,36.595147],[-82.18974,36.595173],[-82.19158,36.595221],[-82.194676,36.595311],[-82.197118,36.595378],[-82.198115,36.595402],[-82.199124,36.595431],[-82.199715,36.595452],[-82.200745,36.59548],[-82.201814,36.595508],[-82.206723,36.595634],[-82.20785,36.595663],[-82.208996,36.595695],[-82.210431,36.595762],[-82.210716,36.595776],[-82.214276,36.595846],[-82.217537,36.595828],[-82.218359,36.595828],[-82.221797,36.595809],[-82.22405,36.595727],[-82.225875,36.595744],[-82.229342,36.595682],[-82.229767,36.595681],[-82.234437,36.595673],[-82.235065,36.595671],[-82.242063,36.595659],[-82.243382,36.595651],[-82.24409,36.595646],[-82.253669,36.595575],[-82.262139,36.595645],[-82.26582,36.59564],[-82.272647,36.595648],[-82.286003,36.595687],[-82.292807,36.595697],[-82.293814,36.595699],[-82.309721,36.595611],[-82.311111,36.595609],[-82.326477,36.595475],[-82.35625,36.595171],[-82.368468,36.595015],[-82.386909,36.595016],[-82.40038,36.595003],[-82.406018,36.595012],[-82.416443,36.595015],[-82.421989,36.595011],[-82.44187,36.594892],[-82.442856,36.594878],[-82.450763,36.594764],[-82.457822,36.594635],[-82.46564,36.594482],[-82.471864,36.594841],[-82.478673,36.595588],[-82.486994,36.595822],[-82.489568,36.595701],[-82.491658,36.595631],[-82.493818,36.595585],[-82.502429,36.595459],[-82.517271,36.595391],[-82.520722,36.595316],[-82.53483,36.595165],[-82.545583,36.594999],[-82.549173,36.594948],[-82.554001,36.594779],[-82.560432,36.594791],[-82.561265,36.594657],[-82.562182,36.594798],[-82.56428,36.594755],[-82.56769,36.594688],[-82.571746,36.5946],[-82.572134,36.594599],[-82.57386,36.594571],[-82.578147,36.5945],[-82.585952,36.594376],[-82.587832,36.594375],[-82.593406,36.594267],[-82.60906,36.594099],[-82.609176,36.594099],[-82.609476,36.59401],[-82.609489,36.594011],[-82.609507,36.594013],[-82.609543,36.594017],[-82.609599,36.594023],[-82.618636,36.59398],[-82.622603,36.593797],[-82.630501,36.593798],[-82.6327,36.593799],[-82.650857,36.593799],[-82.66206,36.593758],[-82.663491,36.593644],[-82.671021,36.593718],[-82.688143,36.593731],[-82.699545,36.593697],[-82.739682,36.593598],[-82.764519,36.593748],[-82.7796,36.593743],[-82.780539,36.593739],[-82.784857,36.593751],[-82.796805,36.593746],[-82.810051,36.593714],[-82.811862,36.593704],[-82.830433,36.593761],[-82.85227,36.593698],[-82.852315,36.593698],[-82.874899,36.593497],[-82.888924,36.593468],[-82.889199,36.593469],[-82.890113,36.593475],[-82.909617,36.59361],[-82.91369,36.59363],[-82.929602,36.593679],[-82.92977,36.59367],[-82.961741,36.593778],[-82.98499,36.593729],[-82.991959,36.593715],[-82.992282,36.593715],[-83.005327,36.593851],[-83.013169,36.593868],[-83.066846,36.593971],[-83.070916,36.59398],[-83.075828,36.593988],[-83.101524,36.594039],[-83.124893,36.594089],[-83.13949,36.594032],[-83.144667,36.594012],[-83.174533,36.593895],[-83.211582,36.593912],[-83.21481,36.593915],[-83.22299,36.59392],[-83.225444,36.593918],[-83.241366,36.593926],[-83.248933,36.593827],[-83.252629,36.593925],[-83.261099,36.593887],[-83.2763,36.598187],[-83.282305,36.598141],[-83.307953,36.597955],[-83.311186,36.597931],[-83.324965,36.59783],[-83.346457,36.597644],[-83.346786,36.597641],[-83.346916,36.59764],[-83.356528,36.597553],[-83.37565,36.597386],[-83.383873,36.597386],[-83.405614,36.597385],[-83.426611,36.597364],[-83.455508,36.597313],[-83.472108,36.597284],[-83.483176,36.597264],[-83.488813,36.597253],[-83.505619,36.597249],[-83.522593,36.597295],[-83.544642,36.597353],[-83.551688,36.59737],[-83.56182,36.597431],[-83.574311,36.597552],[-83.583143,36.597631],[-83.592189,36.597725],[-83.595217,36.597757],[-83.609246,36.597895],[-83.622051,36.597982],[-83.625543,36.598395],[-83.641775,36.59969],[-83.645586,36.600002],[-83.649722,36.600119],[-83.655402,36.600281],[-83.655641,36.600287],[-83.66037,36.600402],[-83.661674,36.600413],[-83.661843,36.600414],[-83.661989,36.600417],[-83.668302,36.600746],[-83.670128,36.600764],[-83.673063,36.600796],[-83.675395,36.600784],[-83.676083,36.598167],[-83.676218,36.597933],[-83.678439,36.595916],[-83.67966,36.594172],[-83.68266,36.593109],[-83.683081,36.591974],[-83.685074,36.590099],[-83.685196,36.589528],[-83.688047,36.586674],[-83.688998,36.584581],[-83.690789,36.582596],[-83.713755,36.58288],[-83.717362,36.582925],[-83.750123,36.583329],[-83.76487,36.58351],[-83.780033,36.583769],[-83.783461,36.583836],[-83.784369,36.583855],[-83.790709,36.583977],[-83.79741,36.584119],[-83.798145,36.584136],[-83.812413,36.584474],[-83.874034,36.585934],[-83.896531,36.586631],[-83.897581,36.586664],[-83.899377,36.586721],[-83.899676,36.586731],[-83.900174,36.586744],[-83.900275,36.586747],[-83.906705,36.586946],[-83.910903,36.587075],[-83.950337,36.588304],[-83.957125,36.588517],[-83.970498,36.588934],[-83.987615,36.589471],[-83.987022,36.588432],[-83.985933,36.588449],[-83.982492,36.585315],[-83.982184,36.583509],[-83.983958,36.580012],[-83.98474,36.574898],[-83.984518,36.572658],[-83.983408,36.57029],[-83.984001,36.568754],[-83.983487,36.565912],[-83.983865,36.564415],[-83.984272,36.563264],[-83.984636,36.561235],[-83.984634,36.560482],[-83.984087,36.560163],[-83.984327,36.560102],[-83.981807,36.558454],[-83.98113,36.556838],[-83.978011,36.555597],[-83.978567,36.554361],[-83.977986,36.553446],[-83.978226,36.552453],[-83.979237,36.551774],[-83.979979,36.550353],[-83.976207,36.541971],[-83.974451,36.538356],[-83.960806,36.508887],[-83.960528,36.508311],[-83.95696,36.501555],[-83.95617,36.500079],[-83.943139,36.473564],[-83.936421,36.460121],[-83.930291,36.459959],[-83.929919,36.455579],[-83.932212,36.455149],[-83.932176,36.454014],[-83.933319,36.453279],[-83.931896,36.450108],[-83.931186,36.448529],[-83.930191,36.446314],[-83.929627,36.445069],[-83.928307,36.445429],[-83.92751,36.443641],[-83.926743,36.442252],[-83.927673,36.441132],[-83.924085,36.436857],[-83.922321,36.43208],[-83.92207,36.429359],[-83.922618,36.427779],[-83.920218,36.428479],[-83.919718,36.427779],[-83.918218,36.428179],[-83.917418,36.427079],[-83.916218,36.427679],[-83.915318,36.426779],[-83.913618,36.426879],[-83.913518,36.426279],[-83.911418,36.426279],[-83.910118,36.426879],[-83.907318,36.429079],[-83.902918,36.427479],[-83.901139,36.425622],[-83.900869,36.425253],[-83.899796,36.42315],[-83.900781,36.421436],[-83.90271,36.420573],[-83.905174,36.420521],[-83.905638,36.419979],[-83.908355,36.419759],[-83.903317,36.418279],[-83.903917,36.417079],[-83.905817,36.413279],[-83.910819,36.413378],[-83.906427,36.410342],[-83.905405,36.408939],[-83.902717,36.405379],[-83.904117,36.404879],[-83.905317,36.401479],[-83.906556,36.399738],[-83.907217,36.399079],[-83.912317,36.395579],[-83.915017,36.393979],[-83.916817,36.391979],[-83.921217,36.387879],[-83.924217,36.387279],[-83.925817,36.387879],[-83.931518,36.393178],[-83.934018,36.394178],[-83.939018,36.394278],[-83.941118,36.395178],[-83.943318,36.397378],[-83.944918,36.398378],[-83.947718,36.398978],[-83.950019,36.401078],[-83.950919,36.401278],[-83.952419,36.399978],[-83.953119,36.397878],[-83.955619,36.393278],[-83.956118,36.391578],[-83.955918,36.389778],[-83.954908,36.387623],[-83.953618,36.384978],[-83.953618,36.384178],[-83.956513,36.381148],[-83.956918,36.380978],[-83.958318,36.379978],[-83.958218,36.378578],[-83.957418,36.377678],[-83.956418,36.377178],[-83.955018,36.376778],[-83.953318,36.375778],[-83.952818,36.375078],[-83.952918,36.374978],[-83.952118,36.374178],[-83.951318,36.372578],[-83.950918,36.372078],[-83.950218,36.370778],[-83.949918,36.369978],[-83.949918,36.368978],[-83.950418,36.367778],[-83.951418,36.365878],[-83.952118,36.364878],[-83.953418,36.363678],[-83.954318,36.363078],[-83.955518,36.362478],[-83.957618,36.361678],[-83.959218,36.361278],[-83.960718,36.361078],[-83.962218,36.361378],[-83.963218,36.362278],[-83.963418,36.362778],[-83.964618,36.362412],[-83.965118,36.361578],[-83.964418,36.360678],[-83.964718,36.359178],[-83.962518,36.358078],[-83.960518,36.358778],[-83.957718,36.359178],[-83.956844,36.358604],[-83.956518,36.357778],[-83.957618,36.357078],[-83.960018,36.356378],[-83.965566,36.355214],[-83.968318,36.354778],[-83.968418,36.354578],[-83.963618,36.348878],[-83.962318,36.347978],[-83.961918,36.347478],[-83.961717,36.346778],[-83.961817,36.345978],[-83.962017,36.345378],[-83.962617,36.344678],[-83.963117,36.344478],[-83.964117,36.344678],[-83.966018,36.345578],[-83.968018,36.345978],[-83.968818,36.346278],[-83.969818,36.346478],[-83.971418,36.342578],[-83.971185,36.341165],[-83.969917,36.333363],[-83.971623,36.328601],[-83.972817,36.312378],[-83.974517,36.311178],[-83.973117,36.308678],[-83.974317,36.308578],[-83.974017,36.306378],[-83.977917,36.305678],[-83.977552,36.304648],[-83.976217,36.300878],[-83.974017,36.298278],[-83.97743,36.29596],[-83.979317,36.294678],[-83.978417,36.293578],[-83.979717,36.292678],[-83.979117,36.292078],[-83.980817,36.290478],[-83.983117,36.289178],[-83.981917,36.286078],[-83.981016,36.284978],[-83.983817,36.285478],[-83.985053,36.282876],[-83.985717,36.281478],[-83.988817,36.282978],[-83.992717,36.283678],[-83.995017,36.283478],[-83.997617,36.282678],[-83.999328,36.281382],[-83.999917,36.277738],[-84.000264,36.276892],[-84.000218,36.273483],[-84.00072,36.271647],[-84.002114,36.270621],[-84.004317,36.270378],[-84.005156,36.269339],[-84.007298,36.270304],[-84.009753,36.27031],[-84.006517,36.266578],[-84.00638,36.265441],[-84.00381,36.263169],[-84.002327,36.261202],[-84.000816,36.259177],[-83.999075,36.258572],[-83.997909,36.255399],[-83.996405,36.253228],[-83.997503,36.251837],[-83.998745,36.25237],[-83.997826,36.249873],[-83.993016,36.245678],[-83.994216,36.244778],[-83.992998,36.243173],[-83.991414,36.241084],[-83.990256,36.239557],[-83.988805,36.237646],[-83.988184,36.236832],[-83.987628,36.236095],[-83.977582,36.227324],[-83.975711,36.223668],[-83.972375,36.216808],[-83.96965,36.211183],[-83.969283,36.210433],[-83.96914,36.210105],[-83.960546,36.201709],[-83.950041,36.193935],[-83.947301,36.191929],[-83.946499,36.191341],[-83.941852,36.186525],[-83.941711,36.186378],[-83.939575,36.184183],[-83.937587,36.182139],[-83.934763,36.179237],[-83.927437,36.173198],[-83.927203,36.173037],[-83.926842,36.172806],[-83.925946,36.172019],[-83.922712,36.169381],[-83.917569,36.169365],[-83.917522,36.169333],[-83.916834,36.169244],[-83.90885,36.169061],[-83.906256,36.169005],[-83.906108,36.169013],[-83.906942,36.167697],[-83.907264,36.167264],[-83.906239,36.165814],[-83.905909,36.165352],[-83.907671,36.163853],[-83.909007,36.164244],[-83.90973,36.162688],[-83.906545,36.162006],[-83.905169,36.160906],[-83.902514,36.162504],[-83.900489,36.164533],[-83.900992,36.165191],[-83.901853,36.166333],[-83.90323,36.166758],[-83.902497,36.167709],[-83.903972,36.16898],[-83.898099,36.168882],[-83.889286,36.168701],[-83.884542,36.168537],[-83.881283,36.168445],[-83.87458,36.168271],[-83.867875,36.168113],[-83.867769,36.168112],[-83.862048,36.167964],[-83.852414,36.167711],[-83.842032,36.167446],[-83.82242,36.166904],[-83.82044,36.166849],[-83.81679,36.166749],[-83.814252,36.16676],[-83.812218,36.166623],[-83.79949,36.166273],[-83.797887,36.166227],[-83.787018,36.165944],[-83.772645,36.165572],[-83.770848,36.165525],[-83.7659,36.165397],[-83.764493,36.165361],[-83.752397,36.165045],[-83.749872,36.164981],[-83.746371,36.164899],[-83.736785,36.164677],[-83.732704,36.164583],[-83.732427,36.163738],[-83.731538,36.161028],[-83.731263,36.160191],[-83.730718,36.158526],[-83.729217,36.15723],[-83.728491,36.156617],[-83.727804,36.156038],[-83.72645,36.154891],[-83.725223,36.15385],[-83.722904,36.151883],[-83.726004,36.149583],[-83.723697,36.147502],[-83.724194,36.145694],[-83.725103,36.142383],[-83.724881,36.14212],[-83.723303,36.140282],[-83.723703,36.137483],[-83.721103,36.136883],[-83.720389,36.136336],[-83.71964,36.135421],[-83.717445,36.132969],[-83.717279,36.132759],[-83.716986,36.132382],[-83.712603,36.128784],[-83.706377,36.128211],[-83.706688,36.124742],[-83.704847,36.122503],[-83.703491,36.122074],[-83.703982,36.120652],[-83.701743,36.120059],[-83.701723,36.121261],[-83.700383,36.121059],[-83.700045,36.122879],[-83.691436,36.121971],[-83.691477,36.121108],[-83.694247,36.120869],[-83.694737,36.115808],[-83.697014,36.115918],[-83.697752,36.112732],[-83.699015,36.113369],[-83.699265,36.110866],[-83.699405,36.109469],[-83.697665,36.109391],[-83.694581,36.11128],[-83.689534,36.111797],[-83.689247,36.112476],[-83.687688,36.112406],[-83.687167,36.111815],[-83.68775,36.1087],[-83.687212,36.108628],[-83.687208,36.102311],[-83.681199,36.101777],[-83.680945,36.10136],[-83.67932,36.098706],[-83.675665,36.098094],[-83.672119,36.093271],[-83.667026,36.086238],[-83.66741,36.081236],[-83.66746,36.080587],[-83.669956,36.080631],[-83.674736,36.081819],[-83.676289,36.082559],[-83.679504,36.084969],[-83.682916,36.088422],[-83.686301,36.090768],[-83.689138,36.093335],[-83.691292,36.09463],[-83.695149,36.095745],[-83.699122,36.096223],[-83.704319,36.095782],[-83.706324,36.095235],[-83.70925,36.093234],[-83.710114,36.091497],[-83.71029,36.089061],[-83.709924,36.087032],[-83.708719,36.084464],[-83.705857,36.081566],[-83.703725,36.078173],[-83.701548,36.073546],[-83.700271,36.071218],[-83.697273,36.068084],[-83.693366,36.064458],[-83.692147,36.062633],[-83.691951,36.060997],[-83.693465,36.059018],[-83.694599,36.058249],[-83.694137,36.058208],[-83.693499,36.058155],[-83.692177,36.05804],[-83.691993,36.058024],[-83.684861,36.057472],[-83.684735,36.054542],[-83.671169,36.053105],[-83.671273,36.048941],[-83.675199,36.048215],[-83.675283,36.044545],[-83.673913,36.043315],[-83.673453,36.042675],[-83.674206,36.040672],[-83.674454,36.038699],[-83.673297,36.038486],[-83.673398,36.036386],[-83.674284,36.035645],[-83.674453,36.033971],[-83.674541,36.0331],[-83.674898,36.029586],[-83.675698,36.028386],[-83.677496,36.028068],[-83.677274,36.025592],[-83.673398,36.025486],[-83.669979,36.018314],[-83.669554,36.014191],[-83.668966,36.008734],[-83.665836,36.002316],[-83.665534,36.001698],[-83.665474,36.001564],[-83.663176,35.995193],[-83.662206,35.992307],[-83.661938,35.991507],[-83.658261,35.990669],[-83.655857,35.990558],[-83.656053,35.989938],[-83.654169,35.989814],[-83.651287,35.989625],[-83.651071,35.988301],[-83.651061,35.988291],[-83.65093,35.987403],[-83.650917,35.987063],[-83.650947,35.986481],[-83.650957,35.986368],[-83.651544,35.986131],[-83.651601,35.986108],[-83.657032,35.986717],[-83.659711,35.985887],[-83.657978,35.9805],[-83.655755,35.974894],[-83.654605,35.971937],[-83.657002,35.970241],[-83.662371,35.966444],[-83.663769,35.965065],[-83.663852,35.96445],[-83.667341,35.961643],[-83.667671,35.961303],[-83.668002,35.960517],[-83.668746,35.959748],[-83.671788,35.957485],[-83.67232,35.957118],[-83.672793,35.956409],[-83.673988,35.955498],[-83.674772,35.954723],[-83.675502,35.954152],[-83.676778,35.953317],[-83.677771,35.952889],[-83.680129,35.952158],[-83.682203,35.951703],[-83.684121,35.951175],[-83.68556,35.950637],[-83.686586,35.949967],[-83.687073,35.949335],[-83.687302,35.948786],[-83.687383,35.947946],[-83.687363,35.946452],[-83.687174,35.945837],[-83.686687,35.944963],[-83.685579,35.943535],[-83.684863,35.942898],[-83.683904,35.941426],[-83.683087,35.939784],[-83.682911,35.938565],[-83.68306,35.937598],[-83.683627,35.936846],[-83.684532,35.936637],[-83.685248,35.936829],[-83.68614,35.937197],[-83.686997,35.93773],[-83.688078,35.938647],[-83.68876,35.93946],[-83.690172,35.940849],[-83.691118,35.94192],[-83.693364,35.9447],[-83.694578,35.943887],[-83.695761,35.943097],[-83.696586,35.9422],[-83.697792,35.939763],[-83.69874,35.939306],[-83.700499,35.939262],[-83.702113,35.938731],[-83.705769,35.936542],[-83.708078,35.934119],[-83.712497,35.932096],[-83.714871,35.930456],[-83.715954,35.930138],[-83.718711,35.9281],[-83.721355,35.927184],[-83.728563,35.922734],[-83.732792,35.919572],[-83.738506,35.916966],[-83.740297,35.919566],[-83.74072,35.920988],[-83.743876,35.920582],[-83.743297,35.919198],[-83.743544,35.916284],[-83.742893,35.914001],[-83.741921,35.912874],[-83.741842,35.912767],[-83.739733,35.910595],[-83.738527,35.910154],[-83.734983,35.909909],[-83.734567,35.909433],[-83.730016,35.910945],[-83.723744,35.913753],[-83.722419,35.914507],[-83.721605,35.914925],[-83.718711,35.916424],[-83.716444,35.917086],[-83.713583,35.918328],[-83.711062,35.920162],[-83.710612,35.920411],[-83.703838,35.923588],[-83.700812,35.92518],[-83.696688,35.927879],[-83.695033,35.928848],[-83.692863,35.930824],[-83.690058,35.93222],[-83.688893,35.930127],[-83.688522,35.928553],[-83.686646,35.926735],[-83.685235,35.926028],[-83.683087,35.924561],[-83.681946,35.92305],[-83.681848,35.922419],[-83.684966,35.921201],[-83.688041,35.919689],[-83.688379,35.919514],[-83.691175,35.917542],[-83.695758,35.913019],[-83.696723,35.91108],[-83.696652,35.910369],[-83.696383,35.909771],[-83.69735,35.907936],[-83.697777,35.905678],[-83.697695,35.904031],[-83.694042,35.905708],[-83.691318,35.907248],[-83.689291,35.9046],[-83.687728,35.905009],[-83.685407,35.906357],[-83.685301,35.9055],[-83.683411,35.904437],[-83.682018,35.903072],[-83.681656,35.903925],[-83.679097,35.90426],[-83.676595,35.905815],[-83.676039,35.906748],[-83.676464,35.90867],[-83.674439,35.909329],[-83.675735,35.910433],[-83.674965,35.911361],[-83.673952,35.911487],[-83.671832,35.913552],[-83.668928,35.915546],[-83.666977,35.915639],[-83.665377,35.915078],[-83.664513,35.914079],[-83.66454,35.912898],[-83.663589,35.911228],[-83.662779,35.910959],[-83.660962,35.91176],[-83.659341,35.910583],[-83.659054,35.908853],[-83.658062,35.908087],[-83.658107,35.908497],[-83.655826,35.908217],[-83.654546,35.907193],[-83.65347,35.906349],[-83.652418,35.904596],[-83.649907,35.902547],[-83.648395,35.902926],[-83.647626,35.901459],[-83.647167,35.900882],[-83.645817,35.901315],[-83.645169,35.90165],[-83.645317,35.902128],[-83.645121,35.902622],[-83.645337,35.903117],[-83.645478,35.904182],[-83.645089,35.904432],[-83.645145,35.904489],[-83.643522,35.904891],[-83.643535,35.906441],[-83.642238,35.906381],[-83.641688,35.907475],[-83.642592,35.908184],[-83.641698,35.909179],[-83.641925,35.91061],[-83.64125,35.911435],[-83.640112,35.910212],[-83.640245,35.912666],[-83.638682,35.915437],[-83.643085,35.916668],[-83.646515,35.920985],[-83.645175,35.922397],[-83.644409,35.92236],[-83.644178,35.923029],[-83.645546,35.923614],[-83.646231,35.924545],[-83.647682,35.926175],[-83.64694,35.930119],[-83.646063,35.930608],[-83.645347,35.929803],[-83.638972,35.927344],[-83.636351,35.927317],[-83.634271,35.926964],[-83.63042,35.926758],[-83.627089,35.926309],[-83.624894,35.92775],[-83.622692,35.928715],[-83.621678,35.929641],[-83.61908,35.934114],[-83.6176,35.935459],[-83.615823,35.936061],[-83.611769,35.935458],[-83.609338,35.934484],[-83.606712,35.933278],[-83.604341,35.932712],[-83.600812,35.932095],[-83.596104,35.931614],[-83.594707,35.93199],[-83.59064,35.933771],[-83.584413,35.937395],[-83.58352,35.937828],[-83.583341,35.9379],[-83.581958,35.938346],[-83.578571,35.938558],[-83.575111,35.936757],[-83.571343,35.934091],[-83.568669,35.933058],[-83.567336,35.932729],[-83.563057,35.932519],[-83.561579,35.932096],[-83.559612,35.932306],[-83.55674,35.933528],[-83.553987,35.935348],[-83.551234,35.938136],[-83.550304,35.940819],[-83.55023,35.942138],[-83.550884,35.94793],[-83.550607,35.951419],[-83.550152,35.953263],[-83.54874,35.956117],[-83.54688,35.957815],[-83.543391,35.959451],[-83.538605,35.960994],[-83.538149,35.961068],[-83.531925,35.963281],[-83.52851,35.964324],[-83.525858,35.964796],[-83.524522,35.964224]]]]}},{"type":"Feature","properties":{"id":2,"NAME":"2","TotalPop":767470,"PopDevPct":-0.00052237,"DemPct":0.34235011,"RepPct":0.6432697,"WhitePct":0.83459035,"MinorityPct":0.16540965,"BlackPct":0.06783761,"HispanicPct":0.04451946,"PacificPct":0.00116196,"AsianPct":0.0238375,"NativePct":0.02603324,"TotalVAP":608453,"Margin":-0.15764989,"color":"#960018","opacity":"0.5"},"geometry":{"type":"MultiPolygon","coordinates":[[[[-84.721557,35.752235],[-84.721043,35.751959],[-84.717332,35.747019],[-84.71549,35.745204],[-84.713986,35.741986],[-84.703911,35.74187],[-84.702954,35.741863],[-84.701186,35.741844],[-84.698416,35.741814],[-84.69844,35.740355],[-84.69841,35.732708],[-84.695122,35.732685],[-84.695171,35.730962],[-84.69529,35.726527],[-84.695338,35.724925],[-84.698546,35.725024],[-84.69873,35.717869],[-84.696589,35.717831],[-84.684663,35.717633],[-84.67654,35.717501],[-84.676515,35.715318],[-84.676457,35.710487],[-84.671967,35.71038],[-84.67207,35.707279],[-84.67209,35.706898],[-84.672223,35.702943],[-84.671303,35.702934],[-84.666576,35.702893],[-84.663528,35.702837],[-84.663327,35.707399],[-84.663209,35.710202],[-84.656751,35.710066],[-84.656574,35.71006],[-84.654403,35.710017],[-84.654349,35.717293],[-84.653204,35.717265],[-84.645279,35.717092],[-84.645078,35.724283],[-84.645073,35.724438],[-84.636309,35.72429],[-84.636388,35.720384],[-84.634349,35.719108],[-84.624936,35.713186],[-84.623034,35.711775],[-84.622952,35.707922],[-84.619031,35.70788],[-84.61897,35.703386],[-84.623339,35.699878],[-84.622039,35.697241],[-84.620652,35.696686],[-84.619212,35.696081],[-84.619201,35.694837],[-84.623147,35.692306],[-84.625365,35.691713],[-84.626196,35.690862],[-84.628061,35.690117],[-84.628045,35.671677],[-84.628041,35.666005],[-84.62804,35.665274],[-84.628038,35.662249],[-84.626978,35.660593],[-84.625868,35.658869],[-84.61988,35.658865],[-84.619887,35.657186],[-84.61989,35.65302],[-84.619907,35.646105],[-84.619865,35.644651],[-84.605699,35.644472],[-84.601307,35.64449],[-84.584472,35.644424],[-84.584428,35.641606],[-84.584352,35.637231],[-84.584289,35.634939],[-84.584296,35.633086],[-84.576675,35.633153],[-84.575798,35.633159],[-84.569411,35.633218],[-84.566915,35.63324],[-84.566934,35.629773],[-84.557872,35.629651],[-84.557926,35.636973],[-84.550569,35.636934],[-84.54923,35.636896],[-84.549098,35.640174],[-84.549115,35.641115],[-84.547603,35.641327],[-84.546096,35.640414],[-84.546067,35.640398],[-84.541694,35.63769],[-84.540067,35.63669],[-84.539013,35.63779],[-84.535386,35.633696],[-84.534006,35.629555],[-84.531448,35.629457],[-84.531419,35.628119],[-84.525984,35.628113],[-84.52585,35.624186],[-84.51737,35.624191],[-84.517331,35.623046],[-84.516041,35.62312],[-84.514103,35.621229],[-84.513718,35.621268],[-84.51371,35.619494],[-84.504746,35.619542],[-84.503415,35.620648],[-84.503763,35.622109],[-84.502396,35.624438],[-84.502441,35.625396],[-84.500877,35.627083],[-84.500061,35.62939],[-84.502235,35.629392],[-84.504192,35.629392],[-84.508579,35.629399],[-84.508623,35.633482],[-84.508657,35.636686],[-84.510909,35.636759],[-84.513777,35.636829],[-84.513774,35.639492],[-84.509201,35.639474],[-84.509243,35.642154],[-84.510207,35.642215],[-84.513749,35.642242],[-84.513697,35.644034],[-84.522545,35.643984],[-84.522162,35.651394],[-84.51668,35.651326],[-84.5132,35.651332],[-84.508491,35.651308],[-84.506406,35.651085],[-84.504595,35.651034],[-84.50443,35.658603],[-84.504412,35.659487],[-84.504336,35.662993],[-84.504274,35.665866],[-84.500114,35.665745],[-84.500245,35.661069],[-84.50022,35.660296],[-84.49913,35.660251],[-84.499145,35.658527],[-84.495525,35.658378],[-84.495561,35.655445],[-84.487344,35.655508],[-84.486754,35.658376],[-84.48455,35.658373],[-84.481729,35.658311],[-84.47899,35.658109],[-84.477568,35.658437],[-84.467744,35.658492],[-84.465278,35.658501],[-84.460119,35.658623],[-84.458363,35.658735],[-84.45724,35.659081],[-84.457218,35.66031],[-84.457249,35.665763],[-84.453289,35.665795],[-84.452396,35.665807],[-84.45101,35.66585],[-84.449308,35.665926],[-84.448094,35.665957],[-84.436493,35.665951],[-84.43578,35.665953],[-84.435684,35.66787],[-84.437865,35.667873],[-84.437254,35.669486],[-84.437664,35.671077],[-84.435214,35.671002],[-84.433364,35.671959],[-84.429121,35.67194],[-84.427479,35.672264],[-84.425376,35.672269],[-84.423549,35.671735],[-84.423645,35.671224],[-84.424149,35.668517],[-84.422942,35.668012],[-84.423907,35.665159],[-84.425663,35.665225],[-84.425158,35.663733],[-84.425619,35.662526],[-84.424785,35.661078],[-84.423826,35.661565],[-84.42289,35.663015],[-84.420857,35.663136],[-84.419955,35.663608],[-84.418246,35.66258],[-84.416172,35.662228],[-84.414515,35.665219],[-84.412687,35.667944],[-84.412536,35.667903],[-84.414254,35.664828],[-84.412661,35.665394],[-84.410509,35.666698],[-84.409297,35.665982],[-84.408502,35.665609],[-84.406472,35.665622],[-84.404294,35.66193],[-84.403663,35.66086],[-84.404484,35.660435],[-84.402237,35.654694],[-84.406459,35.654637],[-84.406502,35.651188],[-84.397901,35.650995],[-84.397926,35.645536],[-84.398074,35.640208],[-84.388948,35.640084],[-84.386149,35.639831],[-84.385011,35.639841],[-84.38529,35.640644],[-84.380124,35.640592],[-84.380115,35.641419],[-84.375572,35.641678],[-84.374397,35.641706],[-84.374387,35.643449],[-84.371315,35.643451],[-84.371296,35.647025],[-84.36541,35.647014],[-84.36227,35.647189],[-84.362213,35.651806],[-84.362238,35.652442],[-84.362228,35.654448],[-84.35621,35.654412],[-84.355739,35.654409],[-84.353275,35.654396],[-84.353287,35.655906],[-84.353303,35.657837],[-84.354589,35.657846],[-84.357585,35.657916],[-84.357608,35.665162],[-84.355212,35.665162],[-84.347533,35.665185],[-84.343466,35.665074],[-84.339503,35.665003],[-84.338234,35.665102],[-84.329659,35.66499],[-84.326906,35.664959],[-84.326477,35.665005],[-84.326443,35.672204],[-84.317628,35.672107],[-84.317506,35.667609],[-84.31759,35.65996],[-84.316159,35.660506],[-84.312084,35.659293],[-84.310238,35.659311],[-84.308698,35.657795],[-84.299549,35.657673],[-84.299561,35.654928],[-84.291904,35.654908],[-84.290765,35.654925],[-84.290837,35.651717],[-84.290867,35.650327],[-84.295197,35.650229],[-84.297522,35.643152],[-84.290887,35.643017],[-84.290805,35.641872],[-84.282392,35.641482],[-84.282185,35.641346],[-84.281776,35.640829],[-84.281835,35.635572],[-84.273423,35.635517],[-84.26835,35.635456],[-84.263541,35.635685],[-84.261336,35.635288],[-84.259646,35.63421],[-84.257967,35.63314],[-84.256912,35.632281],[-84.256907,35.632272],[-84.256889,35.632237],[-84.256792,35.632174],[-84.256503,35.631985],[-84.256407,35.631922],[-84.256352,35.632059],[-84.256186,35.63247],[-84.256132,35.632608],[-84.256111,35.63266],[-84.256048,35.632818],[-84.256028,35.632871],[-84.255248,35.634037],[-84.254065,35.635807],[-84.252109,35.636512],[-84.25079,35.636989],[-84.250771,35.636941],[-84.250715,35.6368],[-84.250697,35.636753],[-84.250078,35.635106],[-84.249345,35.633714],[-84.2476,35.633782],[-84.248799,35.632358],[-84.252018,35.630184],[-84.253929,35.6262],[-84.254502,35.623626],[-84.254248,35.619734],[-84.253071,35.617852],[-84.249917,35.617196],[-84.245144,35.617612],[-84.242468,35.618376],[-84.234906,35.621612],[-84.230594,35.622296],[-84.228423,35.622074],[-84.22646,35.620875],[-84.22437,35.61883],[-84.221451,35.615322],[-84.220301,35.615438],[-84.218682,35.615606],[-84.213413,35.616151],[-84.20066,35.617457],[-84.199796,35.617546],[-84.196447,35.617885],[-84.195961,35.617935],[-84.194806,35.618052],[-84.194337,35.618093],[-84.19263,35.618241],[-84.191782,35.616736],[-84.191763,35.616721],[-84.191502,35.616329],[-84.191074,35.61555],[-84.190967,35.615356],[-84.190884,35.615205],[-84.190718,35.614902],[-84.188627,35.611105],[-84.188417,35.610727],[-84.188319,35.610549],[-84.187244,35.610726],[-84.1854,35.611034],[-84.160556,35.622666],[-84.157714,35.623998],[-84.151652,35.627498],[-84.145421,35.635841],[-84.144914,35.641609],[-84.142602,35.643655],[-84.138409,35.645772],[-84.13627,35.64665],[-84.134468,35.647399],[-84.134787,35.649061],[-84.125324,35.653767],[-84.124685,35.654085],[-84.123298,35.654777],[-84.113701,35.659531],[-84.112252,35.66025],[-84.108619,35.661768],[-84.107137,35.659847],[-84.105815,35.658752],[-84.104787,35.658413],[-84.103785,35.656837],[-84.103748,35.655773],[-84.104223,35.652119],[-84.103736,35.649331],[-84.103907,35.647353],[-84.103231,35.645053],[-84.100757,35.641861],[-84.100556,35.640581],[-84.09981,35.636263],[-84.09961,35.635162],[-84.096532,35.634622],[-84.084983,35.634745],[-84.081804,35.63429],[-84.080381,35.636729],[-84.077848,35.639159],[-84.073785,35.64228],[-84.071156,35.643564],[-84.069142,35.643981],[-84.067356,35.645207],[-84.065825,35.646237],[-84.065576,35.64635],[-84.063987,35.647099],[-84.061096,35.649221],[-84.059082,35.654119],[-84.057872,35.656203],[-84.056745,35.658663],[-84.056223,35.661471],[-84.057417,35.662224],[-84.061909,35.667228],[-84.0625,35.667726],[-84.062576,35.667783],[-84.062995,35.668099],[-84.063182,35.66823],[-84.063369,35.668339],[-84.063496,35.668401],[-84.063867,35.668592],[-84.063956,35.668645],[-84.064202,35.668864],[-84.064387,35.669069],[-84.064508,35.669203],[-84.064634,35.669344],[-84.064873,35.66961],[-84.065106,35.669885],[-84.065204,35.67],[-84.062782,35.671583],[-84.062723,35.671621],[-84.062652,35.671668],[-84.062289,35.671915],[-84.062163,35.671997],[-84.06165,35.672349],[-84.061488,35.672462],[-84.061353,35.672566],[-84.060809,35.672951],[-84.060384,35.673238],[-84.059748,35.673674],[-84.058716,35.674344],[-84.05811,35.674742],[-84.057929,35.674865],[-84.057657,35.675049],[-84.057271,35.675312],[-84.057199,35.675362],[-84.057019,35.675486],[-84.056802,35.675647],[-84.056529,35.675853],[-84.056365,35.67599],[-84.056345,35.676006],[-84.056192,35.676131],[-84.055843,35.676416],[-84.05544,35.67674],[-84.054787,35.677271],[-84.054623,35.677407],[-84.054321,35.677646],[-84.053889,35.678003],[-84.053649,35.678202],[-84.053574,35.678264],[-84.053255,35.678525],[-84.053171,35.678592],[-84.052939,35.678782],[-84.052566,35.679089],[-84.052408,35.67922],[-84.051774,35.679748],[-84.051452,35.680012],[-84.051369,35.680082],[-84.051297,35.680144],[-84.051115,35.680299],[-84.050986,35.680409],[-84.050713,35.680658],[-84.050682,35.680685],[-84.050524,35.680829],[-84.050288,35.681049],[-84.050076,35.681248],[-84.049822,35.681488],[-84.049632,35.681667],[-84.049551,35.681746],[-84.049413,35.681881],[-84.049191,35.68214],[-84.048901,35.682531],[-84.048844,35.682625],[-84.04856,35.683114],[-84.048544,35.683139],[-84.048282,35.683575],[-84.048139,35.683817],[-84.048027,35.684013],[-84.047478,35.684977],[-84.047291,35.685307],[-84.047193,35.685433],[-84.047077,35.685523],[-84.046919,35.6856],[-84.046625,35.685696],[-84.045997,35.685886],[-84.045689,35.68598],[-84.043391,35.686688],[-84.042391,35.68824],[-84.04068,35.689027],[-84.037247,35.691984],[-84.034461,35.693766],[-84.030572,35.696797],[-84.030059,35.697254],[-84.027849,35.699244],[-84.026978,35.699881],[-84.025476,35.697545],[-84.023604,35.695392],[-84.021402,35.694258],[-84.020503,35.692907],[-84.019099,35.690263],[-84.017605,35.687458],[-84.012693,35.6814],[-84.012551,35.680035],[-84.011332,35.681111],[-84.006325,35.685543],[-84.003325,35.687384],[-84.001423,35.6887],[-83.998976,35.690837],[-83.996005,35.695809],[-83.994417,35.699286],[-83.993919,35.700515],[-83.992785,35.702536],[-83.990443,35.704227],[-83.990388,35.704172],[-83.990219,35.703999],[-83.990119,35.703897],[-83.989748,35.703519],[-83.988237,35.701976],[-83.988189,35.702],[-83.988176,35.702007],[-83.987186,35.702479],[-83.98679,35.702304],[-83.98641,35.702539],[-83.985449,35.703135],[-83.985573,35.7033],[-83.985706,35.703477],[-83.986006,35.703831],[-83.986317,35.704149],[-83.986551,35.70444],[-83.986605,35.704489],[-83.98668,35.704557],[-83.987041,35.705003],[-83.987365,35.705403],[-83.987678,35.705747],[-83.988183,35.706238],[-83.988214,35.706264],[-83.988465,35.706476],[-83.98866,35.706628],[-83.988644,35.706704],[-83.988681,35.706724],[-83.988139,35.706991],[-83.988616,35.707383],[-83.988495,35.707719],[-83.988453,35.707838],[-83.988413,35.707952],[-83.988385,35.708028],[-83.988292,35.708265],[-83.988263,35.708344],[-83.988223,35.708425],[-83.988083,35.708698],[-83.987957,35.708914],[-83.987849,35.709103],[-83.987438,35.709738],[-83.987196,35.710055],[-83.987157,35.710108],[-83.986847,35.710468],[-83.986828,35.710487],[-83.986505,35.71083],[-83.986386,35.71096],[-83.986334,35.710915],[-83.986259,35.710994],[-83.986164,35.711094],[-83.986105,35.711156],[-83.986048,35.71122],[-83.986127,35.711258],[-83.984909,35.712602],[-83.984698,35.712464],[-83.983861,35.713399],[-83.982479,35.713352],[-83.979341,35.716574],[-83.97922,35.716696],[-83.97842,35.715993],[-83.978361,35.716037],[-83.977883,35.71639],[-83.977852,35.716409],[-83.977567,35.716167],[-83.977334,35.715963],[-83.977799,35.715648],[-83.976429,35.715509],[-83.973739,35.717937],[-83.973718,35.717943],[-83.97326,35.717946],[-83.973027,35.718079],[-83.972818,35.718325],[-83.972622,35.718572],[-83.97258,35.718623],[-83.971102,35.716584],[-83.966369,35.715929],[-83.965027,35.714816],[-83.964031,35.715937],[-83.963199,35.715706],[-83.962296,35.714457],[-83.961346,35.715119],[-83.963483,35.716843],[-83.963198,35.717375],[-83.962652,35.71693],[-83.961522,35.716786],[-83.960408,35.717487],[-83.96185,35.718349],[-83.96207,35.718534],[-83.962589,35.718096],[-83.962836,35.718303],[-83.962721,35.718753],[-83.962675,35.718838],[-83.962707,35.71889],[-83.962114,35.720707],[-83.962327,35.720815],[-83.961549,35.721579],[-83.959639,35.72171],[-83.959074,35.721225],[-83.955251,35.724119],[-83.957939,35.726035],[-83.95524,35.728658],[-83.953034,35.729827],[-83.950426,35.733065],[-83.950342,35.732937],[-83.950302,35.732877],[-83.949021,35.730937],[-83.946092,35.72797],[-83.939928,35.732204],[-83.939349,35.732937],[-83.936337,35.733519],[-83.934981,35.732887],[-83.932629,35.734546],[-83.929429,35.736908],[-83.927694,35.738686],[-83.925098,35.740717],[-83.920103,35.74516],[-83.917882,35.745023],[-83.916871,35.74581],[-83.916656,35.747519],[-83.916555,35.74872],[-83.915383,35.749837],[-83.911938,35.752874],[-83.911734,35.754362],[-83.90848,35.75628],[-83.908204,35.756792],[-83.908204,35.756926],[-83.902463,35.75716],[-83.900256,35.757249],[-83.899,35.757298],[-83.898786,35.757306],[-83.896653,35.757394],[-83.896564,35.757534],[-83.895168,35.760929],[-83.891278,35.764117],[-83.888757,35.765792],[-83.889768,35.766342],[-83.889944,35.767454],[-83.887935,35.769061],[-83.885173,35.770499],[-83.885326,35.771534],[-83.883821,35.771687],[-83.880911,35.772044],[-83.878084,35.771304],[-83.878717,35.773651],[-83.878104,35.774593],[-83.879197,35.776986],[-83.876486,35.777229],[-83.874333,35.778721],[-83.874309,35.781506],[-83.874974,35.781912],[-83.871987,35.782462],[-83.870781,35.783287],[-83.869178,35.783546],[-83.866068,35.782473],[-83.863095,35.781618],[-83.858816,35.779461],[-83.855856,35.778869],[-83.855413,35.779375],[-83.85603,35.779891],[-83.848917,35.786133],[-83.846964,35.788041],[-83.845268,35.789029],[-83.844884,35.791053],[-83.844172,35.792074],[-83.840432,35.794664],[-83.833111,35.79885],[-83.834976,35.802663],[-83.837395,35.807333],[-83.837494,35.808342],[-83.839246,35.809611],[-83.838672,35.811776],[-83.836583,35.812865],[-83.82969,35.816011],[-83.828344,35.816423],[-83.826409,35.816997],[-83.824426,35.818331],[-83.820475,35.821047],[-83.816779,35.822439],[-83.811758,35.82514],[-83.808374,35.827265],[-83.804961,35.829037],[-83.802456,35.829596],[-83.801729,35.829756],[-83.799488,35.831189],[-83.795883,35.833814],[-83.793722,35.835127],[-83.79201,35.836846],[-83.790041,35.839516],[-83.78884,35.84316],[-83.788328,35.845909],[-83.787421,35.847707],[-83.786133,35.849276],[-83.784728,35.850497],[-83.778602,35.853778],[-83.78021,35.855975],[-83.782892,35.8548],[-83.783247,35.855282],[-83.783842,35.856084],[-83.784286,35.856686],[-83.780726,35.858533],[-83.781644,35.860217],[-83.779405,35.859291],[-83.77988,35.860184],[-83.780389,35.861143],[-83.780888,35.862078],[-83.781383,35.863007],[-83.781882,35.863948],[-83.782374,35.864852],[-83.782879,35.865735],[-83.784302,35.868486],[-83.784323,35.870089],[-83.784661,35.870889],[-83.784569,35.87323],[-83.784391,35.875273],[-83.784379,35.876163],[-83.784186,35.879205],[-83.784512,35.879578],[-83.78634,35.880088],[-83.788026,35.882758],[-83.788115,35.882904],[-83.78872,35.884119],[-83.791596,35.884107],[-83.791899,35.884273],[-83.792318,35.884545],[-83.79328,35.885457],[-83.793404,35.885597],[-83.793452,35.885674],[-83.793485,35.885717],[-83.793568,35.885858],[-83.794275,35.887125],[-83.791627,35.889317],[-83.783722,35.892613],[-83.782186,35.894917],[-83.780378,35.895189],[-83.778858,35.896613],[-83.77897,35.898533],[-83.777354,35.900309],[-83.777306,35.901461],[-83.775578,35.902325],[-83.773962,35.903909],[-83.774202,35.905285],[-83.771418,35.907029],[-83.770522,35.906997],[-83.768058,35.908262],[-83.767082,35.909654],[-83.767594,35.911462],[-83.764266,35.91327],[-83.760394,35.914486],[-83.75801,35.914758],[-83.75449,35.916614],[-83.75257,35.918278],[-83.751514,35.918294],[-83.746601,35.919512],[-83.743876,35.920582],[-83.74072,35.920988],[-83.740297,35.919566],[-83.738506,35.916966],[-83.732792,35.919572],[-83.728563,35.922734],[-83.721355,35.927184],[-83.718711,35.9281],[-83.715954,35.930138],[-83.714871,35.930456],[-83.712497,35.932096],[-83.708078,35.934119],[-83.705769,35.936542],[-83.702113,35.938731],[-83.700499,35.939262],[-83.69874,35.939306],[-83.697792,35.939763],[-83.696586,35.9422],[-83.695761,35.943097],[-83.694578,35.943887],[-83.693364,35.9447],[-83.691118,35.94192],[-83.690172,35.940849],[-83.68876,35.93946],[-83.688078,35.938647],[-83.686997,35.93773],[-83.68614,35.937197],[-83.685248,35.936829],[-83.684532,35.936637],[-83.683627,35.936846],[-83.68306,35.937598],[-83.682911,35.938565],[-83.683087,35.939784],[-83.683904,35.941426],[-83.684863,35.942898],[-83.685579,35.943535],[-83.686687,35.944963],[-83.687174,35.945837],[-83.687363,35.946452],[-83.687383,35.947946],[-83.687302,35.948786],[-83.687073,35.949335],[-83.686586,35.949967],[-83.68556,35.950637],[-83.684121,35.951175],[-83.682203,35.951703],[-83.680129,35.952158],[-83.677771,35.952889],[-83.676778,35.953317],[-83.675502,35.954152],[-83.674772,35.954723],[-83.673988,35.955498],[-83.672793,35.956409],[-83.67232,35.957118],[-83.671788,35.957485],[-83.668746,35.959748],[-83.668002,35.960517],[-83.667671,35.961303],[-83.667341,35.961643],[-83.663852,35.96445],[-83.663769,35.965065],[-83.662371,35.966444],[-83.657002,35.970241],[-83.654605,35.971937],[-83.655755,35.974894],[-83.657978,35.9805],[-83.659711,35.985887],[-83.657032,35.986717],[-83.651601,35.986108],[-83.651544,35.986131],[-83.650957,35.986368],[-83.650947,35.986481],[-83.650917,35.987063],[-83.65093,35.987403],[-83.651061,35.988291],[-83.651071,35.988301],[-83.651287,35.989625],[-83.654169,35.989814],[-83.656053,35.989938],[-83.655857,35.990558],[-83.658261,35.990669],[-83.661938,35.991507],[-83.662206,35.992307],[-83.663176,35.995193],[-83.665474,36.001564],[-83.665534,36.001698],[-83.665836,36.002316],[-83.668966,36.008734],[-83.669554,36.014191],[-83.669979,36.018314],[-83.673398,36.025486],[-83.677274,36.025592],[-83.677496,36.028068],[-83.675698,36.028386],[-83.674898,36.029586],[-83.674541,36.0331],[-83.674453,36.033971],[-83.674284,36.035645],[-83.673398,36.036386],[-83.673297,36.038486],[-83.674454,36.038699],[-83.674206,36.040672],[-83.673453,36.042675],[-83.673913,36.043315],[-83.675283,36.044545],[-83.675199,36.048215],[-83.671273,36.048941],[-83.671169,36.053105],[-83.684735,36.054542],[-83.684861,36.057472],[-83.691993,36.058024],[-83.692177,36.05804],[-83.693499,36.058155],[-83.694137,36.058208],[-83.694599,36.058249],[-83.693465,36.059018],[-83.691951,36.060997],[-83.692147,36.062633],[-83.693366,36.064458],[-83.697273,36.068084],[-83.700271,36.071218],[-83.701548,36.073546],[-83.703725,36.078173],[-83.705857,36.081566],[-83.708719,36.084464],[-83.709924,36.087032],[-83.71029,36.089061],[-83.710114,36.091497],[-83.70925,36.093234],[-83.706324,36.095235],[-83.704319,36.095782],[-83.699122,36.096223],[-83.695149,36.095745],[-83.691292,36.09463],[-83.689138,36.093335],[-83.686301,36.090768],[-83.682916,36.088422],[-83.679504,36.084969],[-83.676289,36.082559],[-83.674736,36.081819],[-83.669956,36.080631],[-83.66746,36.080587],[-83.66741,36.081236],[-83.667026,36.086238],[-83.672119,36.093271],[-83.675665,36.098094],[-83.67932,36.098706],[-83.680945,36.10136],[-83.681199,36.101777],[-83.687208,36.102311],[-83.687212,36.108628],[-83.68775,36.1087],[-83.687167,36.111815],[-83.687688,36.112406],[-83.689247,36.112476],[-83.689534,36.111797],[-83.694581,36.11128],[-83.697665,36.109391],[-83.699405,36.109469],[-83.699265,36.110866],[-83.699015,36.113369],[-83.697752,36.112732],[-83.697014,36.115918],[-83.694737,36.115808],[-83.694247,36.120869],[-83.691477,36.121108],[-83.691436,36.121971],[-83.700045,36.122879],[-83.700383,36.121059],[-83.701723,36.121261],[-83.701743,36.120059],[-83.703982,36.120652],[-83.703491,36.122074],[-83.704847,36.122503],[-83.706688,36.124742],[-83.706377,36.128211],[-83.712603,36.128784],[-83.716986,36.132382],[-83.717279,36.132759],[-83.717445,36.132969],[-83.71964,36.135421],[-83.720389,36.136336],[-83.721103,36.136883],[-83.723703,36.137483],[-83.723303,36.140282],[-83.724881,36.14212],[-83.725103,36.142383],[-83.724194,36.145694],[-83.723697,36.147502],[-83.726004,36.149583],[-83.722904,36.151883],[-83.725223,36.15385],[-83.72645,36.154891],[-83.727804,36.156038],[-83.728491,36.156617],[-83.729217,36.15723],[-83.730718,36.158526],[-83.731263,36.160191],[-83.731538,36.161028],[-83.732427,36.163738],[-83.732704,36.164583],[-83.736785,36.164677],[-83.746371,36.164899],[-83.749872,36.164981],[-83.752397,36.165045],[-83.764493,36.165361],[-83.7659,36.165397],[-83.770848,36.165525],[-83.772645,36.165572],[-83.787018,36.165944],[-83.797887,36.166227],[-83.79949,36.166273],[-83.812218,36.166623],[-83.814252,36.16676],[-83.81679,36.166749],[-83.82044,36.166849],[-83.82242,36.166904],[-83.842032,36.167446],[-83.852414,36.167711],[-83.862048,36.167964],[-83.867769,36.168112],[-83.867875,36.168113],[-83.87458,36.168271],[-83.881283,36.168445],[-83.884542,36.168537],[-83.889286,36.168701],[-83.898099,36.168882],[-83.903972,36.16898],[-83.902497,36.167709],[-83.90323,36.166758],[-83.901853,36.166333],[-83.900992,36.165191],[-83.900489,36.164533],[-83.902514,36.162504],[-83.905169,36.160906],[-83.906545,36.162006],[-83.90973,36.162688],[-83.909007,36.164244],[-83.907671,36.163853],[-83.905909,36.165352],[-83.906239,36.165814],[-83.907264,36.167264],[-83.906942,36.167697],[-83.906108,36.169013],[-83.906256,36.169005],[-83.90885,36.169061],[-83.916834,36.169244],[-83.917522,36.169333],[-83.917569,36.169365],[-83.922712,36.169381],[-83.925946,36.172019],[-83.926842,36.172806],[-83.927203,36.173037],[-83.927437,36.173198],[-83.934763,36.179237],[-83.937587,36.182139],[-83.939575,36.184183],[-83.941711,36.186378],[-83.941852,36.186525],[-83.946499,36.191341],[-83.947301,36.191929],[-83.950041,36.193935],[-83.960546,36.201709],[-83.96914,36.210105],[-83.969283,36.210433],[-83.96965,36.211183],[-83.972375,36.216808],[-83.975711,36.223668],[-83.977582,36.227324],[-83.987628,36.236095],[-83.988184,36.236832],[-83.988805,36.237646],[-83.990256,36.239557],[-83.991414,36.241084],[-83.992998,36.243173],[-83.994216,36.244778],[-83.993016,36.245678],[-83.997826,36.249873],[-83.998745,36.25237],[-83.997503,36.251837],[-83.996405,36.253228],[-83.997909,36.255399],[-83.999075,36.258572],[-84.000816,36.259177],[-84.002327,36.261202],[-84.00381,36.263169],[-84.00638,36.265441],[-84.006517,36.266578],[-84.009753,36.27031],[-84.007298,36.270304],[-84.005156,36.269339],[-84.004317,36.270378],[-84.010917,36.272178],[-84.014217,36.271878],[-84.015917,36.271278],[-84.018418,36.271078],[-84.019918,36.271378],[-84.021518,36.272278],[-84.025318,36.277478],[-84.025918,36.279278],[-84.025218,36.284078],[-84.025318,36.286278],[-84.026018,36.289078],[-84.025806,36.292522],[-84.025774,36.294179],[-84.026519,36.297079],[-84.028519,36.299579],[-84.030419,36.300979],[-84.032519,36.301779],[-84.035819,36.301278],[-84.037519,36.299978],[-84.037619,36.299078],[-84.033019,36.293778],[-84.032719,36.293078],[-84.033219,36.291078],[-84.034319,36.289278],[-84.035619,36.287978],[-84.040519,36.285078],[-84.042019,36.282578],[-84.042119,36.280878],[-84.041019,36.277578],[-84.041419,36.275278],[-84.043319,36.272978],[-84.045219,36.271178],[-84.050319,36.267578],[-84.055419,36.263678],[-84.056619,36.262178],[-84.057319,36.260578],[-84.058319,36.255978],[-84.057919,36.252878],[-84.057219,36.250078],[-84.057619,36.249078],[-84.059219,36.247878],[-84.063119,36.246978],[-84.066119,36.248178],[-84.068706,36.250569],[-84.070229,36.251873],[-84.072698,36.251989],[-84.07309,36.251652],[-84.07492,36.250078],[-84.07602,36.247878],[-84.07632,36.244078],[-84.07592,36.241878],[-84.073819,36.239978],[-84.071219,36.238478],[-84.069819,36.236678],[-84.069218,36.233578],[-84.069918,36.230378],[-84.072018,36.228578],[-84.073718,36.227878],[-84.076818,36.227678],[-84.079818,36.228178],[-84.083419,36.229478],[-84.085775,36.229846],[-84.08832,36.229878],[-84.09152,36.229278],[-84.09302,36.226778],[-84.09251,36.22426],[-84.091755,36.222931],[-84.09196,36.222613],[-84.092264,36.222494],[-84.092746,36.2224],[-84.09321,36.222459],[-84.097061,36.223334],[-84.098037,36.223276],[-84.100991,36.224102],[-84.102691,36.224424],[-84.103463,36.225368],[-84.103535,36.225842],[-84.103087,36.228645],[-84.10392,36.229478],[-84.104521,36.232078],[-84.107121,36.232678],[-84.110421,36.233878],[-84.114521,36.234078],[-84.117184,36.233878],[-84.119421,36.233678],[-84.122788,36.233778],[-84.125009,36.234293],[-84.126777,36.233874],[-84.128435,36.234659],[-84.128885,36.234697],[-84.130868,36.233987],[-84.133118,36.234767],[-84.135319,36.233766],[-84.137005,36.234219],[-84.137526,36.234473],[-84.140125,36.233676],[-84.142837,36.23511],[-84.145643,36.23596],[-84.150323,36.237378],[-84.151971,36.237391],[-84.15199,36.237391],[-84.161265,36.237518],[-84.161454,36.237571],[-84.162676,36.237914],[-84.163645,36.238187],[-84.165398,36.238679],[-84.165415,36.238684],[-84.165521,36.238713],[-84.170824,36.240178],[-84.17293,36.240091],[-84.173217,36.240079],[-84.17348,36.240068],[-84.174727,36.240015],[-84.182924,36.239678],[-84.183762,36.239775],[-84.190313,36.240529],[-84.192087,36.240736],[-84.210518,36.24288],[-84.227527,36.244879],[-84.227627,36.244779],[-84.228527,36.243679],[-84.228327,36.242479],[-84.226127,36.241479],[-84.226727,36.239979],[-84.228427,36.239779],[-84.228727,36.238779],[-84.228126,36.236579],[-84.228926,36.234279],[-84.227526,36.232879],[-84.229326,36.225579],[-84.229926,36.224879],[-84.228526,36.223579],[-84.226366,36.2206],[-84.225626,36.219579],[-84.225726,36.217179],[-84.226326,36.216479],[-84.229526,36.215179],[-84.232526,36.214579],[-84.233326,36.210079],[-84.234226,36.208379],[-84.233673,36.207333],[-84.231226,36.204379],[-84.230226,36.203679],[-84.229726,36.201679],[-84.230626,36.198779],[-84.229742,36.197247],[-84.230525,36.193778],[-84.231525,36.191778],[-84.229325,36.189878],[-84.228725,36.187378],[-84.228991,36.185014],[-84.229225,36.183878],[-84.230325,36.182078],[-84.232525,36.181578],[-84.235225,36.180578],[-84.237325,36.178478],[-84.241325,36.177578],[-84.241925,36.177678],[-84.243026,36.178978],[-84.244726,36.178978],[-84.246126,36.180278],[-84.248526,36.181078],[-84.249426,36.181978],[-84.251626,36.182878],[-84.253326,36.186578],[-84.255626,36.187878],[-84.258127,36.189878],[-84.259027,36.190078],[-84.260627,36.189078],[-84.264127,36.188178],[-84.265627,36.191078],[-84.268027,36.193778],[-84.270227,36.194878],[-84.271427,36.196078],[-84.271927,36.199078],[-84.272628,36.200278],[-84.274528,36.201878],[-84.278528,36.204078],[-84.282328,36.206578],[-84.285428,36.207578],[-84.287328,36.210378],[-84.289529,36.211978],[-84.290554,36.213319],[-84.291029,36.215278],[-84.294929,36.217678],[-84.296929,36.219478],[-84.299929,36.220878],[-84.301429,36.220978],[-84.304029,36.218878],[-84.306907,36.217924],[-84.30973,36.216078],[-84.31113,36.216278],[-84.31273,36.215178],[-84.31633,36.214678],[-84.31783,36.213378],[-84.31973,36.213178],[-84.32303,36.213578],[-84.324747,36.212461],[-84.324867,36.2123],[-84.324996,36.211713],[-84.321587,36.210812],[-84.321122,36.210332],[-84.32165,36.210157],[-84.32633,36.208578],[-84.32833,36.208778],[-84.33073,36.208078],[-84.33273,36.208578],[-84.333931,36.210278],[-84.337585,36.210921],[-84.339031,36.212278],[-84.343631,36.213678],[-84.344231,36.214378],[-84.346731,36.215078],[-84.349531,36.215178],[-84.351831,36.214278],[-84.353932,36.214078],[-84.355832,36.214378],[-84.357732,36.214178],[-84.363432,36.213078],[-84.365732,36.212478],[-84.366932,36.212878],[-84.370632,36.214978],[-84.372731,36.216778],[-84.374332,36.215678],[-84.374332,36.214378],[-84.375832,36.212278],[-84.378233,36.211478],[-84.380233,36.209778],[-84.382133,36.207678],[-84.383333,36.206878],[-84.385633,36.206678],[-84.386733,36.205578],[-84.390333,36.204278],[-84.391933,36.202878],[-84.392433,36.201678],[-84.390933,36.199378],[-84.390833,36.196478],[-84.392792,36.193887],[-84.393933,36.192378],[-84.396633,36.190678],[-84.397433,36.189278],[-84.401233,36.186778],[-84.403133,36.185778],[-84.403533,36.184478],[-84.402433,36.180778],[-84.401333,36.180078],[-84.400833,36.178478],[-84.402033,36.176078],[-84.404233,36.174478],[-84.406233,36.174978],[-84.408433,36.173878],[-84.411633,36.169978],[-84.413633,36.169578],[-84.415333,36.167978],[-84.419233,36.169178],[-84.421634,36.169278],[-84.423634,36.168678],[-84.425434,36.165278],[-84.426434,36.164678],[-84.432734,36.165378],[-84.433734,36.164778],[-84.435334,36.164778],[-84.441034,36.163478],[-84.441134,36.162478],[-84.442434,36.160778],[-84.442334,36.158278],[-84.440834,36.155978],[-84.442034,36.155178],[-84.443834,36.153078],[-84.445327,36.151878],[-84.446534,36.152478],[-84.448234,36.152478],[-84.449881,36.151046],[-84.449834,36.142277],[-84.449034,36.139577],[-84.446234,36.138477],[-84.444434,36.138477],[-84.442963,36.139901],[-84.442534,36.139977],[-84.442534,36.137477],[-84.442134,36.135477],[-84.439934,36.135277],[-84.435733,36.133977],[-84.432433,36.131677],[-84.430033,36.131877],[-84.429676,36.131352],[-84.425532,36.125078],[-84.425452,36.124612],[-84.425491,36.123657],[-84.425542,36.122992],[-84.421732,36.115277],[-84.420432,36.108377],[-84.416432,36.108277],[-84.414532,36.107877],[-84.413532,36.107177],[-84.408132,36.105077],[-84.406031,36.103577],[-84.403331,36.103877],[-84.400131,36.104677],[-84.397131,36.104777],[-84.396431,36.105077],[-84.395031,36.104377],[-84.393531,36.102477],[-84.393231,36.100477],[-84.391131,36.099277],[-84.38933,36.099277],[-84.38883,36.098677],[-84.38693,36.098877],[-84.38463,36.097677],[-84.38183,36.096577],[-84.38063,36.096477],[-84.37903,36.095377],[-84.376189,36.09129],[-84.361128,36.069977],[-84.360643,36.06945],[-84.358807,36.067454],[-84.353834,36.062047],[-84.34894,36.056728],[-84.348803,36.056579],[-84.348394,36.056134],[-84.348326,36.05606],[-84.348259,36.055986],[-84.347916,36.055614],[-84.346872,36.054479],[-84.345511,36.053001],[-84.345086,36.052538],[-84.343522,36.050841],[-84.34321,36.050496],[-84.341812,36.048977],[-84.343882,36.049306],[-84.346025,36.049054],[-84.347796,36.048291],[-84.348301,36.048076],[-84.352327,36.046877],[-84.357528,36.044177],[-84.360628,36.043877],[-84.362328,36.042977],[-84.364928,36.041077],[-84.366841,36.039001],[-84.368928,36.037477],[-84.370028,36.035977],[-84.372146,36.034518],[-84.373128,36.033977],[-84.378528,36.028677],[-84.382628,36.024277],[-84.384028,36.023677],[-84.387842,36.020837],[-84.390129,36.019377],[-84.393629,36.017577],[-84.394829,36.017377],[-84.398329,36.015177],[-84.400029,36.013377],[-84.404429,36.010177],[-84.405102,36.009366],[-84.406441,36.008189],[-84.407829,36.007677],[-84.41143,36.005277],[-84.41413,36.004377],[-84.41543,36.004377],[-84.42023,36.001176],[-84.425294,35.998552],[-84.434285,35.993726],[-84.440135,35.988867],[-84.442721,35.987391],[-84.446054,35.985984],[-84.449986,35.985707],[-84.453418,35.985151],[-84.456591,35.984099],[-84.460556,35.985377],[-84.463564,35.984932],[-84.465286,35.984132],[-84.467792,35.983635],[-84.470549,35.983586],[-84.476498,35.984639],[-84.478589,35.98403],[-84.481061,35.983782],[-84.481805,35.983773],[-84.483408,35.983858],[-84.487147,35.985183],[-84.489556,35.984564],[-84.49408,35.98428],[-84.494988,35.982989],[-84.498208,35.982034],[-84.501371,35.980281],[-84.502637,35.980448],[-84.506156,35.978915],[-84.509478,35.977738],[-84.518634,35.975509],[-84.520552,35.974884],[-84.522965,35.97496],[-84.526277,35.974211],[-84.526533,35.97354],[-84.528431,35.972664],[-84.531962,35.97298],[-84.533266,35.97217],[-84.536064,35.971761],[-84.537724,35.970918],[-84.542025,35.970303],[-84.542686,35.9696],[-84.545662,35.968883],[-84.550433,35.966489],[-84.554021,35.964521],[-84.555844,35.960892],[-84.554931,35.958988],[-84.554631,35.95676],[-84.554885,35.954304],[-84.554189,35.952918],[-84.554969,35.950361],[-84.55573,35.950318],[-84.563177,35.949612],[-84.570358,35.949658],[-84.574704,35.949828],[-84.574884,35.949835],[-84.575412,35.949858],[-84.577247,35.950503],[-84.577433,35.950524],[-84.580722,35.951578],[-84.582696,35.950725],[-84.586185,35.950553],[-84.584804,35.948267],[-84.585484,35.947507],[-84.588299,35.947319],[-84.589819,35.948046],[-84.590499,35.949409],[-84.592798,35.950484],[-84.59396,35.949437],[-84.594957,35.947001],[-84.596391,35.946685],[-84.596783,35.947311],[-84.595582,35.94833],[-84.595559,35.949632],[-84.596599,35.950286],[-84.598684,35.950262],[-84.599091,35.951669],[-84.601652,35.951521],[-84.602707,35.952322],[-84.601293,35.953203],[-84.601025,35.954115],[-84.602818,35.954226],[-84.603763,35.954009],[-84.605119,35.952008],[-84.606659,35.951145],[-84.606836,35.947886],[-84.606036,35.944592],[-84.607758,35.943197],[-84.609797,35.943088],[-84.609813,35.941047],[-84.611925,35.941468],[-84.613763,35.940723],[-84.615638,35.940672],[-84.616023,35.938866],[-84.617883,35.938076],[-84.618665,35.93722],[-84.618606,35.936066],[-84.619824,35.934478],[-84.619613,35.933071],[-84.620887,35.932199],[-84.624403,35.932941],[-84.626806,35.934376],[-84.62784,35.93424],[-84.628867,35.933444],[-84.628423,35.930812],[-84.630247,35.930522],[-84.631503,35.931226],[-84.633009,35.931413],[-84.633658,35.930161],[-84.637575,35.931481],[-84.638547,35.931459],[-84.643114,35.9295],[-84.642622,35.92772],[-84.643102,35.927308],[-84.64737,35.927782],[-84.648897,35.927019],[-84.651598,35.928652],[-84.652294,35.927289],[-84.652051,35.926334],[-84.653538,35.923862],[-84.654963,35.924241],[-84.656227,35.921748],[-84.656208,35.920001],[-84.656721,35.91954],[-84.659476,35.92054],[-84.660442,35.920535],[-84.66197,35.915805],[-84.662922,35.916388],[-84.665319,35.916553],[-84.666386,35.9159],[-84.667817,35.916219],[-84.668587,35.917032],[-84.670356,35.917614],[-84.672896,35.91667],[-84.674429,35.915582],[-84.674112,35.914703],[-84.672471,35.913868],[-84.673251,35.912403],[-84.674538,35.911501],[-84.675308,35.910182],[-84.676064,35.910759],[-84.677063,35.909424],[-84.679177,35.909144],[-84.680633,35.908454],[-84.681385,35.907804],[-84.682445,35.9057],[-84.68306,35.904113],[-84.684262,35.903986],[-84.685113,35.902871],[-84.686517,35.90241],[-84.688509,35.902432],[-84.690717,35.901459],[-84.69173,35.901448],[-84.697313,35.899943],[-84.698877,35.898495],[-84.700864,35.896818],[-84.700918,35.89677],[-84.701811,35.896014],[-84.702019,35.895848],[-84.704265,35.893942],[-84.706181,35.896066],[-84.708115,35.89258],[-84.717406,35.875847],[-84.718873,35.873627],[-84.72555,35.86497],[-84.726189,35.864179],[-84.727693,35.863811],[-84.728745,35.86047],[-84.728771,35.859223],[-84.730876,35.85786],[-84.733508,35.858343],[-84.734364,35.857123],[-84.736051,35.856672],[-84.736942,35.855608],[-84.737604,35.854418],[-84.737855,35.853936],[-84.737949,35.85139],[-84.739088,35.850985],[-84.740462,35.852259],[-84.741453,35.850676],[-84.743167,35.851236],[-84.745757,35.850213],[-84.746108,35.849213],[-84.748368,35.848585],[-84.74882,35.849409],[-84.74994,35.84931],[-84.7515,35.847549],[-84.752959,35.84493],[-84.754873,35.842105],[-84.756563,35.843492],[-84.758051,35.843015],[-84.758774,35.841765],[-84.760991,35.840951],[-84.762016,35.838826],[-84.764844,35.838426],[-84.764279,35.836788],[-84.762842,35.83645],[-84.76281,35.835291],[-84.763687,35.833686],[-84.766462,35.833195],[-84.768195,35.831002],[-84.770412,35.829596],[-84.773347,35.828755],[-84.776059,35.826755],[-84.77714,35.82646],[-84.779774,35.826863],[-84.781191,35.826242],[-84.781901,35.825],[-84.782769,35.824159],[-84.78414,35.824112],[-84.7852,35.822952],[-84.783097,35.820664],[-84.782636,35.818538],[-84.783394,35.817677],[-84.7848,35.817252],[-84.78675,35.817473],[-84.789292,35.815673],[-84.789167,35.814571],[-84.786983,35.813222],[-84.784919,35.812387],[-84.781539,35.813431],[-84.780282,35.813207],[-84.778102,35.811692],[-84.776833,35.810426],[-84.774612,35.809636],[-84.77333,35.80884],[-84.771653,35.808185],[-84.769194,35.805649],[-84.765451,35.799351],[-84.765038,35.799038],[-84.763422,35.798871],[-84.759913,35.796536],[-84.757776,35.795396],[-84.75673,35.795223],[-84.753804,35.795141],[-84.751419,35.794971],[-84.751127,35.794963],[-84.749448,35.794925],[-84.747167,35.794254],[-84.746992,35.792108],[-84.742644,35.790781],[-84.741992,35.790301],[-84.741623,35.790092],[-84.74159,35.789751],[-84.739616,35.787492],[-84.739499,35.787163],[-84.739444,35.785823],[-84.738941,35.784427],[-84.738631,35.783401],[-84.738795,35.781824],[-84.738723,35.78121],[-84.738033,35.779291],[-84.73809,35.778451],[-84.738315,35.777588],[-84.738918,35.776535],[-84.740021,35.775573],[-84.740916,35.774904],[-84.74205,35.774423],[-84.743006,35.77423],[-84.744101,35.774302],[-84.745091,35.774488],[-84.745985,35.774909],[-84.7465,35.775005],[-84.746945,35.774858],[-84.747515,35.774376],[-84.7479,35.774289],[-84.749812,35.774398],[-84.750638,35.774371],[-84.751131,35.773354],[-84.751764,35.772636],[-84.75279,35.772527],[-84.753345,35.77119],[-84.753667,35.770767],[-84.753783,35.770342],[-84.753683,35.769874],[-84.753002,35.768812],[-84.752229,35.767394],[-84.752225,35.767048],[-84.753145,35.765675],[-84.753403,35.764961],[-84.753652,35.764795],[-84.754353,35.764723],[-84.755287,35.76421],[-84.756177,35.763391],[-84.757033,35.761703],[-84.757561,35.760824],[-84.757699,35.759095],[-84.757635,35.758209],[-84.757046,35.756963],[-84.755942,35.755912],[-84.754472,35.75439],[-84.753038,35.75365],[-84.751289,35.752905],[-84.749942,35.752672],[-84.749345,35.752269],[-84.748358,35.751812],[-84.747163,35.751162],[-84.745871,35.750746],[-84.744708,35.750466],[-84.743339,35.750357],[-84.742305,35.750352],[-84.740456,35.750816],[-84.739552,35.75131],[-84.738774,35.751344],[-84.737413,35.750726],[-84.736404,35.750071],[-84.733121,35.748647],[-84.732291,35.748716],[-84.731147,35.750071],[-84.730727,35.750967],[-84.730543,35.751652],[-84.730131,35.752096],[-84.729619,35.75217],[-84.729175,35.751962],[-84.728247,35.751198],[-84.727892,35.751199],[-84.727263,35.751515],[-84.726488,35.752169],[-84.725575,35.752801],[-84.723853,35.752896],[-84.721557,35.752235]]]]}},{"type":"Feature","properties":{"id":3,"NAME":"3","TotalPop":766893,"PopDevPct":-0.0012738,"DemPct":0.30252643,"RepPct":0.68460865,"WhitePct":0.79802545,"MinorityPct":0.20197455,"BlackPct":0.1009675,"HispanicPct":0.05308379,"PacificPct":0.00106639,"AsianPct":0.01871539,"NativePct":0.02813819,"TotalVAP":606720,"Margin":-0.19747357,"color":"#960018","opacity":"0.5"},"geometry":{"type":"MultiPolygon","coordinates":[[[[-85.18892,35.418001],[-85.192881,35.410841],[-85.195973,35.403494],[-85.20296,35.392014],[-85.205094,35.388507],[-85.211452,35.378065],[-85.21312,35.375422],[-85.216407,35.370025],[-85.222064,35.360629],[-85.223809,35.357729],[-85.225473,35.354923],[-85.225877,35.354276],[-85.227413,35.351745],[-85.231384,35.344862],[-85.231505,35.344652],[-85.232757,35.342479],[-85.242761,35.324897],[-85.246005,35.319077],[-85.248683,35.316049],[-85.249958,35.314667],[-85.254249,35.309174],[-85.25751,35.305535],[-85.262677,35.299305],[-85.268377,35.292383],[-85.271403,35.288548],[-85.27183,35.28804],[-85.276066,35.282963],[-85.280396,35.27772],[-85.285193,35.271939],[-85.289701,35.266402],[-85.292544,35.26291],[-85.305033,35.247645],[-85.312582,35.23828],[-85.324291,35.223859],[-85.328112,35.219162],[-85.333114,35.213224],[-85.343887,35.199883],[-85.349471,35.193145],[-85.353065,35.188854],[-85.354669,35.186851],[-85.356439,35.184407],[-85.361986,35.177684],[-85.363127,35.176299],[-85.366334,35.172413],[-85.372073,35.165176],[-85.376418,35.160009],[-85.376867,35.159474],[-85.382889,35.152221],[-85.387089,35.147169],[-85.386571,35.151246],[-85.387072,35.153494],[-85.386864,35.15506],[-85.387431,35.157269],[-85.388267,35.158754],[-85.391109,35.161574],[-85.39161,35.162552],[-85.394031,35.16546],[-85.39486,35.167329],[-85.394063,35.169005],[-85.394082,35.171],[-85.393531,35.173703],[-85.392547,35.175181],[-85.392171,35.176665],[-85.390851,35.178626],[-85.388675,35.179933],[-85.38824,35.180774],[-85.390232,35.185276],[-85.393115,35.187728],[-85.394774,35.190135],[-85.395984,35.193521],[-85.395883,35.195681],[-85.393853,35.197664],[-85.392654,35.198356],[-85.391609,35.199933],[-85.391427,35.201367],[-85.392303,35.203807],[-85.39362,35.206248],[-85.396934,35.208365],[-85.398169,35.21021],[-85.398934,35.212234],[-85.400103,35.21393],[-85.401436,35.216406],[-85.40114,35.218788],[-85.401247,35.220313],[-85.403794,35.223932],[-85.405865,35.225162],[-85.407774,35.225715],[-85.408676,35.226593],[-85.410906,35.228767],[-85.413422,35.23122],[-85.417028,35.234735],[-85.418071,35.235752],[-85.425565,35.243057],[-85.424513,35.244955],[-85.426,35.246494],[-85.430649,35.248072],[-85.432017,35.249519],[-85.432478,35.249911],[-85.433472,35.252417],[-85.436065,35.252631],[-85.437177,35.253247],[-85.439166,35.253351],[-85.439893,35.254432],[-85.44091,35.251733],[-85.442901,35.24807],[-85.445156,35.243046],[-85.444368,35.2456],[-85.445032,35.246271],[-85.448388,35.245721],[-85.450082,35.245017],[-85.45238,35.244655],[-85.455227,35.246353],[-85.458347,35.246016],[-85.458615,35.245356],[-85.460361,35.244095],[-85.461045,35.243007],[-85.459853,35.242424],[-85.459422,35.239774],[-85.46092,35.236439],[-85.461086,35.233884],[-85.462201,35.231209],[-85.462998,35.230082],[-85.464117,35.230226],[-85.466769,35.225668],[-85.466744,35.224294],[-85.468218,35.222643],[-85.469082,35.22257],[-85.469451,35.221402],[-85.471338,35.218838],[-85.472074,35.215406],[-85.473822,35.212263],[-85.474005,35.211121],[-85.476066,35.210617],[-85.478054,35.209357],[-85.479567,35.208956],[-85.482573,35.209224],[-85.484295,35.209812],[-85.485481,35.210809],[-85.488995,35.20854],[-85.491161,35.207591],[-85.492709,35.207322],[-85.49445,35.207601],[-85.495631,35.208283],[-85.496257,35.208024],[-85.49666,35.205508],[-85.49544,35.204616],[-85.493397,35.204186],[-85.490758,35.202822],[-85.490514,35.201746],[-85.491463,35.201336],[-85.494068,35.202262],[-85.495126,35.201296],[-85.495697,35.198409],[-85.497503,35.197653],[-85.500319,35.195634],[-85.501829,35.196192],[-85.504017,35.193785],[-85.504778,35.194128],[-85.505446,35.196351],[-85.507597,35.198255],[-85.51041,35.196135],[-85.511504,35.194699],[-85.512038,35.190651],[-85.512686,35.189032],[-85.513832,35.187864],[-85.514833,35.185507],[-85.514444,35.183705],[-85.513438,35.181641],[-85.514173,35.180898],[-85.514363,35.178941],[-85.517609,35.177527],[-85.519877,35.177288],[-85.520797,35.175378],[-85.522629,35.173092],[-85.522992,35.171557],[-85.525303,35.169335],[-85.526257,35.163339],[-85.533157,35.164203],[-85.533079,35.164656],[-85.535272,35.165188],[-85.535501,35.165258],[-85.535446,35.165375],[-85.53534,35.165578],[-85.535306,35.165644],[-85.535201,35.165872],[-85.53513,35.166061],[-85.535117,35.166122],[-85.535109,35.166166],[-85.535562,35.166292],[-85.536844,35.163618],[-85.538375,35.160415],[-85.538758,35.160558],[-85.53989,35.158161],[-85.543152,35.151252],[-85.542736,35.150979],[-85.543277,35.146748],[-85.54396,35.14525],[-85.547378,35.140017],[-85.548478,35.140143],[-85.550326,35.136376],[-85.553357,35.133149],[-85.567945,35.119322],[-85.56834,35.118963],[-85.581441,35.106532],[-85.582537,35.107914],[-85.591265,35.106462],[-85.591224,35.104988],[-85.596137,35.105442],[-85.599574,35.103583],[-85.60043,35.102742],[-85.602352,35.102622],[-85.604688,35.100282],[-85.606826,35.097344],[-85.607844,35.096408],[-85.609862,35.0966],[-85.611547,35.098529],[-85.609728,35.095425],[-85.610891,35.095129],[-85.613248,35.09509],[-85.6185,35.093815],[-85.622093,35.092623],[-85.622651,35.09076],[-85.623471,35.091704],[-85.624865,35.09287],[-85.626951,35.093398],[-85.629757,35.093993],[-85.631231,35.0943],[-85.631273,35.093799],[-85.632971,35.093738],[-85.634053,35.095146],[-85.635594,35.095583],[-85.639544,35.094824],[-85.641043,35.094096],[-85.641601,35.093863],[-85.641599,35.094057],[-85.641595,35.094124],[-85.641612,35.094125],[-85.641719,35.094129],[-85.642041,35.094143],[-85.642149,35.094148],[-85.64238,35.094162],[-85.642555,35.094176],[-85.64258,35.094174],[-85.642634,35.094171],[-85.642702,35.094148],[-85.642742,35.094102],[-85.642748,35.094027],[-85.64277,35.093764],[-85.642793,35.093658],[-85.642855,35.093593],[-85.643247,35.093366],[-85.643537,35.0932],[-85.643602,35.093178],[-85.643633,35.093168],[-85.643716,35.093163],[-85.643746,35.093162],[-85.643916,35.093154],[-85.64394,35.093154],[-85.644523,35.093157],[-85.644718,35.093158],[-85.644746,35.093019],[-85.644749,35.092944],[-85.644751,35.092918],[-85.644758,35.092793],[-85.644745,35.092724],[-85.644686,35.092675],[-85.644689,35.092636],[-85.644702,35.092573],[-85.644734,35.092523],[-85.646058,35.092629],[-85.648205,35.092015],[-85.652176,35.092301],[-85.652865,35.091845],[-85.655921,35.093192],[-85.658101,35.093375],[-85.659859,35.094804],[-85.661442,35.098228],[-85.664103,35.100939],[-85.668904,35.101401],[-85.672187,35.103919],[-85.675531,35.104596],[-85.676032,35.105354],[-85.676123,35.104174],[-85.677152,35.101727],[-85.676884,35.100154],[-85.677157,35.09811],[-85.679804,35.097214],[-85.681632,35.095947],[-85.68264,35.094511],[-85.683843,35.094515],[-85.685702,35.093316],[-85.687038,35.094766],[-85.687443,35.096681],[-85.694353,35.103901],[-85.696658,35.103371],[-85.698062,35.101772],[-85.699988,35.101519],[-85.701737,35.097762],[-85.70101,35.094663],[-85.700949,35.092228],[-85.700174,35.089215],[-85.695275,35.087326],[-85.697675,35.085233],[-85.69771,35.08474],[-85.700639,35.082335],[-85.70334,35.080519],[-85.704792,35.079067],[-85.707399,35.077663],[-85.708763,35.076082],[-85.710703,35.074593],[-85.713573,35.073094],[-85.722562,35.073749],[-85.725342,35.073105],[-85.726585,35.071],[-85.728864,35.070532],[-85.729647,35.069124],[-85.727139,35.066273],[-85.724778,35.063229],[-85.721125,35.059138],[-85.718119,35.056981],[-85.714061,35.054092],[-85.711977,35.052334],[-85.712007,35.052057],[-85.712427,35.047916],[-85.71254,35.047082],[-85.718725,35.038819],[-85.72329,35.039541],[-85.727378,35.040431],[-85.727639,35.040491],[-85.728064,35.040837],[-85.72856,35.04125],[-85.728954,35.042016],[-85.729296,35.041962],[-85.732106,35.041239],[-85.734683,35.040672],[-85.738496,35.039357],[-85.744959,35.037406],[-85.745112,35.037344],[-85.745657,35.037491],[-85.745962,35.03931],[-85.746743,35.04081],[-85.750514,35.038166],[-85.753295,35.037998],[-85.75334,35.037098],[-85.755894,35.037173],[-85.756881,35.036197],[-85.759581,35.03345],[-85.761752,35.032542],[-85.764894,35.03029],[-85.767168,35.030364],[-85.768773,35.031821],[-85.770785,35.032493],[-85.774757,35.031017],[-85.776502,35.031703],[-85.780173,35.031621],[-85.781456,35.031896],[-85.782789,35.030468],[-85.783953,35.031321],[-85.785594,35.028904],[-85.790166,35.026699],[-85.79097,35.023973],[-85.792241,35.021898],[-85.792262,35.020467],[-85.791483,35.018643],[-85.791973,35.016566],[-85.791682,35.014224],[-85.792485,35.012521],[-85.793267,35.011873],[-85.794873,35.00863],[-85.794738,35.006419],[-85.793979,35.002646],[-85.795408,34.999791],[-85.795273,34.997711],[-85.796986,34.994316],[-85.798446,34.990594],[-85.798236,34.989241],[-85.795819,34.9876],[-85.772677,34.987323],[-85.763072,34.98722],[-85.757948,34.987166],[-85.748941,34.987065],[-85.745415,34.987011],[-85.735776,34.986865],[-85.726237,34.98672],[-85.722153,34.986657],[-85.720283,34.98663],[-85.719769,34.986622],[-85.702249,34.986355],[-85.700824,34.986333],[-85.699396,34.986311],[-85.696584,34.986268],[-85.694764,34.986241],[-85.676966,34.985969],[-85.655931,34.985649],[-85.638299,34.985381],[-85.637641,34.985372],[-85.622034,34.985104],[-85.611494,34.984837],[-85.610559,34.984814],[-85.605165,34.984678],[-85.603279,34.98466],[-85.599894,34.984576],[-85.597855,34.984583],[-85.57267,34.984254],[-85.552714,34.983996],[-85.534166,34.983755],[-85.517973,34.983544],[-85.503294,34.983366],[-85.498195,34.983199],[-85.485196,34.983104],[-85.474073,34.98302],[-85.466509,34.982971],[-85.46347,34.982973],[-85.459194,34.982999],[-85.458583,34.983019],[-85.458017,34.983018],[-85.432329,34.982958],[-85.431695,34.982957],[-85.422244,34.982957],[-85.410488,34.982936],[-85.409565,34.982955],[-85.409182,34.982961],[-85.40763,34.982938],[-85.398423,34.982972],[-85.395215,34.982971],[-85.394945,34.98296],[-85.384884,34.982988],[-85.379718,34.983035],[-85.379512,34.983035],[-85.365238,34.983291],[-85.364758,34.983375],[-85.362919,34.983374],[-85.362476,34.983375],[-85.360931,34.983573],[-85.360625,34.983564],[-85.35796,34.983487],[-85.355838,34.983564],[-85.354221,34.983573],[-85.349074,34.983578],[-85.345558,34.983675],[-85.345371,34.983673],[-85.344391,34.983665],[-85.341558,34.983775],[-85.333267,34.983976],[-85.332568,34.983975],[-85.327428,34.983976],[-85.322819,34.984155],[-85.317152,34.984176],[-85.310378,34.984375],[-85.305462,34.984475],[-85.29937,34.984505],[-85.294645,34.984612],[-85.294613,34.98462],[-85.289565,34.984775],[-85.287874,34.984784],[-85.287016,34.984868],[-85.286908,34.984869],[-85.285778,34.984774],[-85.284609,34.984778],[-85.281148,34.98488],[-85.280199,34.984904],[-85.27752,34.984974],[-85.273676,34.984974],[-85.27302,34.984975],[-85.270966,34.985074],[-85.264096,34.985075],[-85.25533,34.985171],[-85.254823,34.985014],[-85.252187,34.985231],[-85.244896,34.985374],[-85.242185,34.985521],[-85.239408,34.985661],[-85.235643,34.985834],[-85.23041,34.985489],[-85.227925,34.985475],[-85.226572,34.985574],[-85.225116,34.985479],[-85.223457,34.985569],[-85.221873,34.985476],[-85.220509,34.985578],[-85.218566,34.98567],[-85.218017,34.985675],[-85.21654,34.985675],[-85.21119,34.985636],[-85.209886,34.985688],[-85.208714,34.985775],[-85.207304,34.985775],[-85.202927,34.985777],[-85.201646,34.985867],[-85.201362,34.985876],[-85.195694,34.985778],[-85.19233,34.985876],[-85.187984,34.985972],[-85.187503,34.985979],[-85.182469,34.986075],[-85.180483,34.986074],[-85.175227,34.985976],[-85.171822,34.986013],[-85.166123,34.986079],[-85.164779,34.986098],[-85.157823,34.986301],[-85.154375,34.986275],[-85.150728,34.986275],[-85.147501,34.986279],[-85.143886,34.986372],[-85.140602,34.986374],[-85.138825,34.986449],[-85.130802,34.986511],[-85.126875,34.986497],[-85.126653,34.986445],[-85.124223,34.986504],[-85.118297,34.986531],[-85.117449,34.986535],[-85.114069,34.98655],[-85.106127,34.986581],[-85.102082,34.986571],[-85.096092,34.986538],[-85.083614,34.986667],[-85.064833,34.986648],[-85.057627,34.986697],[-85.057385,34.986698],[-85.057361,34.986699],[-85.056662,34.986703],[-85.056421,34.986706],[-85.055706,34.986711],[-85.05402,34.986723],[-85.053564,34.986726],[-85.052957,34.986731],[-85.05285,34.986733],[-85.051581,34.986756],[-85.049879,34.986789],[-85.047774,34.986828],[-85.046505,34.986852],[-85.037504,34.986987],[-85.025622,34.987085],[-85.00975,34.987343],[-85.007985,34.987355],[-84.999518,34.987563],[-84.984488,34.987622],[-84.981887,34.987637],[-84.980434,34.987646],[-84.976976,34.987664],[-84.962404,34.98775],[-84.961659,34.987752],[-84.955667,34.987829],[-84.952772,34.987943],[-84.944202,34.987848],[-84.943898,34.987871],[-84.93949,34.987913],[-84.93078,34.987903],[-84.921993,34.987893],[-84.905005,34.987864],[-84.891515,34.988243],[-84.891526,34.98787],[-84.886527,34.987871],[-84.88002,34.987875],[-84.860954,34.987804],[-84.85819,34.987755],[-84.851864,34.987754],[-84.831882,34.987995],[-84.831229,34.987744],[-84.820465,34.987975],[-84.819893,34.987776],[-84.80785,34.987594],[-84.802399,34.98764],[-84.779663,34.98785],[-84.776076,34.987881],[-84.775853,34.987884],[-84.750029,34.988123],[-84.738484,34.987838],[-84.737045,34.987885],[-84.730881,34.988169],[-84.725635,34.988031],[-84.709461,34.988108],[-84.68228,34.988181],[-84.677546,34.988106],[-84.66569,34.988113],[-84.634491,34.988008],[-84.624933,34.987978],[-84.621483,34.988329],[-84.604845,34.988316],[-84.603647,34.988312],[-84.600705,34.988303],[-84.59842,34.988272],[-84.597174,34.988268],[-84.596362,34.988295],[-84.596177,34.988294],[-84.595623,34.988292],[-84.595439,34.988292],[-84.593747,34.988319],[-84.571279,34.988265],[-84.56824,34.988298],[-84.555168,34.988206],[-84.503328,34.988017],[-84.487342,34.988183],[-84.466677,34.988118],[-84.466222,34.988114],[-84.463438,34.988109],[-84.458009,34.988092],[-84.455255,34.988118],[-84.453298,34.988119],[-84.44519,34.988106],[-84.438611,34.988096],[-84.425981,34.988076],[-84.413831,34.988056],[-84.403753,34.98804],[-84.401946,34.988038],[-84.398427,34.988034],[-84.393819,34.988067],[-84.389937,34.988021],[-84.387916,34.988014],[-84.382889,34.988001],[-84.381325,34.987996],[-84.377382,34.987986],[-84.373639,34.988183],[-84.372236,34.98821],[-84.371646,34.98821],[-84.371075,34.988242],[-84.37077,34.988243],[-84.37016,34.988247],[-84.36886,34.988261],[-84.36836,34.988258],[-84.367351,34.988258],[-84.367075,34.988258],[-84.366089,34.988261],[-84.352225,34.988223],[-84.340489,34.988336],[-84.338294,34.98835],[-84.332309,34.988385],[-84.328765,34.988407],[-84.323798,34.988409],[-84.321821,34.988408],[-84.32151,34.991219],[-84.320174,35.002772],[-84.317645,35.02172],[-84.317627,35.021862],[-84.317602,35.022047],[-84.316022,35.033827],[-84.315911,35.034647],[-84.315118,35.040561],[-84.31407,35.048363],[-84.312715,35.058453],[-84.31267,35.058785],[-84.312216,35.062168],[-84.311385,35.068566],[-84.310032,35.078977],[-84.308219,35.092946],[-84.307169,35.10101],[-84.30645,35.106571],[-84.305714,35.112232],[-84.305148,35.11658],[-84.305146,35.116592],[-84.305075,35.11714],[-84.305004,35.117688],[-84.304933,35.118235],[-84.304927,35.118284],[-84.304645,35.120441],[-84.304524,35.121373],[-84.30266,35.135507],[-84.299257,35.161142],[-84.298809,35.163912],[-84.29849,35.165738],[-84.298109,35.167934],[-84.297996,35.168565],[-84.297305,35.172564],[-84.297133,35.173521],[-84.296027,35.178728],[-84.295626,35.18055],[-84.294838,35.185017],[-84.294559,35.188641],[-84.293493,35.197573],[-84.292365,35.206694],[-84.290519,35.223571],[-84.290332,35.224662],[-84.290055,35.225443],[-84.287893,35.224398],[-84.285813,35.22622],[-84.283297,35.226459],[-84.282803,35.227635],[-84.281543,35.22894],[-84.277875,35.231497],[-84.277234,35.232871],[-84.275909,35.234204],[-84.272136,35.236015],[-84.268746,35.237998],[-84.267234,35.238284],[-84.2652,35.239908],[-84.260916,35.241549],[-84.259994,35.24222],[-84.25868,35.245345],[-84.252775,35.249534],[-84.25017,35.251018],[-84.247282,35.251469],[-84.243,35.25321],[-84.240438,35.255149],[-84.239694,35.256671],[-84.234828,35.26146],[-84.233331,35.262764],[-84.232646,35.264093],[-84.229201,35.265943],[-84.228845,35.266973],[-84.227484,35.267926],[-84.224611,35.268859],[-84.223415,35.268907],[-84.221163,35.267518],[-84.217718,35.26816],[-84.216015,35.267512],[-84.214704,35.266209],[-84.211395,35.265621],[-84.209167,35.262202],[-84.206473,35.260369],[-84.204902,35.257477],[-84.202887,35.255116],[-84.202396,35.253042],[-84.202823,35.251805],[-84.201688,35.250149],[-84.201791,35.248021],[-84.200481,35.245207],[-84.199212,35.243667],[-84.197243,35.244281],[-84.193166,35.244681],[-84.191157,35.241951],[-84.188957,35.240217],[-84.183513,35.239996],[-84.179067,35.240434],[-84.177794,35.241828],[-84.17301,35.244349],[-84.171401,35.244722],[-84.169869,35.246435],[-84.168396,35.245521],[-84.166703,35.245225],[-84.162894,35.243809],[-84.161161,35.243599],[-84.159486,35.245651],[-84.157517,35.245806],[-84.154723,35.246494],[-84.152734,35.245975],[-84.149972,35.246059],[-84.14797,35.246844],[-84.145415,35.24643],[-84.143831,35.246685],[-84.1394,35.246097],[-84.136612,35.244607],[-84.133619,35.242377],[-84.131918,35.241785],[-84.129753,35.241669],[-84.127277,35.240755],[-84.125958,35.241524],[-84.125687,35.242441],[-84.126251,35.243511],[-84.126131,35.244904],[-84.126659,35.24577],[-84.126491,35.247154],[-84.12522,35.249871],[-84.122974,35.249892],[-84.121128,35.250629],[-84.119927,35.252049],[-84.119077,35.252249],[-84.116171,35.251163],[-84.114168,35.249161],[-84.113083,35.249024],[-84.110309,35.250436],[-84.109253,35.249891],[-84.106849,35.251518],[-84.105313,35.250363],[-84.104207,35.250214],[-84.102965,35.248631],[-84.101053,35.248459],[-84.098628,35.247564],[-84.097504,35.247598],[-84.092318,35.249374],[-84.091337,35.250043],[-84.090938,35.251374],[-84.087795,35.253105],[-84.084934,35.255556],[-84.08253,35.256288],[-84.082837,35.258408],[-84.081013,35.261158],[-84.077249,35.262116],[-84.073991,35.263365],[-84.072635,35.263306],[-84.06732,35.26497],[-84.063684,35.26663],[-84.059169,35.267353],[-84.055598,35.268496],[-84.052383,35.270495],[-84.052614,35.27141],[-84.050669,35.273567],[-84.046719,35.274416],[-84.045539,35.276193],[-84.041504,35.278975],[-84.040542,35.280181],[-84.039295,35.284206],[-84.036239,35.288418],[-84.033171,35.289879],[-84.030229,35.291746],[-84.028031,35.292756],[-84.024254,35.295504],[-84.023085,35.297196],[-84.023303,35.298916],[-84.021495,35.301083],[-84.021779,35.301857],[-84.023032,35.302385],[-84.023975,35.304188],[-84.026298,35.306321],[-84.02674,35.309431],[-84.027911,35.310099],[-84.034115,35.311183],[-84.035717,35.312913],[-84.035829,35.315798],[-84.035115,35.318387],[-84.033919,35.320614],[-84.034566,35.322108],[-84.032878,35.324064],[-84.032442,35.325286],[-84.032535,35.327643],[-84.032184,35.328766],[-84.030397,35.330691],[-84.029287,35.333256],[-84.031414,35.336476],[-84.032767,35.337181],[-84.035922,35.337496],[-84.036212,35.339371],[-84.035568,35.34147],[-84.034053,35.342546],[-84.034001,35.343276],[-84.038266,35.348214],[-84.038881,35.348208],[-84.03839,35.350924],[-84.034274,35.351646],[-84.03295,35.352868],[-84.02961,35.353763],[-84.028046,35.353623],[-84.023714,35.354087],[-84.02273,35.356273],[-84.021006,35.356962],[-84.019456,35.358341],[-84.019247,35.359518],[-84.016455,35.362658],[-84.015057,35.364981],[-84.007394,35.371649],[-84.008742,35.372818],[-84.008882,35.375731],[-84.008301,35.378766],[-84.009587,35.380889],[-84.00963,35.381872],[-84.00968,35.382503],[-84.011396,35.384601],[-84.010457,35.386813],[-84.008296,35.389732],[-84.008907,35.391299],[-84.010475,35.391983],[-84.011963,35.391883],[-84.012794,35.392664],[-84.013695,35.397646],[-84.015138,35.398555],[-84.017881,35.399307],[-84.018712,35.399996],[-84.020311,35.403038],[-84.021452,35.404223],[-84.021101,35.40641],[-84.02283,35.409265],[-84.023498,35.411419],[-84.023052,35.411933],[-84.020224,35.411998],[-84.018304,35.411396],[-84.0153,35.411931],[-84.013889,35.412711],[-84.01217,35.415069],[-84.01064,35.416477],[-84.006181,35.41964],[-84.005254,35.421186],[-84.004262,35.421449],[-84.001682,35.423029],[-83.999482,35.425941],[-83.999165,35.426936],[-83.999884,35.428366],[-83.997955,35.430732],[-83.999412,35.431343],[-83.998636,35.432176],[-83.999708,35.433191],[-83.999124,35.434223],[-83.997442,35.433801],[-83.996351,35.434905],[-83.994894,35.435069],[-83.994476,35.436739],[-83.992985,35.437757],[-83.992601,35.439465],[-83.991777,35.440674],[-83.990308,35.439611],[-83.988194,35.439362],[-83.988671,35.440311],[-83.987983,35.440921],[-83.984433,35.44015],[-83.983449,35.44081],[-83.982533,35.444271],[-83.979757,35.44826],[-83.97854,35.447961],[-83.976719,35.446692],[-83.975828,35.446561],[-83.97532,35.447809],[-83.973968,35.447878],[-83.972745,35.44723],[-83.973077,35.44865],[-83.973017,35.451792],[-83.97272,35.452992],[-83.971096,35.453007],[-83.971969,35.454638],[-83.970948,35.455493],[-83.969461,35.455167],[-83.966516,35.455119],[-83.964797,35.454105],[-83.964242,35.455083],[-83.96563,35.455724],[-83.964864,35.456621],[-83.963085,35.456422],[-83.963223,35.458031],[-83.961051,35.460174],[-83.961193,35.461673],[-83.961102,35.463754],[-83.96108,35.464138],[-83.957932,35.464267],[-83.955772,35.463645],[-83.954572,35.462854],[-83.952964,35.460543],[-83.949242,35.461099],[-83.947573,35.462214],[-83.947167,35.463039],[-83.94498,35.46422],[-83.942738,35.464524],[-83.94301,35.465451],[-83.94197,35.467312],[-83.938654,35.469462],[-83.936978,35.471442],[-83.934904,35.472156],[-83.929223,35.47321],[-83.927996,35.473002],[-83.925504,35.473546],[-83.924141,35.474311],[-83.921716,35.474254],[-83.920844,35.473849],[-83.919022,35.473292],[-83.91856,35.473628],[-83.915835,35.473889],[-83.913809,35.475459],[-83.911875,35.476068],[-83.908976,35.480464],[-83.909143,35.482512],[-83.908788,35.483753],[-83.907219,35.4855],[-83.905781,35.488689],[-83.901249,35.491347],[-83.900365,35.493031],[-83.900291,35.494288],[-83.901335,35.495106],[-83.901466,35.496552],[-83.898523,35.499164],[-83.897216,35.499708],[-83.896894,35.500963],[-83.894709,35.502032],[-83.892801,35.50224],[-83.889861,35.504737],[-83.887756,35.508609],[-83.884029,35.512556],[-83.883169,35.51403],[-83.883228,35.515615],[-83.880312,35.518782],[-83.879202,35.519303],[-83.876648,35.519277],[-83.872894,35.52089],[-83.868755,35.520002],[-83.863637,35.520861],[-83.861856,35.520577],[-83.858706,35.521457],[-83.857181,35.521573],[-83.854076,35.520618],[-83.849326,35.518621],[-83.846008,35.520127],[-83.845008,35.520946],[-83.842374,35.521507],[-83.840124,35.521518],[-83.835482,35.523623],[-83.832143,35.524574],[-83.827938,35.524536],[-83.825566,35.524311],[-83.823363,35.525454],[-83.820192,35.5258],[-83.819278,35.527327],[-83.816504,35.528898],[-83.812581,35.531925],[-83.809893,35.532996],[-83.808704,35.53477],[-83.808038,35.537093],[-83.806311,35.538087],[-83.802609,35.541564],[-83.798598,35.541756],[-83.796581,35.543304],[-83.794646,35.545649],[-83.791756,35.546088],[-83.790246,35.546963],[-83.786964,35.547796],[-83.785667,35.548471],[-83.784444,35.549794],[-83.782743,35.55041],[-83.780444,35.550524],[-83.779423,35.55137],[-83.778219,35.553215],[-83.777036,35.553995],[-83.775093,35.556361],[-83.772733,35.557366],[-83.772288,35.560612],[-83.771889,35.56139],[-83.770587,35.561743],[-83.767589,35.561879],[-83.765398,35.561637],[-83.764188,35.562696],[-83.759551,35.562573],[-83.755113,35.564587],[-83.75092,35.562493],[-83.747561,35.560401],[-83.746162,35.560424],[-83.74406,35.56193],[-83.743025,35.563111],[-83.741103,35.562893],[-83.738866,35.564657],[-83.736412,35.56546],[-83.734476,35.565027],[-83.73264,35.563649],[-83.73018,35.56415],[-83.728445,35.56387],[-83.727329,35.562789],[-83.722536,35.562357],[-83.721112,35.563379],[-83.717956,35.564062],[-83.715358,35.563897],[-83.714007,35.564183],[-83.712591,35.566305],[-83.71023,35.566601],[-83.708079,35.568041],[-83.706607,35.568612],[-83.704328,35.568673],[-83.701323,35.56747],[-83.697088,35.569564],[-83.696087,35.570295],[-83.695045,35.57024],[-83.692262,35.568713],[-83.689687,35.568972],[-83.687697,35.568197],[-83.684416,35.568933],[-83.682763,35.568752],[-83.679825,35.57034],[-83.678238,35.569768],[-83.676699,35.570219],[-83.674554,35.570104],[-83.673169,35.569395],[-83.667617,35.56929],[-83.664874,35.5698],[-83.662999,35.569468],[-83.660827,35.568344],[-83.657526,35.569228],[-83.656014,35.570013],[-83.65381,35.569465],[-83.653204,35.568414],[-83.648637,35.567573],[-83.64618,35.566709],[-83.64536,35.566023],[-83.639962,35.566203],[-83.639569,35.566641],[-83.636096,35.567712],[-83.634899,35.568535],[-83.634105,35.570397],[-83.633526,35.570693],[-83.629468,35.568165],[-83.626374,35.569361],[-83.624888,35.57069],[-83.623472,35.571086],[-83.621409,35.572648],[-83.618719,35.572232],[-83.617899,35.573018],[-83.616097,35.573482],[-83.614929,35.574695],[-83.613497,35.575129],[-83.611098,35.576954],[-83.608498,35.580009],[-83.601774,35.578919],[-83.599816,35.577195],[-83.597925,35.574801],[-83.596393,35.575087],[-83.594597,35.573473],[-83.591778,35.571633],[-83.591253,35.569058],[-83.589821,35.568575],[-83.587561,35.567026],[-83.586613,35.564236],[-83.585987,35.563445],[-83.584374,35.562698],[-83.581153,35.562814],[-83.579143,35.56382],[-83.577954,35.563562],[-83.57478,35.563969],[-83.573255,35.565189],[-83.571561,35.565343],[-83.56953,35.564316],[-83.568064,35.564064],[-83.566216,35.564443],[-83.564979,35.566091],[-83.562008,35.565163],[-83.559292,35.564613],[-83.55626,35.564998],[-83.552206,35.56418],[-83.551171,35.563493],[-83.547836,35.564196],[-83.544973,35.565256],[-83.54231,35.565234],[-83.540717,35.565865],[-83.536004,35.564722],[-83.530304,35.564512],[-83.528731,35.564979],[-83.52629,35.564808],[-83.521974,35.565593],[-83.519958,35.564988],[-83.518096,35.56307],[-83.516234,35.562416],[-83.513229,35.56308],[-83.510567,35.562711],[-83.507878,35.561974],[-83.504262,35.562055],[-83.498544,35.562888],[-83.495071,35.565857],[-83.493317,35.56683],[-83.49013,35.56704],[-83.485834,35.56819],[-83.482644,35.572548],[-83.481805,35.574828],[-83.47974,35.57826],[-83.478631,35.57919],[-83.47916,35.583031],[-83.478588,35.583542],[-83.473963,35.5854],[-83.47237,35.587158],[-83.472499,35.589153],[-83.471296,35.590268],[-83.466373,35.591687],[-83.462692,35.59257],[-83.462073,35.593924],[-83.461452,35.595286],[-83.45914,35.595844],[-83.456589,35.597194],[-83.455305,35.598847],[-83.455011,35.602022],[-83.452905,35.60272],[-83.451254,35.60394],[-83.450767,35.60633],[-83.447034,35.608632],[-83.446415,35.609368],[-83.445676,35.611747],[-83.441263,35.611753],[-83.439803,35.61122],[-83.435142,35.610687],[-83.432303,35.60999],[-83.430108,35.610164],[-83.428003,35.610708],[-83.425925,35.611083],[-83.422038,35.611049],[-83.420726,35.611786],[-83.420268,35.613417],[-83.416917,35.614307],[-83.415182,35.614455],[-83.412046,35.616267],[-83.411609,35.617014],[-83.409006,35.618249],[-83.406522,35.61999],[-83.403461,35.621341],[-83.399276,35.621862],[-83.396282,35.622806],[-83.39295,35.624859],[-83.390667,35.628151],[-83.388713,35.632392],[-83.388726,35.633622],[-83.382286,35.634515],[-83.377926,35.634645],[-83.376612,35.636847],[-83.371828,35.639163],[-83.371269,35.638378],[-83.368295,35.637769],[-83.367709,35.637957],[-83.366163,35.640924],[-83.363776,35.642919],[-83.362605,35.643238],[-83.360628,35.645706],[-83.358246,35.647075],[-83.358241,35.648843],[-83.356102,35.650419],[-83.355753,35.652168],[-83.356036,35.654151],[-83.354522,35.65541],[-83.352841,35.658717],[-83.350985,35.660449],[-83.346259,35.661445],[-83.345007,35.661209],[-83.342766,35.662929],[-83.341932,35.664061],[-83.340782,35.664578],[-83.339374,35.663589],[-83.338365,35.66376],[-83.335437,35.665508],[-83.334656,35.665662],[-83.332138,35.664547],[-83.330468,35.664542],[-83.329566,35.663729],[-83.327701,35.663763],[-83.324678,35.663081],[-83.321616,35.663054],[-83.319818,35.660946],[-83.315341,35.657018],[-83.313853,35.656266],[-83.312379,35.654706],[-83.310945,35.654491],[-83.309713,35.654958],[-83.309034,35.656029],[-83.306506,35.65548],[-83.303555,35.655865],[-83.302256,35.656584],[-83.298567,35.657134],[-83.296211,35.65888],[-83.293497,35.662056],[-83.293672,35.664917],[-83.291928,35.666011],[-83.291133,35.669307],[-83.290951,35.672602],[-83.288843,35.674481],[-83.284252,35.674436],[-83.282797,35.675205],[-83.281342,35.677699],[-83.277848,35.678522],[-83.274467,35.679076],[-83.273039,35.680531],[-83.272076,35.682327],[-83.271166,35.683168],[-83.271044,35.686316],[-83.27068,35.686827],[-83.266908,35.688649],[-83.263305,35.688516],[-83.261076,35.689773],[-83.259291,35.690371],[-83.258152,35.692106],[-83.257734,35.69382],[-83.255961,35.69499],[-83.254439,35.695308],[-83.254822,35.697659],[-83.255744,35.698994],[-83.255265,35.700428],[-83.256414,35.703862],[-83.257417,35.705225],[-83.255409,35.706218],[-83.251635,35.708875],[-83.251655,35.709545],[-83.25349,35.712153],[-83.253585,35.714213],[-83.255343,35.715084],[-83.260392,35.715424],[-83.266607,35.713634],[-83.270809,35.712982],[-83.274923,35.713199],[-83.276413,35.713591],[-83.276502,35.71512],[-83.274884,35.718826],[-83.274954,35.721941],[-83.276622,35.726985],[-83.27682,35.729134],[-83.277885,35.730878],[-83.280431,35.732684],[-83.280757,35.734769],[-83.280422,35.73708],[-83.280858,35.742311],[-83.28079,35.746995],[-83.280159,35.74921],[-83.280778,35.750095],[-83.278992,35.753246],[-83.278802,35.75686],[-83.278151,35.7599],[-83.277564,35.762307],[-83.276534,35.764467],[-83.276121,35.767429],[-83.275055,35.769644],[-83.276241,35.771165],[-83.274733,35.771472],[-83.275237,35.772919],[-83.277356,35.773446],[-83.276851,35.776784],[-83.275349,35.778617],[-83.276814,35.779439],[-83.278392,35.779648],[-83.281746,35.778341],[-83.283938,35.778271],[-83.284248,35.779322],[-83.285769,35.780445],[-83.285159,35.781524],[-83.286807,35.783619],[-83.285289,35.784871],[-83.28543,35.786034],[-83.286713,35.787541],[-83.286274,35.788321],[-83.28597,35.791241],[-83.287159,35.7937],[-83.287421,35.795423],[-83.286409,35.796796],[-83.284832,35.798112],[-83.283476,35.798589],[-83.282213,35.800205],[-83.282795,35.801846],[-83.280758,35.802297],[-83.28075,35.803564],[-83.278383,35.806466],[-83.279132,35.808212],[-83.279042,35.80989],[-83.279672,35.811927],[-83.281128,35.812854],[-83.280846,35.81366],[-83.279719,35.813888],[-83.279983,35.815867],[-83.280829,35.816436],[-83.28053,35.817568],[-83.280579,35.818573],[-83.279746,35.819142],[-83.278676,35.821179],[-83.279019,35.823222],[-83.277385,35.822448],[-83.275776,35.820834],[-83.273462,35.819774],[-83.273622,35.81826],[-83.275142,35.816473],[-83.274559,35.814743],[-83.273604,35.814319],[-83.271043,35.814944],[-83.266796,35.816674],[-83.265283,35.818135],[-83.263264,35.819344],[-83.262203,35.821785],[-83.26246,35.822908],[-83.261715,35.825364],[-83.263006,35.825648],[-83.265696,35.826546],[-83.270027,35.827309],[-83.271642,35.826527],[-83.271962,35.828934],[-83.271174,35.830173],[-83.270037,35.83049],[-83.269584,35.831698],[-83.270544,35.832962],[-83.274919,35.832903],[-83.27634,35.834717],[-83.276158,35.835443],[-83.27763,35.836894],[-83.278492,35.836447],[-83.281493,35.838414],[-83.282314,35.838093],[-83.283746,35.838191],[-83.284274,35.839008],[-83.283444,35.840043],[-83.282976,35.84034],[-83.282962,35.840349],[-83.281921,35.841015],[-83.282791,35.842495],[-83.284177,35.845254],[-83.284142,35.847571],[-83.286932,35.849883],[-83.286499,35.851471],[-83.287395,35.853501],[-83.289335,35.852914],[-83.291026,35.85418],[-83.293703,35.854402],[-83.292847,35.855407],[-83.292711,35.856609],[-83.290421,35.857792],[-83.291206,35.859311],[-83.289502,35.862896],[-83.289138,35.86488],[-83.288794,35.865693],[-83.290168,35.868742],[-83.291006,35.868964],[-83.294283,35.86797],[-83.301012,35.869332],[-83.308735,35.871692],[-83.308317,35.875094],[-83.3076,35.876125],[-83.308477,35.877234],[-83.308197,35.878115],[-83.309655,35.880631],[-83.309324,35.884106],[-83.307523,35.886569],[-83.307957,35.886974],[-83.312904,35.888265],[-83.316942,35.888521],[-83.317755,35.888162],[-83.317809,35.886749],[-83.320137,35.888015],[-83.321566,35.887788],[-83.322789,35.887833],[-83.322526,35.889071],[-83.326165,35.888963],[-83.326726,35.889447],[-83.32512,35.889773],[-83.325563,35.891096],[-83.325129,35.891639],[-83.327135,35.891329],[-83.33092,35.891989],[-83.333085,35.89211],[-83.335649,35.891812],[-83.336474,35.893088],[-83.339744,35.894213],[-83.340767,35.895942],[-83.340526,35.899341],[-83.344244,35.898278],[-83.344512,35.898223],[-83.344598,35.898188],[-83.344687,35.898139],[-83.344745,35.89809],[-83.344813,35.898003],[-83.344855,35.897951],[-83.344957,35.897692],[-83.345019,35.897561],[-83.345179,35.897346],[-83.345267,35.897184],[-83.345327,35.897022],[-83.345366,35.896505],[-83.34537,35.896178],[-83.345371,35.896103],[-83.345507,35.895541],[-83.345757,35.895239],[-83.345225,35.894158],[-83.345271,35.89217],[-83.346053,35.889318],[-83.345721,35.886632],[-83.346299,35.883851],[-83.347283,35.882777],[-83.350357,35.880832],[-83.353767,35.879518],[-83.35546,35.879237],[-83.359321,35.87912],[-83.364891,35.879877],[-83.366345,35.880298],[-83.370581,35.88048],[-83.374884,35.88121],[-83.37674,35.880351],[-83.379544,35.880281],[-83.382025,35.880902],[-83.384224,35.881078],[-83.388778,35.879503],[-83.392508,35.879253],[-83.39747,35.88131],[-83.397669,35.880354],[-83.401154,35.876675],[-83.402051,35.876483],[-83.403669,35.875179],[-83.405939,35.874054],[-83.407876,35.873479],[-83.409633,35.872533],[-83.412099,35.872273],[-83.414799,35.871417],[-83.415501,35.872179],[-83.415206,35.874174],[-83.417141,35.877092],[-83.417141,35.878942],[-83.418759,35.880608],[-83.421777,35.881037],[-83.424341,35.883043],[-83.426379,35.885833],[-83.427161,35.887484],[-83.428386,35.888473],[-83.42847,35.888443],[-83.428886,35.889099],[-83.428498,35.889583],[-83.425758,35.892053],[-83.427469,35.893194],[-83.429125,35.895825],[-83.429977,35.897797],[-83.430976,35.900254],[-83.433297,35.902495],[-83.434313,35.903017],[-83.436609,35.90323],[-83.440646,35.902217],[-83.439555,35.898927],[-83.440249,35.898102],[-83.44301,35.9051],[-83.444543,35.908022],[-83.444685,35.908912],[-83.447346,35.912405],[-83.449599,35.914595],[-83.450309,35.915219],[-83.452247,35.916702],[-83.453302,35.916821],[-83.453129,35.915323],[-83.450799,35.912251],[-83.450801,35.911303],[-83.453112,35.911966],[-83.455225,35.911348],[-83.457152,35.91363],[-83.45916,35.914374],[-83.459107,35.911626],[-83.45985,35.910857],[-83.460841,35.911241],[-83.464614,35.91439],[-83.465999,35.916279],[-83.470229,35.915076],[-83.472751,35.915194],[-83.474006,35.91423],[-83.477,35.913659],[-83.479438,35.913519],[-83.480073,35.912963],[-83.48115,35.910664],[-83.482941,35.910908],[-83.486023,35.912275],[-83.48847,35.911908],[-83.490797,35.912064],[-83.492511,35.913342],[-83.494466,35.917916],[-83.496811,35.921752],[-83.497295,35.923702],[-83.496843,35.92516],[-83.494662,35.926919],[-83.492742,35.92983],[-83.492503,35.930988],[-83.491473,35.931688],[-83.490224,35.931407],[-83.489462,35.930931],[-83.487401,35.931454],[-83.486859,35.932709],[-83.487918,35.935141],[-83.489201,35.93555],[-83.491791,35.936164],[-83.493565,35.935383],[-83.494662,35.936482],[-83.496652,35.935652],[-83.497756,35.936526],[-83.497393,35.937709],[-83.500479,35.937183],[-83.501556,35.937753],[-83.503832,35.937712],[-83.505028,35.938472],[-83.505224,35.939518],[-83.507028,35.938814],[-83.508303,35.939409],[-83.508315,35.942372],[-83.509111,35.943336],[-83.511239,35.944365],[-83.511679,35.946084],[-83.515322,35.947851],[-83.516865,35.949016],[-83.518197,35.950923],[-83.517533,35.952101],[-83.516681,35.953315],[-83.516325,35.955646],[-83.51857,35.957264],[-83.51924,35.958605],[-83.51952,35.960784],[-83.521515,35.962958],[-83.523113,35.963659],[-83.524522,35.964224],[-83.525858,35.964796],[-83.52851,35.964324],[-83.531925,35.963281],[-83.538149,35.961068],[-83.538605,35.960994],[-83.543391,35.959451],[-83.54688,35.957815],[-83.54874,35.956117],[-83.550152,35.953263],[-83.550607,35.951419],[-83.550884,35.94793],[-83.55023,35.942138],[-83.550304,35.940819],[-83.551234,35.938136],[-83.553987,35.935348],[-83.55674,35.933528],[-83.559612,35.932306],[-83.561579,35.932096],[-83.563057,35.932519],[-83.567336,35.932729],[-83.568669,35.933058],[-83.571343,35.934091],[-83.575111,35.936757],[-83.578571,35.938558],[-83.581958,35.938346],[-83.583341,35.9379],[-83.58352,35.937828],[-83.584413,35.937395],[-83.59064,35.933771],[-83.594707,35.93199],[-83.596104,35.931614],[-83.600812,35.932095],[-83.604341,35.932712],[-83.606712,35.933278],[-83.609338,35.934484],[-83.611769,35.935458],[-83.615823,35.936061],[-83.6176,35.935459],[-83.61908,35.934114],[-83.621678,35.929641],[-83.622692,35.928715],[-83.624894,35.92775],[-83.627089,35.926309],[-83.63042,35.926758],[-83.634271,35.926964],[-83.636351,35.927317],[-83.638972,35.927344],[-83.645347,35.929803],[-83.646063,35.930608],[-83.64694,35.930119],[-83.647682,35.926175],[-83.646231,35.924545],[-83.645546,35.923614],[-83.644178,35.923029],[-83.644409,35.92236],[-83.645175,35.922397],[-83.646515,35.920985],[-83.643085,35.916668],[-83.638682,35.915437],[-83.640245,35.912666],[-83.640112,35.910212],[-83.64125,35.911435],[-83.641925,35.91061],[-83.641698,35.909179],[-83.642592,35.908184],[-83.641688,35.907475],[-83.642238,35.906381],[-83.643535,35.906441],[-83.643522,35.904891],[-83.645145,35.904489],[-83.645089,35.904432],[-83.645478,35.904182],[-83.645337,35.903117],[-83.645121,35.902622],[-83.645317,35.902128],[-83.645169,35.90165],[-83.645817,35.901315],[-83.647167,35.900882],[-83.647626,35.901459],[-83.648395,35.902926],[-83.649907,35.902547],[-83.652418,35.904596],[-83.65347,35.906349],[-83.654546,35.907193],[-83.655826,35.908217],[-83.658107,35.908497],[-83.658062,35.908087],[-83.659054,35.908853],[-83.659341,35.910583],[-83.660962,35.91176],[-83.662779,35.910959],[-83.663589,35.911228],[-83.66454,35.912898],[-83.664513,35.914079],[-83.665377,35.915078],[-83.666977,35.915639],[-83.668928,35.915546],[-83.671832,35.913552],[-83.673952,35.911487],[-83.674965,35.911361],[-83.675735,35.910433],[-83.674439,35.909329],[-83.676464,35.90867],[-83.676039,35.906748],[-83.676595,35.905815],[-83.679097,35.90426],[-83.681656,35.903925],[-83.682018,35.903072],[-83.683411,35.904437],[-83.685301,35.9055],[-83.685407,35.906357],[-83.687728,35.905009],[-83.689291,35.9046],[-83.691318,35.907248],[-83.694042,35.905708],[-83.697695,35.904031],[-83.697777,35.905678],[-83.69735,35.907936],[-83.696383,35.909771],[-83.696652,35.910369],[-83.696723,35.91108],[-83.695758,35.913019],[-83.691175,35.917542],[-83.688379,35.919514],[-83.688041,35.919689],[-83.684966,35.921201],[-83.681848,35.922419],[-83.681946,35.92305],[-83.683087,35.924561],[-83.685235,35.926028],[-83.686646,35.926735],[-83.688522,35.928553],[-83.688893,35.930127],[-83.690058,35.93222],[-83.692863,35.930824],[-83.695033,35.928848],[-83.696688,35.927879],[-83.700812,35.92518],[-83.703838,35.923588],[-83.710612,35.920411],[-83.711062,35.920162],[-83.713583,35.918328],[-83.716444,35.917086],[-83.718711,35.916424],[-83.721605,35.914925],[-83.722419,35.914507],[-83.723744,35.913753],[-83.730016,35.910945],[-83.734567,35.909433],[-83.734983,35.909909],[-83.738527,35.910154],[-83.739733,35.910595],[-83.741842,35.912767],[-83.741921,35.912874],[-83.742893,35.914001],[-83.743544,35.916284],[-83.743297,35.919198],[-83.743876,35.920582],[-83.746601,35.919512],[-83.751514,35.918294],[-83.75257,35.918278],[-83.75449,35.916614],[-83.75801,35.914758],[-83.760394,35.914486],[-83.764266,35.91327],[-83.767594,35.911462],[-83.767082,35.909654],[-83.768058,35.908262],[-83.770522,35.906997],[-83.771418,35.907029],[-83.774202,35.905285],[-83.773962,35.903909],[-83.775578,35.902325],[-83.777306,35.901461],[-83.777354,35.900309],[-83.77897,35.898533],[-83.778858,35.896613],[-83.780378,35.895189],[-83.782186,35.894917],[-83.783722,35.892613],[-83.791627,35.889317],[-83.794275,35.887125],[-83.793568,35.885858],[-83.793485,35.885717],[-83.793452,35.885674],[-83.793404,35.885597],[-83.79328,35.885457],[-83.792318,35.884545],[-83.791899,35.884273],[-83.791596,35.884107],[-83.78872,35.884119],[-83.788115,35.882904],[-83.788026,35.882758],[-83.78634,35.880088],[-83.784512,35.879578],[-83.784186,35.879205],[-83.784379,35.876163],[-83.784391,35.875273],[-83.784569,35.87323],[-83.784661,35.870889],[-83.784323,35.870089],[-83.784302,35.868486],[-83.782879,35.865735],[-83.782374,35.864852],[-83.781882,35.863948],[-83.781383,35.863007],[-83.780888,35.862078],[-83.780389,35.861143],[-83.77988,35.860184],[-83.779405,35.859291],[-83.781644,35.860217],[-83.780726,35.858533],[-83.784286,35.856686],[-83.783842,35.856084],[-83.783247,35.855282],[-83.782892,35.8548],[-83.78021,35.855975],[-83.778602,35.853778],[-83.784728,35.850497],[-83.786133,35.849276],[-83.787421,35.847707],[-83.788328,35.845909],[-83.78884,35.84316],[-83.790041,35.839516],[-83.79201,35.836846],[-83.793722,35.835127],[-83.795883,35.833814],[-83.799488,35.831189],[-83.801729,35.829756],[-83.802456,35.829596],[-83.804961,35.829037],[-83.808374,35.827265],[-83.811758,35.82514],[-83.816779,35.822439],[-83.820475,35.821047],[-83.824426,35.818331],[-83.826409,35.816997],[-83.828344,35.816423],[-83.82969,35.816011],[-83.836583,35.812865],[-83.838672,35.811776],[-83.839246,35.809611],[-83.837494,35.808342],[-83.837395,35.807333],[-83.834976,35.802663],[-83.833111,35.79885],[-83.840432,35.794664],[-83.844172,35.792074],[-83.844884,35.791053],[-83.845268,35.789029],[-83.846964,35.788041],[-83.848917,35.786133],[-83.85603,35.779891],[-83.855413,35.779375],[-83.855856,35.778869],[-83.858816,35.779461],[-83.863095,35.781618],[-83.866068,35.782473],[-83.869178,35.783546],[-83.870781,35.783287],[-83.871987,35.782462],[-83.874974,35.781912],[-83.874309,35.781506],[-83.874333,35.778721],[-83.876486,35.777229],[-83.879197,35.776986],[-83.878104,35.774593],[-83.878717,35.773651],[-83.878084,35.771304],[-83.880911,35.772044],[-83.883821,35.771687],[-83.885326,35.771534],[-83.885173,35.770499],[-83.887935,35.769061],[-83.889944,35.767454],[-83.889768,35.766342],[-83.888757,35.765792],[-83.891278,35.764117],[-83.895168,35.760929],[-83.896564,35.757534],[-83.896653,35.757394],[-83.898786,35.757306],[-83.899,35.757298],[-83.900256,35.757249],[-83.902463,35.75716],[-83.908204,35.756926],[-83.908204,35.756792],[-83.90848,35.75628],[-83.911734,35.754362],[-83.911938,35.752874],[-83.915383,35.749837],[-83.916555,35.74872],[-83.916656,35.747519],[-83.916871,35.74581],[-83.917882,35.745023],[-83.920103,35.74516],[-83.925098,35.740717],[-83.927694,35.738686],[-83.929429,35.736908],[-83.932629,35.734546],[-83.934981,35.732887],[-83.936337,35.733519],[-83.939349,35.732937],[-83.939928,35.732204],[-83.946092,35.72797],[-83.949021,35.730937],[-83.950302,35.732877],[-83.950342,35.732937],[-83.950426,35.733065],[-83.953034,35.729827],[-83.95524,35.728658],[-83.957939,35.726035],[-83.955251,35.724119],[-83.959074,35.721225],[-83.959639,35.72171],[-83.961549,35.721579],[-83.962327,35.720815],[-83.962114,35.720707],[-83.962707,35.71889],[-83.962675,35.718838],[-83.962721,35.718753],[-83.962836,35.718303],[-83.962589,35.718096],[-83.96207,35.718534],[-83.96185,35.718349],[-83.960408,35.717487],[-83.961522,35.716786],[-83.962652,35.71693],[-83.963198,35.717375],[-83.963483,35.716843],[-83.961346,35.715119],[-83.962296,35.714457],[-83.963199,35.715706],[-83.964031,35.715937],[-83.965027,35.714816],[-83.966369,35.715929],[-83.971102,35.716584],[-83.97258,35.718623],[-83.972622,35.718572],[-83.972818,35.718325],[-83.973027,35.718079],[-83.97326,35.717946],[-83.973718,35.717943],[-83.973739,35.717937],[-83.976429,35.715509],[-83.977799,35.715648],[-83.977334,35.715963],[-83.977567,35.716167],[-83.977852,35.716409],[-83.977883,35.71639],[-83.978361,35.716037],[-83.97842,35.715993],[-83.97922,35.716696],[-83.979341,35.716574],[-83.982479,35.713352],[-83.983861,35.713399],[-83.984698,35.712464],[-83.984909,35.712602],[-83.986127,35.711258],[-83.986048,35.71122],[-83.986105,35.711156],[-83.986164,35.711094],[-83.986259,35.710994],[-83.986334,35.710915],[-83.986386,35.71096],[-83.986505,35.71083],[-83.986828,35.710487],[-83.986847,35.710468],[-83.987157,35.710108],[-83.987196,35.710055],[-83.987438,35.709738],[-83.987849,35.709103],[-83.987957,35.708914],[-83.988083,35.708698],[-83.988223,35.708425],[-83.988263,35.708344],[-83.988292,35.708265],[-83.988385,35.708028],[-83.988413,35.707952],[-83.988453,35.707838],[-83.988495,35.707719],[-83.988616,35.707383],[-83.988139,35.706991],[-83.988681,35.706724],[-83.988644,35.706704],[-83.98866,35.706628],[-83.988465,35.706476],[-83.988214,35.706264],[-83.988183,35.706238],[-83.987678,35.705747],[-83.987365,35.705403],[-83.987041,35.705003],[-83.98668,35.704557],[-83.986605,35.704489],[-83.986551,35.70444],[-83.986317,35.704149],[-83.986006,35.703831],[-83.985706,35.703477],[-83.985573,35.7033],[-83.985449,35.703135],[-83.98641,35.702539],[-83.98679,35.702304],[-83.987186,35.702479],[-83.988176,35.702007],[-83.988189,35.702],[-83.988237,35.701976],[-83.989748,35.703519],[-83.990119,35.703897],[-83.990219,35.703999],[-83.990388,35.704172],[-83.990443,35.704227],[-83.992785,35.702536],[-83.993919,35.700515],[-83.994417,35.699286],[-83.996005,35.695809],[-83.998976,35.690837],[-84.001423,35.6887],[-84.003325,35.687384],[-84.006325,35.685543],[-84.011332,35.681111],[-84.012551,35.680035],[-84.012693,35.6814],[-84.017605,35.687458],[-84.019099,35.690263],[-84.020503,35.692907],[-84.021402,35.694258],[-84.023604,35.695392],[-84.025476,35.697545],[-84.026978,35.699881],[-84.027849,35.699244],[-84.030059,35.697254],[-84.030572,35.696797],[-84.034461,35.693766],[-84.037247,35.691984],[-84.04068,35.689027],[-84.042391,35.68824],[-84.043391,35.686688],[-84.045689,35.68598],[-84.045997,35.685886],[-84.046625,35.685696],[-84.046919,35.6856],[-84.047077,35.685523],[-84.047193,35.685433],[-84.047291,35.685307],[-84.047478,35.684977],[-84.048027,35.684013],[-84.048139,35.683817],[-84.048282,35.683575],[-84.048544,35.683139],[-84.04856,35.683114],[-84.048844,35.682625],[-84.048901,35.682531],[-84.049191,35.68214],[-84.049413,35.681881],[-84.049551,35.681746],[-84.049632,35.681667],[-84.049822,35.681488],[-84.050076,35.681248],[-84.050288,35.681049],[-84.050524,35.680829],[-84.050682,35.680685],[-84.050713,35.680658],[-84.050986,35.680409],[-84.051115,35.680299],[-84.051297,35.680144],[-84.051369,35.680082],[-84.051452,35.680012],[-84.051774,35.679748],[-84.052408,35.67922],[-84.052566,35.679089],[-84.052939,35.678782],[-84.053171,35.678592],[-84.053255,35.678525],[-84.053574,35.678264],[-84.053649,35.678202],[-84.053889,35.678003],[-84.054321,35.677646],[-84.054623,35.677407],[-84.054787,35.677271],[-84.05544,35.67674],[-84.055843,35.676416],[-84.056192,35.676131],[-84.056345,35.676006],[-84.056365,35.67599],[-84.056529,35.675853],[-84.056802,35.675647],[-84.057019,35.675486],[-84.057199,35.675362],[-84.057271,35.675312],[-84.057657,35.675049],[-84.057929,35.674865],[-84.05811,35.674742],[-84.058716,35.674344],[-84.059748,35.673674],[-84.060384,35.673238],[-84.060809,35.672951],[-84.061353,35.672566],[-84.061488,35.672462],[-84.06165,35.672349],[-84.062163,35.671997],[-84.062289,35.671915],[-84.062652,35.671668],[-84.062723,35.671621],[-84.062782,35.671583],[-84.065204,35.67],[-84.065106,35.669885],[-84.064873,35.66961],[-84.064634,35.669344],[-84.064508,35.669203],[-84.064387,35.669069],[-84.064202,35.668864],[-84.063956,35.668645],[-84.063867,35.668592],[-84.063496,35.668401],[-84.063369,35.668339],[-84.063182,35.66823],[-84.062995,35.668099],[-84.062576,35.667783],[-84.0625,35.667726],[-84.061909,35.667228],[-84.057417,35.662224],[-84.056223,35.661471],[-84.056745,35.658663],[-84.057872,35.656203],[-84.059082,35.654119],[-84.061096,35.649221],[-84.063987,35.647099],[-84.065576,35.64635],[-84.065825,35.646237],[-84.067356,35.645207],[-84.069142,35.643981],[-84.071156,35.643564],[-84.073785,35.64228],[-84.077848,35.639159],[-84.080381,35.636729],[-84.081804,35.63429],[-84.084983,35.634745],[-84.096532,35.634622],[-84.09961,35.635162],[-84.09981,35.636263],[-84.100556,35.640581],[-84.100757,35.641861],[-84.103231,35.645053],[-84.103907,35.647353],[-84.103736,35.649331],[-84.104223,35.652119],[-84.103748,35.655773],[-84.103785,35.656837],[-84.104787,35.658413],[-84.105815,35.658752],[-84.107137,35.659847],[-84.108619,35.661768],[-84.112252,35.66025],[-84.113701,35.659531],[-84.123298,35.654777],[-84.124685,35.654085],[-84.125324,35.653767],[-84.134787,35.649061],[-84.134468,35.647399],[-84.13627,35.64665],[-84.138409,35.645772],[-84.142602,35.643655],[-84.144914,35.641609],[-84.145421,35.635841],[-84.151652,35.627498],[-84.157714,35.623998],[-84.160556,35.622666],[-84.1854,35.611034],[-84.187244,35.610726],[-84.188319,35.610549],[-84.188417,35.610727],[-84.188627,35.611105],[-84.190718,35.614902],[-84.190884,35.615205],[-84.190967,35.615356],[-84.191074,35.61555],[-84.191502,35.616329],[-84.191763,35.616721],[-84.191782,35.616736],[-84.19263,35.618241],[-84.194337,35.618093],[-84.194806,35.618052],[-84.195961,35.617935],[-84.196447,35.617885],[-84.199796,35.617546],[-84.20066,35.617457],[-84.213413,35.616151],[-84.218682,35.615606],[-84.220301,35.615438],[-84.221451,35.615322],[-84.22437,35.61883],[-84.22646,35.620875],[-84.228423,35.622074],[-84.230594,35.622296],[-84.234906,35.621612],[-84.242468,35.618376],[-84.245144,35.617612],[-84.249917,35.617196],[-84.253071,35.617852],[-84.254248,35.619734],[-84.254502,35.623626],[-84.253929,35.6262],[-84.252018,35.630184],[-84.248799,35.632358],[-84.2476,35.633782],[-84.249345,35.633714],[-84.250078,35.635106],[-84.250697,35.636753],[-84.250715,35.6368],[-84.250771,35.636941],[-84.25079,35.636989],[-84.252109,35.636512],[-84.254065,35.635807],[-84.255248,35.634037],[-84.256028,35.632871],[-84.256048,35.632818],[-84.256111,35.63266],[-84.256132,35.632608],[-84.256186,35.63247],[-84.256352,35.632059],[-84.256407,35.631922],[-84.256503,35.631985],[-84.256792,35.632174],[-84.256889,35.632237],[-84.256907,35.632272],[-84.256912,35.632281],[-84.257967,35.63314],[-84.259646,35.63421],[-84.261336,35.635288],[-84.263541,35.635685],[-84.26835,35.635456],[-84.273423,35.635517],[-84.281835,35.635572],[-84.281776,35.640829],[-84.282185,35.641346],[-84.282392,35.641482],[-84.290805,35.641872],[-84.290887,35.643017],[-84.297522,35.643152],[-84.295197,35.650229],[-84.290867,35.650327],[-84.290837,35.651717],[-84.290765,35.654925],[-84.291904,35.654908],[-84.299561,35.654928],[-84.299549,35.657673],[-84.308698,35.657795],[-84.310238,35.659311],[-84.312084,35.659293],[-84.316159,35.660506],[-84.31759,35.65996],[-84.317506,35.667609],[-84.317628,35.672107],[-84.326443,35.672204],[-84.326477,35.665005],[-84.326906,35.664959],[-84.329659,35.66499],[-84.338234,35.665102],[-84.339503,35.665003],[-84.343466,35.665074],[-84.347533,35.665185],[-84.355212,35.665162],[-84.357608,35.665162],[-84.357585,35.657916],[-84.354589,35.657846],[-84.353303,35.657837],[-84.353287,35.655906],[-84.353275,35.654396],[-84.355739,35.654409],[-84.35621,35.654412],[-84.362228,35.654448],[-84.362238,35.652442],[-84.362213,35.651806],[-84.36227,35.647189],[-84.36541,35.647014],[-84.371296,35.647025],[-84.371315,35.643451],[-84.374387,35.643449],[-84.374397,35.641706],[-84.375572,35.641678],[-84.380115,35.641419],[-84.380124,35.640592],[-84.38529,35.640644],[-84.385011,35.639841],[-84.386149,35.639831],[-84.388948,35.640084],[-84.398074,35.640208],[-84.397926,35.645536],[-84.397901,35.650995],[-84.406502,35.651188],[-84.406459,35.654637],[-84.402237,35.654694],[-84.404484,35.660435],[-84.403663,35.66086],[-84.404294,35.66193],[-84.406472,35.665622],[-84.408502,35.665609],[-84.409297,35.665982],[-84.410509,35.666698],[-84.412661,35.665394],[-84.414254,35.664828],[-84.412536,35.667903],[-84.412687,35.667944],[-84.414515,35.665219],[-84.416172,35.662228],[-84.418246,35.66258],[-84.419955,35.663608],[-84.420857,35.663136],[-84.42289,35.663015],[-84.423826,35.661565],[-84.424785,35.661078],[-84.425619,35.662526],[-84.425158,35.663733],[-84.425663,35.665225],[-84.423907,35.665159],[-84.422942,35.668012],[-84.424149,35.668517],[-84.423645,35.671224],[-84.423549,35.671735],[-84.425376,35.672269],[-84.427479,35.672264],[-84.429121,35.67194],[-84.433364,35.671959],[-84.435214,35.671002],[-84.437664,35.671077],[-84.437254,35.669486],[-84.437865,35.667873],[-84.435684,35.66787],[-84.43578,35.665953],[-84.436493,35.665951],[-84.448094,35.665957],[-84.449308,35.665926],[-84.45101,35.66585],[-84.452396,35.665807],[-84.453289,35.665795],[-84.457249,35.665763],[-84.457218,35.66031],[-84.45724,35.659081],[-84.458363,35.658735],[-84.460119,35.658623],[-84.465278,35.658501],[-84.467744,35.658492],[-84.477568,35.658437],[-84.47899,35.658109],[-84.481729,35.658311],[-84.48455,35.658373],[-84.486754,35.658376],[-84.487344,35.655508],[-84.495561,35.655445],[-84.495525,35.658378],[-84.499145,35.658527],[-84.49913,35.660251],[-84.50022,35.660296],[-84.500245,35.661069],[-84.500114,35.665745],[-84.504274,35.665866],[-84.504336,35.662993],[-84.504412,35.659487],[-84.50443,35.658603],[-84.504595,35.651034],[-84.506406,35.651085],[-84.508491,35.651308],[-84.5132,35.651332],[-84.51668,35.651326],[-84.522162,35.651394],[-84.522545,35.643984],[-84.513697,35.644034],[-84.513749,35.642242],[-84.510207,35.642215],[-84.509243,35.642154],[-84.509201,35.639474],[-84.513774,35.639492],[-84.513777,35.636829],[-84.510909,35.636759],[-84.508657,35.636686],[-84.508623,35.633482],[-84.508579,35.629399],[-84.504192,35.629392],[-84.502235,35.629392],[-84.500061,35.62939],[-84.500877,35.627083],[-84.502441,35.625396],[-84.502396,35.624438],[-84.503763,35.622109],[-84.503415,35.620648],[-84.504746,35.619542],[-84.51371,35.619494],[-84.513718,35.621268],[-84.514103,35.621229],[-84.516041,35.62312],[-84.517331,35.623046],[-84.51737,35.624191],[-84.52585,35.624186],[-84.525984,35.628113],[-84.531419,35.628119],[-84.531448,35.629457],[-84.534006,35.629555],[-84.535386,35.633696],[-84.539013,35.63779],[-84.540067,35.63669],[-84.541694,35.63769],[-84.546067,35.640398],[-84.546096,35.640414],[-84.547603,35.641327],[-84.549115,35.641115],[-84.549098,35.640174],[-84.54923,35.636896],[-84.550569,35.636934],[-84.557926,35.636973],[-84.557872,35.629651],[-84.566934,35.629773],[-84.566915,35.63324],[-84.569411,35.633218],[-84.575798,35.633159],[-84.576675,35.633153],[-84.584296,35.633086],[-84.584289,35.634939],[-84.584352,35.637231],[-84.584428,35.641606],[-84.584472,35.644424],[-84.601307,35.64449],[-84.605699,35.644472],[-84.619865,35.644651],[-84.619907,35.646105],[-84.61989,35.65302],[-84.619887,35.657186],[-84.61988,35.658865],[-84.625868,35.658869],[-84.626978,35.660593],[-84.628038,35.662249],[-84.62804,35.665274],[-84.628041,35.666005],[-84.628045,35.671677],[-84.628061,35.690117],[-84.626196,35.690862],[-84.625365,35.691713],[-84.623147,35.692306],[-84.619201,35.694837],[-84.619212,35.696081],[-84.620652,35.696686],[-84.622039,35.697241],[-84.623339,35.699878],[-84.61897,35.703386],[-84.619031,35.70788],[-84.622952,35.707922],[-84.623034,35.711775],[-84.624936,35.713186],[-84.634349,35.719108],[-84.636388,35.720384],[-84.636309,35.72429],[-84.645073,35.724438],[-84.645078,35.724283],[-84.645279,35.717092],[-84.653204,35.717265],[-84.654349,35.717293],[-84.654403,35.710017],[-84.656574,35.71006],[-84.656751,35.710066],[-84.663209,35.710202],[-84.663327,35.707399],[-84.663528,35.702837],[-84.666576,35.702893],[-84.671303,35.702934],[-84.672223,35.702943],[-84.67209,35.706898],[-84.67207,35.707279],[-84.671967,35.71038],[-84.676457,35.710487],[-84.676515,35.715318],[-84.67654,35.717501],[-84.684663,35.717633],[-84.696589,35.717831],[-84.69873,35.717869],[-84.698546,35.725024],[-84.695338,35.724925],[-84.69529,35.726527],[-84.695171,35.730962],[-84.695122,35.732685],[-84.69841,35.732708],[-84.69844,35.740355],[-84.698416,35.741814],[-84.701186,35.741844],[-84.702954,35.741863],[-84.703911,35.74187],[-84.713986,35.741986],[-84.71549,35.745204],[-84.717332,35.747019],[-84.721043,35.751959],[-84.721557,35.752235],[-84.723853,35.752896],[-84.725575,35.752801],[-84.726488,35.752169],[-84.727263,35.751515],[-84.727892,35.751199],[-84.728247,35.751198],[-84.729175,35.751962],[-84.729619,35.75217],[-84.730131,35.752096],[-84.730543,35.751652],[-84.730727,35.750967],[-84.731147,35.750071],[-84.732291,35.748716],[-84.733121,35.748647],[-84.736404,35.750071],[-84.737413,35.750726],[-84.738774,35.751344],[-84.739552,35.75131],[-84.740456,35.750816],[-84.742305,35.750352],[-84.743339,35.750357],[-84.744708,35.750466],[-84.745871,35.750746],[-84.747163,35.751162],[-84.748358,35.751812],[-84.749345,35.752269],[-84.749942,35.752672],[-84.751289,35.752905],[-84.753038,35.75365],[-84.754472,35.75439],[-84.755942,35.755912],[-84.757046,35.756963],[-84.757635,35.758209],[-84.757699,35.759095],[-84.757561,35.760824],[-84.757033,35.761703],[-84.756177,35.763391],[-84.755287,35.76421],[-84.754353,35.764723],[-84.753652,35.764795],[-84.753403,35.764961],[-84.753145,35.765675],[-84.752225,35.767048],[-84.752229,35.767394],[-84.753002,35.768812],[-84.753683,35.769874],[-84.753783,35.770342],[-84.753667,35.770767],[-84.753345,35.77119],[-84.75279,35.772527],[-84.751764,35.772636],[-84.751131,35.773354],[-84.750638,35.774371],[-84.749812,35.774398],[-84.7479,35.774289],[-84.747515,35.774376],[-84.746945,35.774858],[-84.7465,35.775005],[-84.745985,35.774909],[-84.745091,35.774488],[-84.744101,35.774302],[-84.743006,35.77423],[-84.74205,35.774423],[-84.740916,35.774904],[-84.740021,35.775573],[-84.738918,35.776535],[-84.738315,35.777588],[-84.73809,35.778451],[-84.738033,35.779291],[-84.738723,35.78121],[-84.738795,35.781824],[-84.738631,35.783401],[-84.738941,35.784427],[-84.739444,35.785823],[-84.739499,35.787163],[-84.739616,35.787492],[-84.74159,35.789751],[-84.741623,35.790092],[-84.741992,35.790301],[-84.742644,35.790781],[-84.746992,35.792108],[-84.747167,35.794254],[-84.749448,35.794925],[-84.751127,35.794963],[-84.751419,35.794971],[-84.753804,35.795141],[-84.75673,35.795223],[-84.757776,35.795396],[-84.759913,35.796536],[-84.763422,35.798871],[-84.765038,35.799038],[-84.765451,35.799351],[-84.769194,35.805649],[-84.771653,35.808185],[-84.77333,35.80884],[-84.774612,35.809636],[-84.776833,35.810426],[-84.778102,35.811692],[-84.780282,35.813207],[-84.781539,35.813431],[-84.784919,35.812387],[-84.786983,35.813222],[-84.789167,35.814571],[-84.789292,35.815673],[-84.78675,35.817473],[-84.7848,35.817252],[-84.783394,35.817677],[-84.782636,35.818538],[-84.783097,35.820664],[-84.7852,35.822952],[-84.78414,35.824112],[-84.782769,35.824159],[-84.781901,35.825],[-84.789924,35.825077],[-84.79783,35.825151],[-84.797941,35.825039],[-84.81464,35.815935],[-84.831938,35.806456],[-84.835141,35.804699],[-84.836144,35.804148],[-84.845095,35.799241],[-84.857488,35.792448],[-84.877605,35.78138],[-84.880964,35.779563],[-84.882387,35.778793],[-84.88675,35.77782],[-84.893212,35.776383],[-84.895335,35.775913],[-84.905133,35.773738],[-84.910705,35.767699],[-84.916062,35.761939],[-84.927115,35.750067],[-84.928568,35.748173],[-84.939691,35.736149],[-84.944463,35.730963],[-84.951837,35.722946],[-84.964006,35.709766],[-84.966398,35.707264],[-84.966889,35.706742],[-84.971548,35.701625],[-84.979717,35.692833],[-84.98591,35.686037],[-84.987271,35.684605],[-84.989907,35.681802],[-84.990086,35.680199],[-84.981161,35.679447],[-84.981568,35.674805],[-84.992399,35.675543],[-84.994842,35.675712],[-84.995463,35.675755],[-84.998666,35.672296],[-85.002874,35.667545],[-85.010835,35.658964],[-85.013728,35.655832],[-85.020316,35.648729],[-85.022542,35.64632],[-85.026292,35.642285],[-85.03157,35.636586],[-85.035028,35.632862],[-85.038031,35.62961],[-85.041223,35.626173],[-85.047641,35.618654],[-85.050779,35.616188],[-85.061512,35.607746],[-85.062311,35.607123],[-85.068515,35.60224],[-85.083912,35.590175],[-85.087121,35.587647],[-85.093358,35.582707],[-85.095107,35.581318],[-85.107734,35.571383],[-85.107874,35.569773],[-85.107942,35.568786],[-85.108281,35.563897],[-85.108726,35.557473],[-85.108908,35.554856],[-85.108997,35.553537],[-85.109819,35.541551],[-85.105606,35.548779],[-85.102471,35.547546],[-85.096574,35.545218],[-85.102141,35.544096],[-85.10068,35.539138],[-85.099927,35.536581],[-85.099069,35.533683],[-85.100608,35.533351],[-85.104237,35.532568],[-85.105058,35.535194],[-85.109161,35.537462],[-85.109055,35.535957],[-85.108763,35.53179],[-85.105773,35.529605],[-85.110057,35.526014],[-85.111997,35.524354],[-85.115567,35.521344],[-85.118602,35.523504],[-85.116145,35.524174],[-85.113877,35.52479],[-85.119276,35.528984],[-85.122682,35.526001],[-85.127159,35.520423],[-85.132634,35.514045],[-85.135659,35.508828],[-85.136837,35.506763],[-85.138,35.504708],[-85.141194,35.500067],[-85.143517,35.495857],[-85.146393,35.491299],[-85.144969,35.491305],[-85.143826,35.492645],[-85.141737,35.492248],[-85.141684,35.49099],[-85.142282,35.489804],[-85.141672,35.488446],[-85.140429,35.487962],[-85.138709,35.489027],[-85.138043,35.489983],[-85.136713,35.489774],[-85.134232,35.491459],[-85.133749,35.49075],[-85.133778,35.488585],[-85.132791,35.48775],[-85.132792,35.486145],[-85.134411,35.485866],[-85.13501,35.484943],[-85.133398,35.483887],[-85.131612,35.483265],[-85.131243,35.481875],[-85.128838,35.481522],[-85.126514,35.481955],[-85.125392,35.481647],[-85.124684,35.480635],[-85.125126,35.478888],[-85.124465,35.477913],[-85.122717,35.478735],[-85.11988,35.47698],[-85.115946,35.47567],[-85.124961,35.46762],[-85.134504,35.459255],[-85.135191,35.458649],[-85.132815,35.457936],[-85.131094,35.458004],[-85.131757,35.450974],[-85.135995,35.451313],[-85.13657,35.452345],[-85.136053,35.455607],[-85.137969,35.456216],[-85.145341,35.449782],[-85.148792,35.445594],[-85.151233,35.445205],[-85.154133,35.447217],[-85.155912,35.447278],[-85.157497,35.44779],[-85.159142,35.447345],[-85.16078,35.448395],[-85.163077,35.448852],[-85.164291,35.451753],[-85.16744,35.454567],[-85.168302,35.455614],[-85.174372,35.445537],[-85.184094,35.428156],[-85.18811,35.419681],[-85.18892,35.418001]]]]}},{"type":"Feature","properties":{"id":4,"NAME":"4","TotalPop":768583,"PopDevPct":0.00092709,"DemPct":0.33852704,"RepPct":0.64682943,"WhitePct":0.77483929,"MinorityPct":0.22516071,"BlackPct":0.09920213,"HispanicPct":0.06091668,"PacificPct":0.00138843,"AsianPct":0.041625,"NativePct":0.02079682,"TotalVAP":574030,"Margin":-0.16147296,"color":"#960018","opacity":"0.5"},"geometry":{"type":"MultiPolygon","coordinates":[[[[-86.347304,36.134319],[-86.346579,36.147386],[-86.34661,36.147467],[-86.346174,36.153092],[-86.346028,36.155667],[-86.344742,36.166796],[-86.344157,36.173415],[-86.344824,36.17815],[-86.344928,36.181741],[-86.345497,36.183023],[-86.345539,36.183394],[-86.34559,36.183623],[-86.337539,36.183407],[-86.32894,36.183175],[-86.326063,36.183094],[-86.3259,36.185847],[-86.326462,36.18945],[-86.327734,36.191473],[-86.329161,36.192052],[-86.331656,36.192867],[-86.332389,36.19358],[-86.333015,36.195489],[-86.329305,36.196021],[-86.32756,36.197901],[-86.327993,36.199454],[-86.326322,36.200337],[-86.321557,36.205138],[-86.321256,36.206222],[-86.323731,36.206821],[-86.325011,36.207146],[-86.327835,36.207459],[-86.33216,36.207909],[-86.33566,36.20589],[-86.336974,36.205666],[-86.337626,36.20567],[-86.338209,36.205706],[-86.339698,36.205707],[-86.341038,36.205259],[-86.341096,36.207484],[-86.343201,36.207985],[-86.343361,36.209165],[-86.346939,36.209527],[-86.34673,36.210882],[-86.34627,36.213979],[-86.346188,36.214496],[-86.346049,36.21542],[-86.345739,36.217319],[-86.345495,36.218628],[-86.344991,36.221502],[-86.346646,36.222111],[-86.350741,36.223635],[-86.353082,36.224506],[-86.354901,36.225188],[-86.35485,36.227444],[-86.355495,36.232185],[-86.353089,36.230741],[-86.355512,36.232239],[-86.355944,36.235714],[-86.355908,36.236375],[-86.355522,36.239647],[-86.354271,36.248676],[-86.354192,36.249204],[-86.353001,36.250074],[-86.354065,36.253852],[-86.353913,36.258441],[-86.351183,36.258212],[-86.351574,36.258568],[-86.349745,36.259943],[-86.349007,36.260018],[-86.344164,36.259349],[-86.340936,36.25858],[-86.340731,36.258045],[-86.336751,36.25872],[-86.334145,36.259659],[-86.331366,36.259968],[-86.330296,36.260384],[-86.327068,36.261568],[-86.327313,36.262289],[-86.324706,36.263279],[-86.32428,36.264711],[-86.323863,36.266794],[-86.325858,36.26707],[-86.325625,36.268369],[-86.326852,36.270348],[-86.326721,36.271863],[-86.324057,36.271414],[-86.322746,36.27212],[-86.322437,36.273605],[-86.322663,36.275329],[-86.323595,36.275151],[-86.329475,36.275606],[-86.329206,36.280356],[-86.330834,36.282825],[-86.331922,36.283137],[-86.332004,36.286579],[-86.3313,36.287972],[-86.330812,36.291441],[-86.325447,36.291587],[-86.324203,36.291617],[-86.324759,36.292875],[-86.324531,36.294826],[-86.323926,36.295304],[-86.323443,36.297165],[-86.32383,36.297762],[-86.32711,36.2991],[-86.329124,36.300645],[-86.329661,36.301693],[-86.331152,36.30298],[-86.335206,36.30485],[-86.336175,36.305929],[-86.335981,36.308157],[-86.337191,36.309672],[-86.338837,36.310267],[-86.342952,36.312719],[-86.344832,36.314195],[-86.348547,36.312299],[-86.354816,36.309711],[-86.356661,36.309475],[-86.358539,36.309236],[-86.360512,36.309843],[-86.362023,36.311505],[-86.361626,36.31442],[-86.361281,36.315434],[-86.356287,36.322251],[-86.353223,36.324803],[-86.349405,36.326806],[-86.346839,36.328841],[-86.346094,36.329848],[-86.345651,36.34089],[-86.346517,36.345112],[-86.351025,36.352292],[-86.348635,36.353927],[-86.348977,36.354357],[-86.347727,36.355409],[-86.345957,36.358083],[-86.344457,36.357723],[-86.341189,36.360005],[-86.340662,36.360681],[-86.34213,36.36121],[-86.343441,36.362348],[-86.345036,36.360748],[-86.346278,36.361482],[-86.347722,36.363409],[-86.353232,36.368663],[-86.353612,36.370923],[-86.356998,36.372093],[-86.358846,36.373505],[-86.35863,36.375048],[-86.360001,36.37676],[-86.363014,36.377098],[-86.363782,36.377761],[-86.362421,36.388111],[-86.36128,36.397981],[-86.36449,36.39665],[-86.368564,36.395072],[-86.370812,36.394979],[-86.37524,36.395491],[-86.378675,36.395877],[-86.387578,36.396815],[-86.3928,36.39701],[-86.395706,36.397119],[-86.398513,36.397223],[-86.400598,36.397299],[-86.400919,36.397313],[-86.400648,36.398629],[-86.396521,36.401935],[-86.398737,36.401533],[-86.400186,36.400709],[-86.403489,36.401315],[-86.403761,36.401419],[-86.403778,36.401429],[-86.403895,36.401498],[-86.404155,36.40165],[-86.404441,36.401694],[-86.404675,36.401669],[-86.404703,36.401714],[-86.404864,36.401975],[-86.405,36.402194],[-86.405169,36.402464],[-86.406308,36.404296],[-86.409337,36.409144],[-86.41205,36.411297],[-86.412999,36.410872],[-86.413746,36.41053],[-86.415434,36.409776],[-86.417647,36.408778],[-86.419807,36.407813],[-86.422497,36.406601],[-86.426388,36.404869],[-86.429076,36.403665],[-86.429286,36.403569],[-86.431135,36.402684],[-86.432512,36.403557],[-86.436399,36.403901],[-86.44504,36.404597],[-86.444842,36.405467],[-86.447319,36.405637],[-86.448821,36.405742],[-86.449475,36.408783],[-86.45251,36.414485],[-86.452537,36.41311],[-86.453151,36.412551],[-86.454233,36.415547],[-86.45523,36.417018],[-86.460242,36.424362],[-86.462442,36.427692],[-86.462645,36.427815],[-86.463504,36.428977],[-86.464539,36.432082],[-86.470011,36.441955],[-86.470866,36.444432],[-86.471011,36.445865],[-86.471075,36.450534],[-86.471413,36.453501],[-86.472033,36.457162],[-86.473222,36.45934],[-86.472393,36.46123],[-86.472383,36.462615],[-86.475562,36.464924],[-86.475996,36.466673],[-86.47504,36.468748],[-86.474675,36.470324],[-86.474902,36.471096],[-86.47551,36.469997],[-86.47838,36.470219],[-86.479918,36.470826],[-86.481765,36.470959],[-86.486355,36.468978],[-86.49029,36.469252],[-86.491169,36.469555],[-86.494152,36.470743],[-86.495017,36.471472],[-86.500987,36.472087],[-86.504871,36.470174],[-86.505668,36.46931],[-86.507089,36.46732],[-86.510479,36.464837],[-86.513087,36.461984],[-86.515592,36.460138],[-86.517812,36.459211],[-86.519266,36.45809],[-86.517314,36.45725],[-86.517014,36.455883],[-86.515873,36.454942],[-86.51501,36.452696],[-86.513257,36.451306],[-86.511409,36.448851],[-86.512918,36.445448],[-86.513827,36.4449],[-86.51564,36.440693],[-86.516108,36.439049],[-86.515547,36.437294],[-86.51565,36.436143],[-86.517309,36.433558],[-86.519518,36.434053],[-86.520588,36.43199],[-86.523229,36.431215],[-86.522397,36.429533],[-86.517204,36.421641],[-86.516653,36.420769],[-86.514449,36.418569],[-86.511275,36.416789],[-86.509185,36.415585],[-86.506192,36.413842],[-86.508153,36.412524],[-86.509196,36.411113],[-86.513703,36.409274],[-86.523326,36.410082],[-86.524229,36.410177],[-86.529662,36.410667],[-86.536848,36.411199],[-86.538094,36.411323],[-86.543661,36.411827],[-86.544779,36.410609],[-86.545449,36.406122],[-86.547844,36.406762],[-86.549796,36.406785],[-86.552208,36.403614],[-86.554543,36.402177],[-86.555212,36.401319],[-86.555451,36.399315],[-86.556266,36.39864],[-86.559479,36.397852],[-86.558209,36.393317],[-86.558888,36.391462],[-86.560674,36.391399],[-86.560975,36.393614],[-86.561381,36.395466],[-86.561868,36.397559],[-86.562919,36.400735],[-86.56451,36.402658],[-86.568171,36.407718],[-86.569187,36.408846],[-86.571481,36.408512],[-86.5729,36.408682],[-86.575998,36.409986],[-86.576993,36.410084],[-86.579299,36.411159],[-86.580676,36.412176],[-86.583935,36.413382],[-86.585074,36.413516],[-86.587808,36.412559],[-86.59153,36.41292],[-86.592942,36.413435],[-86.597339,36.413348],[-86.59779,36.412458],[-86.597799,36.41037],[-86.59857,36.409778],[-86.599953,36.410056],[-86.601813,36.409721],[-86.60294,36.408743],[-86.607299,36.40693],[-86.610708,36.404952],[-86.611553,36.40455],[-86.613864,36.401949],[-86.615497,36.400399],[-86.617422,36.398981],[-86.619613,36.39805],[-86.620663,36.396356],[-86.623704,36.393823],[-86.626032,36.392445],[-86.626386,36.393569],[-86.628303,36.396778],[-86.627913,36.398984],[-86.628177,36.401608],[-86.629546,36.402357],[-86.630944,36.401676],[-86.631867,36.40115],[-86.634554,36.401873],[-86.638894,36.401582],[-86.643769,36.400126],[-86.647123,36.399887],[-86.649627,36.400452],[-86.65297,36.402783],[-86.658182,36.404029],[-86.659844,36.404605],[-86.660745,36.405646],[-86.663245,36.406289],[-86.663869,36.408012],[-86.665533,36.409449],[-86.665429,36.410556],[-86.666943,36.41093],[-86.666459,36.413419],[-86.666247,36.414506],[-86.668213,36.414762],[-86.671584,36.415202],[-86.671534,36.416149],[-86.673447,36.415541],[-86.674593,36.414678],[-86.675672,36.412817],[-86.679228,36.41203],[-86.679186,36.410043],[-86.679964,36.409287],[-86.68341,36.408177],[-86.683867,36.406462],[-86.686811,36.406332],[-86.686974,36.406518],[-86.687021,36.406568],[-86.688513,36.407741],[-86.689177,36.408233],[-86.690617,36.409569],[-86.690759,36.409742],[-86.691236,36.408787],[-86.69292,36.40751],[-86.69656,36.406832],[-86.697647,36.407327],[-86.698904,36.40779],[-86.698926,36.40785],[-86.698993,36.408027],[-86.699022,36.408103],[-86.699202,36.408391],[-86.699319,36.408484],[-86.699469,36.408602],[-86.699509,36.408635],[-86.699633,36.408739],[-86.699668,36.408772],[-86.699818,36.408918],[-86.700706,36.409308],[-86.700682,36.409456],[-86.700821,36.409548],[-86.700886,36.409605],[-86.701188,36.410083],[-86.70155,36.410049],[-86.701873,36.409955],[-86.702076,36.409815],[-86.702319,36.409593],[-86.702675,36.40953],[-86.702956,36.409543],[-86.704113,36.409767],[-86.706195,36.410244],[-86.707536,36.410631],[-86.707724,36.410951],[-86.707828,36.411187],[-86.707988,36.411719],[-86.708004,36.411947],[-86.707999,36.41254],[-86.708049,36.41266],[-86.708451,36.412818],[-86.708523,36.412753],[-86.708671,36.41253],[-86.708795,36.412429],[-86.709032,36.412278],[-86.709123,36.412286],[-86.70923,36.41234],[-86.709258,36.412397],[-86.70941,36.412924],[-86.70946,36.413128],[-86.710421,36.413739],[-86.710645,36.413878],[-86.710746,36.413921],[-86.711271,36.414122],[-86.711832,36.414057],[-86.712205,36.414014],[-86.712358,36.413869],[-86.71346,36.413146],[-86.714256,36.413379],[-86.716156,36.413998],[-86.717767,36.413916],[-86.718763,36.413967],[-86.719141,36.4151],[-86.719655,36.416316],[-86.719812,36.418264],[-86.721192,36.418369],[-86.723346,36.417635],[-86.724993,36.416819],[-86.725635,36.416038],[-86.727032,36.4152],[-86.727443,36.413968],[-86.730392,36.414613],[-86.733175,36.414361],[-86.734402,36.415192],[-86.733509,36.415992],[-86.733552,36.416996],[-86.734833,36.418049],[-86.738501,36.41843],[-86.739913,36.418314],[-86.7431,36.418171],[-86.744444,36.418611],[-86.745449,36.418844],[-86.748341,36.418508],[-86.747275,36.416149],[-86.749375,36.41378],[-86.746555,36.411906],[-86.747538,36.410627],[-86.749906,36.410522],[-86.751136,36.408793],[-86.751878,36.408675],[-86.753515,36.40715],[-86.753733,36.405531],[-86.754795,36.405496],[-86.753895,36.404295],[-86.751352,36.404763],[-86.748493,36.404694],[-86.745693,36.403097],[-86.74606,36.399644],[-86.744687,36.398845],[-86.743483,36.397743],[-86.741674,36.397337],[-86.741334,36.393156],[-86.740638,36.392802],[-86.740213,36.390717],[-86.740132,36.390486],[-86.738533,36.389506],[-86.737598,36.389215],[-86.736687,36.388815],[-86.735901,36.388218],[-86.735396,36.38759],[-86.734651,36.386988],[-86.73296,36.385061],[-86.732688,36.383659],[-86.731049,36.382165],[-86.730151,36.380264],[-86.729852,36.377844],[-86.728558,36.375472],[-86.728484,36.373224],[-86.727529,36.372316],[-86.727345,36.370525],[-86.726665,36.368849],[-86.726371,36.366173],[-86.725432,36.363348],[-86.725499,36.361623],[-86.726192,36.360972],[-86.725835,36.359994],[-86.724956,36.357736],[-86.725068,36.355462],[-86.72468,36.353429],[-86.722768,36.351313],[-86.723495,36.34768],[-86.721715,36.345972],[-86.722047,36.344383],[-86.721054,36.342076],[-86.718866,36.339532],[-86.717936,36.339013],[-86.717827,36.338987],[-86.717758,36.338971],[-86.716986,36.338177],[-86.716591,36.337845],[-86.716553,36.337815],[-86.716344,36.337624],[-86.716047,36.337117],[-86.715851,36.336856],[-86.715455,36.336507],[-86.715259,36.336362],[-86.714863,36.336177],[-86.714502,36.336049],[-86.714272,36.335992],[-86.713983,36.335807],[-86.713687,36.335521],[-86.713095,36.335027],[-86.712821,36.3349],[-86.712496,36.334797],[-86.712021,36.334733],[-86.711495,36.334613],[-86.711076,36.334445],[-86.710723,36.334259],[-86.710376,36.334004],[-86.710074,36.333726],[-86.709697,36.333606],[-86.709508,36.333571],[-86.709076,36.333626],[-86.70877,36.333719],[-86.708498,36.33384],[-86.708145,36.333961],[-86.707962,36.333972],[-86.707819,36.333873],[-86.70752,36.333461],[-86.707235,36.332994],[-86.707208,36.332642],[-86.707228,36.332329],[-86.707323,36.331999],[-86.707493,36.331774],[-86.707567,36.33162],[-86.707533,36.33134],[-86.707255,36.330823],[-86.707119,36.330631],[-86.706983,36.330213],[-86.706759,36.329746],[-86.706643,36.329411],[-86.70631,36.329136],[-86.706011,36.329004],[-86.704897,36.328779],[-86.704687,36.328658],[-86.704501,36.328447],[-86.704177,36.327977],[-86.703939,36.327752],[-86.703559,36.327449],[-86.703328,36.327307],[-86.703036,36.327213],[-86.702782,36.327189],[-86.702376,36.327243],[-86.701898,36.327411],[-86.70152,36.32762],[-86.701134,36.327806],[-86.700499,36.328058],[-86.700214,36.328108],[-86.699669,36.327924],[-86.699304,36.327723],[-86.698486,36.327192],[-86.697385,36.327098],[-86.696876,36.32673],[-86.69655,36.325944],[-86.696407,36.325241],[-86.696726,36.324307],[-86.697616,36.323515],[-86.697684,36.322685],[-86.697181,36.321921],[-86.696318,36.321421],[-86.695239,36.321377],[-86.693942,36.32113],[-86.693025,36.321174],[-86.692087,36.321042],[-86.691558,36.320714],[-86.688418,36.31991],[-86.687387,36.3182],[-86.686995,36.317924],[-86.685331,36.317397],[-86.680288,36.315862],[-86.679863,36.316086],[-86.679216,36.31621],[-86.678914,36.316487],[-86.677884,36.316261],[-86.676975,36.315886],[-86.676141,36.316112],[-86.675438,36.31618],[-86.674807,36.31579],[-86.674456,36.314077],[-86.673376,36.312767],[-86.672892,36.31234],[-86.672838,36.312213],[-86.672814,36.312128],[-86.672789,36.312063],[-86.672745,36.311897],[-86.672739,36.311871],[-86.672726,36.311818],[-86.672717,36.311788],[-86.67269,36.311701],[-86.672682,36.311672],[-86.672296,36.311055],[-86.672277,36.310224],[-86.672301,36.30984],[-86.672257,36.309454],[-86.672224,36.308924],[-86.669843,36.30684],[-86.667832,36.304893],[-86.666495,36.303505],[-86.667559,36.302161],[-86.667537,36.302038],[-86.668176,36.3013],[-86.668744,36.300577],[-86.655776,36.296738],[-86.649186,36.292835],[-86.642,36.288251],[-86.642192,36.281201],[-86.642261,36.279463],[-86.642589,36.271204],[-86.641251,36.265033],[-86.639095,36.255105],[-86.636633,36.254228],[-86.622798,36.249308],[-86.621012,36.248499],[-86.616226,36.245767],[-86.615092,36.245104],[-86.609988,36.244204],[-86.594286,36.245105],[-86.593504,36.243257],[-86.593422,36.241477],[-86.593584,36.241316],[-86.59359,36.240971],[-86.593723,36.241018],[-86.593874,36.241068],[-86.595088,36.241461],[-86.595439,36.239407],[-86.593493,36.239796],[-86.593493,36.238241],[-86.593689,36.237109],[-86.591092,36.237005],[-86.590492,36.235427],[-86.588542,36.230275],[-86.588221,36.229346],[-86.587905,36.228431],[-86.586985,36.225769],[-86.586457,36.22433],[-86.586075,36.223297],[-86.58567,36.222217],[-86.584917,36.220181],[-86.583855,36.217321],[-86.583626,36.216703],[-86.583278,36.215754],[-86.583152,36.215163],[-86.58293,36.214561],[-86.582531,36.213492],[-86.582348,36.212995],[-86.582265,36.212989],[-86.5809,36.208819],[-86.581182,36.208292],[-86.581507,36.206632],[-86.580021,36.206392],[-86.579891,36.206371],[-86.577692,36.200178],[-86.577515,36.199759],[-86.576757,36.197592],[-86.576695,36.197411],[-86.57607,36.195775],[-86.57562,36.194597],[-86.57492,36.191548],[-86.574812,36.191066],[-86.574527,36.189785],[-86.574365,36.18907],[-86.574256,36.188588],[-86.57417,36.188209],[-86.573236,36.184073],[-86.572827,36.182268],[-86.572172,36.179372],[-86.571482,36.17632],[-86.571405,36.175982],[-86.57089,36.173679],[-86.570015,36.172212],[-86.568106,36.169001],[-86.56802,36.168859],[-86.567917,36.16869],[-86.567688,36.168312],[-86.564859,36.163649],[-86.563296,36.160373],[-86.558862,36.151301],[-86.555759,36.145381],[-86.552559,36.14515],[-86.552683,36.144568],[-86.550937,36.144315],[-86.551254,36.143262],[-86.552285,36.143211],[-86.553083,36.14325],[-86.553484,36.143307],[-86.553856,36.143359],[-86.554563,36.143458],[-86.55458,36.143461],[-86.555275,36.143521],[-86.555323,36.143212],[-86.555406,36.143217],[-86.555735,36.141344],[-86.556865,36.13496],[-86.556609,36.134928],[-86.55473,36.133886],[-86.554138,36.134191],[-86.554398,36.135755],[-86.553145,36.135814],[-86.549545,36.137823],[-86.546957,36.137054],[-86.54272,36.140594],[-86.540291,36.138853],[-86.53996,36.136733],[-86.538597,36.135395],[-86.537272,36.136887],[-86.535789,36.138513],[-86.533649,36.137501],[-86.533354,36.13736],[-86.533363,36.137389],[-86.533381,36.137446],[-86.533396,36.137504],[-86.533418,36.137603],[-86.53343,36.137679],[-86.533447,36.137792],[-86.533443,36.137902],[-86.53342,36.137982],[-86.533353,36.138095],[-86.533297,36.138153],[-86.533228,36.138206],[-86.533144,36.138263],[-86.533007,36.138366],[-86.532899,36.138436],[-86.532839,36.138472],[-86.532513,36.138439],[-86.528438,36.138009],[-86.527841,36.140769],[-86.526049,36.139619],[-86.525559,36.13854],[-86.526492,36.137797],[-86.527391,36.134585],[-86.525789,36.134386],[-86.526437,36.126479],[-86.528868,36.126704],[-86.529688,36.121505],[-86.529718,36.121318],[-86.531183,36.112049],[-86.53529,36.112496],[-86.535634,36.110104],[-86.535943,36.108166],[-86.527737,36.107167],[-86.523355,36.106633],[-86.519566,36.103831],[-86.515589,36.10061],[-86.516886,36.089272],[-86.517597,36.084081],[-86.519363,36.084194],[-86.519512,36.083063],[-86.520215,36.077648],[-86.520444,36.075892],[-86.520823,36.072973],[-86.521083,36.072395],[-86.518765,36.071324],[-86.517275,36.069386],[-86.515477,36.067795],[-86.5132,36.066633],[-86.51156,36.066845],[-86.509207,36.06793],[-86.505274,36.068532],[-86.501444,36.068865],[-86.499992,36.068496],[-86.497072,36.066139],[-86.496006,36.063934],[-86.496185,36.062563],[-86.49719,36.060988],[-86.499258,36.060052],[-86.502697,36.060368],[-86.50769,36.060456],[-86.510406,36.059761],[-86.510985,36.058684],[-86.510603,36.056543],[-86.509634,36.055473],[-86.507498,36.054598],[-86.505673,36.05445],[-86.504188,36.054325],[-86.502591,36.053575],[-86.5014,36.051828],[-86.501575,36.048666],[-86.501124,36.046117],[-86.499764,36.04257],[-86.498177,36.04099],[-86.496503,36.039996],[-86.493353,36.038641],[-86.491181,36.038862],[-86.48838,36.040067],[-86.486215,36.040276],[-86.484411,36.039216],[-86.481376,36.038505],[-86.47948,36.037013],[-86.480496,36.033937],[-86.48232,36.031277],[-86.481848,36.029426],[-86.480544,36.02791],[-86.47852,36.027058],[-86.47676,36.027038],[-86.472904,36.027618],[-86.46992,36.028761],[-86.465528,36.029509],[-86.461992,36.030521],[-86.46048,36.032157],[-86.457608,36.033309],[-86.456272,36.033409],[-86.454537,36.032925],[-86.453219,36.032014],[-86.452612,36.030552],[-86.455138,36.028926],[-86.459901,36.026399],[-86.464024,36.024882],[-86.466597,36.023227],[-86.466843,36.021052],[-86.466137,36.018906],[-86.466248,36.018066],[-86.467975,36.016586],[-86.470708,36.015388],[-86.472105,36.014128],[-86.473294,36.01186],[-86.473175,36.010183],[-86.472012,36.003903],[-86.471388,36.002351],[-86.469863,36.000063],[-86.469755,35.998497],[-86.46977,35.998281],[-86.470371,35.998066],[-86.470422,35.998047],[-86.471082,35.997811],[-86.472637,35.997257],[-86.478324,35.996284],[-86.480535,35.995724],[-86.48213,35.995313],[-86.482327,35.995268],[-86.483835,35.995193],[-86.490503,35.995822],[-86.490926,35.995854],[-86.492448,35.995828],[-86.493284,35.995447],[-86.494588,35.996105],[-86.497187,35.996369],[-86.498955,35.996742],[-86.50006,35.997059],[-86.500877,35.997302],[-86.505022,35.998463],[-86.507265,35.997924],[-86.509406,35.995752],[-86.511058,35.995366],[-86.521183,35.996399],[-86.521233,35.996403],[-86.523894,35.996761],[-86.527424,35.997926],[-86.52883,35.997902],[-86.531276,35.996839],[-86.531447,35.996733],[-86.531849,35.996497],[-86.532076,35.996348],[-86.536986,35.993416],[-86.536862,35.993279],[-86.535519,35.991851],[-86.53366,35.990735],[-86.534228,35.987953],[-86.534822,35.984682],[-86.534763,35.983585],[-86.533908,35.981083],[-86.533606,35.980273],[-86.5357,35.9797],[-86.538868,35.98004],[-86.540736,35.98129],[-86.542569,35.980503],[-86.541706,35.97972],[-86.540206,35.978312],[-86.538963,35.977117],[-86.534991,35.973284],[-86.533875,35.972172],[-86.53263,35.970988],[-86.531435,35.969835],[-86.528795,35.967352],[-86.530561,35.965551],[-86.531305,35.964834],[-86.53214,35.964404],[-86.534315,35.963422],[-86.535576,35.962279],[-86.536206,35.961679],[-86.536932,35.961163],[-86.540409,35.961058],[-86.541749,35.96071],[-86.542599,35.959691],[-86.546551,35.95491],[-86.547686,35.954288],[-86.550214,35.953813],[-86.551314,35.952998],[-86.551653,35.952754],[-86.561625,35.961804],[-86.563475,35.963806],[-86.566226,35.96759],[-86.566355,35.967787],[-86.566492,35.9676],[-86.566693,35.967326],[-86.567388,35.965325],[-86.56886,35.963355],[-86.571068,35.962089],[-86.575952,35.961549],[-86.579132,35.960233],[-86.580478,35.960195],[-86.581762,35.960349],[-86.582509,35.960269],[-86.583463,35.960161],[-86.584307,35.960075],[-86.586701,35.959223],[-86.587504,35.958852],[-86.5935,35.957254],[-86.593809,35.957176],[-86.595818,35.956912],[-86.596224,35.956693],[-86.596531,35.956264],[-86.59808,35.956757],[-86.599806,35.957055],[-86.600534,35.957811],[-86.600229,35.960314],[-86.599696,35.963763],[-86.601135,35.965508],[-86.602486,35.966347],[-86.60481,35.966578],[-86.610572,35.967295],[-86.611944,35.967422],[-86.614216,35.967247],[-86.616061,35.967787],[-86.618899,35.968141],[-86.618892,35.968224],[-86.6186,35.971336],[-86.627695,35.972128],[-86.627397,35.974027],[-86.632912,35.974401],[-86.645887,35.975359],[-86.648288,35.975573],[-86.648288,35.976422],[-86.654285,35.978736],[-86.656189,35.979472],[-86.664248,35.982583],[-86.664852,35.982816],[-86.666792,35.983565],[-86.669453,35.984592],[-86.673863,35.986292],[-86.675519,35.986933],[-86.6761,35.987158],[-86.681889,35.989399],[-86.683475,35.991177],[-86.684785,35.992599],[-86.686164,35.994092],[-86.686347,35.994269],[-86.686455,35.994363],[-86.686735,35.994608],[-86.6872,35.994962],[-86.687305,35.995037],[-86.687394,35.995104],[-86.687714,35.995343],[-86.689096,35.99505],[-86.689614,35.994966],[-86.692324,35.994753],[-86.693173,35.996],[-86.697419,35.998609],[-86.699433,35.999847],[-86.703215,36.00217],[-86.712896,36.008122],[-86.720169,36.008744],[-86.722181,36.008976],[-86.723938,36.009124],[-86.726076,36.009306],[-86.731882,36.009856],[-86.734426,36.011083],[-86.738652,36.013256],[-86.740607,36.014275],[-86.746348,36.017267],[-86.750323,36.019339],[-86.755889,36.022288],[-86.760444,36.024699],[-86.762631,36.025857],[-86.764379,36.026782],[-86.766345,36.027823],[-86.769095,36.029216],[-86.777073,36.033218],[-86.777128,36.033239],[-86.781367,36.034324],[-86.783079,36.034886],[-86.783268,36.034946],[-86.784238,36.035217],[-86.785814,36.035625],[-86.787205,36.035999],[-86.790875,36.036715],[-86.793914,36.036967],[-86.794688,36.037066],[-86.795019,36.037092],[-86.79782,36.037318],[-86.801178,36.037589],[-86.816472,36.039217],[-86.819766,36.039586],[-86.822299,36.039865],[-86.824578,36.040116],[-86.831486,36.04088],[-86.832753,36.041024],[-86.837533,36.041561],[-86.842077,36.042086],[-86.845354,36.04246],[-86.849077,36.043011],[-86.856653,36.043966],[-86.856722,36.043963],[-86.857964,36.04407],[-86.864957,36.044672],[-86.864761,36.044896],[-86.872219,36.045769],[-86.882165,36.04707],[-86.883805,36.047286],[-86.88458,36.047389],[-86.885613,36.047526],[-86.893385,36.048515],[-86.896719,36.04892],[-86.903024,36.04969],[-86.908797,36.050398],[-86.91684,36.051403],[-86.919116,36.051693],[-86.919745,36.051774],[-86.921686,36.052023],[-86.926473,36.052638],[-86.928602,36.052909],[-86.928861,36.052942],[-86.936415,36.048156],[-86.939161,36.046332],[-86.943581,36.043578],[-86.946035,36.042024],[-86.946388,36.0418],[-86.946487,36.041745],[-86.946517,36.041724],[-86.946608,36.041664],[-86.946639,36.041644],[-86.946675,36.041619],[-86.946786,36.041547],[-86.946823,36.041523],[-86.946907,36.041468],[-86.947012,36.0414],[-86.947362,36.041178],[-86.94876,36.040284],[-86.951472,36.038555],[-86.951924,36.038287],[-86.953413,36.037347],[-86.962984,36.031386],[-86.968487,36.027906],[-86.974663,36.023965],[-86.976824,36.02258],[-86.97964,36.020799],[-86.980605,36.020184],[-86.987551,36.015781],[-87.001496,36.007057],[-87.00728,36.003433],[-87.016082,35.997874],[-87.016437,35.997617],[-87.018781,35.995913],[-87.022766,35.993368],[-87.023023,35.993202],[-87.024785,35.992078],[-87.026471,35.991078],[-87.028336,35.989857],[-87.03197,35.989752],[-87.039223,35.989286],[-87.039386,35.989242],[-87.040288,35.991944],[-87.040749,35.993825],[-87.04155,35.997062],[-87.042946,36.002727],[-87.045351,36.012597],[-87.048335,36.024842],[-87.051917,36.038439],[-87.053722,36.045582],[-87.066897,36.044499],[-87.071066,36.044307],[-87.077616,36.044083],[-87.084008,36.043874],[-87.084916,36.043805],[-87.092814,36.044249],[-87.106124,36.045167],[-87.110641,36.045459],[-87.123798,36.046352],[-87.127299,36.046814],[-87.140978,36.047931],[-87.143333,36.048067],[-87.143979,36.048093],[-87.149727,36.048317],[-87.167712,36.049168],[-87.170221,36.049172],[-87.182573,36.049726],[-87.184207,36.042246],[-87.184569,36.040701],[-87.186094,36.03361],[-87.186578,36.031393],[-87.18714,36.028814],[-87.18736,36.02771],[-87.188208,36.023686],[-87.188252,36.023444],[-87.18848,36.022214],[-87.189603,36.016341],[-87.190786,36.009808],[-87.193055,35.997648],[-87.19319,35.996781],[-87.194271,35.98989],[-87.192923,35.989774],[-87.191976,35.989694],[-87.192248,35.987594],[-87.192543,35.985318],[-87.196746,35.985576],[-87.197406,35.979967],[-87.196636,35.979886],[-87.19051,35.979175],[-87.190562,35.977424],[-87.190826,35.975884],[-87.196863,35.976255],[-87.199442,35.97564],[-87.199805,35.971694],[-87.204629,35.971848],[-87.209774,35.971978],[-87.21199,35.970082],[-87.21073,35.967927],[-87.208499,35.967915],[-87.208994,35.962723],[-87.203933,35.962321],[-87.204242,35.959186],[-87.204481,35.956741],[-87.204863,35.95289],[-87.204211,35.95282],[-87.204476,35.950659],[-87.204488,35.95057],[-87.204521,35.950301],[-87.204625,35.949448],[-87.205665,35.940967],[-87.201426,35.940579],[-87.201746,35.938415],[-87.202092,35.936075],[-87.202103,35.935994],[-87.202839,35.93104],[-87.20507,35.914639],[-87.205462,35.912424],[-87.206171,35.908573],[-87.207997,35.896123],[-87.208315,35.892681],[-87.208427,35.891509],[-87.208478,35.891087],[-87.210348,35.878481],[-87.210844,35.875065],[-87.21201,35.869031],[-87.212048,35.868571],[-87.2122,35.867363],[-87.21329,35.86094],[-87.215099,35.850651],[-87.203826,35.847146],[-87.191585,35.843294],[-87.191159,35.843158],[-87.185423,35.841348],[-87.181812,35.84006],[-87.181528,35.839965],[-87.177627,35.838738],[-87.158559,35.83271],[-87.157304,35.832139],[-87.148752,35.829395],[-87.135194,35.825145],[-87.127927,35.822822],[-87.125632,35.82199],[-87.123345,35.821308],[-87.117268,35.819367],[-87.09569,35.812471],[-87.095571,35.812433],[-87.084333,35.808864],[-87.077796,35.806787],[-87.075374,35.806018],[-87.054399,35.799377],[-87.054072,35.799275],[-87.039697,35.794626],[-87.035681,35.796213],[-87.034465,35.79529],[-87.033962,35.79373],[-87.03313,35.79253],[-87.021974,35.789009],[-87.020259,35.788467],[-87.015524,35.786969],[-87.016679,35.786817],[-87.016078,35.785728],[-87.014307,35.785118],[-87.014133,35.784266],[-87.012623,35.783392],[-87.01125,35.78193],[-87.01137,35.78122],[-87.003662,35.780706],[-87.003959,35.779028],[-87.002631,35.778896],[-87.000427,35.778679],[-86.997457,35.778528],[-86.996868,35.780472],[-86.988898,35.777828],[-86.982622,35.775835],[-86.97973,35.774977],[-86.97353,35.772976],[-86.96951,35.771676],[-86.964824,35.771854],[-86.964036,35.772633],[-86.965999,35.775729],[-86.961692,35.775315],[-86.960568,35.775317],[-86.962156,35.776332],[-86.962471,35.782883],[-86.953593,35.781904],[-86.950733,35.781642],[-86.952096,35.774288],[-86.952242,35.773499],[-86.947416,35.772982],[-86.944657,35.772688],[-86.944302,35.77265],[-86.942293,35.775152],[-86.941723,35.779551],[-86.932994,35.778553],[-86.929251,35.77816],[-86.929027,35.778129],[-86.928779,35.778095],[-86.92836,35.778057],[-86.929779,35.776302],[-86.930515,35.77454],[-86.932333,35.768726],[-86.933361,35.766898],[-86.935816,35.764077],[-86.938278,35.761972],[-86.934871,35.760223],[-86.92911,35.757261],[-86.925189,35.756173],[-86.924167,35.755932],[-86.92162,35.755236],[-86.91874,35.754438],[-86.915461,35.753444],[-86.914865,35.753175],[-86.91487,35.753151],[-86.913495,35.752661],[-86.913083,35.752518],[-86.911548,35.751973],[-86.910862,35.75173],[-86.909667,35.751307],[-86.907052,35.750393],[-86.902708,35.748963],[-86.900964,35.74835],[-86.900617,35.748228],[-86.899689,35.747903],[-86.898804,35.747593],[-86.898493,35.747484],[-86.8976,35.74717],[-86.896904,35.746926],[-86.89541,35.746403],[-86.894728,35.746164],[-86.893706,35.745805],[-86.892855,35.745506],[-86.891365,35.744984],[-86.890457,35.744667],[-86.888056,35.743823],[-86.887592,35.743661],[-86.886877,35.74341],[-86.886821,35.74339],[-86.886655,35.743332],[-86.8866,35.743313],[-86.886506,35.74328],[-86.879838,35.740941],[-86.87763,35.740325],[-86.87331,35.739262],[-86.873047,35.739204],[-86.870487,35.738587],[-86.867983,35.737961],[-86.867468,35.737832],[-86.866413,35.737569],[-86.865613,35.73737],[-86.865158,35.737257],[-86.856044,35.734893],[-86.853946,35.73427],[-86.849393,35.731479],[-86.845491,35.725166],[-86.844121,35.725044],[-86.84376,35.727614],[-86.84248,35.727522],[-86.842697,35.725887],[-86.84071,35.725259],[-86.838524,35.725054],[-86.835474,35.724671],[-86.828384,35.7239],[-86.823288,35.723306],[-86.823058,35.721651],[-86.811891,35.720455],[-86.812022,35.719272],[-86.811286,35.715932],[-86.809981,35.716085],[-86.80631,35.715686],[-86.806973,35.712486],[-86.797433,35.711444],[-86.797621,35.709942],[-86.79794,35.709911],[-86.798352,35.709873],[-86.798903,35.709819],[-86.799223,35.70979],[-86.799972,35.708978],[-86.797898,35.707988],[-86.792717,35.707453],[-86.790448,35.707219],[-86.79038,35.707625],[-86.783074,35.70695],[-86.782016,35.706595],[-86.782284,35.703376],[-86.774677,35.702832],[-86.774347,35.705909],[-86.772643,35.705802],[-86.772913,35.702685],[-86.772273,35.702671],[-86.773169,35.700446],[-86.769524,35.700289],[-86.769278,35.702465],[-86.76748,35.702365],[-86.767908,35.708678],[-86.760105,35.708206],[-86.760726,35.70181],[-86.754047,35.701463],[-86.752207,35.701743],[-86.752794,35.696539],[-86.751651,35.696447],[-86.751328,35.699089],[-86.750652,35.699888],[-86.749998,35.703486],[-86.74676,35.703164],[-86.746408,35.705665],[-86.746824,35.705987],[-86.746606,35.707889],[-86.741643,35.707591],[-86.741751,35.706176],[-86.743071,35.705785],[-86.743376,35.704335],[-86.742656,35.703835],[-86.740639,35.70168],[-86.740705,35.700557],[-86.737848,35.700152],[-86.736132,35.698944],[-86.734354,35.698849],[-86.732926,35.703839],[-86.731191,35.703905],[-86.731098,35.70676],[-86.69692,35.705431],[-86.697399,35.707408],[-86.697016,35.707397],[-86.696859,35.707393],[-86.695937,35.707368],[-86.69568,35.708742],[-86.69554,35.710864],[-86.686193,35.710051],[-86.680652,35.70957],[-86.68118,35.708221],[-86.682126,35.706981],[-86.682628,35.704097],[-86.677206,35.703775],[-86.673683,35.703306],[-86.674255,35.696962],[-86.670208,35.696705],[-86.667074,35.696357],[-86.667188,35.695283],[-86.661346,35.694844],[-86.661619,35.692664],[-86.66047,35.692544],[-86.651194,35.691586],[-86.651389,35.690092],[-86.649695,35.689902],[-86.643283,35.689183],[-86.641978,35.689037],[-86.642389,35.686235],[-86.639436,35.6859],[-86.636933,35.696551],[-86.635657,35.701715],[-86.636362,35.701982],[-86.629908,35.702406],[-86.623915,35.702823],[-86.623791,35.702827],[-86.623605,35.702833],[-86.621912,35.702808],[-86.622182,35.701256],[-86.621875,35.700995],[-86.619515,35.701079],[-86.619446,35.702676],[-86.615763,35.702473],[-86.600362,35.701578],[-86.581754,35.699426],[-86.581343,35.699377],[-86.57107,35.699241],[-86.568295,35.699246],[-86.543116,35.697617],[-86.543685,35.694278],[-86.53734,35.693266],[-86.537514,35.692235],[-86.535628,35.69215],[-86.53481,35.692076],[-86.526878,35.69139],[-86.526643,35.689974],[-86.523898,35.689761],[-86.523378,35.689855],[-86.523293,35.686053],[-86.523136,35.686045],[-86.520432,35.685892],[-86.520208,35.688519],[-86.515516,35.688396],[-86.516676,35.680586],[-86.519121,35.680556],[-86.519442,35.677751],[-86.513078,35.676998],[-86.513157,35.676134],[-86.508794,35.675598],[-86.509482,35.67136],[-86.504837,35.670804],[-86.505373,35.667624],[-86.501608,35.667149],[-86.501899,35.664993],[-86.499448,35.664556],[-86.499773,35.661688],[-86.499797,35.66149],[-86.493652,35.660847],[-86.494006,35.658048],[-86.493612,35.658044],[-86.488394,35.657708],[-86.487815,35.656472],[-86.477702,35.655404],[-86.472088,35.654732],[-86.473206,35.646321],[-86.461353,35.645176],[-86.462181,35.63785],[-86.456514,35.637207],[-86.456052,35.637154],[-86.455038,35.644548],[-86.445134,35.643532],[-86.444741,35.646177],[-86.442338,35.646229],[-86.438418,35.645231],[-86.436629,35.64552],[-86.432679,35.646908],[-86.431486,35.647916],[-86.430247,35.649736],[-86.428898,35.650645],[-86.424415,35.652858],[-86.424145,35.652976],[-86.424931,35.649772],[-86.416625,35.649636],[-86.416788,35.647159],[-86.418173,35.647178],[-86.418902,35.640617],[-86.413429,35.640023],[-86.413847,35.637029],[-86.415338,35.63493],[-86.415369,35.633088],[-86.417275,35.630403],[-86.4179,35.628259],[-86.416866,35.625559],[-86.413678,35.623177],[-86.411401,35.622699],[-86.409525,35.623144],[-86.406722,35.62292],[-86.405157,35.622197],[-86.403312,35.618874],[-86.401731,35.618627],[-86.40135,35.619786],[-86.399791,35.620741],[-86.3987,35.622072],[-86.39509,35.623204],[-86.39456,35.623805],[-86.394443,35.625513],[-86.395498,35.627778],[-86.394164,35.62659],[-86.390784,35.626995],[-86.38965,35.627194],[-86.387762,35.626094],[-86.384299,35.62634],[-86.382831,35.626777],[-86.382648,35.628568],[-86.379636,35.629868],[-86.376959,35.630219],[-86.374271,35.63008],[-86.373011,35.6311],[-86.374551,35.633936],[-86.375611,35.634804],[-86.375607,35.6359],[-86.374399,35.637539],[-86.374992,35.639174],[-86.377754,35.641479],[-86.378642,35.642823],[-86.377841,35.645303],[-86.376796,35.647157],[-86.374992,35.646043],[-86.373396,35.645812],[-86.370673,35.647038],[-86.369035,35.647274],[-86.366725,35.648471],[-86.365601,35.650926],[-86.363379,35.651431],[-86.362826,35.65228],[-86.359716,35.652161],[-86.359493,35.650433],[-86.352169,35.650237],[-86.350702,35.653245],[-86.35146,35.654772],[-86.354374,35.655561],[-86.354825,35.657939],[-86.352734,35.660482],[-86.350624,35.660666],[-86.347282,35.658723],[-86.345509,35.659482],[-86.343776,35.660917],[-86.345069,35.663744],[-86.34194,35.664259],[-86.340438,35.663168],[-86.338262,35.663093],[-86.33706,35.662584],[-86.33603,35.662149],[-86.336847,35.659061],[-86.335679,35.658193],[-86.334075,35.658059],[-86.331977,35.659587],[-86.329587,35.660863],[-86.327852,35.662395],[-86.326323,35.662639],[-86.325368,35.661875],[-86.321324,35.662348],[-86.318896,35.662037],[-86.317209,35.660816],[-86.315959,35.661027],[-86.315215,35.661153],[-86.313895,35.661182],[-86.311811,35.661575],[-86.310374,35.661587],[-86.310243,35.660306],[-86.309328,35.659517],[-86.3076,35.659196],[-86.304128,35.659553],[-86.303177,35.657806],[-86.301156,35.656581],[-86.300321,35.655736],[-86.300724,35.654371],[-86.302048,35.653996],[-86.302123,35.652829],[-86.302783,35.651394],[-86.304096,35.651155],[-86.30547,35.651505],[-86.306181,35.650585],[-86.306493,35.64868],[-86.305893,35.64795],[-86.305235,35.646375],[-86.302421,35.64619],[-86.301335,35.645713],[-86.300798,35.646087],[-86.299562,35.646447],[-86.297316,35.64658],[-86.295266,35.647449],[-86.293525,35.647273],[-86.292153,35.646094],[-86.291337,35.646023],[-86.290741,35.645688],[-86.289916,35.644844],[-86.289831,35.643869],[-86.288637,35.643359],[-86.286923,35.643409],[-86.286826,35.644028],[-86.286466,35.645144],[-86.28743,35.646593],[-86.287584,35.648252],[-86.285457,35.648315],[-86.284018,35.649084],[-86.282828,35.648382],[-86.280924,35.648615],[-86.27981,35.645892],[-86.277229,35.644589],[-86.274769,35.643786],[-86.273309,35.64259],[-86.272722,35.642708],[-86.271483,35.64296],[-86.268898,35.642631],[-86.268368,35.641113],[-86.266556,35.639769],[-86.263763,35.63956],[-86.262714,35.637884],[-86.260577,35.637897],[-86.257478,35.634286],[-86.25766,35.631921],[-86.249994,35.632116],[-86.246414,35.631949],[-86.246076,35.631938],[-86.245767,35.631929],[-86.245165,35.631913],[-86.245179,35.632299],[-86.24321,35.633145],[-86.24325,35.634339],[-86.241443,35.63644],[-86.242154,35.637784],[-86.242278,35.639592],[-86.24342,35.64049],[-86.244866,35.642476],[-86.244268,35.644053],[-86.245682,35.645644],[-86.245748,35.646507],[-86.244919,35.648756],[-86.243645,35.649748],[-86.243842,35.650853],[-86.242959,35.652586],[-86.242494,35.654728],[-86.24093,35.656472],[-86.240844,35.657983],[-86.243762,35.660138],[-86.244654,35.661795],[-86.247944,35.662406],[-86.249052,35.66504],[-86.2479,35.666492],[-86.245333,35.666353],[-86.243567,35.666831],[-86.242503,35.66758],[-86.241672,35.668464],[-86.241829,35.669601],[-86.241878,35.670739],[-86.242356,35.672407],[-86.24238,35.674151],[-86.242819,35.674681],[-86.243873,35.675652],[-86.243832,35.676662],[-86.243938,35.677509],[-86.245554,35.679727],[-86.245186,35.680521],[-86.243982,35.681601],[-86.24381,35.682248],[-86.244486,35.682874],[-86.244555,35.684076],[-86.244737,35.68456],[-86.246043,35.684859],[-86.246817,35.685428],[-86.246705,35.686195],[-86.245958,35.687831],[-86.245782,35.687928],[-86.245406,35.688899],[-86.244561,35.689469],[-86.242392,35.689667],[-86.241724,35.689954],[-86.24156,35.690511],[-86.241118,35.69074],[-86.239852,35.690352],[-86.238715,35.689923],[-86.235896,35.690422],[-86.234893,35.690864],[-86.233584,35.691162],[-86.233084,35.691568],[-86.232911,35.692143],[-86.232425,35.693009],[-86.231719,35.693594],[-86.230521,35.694263],[-86.229458,35.694608],[-86.227861,35.694811],[-86.226066,35.694732],[-86.225522,35.694775],[-86.225318,35.695164],[-86.225589,35.695703],[-86.226667,35.697158],[-86.227273,35.697696],[-86.2272,35.698463],[-86.226178,35.70014],[-86.22573,35.700359],[-86.2245,35.701456],[-86.223757,35.701969],[-86.223316,35.703139],[-86.223226,35.703722],[-86.222895,35.703887],[-86.222614,35.705078],[-86.222137,35.706154],[-86.221631,35.706429],[-86.219584,35.706178],[-86.219106,35.70572],[-86.218741,35.705193],[-86.218206,35.704931],[-86.217924,35.70448],[-86.218263,35.703797],[-86.218122,35.703425],[-86.218037,35.703201],[-86.21756,35.702378],[-86.217361,35.702035],[-86.217054,35.701939],[-86.216986,35.701918],[-86.21661,35.701775],[-86.216254,35.701436],[-86.216222,35.701406],[-86.216116,35.70115],[-86.216062,35.701129],[-86.2159,35.701069],[-86.215847,35.701049],[-86.215822,35.701041],[-86.215747,35.701025],[-86.215723,35.70101],[-86.214743,35.700956],[-86.214668,35.700958],[-86.214134,35.701164],[-86.212979,35.70196],[-86.212354,35.702393],[-86.212345,35.702399],[-86.212318,35.702417],[-86.21231,35.702424],[-86.212115,35.702405],[-86.211974,35.702405],[-86.211641,35.702408],[-86.211286,35.702458],[-86.211063,35.702682],[-86.211012,35.702734],[-86.210907,35.702975],[-86.210642,35.703054],[-86.210598,35.703065],[-86.210365,35.703044],[-86.210345,35.703043],[-86.20877,35.702563],[-86.208363,35.70244],[-86.208239,35.702402],[-86.208127,35.702516],[-86.207874,35.702727],[-86.207759,35.703123],[-86.207485,35.703407],[-86.207353,35.703537],[-86.207191,35.703699],[-86.207147,35.70379],[-86.207065,35.703966],[-86.207128,35.704421],[-86.207015,35.705301],[-86.207609,35.706587],[-86.208769,35.7124],[-86.208123,35.715601],[-86.206585,35.716965],[-86.206078,35.718993],[-86.206678,35.721241],[-86.206026,35.722423],[-86.206446,35.724383],[-86.202978,35.727727],[-86.20578,35.728705],[-86.207546,35.729883],[-86.20792,35.732286],[-86.205422,35.73472],[-86.204228,35.737221],[-86.195462,35.741432],[-86.19348,35.746972],[-86.192601,35.749618],[-86.192097,35.751758],[-86.190689,35.752194],[-86.188301,35.754025],[-86.18985,35.756877],[-86.188294,35.759048],[-86.187515,35.761388],[-86.18709,35.763725],[-86.183484,35.763443],[-86.182807,35.768426],[-86.184832,35.768836],[-86.186416,35.769644],[-86.188026,35.769517],[-86.189891,35.771758],[-86.189159,35.775367],[-86.188387,35.777232],[-86.189682,35.778861],[-86.189772,35.781051],[-86.190647,35.782425],[-86.190089,35.783921],[-86.190429,35.787122],[-86.188173,35.787501],[-86.187915,35.789889],[-86.188801,35.792336],[-86.188591,35.795935],[-86.181208,35.794993],[-86.182823,35.7964],[-86.182083,35.798247],[-86.182092,35.801128],[-86.180909,35.802637],[-86.179507,35.805245],[-86.179138,35.807565],[-86.179116,35.807756],[-86.178856,35.809816],[-86.177889,35.815811],[-86.177384,35.81978],[-86.178509,35.821697],[-86.179424,35.823346],[-86.179742,35.825315],[-86.179066,35.829408],[-86.178648,35.83267],[-86.178487,35.833843],[-86.176239,35.850244],[-86.178488,35.850382],[-86.178339,35.850986],[-86.175854,35.850813],[-86.175816,35.85183],[-86.177714,35.852885],[-86.177779,35.854872],[-86.175814,35.854539],[-86.175421,35.855567],[-86.175462,35.856016],[-86.174617,35.86097],[-86.172802,35.872968],[-86.173099,35.874157],[-86.171381,35.875255],[-86.167589,35.876969],[-86.165328,35.87757],[-86.166477,35.877877],[-86.169145,35.877733],[-86.168814,35.88011],[-86.168634,35.884362],[-86.162726,35.883651],[-86.162914,35.881071],[-86.161463,35.880973],[-86.16113,35.880951],[-86.158565,35.880778],[-86.157775,35.887743],[-86.159973,35.887895],[-86.159937,35.888519],[-86.155934,35.888146],[-86.15344,35.905411],[-86.152904,35.909125],[-86.1456,35.908547],[-86.144927,35.911063],[-86.141766,35.914374],[-86.142452,35.915295],[-86.155319,35.932559],[-86.154851,35.936045],[-86.15481,35.936331],[-86.153942,35.942798],[-86.153468,35.942822],[-86.152724,35.948749],[-86.152889,35.954385],[-86.153214,35.954399],[-86.156612,35.954549],[-86.156601,35.956524],[-86.16126,35.956751],[-86.161625,35.959235],[-86.161094,35.963214],[-86.164953,35.963522],[-86.165347,35.96185],[-86.165062,35.960143],[-86.16774,35.960281],[-86.167774,35.958828],[-86.169351,35.959721],[-86.173266,35.960477],[-86.175406,35.960348],[-86.175286,35.958931],[-86.170358,35.958116],[-86.170476,35.957262],[-86.176951,35.957508],[-86.186495,35.957877],[-86.185922,35.962184],[-86.195231,35.962879],[-86.202435,35.963415],[-86.202505,35.962318],[-86.205534,35.962562],[-86.210327,35.962945],[-86.209846,35.966952],[-86.216909,35.967654],[-86.216868,35.969366],[-86.217565,35.969303],[-86.222995,35.969276],[-86.222588,35.968171],[-86.223369,35.968211],[-86.223219,35.965107],[-86.224483,35.964607],[-86.22516,35.96292],[-86.23069,35.963091],[-86.236949,35.963285],[-86.23776,35.959424],[-86.246444,35.960245],[-86.251731,35.961141],[-86.250608,35.967681],[-86.255838,35.968322],[-86.255957,35.967369],[-86.256873,35.9676],[-86.256786,35.968469],[-86.287596,35.972695],[-86.287112,35.974985],[-86.310363,35.978563],[-86.309725,35.981176],[-86.310441,35.98086],[-86.310954,35.980507],[-86.311036,35.980622],[-86.309967,35.986146],[-86.317888,35.986736],[-86.319457,35.985965],[-86.322555,35.987348],[-86.323162,35.98655],[-86.324123,35.987208],[-86.326252,35.985008],[-86.339812,35.995329],[-86.346266,36.000062],[-86.35293,36.003679],[-86.353137,36.003798],[-86.364201,36.010172],[-86.363488,36.014413],[-86.362437,36.018398],[-86.360912,36.022377],[-86.359227,36.026781],[-86.357498,36.031292],[-86.356726,36.033303],[-86.355165,36.037388],[-86.353514,36.04176],[-86.351088,36.050452],[-86.349746,36.054376],[-86.349518,36.05499],[-86.347824,36.059474],[-86.345792,36.063484],[-86.342617,36.069004],[-86.340835,36.072317],[-86.340595,36.073004],[-86.339291,36.080254],[-86.338615,36.083438],[-86.335633,36.093912],[-86.333479,36.097816],[-86.331307,36.102075],[-86.33831,36.104009],[-86.340365,36.105324],[-86.343298,36.107517],[-86.345449,36.108579],[-86.346728,36.109619],[-86.34805,36.110831],[-86.349088,36.111748],[-86.348371,36.121087],[-86.348245,36.122732],[-86.349214,36.12548],[-86.351067,36.128817],[-86.350855,36.13013],[-86.347411,36.132973],[-86.347304,36.134319]]]]}},{"type":"Feature","properties":{"id":5,"NAME":"5","TotalPop":768358,"PopDevPct":0.00063408,"DemPct":0.62029283,"RepPct":0.35957641,"WhitePct":0.57579312,"MinorityPct":0.42420688,"BlackPct":0.2408926,"HispanicPct":0.12012522,"PacificPct":0.00155626,"AsianPct":0.04718088,"NativePct":0.0207818,"TotalVAP":610438,"Margin":0.12029283,"color":"#00008b","opacity":"0.5"},"geometry":{"type":"MultiPolygon","coordinates":[[[[-86.567917,36.16869],[-86.56802,36.168859],[-86.568106,36.169001],[-86.570015,36.172212],[-86.57089,36.173679],[-86.571405,36.175982],[-86.571482,36.17632],[-86.572172,36.179372],[-86.572827,36.182268],[-86.573236,36.184073],[-86.57417,36.188209],[-86.574256,36.188588],[-86.574365,36.18907],[-86.574527,36.189785],[-86.574812,36.191066],[-86.57492,36.191548],[-86.57562,36.194597],[-86.57607,36.195775],[-86.576695,36.197411],[-86.576757,36.197592],[-86.577515,36.199759],[-86.577692,36.200178],[-86.579891,36.206371],[-86.580021,36.206392],[-86.581507,36.206632],[-86.581182,36.208292],[-86.5809,36.208819],[-86.582265,36.212989],[-86.582348,36.212995],[-86.582531,36.213492],[-86.58293,36.214561],[-86.583152,36.215163],[-86.583278,36.215754],[-86.583626,36.216703],[-86.583855,36.217321],[-86.584917,36.220181],[-86.58567,36.222217],[-86.586075,36.223297],[-86.586457,36.22433],[-86.586985,36.225769],[-86.587905,36.228431],[-86.588221,36.229346],[-86.588542,36.230275],[-86.590492,36.235427],[-86.591092,36.237005],[-86.593689,36.237109],[-86.593493,36.238241],[-86.593493,36.239796],[-86.595439,36.239407],[-86.595088,36.241461],[-86.593874,36.241068],[-86.593723,36.241018],[-86.59359,36.240971],[-86.593584,36.241316],[-86.593422,36.241477],[-86.593504,36.243257],[-86.594286,36.245105],[-86.609988,36.244204],[-86.615092,36.245104],[-86.616226,36.245767],[-86.621012,36.248499],[-86.622798,36.249308],[-86.636633,36.254228],[-86.639095,36.255105],[-86.641251,36.265033],[-86.642589,36.271204],[-86.642261,36.279463],[-86.642192,36.281201],[-86.642,36.288251],[-86.649186,36.292835],[-86.655776,36.296738],[-86.668744,36.300577],[-86.668176,36.3013],[-86.667537,36.302038],[-86.667559,36.302161],[-86.666495,36.303505],[-86.667832,36.304893],[-86.669843,36.30684],[-86.672224,36.308924],[-86.672257,36.309454],[-86.672301,36.30984],[-86.672277,36.310224],[-86.672296,36.311055],[-86.672682,36.311672],[-86.67269,36.311701],[-86.672717,36.311788],[-86.672726,36.311818],[-86.672739,36.311871],[-86.672745,36.311897],[-86.672789,36.312063],[-86.672814,36.312128],[-86.672838,36.312213],[-86.672892,36.31234],[-86.673376,36.312767],[-86.674456,36.314077],[-86.674807,36.31579],[-86.675438,36.31618],[-86.676141,36.316112],[-86.676975,36.315886],[-86.677884,36.316261],[-86.678914,36.316487],[-86.679216,36.31621],[-86.679863,36.316086],[-86.680288,36.315862],[-86.685331,36.317397],[-86.686995,36.317924],[-86.687387,36.3182],[-86.688418,36.31991],[-86.691558,36.320714],[-86.692087,36.321042],[-86.693025,36.321174],[-86.693942,36.32113],[-86.695239,36.321377],[-86.696318,36.321421],[-86.697181,36.321921],[-86.697684,36.322685],[-86.697616,36.323515],[-86.696726,36.324307],[-86.696407,36.325241],[-86.69655,36.325944],[-86.696876,36.32673],[-86.697385,36.327098],[-86.698486,36.327192],[-86.699304,36.327723],[-86.699669,36.327924],[-86.700214,36.328108],[-86.700499,36.328058],[-86.701134,36.327806],[-86.70152,36.32762],[-86.701898,36.327411],[-86.702376,36.327243],[-86.702782,36.327189],[-86.703036,36.327213],[-86.703328,36.327307],[-86.703559,36.327449],[-86.703939,36.327752],[-86.704177,36.327977],[-86.704501,36.328447],[-86.704687,36.328658],[-86.704897,36.328779],[-86.706011,36.329004],[-86.70631,36.329136],[-86.706643,36.329411],[-86.706759,36.329746],[-86.706983,36.330213],[-86.707119,36.330631],[-86.707255,36.330823],[-86.707533,36.33134],[-86.707567,36.33162],[-86.707493,36.331774],[-86.707323,36.331999],[-86.707228,36.332329],[-86.707208,36.332642],[-86.707235,36.332994],[-86.70752,36.333461],[-86.707819,36.333873],[-86.707962,36.333972],[-86.708145,36.333961],[-86.708498,36.33384],[-86.70877,36.333719],[-86.709076,36.333626],[-86.709508,36.333571],[-86.709697,36.333606],[-86.710074,36.333726],[-86.710376,36.334004],[-86.710723,36.334259],[-86.711076,36.334445],[-86.711495,36.334613],[-86.712021,36.334733],[-86.712496,36.334797],[-86.712821,36.3349],[-86.713095,36.335027],[-86.713687,36.335521],[-86.713983,36.335807],[-86.714272,36.335992],[-86.714502,36.336049],[-86.714863,36.336177],[-86.715259,36.336362],[-86.715455,36.336507],[-86.715851,36.336856],[-86.716047,36.337117],[-86.716344,36.337624],[-86.716553,36.337815],[-86.716591,36.337845],[-86.716986,36.338177],[-86.717758,36.338971],[-86.717827,36.338987],[-86.717936,36.339013],[-86.718866,36.339532],[-86.721054,36.342076],[-86.722047,36.344383],[-86.721715,36.345972],[-86.723495,36.34768],[-86.722768,36.351313],[-86.72468,36.353429],[-86.725068,36.355462],[-86.724956,36.357736],[-86.725835,36.359994],[-86.726192,36.360972],[-86.725499,36.361623],[-86.725432,36.363348],[-86.726371,36.366173],[-86.726665,36.368849],[-86.727345,36.370525],[-86.727529,36.372316],[-86.728484,36.373224],[-86.728558,36.375472],[-86.729852,36.377844],[-86.730151,36.380264],[-86.731049,36.382165],[-86.732688,36.383659],[-86.73296,36.385061],[-86.734651,36.386988],[-86.735396,36.38759],[-86.735901,36.388218],[-86.736687,36.388815],[-86.737598,36.389215],[-86.738533,36.389506],[-86.740132,36.390486],[-86.740213,36.390717],[-86.740638,36.392802],[-86.741334,36.393156],[-86.741674,36.397337],[-86.743483,36.397743],[-86.744687,36.398845],[-86.74606,36.399644],[-86.745693,36.403097],[-86.748493,36.404694],[-86.751352,36.404763],[-86.753895,36.404295],[-86.754795,36.405496],[-86.755098,36.404433],[-86.755195,36.402458],[-86.756597,36.400441],[-86.758072,36.399867],[-86.760557,36.400717],[-86.762231,36.400318],[-86.764151,36.399722],[-86.764808,36.398223],[-86.764825,36.39814],[-86.763394,36.397094],[-86.763492,36.396898],[-86.763522,36.396842],[-86.76433,36.394289],[-86.766805,36.393915],[-86.768581,36.393752],[-86.769517,36.393369],[-86.772387,36.393241],[-86.772609,36.392519],[-86.773421,36.392399],[-86.777749,36.39115],[-86.781365,36.390049],[-86.781893,36.389588],[-86.781685,36.389075],[-86.781035,36.387866],[-86.780655,36.387168],[-86.780587,36.386743],[-86.782211,36.384827],[-86.781524,36.384137],[-86.781661,36.384016],[-86.781625,36.383996],[-86.781601,36.383982],[-86.781575,36.383964],[-86.78155,36.383946],[-86.781526,36.383926],[-86.781504,36.383905],[-86.781483,36.383884],[-86.781463,36.383861],[-86.781445,36.383838],[-86.781429,36.383814],[-86.781414,36.383789],[-86.781401,36.383764],[-86.781389,36.383749],[-86.781377,36.383735],[-86.781365,36.383721],[-86.781351,36.383707],[-86.781337,36.383694],[-86.781318,36.383681],[-86.781302,36.383664],[-86.781292,36.383645],[-86.781288,36.383625],[-86.78129,36.383605],[-86.781298,36.383585],[-86.781312,36.383568],[-86.78133,36.383553],[-86.781352,36.383543],[-86.781377,36.383537],[-86.781409,36.383527],[-86.781442,36.383518],[-86.781475,36.38351],[-86.781509,36.383504],[-86.781543,36.383499],[-86.781578,36.383496],[-86.781612,36.383494],[-86.781647,36.383493],[-86.781682,36.383494],[-86.781716,36.383497],[-86.781751,36.383501],[-86.781785,36.383506],[-86.781819,36.383512],[-86.781852,36.38352],[-86.781885,36.38353],[-86.781913,36.383536],[-86.781941,36.383542],[-86.781974,36.38355],[-86.781996,36.383555],[-86.782024,36.383562],[-86.782051,36.383569],[-86.782079,36.383577],[-86.782106,36.383584],[-86.782133,36.383592],[-86.78216,36.383601],[-86.782181,36.383606],[-86.782201,36.383612],[-86.78222,36.383621],[-86.782238,36.383631],[-86.782253,36.383641],[-86.782269,36.383656],[-86.782282,36.38367],[-86.782293,36.383685],[-86.782301,36.383701],[-86.782307,36.383717],[-86.784366,36.383281],[-86.783726,36.381827],[-86.784735,36.379441],[-86.787344,36.377118],[-86.791034,36.37676],[-86.791946,36.369321],[-86.789866,36.368738],[-86.788272,36.366319],[-86.786942,36.365767],[-86.787723,36.363284],[-86.787357,36.35964],[-86.790259,36.360038],[-86.79153,36.359802],[-86.795015,36.359874],[-86.797047,36.359611],[-86.798134,36.358413],[-86.802649,36.356738],[-86.803278,36.355473],[-86.80739,36.355445],[-86.809184,36.354989],[-86.812925,36.353563],[-86.815664,36.352759],[-86.817016,36.353143],[-86.818889,36.352704],[-86.821974,36.351632],[-86.823083,36.351648],[-86.824518,36.350475],[-86.825915,36.349635],[-86.825696,36.350699],[-86.826409,36.351273],[-86.830206,36.35343],[-86.830884,36.354544],[-86.830728,36.355995],[-86.833756,36.356724],[-86.8336,36.357471],[-86.834689,36.357864],[-86.834514,36.359843],[-86.836614,36.360246],[-86.836773,36.35838],[-86.838644,36.359378],[-86.839507,36.360785],[-86.840962,36.361939],[-86.84084,36.362901],[-86.844075,36.36406],[-86.844469,36.365148],[-86.84799,36.366444],[-86.849661,36.366377],[-86.851442,36.367102],[-86.851646,36.368091],[-86.852863,36.369223],[-86.854037,36.369561],[-86.854299,36.369796],[-86.853303,36.377245],[-86.852919,36.380135],[-86.858665,36.380738],[-86.862783,36.381035],[-86.862584,36.377239],[-86.86214,36.369569],[-86.864534,36.370294],[-86.86895,36.372827],[-86.870168,36.37419],[-86.871915,36.374238],[-86.874334,36.373698],[-86.875237,36.372313],[-86.876116,36.371892],[-86.877798,36.372446],[-86.87883,36.374678],[-86.878642,36.376094],[-86.878649,36.378677],[-86.879754,36.379991],[-86.881187,36.38092],[-86.883403,36.380333],[-86.885634,36.381777],[-86.886688,36.383402],[-86.886495,36.384023],[-86.889257,36.38667],[-86.890523,36.387053],[-86.89059,36.387065],[-86.892057,36.387896],[-86.893406,36.388212],[-86.893861,36.388528],[-86.894298,36.389097],[-86.89697,36.389464],[-86.897518,36.3896],[-86.898196,36.389921],[-86.898938,36.389979],[-86.901308,36.389065],[-86.904384,36.389499],[-86.907101,36.390404],[-86.908675,36.390457],[-86.90963,36.389899],[-86.910869,36.38814],[-86.91164,36.386105],[-86.912523,36.384952],[-86.912544,36.383823],[-86.914208,36.383541],[-86.913233,36.382621],[-86.913212,36.382591],[-86.912054,36.380851],[-86.909807,36.379192],[-86.912073,36.377148],[-86.912639,36.377939],[-86.914937,36.378073],[-86.916058,36.373512],[-86.914732,36.373346],[-86.915962,36.370893],[-86.914064,36.371045],[-86.911344,36.372174],[-86.909818,36.372128],[-86.909583,36.370799],[-86.908151,36.370249],[-86.907866,36.368373],[-86.906275,36.366532],[-86.907259,36.364885],[-86.907874,36.364899],[-86.910001,36.363278],[-86.910202,36.361024],[-86.909953,36.360486],[-86.910958,36.35726],[-86.917398,36.340075],[-86.917522,36.339746],[-86.920742,36.330855],[-86.923272,36.325379],[-86.933299,36.308017],[-86.940536,36.295111],[-86.942368,36.291759],[-86.947873,36.282367],[-86.95771,36.275797],[-86.959873,36.272395],[-86.963358,36.267004],[-86.966055,36.262831],[-86.971356,36.254628],[-86.97461,36.249374],[-86.975393,36.247397],[-86.984007,36.225419],[-86.981171,36.218711],[-86.980414,36.216995],[-86.980404,36.216692],[-86.98041,36.216531],[-86.981781,36.215039],[-86.982253,36.213876],[-86.982381,36.213718],[-86.985422,36.214771],[-86.985606,36.214828],[-86.986518,36.215109],[-86.987358,36.215369],[-86.987831,36.215515],[-86.98789,36.215414],[-86.988055,36.215127],[-86.988205,36.214438],[-86.987884,36.214346],[-86.987668,36.214898],[-86.984262,36.213846],[-86.985041,36.211001],[-86.985255,36.210061],[-86.984281,36.209685],[-86.983613,36.209566],[-86.983749,36.208855],[-86.984867,36.202852],[-86.988845,36.181533],[-86.989551,36.177758],[-86.990255,36.173982],[-86.991644,36.16654],[-86.992111,36.164038],[-86.995828,36.14011],[-86.996589,36.135403],[-86.997705,36.128512],[-86.997976,36.128266],[-87.001294,36.12523],[-87.008176,36.119531],[-87.019241,36.110388],[-87.021306,36.108672],[-87.027778,36.103301],[-87.029333,36.10201],[-87.032109,36.099626],[-87.03264,36.099171],[-87.038173,36.094314],[-87.038179,36.094197],[-87.038201,36.093796],[-87.038243,36.092987],[-87.038613,36.086724],[-87.035511,36.086431],[-87.035262,36.083316],[-87.035728,36.082335],[-87.038551,36.082086],[-87.038696,36.080185],[-87.038792,36.0789],[-87.039004,36.077318],[-87.040225,36.054134],[-87.040495,36.050009],[-87.040532,36.049557],[-87.04101,36.042322],[-87.041362,36.041312],[-87.042362,36.042894],[-87.04369,36.043498],[-87.044501,36.046874],[-87.046021,36.047198],[-87.04909,36.046742],[-87.049956,36.047249],[-87.050698,36.048713],[-87.051742,36.049377],[-87.054705,36.049986],[-87.05453,36.048776],[-87.053722,36.045582],[-87.051917,36.038439],[-87.048335,36.024842],[-87.045351,36.012597],[-87.042946,36.002727],[-87.04155,35.997062],[-87.040749,35.993825],[-87.040288,35.991944],[-87.039386,35.989242],[-87.039223,35.989286],[-87.03197,35.989752],[-87.028336,35.989857],[-87.026471,35.991078],[-87.024785,35.992078],[-87.023023,35.993202],[-87.022766,35.993368],[-87.018781,35.995913],[-87.016437,35.997617],[-87.016082,35.997874],[-87.00728,36.003433],[-87.001496,36.007057],[-86.987551,36.015781],[-86.980605,36.020184],[-86.97964,36.020799],[-86.976824,36.02258],[-86.974663,36.023965],[-86.968487,36.027906],[-86.962984,36.031386],[-86.953413,36.037347],[-86.951924,36.038287],[-86.951472,36.038555],[-86.94876,36.040284],[-86.947362,36.041178],[-86.947012,36.0414],[-86.946907,36.041468],[-86.946823,36.041523],[-86.946786,36.041547],[-86.946675,36.041619],[-86.946639,36.041644],[-86.946608,36.041664],[-86.946517,36.041724],[-86.946487,36.041745],[-86.946388,36.0418],[-86.946035,36.042024],[-86.943581,36.043578],[-86.939161,36.046332],[-86.936415,36.048156],[-86.928861,36.052942],[-86.928602,36.052909],[-86.926473,36.052638],[-86.921686,36.052023],[-86.919745,36.051774],[-86.919116,36.051693],[-86.91684,36.051403],[-86.908797,36.050398],[-86.903024,36.04969],[-86.896719,36.04892],[-86.893385,36.048515],[-86.885613,36.047526],[-86.88458,36.047389],[-86.883805,36.047286],[-86.882165,36.04707],[-86.872219,36.045769],[-86.864761,36.044896],[-86.864957,36.044672],[-86.857964,36.04407],[-86.856722,36.043963],[-86.856653,36.043966],[-86.849077,36.043011],[-86.845354,36.04246],[-86.842077,36.042086],[-86.837533,36.041561],[-86.832753,36.041024],[-86.831486,36.04088],[-86.824578,36.040116],[-86.822299,36.039865],[-86.819766,36.039586],[-86.816472,36.039217],[-86.801178,36.037589],[-86.79782,36.037318],[-86.795019,36.037092],[-86.794688,36.037066],[-86.793914,36.036967],[-86.790875,36.036715],[-86.787205,36.035999],[-86.785814,36.035625],[-86.784238,36.035217],[-86.783268,36.034946],[-86.783079,36.034886],[-86.781367,36.034324],[-86.777128,36.033239],[-86.777073,36.033218],[-86.769095,36.029216],[-86.766345,36.027823],[-86.764379,36.026782],[-86.762631,36.025857],[-86.760444,36.024699],[-86.755889,36.022288],[-86.750323,36.019339],[-86.746348,36.017267],[-86.740607,36.014275],[-86.738652,36.013256],[-86.734426,36.011083],[-86.731882,36.009856],[-86.726076,36.009306],[-86.723938,36.009124],[-86.722181,36.008976],[-86.720169,36.008744],[-86.712896,36.008122],[-86.703215,36.00217],[-86.699433,35.999847],[-86.697419,35.998609],[-86.693173,35.996],[-86.692324,35.994753],[-86.689614,35.994966],[-86.689096,35.99505],[-86.687714,35.995343],[-86.687394,35.995104],[-86.687305,35.995037],[-86.6872,35.994962],[-86.686735,35.994608],[-86.686455,35.994363],[-86.686347,35.994269],[-86.686164,35.994092],[-86.684785,35.992599],[-86.683475,35.991177],[-86.681889,35.989399],[-86.6761,35.987158],[-86.675519,35.986933],[-86.673863,35.986292],[-86.669453,35.984592],[-86.666792,35.983565],[-86.664852,35.982816],[-86.664248,35.982583],[-86.656189,35.979472],[-86.654285,35.978736],[-86.648288,35.976422],[-86.648288,35.975573],[-86.645887,35.975359],[-86.632912,35.974401],[-86.627397,35.974027],[-86.627695,35.972128],[-86.6186,35.971336],[-86.618892,35.968224],[-86.618899,35.968141],[-86.616061,35.967787],[-86.614216,35.967247],[-86.611944,35.967422],[-86.610572,35.967295],[-86.60481,35.966578],[-86.602486,35.966347],[-86.601135,35.965508],[-86.599696,35.963763],[-86.600229,35.960314],[-86.600534,35.957811],[-86.599806,35.957055],[-86.59808,35.956757],[-86.596531,35.956264],[-86.596224,35.956693],[-86.595818,35.956912],[-86.593809,35.957176],[-86.5935,35.957254],[-86.587504,35.958852],[-86.586701,35.959223],[-86.584307,35.960075],[-86.583463,35.960161],[-86.582509,35.960269],[-86.581762,35.960349],[-86.580478,35.960195],[-86.579132,35.960233],[-86.575952,35.961549],[-86.571068,35.962089],[-86.56886,35.963355],[-86.567388,35.965325],[-86.566693,35.967326],[-86.566492,35.9676],[-86.566355,35.967787],[-86.566226,35.96759],[-86.563475,35.963806],[-86.561625,35.961804],[-86.551653,35.952754],[-86.551314,35.952998],[-86.550214,35.953813],[-86.547686,35.954288],[-86.546551,35.95491],[-86.542599,35.959691],[-86.541749,35.96071],[-86.540409,35.961058],[-86.536932,35.961163],[-86.536206,35.961679],[-86.535576,35.962279],[-86.534315,35.963422],[-86.53214,35.964404],[-86.531305,35.964834],[-86.530561,35.965551],[-86.528795,35.967352],[-86.531435,35.969835],[-86.53263,35.970988],[-86.533875,35.972172],[-86.534991,35.973284],[-86.538963,35.977117],[-86.540206,35.978312],[-86.541706,35.97972],[-86.542569,35.980503],[-86.540736,35.98129],[-86.538868,35.98004],[-86.5357,35.9797],[-86.533606,35.980273],[-86.533908,35.981083],[-86.534763,35.983585],[-86.534822,35.984682],[-86.534228,35.987953],[-86.53366,35.990735],[-86.535519,35.991851],[-86.536862,35.993279],[-86.536986,35.993416],[-86.532076,35.996348],[-86.531849,35.996497],[-86.531447,35.996733],[-86.531276,35.996839],[-86.52883,35.997902],[-86.527424,35.997926],[-86.523894,35.996761],[-86.521233,35.996403],[-86.521183,35.996399],[-86.511058,35.995366],[-86.509406,35.995752],[-86.507265,35.997924],[-86.505022,35.998463],[-86.500877,35.997302],[-86.50006,35.997059],[-86.498955,35.996742],[-86.497187,35.996369],[-86.494588,35.996105],[-86.493284,35.995447],[-86.492448,35.995828],[-86.490926,35.995854],[-86.490503,35.995822],[-86.483835,35.995193],[-86.482327,35.995268],[-86.48213,35.995313],[-86.480535,35.995724],[-86.478324,35.996284],[-86.472637,35.997257],[-86.471082,35.997811],[-86.470422,35.998047],[-86.470371,35.998066],[-86.46977,35.998281],[-86.469755,35.998497],[-86.469863,36.000063],[-86.471388,36.002351],[-86.472012,36.003903],[-86.473175,36.010183],[-86.473294,36.01186],[-86.472105,36.014128],[-86.470708,36.015388],[-86.467975,36.016586],[-86.466248,36.018066],[-86.466137,36.018906],[-86.466843,36.021052],[-86.466597,36.023227],[-86.464024,36.024882],[-86.459901,36.026399],[-86.455138,36.028926],[-86.452612,36.030552],[-86.453219,36.032014],[-86.454537,36.032925],[-86.456272,36.033409],[-86.457608,36.033309],[-86.46048,36.032157],[-86.461992,36.030521],[-86.465528,36.029509],[-86.46992,36.028761],[-86.472904,36.027618],[-86.47676,36.027038],[-86.47852,36.027058],[-86.480544,36.02791],[-86.481848,36.029426],[-86.48232,36.031277],[-86.480496,36.033937],[-86.47948,36.037013],[-86.481376,36.038505],[-86.484411,36.039216],[-86.486215,36.040276],[-86.48838,36.040067],[-86.491181,36.038862],[-86.493353,36.038641],[-86.496503,36.039996],[-86.498177,36.04099],[-86.499764,36.04257],[-86.501124,36.046117],[-86.501575,36.048666],[-86.5014,36.051828],[-86.502591,36.053575],[-86.504188,36.054325],[-86.505673,36.05445],[-86.507498,36.054598],[-86.509634,36.055473],[-86.510603,36.056543],[-86.510985,36.058684],[-86.510406,36.059761],[-86.50769,36.060456],[-86.502697,36.060368],[-86.499258,36.060052],[-86.49719,36.060988],[-86.496185,36.062563],[-86.496006,36.063934],[-86.497072,36.066139],[-86.499992,36.068496],[-86.501444,36.068865],[-86.505274,36.068532],[-86.509207,36.06793],[-86.51156,36.066845],[-86.5132,36.066633],[-86.515477,36.067795],[-86.517275,36.069386],[-86.518765,36.071324],[-86.521083,36.072395],[-86.520823,36.072973],[-86.520444,36.075892],[-86.520215,36.077648],[-86.519512,36.083063],[-86.519363,36.084194],[-86.517597,36.084081],[-86.516886,36.089272],[-86.515589,36.10061],[-86.519566,36.103831],[-86.523355,36.106633],[-86.527737,36.107167],[-86.535943,36.108166],[-86.535634,36.110104],[-86.53529,36.112496],[-86.531183,36.112049],[-86.529718,36.121318],[-86.529688,36.121505],[-86.528868,36.126704],[-86.526437,36.126479],[-86.525789,36.134386],[-86.527391,36.134585],[-86.526492,36.137797],[-86.525559,36.13854],[-86.526049,36.139619],[-86.527841,36.140769],[-86.528438,36.138009],[-86.532513,36.138439],[-86.532839,36.138472],[-86.532899,36.138436],[-86.533007,36.138366],[-86.533144,36.138263],[-86.533228,36.138206],[-86.533297,36.138153],[-86.533353,36.138095],[-86.53342,36.137982],[-86.533443,36.137902],[-86.533447,36.137792],[-86.53343,36.137679],[-86.533418,36.137603],[-86.533396,36.137504],[-86.533381,36.137446],[-86.533363,36.137389],[-86.533354,36.13736],[-86.533649,36.137501],[-86.535789,36.138513],[-86.537272,36.136887],[-86.538597,36.135395],[-86.53996,36.136733],[-86.540291,36.138853],[-86.54272,36.140594],[-86.546957,36.137054],[-86.549545,36.137823],[-86.553145,36.135814],[-86.554398,36.135755],[-86.554138,36.134191],[-86.55473,36.133886],[-86.556609,36.134928],[-86.556865,36.13496],[-86.555735,36.141344],[-86.555406,36.143217],[-86.555323,36.143212],[-86.555275,36.143521],[-86.55458,36.143461],[-86.554563,36.143458],[-86.553856,36.143359],[-86.553484,36.143307],[-86.553083,36.14325],[-86.552285,36.143211],[-86.551254,36.143262],[-86.550937,36.144315],[-86.552683,36.144568],[-86.552559,36.14515],[-86.555759,36.145381],[-86.558862,36.151301],[-86.563296,36.160373],[-86.564859,36.163649],[-86.567688,36.168312],[-86.567917,36.16869]]]]}},{"type":"Feature","properties":{"id":6,"NAME":"6","TotalPop":768720,"PopDevPct":0.00110551,"DemPct":0.19427304,"RepPct":0.79630508,"WhitePct":0.88653419,"MinorityPct":0.11346581,"BlackPct":0.03591713,"HispanicPct":0.04034768,"PacificPct":0.00092559,"AsianPct":0.00866536,"NativePct":0.02550841,"TotalVAP":602860,"Margin":-0.30572696,"color":"#960018","opacity":"0.5"},"geometry":{"type":"MultiPolygon","coordinates":[[[[-84.78545,36.603444],[-84.804294,36.6039],[-84.818982,36.604259],[-84.829123,36.604514],[-84.874882,36.607701],[-84.883803,36.608175],[-84.897679,36.609085],[-84.919833,36.610634],[-84.937508,36.611858],[-84.95274,36.613412],[-84.991632,36.617041],[-84.993427,36.617156],[-84.99681,36.617373],[-85.026279,36.619261],[-85.026861,36.619299],[-85.02742,36.619323],[-85.049583,36.620303],[-85.070543,36.621248],[-85.078097,36.621543],[-85.085471,36.621882],[-85.086396,36.621921],[-85.088348,36.622005],[-85.096619,36.622352],[-85.110636,36.622935],[-85.118389,36.623215],[-85.136033,36.623813],[-85.143387,36.624034],[-85.168763,36.624798],[-85.17018,36.62484],[-85.171624,36.624884],[-85.18627,36.625208],[-85.190361,36.625277],[-85.203933,36.625505],[-85.204519,36.625515],[-85.205493,36.625532],[-85.207773,36.625571],[-85.208062,36.625576],[-85.208322,36.62558],[-85.209046,36.625593],[-85.209382,36.625599],[-85.213286,36.625669],[-85.221927,36.625823],[-85.225992,36.625896],[-85.226468,36.625905],[-85.228942,36.625949],[-85.240162,36.626149],[-85.247557,36.626281],[-85.249966,36.626324],[-85.256819,36.626438],[-85.257149,36.626443],[-85.265628,36.626622],[-85.276281,36.626816],[-85.276922,36.626823],[-85.289091,36.626486],[-85.290266,36.626454],[-85.294158,36.626278],[-85.298471,36.625009],[-85.299225,36.624793],[-85.300415,36.624449],[-85.303128,36.624461],[-85.303687,36.624464],[-85.317069,36.624498],[-85.324791,36.624508],[-85.330632,36.623592],[-85.331397,36.623472],[-85.333062,36.623212],[-85.334549,36.622979],[-85.350496,36.622261],[-85.353233,36.622143],[-85.354252,36.622101],[-85.354584,36.622083],[-85.356092,36.622022],[-85.356266,36.622015],[-85.357921,36.621947],[-85.35862,36.621919],[-85.369621,36.621466],[-85.372092,36.621355],[-85.382476,36.620826],[-85.383957,36.620756],[-85.392571,36.620381],[-85.392878,36.620369],[-85.394241,36.620312],[-85.394896,36.620286],[-85.412004,36.619554],[-85.413562,36.619532],[-85.417362,36.619397],[-85.429361,36.619095],[-85.434908,36.618751],[-85.488497,36.615395],[-85.49106,36.615261],[-85.501599,36.614857],[-85.502294,36.614868],[-85.502838,36.614876],[-85.508593,36.614994],[-85.538077,36.615629],[-85.55355,36.615871],[-85.574554,36.616225],[-85.587048,36.616466],[-85.602787,36.616772],[-85.611298,36.616993],[-85.638022,36.617498],[-85.64039,36.617536],[-85.644126,36.617588],[-85.665341,36.618273],[-85.665763,36.618285],[-85.67653,36.618223],[-85.68644,36.618698],[-85.69393,36.618905],[-85.704535,36.619306],[-85.711722,36.619467],[-85.719906,36.619891],[-85.724021,36.620191],[-85.732596,36.620507],[-85.738391,36.620496],[-85.744513,36.620624],[-85.752674,36.6209],[-85.771312,36.621516],[-85.788726,36.622048],[-85.790002,36.622076],[-85.797424,36.622186],[-85.80286,36.622171],[-85.805075,36.622168],[-85.831974,36.622101],[-85.860043,36.623305],[-85.875956,36.623999],[-85.908447,36.625458],[-85.918692,36.625917],[-85.919498,36.625948],[-85.920732,36.626003],[-85.921962,36.626058],[-85.928325,36.626342],[-85.934747,36.62663],[-85.936385,36.626702],[-85.956216,36.627589],[-85.972488,36.628319],[-85.976418,36.628493],[-85.978915,36.628583],[-86.002973,36.629443],[-86.005019,36.629517],[-86.021654,36.630159],[-86.032405,36.630708],[-86.052161,36.632108],[-86.059349,36.63263],[-86.062673,36.632865],[-86.073242,36.633619],[-86.081794,36.634035],[-86.0943,36.634593],[-86.104827,36.635061],[-86.11429,36.635482],[-86.114501,36.635491],[-86.128206,36.636103],[-86.155383,36.63732],[-86.16114,36.637574],[-86.165435,36.637764],[-86.182033,36.638915],[-86.186562,36.639235],[-86.197528,36.639708],[-86.197753,36.639721],[-86.20444,36.640129],[-86.205388,36.640184],[-86.215895,36.640769],[-86.225329,36.641286],[-86.236155,36.641878],[-86.244565,36.642421],[-86.251936,36.642893],[-86.264418,36.643663],[-86.273432,36.644176],[-86.293112,36.645296],[-86.296197,36.645565],[-86.321782,36.647798],[-86.332126,36.648701],[-86.340076,36.648971],[-86.347433,36.64922],[-86.351432,36.649399],[-86.358661,36.649726],[-86.373638,36.650062],[-86.401659,36.650701],[-86.411379,36.650924],[-86.431186,36.651271],[-86.459689,36.651692],[-86.473184,36.651912],[-86.485832,36.652117],[-86.499931,36.652271],[-86.507128,36.652372],[-86.507781,36.652379],[-86.522085,36.647637],[-86.536254,36.642936],[-86.539206,36.641959],[-86.543822,36.640427],[-86.543352,36.643855],[-86.545708,36.644177],[-86.549943,36.644759],[-86.551222,36.637998],[-86.5621,36.63432],[-86.563909,36.633562],[-86.564287,36.632991],[-86.56473,36.632184],[-86.565749,36.630385],[-86.567286,36.627779],[-86.567755,36.626979],[-86.56825,36.626093],[-86.571581,36.620538],[-86.572723,36.618816],[-86.576984,36.6127],[-86.577907,36.611327],[-86.579117,36.609597],[-86.584554,36.601754],[-86.588995,36.59536],[-86.589126,36.595171],[-86.592083,36.590908],[-86.592114,36.590859],[-86.59263,36.590088],[-86.593492,36.588847],[-86.595051,36.585983],[-86.595187,36.585714],[-86.597125,36.581832],[-86.601313,36.574995],[-86.602998,36.572478],[-86.606335,36.569218],[-86.611141,36.56497],[-86.612422,36.563558],[-86.616427,36.558579],[-86.620995,36.552886],[-86.623389,36.549877],[-86.628628,36.543343],[-86.629429,36.542352],[-86.629598,36.542136],[-86.630772,36.54066],[-86.633984,36.536363],[-86.635037,36.534041],[-86.636303,36.529869],[-86.636388,36.529603],[-86.637097,36.527224],[-86.63871,36.521898],[-86.639341,36.519804],[-86.640281,36.516717],[-86.641432,36.512902],[-86.641874,36.510945],[-86.642164,36.507271],[-86.641811,36.503768],[-86.640766,36.497093],[-86.641146,36.494918],[-86.642092,36.493236],[-86.642339,36.492823],[-86.642414,36.4927],[-86.642605,36.492382],[-86.642694,36.492233],[-86.642834,36.492003],[-86.642851,36.491974],[-86.642914,36.491864],[-86.643106,36.491536],[-86.64317,36.491427],[-86.643202,36.491349],[-86.643258,36.491263],[-86.643335,36.491143],[-86.643377,36.491072],[-86.643439,36.490965],[-86.643555,36.490765],[-86.643575,36.490733],[-86.645022,36.487836],[-86.645129,36.487425],[-86.645658,36.482017],[-86.646253,36.480056],[-86.64842,36.476199],[-86.649312,36.474644],[-86.649899,36.473591],[-86.651764,36.470319],[-86.653566,36.468463],[-86.659091,36.464396],[-86.659102,36.464387],[-86.662615,36.461548],[-86.664374,36.460026],[-86.666397,36.458211],[-86.668115,36.456613],[-86.672828,36.452246],[-86.673507,36.451631],[-86.675966,36.449152],[-86.676062,36.449029],[-86.676409,36.448517],[-86.676712,36.447952],[-86.677165,36.44687],[-86.677614,36.445781],[-86.67818,36.444371],[-86.67837,36.443892],[-86.679604,36.440785],[-86.680059,36.439808],[-86.681033,36.438311],[-86.681292,36.437993],[-86.683445,36.435939],[-86.683509,36.435879],[-86.683704,36.435703],[-86.683769,36.435644],[-86.683844,36.435575],[-86.683925,36.435502],[-86.684071,36.43537],[-86.684148,36.435302],[-86.684288,36.435178],[-86.684478,36.435011],[-86.684526,36.434968],[-86.684874,36.434659],[-86.685032,36.434515],[-86.685097,36.434461],[-86.685149,36.434418],[-86.685243,36.434336],[-86.685359,36.43424],[-86.685482,36.434132],[-86.685566,36.434052],[-86.685659,36.433964],[-86.685674,36.433951],[-86.685777,36.433857],[-86.686036,36.433629],[-86.688652,36.430888],[-86.688916,36.430588],[-86.690864,36.428393],[-86.692174,36.426914],[-86.692238,36.426841],[-86.692431,36.426623],[-86.692496,36.426551],[-86.692562,36.426476],[-86.693251,36.425663],[-86.694441,36.423711],[-86.695064,36.421319],[-86.695032,36.419745],[-86.69398,36.416412],[-86.69157,36.410981],[-86.690759,36.409742],[-86.690617,36.409569],[-86.689177,36.408233],[-86.688513,36.407741],[-86.687021,36.406568],[-86.686974,36.406518],[-86.686811,36.406332],[-86.683867,36.406462],[-86.68341,36.408177],[-86.679964,36.409287],[-86.679186,36.410043],[-86.679228,36.41203],[-86.675672,36.412817],[-86.674593,36.414678],[-86.673447,36.415541],[-86.671534,36.416149],[-86.671584,36.415202],[-86.668213,36.414762],[-86.666247,36.414506],[-86.666459,36.413419],[-86.666943,36.41093],[-86.665429,36.410556],[-86.665533,36.409449],[-86.663869,36.408012],[-86.663245,36.406289],[-86.660745,36.405646],[-86.659844,36.404605],[-86.658182,36.404029],[-86.65297,36.402783],[-86.649627,36.400452],[-86.647123,36.399887],[-86.643769,36.400126],[-86.638894,36.401582],[-86.634554,36.401873],[-86.631867,36.40115],[-86.630944,36.401676],[-86.629546,36.402357],[-86.628177,36.401608],[-86.627913,36.398984],[-86.628303,36.396778],[-86.626386,36.393569],[-86.626032,36.392445],[-86.623704,36.393823],[-86.620663,36.396356],[-86.619613,36.39805],[-86.617422,36.398981],[-86.615497,36.400399],[-86.613864,36.401949],[-86.611553,36.40455],[-86.610708,36.404952],[-86.607299,36.40693],[-86.60294,36.408743],[-86.601813,36.409721],[-86.599953,36.410056],[-86.59857,36.409778],[-86.597799,36.41037],[-86.59779,36.412458],[-86.597339,36.413348],[-86.592942,36.413435],[-86.59153,36.41292],[-86.587808,36.412559],[-86.585074,36.413516],[-86.583935,36.413382],[-86.580676,36.412176],[-86.579299,36.411159],[-86.576993,36.410084],[-86.575998,36.409986],[-86.5729,36.408682],[-86.571481,36.408512],[-86.569187,36.408846],[-86.568171,36.407718],[-86.56451,36.402658],[-86.562919,36.400735],[-86.561868,36.397559],[-86.561381,36.395466],[-86.560975,36.393614],[-86.560674,36.391399],[-86.558888,36.391462],[-86.558209,36.393317],[-86.559479,36.397852],[-86.556266,36.39864],[-86.555451,36.399315],[-86.555212,36.401319],[-86.554543,36.402177],[-86.552208,36.403614],[-86.549796,36.406785],[-86.547844,36.406762],[-86.545449,36.406122],[-86.544779,36.410609],[-86.543661,36.411827],[-86.538094,36.411323],[-86.536848,36.411199],[-86.529662,36.410667],[-86.524229,36.410177],[-86.523326,36.410082],[-86.513703,36.409274],[-86.509196,36.411113],[-86.508153,36.412524],[-86.506192,36.413842],[-86.509185,36.415585],[-86.511275,36.416789],[-86.514449,36.418569],[-86.516653,36.420769],[-86.517204,36.421641],[-86.522397,36.429533],[-86.523229,36.431215],[-86.520588,36.43199],[-86.519518,36.434053],[-86.517309,36.433558],[-86.51565,36.436143],[-86.515547,36.437294],[-86.516108,36.439049],[-86.51564,36.440693],[-86.513827,36.4449],[-86.512918,36.445448],[-86.511409,36.448851],[-86.513257,36.451306],[-86.51501,36.452696],[-86.515873,36.454942],[-86.517014,36.455883],[-86.517314,36.45725],[-86.519266,36.45809],[-86.517812,36.459211],[-86.515592,36.460138],[-86.513087,36.461984],[-86.510479,36.464837],[-86.507089,36.46732],[-86.505668,36.46931],[-86.504871,36.470174],[-86.500987,36.472087],[-86.495017,36.471472],[-86.494152,36.470743],[-86.491169,36.469555],[-86.49029,36.469252],[-86.486355,36.468978],[-86.481765,36.470959],[-86.479918,36.470826],[-86.47838,36.470219],[-86.47551,36.469997],[-86.474902,36.471096],[-86.474675,36.470324],[-86.47504,36.468748],[-86.475996,36.466673],[-86.475562,36.464924],[-86.472383,36.462615],[-86.472393,36.46123],[-86.473222,36.45934],[-86.472033,36.457162],[-86.471413,36.453501],[-86.471075,36.450534],[-86.471011,36.445865],[-86.470866,36.444432],[-86.470011,36.441955],[-86.464539,36.432082],[-86.463504,36.428977],[-86.462645,36.427815],[-86.462442,36.427692],[-86.460242,36.424362],[-86.45523,36.417018],[-86.454233,36.415547],[-86.453151,36.412551],[-86.452537,36.41311],[-86.45251,36.414485],[-86.449475,36.408783],[-86.448821,36.405742],[-86.447319,36.405637],[-86.444842,36.405467],[-86.44504,36.404597],[-86.436399,36.403901],[-86.432512,36.403557],[-86.431135,36.402684],[-86.429286,36.403569],[-86.429076,36.403665],[-86.426388,36.404869],[-86.422497,36.406601],[-86.419807,36.407813],[-86.417647,36.408778],[-86.415434,36.409776],[-86.413746,36.41053],[-86.412999,36.410872],[-86.41205,36.411297],[-86.409337,36.409144],[-86.406308,36.404296],[-86.405169,36.402464],[-86.405,36.402194],[-86.404864,36.401975],[-86.404703,36.401714],[-86.404675,36.401669],[-86.404441,36.401694],[-86.404155,36.40165],[-86.403895,36.401498],[-86.403778,36.401429],[-86.403761,36.401419],[-86.403489,36.401315],[-86.400186,36.400709],[-86.398737,36.401533],[-86.396521,36.401935],[-86.400648,36.398629],[-86.400919,36.397313],[-86.400598,36.397299],[-86.398513,36.397223],[-86.395706,36.397119],[-86.3928,36.39701],[-86.387578,36.396815],[-86.378675,36.395877],[-86.37524,36.395491],[-86.370812,36.394979],[-86.368564,36.395072],[-86.36449,36.39665],[-86.36128,36.397981],[-86.362421,36.388111],[-86.363782,36.377761],[-86.363014,36.377098],[-86.360001,36.37676],[-86.35863,36.375048],[-86.358846,36.373505],[-86.356998,36.372093],[-86.353612,36.370923],[-86.353232,36.368663],[-86.347722,36.363409],[-86.346278,36.361482],[-86.345036,36.360748],[-86.343441,36.362348],[-86.34213,36.36121],[-86.340662,36.360681],[-86.341189,36.360005],[-86.344457,36.357723],[-86.345957,36.358083],[-86.347727,36.355409],[-86.348977,36.354357],[-86.348635,36.353927],[-86.351025,36.352292],[-86.346517,36.345112],[-86.345651,36.34089],[-86.346094,36.329848],[-86.346839,36.328841],[-86.349405,36.326806],[-86.353223,36.324803],[-86.356287,36.322251],[-86.361281,36.315434],[-86.361626,36.31442],[-86.362023,36.311505],[-86.360512,36.309843],[-86.358539,36.309236],[-86.356661,36.309475],[-86.354816,36.309711],[-86.348547,36.312299],[-86.344832,36.314195],[-86.342952,36.312719],[-86.338837,36.310267],[-86.337191,36.309672],[-86.335981,36.308157],[-86.336175,36.305929],[-86.335206,36.30485],[-86.331152,36.30298],[-86.329661,36.301693],[-86.329124,36.300645],[-86.32711,36.2991],[-86.32383,36.297762],[-86.323443,36.297165],[-86.323926,36.295304],[-86.324531,36.294826],[-86.324759,36.292875],[-86.324203,36.291617],[-86.325447,36.291587],[-86.330812,36.291441],[-86.3313,36.287972],[-86.332004,36.286579],[-86.331922,36.283137],[-86.330834,36.282825],[-86.329206,36.280356],[-86.329475,36.275606],[-86.323595,36.275151],[-86.322663,36.275329],[-86.322437,36.273605],[-86.322746,36.27212],[-86.324057,36.271414],[-86.326721,36.271863],[-86.326852,36.270348],[-86.325625,36.268369],[-86.325858,36.26707],[-86.323863,36.266794],[-86.32428,36.264711],[-86.324706,36.263279],[-86.327313,36.262289],[-86.327068,36.261568],[-86.330296,36.260384],[-86.331366,36.259968],[-86.334145,36.259659],[-86.336751,36.25872],[-86.340731,36.258045],[-86.340936,36.25858],[-86.344164,36.259349],[-86.349007,36.260018],[-86.349745,36.259943],[-86.351574,36.258568],[-86.351183,36.258212],[-86.353913,36.258441],[-86.354065,36.253852],[-86.353001,36.250074],[-86.354192,36.249204],[-86.354271,36.248676],[-86.355522,36.239647],[-86.355908,36.236375],[-86.355944,36.235714],[-86.355512,36.232239],[-86.353089,36.230741],[-86.355495,36.232185],[-86.35485,36.227444],[-86.354901,36.225188],[-86.353082,36.224506],[-86.350741,36.223635],[-86.346646,36.222111],[-86.344991,36.221502],[-86.345495,36.218628],[-86.345739,36.217319],[-86.346049,36.21542],[-86.346188,36.214496],[-86.34627,36.213979],[-86.34673,36.210882],[-86.346939,36.209527],[-86.343361,36.209165],[-86.343201,36.207985],[-86.341096,36.207484],[-86.341038,36.205259],[-86.339698,36.205707],[-86.338209,36.205706],[-86.337626,36.20567],[-86.336974,36.205666],[-86.33566,36.20589],[-86.33216,36.207909],[-86.327835,36.207459],[-86.325011,36.207146],[-86.323731,36.206821],[-86.321256,36.206222],[-86.321557,36.205138],[-86.326322,36.200337],[-86.327993,36.199454],[-86.32756,36.197901],[-86.329305,36.196021],[-86.333015,36.195489],[-86.332389,36.19358],[-86.331656,36.192867],[-86.329161,36.192052],[-86.327734,36.191473],[-86.326462,36.18945],[-86.3259,36.185847],[-86.326063,36.183094],[-86.32894,36.183175],[-86.337539,36.183407],[-86.34559,36.183623],[-86.345539,36.183394],[-86.345497,36.183023],[-86.344928,36.181741],[-86.344824,36.17815],[-86.344157,36.173415],[-86.344742,36.166796],[-86.346028,36.155667],[-86.346174,36.153092],[-86.34661,36.147467],[-86.346579,36.147386],[-86.347304,36.134319],[-86.347411,36.132973],[-86.350855,36.13013],[-86.351067,36.128817],[-86.349214,36.12548],[-86.348245,36.122732],[-86.348371,36.121087],[-86.349088,36.111748],[-86.34805,36.110831],[-86.346728,36.109619],[-86.345449,36.108579],[-86.343298,36.107517],[-86.340365,36.105324],[-86.33831,36.104009],[-86.331307,36.102075],[-86.333479,36.097816],[-86.335633,36.093912],[-86.338615,36.083438],[-86.339291,36.080254],[-86.340595,36.073004],[-86.340835,36.072317],[-86.342617,36.069004],[-86.345792,36.063484],[-86.347824,36.059474],[-86.349518,36.05499],[-86.349746,36.054376],[-86.351088,36.050452],[-86.353514,36.04176],[-86.355165,36.037388],[-86.356726,36.033303],[-86.357498,36.031292],[-86.359227,36.026781],[-86.360912,36.022377],[-86.362437,36.018398],[-86.363488,36.014413],[-86.364201,36.010172],[-86.353137,36.003798],[-86.35293,36.003679],[-86.346266,36.000062],[-86.339812,35.995329],[-86.326252,35.985008],[-86.324123,35.987208],[-86.323162,35.98655],[-86.322555,35.987348],[-86.319457,35.985965],[-86.317888,35.986736],[-86.309967,35.986146],[-86.311036,35.980622],[-86.310954,35.980507],[-86.310441,35.98086],[-86.309725,35.981176],[-86.310363,35.978563],[-86.287112,35.974985],[-86.287596,35.972695],[-86.256786,35.968469],[-86.256873,35.9676],[-86.255957,35.967369],[-86.255838,35.968322],[-86.250608,35.967681],[-86.251731,35.961141],[-86.246444,35.960245],[-86.23776,35.959424],[-86.236949,35.963285],[-86.23069,35.963091],[-86.22516,35.96292],[-86.224483,35.964607],[-86.223219,35.965107],[-86.223369,35.968211],[-86.222588,35.968171],[-86.222995,35.969276],[-86.217565,35.969303],[-86.216868,35.969366],[-86.216909,35.967654],[-86.209846,35.966952],[-86.210327,35.962945],[-86.205534,35.962562],[-86.202505,35.962318],[-86.202435,35.963415],[-86.195231,35.962879],[-86.185922,35.962184],[-86.186495,35.957877],[-86.176951,35.957508],[-86.170476,35.957262],[-86.170358,35.958116],[-86.175286,35.958931],[-86.175406,35.960348],[-86.173266,35.960477],[-86.169351,35.959721],[-86.167774,35.958828],[-86.16774,35.960281],[-86.165062,35.960143],[-86.165347,35.96185],[-86.164953,35.963522],[-86.161094,35.963214],[-86.161625,35.959235],[-86.16126,35.956751],[-86.156601,35.956524],[-86.156612,35.954549],[-86.153214,35.954399],[-86.152889,35.954385],[-86.152724,35.948749],[-86.153468,35.942822],[-86.153942,35.942798],[-86.15481,35.936331],[-86.154851,35.936045],[-86.155319,35.932559],[-86.142452,35.915295],[-86.141766,35.914374],[-86.144927,35.911063],[-86.1456,35.908547],[-86.152904,35.909125],[-86.15344,35.905411],[-86.155934,35.888146],[-86.159937,35.888519],[-86.159973,35.887895],[-86.157775,35.887743],[-86.158565,35.880778],[-86.16113,35.880951],[-86.161463,35.880973],[-86.162914,35.881071],[-86.162726,35.883651],[-86.168634,35.884362],[-86.168814,35.88011],[-86.169145,35.877733],[-86.166477,35.877877],[-86.165328,35.87757],[-86.167589,35.876969],[-86.171381,35.875255],[-86.173099,35.874157],[-86.172802,35.872968],[-86.174617,35.86097],[-86.175462,35.856016],[-86.175421,35.855567],[-86.175814,35.854539],[-86.177779,35.854872],[-86.177714,35.852885],[-86.175816,35.85183],[-86.175854,35.850813],[-86.178339,35.850986],[-86.178488,35.850382],[-86.176239,35.850244],[-86.178487,35.833843],[-86.178648,35.83267],[-86.179066,35.829408],[-86.179742,35.825315],[-86.179424,35.823346],[-86.178509,35.821697],[-86.177384,35.81978],[-86.177889,35.815811],[-86.178856,35.809816],[-86.179116,35.807756],[-86.179138,35.807565],[-86.179507,35.805245],[-86.180909,35.802637],[-86.182092,35.801128],[-86.182083,35.798247],[-86.182823,35.7964],[-86.181208,35.794993],[-86.188591,35.795935],[-86.188801,35.792336],[-86.187915,35.789889],[-86.188173,35.787501],[-86.190429,35.787122],[-86.190089,35.783921],[-86.190647,35.782425],[-86.189772,35.781051],[-86.189682,35.778861],[-86.188387,35.777232],[-86.189159,35.775367],[-86.189891,35.771758],[-86.188026,35.769517],[-86.186416,35.769644],[-86.184832,35.768836],[-86.182807,35.768426],[-86.183484,35.763443],[-86.18709,35.763725],[-86.187515,35.761388],[-86.188294,35.759048],[-86.18985,35.756877],[-86.188301,35.754025],[-86.190689,35.752194],[-86.192097,35.751758],[-86.192601,35.749618],[-86.19348,35.746972],[-86.195462,35.741432],[-86.204228,35.737221],[-86.205422,35.73472],[-86.20792,35.732286],[-86.207546,35.729883],[-86.20578,35.728705],[-86.202978,35.727727],[-86.206446,35.724383],[-86.206026,35.722423],[-86.206678,35.721241],[-86.206078,35.718993],[-86.206585,35.716965],[-86.208123,35.715601],[-86.208769,35.7124],[-86.207609,35.706587],[-86.207015,35.705301],[-86.207128,35.704421],[-86.207065,35.703966],[-86.207147,35.70379],[-86.207191,35.703699],[-86.207353,35.703537],[-86.207485,35.703407],[-86.207759,35.703123],[-86.207874,35.702727],[-86.208127,35.702516],[-86.208239,35.702402],[-86.208363,35.70244],[-86.20877,35.702563],[-86.210345,35.703043],[-86.210365,35.703044],[-86.210598,35.703065],[-86.210642,35.703054],[-86.210907,35.702975],[-86.211012,35.702734],[-86.211063,35.702682],[-86.211286,35.702458],[-86.211641,35.702408],[-86.211974,35.702405],[-86.212115,35.702405],[-86.21231,35.702424],[-86.212318,35.702417],[-86.212345,35.702399],[-86.212354,35.702393],[-86.212979,35.70196],[-86.214134,35.701164],[-86.214668,35.700958],[-86.214743,35.700956],[-86.215723,35.70101],[-86.215747,35.701025],[-86.215822,35.701041],[-86.215847,35.701049],[-86.2159,35.701069],[-86.216062,35.701129],[-86.216116,35.70115],[-86.216222,35.701406],[-86.216254,35.701436],[-86.21661,35.701775],[-86.216986,35.701918],[-86.217054,35.701939],[-86.217361,35.702035],[-86.21756,35.702378],[-86.218037,35.703201],[-86.218122,35.703425],[-86.218263,35.703797],[-86.217924,35.70448],[-86.218206,35.704931],[-86.218741,35.705193],[-86.219106,35.70572],[-86.219584,35.706178],[-86.221631,35.706429],[-86.222137,35.706154],[-86.222614,35.705078],[-86.222895,35.703887],[-86.223226,35.703722],[-86.223316,35.703139],[-86.223757,35.701969],[-86.2245,35.701456],[-86.22573,35.700359],[-86.226178,35.70014],[-86.2272,35.698463],[-86.227273,35.697696],[-86.226667,35.697158],[-86.225589,35.695703],[-86.225318,35.695164],[-86.225522,35.694775],[-86.226066,35.694732],[-86.227861,35.694811],[-86.229458,35.694608],[-86.230521,35.694263],[-86.231719,35.693594],[-86.232425,35.693009],[-86.232911,35.692143],[-86.233084,35.691568],[-86.233584,35.691162],[-86.234893,35.690864],[-86.235896,35.690422],[-86.238715,35.689923],[-86.239852,35.690352],[-86.241118,35.69074],[-86.24156,35.690511],[-86.241724,35.689954],[-86.242392,35.689667],[-86.244561,35.689469],[-86.245406,35.688899],[-86.245782,35.687928],[-86.245958,35.687831],[-86.246705,35.686195],[-86.246817,35.685428],[-86.246043,35.684859],[-86.244737,35.68456],[-86.244555,35.684076],[-86.244486,35.682874],[-86.24381,35.682248],[-86.243982,35.681601],[-86.245186,35.680521],[-86.245554,35.679727],[-86.243938,35.677509],[-86.243832,35.676662],[-86.243873,35.675652],[-86.242819,35.674681],[-86.24238,35.674151],[-86.242356,35.672407],[-86.241878,35.670739],[-86.241829,35.669601],[-86.241672,35.668464],[-86.242503,35.66758],[-86.243567,35.666831],[-86.245333,35.666353],[-86.2479,35.666492],[-86.249052,35.66504],[-86.247944,35.662406],[-86.244654,35.661795],[-86.243762,35.660138],[-86.240844,35.657983],[-86.24093,35.656472],[-86.242494,35.654728],[-86.242959,35.652586],[-86.243842,35.650853],[-86.243645,35.649748],[-86.244919,35.648756],[-86.245748,35.646507],[-86.245682,35.645644],[-86.244268,35.644053],[-86.244866,35.642476],[-86.24342,35.64049],[-86.242278,35.639592],[-86.242154,35.637784],[-86.241443,35.63644],[-86.24325,35.634339],[-86.24321,35.633145],[-86.245179,35.632299],[-86.245165,35.631913],[-86.245767,35.631929],[-86.246076,35.631938],[-86.246414,35.631949],[-86.249994,35.632116],[-86.25766,35.631921],[-86.257478,35.634286],[-86.260577,35.637897],[-86.262714,35.637884],[-86.263763,35.63956],[-86.266556,35.639769],[-86.268368,35.641113],[-86.268898,35.642631],[-86.271483,35.64296],[-86.272722,35.642708],[-86.273309,35.64259],[-86.274769,35.643786],[-86.277229,35.644589],[-86.27981,35.645892],[-86.280924,35.648615],[-86.282828,35.648382],[-86.284018,35.649084],[-86.285457,35.648315],[-86.287584,35.648252],[-86.28743,35.646593],[-86.286466,35.645144],[-86.286826,35.644028],[-86.286923,35.643409],[-86.288637,35.643359],[-86.289831,35.643869],[-86.289916,35.644844],[-86.290741,35.645688],[-86.291337,35.646023],[-86.292153,35.646094],[-86.293525,35.647273],[-86.295266,35.647449],[-86.297316,35.64658],[-86.299562,35.646447],[-86.300798,35.646087],[-86.301335,35.645713],[-86.302421,35.64619],[-86.305235,35.646375],[-86.305893,35.64795],[-86.306493,35.64868],[-86.306181,35.650585],[-86.30547,35.651505],[-86.304096,35.651155],[-86.302783,35.651394],[-86.302123,35.652829],[-86.302048,35.653996],[-86.300724,35.654371],[-86.300321,35.655736],[-86.301156,35.656581],[-86.303177,35.657806],[-86.304128,35.659553],[-86.3076,35.659196],[-86.309328,35.659517],[-86.310243,35.660306],[-86.310374,35.661587],[-86.311811,35.661575],[-86.313895,35.661182],[-86.315215,35.661153],[-86.315959,35.661027],[-86.317209,35.660816],[-86.318896,35.662037],[-86.321324,35.662348],[-86.325368,35.661875],[-86.326323,35.662639],[-86.327852,35.662395],[-86.329587,35.660863],[-86.331977,35.659587],[-86.334075,35.658059],[-86.335679,35.658193],[-86.336847,35.659061],[-86.33603,35.662149],[-86.33706,35.662584],[-86.338262,35.663093],[-86.340438,35.663168],[-86.34194,35.664259],[-86.345069,35.663744],[-86.343776,35.660917],[-86.345509,35.659482],[-86.347282,35.658723],[-86.350624,35.660666],[-86.352734,35.660482],[-86.354825,35.657939],[-86.354374,35.655561],[-86.35146,35.654772],[-86.350702,35.653245],[-86.352169,35.650237],[-86.359493,35.650433],[-86.359716,35.652161],[-86.362826,35.65228],[-86.363379,35.651431],[-86.365601,35.650926],[-86.366725,35.648471],[-86.369035,35.647274],[-86.370673,35.647038],[-86.373396,35.645812],[-86.374992,35.646043],[-86.376796,35.647157],[-86.377841,35.645303],[-86.378642,35.642823],[-86.377754,35.641479],[-86.374992,35.639174],[-86.374399,35.637539],[-86.375607,35.6359],[-86.375611,35.634804],[-86.374551,35.633936],[-86.373011,35.6311],[-86.374271,35.63008],[-86.376959,35.630219],[-86.379636,35.629868],[-86.382648,35.628568],[-86.382831,35.626777],[-86.384299,35.62634],[-86.387762,35.626094],[-86.38965,35.627194],[-86.390784,35.626995],[-86.394164,35.62659],[-86.395498,35.627778],[-86.394443,35.625513],[-86.39456,35.623805],[-86.39509,35.623204],[-86.3987,35.622072],[-86.399791,35.620741],[-86.40135,35.619786],[-86.401731,35.618627],[-86.403312,35.618874],[-86.405157,35.622197],[-86.406722,35.62292],[-86.409525,35.623144],[-86.411401,35.622699],[-86.413678,35.623177],[-86.416866,35.625559],[-86.4179,35.628259],[-86.417275,35.630403],[-86.415369,35.633088],[-86.415338,35.63493],[-86.413847,35.637029],[-86.413429,35.640023],[-86.418902,35.640617],[-86.418173,35.647178],[-86.416788,35.647159],[-86.416625,35.649636],[-86.424931,35.649772],[-86.424145,35.652976],[-86.424415,35.652858],[-86.428898,35.650645],[-86.430247,35.649736],[-86.431486,35.647916],[-86.432679,35.646908],[-86.436629,35.64552],[-86.438418,35.645231],[-86.442338,35.646229],[-86.444741,35.646177],[-86.445134,35.643532],[-86.455038,35.644548],[-86.456052,35.637154],[-86.456514,35.637207],[-86.462181,35.63785],[-86.461353,35.645176],[-86.473206,35.646321],[-86.472088,35.654732],[-86.477702,35.655404],[-86.487815,35.656472],[-86.488394,35.657708],[-86.493612,35.658044],[-86.494006,35.658048],[-86.493652,35.660847],[-86.499797,35.66149],[-86.499773,35.661688],[-86.499448,35.664556],[-86.501899,35.664993],[-86.501608,35.667149],[-86.505373,35.667624],[-86.504837,35.670804],[-86.509482,35.67136],[-86.508794,35.675598],[-86.513157,35.676134],[-86.513078,35.676998],[-86.519442,35.677751],[-86.519121,35.680556],[-86.516676,35.680586],[-86.515516,35.688396],[-86.520208,35.688519],[-86.520432,35.685892],[-86.523136,35.686045],[-86.523293,35.686053],[-86.523362,35.683654],[-86.523921,35.678889],[-86.525187,35.669271],[-86.52521,35.669131],[-86.525851,35.663744],[-86.527814,35.652008],[-86.52787,35.651701],[-86.528885,35.645703],[-86.529626,35.641307],[-86.533191,35.640031],[-86.538613,35.638105],[-86.538942,35.637803],[-86.540064,35.632022],[-86.540862,35.627521],[-86.541092,35.625971],[-86.542308,35.617875],[-86.542373,35.617438],[-86.542863,35.614729],[-86.544397,35.612262],[-86.545311,35.605924],[-86.545581,35.60362],[-86.543264,35.601876],[-86.54108,35.600884],[-86.542287,35.599261],[-86.542276,35.598258],[-86.541394,35.597091],[-86.542591,35.595881],[-86.541237,35.594725],[-86.541674,35.592912],[-86.542099,35.591296],[-86.54364,35.590052],[-86.544163,35.58853],[-86.545715,35.587807],[-86.547333,35.588403],[-86.5486,35.587558],[-86.548661,35.585281],[-86.549478,35.583969],[-86.550655,35.583628],[-86.550511,35.583178],[-86.549993,35.58152],[-86.549136,35.578718],[-86.548486,35.576606],[-86.547312,35.573754],[-86.546086,35.571532],[-86.542635,35.565257],[-86.538006,35.556845],[-86.537431,35.555824],[-86.536851,35.554995],[-86.53424,35.552159],[-86.536966,35.552331],[-86.53674,35.5516],[-86.533655,35.546597],[-86.532026,35.543803],[-86.530029,35.542551],[-86.525172,35.539916],[-86.523576,35.538755],[-86.524782,35.537647],[-86.525486,35.537923],[-86.529108,35.534096],[-86.52975,35.532541],[-86.529304,35.529131],[-86.527878,35.526774],[-86.527825,35.52483],[-86.527267,35.522542],[-86.529311,35.520164],[-86.530989,35.519777],[-86.534542,35.521288],[-86.536891,35.521747],[-86.537955,35.521038],[-86.537844,35.519437],[-86.536866,35.517836],[-86.536811,35.516371],[-86.54042,35.515069],[-86.541485,35.51404],[-86.541906,35.509489],[-86.541515,35.50807],[-86.542174,35.506104],[-86.541533,35.505082],[-86.541019,35.50467],[-86.540225,35.504536],[-86.539943,35.504655],[-86.538849,35.506447],[-86.537299,35.507966],[-86.535545,35.508582],[-86.533572,35.510358],[-86.533035,35.510592],[-86.532384,35.51069],[-86.531901,35.510554],[-86.53136,35.510095],[-86.530815,35.509379],[-86.530556,35.508801],[-86.530522,35.508037],[-86.530886,35.507361],[-86.53193,35.506589],[-86.532126,35.506333],[-86.53232,35.505403],[-86.533019,35.5041],[-86.533938,35.501681],[-86.533934,35.501055],[-86.533162,35.500075],[-86.531884,35.500085],[-86.531484,35.499759],[-86.530407,35.499709],[-86.527005,35.499722],[-86.526579,35.499643],[-86.526236,35.499026],[-86.526432,35.499051],[-86.526767,35.497514],[-86.528449,35.495511],[-86.528828,35.492779],[-86.528538,35.488384],[-86.5266,35.485004],[-86.522693,35.48151],[-86.519618,35.480367],[-86.517779,35.480345],[-86.516815,35.480859],[-86.514712,35.480935],[-86.51299,35.480495],[-86.511029,35.481423],[-86.510026,35.481007],[-86.509736,35.47997],[-86.507881,35.479422],[-86.508293,35.476725],[-86.509051,35.475293],[-86.510547,35.474678],[-86.511863,35.472769],[-86.511889,35.471619],[-86.513297,35.470509],[-86.51225,35.46939],[-86.510223,35.468803],[-86.509048,35.467823],[-86.507728,35.464931],[-86.508429,35.464161],[-86.50807,35.463114],[-86.508893,35.462495],[-86.508375,35.461234],[-86.507105,35.460467],[-86.506217,35.458066],[-86.507182,35.456948],[-86.506785,35.456432],[-86.505853,35.456569],[-86.506083,35.454264],[-86.506683,35.44935],[-86.507679,35.445589],[-86.510306,35.441855],[-86.512294,35.43946],[-86.51377,35.43828],[-86.517389,35.436018],[-86.517841,35.435738],[-86.518606,35.435052],[-86.519026,35.433279],[-86.518667,35.43191],[-86.5192,35.429981],[-86.518813,35.428038],[-86.517874,35.427499],[-86.514994,35.42559],[-86.513522,35.423755],[-86.514036,35.422022],[-86.515352,35.421115],[-86.516011,35.41978],[-86.517346,35.419031],[-86.517285,35.417132],[-86.518566,35.414608],[-86.51944,35.413725],[-86.521425,35.412733],[-86.524304,35.410261],[-86.524224,35.408667],[-86.522469,35.407129],[-86.520966,35.404498],[-86.520153,35.404509],[-86.519462,35.40287],[-86.520248,35.399569],[-86.519322,35.399338],[-86.519553,35.398521],[-86.517713,35.397043],[-86.517148,35.39634],[-86.513788,35.394205],[-86.51328,35.393583],[-86.511576,35.393137],[-86.510887,35.391357],[-86.510856,35.391052],[-86.511975,35.389761],[-86.511476,35.388483],[-86.511816,35.387564],[-86.511055,35.383147],[-86.510221,35.380505],[-86.511864,35.377904],[-86.511897,35.376602],[-86.512507,35.375397],[-86.513174,35.374393],[-86.515478,35.371651],[-86.520346,35.367077],[-86.520981,35.364919],[-86.520478,35.36287],[-86.521411,35.361441],[-86.521594,35.359063],[-86.521148,35.357505],[-86.52327,35.355676],[-86.525306,35.354718],[-86.525583,35.353968],[-86.525526,35.351366],[-86.526477,35.349902],[-86.529315,35.348367],[-86.531285,35.346155],[-86.533228,35.343096],[-86.534446,35.34253],[-86.53558,35.341091],[-86.535909,35.339045],[-86.537911,35.336544],[-86.539485,35.335435],[-86.53856,35.33483],[-86.5382,35.334614],[-86.538389,35.334336],[-86.538551,35.334068],[-86.537933,35.33246],[-86.536689,35.332316],[-86.53671,35.329955],[-86.535021,35.329839],[-86.534839,35.327635],[-86.533954,35.327369],[-86.533528,35.325247],[-86.533572,35.325107],[-86.533535,35.325069],[-86.533453,35.324986],[-86.533276,35.32497],[-86.532936,35.32497],[-86.532803,35.324969],[-86.532727,35.324982],[-86.532328,35.325043],[-86.532195,35.325064],[-86.532018,35.325096],[-86.531802,35.325072],[-86.531625,35.325039],[-86.531586,35.324998],[-86.531537,35.32491],[-86.531307,35.324659],[-86.531292,35.324643],[-86.531243,35.324473],[-86.531237,35.324405],[-86.531224,35.32427],[-86.529718,35.321248],[-86.531014,35.318275],[-86.531024,35.31786],[-86.527235,35.311529],[-86.516705,35.310686],[-86.515323,35.310579],[-86.499879,35.305489],[-86.481685,35.299397],[-86.475294,35.297278],[-86.46126,35.292767],[-86.460882,35.291721],[-86.459427,35.291661],[-86.459522,35.28868],[-86.461117,35.286645],[-86.461095,35.284596],[-86.460795,35.284573],[-86.452493,35.284378],[-86.444714,35.279849],[-86.443793,35.278279],[-86.444197,35.277975],[-86.446993,35.275879],[-86.445593,35.275179],[-86.436839,35.275162],[-86.43722,35.272419],[-86.435588,35.272371],[-86.435511,35.270695],[-86.437996,35.26727],[-86.434393,35.264179],[-86.426,35.265594],[-86.426065,35.261775],[-86.426101,35.259489],[-86.420592,35.25968],[-86.420492,35.25748],[-86.417192,35.25768],[-86.418791,35.26028],[-86.415612,35.260677],[-86.412791,35.259679],[-86.410992,35.25948],[-86.411988,35.254772],[-86.412092,35.25428],[-86.411692,35.25178],[-86.414592,35.25098],[-86.414724,35.251042],[-86.415697,35.253175],[-86.418392,35.25328],[-86.418392,35.25398],[-86.420492,35.25388],[-86.420769,35.249303],[-86.420792,35.24908],[-86.419491,35.24908],[-86.419449,35.248997],[-86.418991,35.248179],[-86.418557,35.248199],[-86.413969,35.248529],[-86.413664,35.247926],[-86.412803,35.247155],[-86.412696,35.245348],[-86.416007,35.24535],[-86.416804,35.243844],[-86.419776,35.243687],[-86.419671,35.240235],[-86.422981,35.240597],[-86.423874,35.2411],[-86.423775,35.237286],[-86.419049,35.237487],[-86.418799,35.235227],[-86.41652,35.232313],[-86.414163,35.228092],[-86.414916,35.22692],[-86.415176,35.226337],[-86.412791,35.226603],[-86.412175,35.226783],[-86.4087,35.228237],[-86.408529,35.230084],[-86.410855,35.234632],[-86.410079,35.235188],[-86.409926,35.236984],[-86.408319,35.237983],[-86.405762,35.23756],[-86.404153,35.23851],[-86.403892,35.23788],[-86.401692,35.23708],[-86.398892,35.23708],[-86.396792,35.23588],[-86.393992,35.235381],[-86.392192,35.235381],[-86.392192,35.228579],[-86.390846,35.226132],[-86.385717,35.217368],[-86.384191,35.213681],[-86.378891,35.204581],[-86.379591,35.197182],[-86.374953,35.191161],[-86.373791,35.188182],[-86.374391,35.182782],[-86.372979,35.181767],[-86.370391,35.179082],[-86.370291,35.176982],[-86.370691,35.175182],[-86.369391,35.173582],[-86.368491,35.171582],[-86.370091,35.170882],[-86.371291,35.169682],[-86.369862,35.161194],[-86.369485,35.15893],[-86.370547,35.144251],[-86.368501,35.142193],[-86.367919,35.140858],[-86.369007,35.139905],[-86.370097,35.13602],[-86.36985,35.132851],[-86.36906,35.128676],[-86.368303,35.127042],[-86.366236,35.124405],[-86.362652,35.122835],[-86.360139,35.123121],[-86.358511,35.125297],[-86.35743,35.127949],[-86.35517,35.130882],[-86.356465,35.132945],[-86.356747,35.135924],[-86.355772,35.137141],[-86.355708,35.138117],[-86.356373,35.140574],[-86.354512,35.144153],[-86.353417,35.145353],[-86.35093,35.146608],[-86.349057,35.14552],[-86.348598,35.144386],[-86.348493,35.141971],[-86.349141,35.138626],[-86.348833,35.135866],[-86.347909,35.13398],[-86.344768,35.129514],[-86.343356,35.12908],[-86.338081,35.129111],[-86.337201,35.12889],[-86.335178,35.125736],[-86.332674,35.124025],[-86.332425,35.12379],[-86.328472,35.122389],[-86.326369,35.122904],[-86.323362,35.124595],[-86.319393,35.126228],[-86.318168,35.126986],[-86.318084,35.125084],[-86.318237,35.118618],[-86.318175,35.110975],[-86.318135,35.106017],[-86.318061,35.097188],[-86.318054,35.09634],[-86.318032,35.09363],[-86.317861,35.07246],[-86.317836,35.063571],[-86.317841,35.063371],[-86.318552,35.05511],[-86.318583,35.054746],[-86.318747,35.05146],[-86.319871,35.039817],[-86.320031,35.037578],[-86.320288,35.032786],[-86.320203,35.030629],[-86.319741,35.019037],[-86.318988,35.000087],[-86.318761,34.991169],[-86.299843,34.990991],[-86.291754,34.990967],[-86.254101,34.990613],[-86.248019,34.990421],[-86.247525,34.990414],[-86.237023,34.990387],[-86.218907,34.990262],[-86.152814,34.989926],[-86.124985,34.989786],[-86.101912,34.989723],[-86.084648,34.989594],[-86.067137,34.989514],[-86.007497,34.989021],[-85.999981,34.989034],[-85.955125,34.988753],[-85.954646,34.988751],[-85.925374,34.988583],[-85.908203,34.988682],[-85.904077,34.988646],[-85.899075,34.988601],[-85.89214,34.988572],[-85.884415,34.988471],[-85.873076,34.988282],[-85.863935,34.988253],[-85.847865,34.988203],[-85.828767,34.988069],[-85.824349,34.988118],[-85.822546,34.98809],[-85.812858,34.987835],[-85.808116,34.987776],[-85.807889,34.987774],[-85.795819,34.9876],[-85.798236,34.989241],[-85.798446,34.990594],[-85.796986,34.994316],[-85.795273,34.997711],[-85.795408,34.999791],[-85.793979,35.002646],[-85.794738,35.006419],[-85.794873,35.00863],[-85.793267,35.011873],[-85.792485,35.012521],[-85.791682,35.014224],[-85.791973,35.016566],[-85.791483,35.018643],[-85.792262,35.020467],[-85.792241,35.021898],[-85.79097,35.023973],[-85.790166,35.026699],[-85.785594,35.028904],[-85.783953,35.031321],[-85.782789,35.030468],[-85.781456,35.031896],[-85.780173,35.031621],[-85.776502,35.031703],[-85.774757,35.031017],[-85.770785,35.032493],[-85.768773,35.031821],[-85.767168,35.030364],[-85.764894,35.03029],[-85.761752,35.032542],[-85.759581,35.03345],[-85.756881,35.036197],[-85.755894,35.037173],[-85.75334,35.037098],[-85.753295,35.037998],[-85.750514,35.038166],[-85.746743,35.04081],[-85.745962,35.03931],[-85.745657,35.037491],[-85.745112,35.037344],[-85.744959,35.037406],[-85.738496,35.039357],[-85.734683,35.040672],[-85.732106,35.041239],[-85.729296,35.041962],[-85.728954,35.042016],[-85.72856,35.04125],[-85.728064,35.040837],[-85.727639,35.040491],[-85.727378,35.040431],[-85.72329,35.039541],[-85.718725,35.038819],[-85.71254,35.047082],[-85.712427,35.047916],[-85.712007,35.052057],[-85.711977,35.052334],[-85.714061,35.054092],[-85.718119,35.056981],[-85.721125,35.059138],[-85.724778,35.063229],[-85.727139,35.066273],[-85.729647,35.069124],[-85.728864,35.070532],[-85.726585,35.071],[-85.725342,35.073105],[-85.722562,35.073749],[-85.713573,35.073094],[-85.710703,35.074593],[-85.708763,35.076082],[-85.707399,35.077663],[-85.704792,35.079067],[-85.70334,35.080519],[-85.700639,35.082335],[-85.69771,35.08474],[-85.697675,35.085233],[-85.695275,35.087326],[-85.700174,35.089215],[-85.700949,35.092228],[-85.70101,35.094663],[-85.701737,35.097762],[-85.699988,35.101519],[-85.698062,35.101772],[-85.696658,35.103371],[-85.694353,35.103901],[-85.687443,35.096681],[-85.687038,35.094766],[-85.685702,35.093316],[-85.683843,35.094515],[-85.68264,35.094511],[-85.681632,35.095947],[-85.679804,35.097214],[-85.677157,35.09811],[-85.676884,35.100154],[-85.677152,35.101727],[-85.676123,35.104174],[-85.676032,35.105354],[-85.675531,35.104596],[-85.672187,35.103919],[-85.668904,35.101401],[-85.664103,35.100939],[-85.661442,35.098228],[-85.659859,35.094804],[-85.658101,35.093375],[-85.655921,35.093192],[-85.652865,35.091845],[-85.652176,35.092301],[-85.648205,35.092015],[-85.646058,35.092629],[-85.644734,35.092523],[-85.644702,35.092573],[-85.644689,35.092636],[-85.644686,35.092675],[-85.644745,35.092724],[-85.644758,35.092793],[-85.644751,35.092918],[-85.644749,35.092944],[-85.644746,35.093019],[-85.644718,35.093158],[-85.644523,35.093157],[-85.64394,35.093154],[-85.643916,35.093154],[-85.643746,35.093162],[-85.643716,35.093163],[-85.643633,35.093168],[-85.643602,35.093178],[-85.643537,35.0932],[-85.643247,35.093366],[-85.642855,35.093593],[-85.642793,35.093658],[-85.64277,35.093764],[-85.642748,35.094027],[-85.642742,35.094102],[-85.642702,35.094148],[-85.642634,35.094171],[-85.64258,35.094174],[-85.642555,35.094176],[-85.64238,35.094162],[-85.642149,35.094148],[-85.642041,35.094143],[-85.641719,35.094129],[-85.641612,35.094125],[-85.641595,35.094124],[-85.641599,35.094057],[-85.641601,35.093863],[-85.641043,35.094096],[-85.639544,35.094824],[-85.635594,35.095583],[-85.634053,35.095146],[-85.632971,35.093738],[-85.631273,35.093799],[-85.631231,35.0943],[-85.629757,35.093993],[-85.626951,35.093398],[-85.624865,35.09287],[-85.623471,35.091704],[-85.622651,35.09076],[-85.622093,35.092623],[-85.6185,35.093815],[-85.613248,35.09509],[-85.610891,35.095129],[-85.609728,35.095425],[-85.611547,35.098529],[-85.609862,35.0966],[-85.607844,35.096408],[-85.606826,35.097344],[-85.604688,35.100282],[-85.602352,35.102622],[-85.60043,35.102742],[-85.599574,35.103583],[-85.596137,35.105442],[-85.591224,35.104988],[-85.591265,35.106462],[-85.582537,35.107914],[-85.581441,35.106532],[-85.56834,35.118963],[-85.567945,35.119322],[-85.553357,35.133149],[-85.550326,35.136376],[-85.548478,35.140143],[-85.547378,35.140017],[-85.54396,35.14525],[-85.543277,35.146748],[-85.542736,35.150979],[-85.543152,35.151252],[-85.53989,35.158161],[-85.538758,35.160558],[-85.538375,35.160415],[-85.536844,35.163618],[-85.535562,35.166292],[-85.535109,35.166166],[-85.535117,35.166122],[-85.53513,35.166061],[-85.535201,35.165872],[-85.535306,35.165644],[-85.53534,35.165578],[-85.535446,35.165375],[-85.535501,35.165258],[-85.535272,35.165188],[-85.533079,35.164656],[-85.533157,35.164203],[-85.526257,35.163339],[-85.525303,35.169335],[-85.522992,35.171557],[-85.522629,35.173092],[-85.520797,35.175378],[-85.519877,35.177288],[-85.517609,35.177527],[-85.514363,35.178941],[-85.514173,35.180898],[-85.513438,35.181641],[-85.514444,35.183705],[-85.514833,35.185507],[-85.513832,35.187864],[-85.512686,35.189032],[-85.512038,35.190651],[-85.511504,35.194699],[-85.51041,35.196135],[-85.507597,35.198255],[-85.505446,35.196351],[-85.504778,35.194128],[-85.504017,35.193785],[-85.501829,35.196192],[-85.500319,35.195634],[-85.497503,35.197653],[-85.495697,35.198409],[-85.495126,35.201296],[-85.494068,35.202262],[-85.491463,35.201336],[-85.490514,35.201746],[-85.490758,35.202822],[-85.493397,35.204186],[-85.49544,35.204616],[-85.49666,35.205508],[-85.496257,35.208024],[-85.495631,35.208283],[-85.49445,35.207601],[-85.492709,35.207322],[-85.491161,35.207591],[-85.488995,35.20854],[-85.485481,35.210809],[-85.484295,35.209812],[-85.482573,35.209224],[-85.479567,35.208956],[-85.478054,35.209357],[-85.476066,35.210617],[-85.474005,35.211121],[-85.473822,35.212263],[-85.472074,35.215406],[-85.471338,35.218838],[-85.469451,35.221402],[-85.469082,35.22257],[-85.468218,35.222643],[-85.466744,35.224294],[-85.466769,35.225668],[-85.464117,35.230226],[-85.462998,35.230082],[-85.462201,35.231209],[-85.461086,35.233884],[-85.46092,35.236439],[-85.459422,35.239774],[-85.459853,35.242424],[-85.461045,35.243007],[-85.460361,35.244095],[-85.458615,35.245356],[-85.458347,35.246016],[-85.455227,35.246353],[-85.45238,35.244655],[-85.450082,35.245017],[-85.448388,35.245721],[-85.445032,35.246271],[-85.444368,35.2456],[-85.445156,35.243046],[-85.442901,35.24807],[-85.44091,35.251733],[-85.439893,35.254432],[-85.439166,35.253351],[-85.437177,35.253247],[-85.436065,35.252631],[-85.433472,35.252417],[-85.432478,35.249911],[-85.432017,35.249519],[-85.430649,35.248072],[-85.426,35.246494],[-85.424513,35.244955],[-85.425565,35.243057],[-85.418071,35.235752],[-85.417028,35.234735],[-85.413422,35.23122],[-85.410906,35.228767],[-85.408676,35.226593],[-85.407774,35.225715],[-85.405865,35.225162],[-85.403794,35.223932],[-85.401247,35.220313],[-85.40114,35.218788],[-85.401436,35.216406],[-85.400103,35.21393],[-85.398934,35.212234],[-85.398169,35.21021],[-85.396934,35.208365],[-85.39362,35.206248],[-85.392303,35.203807],[-85.391427,35.201367],[-85.391609,35.199933],[-85.392654,35.198356],[-85.393853,35.197664],[-85.395883,35.195681],[-85.395984,35.193521],[-85.394774,35.190135],[-85.393115,35.187728],[-85.390232,35.185276],[-85.38824,35.180774],[-85.388675,35.179933],[-85.390851,35.178626],[-85.392171,35.176665],[-85.392547,35.175181],[-85.393531,35.173703],[-85.394082,35.171],[-85.394063,35.169005],[-85.39486,35.167329],[-85.394031,35.16546],[-85.39161,35.162552],[-85.391109,35.161574],[-85.388267,35.158754],[-85.387431,35.157269],[-85.386864,35.15506],[-85.387072,35.153494],[-85.386571,35.151246],[-85.387089,35.147169],[-85.382889,35.152221],[-85.376867,35.159474],[-85.376418,35.160009],[-85.372073,35.165176],[-85.366334,35.172413],[-85.363127,35.176299],[-85.361986,35.177684],[-85.356439,35.184407],[-85.354669,35.186851],[-85.353065,35.188854],[-85.349471,35.193145],[-85.343887,35.199883],[-85.333114,35.213224],[-85.328112,35.219162],[-85.324291,35.223859],[-85.312582,35.23828],[-85.305033,35.247645],[-85.292544,35.26291],[-85.289701,35.266402],[-85.285193,35.271939],[-85.280396,35.27772],[-85.276066,35.282963],[-85.27183,35.28804],[-85.271403,35.288548],[-85.268377,35.292383],[-85.262677,35.299305],[-85.25751,35.305535],[-85.254249,35.309174],[-85.249958,35.314667],[-85.248683,35.316049],[-85.246005,35.319077],[-85.242761,35.324897],[-85.232757,35.342479],[-85.231505,35.344652],[-85.231384,35.344862],[-85.227413,35.351745],[-85.225877,35.354276],[-85.225473,35.354923],[-85.223809,35.357729],[-85.222064,35.360629],[-85.216407,35.370025],[-85.21312,35.375422],[-85.211452,35.378065],[-85.205094,35.388507],[-85.20296,35.392014],[-85.195973,35.403494],[-85.192881,35.410841],[-85.18892,35.418001],[-85.18811,35.419681],[-85.184094,35.428156],[-85.174372,35.445537],[-85.168302,35.455614],[-85.16744,35.454567],[-85.164291,35.451753],[-85.163077,35.448852],[-85.16078,35.448395],[-85.159142,35.447345],[-85.157497,35.44779],[-85.155912,35.447278],[-85.154133,35.447217],[-85.151233,35.445205],[-85.148792,35.445594],[-85.145341,35.449782],[-85.137969,35.456216],[-85.136053,35.455607],[-85.13657,35.452345],[-85.135995,35.451313],[-85.131757,35.450974],[-85.131094,35.458004],[-85.132815,35.457936],[-85.135191,35.458649],[-85.134504,35.459255],[-85.124961,35.46762],[-85.115946,35.47567],[-85.11988,35.47698],[-85.122717,35.478735],[-85.124465,35.477913],[-85.125126,35.478888],[-85.124684,35.480635],[-85.125392,35.481647],[-85.126514,35.481955],[-85.128838,35.481522],[-85.131243,35.481875],[-85.131612,35.483265],[-85.133398,35.483887],[-85.13501,35.484943],[-85.134411,35.485866],[-85.132792,35.486145],[-85.132791,35.48775],[-85.133778,35.488585],[-85.133749,35.49075],[-85.134232,35.491459],[-85.136713,35.489774],[-85.138043,35.489983],[-85.138709,35.489027],[-85.140429,35.487962],[-85.141672,35.488446],[-85.142282,35.489804],[-85.141684,35.49099],[-85.141737,35.492248],[-85.143826,35.492645],[-85.144969,35.491305],[-85.146393,35.491299],[-85.143517,35.495857],[-85.141194,35.500067],[-85.138,35.504708],[-85.136837,35.506763],[-85.135659,35.508828],[-85.132634,35.514045],[-85.127159,35.520423],[-85.122682,35.526001],[-85.119276,35.528984],[-85.113877,35.52479],[-85.116145,35.524174],[-85.118602,35.523504],[-85.115567,35.521344],[-85.111997,35.524354],[-85.110057,35.526014],[-85.105773,35.529605],[-85.108763,35.53179],[-85.109055,35.535957],[-85.109161,35.537462],[-85.105058,35.535194],[-85.104237,35.532568],[-85.100608,35.533351],[-85.099069,35.533683],[-85.099927,35.536581],[-85.10068,35.539138],[-85.102141,35.544096],[-85.096574,35.545218],[-85.102471,35.547546],[-85.105606,35.548779],[-85.109819,35.541551],[-85.108997,35.553537],[-85.108908,35.554856],[-85.108726,35.557473],[-85.108281,35.563897],[-85.107942,35.568786],[-85.107874,35.569773],[-85.107734,35.571383],[-85.095107,35.581318],[-85.093358,35.582707],[-85.087121,35.587647],[-85.083912,35.590175],[-85.068515,35.60224],[-85.062311,35.607123],[-85.061512,35.607746],[-85.050779,35.616188],[-85.047641,35.618654],[-85.041223,35.626173],[-85.038031,35.62961],[-85.035028,35.632862],[-85.03157,35.636586],[-85.026292,35.642285],[-85.022542,35.64632],[-85.020316,35.648729],[-85.013728,35.655832],[-85.010835,35.658964],[-85.002874,35.667545],[-84.998666,35.672296],[-84.995463,35.675755],[-84.994842,35.675712],[-84.992399,35.675543],[-84.981568,35.674805],[-84.981161,35.679447],[-84.990086,35.680199],[-84.989907,35.681802],[-84.987271,35.684605],[-84.98591,35.686037],[-84.979717,35.692833],[-84.971548,35.701625],[-84.966889,35.706742],[-84.966398,35.707264],[-84.964006,35.709766],[-84.951837,35.722946],[-84.944463,35.730963],[-84.939691,35.736149],[-84.928568,35.748173],[-84.927115,35.750067],[-84.916062,35.761939],[-84.910705,35.767699],[-84.905133,35.773738],[-84.895335,35.775913],[-84.893212,35.776383],[-84.88675,35.77782],[-84.882387,35.778793],[-84.880964,35.779563],[-84.877605,35.78138],[-84.857488,35.792448],[-84.845095,35.799241],[-84.836144,35.804148],[-84.835141,35.804699],[-84.831938,35.806456],[-84.81464,35.815935],[-84.797941,35.825039],[-84.79783,35.825151],[-84.789924,35.825077],[-84.781901,35.825],[-84.781191,35.826242],[-84.779774,35.826863],[-84.77714,35.82646],[-84.776059,35.826755],[-84.773347,35.828755],[-84.770412,35.829596],[-84.768195,35.831002],[-84.766462,35.833195],[-84.763687,35.833686],[-84.76281,35.835291],[-84.762842,35.83645],[-84.764279,35.836788],[-84.764844,35.838426],[-84.762016,35.838826],[-84.760991,35.840951],[-84.758774,35.841765],[-84.758051,35.843015],[-84.756563,35.843492],[-84.754873,35.842105],[-84.752959,35.84493],[-84.7515,35.847549],[-84.74994,35.84931],[-84.74882,35.849409],[-84.748368,35.848585],[-84.746108,35.849213],[-84.745757,35.850213],[-84.743167,35.851236],[-84.741453,35.850676],[-84.740462,35.852259],[-84.739088,35.850985],[-84.737949,35.85139],[-84.737855,35.853936],[-84.737604,35.854418],[-84.736942,35.855608],[-84.736051,35.856672],[-84.734364,35.857123],[-84.733508,35.858343],[-84.730876,35.85786],[-84.728771,35.859223],[-84.728745,35.86047],[-84.727693,35.863811],[-84.726189,35.864179],[-84.72555,35.86497],[-84.718873,35.873627],[-84.717406,35.875847],[-84.708115,35.89258],[-84.706181,35.896066],[-84.704265,35.893942],[-84.702019,35.895848],[-84.701811,35.896014],[-84.700918,35.89677],[-84.700864,35.896818],[-84.698877,35.898495],[-84.697313,35.899943],[-84.69173,35.901448],[-84.690717,35.901459],[-84.688509,35.902432],[-84.686517,35.90241],[-84.685113,35.902871],[-84.684262,35.903986],[-84.68306,35.904113],[-84.682445,35.9057],[-84.681385,35.907804],[-84.680633,35.908454],[-84.679177,35.909144],[-84.677063,35.909424],[-84.676064,35.910759],[-84.675308,35.910182],[-84.674538,35.911501],[-84.673251,35.912403],[-84.672471,35.913868],[-84.674112,35.914703],[-84.674429,35.915582],[-84.672896,35.91667],[-84.670356,35.917614],[-84.668587,35.917032],[-84.667817,35.916219],[-84.666386,35.9159],[-84.665319,35.916553],[-84.662922,35.916388],[-84.66197,35.915805],[-84.660442,35.920535],[-84.659476,35.92054],[-84.656721,35.91954],[-84.656208,35.920001],[-84.656227,35.921748],[-84.654963,35.924241],[-84.653538,35.923862],[-84.652051,35.926334],[-84.652294,35.927289],[-84.651598,35.928652],[-84.648897,35.927019],[-84.64737,35.927782],[-84.643102,35.927308],[-84.642622,35.92772],[-84.643114,35.9295],[-84.638547,35.931459],[-84.637575,35.931481],[-84.633658,35.930161],[-84.633009,35.931413],[-84.631503,35.931226],[-84.630247,35.930522],[-84.628423,35.930812],[-84.628867,35.933444],[-84.62784,35.93424],[-84.626806,35.934376],[-84.624403,35.932941],[-84.620887,35.932199],[-84.619613,35.933071],[-84.619824,35.934478],[-84.618606,35.936066],[-84.618665,35.93722],[-84.617883,35.938076],[-84.616023,35.938866],[-84.615638,35.940672],[-84.613763,35.940723],[-84.611925,35.941468],[-84.609813,35.941047],[-84.609797,35.943088],[-84.607758,35.943197],[-84.606036,35.944592],[-84.606836,35.947886],[-84.606659,35.951145],[-84.605119,35.952008],[-84.603763,35.954009],[-84.602818,35.954226],[-84.601025,35.954115],[-84.601293,35.953203],[-84.602707,35.952322],[-84.601652,35.951521],[-84.599091,35.951669],[-84.598684,35.950262],[-84.596599,35.950286],[-84.595559,35.949632],[-84.595582,35.94833],[-84.596783,35.947311],[-84.596391,35.946685],[-84.594957,35.947001],[-84.59396,35.949437],[-84.592798,35.950484],[-84.590499,35.949409],[-84.589819,35.948046],[-84.588299,35.947319],[-84.585484,35.947507],[-84.584804,35.948267],[-84.586185,35.950553],[-84.582696,35.950725],[-84.580722,35.951578],[-84.577433,35.950524],[-84.577247,35.950503],[-84.575412,35.949858],[-84.574884,35.949835],[-84.574704,35.949828],[-84.570358,35.949658],[-84.563177,35.949612],[-84.55573,35.950318],[-84.554969,35.950361],[-84.554189,35.952918],[-84.554885,35.954304],[-84.554631,35.95676],[-84.554931,35.958988],[-84.555844,35.960892],[-84.554021,35.964521],[-84.550433,35.966489],[-84.545662,35.968883],[-84.542686,35.9696],[-84.542025,35.970303],[-84.537724,35.970918],[-84.536064,35.971761],[-84.533266,35.97217],[-84.531962,35.97298],[-84.528431,35.972664],[-84.526533,35.97354],[-84.526277,35.974211],[-84.522965,35.97496],[-84.520552,35.974884],[-84.518634,35.975509],[-84.509478,35.977738],[-84.506156,35.978915],[-84.502637,35.980448],[-84.501371,35.980281],[-84.498208,35.982034],[-84.494988,35.982989],[-84.49408,35.98428],[-84.489556,35.984564],[-84.487147,35.985183],[-84.483408,35.983858],[-84.481805,35.983773],[-84.481061,35.983782],[-84.478589,35.98403],[-84.476498,35.984639],[-84.470549,35.983586],[-84.467792,35.983635],[-84.465286,35.984132],[-84.463564,35.984932],[-84.460556,35.985377],[-84.456591,35.984099],[-84.453418,35.985151],[-84.449986,35.985707],[-84.446054,35.985984],[-84.442721,35.987391],[-84.440135,35.988867],[-84.434285,35.993726],[-84.425294,35.998552],[-84.42023,36.001176],[-84.41543,36.004377],[-84.41413,36.004377],[-84.41143,36.005277],[-84.407829,36.007677],[-84.406441,36.008189],[-84.405102,36.009366],[-84.404429,36.010177],[-84.400029,36.013377],[-84.398329,36.015177],[-84.394829,36.017377],[-84.393629,36.017577],[-84.390129,36.019377],[-84.387842,36.020837],[-84.384028,36.023677],[-84.382628,36.024277],[-84.378528,36.028677],[-84.373128,36.033977],[-84.372146,36.034518],[-84.370028,36.035977],[-84.368928,36.037477],[-84.366841,36.039001],[-84.364928,36.041077],[-84.362328,36.042977],[-84.360628,36.043877],[-84.357528,36.044177],[-84.352327,36.046877],[-84.348301,36.048076],[-84.347796,36.048291],[-84.346025,36.049054],[-84.343882,36.049306],[-84.341812,36.048977],[-84.34321,36.050496],[-84.343522,36.050841],[-84.345086,36.052538],[-84.345511,36.053001],[-84.346872,36.054479],[-84.347916,36.055614],[-84.348259,36.055986],[-84.348326,36.05606],[-84.348394,36.056134],[-84.348803,36.056579],[-84.34894,36.056728],[-84.353834,36.062047],[-84.358807,36.067454],[-84.360643,36.06945],[-84.361128,36.069977],[-84.376189,36.09129],[-84.37903,36.095377],[-84.38063,36.096477],[-84.38183,36.096577],[-84.38463,36.097677],[-84.38693,36.098877],[-84.38883,36.098677],[-84.38933,36.099277],[-84.391131,36.099277],[-84.393231,36.100477],[-84.393531,36.102477],[-84.395031,36.104377],[-84.396431,36.105077],[-84.397131,36.104777],[-84.400131,36.104677],[-84.403331,36.103877],[-84.406031,36.103577],[-84.408132,36.105077],[-84.413532,36.107177],[-84.414532,36.107877],[-84.416432,36.108277],[-84.420432,36.108377],[-84.421732,36.115277],[-84.425542,36.122992],[-84.425491,36.123657],[-84.425452,36.124612],[-84.425532,36.125078],[-84.429676,36.131352],[-84.430033,36.131877],[-84.432433,36.131677],[-84.435733,36.133977],[-84.439934,36.135277],[-84.442134,36.135477],[-84.442534,36.137477],[-84.442534,36.139977],[-84.442963,36.139901],[-84.444434,36.138477],[-84.446234,36.138477],[-84.449034,36.139577],[-84.449834,36.142277],[-84.449881,36.151046],[-84.448234,36.152478],[-84.446534,36.152478],[-84.445327,36.151878],[-84.443834,36.153078],[-84.442034,36.155178],[-84.440834,36.155978],[-84.442334,36.158278],[-84.442434,36.160778],[-84.441134,36.162478],[-84.441034,36.163478],[-84.435334,36.164778],[-84.433734,36.164778],[-84.432734,36.165378],[-84.426434,36.164678],[-84.425434,36.165278],[-84.423634,36.168678],[-84.421634,36.169278],[-84.419233,36.169178],[-84.415333,36.167978],[-84.413633,36.169578],[-84.411633,36.169978],[-84.408433,36.173878],[-84.406233,36.174978],[-84.404233,36.174478],[-84.402033,36.176078],[-84.400833,36.178478],[-84.401333,36.180078],[-84.402433,36.180778],[-84.403533,36.184478],[-84.403133,36.185778],[-84.401233,36.186778],[-84.397433,36.189278],[-84.396633,36.190678],[-84.393933,36.192378],[-84.392792,36.193887],[-84.390833,36.196478],[-84.390933,36.199378],[-84.392433,36.201678],[-84.391933,36.202878],[-84.390333,36.204278],[-84.386733,36.205578],[-84.385633,36.206678],[-84.383333,36.206878],[-84.382133,36.207678],[-84.380233,36.209778],[-84.378233,36.211478],[-84.375832,36.212278],[-84.374332,36.214378],[-84.374332,36.215678],[-84.372731,36.216778],[-84.370632,36.214978],[-84.366932,36.212878],[-84.365732,36.212478],[-84.363432,36.213078],[-84.357732,36.214178],[-84.355832,36.214378],[-84.353932,36.214078],[-84.351831,36.214278],[-84.349531,36.215178],[-84.346731,36.215078],[-84.344231,36.214378],[-84.343631,36.213678],[-84.339031,36.212278],[-84.337585,36.210921],[-84.333931,36.210278],[-84.33273,36.208578],[-84.33073,36.208078],[-84.32833,36.208778],[-84.32633,36.208578],[-84.32165,36.210157],[-84.321122,36.210332],[-84.321587,36.210812],[-84.324996,36.211713],[-84.324867,36.2123],[-84.324747,36.212461],[-84.32303,36.213578],[-84.31973,36.213178],[-84.31783,36.213378],[-84.31633,36.214678],[-84.31273,36.215178],[-84.31113,36.216278],[-84.30973,36.216078],[-84.306907,36.217924],[-84.304029,36.218878],[-84.301429,36.220978],[-84.299929,36.220878],[-84.296929,36.219478],[-84.294929,36.217678],[-84.291029,36.215278],[-84.290554,36.213319],[-84.289529,36.211978],[-84.287328,36.210378],[-84.285428,36.207578],[-84.282328,36.206578],[-84.278528,36.204078],[-84.274528,36.201878],[-84.272628,36.200278],[-84.271927,36.199078],[-84.271427,36.196078],[-84.270227,36.194878],[-84.268027,36.193778],[-84.265627,36.191078],[-84.264127,36.188178],[-84.260627,36.189078],[-84.259027,36.190078],[-84.258127,36.189878],[-84.255626,36.187878],[-84.253326,36.186578],[-84.251626,36.182878],[-84.249426,36.181978],[-84.248526,36.181078],[-84.246126,36.180278],[-84.244726,36.178978],[-84.243026,36.178978],[-84.241925,36.177678],[-84.241325,36.177578],[-84.237325,36.178478],[-84.235225,36.180578],[-84.232525,36.181578],[-84.230325,36.182078],[-84.229225,36.183878],[-84.228991,36.185014],[-84.228725,36.187378],[-84.229325,36.189878],[-84.231525,36.191778],[-84.230525,36.193778],[-84.229742,36.197247],[-84.230626,36.198779],[-84.229726,36.201679],[-84.230226,36.203679],[-84.231226,36.204379],[-84.233673,36.207333],[-84.234226,36.208379],[-84.233326,36.210079],[-84.232526,36.214579],[-84.229526,36.215179],[-84.226326,36.216479],[-84.225726,36.217179],[-84.225626,36.219579],[-84.226366,36.2206],[-84.228526,36.223579],[-84.229926,36.224879],[-84.229326,36.225579],[-84.227526,36.232879],[-84.228926,36.234279],[-84.228126,36.236579],[-84.228727,36.238779],[-84.228427,36.239779],[-84.226727,36.239979],[-84.226127,36.241479],[-84.228327,36.242479],[-84.228527,36.243679],[-84.227627,36.244779],[-84.227527,36.244879],[-84.210518,36.24288],[-84.192087,36.240736],[-84.190313,36.240529],[-84.183762,36.239775],[-84.182924,36.239678],[-84.174727,36.240015],[-84.17348,36.240068],[-84.173217,36.240079],[-84.17293,36.240091],[-84.170824,36.240178],[-84.165521,36.238713],[-84.165415,36.238684],[-84.165398,36.238679],[-84.163645,36.238187],[-84.162676,36.237914],[-84.161454,36.237571],[-84.161265,36.237518],[-84.15199,36.237391],[-84.151971,36.237391],[-84.150323,36.237378],[-84.145643,36.23596],[-84.142837,36.23511],[-84.140125,36.233676],[-84.137526,36.234473],[-84.137005,36.234219],[-84.135319,36.233766],[-84.133118,36.234767],[-84.130868,36.233987],[-84.128885,36.234697],[-84.128435,36.234659],[-84.126777,36.233874],[-84.125009,36.234293],[-84.122788,36.233778],[-84.119421,36.233678],[-84.117184,36.233878],[-84.114521,36.234078],[-84.110421,36.233878],[-84.107121,36.232678],[-84.104521,36.232078],[-84.10392,36.229478],[-84.103087,36.228645],[-84.103535,36.225842],[-84.103463,36.225368],[-84.102691,36.224424],[-84.100991,36.224102],[-84.098037,36.223276],[-84.097061,36.223334],[-84.09321,36.222459],[-84.092746,36.2224],[-84.092264,36.222494],[-84.09196,36.222613],[-84.091755,36.222931],[-84.09251,36.22426],[-84.09302,36.226778],[-84.09152,36.229278],[-84.08832,36.229878],[-84.085775,36.229846],[-84.083419,36.229478],[-84.079818,36.228178],[-84.076818,36.227678],[-84.073718,36.227878],[-84.072018,36.228578],[-84.069918,36.230378],[-84.069218,36.233578],[-84.069819,36.236678],[-84.071219,36.238478],[-84.073819,36.239978],[-84.07592,36.241878],[-84.07632,36.244078],[-84.07602,36.247878],[-84.07492,36.250078],[-84.07309,36.251652],[-84.072698,36.251989],[-84.070229,36.251873],[-84.068706,36.250569],[-84.066119,36.248178],[-84.063119,36.246978],[-84.059219,36.247878],[-84.057619,36.249078],[-84.057219,36.250078],[-84.057919,36.252878],[-84.058319,36.255978],[-84.057319,36.260578],[-84.056619,36.262178],[-84.055419,36.263678],[-84.050319,36.267578],[-84.045219,36.271178],[-84.043319,36.272978],[-84.041419,36.275278],[-84.041019,36.277578],[-84.042119,36.280878],[-84.042019,36.282578],[-84.040519,36.285078],[-84.035619,36.287978],[-84.034319,36.289278],[-84.033219,36.291078],[-84.032719,36.293078],[-84.033019,36.293778],[-84.037619,36.299078],[-84.037519,36.299978],[-84.035819,36.301278],[-84.032519,36.301779],[-84.030419,36.300979],[-84.028519,36.299579],[-84.026519,36.297079],[-84.025774,36.294179],[-84.025806,36.292522],[-84.026018,36.289078],[-84.025318,36.286278],[-84.025218,36.284078],[-84.025918,36.279278],[-84.025318,36.277478],[-84.021518,36.272278],[-84.019918,36.271378],[-84.018418,36.271078],[-84.015917,36.271278],[-84.014217,36.271878],[-84.010917,36.272178],[-84.004317,36.270378],[-84.002114,36.270621],[-84.00072,36.271647],[-84.000218,36.273483],[-84.000264,36.276892],[-83.999917,36.277738],[-83.999328,36.281382],[-83.997617,36.282678],[-83.995017,36.283478],[-83.992717,36.283678],[-83.988817,36.282978],[-83.985717,36.281478],[-83.985053,36.282876],[-83.983817,36.285478],[-83.981016,36.284978],[-83.981917,36.286078],[-83.983117,36.289178],[-83.980817,36.290478],[-83.979117,36.292078],[-83.979717,36.292678],[-83.978417,36.293578],[-83.979317,36.294678],[-83.97743,36.29596],[-83.974017,36.298278],[-83.976217,36.300878],[-83.977552,36.304648],[-83.977917,36.305678],[-83.974017,36.306378],[-83.974317,36.308578],[-83.973117,36.308678],[-83.974517,36.311178],[-83.972817,36.312378],[-83.971623,36.328601],[-83.969917,36.333363],[-83.971185,36.341165],[-83.971418,36.342578],[-83.969818,36.346478],[-83.968818,36.346278],[-83.968018,36.345978],[-83.966018,36.345578],[-83.964117,36.344678],[-83.963117,36.344478],[-83.962617,36.344678],[-83.962017,36.345378],[-83.961817,36.345978],[-83.961717,36.346778],[-83.961918,36.347478],[-83.962318,36.347978],[-83.963618,36.348878],[-83.968418,36.354578],[-83.968318,36.354778],[-83.965566,36.355214],[-83.960018,36.356378],[-83.957618,36.357078],[-83.956518,36.357778],[-83.956844,36.358604],[-83.957718,36.359178],[-83.960518,36.358778],[-83.962518,36.358078],[-83.964718,36.359178],[-83.964418,36.360678],[-83.965118,36.361578],[-83.964618,36.362412],[-83.963418,36.362778],[-83.963218,36.362278],[-83.962218,36.361378],[-83.960718,36.361078],[-83.959218,36.361278],[-83.957618,36.361678],[-83.955518,36.362478],[-83.954318,36.363078],[-83.953418,36.363678],[-83.952118,36.364878],[-83.951418,36.365878],[-83.950418,36.367778],[-83.949918,36.368978],[-83.949918,36.369978],[-83.950218,36.370778],[-83.950918,36.372078],[-83.951318,36.372578],[-83.952118,36.374178],[-83.952918,36.374978],[-83.952818,36.375078],[-83.953318,36.375778],[-83.955018,36.376778],[-83.956418,36.377178],[-83.957418,36.377678],[-83.958218,36.378578],[-83.958318,36.379978],[-83.956918,36.380978],[-83.956513,36.381148],[-83.953618,36.384178],[-83.953618,36.384978],[-83.954908,36.387623],[-83.955918,36.389778],[-83.956118,36.391578],[-83.955619,36.393278],[-83.953119,36.397878],[-83.952419,36.399978],[-83.950919,36.401278],[-83.950019,36.401078],[-83.947718,36.398978],[-83.944918,36.398378],[-83.943318,36.397378],[-83.941118,36.395178],[-83.939018,36.394278],[-83.934018,36.394178],[-83.931518,36.393178],[-83.925817,36.387879],[-83.924217,36.387279],[-83.921217,36.387879],[-83.916817,36.391979],[-83.915017,36.393979],[-83.912317,36.395579],[-83.907217,36.399079],[-83.906556,36.399738],[-83.905317,36.401479],[-83.904117,36.404879],[-83.902717,36.405379],[-83.905405,36.408939],[-83.906427,36.410342],[-83.910819,36.413378],[-83.905817,36.413279],[-83.903917,36.417079],[-83.903317,36.418279],[-83.908355,36.419759],[-83.905638,36.419979],[-83.905174,36.420521],[-83.90271,36.420573],[-83.900781,36.421436],[-83.899796,36.42315],[-83.900869,36.425253],[-83.901139,36.425622],[-83.902918,36.427479],[-83.907318,36.429079],[-83.910118,36.426879],[-83.911418,36.426279],[-83.913518,36.426279],[-83.913618,36.426879],[-83.915318,36.426779],[-83.916218,36.427679],[-83.917418,36.427079],[-83.918218,36.428179],[-83.919718,36.427779],[-83.920218,36.428479],[-83.922618,36.427779],[-83.92207,36.429359],[-83.922321,36.43208],[-83.924085,36.436857],[-83.927673,36.441132],[-83.926743,36.442252],[-83.92751,36.443641],[-83.928307,36.445429],[-83.929627,36.445069],[-83.930191,36.446314],[-83.931186,36.448529],[-83.931896,36.450108],[-83.933319,36.453279],[-83.932176,36.454014],[-83.932212,36.455149],[-83.929919,36.455579],[-83.930291,36.459959],[-83.936421,36.460121],[-83.943139,36.473564],[-83.95617,36.500079],[-83.95696,36.501555],[-83.960528,36.508311],[-83.960806,36.508887],[-83.974451,36.538356],[-83.976207,36.541971],[-83.979979,36.550353],[-83.979237,36.551774],[-83.978226,36.552453],[-83.977986,36.553446],[-83.978567,36.554361],[-83.978011,36.555597],[-83.98113,36.556838],[-83.981807,36.558454],[-83.984327,36.560102],[-83.984087,36.560163],[-83.984634,36.560482],[-83.984636,36.561235],[-83.984272,36.563264],[-83.983865,36.564415],[-83.983487,36.565912],[-83.984001,36.568754],[-83.983408,36.57029],[-83.984518,36.572658],[-83.98474,36.574898],[-83.983958,36.580012],[-83.982184,36.583509],[-83.982492,36.585315],[-83.985933,36.588449],[-83.987022,36.588432],[-83.987615,36.589471],[-83.999943,36.589857],[-84.018068,36.59006],[-84.020983,36.590088],[-84.072731,36.590654],[-84.08601,36.590932],[-84.098836,36.591238],[-84.102161,36.591316],[-84.104019,36.591316],[-84.104641,36.591317],[-84.104911,36.591316],[-84.122043,36.591338],[-84.122669,36.59134],[-84.125493,36.591352],[-84.126122,36.591355],[-84.127448,36.591361],[-84.131547,36.591377],[-84.142923,36.591456],[-84.144706,36.59147],[-84.149109,36.591501],[-84.191244,36.591801],[-84.197615,36.591845],[-84.226832,36.592041],[-84.227292,36.592045],[-84.261337,36.591784],[-84.270904,36.591708],[-84.291025,36.592217],[-84.320304,36.593071],[-84.376548,36.594598],[-84.393169,36.595021],[-84.417982,36.595592],[-84.426448,36.595762],[-84.434938,36.595931],[-84.435937,36.595951],[-84.439102,36.596015],[-84.443183,36.596097],[-84.450175,36.596223],[-84.458684,36.596304],[-84.478354,36.596486],[-84.490822,36.596582],[-84.500093,36.596575],[-84.520921,36.596423],[-84.536447,36.596328],[-84.540474,36.596304],[-84.5587,36.59699],[-84.562599,36.597133],[-84.582562,36.597903],[-84.604903,36.598767],[-84.605472,36.598789],[-84.624902,36.599539],[-84.642153,36.600108],[-84.651255,36.600408],[-84.685446,36.601363],[-84.729347,36.602194],[-84.739982,36.602387],[-84.749949,36.60257],[-84.778605,36.603279],[-84.78545,36.603444]]]]}},{"type":"Feature","properties":{"id":7,"NAME":"7","TotalPop":767978,"PopDevPct":0.0001392,"DemPct":0.26128532,"RepPct":0.72739183,"WhitePct":0.79537845,"MinorityPct":0.20462155,"BlackPct":0.10647936,"HispanicPct":0.05427606,"PacificPct":0.00268059,"AsianPct":0.01644895,"NativePct":0.02561077,"TotalVAP":585691,"Margin":-0.23871468,"color":"#960018","opacity":"0.5"},"geometry":{"type":"MultiPolygon","coordinates":[[[[-88.035213,35.616679],[-88.03417,35.613787],[-88.029859,35.605736],[-88.025406,35.597829],[-88.022309,35.592855],[-88.020453,35.589491],[-88.016036,35.58403],[-88.012442,35.576943],[-88.009964,35.572192],[-88.005984,35.566191],[-88.002429,35.559553],[-88.000029,35.555498],[-87.998443,35.553089],[-87.996265,35.550905],[-87.991912,35.546981],[-87.986599,35.54172],[-87.981321,35.535289],[-87.977125,35.527718],[-87.97463,35.521025],[-87.974353,35.514049],[-87.976434,35.506732],[-87.978014,35.501191],[-87.978385,35.497971],[-87.97947,35.493778],[-87.981553,35.489887],[-87.982707,35.488503],[-87.987359,35.484177],[-87.9891,35.482679],[-87.992762,35.480499],[-87.998237,35.478758],[-88.000029,35.478904],[-88.005215,35.478015],[-88.008324,35.477242],[-88.015478,35.475077],[-88.023954,35.473333],[-88.026787,35.472051],[-88.028964,35.469171],[-88.030709,35.464985],[-88.031897,35.463223],[-88.033675,35.46193],[-88.039932,35.459294],[-88.040723,35.458328],[-88.042656,35.45349],[-88.043503,35.449809],[-88.043458,35.448189],[-88.042332,35.444617],[-88.039003,35.439588],[-88.035755,35.434043],[-88.032532,35.429837],[-88.030842,35.427963],[-88.027488,35.425504],[-88.02416,35.424045],[-88.021688,35.423483],[-88.013352,35.423356],[-88.007709,35.423381],[-88.005253,35.4229],[-87.996801,35.420173],[-87.990302,35.417514],[-87.98784,35.415969],[-87.982906,35.414793],[-87.979636,35.414871],[-87.978573,35.415237],[-87.978042,35.416319],[-87.975184,35.414174],[-87.974314,35.412567],[-87.973414,35.409611],[-87.97366,35.404958],[-87.97486,35.40197],[-87.97516,35.401526],[-87.980472,35.394984],[-87.984553,35.392115],[-87.986732,35.391374],[-87.994202,35.389595],[-87.996149,35.389421],[-88.000029,35.38853],[-88.001175,35.388501],[-88.012546,35.386944],[-88.017055,35.387633],[-88.020232,35.389164],[-88.024741,35.392307],[-88.03031,35.396709],[-88.045614,35.406595],[-88.048111,35.408591],[-88.051905,35.410866],[-88.055689,35.413024],[-88.061042,35.41659],[-88.063228,35.417385],[-88.065809,35.41764],[-88.066765,35.417417],[-88.072161,35.414456],[-88.081107,35.409696],[-88.088366,35.405415],[-88.091415,35.403205],[-88.096623,35.399121],[-88.106281,35.390557],[-88.109466,35.388484],[-88.114464,35.385809],[-88.11675,35.385],[-88.119666,35.384361],[-88.125033,35.383943],[-88.134327,35.384715],[-88.141354,35.385443],[-88.144773,35.386264],[-88.151408,35.389028],[-88.15606,35.390413],[-88.158268,35.391412],[-88.161255,35.392249],[-88.165185,35.392278],[-88.166525,35.392059],[-88.172078,35.390286],[-88.178692,35.387479],[-88.184374,35.38602],[-88.189661,35.384303],[-88.192681,35.382581],[-88.196462,35.379561],[-88.198545,35.376474],[-88.199691,35.373624],[-88.200545,35.370335],[-88.201136,35.366724],[-88.201906,35.364009],[-88.203748,35.359935],[-88.203878,35.356595],[-88.20283,35.352958],[-88.197899,35.34425],[-88.196902,35.342735],[-88.192199,35.33694],[-88.189741,35.333304],[-88.185051,35.325427],[-88.18352,35.322221],[-88.181266,35.313046],[-88.181262,35.311445],[-88.182049,35.306362],[-88.182503,35.304708],[-88.183432,35.303218],[-88.18611,35.301881],[-88.191171,35.301969],[-88.193166,35.30229],[-88.197265,35.303903],[-88.200986,35.305971],[-88.203437,35.306973],[-88.205583,35.307284],[-88.209423,35.30678],[-88.212367,35.30586],[-88.217634,35.303651],[-88.221349,35.301512],[-88.226489,35.297865],[-88.232706,35.292778],[-88.234965,35.290751],[-88.238837,35.286761],[-88.240274,35.284549],[-88.241001,35.282862],[-88.241927,35.27936],[-88.243,35.278333],[-88.245057,35.277609],[-88.24686,35.27756],[-88.250008,35.278266],[-88.254513,35.280254],[-88.259387,35.28267],[-88.265513,35.28484],[-88.270799,35.285446],[-88.275408,35.285479],[-88.280957,35.284402],[-88.283295,35.283381],[-88.286482,35.281644],[-88.289081,35.279599],[-88.290161,35.278207],[-88.29087,35.275856],[-88.290254,35.271714],[-88.289969,35.27127],[-88.288296,35.26922],[-88.284085,35.266024],[-88.276139,35.260925],[-88.266214,35.252852],[-88.263066,35.250081],[-88.261667,35.248701],[-88.258714,35.244638],[-88.257364,35.241272],[-88.255884,35.235444],[-88.25563,35.233492],[-88.255508,35.233485],[-88.256024,35.231127],[-88.257009,35.228191],[-88.257804,35.224595],[-88.257797,35.224489],[-88.257757,35.223851],[-88.257616,35.222115],[-88.25809,35.220733],[-88.258276,35.219948],[-88.263572,35.217355],[-88.266447,35.216338],[-88.27049,35.215487],[-88.274211,35.215447],[-88.294748,35.220997],[-88.297099,35.221368],[-88.301128,35.221371],[-88.304474,35.219926],[-88.30611,35.218534],[-88.30979,35.21366],[-88.3108,35.211647],[-88.311935,35.208151],[-88.3117,35.204356],[-88.310353,35.198359],[-88.309574,35.193129],[-88.309888,35.189795],[-88.31034,35.187597],[-88.310945,35.186088],[-88.312215,35.18505],[-88.314536,35.182368],[-88.316473,35.179483],[-88.317384,35.177474],[-88.318307,35.17357],[-88.318,35.169757],[-88.316029,35.165849],[-88.316256,35.15971],[-88.316298,35.158441],[-88.317908,35.159304],[-88.317973,35.160014],[-88.318751,35.160621],[-88.319724,35.163285],[-88.322037,35.16506],[-88.322113,35.167115],[-88.321909,35.169062],[-88.322515,35.171025],[-88.321893,35.172301],[-88.323288,35.173754],[-88.321603,35.175176],[-88.324547,35.178364],[-88.324674,35.179711],[-88.326062,35.180724],[-88.326938,35.180404],[-88.329852,35.179128],[-88.331117,35.180071],[-88.331391,35.179404],[-88.332168,35.179081],[-88.333138,35.179149],[-88.333989,35.177666],[-88.33644,35.175559],[-88.342077,35.172866],[-88.342206,35.17286],[-88.348236,35.170195],[-88.351008,35.170438],[-88.353368,35.171337],[-88.36376,35.17814],[-88.36823,35.181153],[-88.371918,35.186039],[-88.372059,35.183229],[-88.372545,35.170913],[-88.37302,35.158863],[-88.373345,35.150612],[-88.373635,35.143283],[-88.37374,35.140608],[-88.374005,35.133905],[-88.374092,35.131691],[-88.374265,35.127323],[-88.374369,35.12484],[-88.374723,35.11793],[-88.375338,35.105417],[-88.375619,35.099658],[-88.375949,35.092706],[-88.376077,35.090057],[-88.376208,35.087292],[-88.376404,35.083111],[-88.376451,35.082152],[-88.376515,35.080811],[-88.377035,35.069423],[-88.3771,35.068008],[-88.377468,35.05991],[-88.377715,35.056779],[-88.377642,35.056099],[-88.377758,35.053546],[-88.377903,35.050371],[-88.378776,35.031264],[-88.379084,35.023963],[-88.379947,35.004337],[-88.380508,34.99561],[-88.369761,34.995468],[-88.365905,34.995471],[-88.362859,34.995478],[-88.356683,34.995444],[-88.345949,34.995507],[-88.342961,34.99556],[-88.326526,34.995548],[-88.282959,34.995651],[-88.25811,34.995463],[-88.25593,34.99556],[-88.253777,34.995549],[-88.251664,34.995468],[-88.248466,34.995469],[-88.240996,34.995491],[-88.236908,34.995502],[-88.234527,34.995493],[-88.232909,34.995501],[-88.214895,34.995585],[-88.209098,34.995576],[-88.205495,34.995569],[-88.200064,34.995634],[-88.20082,34.997774],[-88.201052,35.000088],[-88.201766,35.004467],[-88.202959,35.008028],[-88.192991,35.007888],[-88.187808,35.007801],[-88.182034,35.007704],[-88.18043,35.007675],[-88.171702,35.007497],[-88.156531,35.007291],[-88.125401,35.007045],[-88.118132,35.006997],[-88.104601,35.006834],[-88.088764,35.006715],[-88.07542,35.006608],[-88.051187,35.006402],[-88.050704,35.006445],[-88.032458,35.006222],[-88.019986,35.006109],[-88.005112,35.005992],[-87.991474,35.005927],[-87.986041,35.00594],[-87.984916,35.005933],[-87.927065,35.005802],[-87.91645,35.005777],[-87.881238,35.005666],[-87.877375,35.00554],[-87.867808,35.005683],[-87.851904,35.005566],[-87.848582,35.005588],[-87.830514,35.005203],[-87.821136,35.005187],[-87.819125,35.005174],[-87.813691,35.00514],[-87.812786,35.005169],[-87.793858,35.005066],[-87.782411,35.004998],[-87.773631,35.004683],[-87.765781,35.004565],[-87.759012,35.004662],[-87.750925,35.004477],[-87.750344,35.00444],[-87.729291,35.004304],[-87.722343,35.004228],[-87.720248,35.004208],[-87.709459,35.004087],[-87.697606,35.003872],[-87.696841,35.003851],[-87.68871,35.003753],[-87.671624,35.003598],[-87.662256,35.003537],[-87.6433,35.003659],[-87.633419,35.003717],[-87.625194,35.003737],[-87.61927,35.00362],[-87.606031,35.003425],[-87.604887,35.003464],[-87.601742,35.003473],[-87.597697,35.003492],[-87.577243,35.003542],[-87.574225,35.003554],[-87.552893,35.00335],[-87.522663,35.003051],[-87.520996,35.003056],[-87.51105,35.003078],[-87.499984,35.00311],[-87.495594,35.002993],[-87.492952,35.003053],[-87.489162,35.002899],[-87.481974,35.002854],[-87.460806,35.002726],[-87.443287,35.002765],[-87.437074,35.002776],[-87.429968,35.002791],[-87.429216,35.00252],[-87.421467,35.002476],[-87.420945,35.002514],[-87.419381,35.002629],[-87.41886,35.002668],[-87.417999,35.002473],[-87.412257,35.002416],[-87.404947,35.002432],[-87.391478,35.002207],[-87.385547,35.002224],[-87.381104,35.001978],[-87.378882,35.001928],[-87.367226,35.001861],[-87.360512,35.001773],[-87.359279,35.00176],[-87.349324,35.001659],[-87.343801,35.001575],[-87.337462,35.001494],[-87.337212,35.00149],[-87.330762,35.001392],[-87.321522,35.001251],[-87.319599,35.001223],[-87.311728,35.001103],[-87.303621,35.000981],[-87.299222,35.000777],[-87.280137,35.000433],[-87.274536,35.00018],[-87.272659,35.000067],[-87.265376,35.000192],[-87.252856,34.999922],[-87.236675,34.999547],[-87.235297,34.99952],[-87.230387,34.999489],[-87.224052,34.999377],[-87.222482,34.99941],[-87.221596,34.999388],[-87.219768,34.999378],[-87.21645,34.999141],[-87.215237,34.999117],[-87.192676,34.998646],[-87.177272,34.998345],[-87.173519,34.998273],[-87.161003,34.998033],[-87.156747,34.997951],[-87.144315,34.997672],[-87.125616,34.997356],[-87.122648,34.997199],[-87.120322,34.997144],[-87.094472,34.996673],[-87.089895,34.99659],[-87.079446,34.996414],[-87.07301,34.996359],[-87.055395,34.996184],[-87.047349,34.99598],[-87.042654,34.995837],[-87.040547,34.99576],[-87.035896,34.995594],[-87.030284,34.995492],[-87.029701,34.995457],[-87.011174,34.995162],[-87.005106,34.995006],[-86.988396,34.99472],[-86.972541,34.99446],[-86.970237,34.994547],[-86.970081,34.99453],[-86.967121,34.994401],[-86.938972,34.993887],[-86.937456,34.993907],[-86.929983,34.993594],[-86.927401,34.993424],[-86.915487,34.992999],[-86.905538,34.992729],[-86.904915,34.992738],[-86.902871,34.992763],[-86.898613,34.992782],[-86.879239,34.992246],[-86.878898,34.992238],[-86.877718,34.992208],[-86.8665,34.992053],[-86.85909,34.992065],[-86.855101,34.99204],[-86.849936,34.992002],[-86.847817,34.991986],[-86.846462,34.992006],[-86.84461,34.992001],[-86.842067,34.991976],[-86.840904,34.991953],[-86.83774,34.991926],[-86.836306,34.991899],[-86.816467,34.991871],[-86.801633,34.991909],[-86.776087,34.991972],[-86.77534,34.991996],[-86.755738,34.992053],[-86.748098,34.992008],[-86.739395,34.991982],[-86.737464,34.992096],[-86.72891,34.991955],[-86.721724,34.99193],[-86.719339,34.992105],[-86.713276,34.992093],[-86.708986,34.992117],[-86.702643,34.992105],[-86.684846,34.991966],[-86.67948,34.991875],[-86.677675,34.992016],[-86.675532,34.991935],[-86.670846,34.991735],[-86.66986,34.992294],[-86.668151,34.991731],[-86.651126,34.991768],[-86.641334,34.99174],[-86.629246,34.991522],[-86.626508,34.99139],[-86.608871,34.991262],[-86.60004,34.991241],[-86.589079,34.991063],[-86.588712,34.991172],[-86.578745,34.991085],[-86.571308,34.991012],[-86.564445,34.990776],[-86.55577,34.990753],[-86.555227,34.990993],[-86.545808,34.990886],[-86.528549,34.990677],[-86.526846,34.990685],[-86.522708,34.990716],[-86.491106,34.990617],[-86.491116,34.990732],[-86.487038,34.990608],[-86.481771,34.990685],[-86.473105,34.990541],[-86.467941,34.990486],[-86.467716,34.990693],[-86.455492,34.990868],[-86.439203,34.991031],[-86.434102,34.99086],[-86.428637,34.990927],[-86.419736,34.991105],[-86.410918,34.991356],[-86.399478,34.991564],[-86.393172,34.991675],[-86.390221,34.991691],[-86.377491,34.991725],[-86.370748,34.991657],[-86.343734,34.991406],[-86.333824,34.991312],[-86.318761,34.991169],[-86.318988,35.000087],[-86.319741,35.019037],[-86.320203,35.030629],[-86.320288,35.032786],[-86.320031,35.037578],[-86.319871,35.039817],[-86.318747,35.05146],[-86.318583,35.054746],[-86.318552,35.05511],[-86.317841,35.063371],[-86.317836,35.063571],[-86.317861,35.07246],[-86.318032,35.09363],[-86.318054,35.09634],[-86.318061,35.097188],[-86.318135,35.106017],[-86.318175,35.110975],[-86.318237,35.118618],[-86.318084,35.125084],[-86.318168,35.126986],[-86.319393,35.126228],[-86.323362,35.124595],[-86.326369,35.122904],[-86.328472,35.122389],[-86.332425,35.12379],[-86.332674,35.124025],[-86.335178,35.125736],[-86.337201,35.12889],[-86.338081,35.129111],[-86.343356,35.12908],[-86.344768,35.129514],[-86.347909,35.13398],[-86.348833,35.135866],[-86.349141,35.138626],[-86.348493,35.141971],[-86.348598,35.144386],[-86.349057,35.14552],[-86.35093,35.146608],[-86.353417,35.145353],[-86.354512,35.144153],[-86.356373,35.140574],[-86.355708,35.138117],[-86.355772,35.137141],[-86.356747,35.135924],[-86.356465,35.132945],[-86.35517,35.130882],[-86.35743,35.127949],[-86.358511,35.125297],[-86.360139,35.123121],[-86.362652,35.122835],[-86.366236,35.124405],[-86.368303,35.127042],[-86.36906,35.128676],[-86.36985,35.132851],[-86.370097,35.13602],[-86.369007,35.139905],[-86.367919,35.140858],[-86.368501,35.142193],[-86.370547,35.144251],[-86.369485,35.15893],[-86.369862,35.161194],[-86.371291,35.169682],[-86.370091,35.170882],[-86.368491,35.171582],[-86.369391,35.173582],[-86.370691,35.175182],[-86.370291,35.176982],[-86.370391,35.179082],[-86.372979,35.181767],[-86.374391,35.182782],[-86.373791,35.188182],[-86.374953,35.191161],[-86.379591,35.197182],[-86.378891,35.204581],[-86.384191,35.213681],[-86.385717,35.217368],[-86.390846,35.226132],[-86.392192,35.228579],[-86.392192,35.235381],[-86.393992,35.235381],[-86.396792,35.23588],[-86.398892,35.23708],[-86.401692,35.23708],[-86.403892,35.23788],[-86.404153,35.23851],[-86.405762,35.23756],[-86.408319,35.237983],[-86.409926,35.236984],[-86.410079,35.235188],[-86.410855,35.234632],[-86.408529,35.230084],[-86.4087,35.228237],[-86.412175,35.226783],[-86.412791,35.226603],[-86.415176,35.226337],[-86.414916,35.22692],[-86.414163,35.228092],[-86.41652,35.232313],[-86.418799,35.235227],[-86.419049,35.237487],[-86.423775,35.237286],[-86.423874,35.2411],[-86.422981,35.240597],[-86.419671,35.240235],[-86.419776,35.243687],[-86.416804,35.243844],[-86.416007,35.24535],[-86.412696,35.245348],[-86.412803,35.247155],[-86.413664,35.247926],[-86.413969,35.248529],[-86.418557,35.248199],[-86.418991,35.248179],[-86.419449,35.248997],[-86.419491,35.24908],[-86.420792,35.24908],[-86.420769,35.249303],[-86.420492,35.25388],[-86.418392,35.25398],[-86.418392,35.25328],[-86.415697,35.253175],[-86.414724,35.251042],[-86.414592,35.25098],[-86.411692,35.25178],[-86.412092,35.25428],[-86.411988,35.254772],[-86.410992,35.25948],[-86.412791,35.259679],[-86.415612,35.260677],[-86.418791,35.26028],[-86.417192,35.25768],[-86.420492,35.25748],[-86.420592,35.25968],[-86.426101,35.259489],[-86.426065,35.261775],[-86.426,35.265594],[-86.434393,35.264179],[-86.437996,35.26727],[-86.435511,35.270695],[-86.435588,35.272371],[-86.43722,35.272419],[-86.436839,35.275162],[-86.445593,35.275179],[-86.446993,35.275879],[-86.444197,35.277975],[-86.443793,35.278279],[-86.444714,35.279849],[-86.452493,35.284378],[-86.460795,35.284573],[-86.461095,35.284596],[-86.461117,35.286645],[-86.459522,35.28868],[-86.459427,35.291661],[-86.460882,35.291721],[-86.46126,35.292767],[-86.475294,35.297278],[-86.481685,35.299397],[-86.499879,35.305489],[-86.515323,35.310579],[-86.516705,35.310686],[-86.527235,35.311529],[-86.531024,35.31786],[-86.531014,35.318275],[-86.529718,35.321248],[-86.531224,35.32427],[-86.531237,35.324405],[-86.531243,35.324473],[-86.531292,35.324643],[-86.531307,35.324659],[-86.531537,35.32491],[-86.531586,35.324998],[-86.531625,35.325039],[-86.531802,35.325072],[-86.532018,35.325096],[-86.532195,35.325064],[-86.532328,35.325043],[-86.532727,35.324982],[-86.532803,35.324969],[-86.532936,35.32497],[-86.533276,35.32497],[-86.533453,35.324986],[-86.533535,35.325069],[-86.533572,35.325107],[-86.533528,35.325247],[-86.533954,35.327369],[-86.534839,35.327635],[-86.535021,35.329839],[-86.53671,35.329955],[-86.536689,35.332316],[-86.537933,35.33246],[-86.538551,35.334068],[-86.538389,35.334336],[-86.5382,35.334614],[-86.53856,35.33483],[-86.539485,35.335435],[-86.537911,35.336544],[-86.535909,35.339045],[-86.53558,35.341091],[-86.534446,35.34253],[-86.533228,35.343096],[-86.531285,35.346155],[-86.529315,35.348367],[-86.526477,35.349902],[-86.525526,35.351366],[-86.525583,35.353968],[-86.525306,35.354718],[-86.52327,35.355676],[-86.521148,35.357505],[-86.521594,35.359063],[-86.521411,35.361441],[-86.520478,35.36287],[-86.520981,35.364919],[-86.520346,35.367077],[-86.515478,35.371651],[-86.513174,35.374393],[-86.512507,35.375397],[-86.511897,35.376602],[-86.511864,35.377904],[-86.510221,35.380505],[-86.511055,35.383147],[-86.511816,35.387564],[-86.511476,35.388483],[-86.511975,35.389761],[-86.510856,35.391052],[-86.510887,35.391357],[-86.511576,35.393137],[-86.51328,35.393583],[-86.513788,35.394205],[-86.517148,35.39634],[-86.517713,35.397043],[-86.519553,35.398521],[-86.519322,35.399338],[-86.520248,35.399569],[-86.519462,35.40287],[-86.520153,35.404509],[-86.520966,35.404498],[-86.522469,35.407129],[-86.524224,35.408667],[-86.524304,35.410261],[-86.521425,35.412733],[-86.51944,35.413725],[-86.518566,35.414608],[-86.517285,35.417132],[-86.517346,35.419031],[-86.516011,35.41978],[-86.515352,35.421115],[-86.514036,35.422022],[-86.513522,35.423755],[-86.514994,35.42559],[-86.517874,35.427499],[-86.518813,35.428038],[-86.5192,35.429981],[-86.518667,35.43191],[-86.519026,35.433279],[-86.518606,35.435052],[-86.517841,35.435738],[-86.517389,35.436018],[-86.51377,35.43828],[-86.512294,35.43946],[-86.510306,35.441855],[-86.507679,35.445589],[-86.506683,35.44935],[-86.506083,35.454264],[-86.505853,35.456569],[-86.506785,35.456432],[-86.507182,35.456948],[-86.506217,35.458066],[-86.507105,35.460467],[-86.508375,35.461234],[-86.508893,35.462495],[-86.50807,35.463114],[-86.508429,35.464161],[-86.507728,35.464931],[-86.509048,35.467823],[-86.510223,35.468803],[-86.51225,35.46939],[-86.513297,35.470509],[-86.511889,35.471619],[-86.511863,35.472769],[-86.510547,35.474678],[-86.509051,35.475293],[-86.508293,35.476725],[-86.507881,35.479422],[-86.509736,35.47997],[-86.510026,35.481007],[-86.511029,35.481423],[-86.51299,35.480495],[-86.514712,35.480935],[-86.516815,35.480859],[-86.517779,35.480345],[-86.519618,35.480367],[-86.522693,35.48151],[-86.5266,35.485004],[-86.528538,35.488384],[-86.528828,35.492779],[-86.528449,35.495511],[-86.526767,35.497514],[-86.526432,35.499051],[-86.526236,35.499026],[-86.526579,35.499643],[-86.527005,35.499722],[-86.530407,35.499709],[-86.531484,35.499759],[-86.531884,35.500085],[-86.533162,35.500075],[-86.533934,35.501055],[-86.533938,35.501681],[-86.533019,35.5041],[-86.53232,35.505403],[-86.532126,35.506333],[-86.53193,35.506589],[-86.530886,35.507361],[-86.530522,35.508037],[-86.530556,35.508801],[-86.530815,35.509379],[-86.53136,35.510095],[-86.531901,35.510554],[-86.532384,35.51069],[-86.533035,35.510592],[-86.533572,35.510358],[-86.535545,35.508582],[-86.537299,35.507966],[-86.538849,35.506447],[-86.539943,35.504655],[-86.540225,35.504536],[-86.541019,35.50467],[-86.541533,35.505082],[-86.542174,35.506104],[-86.541515,35.50807],[-86.541906,35.509489],[-86.541485,35.51404],[-86.54042,35.515069],[-86.536811,35.516371],[-86.536866,35.517836],[-86.537844,35.519437],[-86.537955,35.521038],[-86.536891,35.521747],[-86.534542,35.521288],[-86.530989,35.519777],[-86.529311,35.520164],[-86.527267,35.522542],[-86.527825,35.52483],[-86.527878,35.526774],[-86.529304,35.529131],[-86.52975,35.532541],[-86.529108,35.534096],[-86.525486,35.537923],[-86.524782,35.537647],[-86.523576,35.538755],[-86.525172,35.539916],[-86.530029,35.542551],[-86.532026,35.543803],[-86.533655,35.546597],[-86.53674,35.5516],[-86.536966,35.552331],[-86.53424,35.552159],[-86.536851,35.554995],[-86.537431,35.555824],[-86.538006,35.556845],[-86.542635,35.565257],[-86.546086,35.571532],[-86.547312,35.573754],[-86.548486,35.576606],[-86.549136,35.578718],[-86.549993,35.58152],[-86.550511,35.583178],[-86.550655,35.583628],[-86.549478,35.583969],[-86.548661,35.585281],[-86.5486,35.587558],[-86.547333,35.588403],[-86.545715,35.587807],[-86.544163,35.58853],[-86.54364,35.590052],[-86.542099,35.591296],[-86.541674,35.592912],[-86.541237,35.594725],[-86.542591,35.595881],[-86.541394,35.597091],[-86.542276,35.598258],[-86.542287,35.599261],[-86.54108,35.600884],[-86.543264,35.601876],[-86.545581,35.60362],[-86.545311,35.605924],[-86.544397,35.612262],[-86.542863,35.614729],[-86.542373,35.617438],[-86.542308,35.617875],[-86.541092,35.625971],[-86.540862,35.627521],[-86.540064,35.632022],[-86.538942,35.637803],[-86.538613,35.638105],[-86.533191,35.640031],[-86.529626,35.641307],[-86.528885,35.645703],[-86.52787,35.651701],[-86.527814,35.652008],[-86.525851,35.663744],[-86.52521,35.669131],[-86.525187,35.669271],[-86.523921,35.678889],[-86.523362,35.683654],[-86.523293,35.686053],[-86.523378,35.689855],[-86.523898,35.689761],[-86.526643,35.689974],[-86.526878,35.69139],[-86.53481,35.692076],[-86.535628,35.69215],[-86.537514,35.692235],[-86.53734,35.693266],[-86.543685,35.694278],[-86.543116,35.697617],[-86.568295,35.699246],[-86.57107,35.699241],[-86.581343,35.699377],[-86.581754,35.699426],[-86.600362,35.701578],[-86.615763,35.702473],[-86.619446,35.702676],[-86.619515,35.701079],[-86.621875,35.700995],[-86.622182,35.701256],[-86.621912,35.702808],[-86.623605,35.702833],[-86.623791,35.702827],[-86.623915,35.702823],[-86.629908,35.702406],[-86.636362,35.701982],[-86.635657,35.701715],[-86.636933,35.696551],[-86.639436,35.6859],[-86.642389,35.686235],[-86.641978,35.689037],[-86.643283,35.689183],[-86.649695,35.689902],[-86.651389,35.690092],[-86.651194,35.691586],[-86.66047,35.692544],[-86.661619,35.692664],[-86.661346,35.694844],[-86.667188,35.695283],[-86.667074,35.696357],[-86.670208,35.696705],[-86.674255,35.696962],[-86.673683,35.703306],[-86.677206,35.703775],[-86.682628,35.704097],[-86.682126,35.706981],[-86.68118,35.708221],[-86.680652,35.70957],[-86.686193,35.710051],[-86.69554,35.710864],[-86.69568,35.708742],[-86.695937,35.707368],[-86.696859,35.707393],[-86.697016,35.707397],[-86.697399,35.707408],[-86.69692,35.705431],[-86.731098,35.70676],[-86.731191,35.703905],[-86.732926,35.703839],[-86.734354,35.698849],[-86.736132,35.698944],[-86.737848,35.700152],[-86.740705,35.700557],[-86.740639,35.70168],[-86.742656,35.703835],[-86.743376,35.704335],[-86.743071,35.705785],[-86.741751,35.706176],[-86.741643,35.707591],[-86.746606,35.707889],[-86.746824,35.705987],[-86.746408,35.705665],[-86.74676,35.703164],[-86.749998,35.703486],[-86.750652,35.699888],[-86.751328,35.699089],[-86.751651,35.696447],[-86.752794,35.696539],[-86.752207,35.701743],[-86.754047,35.701463],[-86.760726,35.70181],[-86.760105,35.708206],[-86.767908,35.708678],[-86.76748,35.702365],[-86.769278,35.702465],[-86.769524,35.700289],[-86.773169,35.700446],[-86.772273,35.702671],[-86.772913,35.702685],[-86.772643,35.705802],[-86.774347,35.705909],[-86.774677,35.702832],[-86.782284,35.703376],[-86.782016,35.706595],[-86.783074,35.70695],[-86.79038,35.707625],[-86.790448,35.707219],[-86.792717,35.707453],[-86.797898,35.707988],[-86.799972,35.708978],[-86.799223,35.70979],[-86.798903,35.709819],[-86.798352,35.709873],[-86.79794,35.709911],[-86.797621,35.709942],[-86.797433,35.711444],[-86.806973,35.712486],[-86.80631,35.715686],[-86.809981,35.716085],[-86.811286,35.715932],[-86.812022,35.719272],[-86.811891,35.720455],[-86.823058,35.721651],[-86.823288,35.723306],[-86.828384,35.7239],[-86.835474,35.724671],[-86.838524,35.725054],[-86.84071,35.725259],[-86.842697,35.725887],[-86.84248,35.727522],[-86.84376,35.727614],[-86.844121,35.725044],[-86.845491,35.725166],[-86.849393,35.731479],[-86.853946,35.73427],[-86.856044,35.734893],[-86.865158,35.737257],[-86.865613,35.73737],[-86.866413,35.737569],[-86.867468,35.737832],[-86.867983,35.737961],[-86.870487,35.738587],[-86.873047,35.739204],[-86.87331,35.739262],[-86.87763,35.740325],[-86.879838,35.740941],[-86.886506,35.74328],[-86.8866,35.743313],[-86.886655,35.743332],[-86.886821,35.74339],[-86.886877,35.74341],[-86.887592,35.743661],[-86.888056,35.743823],[-86.890457,35.744667],[-86.891365,35.744984],[-86.892855,35.745506],[-86.893706,35.745805],[-86.894728,35.746164],[-86.89541,35.746403],[-86.896904,35.746926],[-86.8976,35.74717],[-86.898493,35.747484],[-86.898804,35.747593],[-86.899689,35.747903],[-86.900617,35.748228],[-86.900964,35.74835],[-86.902708,35.748963],[-86.907052,35.750393],[-86.909667,35.751307],[-86.910862,35.75173],[-86.911548,35.751973],[-86.913083,35.752518],[-86.913495,35.752661],[-86.91487,35.753151],[-86.914865,35.753175],[-86.915461,35.753444],[-86.91874,35.754438],[-86.92162,35.755236],[-86.924167,35.755932],[-86.925189,35.756173],[-86.92911,35.757261],[-86.934871,35.760223],[-86.938278,35.761972],[-86.935816,35.764077],[-86.933361,35.766898],[-86.932333,35.768726],[-86.930515,35.77454],[-86.929779,35.776302],[-86.92836,35.778057],[-86.928779,35.778095],[-86.929027,35.778129],[-86.929251,35.77816],[-86.932994,35.778553],[-86.941723,35.779551],[-86.942293,35.775152],[-86.944302,35.77265],[-86.944657,35.772688],[-86.947416,35.772982],[-86.952242,35.773499],[-86.952096,35.774288],[-86.950733,35.781642],[-86.953593,35.781904],[-86.962471,35.782883],[-86.962156,35.776332],[-86.960568,35.775317],[-86.961692,35.775315],[-86.965999,35.775729],[-86.964036,35.772633],[-86.964824,35.771854],[-86.96951,35.771676],[-86.97353,35.772976],[-86.97973,35.774977],[-86.982622,35.775835],[-86.988898,35.777828],[-86.996868,35.780472],[-86.997457,35.778528],[-87.000427,35.778679],[-87.002631,35.778896],[-87.003959,35.779028],[-87.003662,35.780706],[-87.01137,35.78122],[-87.01125,35.78193],[-87.012623,35.783392],[-87.014133,35.784266],[-87.014307,35.785118],[-87.016078,35.785728],[-87.016679,35.786817],[-87.015524,35.786969],[-87.020259,35.788467],[-87.021974,35.789009],[-87.03313,35.79253],[-87.033962,35.79373],[-87.034465,35.79529],[-87.035681,35.796213],[-87.039697,35.794626],[-87.054072,35.799275],[-87.054399,35.799377],[-87.075374,35.806018],[-87.077796,35.806787],[-87.084333,35.808864],[-87.095571,35.812433],[-87.09569,35.812471],[-87.117268,35.819367],[-87.123345,35.821308],[-87.125632,35.82199],[-87.127927,35.822822],[-87.135194,35.825145],[-87.148752,35.829395],[-87.157304,35.832139],[-87.158559,35.83271],[-87.177627,35.838738],[-87.181528,35.839965],[-87.181812,35.84006],[-87.185423,35.841348],[-87.191159,35.843158],[-87.191585,35.843294],[-87.203826,35.847146],[-87.215099,35.850651],[-87.21329,35.86094],[-87.2122,35.867363],[-87.212048,35.868571],[-87.21201,35.869031],[-87.210844,35.875065],[-87.210348,35.878481],[-87.208478,35.891087],[-87.208427,35.891509],[-87.208315,35.892681],[-87.207997,35.896123],[-87.206171,35.908573],[-87.205462,35.912424],[-87.20507,35.914639],[-87.202839,35.93104],[-87.202103,35.935994],[-87.202092,35.936075],[-87.201746,35.938415],[-87.201426,35.940579],[-87.205665,35.940967],[-87.204625,35.949448],[-87.204521,35.950301],[-87.204488,35.95057],[-87.204476,35.950659],[-87.204211,35.95282],[-87.204863,35.95289],[-87.204481,35.956741],[-87.204242,35.959186],[-87.203933,35.962321],[-87.208994,35.962723],[-87.208499,35.967915],[-87.21073,35.967927],[-87.21199,35.970082],[-87.209774,35.971978],[-87.204629,35.971848],[-87.199805,35.971694],[-87.199442,35.97564],[-87.196863,35.976255],[-87.190826,35.975884],[-87.190562,35.977424],[-87.19051,35.979175],[-87.196636,35.979886],[-87.197406,35.979967],[-87.196746,35.985576],[-87.192543,35.985318],[-87.192248,35.987594],[-87.191976,35.989694],[-87.192923,35.989774],[-87.194271,35.98989],[-87.19319,35.996781],[-87.193055,35.997648],[-87.190786,36.009808],[-87.189603,36.016341],[-87.18848,36.022214],[-87.188252,36.023444],[-87.188208,36.023686],[-87.18736,36.02771],[-87.18714,36.028814],[-87.186578,36.031393],[-87.186094,36.03361],[-87.184569,36.040701],[-87.184207,36.042246],[-87.182573,36.049726],[-87.170221,36.049172],[-87.167712,36.049168],[-87.149727,36.048317],[-87.143979,36.048093],[-87.143333,36.048067],[-87.140978,36.047931],[-87.127299,36.046814],[-87.123798,36.046352],[-87.110641,36.045459],[-87.106124,36.045167],[-87.092814,36.044249],[-87.084916,36.043805],[-87.084008,36.043874],[-87.077616,36.044083],[-87.071066,36.044307],[-87.066897,36.044499],[-87.053722,36.045582],[-87.05453,36.048776],[-87.054705,36.049986],[-87.051742,36.049377],[-87.050698,36.048713],[-87.049956,36.047249],[-87.04909,36.046742],[-87.046021,36.047198],[-87.044501,36.046874],[-87.04369,36.043498],[-87.042362,36.042894],[-87.041362,36.041312],[-87.04101,36.042322],[-87.040532,36.049557],[-87.040495,36.050009],[-87.040225,36.054134],[-87.039004,36.077318],[-87.038792,36.0789],[-87.038696,36.080185],[-87.038551,36.082086],[-87.035728,36.082335],[-87.035262,36.083316],[-87.035511,36.086431],[-87.038613,36.086724],[-87.038243,36.092987],[-87.038201,36.093796],[-87.038179,36.094197],[-87.038173,36.094314],[-87.03264,36.099171],[-87.032109,36.099626],[-87.029333,36.10201],[-87.027778,36.103301],[-87.021306,36.108672],[-87.019241,36.110388],[-87.008176,36.119531],[-87.001294,36.12523],[-86.997976,36.128266],[-86.997705,36.128512],[-86.996589,36.135403],[-86.995828,36.14011],[-86.992111,36.164038],[-86.991644,36.16654],[-86.990255,36.173982],[-86.989551,36.177758],[-86.988845,36.181533],[-86.984867,36.202852],[-86.983749,36.208855],[-86.983613,36.209566],[-86.984281,36.209685],[-86.985255,36.210061],[-86.985041,36.211001],[-86.984262,36.213846],[-86.987668,36.214898],[-86.987884,36.214346],[-86.988205,36.214438],[-86.988055,36.215127],[-86.98789,36.215414],[-86.987831,36.215515],[-86.987358,36.215369],[-86.986518,36.215109],[-86.985606,36.214828],[-86.985422,36.214771],[-86.982381,36.213718],[-86.982253,36.213876],[-86.981781,36.215039],[-86.98041,36.216531],[-86.980404,36.216692],[-86.980414,36.216995],[-86.981171,36.218711],[-86.984007,36.225419],[-86.975393,36.247397],[-86.97461,36.249374],[-86.971356,36.254628],[-86.966055,36.262831],[-86.963358,36.267004],[-86.959873,36.272395],[-86.95771,36.275797],[-86.947873,36.282367],[-86.942368,36.291759],[-86.940536,36.295111],[-86.933299,36.308017],[-86.923272,36.325379],[-86.920742,36.330855],[-86.917522,36.339746],[-86.917398,36.340075],[-86.910958,36.35726],[-86.909953,36.360486],[-86.910202,36.361024],[-86.910001,36.363278],[-86.907874,36.364899],[-86.907259,36.364885],[-86.906275,36.366532],[-86.907866,36.368373],[-86.908151,36.370249],[-86.909583,36.370799],[-86.909818,36.372128],[-86.911344,36.372174],[-86.914064,36.371045],[-86.915962,36.370893],[-86.914732,36.373346],[-86.916058,36.373512],[-86.914937,36.378073],[-86.912639,36.377939],[-86.912073,36.377148],[-86.909807,36.379192],[-86.912054,36.380851],[-86.913212,36.382591],[-86.913233,36.382621],[-86.914208,36.383541],[-86.912544,36.383823],[-86.912523,36.384952],[-86.91164,36.386105],[-86.910869,36.38814],[-86.90963,36.389899],[-86.908675,36.390457],[-86.907101,36.390404],[-86.904384,36.389499],[-86.901308,36.389065],[-86.898938,36.389979],[-86.898196,36.389921],[-86.897518,36.3896],[-86.89697,36.389464],[-86.894298,36.389097],[-86.893861,36.388528],[-86.893406,36.388212],[-86.892057,36.387896],[-86.89059,36.387065],[-86.890523,36.387053],[-86.889257,36.38667],[-86.886495,36.384023],[-86.886688,36.383402],[-86.885634,36.381777],[-86.883403,36.380333],[-86.881187,36.38092],[-86.879754,36.379991],[-86.878649,36.378677],[-86.878642,36.376094],[-86.87883,36.374678],[-86.877798,36.372446],[-86.876116,36.371892],[-86.875237,36.372313],[-86.874334,36.373698],[-86.871915,36.374238],[-86.870168,36.37419],[-86.86895,36.372827],[-86.864534,36.370294],[-86.86214,36.369569],[-86.862584,36.377239],[-86.862783,36.381035],[-86.858665,36.380738],[-86.852919,36.380135],[-86.853303,36.377245],[-86.854299,36.369796],[-86.854037,36.369561],[-86.852863,36.369223],[-86.851646,36.368091],[-86.851442,36.367102],[-86.849661,36.366377],[-86.84799,36.366444],[-86.844469,36.365148],[-86.844075,36.36406],[-86.84084,36.362901],[-86.840962,36.361939],[-86.839507,36.360785],[-86.838644,36.359378],[-86.836773,36.35838],[-86.836614,36.360246],[-86.834514,36.359843],[-86.834689,36.357864],[-86.8336,36.357471],[-86.833756,36.356724],[-86.830728,36.355995],[-86.830884,36.354544],[-86.830206,36.35343],[-86.826409,36.351273],[-86.825696,36.350699],[-86.825915,36.349635],[-86.824518,36.350475],[-86.823083,36.351648],[-86.821974,36.351632],[-86.818889,36.352704],[-86.817016,36.353143],[-86.815664,36.352759],[-86.812925,36.353563],[-86.809184,36.354989],[-86.80739,36.355445],[-86.803278,36.355473],[-86.802649,36.356738],[-86.798134,36.358413],[-86.797047,36.359611],[-86.795015,36.359874],[-86.79153,36.359802],[-86.790259,36.360038],[-86.787357,36.35964],[-86.787723,36.363284],[-86.786942,36.365767],[-86.788272,36.366319],[-86.789866,36.368738],[-86.791946,36.369321],[-86.791034,36.37676],[-86.787344,36.377118],[-86.784735,36.379441],[-86.783726,36.381827],[-86.784366,36.383281],[-86.782307,36.383717],[-86.782301,36.383701],[-86.782293,36.383685],[-86.782282,36.38367],[-86.782269,36.383656],[-86.782253,36.383641],[-86.782238,36.383631],[-86.78222,36.383621],[-86.782201,36.383612],[-86.782181,36.383606],[-86.78216,36.383601],[-86.782133,36.383592],[-86.782106,36.383584],[-86.782079,36.383577],[-86.782051,36.383569],[-86.782024,36.383562],[-86.781996,36.383555],[-86.781974,36.38355],[-86.781941,36.383542],[-86.781913,36.383536],[-86.781885,36.38353],[-86.781852,36.38352],[-86.781819,36.383512],[-86.781785,36.383506],[-86.781751,36.383501],[-86.781716,36.383497],[-86.781682,36.383494],[-86.781647,36.383493],[-86.781612,36.383494],[-86.781578,36.383496],[-86.781543,36.383499],[-86.781509,36.383504],[-86.781475,36.38351],[-86.781442,36.383518],[-86.781409,36.383527],[-86.781377,36.383537],[-86.781352,36.383543],[-86.78133,36.383553],[-86.781312,36.383568],[-86.781298,36.383585],[-86.78129,36.383605],[-86.781288,36.383625],[-86.781292,36.383645],[-86.781302,36.383664],[-86.781318,36.383681],[-86.781337,36.383694],[-86.781351,36.383707],[-86.781365,36.383721],[-86.781377,36.383735],[-86.781389,36.383749],[-86.781401,36.383764],[-86.781414,36.383789],[-86.781429,36.383814],[-86.781445,36.383838],[-86.781463,36.383861],[-86.781483,36.383884],[-86.781504,36.383905],[-86.781526,36.383926],[-86.78155,36.383946],[-86.781575,36.383964],[-86.781601,36.383982],[-86.781625,36.383996],[-86.781661,36.384016],[-86.781524,36.384137],[-86.782211,36.384827],[-86.780587,36.386743],[-86.780655,36.387168],[-86.781035,36.387866],[-86.781685,36.389075],[-86.781893,36.389588],[-86.781365,36.390049],[-86.777749,36.39115],[-86.773421,36.392399],[-86.772609,36.392519],[-86.772387,36.393241],[-86.769517,36.393369],[-86.768581,36.393752],[-86.766805,36.393915],[-86.76433,36.394289],[-86.763522,36.396842],[-86.763492,36.396898],[-86.763394,36.397094],[-86.764825,36.39814],[-86.764808,36.398223],[-86.764151,36.399722],[-86.762231,36.400318],[-86.760557,36.400717],[-86.758072,36.399867],[-86.756597,36.400441],[-86.755195,36.402458],[-86.755098,36.404433],[-86.754795,36.405496],[-86.753733,36.405531],[-86.753515,36.40715],[-86.751878,36.408675],[-86.751136,36.408793],[-86.749906,36.410522],[-86.747538,36.410627],[-86.746555,36.411906],[-86.749375,36.41378],[-86.747275,36.416149],[-86.748341,36.418508],[-86.745449,36.418844],[-86.744444,36.418611],[-86.7431,36.418171],[-86.739913,36.418314],[-86.738501,36.41843],[-86.734833,36.418049],[-86.733552,36.416996],[-86.733509,36.415992],[-86.734402,36.415192],[-86.733175,36.414361],[-86.730392,36.414613],[-86.727443,36.413968],[-86.727032,36.4152],[-86.725635,36.416038],[-86.724993,36.416819],[-86.723346,36.417635],[-86.721192,36.418369],[-86.719812,36.418264],[-86.719655,36.416316],[-86.719141,36.4151],[-86.718763,36.413967],[-86.717767,36.413916],[-86.716156,36.413998],[-86.714256,36.413379],[-86.71346,36.413146],[-86.712358,36.413869],[-86.712205,36.414014],[-86.711832,36.414057],[-86.711271,36.414122],[-86.710746,36.413921],[-86.710645,36.413878],[-86.710421,36.413739],[-86.70946,36.413128],[-86.70941,36.412924],[-86.709258,36.412397],[-86.70923,36.41234],[-86.709123,36.412286],[-86.709032,36.412278],[-86.708795,36.412429],[-86.708671,36.41253],[-86.708523,36.412753],[-86.708451,36.412818],[-86.708049,36.41266],[-86.707999,36.41254],[-86.708004,36.411947],[-86.707988,36.411719],[-86.707828,36.411187],[-86.707724,36.410951],[-86.707536,36.410631],[-86.706195,36.410244],[-86.704113,36.409767],[-86.702956,36.409543],[-86.702675,36.40953],[-86.702319,36.409593],[-86.702076,36.409815],[-86.701873,36.409955],[-86.70155,36.410049],[-86.701188,36.410083],[-86.700886,36.409605],[-86.700821,36.409548],[-86.700682,36.409456],[-86.700706,36.409308],[-86.699818,36.408918],[-86.699668,36.408772],[-86.699633,36.408739],[-86.699509,36.408635],[-86.699469,36.408602],[-86.699319,36.408484],[-86.699202,36.408391],[-86.699022,36.408103],[-86.698993,36.408027],[-86.698926,36.40785],[-86.698904,36.40779],[-86.697647,36.407327],[-86.69656,36.406832],[-86.69292,36.40751],[-86.691236,36.408787],[-86.690759,36.409742],[-86.69157,36.410981],[-86.69398,36.416412],[-86.695032,36.419745],[-86.695064,36.421319],[-86.694441,36.423711],[-86.693251,36.425663],[-86.692562,36.426476],[-86.692496,36.426551],[-86.692431,36.426623],[-86.692238,36.426841],[-86.692174,36.426914],[-86.690864,36.428393],[-86.688916,36.430588],[-86.688652,36.430888],[-86.686036,36.433629],[-86.685777,36.433857],[-86.685674,36.433951],[-86.685659,36.433964],[-86.685566,36.434052],[-86.685482,36.434132],[-86.685359,36.43424],[-86.685243,36.434336],[-86.685149,36.434418],[-86.685097,36.434461],[-86.685032,36.434515],[-86.684874,36.434659],[-86.684526,36.434968],[-86.684478,36.435011],[-86.684288,36.435178],[-86.684148,36.435302],[-86.684071,36.43537],[-86.683925,36.435502],[-86.683844,36.435575],[-86.683769,36.435644],[-86.683704,36.435703],[-86.683509,36.435879],[-86.683445,36.435939],[-86.681292,36.437993],[-86.681033,36.438311],[-86.680059,36.439808],[-86.679604,36.440785],[-86.67837,36.443892],[-86.67818,36.444371],[-86.677614,36.445781],[-86.677165,36.44687],[-86.676712,36.447952],[-86.676409,36.448517],[-86.676062,36.449029],[-86.675966,36.449152],[-86.673507,36.451631],[-86.672828,36.452246],[-86.668115,36.456613],[-86.666397,36.458211],[-86.664374,36.460026],[-86.662615,36.461548],[-86.659102,36.464387],[-86.659091,36.464396],[-86.653566,36.468463],[-86.651764,36.470319],[-86.649899,36.473591],[-86.649312,36.474644],[-86.64842,36.476199],[-86.646253,36.480056],[-86.645658,36.482017],[-86.645129,36.487425],[-86.645022,36.487836],[-86.643575,36.490733],[-86.643555,36.490765],[-86.643439,36.490965],[-86.643377,36.491072],[-86.643335,36.491143],[-86.643258,36.491263],[-86.643202,36.491349],[-86.64317,36.491427],[-86.643106,36.491536],[-86.642914,36.491864],[-86.642851,36.491974],[-86.642834,36.492003],[-86.642694,36.492233],[-86.642605,36.492382],[-86.642414,36.4927],[-86.642339,36.492823],[-86.642092,36.493236],[-86.641146,36.494918],[-86.640766,36.497093],[-86.641811,36.503768],[-86.642164,36.507271],[-86.641874,36.510945],[-86.641432,36.512902],[-86.640281,36.516717],[-86.639341,36.519804],[-86.63871,36.521898],[-86.637097,36.527224],[-86.636388,36.529603],[-86.636303,36.529869],[-86.635037,36.534041],[-86.633984,36.536363],[-86.630772,36.54066],[-86.629598,36.542136],[-86.629429,36.542352],[-86.628628,36.543343],[-86.623389,36.549877],[-86.620995,36.552886],[-86.616427,36.558579],[-86.612422,36.563558],[-86.611141,36.56497],[-86.606335,36.569218],[-86.602998,36.572478],[-86.601313,36.574995],[-86.597125,36.581832],[-86.595187,36.585714],[-86.595051,36.585983],[-86.593492,36.588847],[-86.59263,36.590088],[-86.592114,36.590859],[-86.592083,36.590908],[-86.589126,36.595171],[-86.588995,36.59536],[-86.584554,36.601754],[-86.579117,36.609597],[-86.577907,36.611327],[-86.576984,36.6127],[-86.572723,36.618816],[-86.571581,36.620538],[-86.56825,36.626093],[-86.567755,36.626979],[-86.567286,36.627779],[-86.565749,36.630385],[-86.56473,36.632184],[-86.564287,36.632991],[-86.563909,36.633562],[-86.566004,36.63487],[-86.571184,36.638677],[-86.571442,36.638869],[-86.577937,36.643645],[-86.589906,36.652443],[-86.594227,36.652348],[-86.596523,36.652297],[-86.62221,36.651726],[-86.65091,36.650922],[-86.653037,36.650862],[-86.677581,36.650202],[-86.679071,36.650164],[-86.692534,36.649771],[-86.699116,36.649658],[-86.711329,36.649422],[-86.713764,36.64936],[-86.729415,36.649001],[-86.734208,36.648898],[-86.749904,36.648939],[-86.763296,36.648954],[-86.77533,36.648674],[-86.787599,36.648387],[-86.803533,36.648015],[-86.812858,36.647797],[-86.83289,36.647401],[-86.843383,36.647193],[-86.846136,36.647138],[-86.85404,36.647006],[-86.859995,36.646952],[-86.874392,36.646827],[-86.894064,36.646611],[-86.901056,36.646487],[-86.91979,36.645921],[-86.926653,36.645616],[-86.928899,36.645551],[-86.952133,36.645035],[-86.973459,36.644524],[-86.980882,36.64437],[-86.987462,36.644337],[-86.999989,36.644296],[-87.00859,36.644105],[-87.050989,36.643158],[-87.070339,36.642734],[-87.085593,36.64264],[-87.106152,36.642467],[-87.114983,36.642371],[-87.12991,36.642221],[-87.155792,36.642112],[-87.159651,36.642098],[-87.167997,36.642062],[-87.172343,36.642044],[-87.197882,36.641937],[-87.20356,36.641913],[-87.212793,36.641875],[-87.248362,36.641725],[-87.264568,36.641741],[-87.275209,36.64176],[-87.281491,36.64177],[-87.285582,36.641769],[-87.294815,36.641744],[-87.300909,36.641725],[-87.314919,36.641683],[-87.339338,36.641637],[-87.339759,36.641635],[-87.340409,36.64163],[-87.347638,36.641585],[-87.355062,36.641541],[-87.361977,36.641499],[-87.37376,36.641425],[-87.378008,36.641393],[-87.386316,36.641315],[-87.39348,36.641247],[-87.400623,36.64118],[-87.409448,36.641098],[-87.414296,36.641052],[-87.425393,36.640948],[-87.426205,36.640941],[-87.431132,36.640894],[-87.436134,36.640848],[-87.436324,36.640846],[-87.437789,36.640829],[-87.43872,36.640819],[-87.439596,36.640806],[-87.440506,36.640796],[-87.443525,36.64076],[-87.445409,36.640742],[-87.445568,36.640741],[-87.449344,36.640701],[-87.45163,36.640674],[-87.454999,36.640638],[-87.456177,36.640622],[-87.4609,36.640571],[-87.461512,36.640563],[-87.46327,36.640543],[-87.467006,36.640503],[-87.47243,36.640439],[-87.475678,36.640396],[-87.496248,36.639974],[-87.536991,36.639238],[-87.546351,36.638912],[-87.557249,36.63885],[-87.598533,36.638522],[-87.610487,36.638424],[-87.636914,36.638162],[-87.641157,36.638109],[-87.658664,36.637814],[-87.665049,36.637681],[-87.69542,36.637086],[-87.70667,36.63688],[-87.72891,36.636352],[-87.745012,36.63602],[-87.751782,36.635831],[-87.769034,36.635475],[-87.802102,36.634762],[-87.815563,36.634467],[-87.821178,36.63433],[-87.842451,36.633575],[-87.853319,36.63316],[-87.849544,36.663695],[-87.8529,36.663908],[-87.872631,36.665153],[-87.8792,36.665588],[-87.901135,36.666964],[-87.902059,36.667],[-87.903564,36.667103],[-87.904825,36.667203],[-87.910078,36.66762],[-87.911127,36.667704],[-87.912003,36.667773],[-87.912682,36.667826],[-87.914773,36.667996],[-87.916678,36.668145],[-87.926875,36.668936],[-87.945575,36.670747],[-87.953111,36.671473],[-87.956995,36.671853],[-87.96139,36.672276],[-87.964632,36.672595],[-87.975793,36.673673],[-88.000018,36.676017],[-88.003397,36.676342],[-88.013139,36.677221],[-88.025399,36.677624],[-88.043097,36.678125],[-88.049805,36.677953],[-88.050174,36.677964],[-88.052849,36.678057],[-88.055696,36.678057],[-88.058472,36.67807],[-88.070541,36.678255],[-88.070191,36.675062],[-88.069808,36.671994],[-88.068635,36.661962],[-88.068057,36.65959],[-88.066836,36.655856],[-88.065792,36.653395],[-88.064591,36.651296],[-88.063148,36.649152],[-88.059894,36.645098],[-88.058662,36.643506],[-88.057559,36.641515],[-88.057016,36.640343],[-88.056337,36.63823],[-88.055883,36.636421],[-88.055674,36.63486],[-88.055759,36.632703],[-88.055625,36.63034],[-88.055092,36.628753],[-88.051582,36.620809],[-88.048544,36.61352],[-88.045657,36.605779],[-88.044862,36.60307],[-88.044328,36.600565],[-88.043436,36.595979],[-88.042664,36.591523],[-88.041444,36.585161],[-88.041081,36.582953],[-88.040898,36.581323],[-88.040789,36.579014],[-88.040497,36.576824],[-88.039956,36.574861],[-88.035536,36.561983],[-88.035093,36.560189],[-88.034573,36.557363],[-88.034297,36.554888],[-88.034216,36.553631],[-88.033722,36.54998],[-88.03375,36.546674],[-88.033422,36.54484],[-88.032814,36.542992],[-88.032649,36.542095],[-88.032599,36.541063],[-88.032541,36.538095],[-88.032675,36.536985],[-88.03414,36.530069],[-88.034405,36.528731],[-88.034683,36.527845],[-88.03517,36.526896],[-88.036555,36.524826],[-88.037021,36.524029],[-88.037432,36.522858],[-88.037581,36.521541],[-88.037396,36.519678],[-88.037371,36.518072],[-88.037415,36.516268],[-88.037671,36.514553],[-88.038326,36.512544],[-88.039069,36.510784],[-88.039823,36.509437],[-88.040539,36.508412],[-88.041417,36.507363],[-88.042616,36.506178],[-88.046955,36.502899],[-88.049115,36.501152],[-88.050301,36.500095],[-88.053293,36.497058],[-88.055093,36.494733],[-88.056676,36.491107],[-88.056883,36.488185],[-88.05632,36.484425],[-88.055609,36.482359],[-88.052499,36.475203],[-88.052006,36.471265],[-88.05281,36.466437],[-88.054035,36.463345],[-88.056306,36.459436],[-88.059055,36.455325],[-88.061067,36.451513],[-88.061743,36.449559],[-88.06195,36.446977],[-88.061456,36.444093],[-88.060448,36.441983],[-88.059529,36.440539],[-88.05848,36.439224],[-88.057102,36.437829],[-88.055385,36.436362],[-88.051393,36.433856],[-88.047261,36.430873],[-88.043708,36.427898],[-88.040983,36.425729],[-88.040219,36.424898],[-88.039596,36.424221],[-88.037619,36.422253],[-88.036232,36.420696],[-88.035982,36.420317],[-88.035781,36.417436],[-88.03554,36.415733],[-88.0349,36.412973],[-88.03448,36.411795],[-88.033861,36.41073],[-88.033242,36.40952],[-88.032364,36.408358],[-88.02963,36.405156],[-88.028412,36.403551],[-88.027405,36.402349],[-88.025419,36.400244],[-88.024342,36.399252],[-88.0214,36.397648],[-88.019166,36.397044],[-88.018239,36.396576],[-88.017231,36.395915],[-88.016134,36.394874],[-88.015096,36.393406],[-88.014288,36.392026],[-88.012712,36.389541],[-88.011046,36.386766],[-88.009959,36.384894],[-88.007086,36.380246],[-88.006348,36.378471],[-88.004741,36.375054],[-88.004105,36.373988],[-88.003295,36.372358],[-88.00283,36.371536],[-88.002435,36.370746],[-88.001681,36.369486],[-88.000591,36.36795],[-87.998746,36.365711],[-87.997096,36.364205],[-87.995596,36.362892],[-87.994295,36.361945],[-87.99092,36.360133],[-87.988562,36.359746],[-87.98485,36.357689],[-87.98367,36.356862],[-87.982743,36.356083],[-87.98223,36.35533],[-87.981602,36.354601],[-87.98074,36.353307],[-87.980275,36.352587],[-87.978795,36.350586],[-87.977184,36.347836],[-87.976055,36.346014],[-87.972967,36.342184],[-87.971798,36.340531],[-87.970678,36.338619],[-87.969737,36.336353],[-87.969325,36.3344],[-87.969322,36.333262],[-87.969558,36.331937],[-87.969406,36.33042],[-87.969153,36.328581],[-87.968652,36.327233],[-87.967943,36.326379],[-87.966616,36.325267],[-87.964801,36.324148],[-87.962907,36.323408],[-87.96175,36.322676],[-87.960561,36.321223],[-87.959093,36.318668],[-87.957184,36.31503],[-87.955844,36.312223],[-87.954642,36.308592],[-87.953107,36.302677],[-87.952145,36.29924],[-87.951013,36.295528],[-87.949792,36.292188],[-87.94866,36.288718],[-87.947649,36.285305],[-87.946906,36.28208],[-87.946745,36.281383],[-87.946071,36.277348],[-87.945577,36.274087],[-87.945212,36.270084],[-87.945188,36.267783],[-87.945295,36.266646],[-87.945145,36.265508],[-87.944585,36.264741],[-87.944295,36.264177],[-87.944542,36.262279],[-87.944897,36.260608],[-87.945302,36.258952],[-87.945807,36.257595],[-87.946551,36.256375],[-87.946619,36.255536],[-87.946463,36.254739],[-87.946328,36.254043],[-87.947279,36.25208],[-87.947596,36.251038],[-87.947604,36.250056],[-87.947782,36.248334],[-87.948043,36.2472],[-87.948414,36.246051],[-87.948833,36.244999],[-87.949339,36.244092],[-87.949603,36.24316],[-87.950789,36.238721],[-87.951036,36.237095],[-87.950981,36.233969],[-87.951855,36.229415],[-87.951788,36.225321],[-87.951645,36.222325],[-87.950759,36.219805],[-87.948936,36.21678],[-87.944214,36.211825],[-87.942473,36.209437],[-87.940533,36.205379],[-87.939782,36.202224],[-87.939927,36.199937],[-87.939546,36.197614],[-87.936527,36.189674],[-87.934822,36.185916],[-87.933436,36.18382],[-87.931493,36.181913],[-87.928434,36.179402],[-87.92425,36.176359],[-87.922757,36.174979],[-87.919994,36.171801],[-87.91676,36.165582],[-87.915932,36.162443],[-87.915654,36.16075],[-87.91596,36.154823],[-87.916317,36.152215],[-87.917599,36.146972],[-87.918072,36.143817],[-87.918459,36.138616],[-87.918419,36.134322],[-87.919043,36.130049],[-87.920823,36.125058],[-87.922479,36.122334],[-87.925304,36.119703],[-87.933359,36.112974],[-87.937974,36.108856],[-87.938597,36.106856],[-87.939942,36.102389],[-87.943095,36.097841],[-87.945765,36.095044],[-87.951217,36.089265],[-87.954869,36.084301],[-87.95611,36.08227],[-87.958611,36.077426],[-87.959738,36.075862],[-87.963119,36.07232],[-87.964717,36.070843],[-87.970032,36.066656],[-87.976243,36.060752],[-87.978108,36.059029],[-87.983198,36.053526],[-87.985961,36.050715],[-87.989144,36.04669],[-87.991563,36.041878],[-87.993445,36.038586],[-87.998554,36.031599],[-88.00087,36.027874],[-88.00088,36.027839],[-88.001431,36.025867],[-88.001498,36.021744],[-88.000707,36.017603],[-88.000672,36.017445],[-88.000648,36.017332],[-87.999915,36.01477],[-87.999198,36.008956],[-87.999232,36.007893],[-87.999361,36.002385],[-88.000184,35.999595],[-88.000358,35.999056],[-88.000785,35.998237],[-88.00174,35.995459],[-88.004523,35.992162],[-88.006719,35.99089],[-88.014283,35.986535],[-88.017728,35.983699],[-88.019334,35.981686],[-88.020424,35.979967],[-88.021706,35.97586],[-88.022635,35.969497],[-88.02239,35.965818],[-88.021012,35.961184],[-88.0156,35.950667],[-88.012932,35.946648],[-88.009034,35.944588],[-88.000967,35.941456],[-88.000033,35.940824],[-87.993761,35.939428],[-87.987816,35.938913],[-87.974172,35.937213],[-87.966497,35.937475],[-87.95322,35.939145],[-87.946147,35.939649],[-87.93702,35.939943],[-87.931657,35.939864],[-87.929823,35.93905],[-87.927948,35.937398],[-87.926676,35.93557],[-87.925977,35.93285],[-87.925835,35.930432],[-87.926223,35.924096],[-87.927283,35.916221],[-87.927743,35.911119],[-87.928847,35.905116],[-87.93058,35.899599],[-87.933008,35.892648],[-87.935141,35.88432],[-87.936944,35.875063],[-87.938709,35.869971],[-87.939849,35.867178],[-87.939897,35.86706],[-87.940331,35.865986],[-87.944757,35.859072],[-87.948681,35.854535],[-87.952912,35.850351],[-87.956682,35.846893],[-87.96274,35.840921],[-87.964456,35.838846],[-87.966952,35.834755],[-87.968987,35.828827],[-87.969798,35.824651],[-87.970738,35.815705],[-87.971511,35.809386],[-87.973888,35.795673],[-87.976552,35.787189],[-87.979846,35.778914],[-87.981763,35.774973],[-87.986272,35.766585],[-87.98733,35.765075],[-87.989971,35.761732],[-87.993216,35.758838],[-87.997768,35.755361],[-88.000031,35.752665],[-88.003002,35.750065],[-88.010496,35.744974],[-88.014567,35.743488],[-88.01909,35.739903],[-88.021579,35.737641],[-88.025971,35.732758],[-88.028754,35.730025],[-88.0323,35.725319],[-88.033707,35.722058],[-88.034788,35.717261],[-88.034819,35.715117],[-88.033911,35.710369],[-88.031719,35.704577],[-88.03123,35.701012],[-88.030636,35.699424],[-88.028409,35.693815],[-88.024138,35.688646],[-88.019365,35.685124],[-88.017664,35.683178],[-88.017013,35.680592],[-88.016641,35.677589],[-88.017097,35.671644],[-88.017965,35.666995],[-88.018932,35.660224],[-88.020098,35.656643],[-88.023007,35.650806],[-88.025179,35.645887],[-88.031441,35.632218],[-88.033086,35.629263],[-88.033791,35.627728],[-88.035177,35.625069],[-88.035837,35.621839],[-88.035872,35.61979],[-88.035213,35.616679]]]]}},{"type":"Feature","properties":{"id":8,"NAME":"8","TotalPop":766982,"PopDevPct":-0.00115789,"DemPct":0.27166987,"RepPct":0.71771422,"WhitePct":0.74521703,"MinorityPct":0.25478297,"BlackPct":0.18575575,"HispanicPct":0.02934832,"PacificPct":0.0011969,"AsianPct":0.01729709,"NativePct":0.02016092,"TotalVAP":595707,"Margin":-0.22833013,"color":"#960018","opacity":"0.5"},"geometry":{"type":"MultiPolygon","coordinates":[[[[-88.019334,35.981686],[-88.017728,35.983699],[-88.014283,35.986535],[-88.006719,35.99089],[-88.004523,35.992162],[-88.00174,35.995459],[-88.000785,35.998237],[-88.000358,35.999056],[-88.000184,35.999595],[-87.999361,36.002385],[-87.999232,36.007893],[-87.999198,36.008956],[-87.999915,36.01477],[-88.000648,36.017332],[-88.000672,36.017445],[-88.000707,36.017603],[-88.001498,36.021744],[-88.001431,36.025867],[-88.00088,36.027839],[-88.00087,36.027874],[-87.998554,36.031599],[-87.993445,36.038586],[-87.991563,36.041878],[-87.989144,36.04669],[-87.985961,36.050715],[-87.983198,36.053526],[-87.978108,36.059029],[-87.976243,36.060752],[-87.970032,36.066656],[-87.964717,36.070843],[-87.963119,36.07232],[-87.959738,36.075862],[-87.958611,36.077426],[-87.95611,36.08227],[-87.954869,36.084301],[-87.951217,36.089265],[-87.945765,36.095044],[-87.943095,36.097841],[-87.939942,36.102389],[-87.938597,36.106856],[-87.937974,36.108856],[-87.933359,36.112974],[-87.925304,36.119703],[-87.922479,36.122334],[-87.920823,36.125058],[-87.919043,36.130049],[-87.918419,36.134322],[-87.918459,36.138616],[-87.918072,36.143817],[-87.917599,36.146972],[-87.916317,36.152215],[-87.91596,36.154823],[-87.915654,36.16075],[-87.915932,36.162443],[-87.91676,36.165582],[-87.919994,36.171801],[-87.922757,36.174979],[-87.92425,36.176359],[-87.928434,36.179402],[-87.931493,36.181913],[-87.933436,36.18382],[-87.934822,36.185916],[-87.936527,36.189674],[-87.939546,36.197614],[-87.939927,36.199937],[-87.939782,36.202224],[-87.940533,36.205379],[-87.942473,36.209437],[-87.944214,36.211825],[-87.948936,36.21678],[-87.950759,36.219805],[-87.951645,36.222325],[-87.951788,36.225321],[-87.951855,36.229415],[-87.950981,36.233969],[-87.951036,36.237095],[-87.950789,36.238721],[-87.949603,36.24316],[-87.949339,36.244092],[-87.948833,36.244999],[-87.948414,36.246051],[-87.948043,36.2472],[-87.947782,36.248334],[-87.947604,36.250056],[-87.947596,36.251038],[-87.947279,36.25208],[-87.946328,36.254043],[-87.946463,36.254739],[-87.946619,36.255536],[-87.946551,36.256375],[-87.945807,36.257595],[-87.945302,36.258952],[-87.944897,36.260608],[-87.944542,36.262279],[-87.944295,36.264177],[-87.944585,36.264741],[-87.945145,36.265508],[-87.945295,36.266646],[-87.945188,36.267783],[-87.945212,36.270084],[-87.945577,36.274087],[-87.946071,36.277348],[-87.946745,36.281383],[-87.946906,36.28208],[-87.947649,36.285305],[-87.94866,36.288718],[-87.949792,36.292188],[-87.951013,36.295528],[-87.952145,36.29924],[-87.953107,36.302677],[-87.954642,36.308592],[-87.955844,36.312223],[-87.957184,36.31503],[-87.959093,36.318668],[-87.960561,36.321223],[-87.96175,36.322676],[-87.962907,36.323408],[-87.964801,36.324148],[-87.966616,36.325267],[-87.967943,36.326379],[-87.968652,36.327233],[-87.969153,36.328581],[-87.969406,36.33042],[-87.969558,36.331937],[-87.969322,36.333262],[-87.969325,36.3344],[-87.969737,36.336353],[-87.970678,36.338619],[-87.971798,36.340531],[-87.972967,36.342184],[-87.976055,36.346014],[-87.977184,36.347836],[-87.978795,36.350586],[-87.980275,36.352587],[-87.98074,36.353307],[-87.981602,36.354601],[-87.98223,36.35533],[-87.982743,36.356083],[-87.98367,36.356862],[-87.98485,36.357689],[-87.988562,36.359746],[-87.99092,36.360133],[-87.994295,36.361945],[-87.995596,36.362892],[-87.997096,36.364205],[-87.998746,36.365711],[-88.000591,36.36795],[-88.001681,36.369486],[-88.002435,36.370746],[-88.00283,36.371536],[-88.003295,36.372358],[-88.004105,36.373988],[-88.004741,36.375054],[-88.006348,36.378471],[-88.007086,36.380246],[-88.009959,36.384894],[-88.011046,36.386766],[-88.012712,36.389541],[-88.014288,36.392026],[-88.015096,36.393406],[-88.016134,36.394874],[-88.017231,36.395915],[-88.018239,36.396576],[-88.019166,36.397044],[-88.0214,36.397648],[-88.024342,36.399252],[-88.025419,36.400244],[-88.027405,36.402349],[-88.028412,36.403551],[-88.02963,36.405156],[-88.032364,36.408358],[-88.033242,36.40952],[-88.033861,36.41073],[-88.03448,36.411795],[-88.0349,36.412973],[-88.03554,36.415733],[-88.035781,36.417436],[-88.035982,36.420317],[-88.036232,36.420696],[-88.037619,36.422253],[-88.039596,36.424221],[-88.040219,36.424898],[-88.040983,36.425729],[-88.043708,36.427898],[-88.047261,36.430873],[-88.051393,36.433856],[-88.055385,36.436362],[-88.057102,36.437829],[-88.05848,36.439224],[-88.059529,36.440539],[-88.060448,36.441983],[-88.061456,36.444093],[-88.06195,36.446977],[-88.061743,36.449559],[-88.061067,36.451513],[-88.059055,36.455325],[-88.056306,36.459436],[-88.054035,36.463345],[-88.05281,36.466437],[-88.052006,36.471265],[-88.052499,36.475203],[-88.055609,36.482359],[-88.05632,36.484425],[-88.056883,36.488185],[-88.056676,36.491107],[-88.055093,36.494733],[-88.053293,36.497058],[-88.057428,36.497258],[-88.058687,36.497319],[-88.065207,36.497633],[-88.087168,36.497915],[-88.088221,36.497929],[-88.089152,36.497943],[-88.090758,36.497959],[-88.095357,36.49802],[-88.095756,36.498027],[-88.098202,36.498069],[-88.098573,36.498075],[-88.104613,36.498178],[-88.108569,36.498246],[-88.116376,36.498394],[-88.125073,36.498567],[-88.137736,36.498672],[-88.152581,36.498911],[-88.175828,36.499318],[-88.178106,36.499359],[-88.183246,36.49944],[-88.189527,36.499522],[-88.191802,36.49954],[-88.194,36.499566],[-88.216272,36.499821],[-88.243722,36.499894],[-88.259186,36.500063],[-88.284059,36.500353],[-88.300823,36.5004],[-88.309323,36.500418],[-88.32455,36.500443],[-88.326058,36.500447],[-88.327284,36.50045],[-88.342981,36.500476],[-88.362571,36.500515],[-88.381695,36.50056],[-88.38792,36.500594],[-88.393482,36.500632],[-88.402189,36.500685],[-88.428446,36.501005],[-88.440481,36.50123],[-88.444314,36.501197],[-88.447829,36.501168],[-88.457065,36.501137],[-88.469023,36.501144],[-88.489075,36.501157],[-88.498048,36.501211],[-88.511165,36.501505],[-88.516403,36.501583],[-88.5233,36.501759],[-88.524876,36.501812],[-88.541874,36.502176],[-88.544887,36.502128],[-88.548854,36.50212],[-88.553654,36.502111],[-88.557874,36.502154],[-88.559067,36.502138],[-88.560499,36.502118],[-88.567653,36.502104],[-88.57689,36.502096],[-88.594728,36.50216],[-88.608512,36.50214],[-88.623317,36.502095],[-88.634301,36.502023],[-88.645599,36.502193],[-88.65862,36.502307],[-88.672559,36.502436],[-88.675499,36.502453],[-88.678182,36.502534],[-88.678624,36.502548],[-88.67936,36.50257],[-88.681665,36.502589],[-88.700531,36.502635],[-88.715267,36.502655],[-88.725018,36.502641],[-88.728361,36.502639],[-88.743438,36.502625],[-88.74703,36.502669],[-88.755605,36.502654],[-88.777192,36.502717],[-88.788102,36.502709],[-88.799697,36.502695],[-88.827303,36.502633],[-88.836525,36.502576],[-88.840796,36.50265],[-88.850521,36.502584],[-88.855255,36.502581],[-88.86027,36.502505],[-88.867786,36.502404],[-88.868447,36.502402],[-88.869256,36.502401],[-88.870056,36.502399],[-88.871544,36.502396],[-88.872613,36.502394],[-88.874932,36.502389],[-88.87579,36.502386],[-88.876828,36.502382],[-88.877746,36.502379],[-88.879558,36.502371],[-88.879677,36.502371],[-88.880731,36.502367],[-88.882192,36.502361],[-88.883451,36.502356],[-88.885017,36.50235],[-88.886257,36.502345],[-88.887153,36.502341],[-88.88899,36.502334],[-88.892448,36.502322],[-88.89912,36.502299],[-88.899342,36.502298],[-88.904427,36.502289],[-88.910413,36.502276],[-88.91193,36.502275],[-88.913091,36.502272],[-88.914326,36.502268],[-88.919841,36.502247],[-88.925102,36.502226],[-88.935044,36.502186],[-88.951728,36.502217],[-88.959746,36.502076],[-88.964166,36.502122],[-88.968538,36.502167],[-88.985767,36.502345],[-89.001282,36.502635],[-89.007058,36.502709],[-89.010553,36.502753],[-89.026922,36.502911],[-89.034725,36.502979],[-89.059157,36.503163],[-89.061147,36.50308],[-89.072408,36.503125],[-89.09115,36.503397],[-89.09535,36.503493],[-89.098548,36.503577],[-89.12,36.503754],[-89.13706,36.503936],[-89.145786,36.50421],[-89.160253,36.504544],[-89.165183,36.504639],[-89.170459,36.504806],[-89.181214,36.505149],[-89.186324,36.505227],[-89.197318,36.505393],[-89.201952,36.505462],[-89.211546,36.505607],[-89.215041,36.50566],[-89.23506,36.505961],[-89.256345,36.506316],[-89.280284,36.506807],[-89.295579,36.507121],[-89.301022,36.507233],[-89.331811,36.504498],[-89.333904,36.504312],[-89.346066,36.503232],[-89.356892,36.502269],[-89.357449,36.502221],[-89.381577,36.500036],[-89.391057,36.499216],[-89.404044,36.499115],[-89.408329,36.499081],[-89.41822,36.499029],[-89.420664,36.493959],[-89.423792,36.489506],[-89.42736,36.485167],[-89.432848,36.479187],[-89.437421,36.474759],[-89.443735,36.469161],[-89.448964,36.464882],[-89.453514,36.461789],[-89.460767,36.458686],[-89.464433,36.457747],[-89.471895,36.45756],[-89.476643,36.458393],[-89.481204,36.459869],[-89.486193,36.462114],[-89.489361,36.464561],[-89.491894,36.467901],[-89.493082,36.4705],[-89.493947,36.473559],[-89.494119,36.476268],[-89.493377,36.478959],[-89.491813,36.483106],[-89.486687,36.494992],[-89.485427,36.497491],[-89.489633,36.497524],[-89.492979,36.497553],[-89.529168,36.497852],[-89.539232,36.497934],[-89.538316,36.496933],[-89.536231,36.493547],[-89.534524,36.491432],[-89.532076,36.489073],[-89.525788,36.484166],[-89.522674,36.481305],[-89.520642,36.478668],[-89.519501,36.475419],[-89.519408,36.472919],[-89.51972,36.467002],[-89.521021,36.461934],[-89.523427,36.456572],[-89.52519,36.453991],[-89.527274,36.451545],[-89.530582,36.448829],[-89.537845,36.443933],[-89.540868,36.441559],[-89.543406,36.43877],[-89.545061,36.434915],[-89.545503,36.4307],[-89.545255,36.427079],[-89.544221,36.423684],[-89.542337,36.420103],[-89.538905,36.416422],[-89.530951,36.407311],[-89.525293,36.400446],[-89.51919,36.392237],[-89.513956,36.384891],[-89.51038,36.378356],[-89.509558,36.375065],[-89.509722,36.373626],[-89.511178,36.367844],[-89.513178,36.359897],[-89.519,36.3486],[-89.522695,36.344789],[-89.527029,36.341679],[-89.531822,36.339246],[-89.538079,36.337496],[-89.545006,36.336809],[-89.560439,36.337746],[-89.581636,36.342357],[-89.589821,36.342569],[-89.600544,36.342985],[-89.605668,36.342234],[-89.610689,36.340442],[-89.615841,36.336085],[-89.6198,36.329546],[-89.620255,36.323006],[-89.619242,36.320726],[-89.612958,36.310448],[-89.611819,36.309088],[-89.599837,36.302611],[-89.58982,36.296814],[-89.584337,36.29334],[-89.578492,36.288317],[-89.555036,36.278008],[-89.552767,36.277769],[-89.551213,36.278141],[-89.549219,36.27875],[-89.546577,36.280439],[-89.543831,36.280217],[-89.539487,36.277368],[-89.537675,36.275279],[-89.537183,36.274385],[-89.536441,36.272827],[-89.534848,36.263816],[-89.534507,36.261803],[-89.534564,36.259284],[-89.534679,36.252979],[-89.535153,36.252036],[-89.537454,36.250067],[-89.538446,36.249233],[-89.540701,36.248189],[-89.542599,36.247706],[-89.545758,36.247501],[-89.548159,36.247967],[-89.550765,36.248838],[-89.553035,36.250197],[-89.557991,36.251037],[-89.562206,36.250909],[-89.564124,36.250479],[-89.566849,36.248902],[-89.573928,36.243843],[-89.577544,36.242262],[-89.587326,36.239484],[-89.592483,36.238722],[-89.602374,36.238106],[-89.60651,36.238328],[-89.611145,36.239271],[-89.619427,36.242004],[-89.624416,36.243305],[-89.633114,36.246451],[-89.63679,36.248079],[-89.642182,36.249486],[-89.645904,36.250067],[-89.651407,36.250683],[-89.656185,36.250487],[-89.667201,36.24928],[-89.678043,36.248287],[-89.679527,36.248388],[-89.684159,36.249],[-89.686229,36.249507],[-89.689156,36.250824],[-89.691308,36.252079],[-89.693483,36.25272],[-89.695235,36.252766],[-89.698568,36.250591],[-89.699817,36.248384],[-89.701821,36.246004],[-89.703511,36.243412],[-89.705328,36.239898],[-89.705545,36.238136],[-89.70525,36.236568],[-89.704459,36.235468],[-89.701759,36.233528],[-89.699677,36.230821],[-89.696694,36.228216],[-89.69263,36.224959],[-89.679548,36.215911],[-89.664144,36.20652],[-89.654876,36.20153],[-89.64479,36.194101],[-89.636894,36.188951],[-89.629453,36.185382],[-89.623804,36.183128],[-89.618228,36.179966],[-89.612983,36.175975],[-89.607004,36.171179],[-89.602475,36.166468],[-89.598039,36.160878],[-89.594397,36.155457],[-89.593583,36.154005],[-89.592206,36.15012],[-89.59166,36.145839],[-89.591632,36.142135],[-89.592102,36.135637],[-89.592589,36.133527],[-89.59307,36.129699],[-89.593549,36.128138],[-89.594658,36.126276],[-89.598946,36.121778],[-89.601936,36.11947],[-89.604682,36.118106],[-89.612868,36.114761],[-89.612992,36.114717],[-89.615128,36.113816],[-89.620482,36.110916],[-89.625078,36.108131],[-89.628305,36.106853],[-89.635272,36.10556],[-89.64302,36.10362],[-89.650182,36.101498],[-89.657709,36.099128],[-89.666598,36.095802],[-89.672463,36.091837],[-89.676121,36.087862],[-89.678821,36.084636],[-89.680029,36.082494],[-89.681946,36.072336],[-89.68327,36.060714],[-89.684439,36.051719],[-89.686194,36.041037],[-89.687254,36.034048],[-89.688577,36.029238],[-89.690306,36.024835],[-89.692437,36.020507],[-89.695261,36.017234],[-89.700517,36.011747],[-89.703571,36.00804],[-89.705677,36.005018],[-89.706729,36.001883],[-89.706932,36.000981],[-89.717462,36.000838],[-89.732569,36.000635],[-89.733056,36.000809],[-89.731096,35.99662],[-89.727493,35.992798],[-89.724619,35.990451],[-89.722916,35.989061],[-89.723557,35.985903],[-89.724027,35.980803],[-89.723557,35.976593],[-89.722557,35.971003],[-89.721677,35.967673],[-89.719657,35.964413],[-89.718497,35.963123],[-89.714007,35.959813],[-89.710229,35.957729],[-89.700112,35.952707],[-89.693517,35.949613],[-89.690497,35.948393],[-89.684617,35.945653],[-89.679847,35.943883],[-89.675477,35.941593],[-89.669657,35.937693],[-89.664777,35.934743],[-89.657618,35.931534],[-89.654027,35.930183],[-89.650267,35.927663],[-89.646503,35.923743],[-89.644307,35.920943],[-89.642017,35.913663],[-89.641078,35.906233],[-89.640997,35.903553],[-89.641572,35.900263],[-89.642047,35.895573],[-89.643585,35.889742],[-89.645617,35.885833],[-89.648755,35.882736],[-89.654008,35.878865],[-89.657917,35.876743],[-89.660686,35.875469],[-89.663284,35.874703],[-89.665939,35.874451],[-89.669079,35.87451],[-89.673103,35.875365],[-89.676378,35.876698],[-89.68026,35.879594],[-89.685142,35.883595],[-89.691132,35.888773],[-89.693229,35.890722],[-89.696731,35.893272],[-89.700887,35.89577],[-89.705901,35.899183],[-89.708216,35.900933],[-89.71308,35.905094],[-89.716352,35.907059],[-89.719416,35.908311],[-89.727787,35.911243],[-89.730552,35.9117],[-89.735718,35.91195],[-89.740914,35.911684],[-89.744547,35.910699],[-89.748279,35.908252],[-89.753564,35.90279],[-89.76524,35.893106],[-89.767242,35.890852],[-89.768679,35.888824],[-89.771674,35.883678],[-89.77325,35.87742],[-89.774271,35.870816],[-89.773858,35.86766],[-89.772081,35.864342],[-89.769961,35.861773],[-89.767923,35.860017],[-89.765061,35.858473],[-89.762109,35.857165],[-89.754094,35.854293],[-89.743247,35.851127],[-89.731544,35.847977],[-89.722457,35.845786],[-89.714598,35.843357],[-89.703645,35.839461],[-89.69741,35.836683],[-89.695531,35.835673],[-89.694709,35.834769],[-89.693499,35.831727],[-89.693978,35.825213],[-89.694802,35.822957],[-89.696497,35.820583],[-89.698645,35.818711],[-89.703447,35.815439],[-89.708149,35.812464],[-89.714215,35.808871],[-89.720117,35.805933],[-89.72817,35.802697],[-89.731039,35.802498],[-89.733328,35.802971],[-89.735138,35.803838],[-89.736681,35.805198],[-89.736917,35.805463],[-89.738346,35.806058],[-89.741502,35.805835],[-89.745171,35.806404],[-89.748779,35.807621],[-89.758431,35.810438],[-89.761933,35.810876],[-89.765391,35.811207],[-89.765359,35.809606],[-89.781662,35.805228],[-89.796236,35.79284],[-89.799154,35.788882],[-89.799565,35.788331],[-89.796917,35.781373],[-89.797268,35.779121],[-89.799354,35.774237],[-89.799842,35.770458],[-89.799496,35.766166],[-89.798809,35.763037],[-89.79895,35.759356],[-89.799416,35.758108],[-89.800728,35.757152],[-89.813177,35.750463],[-89.819925,35.747317],[-89.825451,35.745188],[-89.831817,35.743503],[-89.838717,35.742129],[-89.84362,35.74292],[-89.847723,35.744644],[-89.850349,35.746489],[-89.8508,35.747925],[-89.851948,35.752515],[-89.852232,35.754437],[-89.852323,35.755134],[-89.86086,35.756819],[-89.863064,35.757134],[-89.866127,35.757016],[-89.871006,35.75622],[-89.889642,35.750904],[-89.892841,35.750589],[-89.895555,35.75127],[-89.900233,35.753451],[-89.90296,35.755524],[-89.905521,35.758585],[-89.907461,35.759288],[-89.911323,35.758596],[-89.913001,35.757664],[-89.914895,35.755413],[-89.916851,35.753881],[-89.918882,35.752727],[-89.922751,35.750922],[-89.92454,35.750406],[-89.931115,35.747396],[-89.93792,35.744172],[-89.938693,35.743475],[-89.939974,35.739429],[-89.944114,35.735795],[-89.946868,35.734113],[-89.954717,35.730361],[-89.957605,35.727645],[-89.958798,35.725586],[-89.958895,35.72353],[-89.958115,35.717053],[-89.957235,35.712958],[-89.956957,35.703827],[-89.956537,35.700218],[-89.956785,35.695309],[-89.955841,35.690399],[-89.952595,35.685453],[-89.950385,35.68275],[-89.946921,35.679176],[-89.942926,35.675388],[-89.940333,35.673408],[-89.939267,35.670943],[-89.936112,35.666712],[-89.934467,35.664943],[-89.930209,35.661352],[-89.925453,35.658206],[-89.921514,35.656209],[-89.919285,35.655297],[-89.908575,35.651736],[-89.902605,35.650896],[-89.898916,35.650904],[-89.894236,35.651605],[-89.889815,35.652687],[-89.887266,35.653591],[-89.885303,35.654744],[-89.88364,35.656295],[-89.881898,35.65881],[-89.879746,35.662845],[-89.878213,35.665252],[-89.876446,35.666726],[-89.872813,35.668384],[-89.86958,35.669415],[-89.86689,35.670204],[-89.864149,35.670518],[-89.861265,35.670242],[-89.858318,35.668724],[-89.855466,35.665292],[-89.852615,35.661156],[-89.851162,35.657139],[-89.850726,35.65074],[-89.851129,35.647448],[-89.851917,35.643907],[-89.85302,35.639984],[-89.854372,35.637288],[-89.856104,35.635012],[-89.857287,35.634019],[-89.859578,35.632686],[-89.863875,35.630788],[-89.869503,35.628815],[-89.873406,35.627618],[-89.874067,35.626618],[-89.881497,35.622103],[-89.890259,35.616416],[-89.894115,35.615251],[-89.896705,35.614997],[-89.899483,35.615151],[-89.904996,35.616017],[-89.910499,35.61758],[-89.910686,35.61732],[-89.911275,35.617594],[-89.914183,35.615935],[-89.916714,35.614065],[-89.920689,35.611727],[-89.924362,35.610497],[-89.931654,35.608358],[-89.933962,35.60728],[-89.937018,35.605479],[-89.941507,35.603602],[-89.946419,35.601127],[-89.947847,35.600218],[-89.952129,35.596473],[-89.95498,35.592944],[-89.956592,35.590622],[-89.957568,35.588531],[-89.95795,35.585233],[-89.956755,35.581709],[-89.954469,35.576192],[-89.951272,35.570885],[-89.949003,35.567783],[-89.947022,35.563727],[-89.944325,35.559688],[-89.942247,35.557143],[-89.938595,35.555065],[-89.934811,35.554056],[-89.928084,35.55123],[-89.923239,35.550349],[-89.919047,35.54985],[-89.916434,35.54995],[-89.914191,35.549606],[-89.911888,35.548529],[-89.910681,35.547451],[-89.909734,35.544088],[-89.910097,35.543062],[-89.910335,35.542198],[-89.913403,35.5361],[-89.912507,35.535798],[-89.910823,35.536493],[-89.909698,35.537955],[-89.906575,35.53741],[-89.90479,35.536274],[-89.904013,35.535319],[-89.90231,35.530225],[-89.902132,35.528122],[-89.902375,35.525036],[-89.903263,35.52201],[-89.904638,35.519348],[-89.908934,35.51424],[-89.911923,35.512841],[-89.915497,35.511842],[-89.921065,35.511214],[-89.924373,35.511303],[-89.926539,35.511607],[-89.928889,35.512365],[-89.935881,35.515743],[-89.939865,35.517167],[-89.945945,35.519011],[-89.958749,35.523837],[-89.958306,35.526553],[-89.957471,35.528972],[-89.957219,35.53133],[-89.955817,35.533194],[-89.956123,35.535521],[-89.956981,35.536371],[-89.956643,35.537981],[-89.957187,35.540021],[-89.959722,35.542664],[-89.96179,35.543686],[-89.963843,35.545563],[-89.973904,35.552019],[-89.975711,35.553488],[-89.983596,35.557616],[-89.989667,35.560221],[-89.995201,35.56113],[-89.999207,35.561198],[-90.004458,35.560377],[-90.007866,35.560144],[-90.010213,35.559564],[-90.018141,35.555971],[-90.019185,35.556087],[-90.023589,35.55637],[-90.02564,35.556089],[-90.031276,35.554299],[-90.034135,35.552873],[-90.036093,35.551532],[-90.03793,35.549933],[-90.039876,35.547418],[-90.039802,35.546628],[-90.040806,35.540933],[-90.041614,35.538122],[-90.042712,35.535333],[-90.043951,35.533596],[-90.044487,35.53191],[-90.046054,35.529743],[-90.047308,35.52614],[-90.047906,35.525068],[-90.049574,35.520087],[-90.050212,35.516391],[-90.049524,35.510356],[-90.048163,35.503628],[-90.046681,35.500824],[-90.046097,35.498862],[-90.044138,35.494622],[-90.040059,35.488397],[-90.036031,35.483557],[-90.032483,35.480533],[-90.028515,35.477745],[-90.026277,35.476439],[-90.021798,35.47445],[-90.01981,35.473282],[-90.014892,35.467117],[-90.013888,35.465664],[-90.012531,35.463668],[-90.008923,35.457497],[-90.007209,35.454247],[-90.005888,35.450518],[-90.003933,35.442761],[-90.003117,35.437479],[-90.002916,35.436336],[-90.002668,35.429985],[-90.004708,35.428873],[-90.012622,35.424077],[-90.01527,35.422689],[-90.021191,35.420226],[-90.030419,35.417078],[-90.042369,35.413376],[-90.048086,35.411737],[-90.050564,35.409635],[-90.056782,35.403863],[-90.046699,35.398212],[-90.044044,35.396722],[-90.041563,35.39662],[-90.044582,35.393073],[-90.045736,35.392615],[-90.054322,35.389277],[-90.056379,35.391829],[-90.066954,35.404973],[-90.069528,35.408132],[-90.062018,35.41518],[-90.070616,35.423497],[-90.074098,35.43414],[-90.074128,35.439566],[-90.071292,35.450548],[-90.067239,35.460945],[-90.067203,35.464781],[-90.067816,35.466086],[-90.068122,35.466753],[-90.068269,35.467074],[-90.079007,35.476874],[-90.080389,35.477138],[-90.088033,35.478583],[-90.10052,35.478089],[-90.107837,35.476836],[-90.108746,35.476011],[-90.112308,35.473982],[-90.115871,35.471153],[-90.119031,35.468039],[-90.120987,35.465028],[-90.122855,35.460901],[-90.129435,35.442119],[-90.129688,35.44199],[-90.135961,35.438862],[-90.140114,35.436771],[-90.155983,35.428554],[-90.16888,35.421878],[-90.17061,35.418282],[-90.170692,35.414263],[-90.170777,35.40999],[-90.179342,35.385313],[-90.178458,35.382144],[-90.172138,35.377493],[-90.165282,35.373982],[-90.160853,35.3746],[-90.155291,35.374633],[-90.146542,35.373991],[-90.137959,35.376102],[-90.135676,35.376696],[-90.136489,35.377781],[-90.141445,35.384072],[-90.143328,35.387229],[-90.145354,35.392599],[-90.14605,35.396564],[-90.146044,35.400329],[-90.144698,35.404687],[-90.14324,35.406998],[-90.14075,35.409444],[-90.137942,35.411458],[-90.134814,35.413055],[-90.132235,35.413663],[-90.128583,35.413792],[-90.116746,35.41176],[-90.114565,35.411259],[-90.111153,35.409256],[-90.109853,35.407733],[-90.108256,35.405124],[-90.104107,35.401131],[-90.097112,35.395539],[-90.092787,35.393035],[-90.087141,35.390446],[-90.083527,35.388178],[-90.080873,35.386005],[-90.079915,35.38427],[-90.078806,35.381363],[-90.078202,35.3779],[-90.078263,35.37493],[-90.082374,35.368321],[-90.08386,35.365599],[-90.087188,35.361354],[-90.093384,35.354088],[-90.094421,35.352607],[-90.096182,35.348852],[-90.098997,35.340213],[-90.100374,35.335],[-90.097084,35.336417],[-90.09187,35.33763],[-90.09174,35.337873],[-90.089278,35.337457],[-90.084571,35.337096],[-90.058205,35.33427],[-90.057732,35.333792],[-90.058334,35.330788],[-90.057217,35.330148],[-90.058058,35.329498],[-90.057571,35.321841],[-90.056744,35.320683],[-90.052588,35.320262],[-90.048314,35.319795],[-90.048506,35.318403],[-90.049698,35.316954],[-90.049303,35.314603],[-90.048207,35.311886],[-90.045912,35.311418],[-90.044112,35.310244],[-90.043734,35.308673],[-90.042706,35.309034],[-90.040348,35.308672],[-90.038889,35.306802],[-90.03616,35.306378],[-90.035999,35.305038],[-90.030214,35.302185],[-90.029594,35.301457],[-90.027062,35.300515],[-90.02468,35.300483],[-90.023596,35.299962],[-90.022279,35.30026],[-90.019953,35.30006],[-90.019734,35.300032],[-90.018584,35.30775],[-90.012496,35.303637],[-90.011015,35.302894],[-90.007242,35.301974],[-90.007791,35.298356],[-90.007623,35.297761],[-89.999255,35.298523],[-89.993844,35.298696],[-89.992834,35.299386],[-89.992562,35.302707],[-89.991195,35.299479],[-89.993023,35.298505],[-89.999521,35.293281],[-90.001119,35.291677],[-90.007886,35.28619],[-90.009232,35.285105],[-90.009791,35.283173],[-90.006658,35.280575],[-90.005915,35.277168],[-90.003539,35.269172],[-90.00466,35.268199],[-90.00481,35.267163],[-90.003093,35.266151],[-90.005161,35.264502],[-90.004959,35.263144],[-90.004006,35.263768],[-90.001869,35.261256],[-90.001108,35.260917],[-89.998303,35.260784],[-89.997135,35.25989],[-89.994009,35.259699],[-89.993851,35.259623],[-89.993125,35.259297],[-89.994754,35.256756],[-89.99455,35.25583],[-89.992566,35.2553],[-89.991531,35.254101],[-89.990552,35.25421],[-89.99066,35.255673],[-89.98802,35.256073],[-89.989092,35.25738],[-89.988175,35.258935],[-89.986523,35.259664],[-89.985889,35.258902],[-89.985228,35.259587],[-89.985661,35.260807],[-89.983713,35.261684],[-89.97802,35.261829],[-89.976783,35.257905],[-89.975388,35.255278],[-89.97687,35.254297],[-89.976489,35.25308],[-89.974351,35.25204],[-89.973124,35.252891],[-89.969174,35.252854],[-89.969002,35.254245],[-89.968761,35.254472],[-89.965487,35.257873],[-89.96214,35.258638],[-89.958126,35.259081],[-89.94762,35.260505],[-89.931121,35.262874],[-89.929427,35.26294],[-89.929358,35.268354],[-89.928948,35.27175],[-89.928533,35.275509],[-89.92708,35.279945],[-89.924394,35.282944],[-89.922499,35.285038],[-89.920844,35.28819],[-89.920094,35.290664],[-89.919535,35.292705],[-89.925534,35.293384],[-89.925268,35.297041],[-89.925083,35.298566],[-89.925006,35.299388],[-89.924617,35.301981],[-89.923783,35.302645],[-89.923056,35.303181],[-89.919083,35.30292],[-89.918599,35.302874],[-89.91701,35.302727],[-89.915301,35.302567],[-89.913707,35.302418],[-89.912427,35.302135],[-89.909066,35.309921],[-89.903312,35.309232],[-89.902948,35.311815],[-89.899694,35.311567],[-89.898685,35.311499],[-89.898212,35.309979],[-89.887984,35.309806],[-89.887397,35.309712],[-89.8875,35.30635],[-89.881904,35.306182],[-89.881734,35.306175],[-89.869193,35.305867],[-89.8667,35.3058],[-89.862003,35.304209],[-89.853471,35.302005],[-89.851115,35.301236],[-89.846519,35.300767],[-89.846339,35.300757],[-89.846655,35.291505],[-89.84911,35.289362],[-89.85075,35.284626],[-89.8482,35.28261],[-89.854425,35.276365],[-89.854534,35.276255],[-89.848645,35.276411],[-89.848925,35.274011],[-89.846453,35.27431],[-89.845926,35.273405],[-89.847113,35.272648],[-89.846175,35.271591],[-89.846241,35.271153],[-89.846398,35.270101],[-89.846441,35.269835],[-89.845136,35.268747],[-89.845491,35.268335],[-89.844178,35.267566],[-89.843177,35.265559],[-89.841255,35.259224],[-89.839948,35.256015],[-89.842337,35.256167],[-89.842713,35.25546],[-89.843149,35.254855],[-89.844683,35.251857],[-89.844981,35.251257],[-89.845862,35.249479],[-89.84623,35.247277],[-89.844641,35.245112],[-89.843012,35.244943],[-89.842957,35.243989],[-89.842459,35.241196],[-89.840078,35.241225],[-89.839274,35.241213],[-89.837757,35.241104],[-89.837884,35.237958],[-89.837919,35.237155],[-89.837952,35.236323],[-89.838022,35.234662],[-89.841829,35.234729],[-89.842336,35.234739],[-89.844201,35.234365],[-89.845094,35.233947],[-89.845691,35.234789],[-89.848123,35.233664],[-89.85074,35.233158],[-89.85342,35.233389],[-89.855291,35.233865],[-89.857487,35.234677],[-89.861931,35.235166],[-89.862473,35.235195],[-89.865034,35.235103],[-89.865072,35.232743],[-89.86512,35.231566],[-89.865128,35.231405],[-89.865132,35.23135],[-89.865512,35.223911],[-89.863736,35.221285],[-89.865666,35.220361],[-89.866631,35.219914],[-89.867972,35.218866],[-89.86798,35.218826],[-89.867999,35.218737],[-89.871045,35.218381],[-89.873559,35.218646],[-89.875145,35.219294],[-89.875203,35.219324],[-89.875253,35.219349],[-89.8755,35.219468],[-89.875669,35.219549],[-89.876333,35.219867],[-89.876849,35.220042],[-89.877012,35.220081],[-89.877309,35.220142],[-89.877403,35.220162],[-89.87775,35.220204],[-89.877888,35.220213],[-89.877985,35.22022],[-89.878054,35.22022],[-89.878186,35.220221],[-89.878184,35.220355],[-89.878154,35.222361],[-89.881391,35.222473],[-89.882629,35.223299],[-89.882671,35.223111],[-89.882854,35.221216],[-89.882938,35.220846],[-89.883217,35.219018],[-89.883232,35.218617],[-89.88324,35.218416],[-89.883122,35.216968],[-89.882673,35.216161],[-89.881275,35.214969],[-89.880422,35.21322],[-89.880434,35.211913],[-89.88043,35.211469],[-89.883118,35.211461],[-89.885201,35.211532],[-89.884874,35.210709],[-89.88746,35.210714],[-89.887468,35.210148],[-89.887613,35.206264],[-89.88523,35.2057],[-89.884261,35.205529],[-89.883463,35.205422],[-89.880679,35.205127],[-89.879102,35.205026],[-89.879111,35.204868],[-89.879172,35.201974],[-89.878915,35.195673],[-89.879735,35.195001],[-89.879621,35.192205],[-89.87984,35.188065],[-89.869433,35.187952],[-89.86927,35.187944],[-89.854499,35.187784],[-89.852303,35.187875],[-89.851288,35.188878],[-89.849883,35.190297],[-89.847523,35.192574],[-89.847458,35.192638],[-89.847337,35.192561],[-89.847105,35.192407],[-89.847033,35.192362],[-89.846918,35.192285],[-89.846092,35.191674],[-89.845189,35.192575],[-89.845174,35.193051],[-89.845151,35.193802],[-89.845149,35.193865],[-89.84488,35.194166],[-89.843736,35.195446],[-89.838955,35.199947],[-89.836688,35.202225],[-89.833522,35.205236],[-89.833478,35.205346],[-89.829138,35.204787],[-89.827453,35.204574],[-89.824469,35.204156],[-89.821835,35.203895],[-89.821007,35.20394],[-89.814801,35.204786],[-89.814597,35.204792],[-89.810579,35.204731],[-89.80853,35.204718],[-89.804174,35.204677],[-89.80236,35.204685],[-89.795845,35.204734],[-89.792012,35.204601],[-89.788736,35.204498],[-89.784748,35.204459],[-89.779721,35.204423],[-89.777709,35.204391],[-89.775555,35.204403],[-89.772488,35.204396],[-89.772084,35.204403],[-89.770914,35.204425],[-89.770301,35.204427],[-89.769538,35.204413],[-89.769513,35.204413],[-89.76907,35.204417],[-89.768069,35.204417],[-89.767996,35.204417],[-89.76682,35.204432],[-89.7661,35.20442],[-89.7655,35.204409],[-89.764118,35.204477],[-89.764083,35.204479],[-89.760606,35.204503],[-89.760457,35.204503],[-89.758553,35.2045],[-89.755506,35.204511],[-89.754478,35.204546],[-89.75182,35.204657],[-89.750469,35.204668],[-89.749831,35.204655],[-89.746265,35.204578],[-89.745203,35.204555],[-89.74501,35.204551],[-89.744019,35.204551],[-89.742917,35.204604],[-89.742022,35.204682],[-89.741923,35.204691],[-89.740966,35.204785],[-89.740842,35.204796],[-89.74062,35.204818],[-89.739583,35.204919],[-89.739402,35.204936],[-89.739238,35.204953],[-89.738053,35.205065],[-89.732775,35.205659],[-89.726545,35.205786],[-89.725534,35.205766],[-89.723992,35.205728],[-89.72028,35.205064],[-89.714442,35.205136],[-89.711158,35.205399],[-89.700832,35.206165],[-89.699189,35.206274],[-89.69629,35.206482],[-89.694157,35.206919],[-89.686386,35.209039],[-89.681188,35.210636],[-89.68156,35.200429],[-89.681599,35.198497],[-89.681672,35.195881],[-89.682139,35.190635],[-89.682247,35.189179],[-89.67951,35.188954],[-89.677454,35.188417],[-89.675697,35.188127],[-89.675777,35.181798],[-89.675021,35.181063],[-89.673886,35.181006],[-89.673981,35.178547],[-89.673944,35.175767],[-89.674394,35.175487],[-89.677758,35.175567],[-89.678258,35.175312],[-89.67872,35.167473],[-89.679886,35.166526],[-89.680033,35.15976],[-89.678324,35.159602],[-89.678421,35.152844],[-89.679471,35.151937],[-89.67958,35.148113],[-89.67961,35.142928],[-89.678459,35.140914],[-89.677673,35.137613],[-89.677346,35.135148],[-89.677366,35.134537],[-89.677493,35.129984],[-89.678287,35.128161],[-89.678338,35.125664],[-89.678438,35.120889],[-89.678485,35.119155],[-89.679895,35.118099],[-89.680115,35.114933],[-89.683006,35.113356],[-89.685049,35.115019],[-89.686585,35.115834],[-89.688071,35.116061],[-89.691798,35.116076],[-89.694468,35.11685],[-89.695121,35.117614],[-89.695263,35.119324],[-89.696094,35.119722],[-89.69987,35.11986],[-89.700514,35.11967],[-89.701447,35.11945],[-89.703177,35.12003],[-89.70778,35.120342],[-89.709106,35.120161],[-89.713199,35.11914],[-89.718267,35.117423],[-89.720537,35.117016],[-89.723104,35.117418],[-89.723121,35.114709],[-89.723633,35.114125],[-89.726033,35.113078],[-89.727698,35.11304],[-89.731676,35.110606],[-89.731458,35.107573],[-89.731539,35.105631],[-89.733729,35.109964],[-89.734293,35.110579],[-89.736386,35.110867],[-89.737176,35.110511],[-89.737371,35.108826],[-89.739503,35.109569],[-89.741754,35.107391],[-89.743541,35.10695],[-89.749861,35.105428],[-89.749889,35.105634],[-89.752147,35.105105],[-89.760779,35.103339],[-89.761086,35.103374],[-89.763483,35.103218],[-89.768362,35.103963],[-89.776459,35.105448],[-89.779606,35.106693],[-89.781939,35.107616],[-89.786097,35.109352],[-89.786834,35.108706],[-89.786957,35.108756],[-89.78703,35.108585],[-89.78533,35.107144],[-89.786129,35.105291],[-89.787614,35.104732],[-89.788287,35.103598],[-89.789574,35.103233],[-89.789719,35.102306],[-89.790753,35.101939],[-89.789329,35.09951],[-89.788863,35.09877],[-89.790486,35.095516],[-89.790507,35.09548],[-89.79054,35.095378],[-89.790801,35.09538],[-89.790619,35.093354],[-89.790497,35.092865],[-89.790497,35.09249],[-89.790482,35.092424],[-89.790462,35.090499],[-89.790485,35.087095],[-89.790608,35.084879],[-89.790935,35.083919],[-89.793454,35.085153],[-89.793473,35.081238],[-89.795738,35.075497],[-89.794362,35.074513],[-89.794255,35.074475],[-89.794251,35.074098],[-89.794251,35.074066],[-89.794251,35.074028],[-89.794253,35.073819],[-89.794255,35.07375],[-89.794167,35.073726],[-89.794014,35.073631],[-89.793949,35.073581],[-89.792701,35.072595],[-89.792682,35.07258],[-89.791632,35.071738],[-89.790916,35.071164],[-89.79059,35.070843],[-89.790352,35.070584],[-89.790114,35.070291],[-89.789999,35.070143],[-89.789597,35.069528],[-89.788851,35.068306],[-89.788617,35.067921],[-89.788053,35.066976],[-89.787853,35.06664],[-89.787061,35.06531],[-89.786734,35.064828],[-89.786356,35.064403],[-89.786015,35.064082],[-89.785852,35.063948],[-89.785672,35.063809],[-89.785448,35.063661],[-89.785283,35.063552],[-89.785097,35.06345],[-89.784437,35.063139],[-89.783994,35.06297],[-89.783981,35.062966],[-89.783856,35.062929],[-89.783395,35.062794],[-89.782888,35.062677],[-89.780955,35.062285],[-89.778547,35.061837],[-89.778231,35.061776],[-89.775044,35.061363],[-89.770565,35.061738],[-89.770593,35.061905],[-89.766582,35.062427],[-89.76441,35.062666],[-89.763057,35.062814],[-89.759529,35.062798],[-89.751498,35.062088],[-89.750791,35.062021],[-89.750779,35.062152],[-89.74842,35.061742],[-89.745729,35.060717],[-89.744673,35.060353],[-89.741331,35.057458],[-89.737599,35.054239],[-89.734689,35.052436],[-89.732597,35.051642],[-89.732462,35.051607],[-89.724282,35.049182],[-89.72422,35.049166],[-89.720842,35.048243],[-89.71218,35.047251],[-89.712035,35.047235],[-89.708802,35.046881],[-89.705432,35.046513],[-89.70217,35.046424],[-89.70053,35.046368],[-89.694456,35.046246],[-89.689128,35.046117],[-89.687536,35.046051],[-89.686439,35.046022],[-89.684611,35.045988],[-89.681831,35.04593],[-89.679854,35.045878],[-89.677025,35.04581],[-89.675788,35.045777],[-89.672737,35.045702],[-89.668627,35.045572],[-89.667756,35.045547],[-89.666636,35.045509],[-89.665132,35.045455],[-89.664066,35.045425],[-89.663002,35.045402],[-89.661911,35.045376],[-89.659906,35.045331],[-89.658443,35.04529],[-89.656052,35.045199],[-89.655672,35.045201],[-89.65258,35.045112],[-89.650247,35.04507],[-89.648913,35.045029],[-89.642786,35.04486],[-89.642863,35.042487],[-89.643084,35.0353],[-89.643227,35.030531],[-89.643245,35.029912],[-89.643292,35.028311],[-89.643334,35.026928],[-89.643437,35.023481],[-89.643524,35.020631],[-89.643739,35.013527],[-89.643772,35.012013],[-89.64374,35.011665],[-89.643916,35.006373],[-89.643936,35.001644],[-89.643965,35.000384],[-89.64405,34.995291],[-89.642708,34.995281],[-89.642375,34.995278],[-89.625081,34.995179],[-89.617973,34.995217],[-89.612014,34.995186],[-89.591016,34.995096],[-89.58259,34.995065],[-89.582227,34.995063],[-89.571777,34.995018],[-89.56506,34.994989],[-89.5528,34.9949],[-89.528748,34.99473],[-89.517756,34.994745],[-89.511136,34.994632],[-89.493835,34.994221],[-89.484462,34.993968],[-89.466306,34.993879],[-89.461374,34.993857],[-89.441017,34.993796],[-89.434954,34.993754],[-89.424124,34.993875],[-89.405704,34.993927],[-89.381131,34.993868],[-89.377085,34.993858],[-89.371441,34.993901],[-89.363466,34.993912],[-89.352679,34.993863],[-89.342735,34.993948],[-89.335423,34.994005],[-89.319834,34.994137],[-89.30002,34.994381],[-89.273523,34.994504],[-89.251811,34.994549],[-89.23319,34.994646],[-89.229758,34.994664],[-89.217432,34.99473],[-89.206242,34.994678],[-89.198288,34.994484],[-89.182711,34.994287],[-89.158591,34.993953],[-89.149144,34.994134],[-89.139136,34.994307],[-89.125065,34.994694],[-89.104247,34.994727],[-89.099772,34.99473],[-89.070106,34.994783],[-89.055593,34.99481],[-89.02654,34.994956],[-89.003618,34.994994],[-88.993645,34.994887],[-88.983942,34.994928],[-88.964424,34.994891],[-88.954794,34.994981],[-88.928722,34.994822],[-88.925176,34.994844],[-88.893774,34.995905],[-88.893327,34.995851],[-88.88698,34.995867],[-88.879773,34.995682],[-88.875058,34.995423],[-88.868263,34.995452],[-88.858245,34.995136],[-88.851037,34.995085],[-88.841516,34.995186],[-88.823051,34.995221],[-88.81272,34.99517],[-88.798426,34.995194],[-88.79368,34.995267],[-88.786612,34.995252],[-88.753522,34.995295],[-88.743149,34.995133],[-88.719688,34.995204],[-88.696311,34.995304],[-88.68928,34.995377],[-88.674544,34.995399],[-88.660368,34.995374],[-88.645068,34.995467],[-88.627979,34.995471],[-88.613038,34.995503],[-88.598073,34.995652],[-88.584988,34.995655],[-88.565852,34.995721],[-88.563858,34.99573],[-88.555458,34.995729],[-88.551291,34.995711],[-88.54013,34.995808],[-88.528497,34.995827],[-88.519027,34.995851],[-88.518722,34.995851],[-88.514214,34.995852],[-88.505408,34.995872],[-88.500959,34.995886],[-88.494344,34.995899],[-88.487581,34.996062],[-88.478834,34.996034],[-88.462819,34.996082],[-88.442319,34.995914],[-88.434535,34.995802],[-88.416791,34.995743],[-88.392609,34.995615],[-88.381387,34.995611],[-88.380508,34.99561],[-88.379947,35.004337],[-88.379084,35.023963],[-88.378776,35.031264],[-88.377903,35.050371],[-88.377758,35.053546],[-88.377642,35.056099],[-88.377715,35.056779],[-88.377468,35.05991],[-88.3771,35.068008],[-88.377035,35.069423],[-88.376515,35.080811],[-88.376451,35.082152],[-88.376404,35.083111],[-88.376208,35.087292],[-88.376077,35.090057],[-88.375949,35.092706],[-88.375619,35.099658],[-88.375338,35.105417],[-88.374723,35.11793],[-88.374369,35.12484],[-88.374265,35.127323],[-88.374092,35.131691],[-88.374005,35.133905],[-88.37374,35.140608],[-88.373635,35.143283],[-88.373345,35.150612],[-88.37302,35.158863],[-88.372545,35.170913],[-88.372059,35.183229],[-88.371918,35.186039],[-88.36823,35.181153],[-88.36376,35.17814],[-88.353368,35.171337],[-88.351008,35.170438],[-88.348236,35.170195],[-88.342206,35.17286],[-88.342077,35.172866],[-88.33644,35.175559],[-88.333989,35.177666],[-88.333138,35.179149],[-88.332168,35.179081],[-88.331391,35.179404],[-88.331117,35.180071],[-88.329852,35.179128],[-88.326938,35.180404],[-88.326062,35.180724],[-88.324674,35.179711],[-88.324547,35.178364],[-88.321603,35.175176],[-88.323288,35.173754],[-88.321893,35.172301],[-88.322515,35.171025],[-88.321909,35.169062],[-88.322113,35.167115],[-88.322037,35.16506],[-88.319724,35.163285],[-88.318751,35.160621],[-88.317973,35.160014],[-88.317908,35.159304],[-88.316298,35.158441],[-88.316256,35.15971],[-88.316029,35.165849],[-88.318,35.169757],[-88.318307,35.17357],[-88.317384,35.177474],[-88.316473,35.179483],[-88.314536,35.182368],[-88.312215,35.18505],[-88.310945,35.186088],[-88.31034,35.187597],[-88.309888,35.189795],[-88.309574,35.193129],[-88.310353,35.198359],[-88.3117,35.204356],[-88.311935,35.208151],[-88.3108,35.211647],[-88.30979,35.21366],[-88.30611,35.218534],[-88.304474,35.219926],[-88.301128,35.221371],[-88.297099,35.221368],[-88.294748,35.220997],[-88.274211,35.215447],[-88.27049,35.215487],[-88.266447,35.216338],[-88.263572,35.217355],[-88.258276,35.219948],[-88.25809,35.220733],[-88.257616,35.222115],[-88.257757,35.223851],[-88.257797,35.224489],[-88.257804,35.224595],[-88.257009,35.228191],[-88.256024,35.231127],[-88.255508,35.233485],[-88.25563,35.233492],[-88.255884,35.235444],[-88.257364,35.241272],[-88.258714,35.244638],[-88.261667,35.248701],[-88.263066,35.250081],[-88.266214,35.252852],[-88.276139,35.260925],[-88.284085,35.266024],[-88.288296,35.26922],[-88.289969,35.27127],[-88.290254,35.271714],[-88.29087,35.275856],[-88.290161,35.278207],[-88.289081,35.279599],[-88.286482,35.281644],[-88.283295,35.283381],[-88.280957,35.284402],[-88.275408,35.285479],[-88.270799,35.285446],[-88.265513,35.28484],[-88.259387,35.28267],[-88.254513,35.280254],[-88.250008,35.278266],[-88.24686,35.27756],[-88.245057,35.277609],[-88.243,35.278333],[-88.241927,35.27936],[-88.241001,35.282862],[-88.240274,35.284549],[-88.238837,35.286761],[-88.234965,35.290751],[-88.232706,35.292778],[-88.226489,35.297865],[-88.221349,35.301512],[-88.217634,35.303651],[-88.212367,35.30586],[-88.209423,35.30678],[-88.205583,35.307284],[-88.203437,35.306973],[-88.200986,35.305971],[-88.197265,35.303903],[-88.193166,35.30229],[-88.191171,35.301969],[-88.18611,35.301881],[-88.183432,35.303218],[-88.182503,35.304708],[-88.182049,35.306362],[-88.181262,35.311445],[-88.181266,35.313046],[-88.18352,35.322221],[-88.185051,35.325427],[-88.189741,35.333304],[-88.192199,35.33694],[-88.196902,35.342735],[-88.197899,35.34425],[-88.20283,35.352958],[-88.203878,35.356595],[-88.203748,35.359935],[-88.201906,35.364009],[-88.201136,35.366724],[-88.200545,35.370335],[-88.199691,35.373624],[-88.198545,35.376474],[-88.196462,35.379561],[-88.192681,35.382581],[-88.189661,35.384303],[-88.184374,35.38602],[-88.178692,35.387479],[-88.172078,35.390286],[-88.166525,35.392059],[-88.165185,35.392278],[-88.161255,35.392249],[-88.158268,35.391412],[-88.15606,35.390413],[-88.151408,35.389028],[-88.144773,35.386264],[-88.141354,35.385443],[-88.134327,35.384715],[-88.125033,35.383943],[-88.119666,35.384361],[-88.11675,35.385],[-88.114464,35.385809],[-88.109466,35.388484],[-88.106281,35.390557],[-88.096623,35.399121],[-88.091415,35.403205],[-88.088366,35.405415],[-88.081107,35.409696],[-88.072161,35.414456],[-88.066765,35.417417],[-88.065809,35.41764],[-88.063228,35.417385],[-88.061042,35.41659],[-88.055689,35.413024],[-88.051905,35.410866],[-88.048111,35.408591],[-88.045614,35.406595],[-88.03031,35.396709],[-88.024741,35.392307],[-88.020232,35.389164],[-88.017055,35.387633],[-88.012546,35.386944],[-88.001175,35.388501],[-88.000029,35.38853],[-87.996149,35.389421],[-87.994202,35.389595],[-87.986732,35.391374],[-87.984553,35.392115],[-87.980472,35.394984],[-87.97516,35.401526],[-87.97486,35.40197],[-87.97366,35.404958],[-87.973414,35.409611],[-87.974314,35.412567],[-87.975184,35.414174],[-87.978042,35.416319],[-87.978573,35.415237],[-87.979636,35.414871],[-87.982906,35.414793],[-87.98784,35.415969],[-87.990302,35.417514],[-87.996801,35.420173],[-88.005253,35.4229],[-88.007709,35.423381],[-88.013352,35.423356],[-88.021688,35.423483],[-88.02416,35.424045],[-88.027488,35.425504],[-88.030842,35.427963],[-88.032532,35.429837],[-88.035755,35.434043],[-88.039003,35.439588],[-88.042332,35.444617],[-88.043458,35.448189],[-88.043503,35.449809],[-88.042656,35.45349],[-88.040723,35.458328],[-88.039932,35.459294],[-88.033675,35.46193],[-88.031897,35.463223],[-88.030709,35.464985],[-88.028964,35.469171],[-88.026787,35.472051],[-88.023954,35.473333],[-88.015478,35.475077],[-88.008324,35.477242],[-88.005215,35.478015],[-88.000029,35.478904],[-87.998237,35.478758],[-87.992762,35.480499],[-87.9891,35.482679],[-87.987359,35.484177],[-87.982707,35.488503],[-87.981553,35.489887],[-87.97947,35.493778],[-87.978385,35.497971],[-87.978014,35.501191],[-87.976434,35.506732],[-87.974353,35.514049],[-87.97463,35.521025],[-87.977125,35.527718],[-87.981321,35.535289],[-87.986599,35.54172],[-87.991912,35.546981],[-87.996265,35.550905],[-87.998443,35.553089],[-88.000029,35.555498],[-88.002429,35.559553],[-88.005984,35.566191],[-88.009964,35.572192],[-88.012442,35.576943],[-88.016036,35.58403],[-88.020453,35.589491],[-88.022309,35.592855],[-88.025406,35.597829],[-88.029859,35.605736],[-88.03417,35.613787],[-88.035213,35.616679],[-88.035872,35.61979],[-88.035837,35.621839],[-88.035177,35.625069],[-88.033791,35.627728],[-88.033086,35.629263],[-88.031441,35.632218],[-88.025179,35.645887],[-88.023007,35.650806],[-88.020098,35.656643],[-88.018932,35.660224],[-88.017965,35.666995],[-88.017097,35.671644],[-88.016641,35.677589],[-88.017013,35.680592],[-88.017664,35.683178],[-88.019365,35.685124],[-88.024138,35.688646],[-88.028409,35.693815],[-88.030636,35.699424],[-88.03123,35.701012],[-88.031719,35.704577],[-88.033911,35.710369],[-88.034819,35.715117],[-88.034788,35.717261],[-88.033707,35.722058],[-88.0323,35.725319],[-88.028754,35.730025],[-88.025971,35.732758],[-88.021579,35.737641],[-88.01909,35.739903],[-88.014567,35.743488],[-88.010496,35.744974],[-88.003002,35.750065],[-88.000031,35.752665],[-87.997768,35.755361],[-87.993216,35.758838],[-87.989971,35.761732],[-87.98733,35.765075],[-87.986272,35.766585],[-87.981763,35.774973],[-87.979846,35.778914],[-87.976552,35.787189],[-87.973888,35.795673],[-87.971511,35.809386],[-87.970738,35.815705],[-87.969798,35.824651],[-87.968987,35.828827],[-87.966952,35.834755],[-87.964456,35.838846],[-87.96274,35.840921],[-87.956682,35.846893],[-87.952912,35.850351],[-87.948681,35.854535],[-87.944757,35.859072],[-87.940331,35.865986],[-87.939897,35.86706],[-87.939849,35.867178],[-87.938709,35.869971],[-87.936944,35.875063],[-87.935141,35.88432],[-87.933008,35.892648],[-87.93058,35.899599],[-87.928847,35.905116],[-87.927743,35.911119],[-87.927283,35.916221],[-87.926223,35.924096],[-87.925835,35.930432],[-87.925977,35.93285],[-87.926676,35.93557],[-87.927948,35.937398],[-87.929823,35.93905],[-87.931657,35.939864],[-87.93702,35.939943],[-87.946147,35.939649],[-87.95322,35.939145],[-87.966497,35.937475],[-87.974172,35.937213],[-87.987816,35.938913],[-87.993761,35.939428],[-88.000033,35.940824],[-88.000967,35.941456],[-88.009034,35.944588],[-88.012932,35.946648],[-88.0156,35.950667],[-88.021012,35.961184],[-88.02239,35.965818],[-88.022635,35.969497],[-88.021706,35.97586],[-88.020424,35.979967],[-88.019334,35.981686]]]]}},{"type":"Feature","properties":{"id":9,"NAME":"9","TotalPop":768445,"PopDevPct":0.00074738,"DemPct":0.71806475,"RepPct":0.26329232,"WhitePct":0.28999776,"MinorityPct":0.71000224,"BlackPct":0.59306683,"HispanicPct":0.07705439,"PacificPct":0.00105706,"AsianPct":0.03194279,"NativePct":0.01396759,"TotalVAP":584639,"Margin":0.21806475,"color":"#00008b","opacity":"0.5"},"geometry":{"type":"MultiPolygon","coordinates":[[[[-89.989906,34.995089],[-89.972197,34.99502],[-89.96325,34.994984],[-89.955897,34.994955],[-89.936754,34.994876],[-89.926063,34.994831],[-89.919032,34.9948],[-89.901464,34.994663],[-89.89208,34.994469],[-89.883748,34.994393],[-89.878752,34.994392],[-89.87841,34.994392],[-89.871774,34.994293],[-89.865146,34.994259],[-89.861799,34.994242],[-89.851384,34.994188],[-89.848385,34.994409],[-89.840168,34.994452],[-89.83778,34.994499],[-89.830807,34.994507],[-89.83069,34.994498],[-89.827387,34.994499],[-89.824328,34.994502],[-89.821373,34.994504],[-89.819203,34.994511],[-89.815602,34.994533],[-89.813133,34.994514],[-89.808618,34.994537],[-89.808207,34.99454],[-89.805021,34.994551],[-89.795357,34.994564],[-89.789013,34.994557],[-89.784612,34.994316],[-89.78306,34.994468],[-89.75986,34.994783],[-89.759612,34.994669],[-89.751279,34.994746],[-89.741948,34.994833],[-89.724324,34.99479],[-89.718399,34.995293],[-89.706606,34.995292],[-89.688884,34.995094],[-89.661592,34.995295],[-89.64405,34.995291],[-89.643965,35.000384],[-89.643936,35.001644],[-89.643916,35.006373],[-89.64374,35.011665],[-89.643772,35.012013],[-89.643739,35.013527],[-89.643524,35.020631],[-89.643437,35.023481],[-89.643334,35.026928],[-89.643292,35.028311],[-89.643245,35.029912],[-89.643227,35.030531],[-89.643084,35.0353],[-89.642863,35.042487],[-89.642786,35.04486],[-89.648913,35.045029],[-89.650247,35.04507],[-89.65258,35.045112],[-89.655672,35.045201],[-89.656052,35.045199],[-89.658443,35.04529],[-89.659906,35.045331],[-89.661911,35.045376],[-89.663002,35.045402],[-89.664066,35.045425],[-89.665132,35.045455],[-89.666636,35.045509],[-89.667756,35.045547],[-89.668627,35.045572],[-89.672737,35.045702],[-89.675788,35.045777],[-89.677025,35.04581],[-89.679854,35.045878],[-89.681831,35.04593],[-89.684611,35.045988],[-89.686439,35.046022],[-89.687536,35.046051],[-89.689128,35.046117],[-89.694456,35.046246],[-89.70053,35.046368],[-89.70217,35.046424],[-89.705432,35.046513],[-89.708802,35.046881],[-89.712035,35.047235],[-89.71218,35.047251],[-89.720842,35.048243],[-89.72422,35.049166],[-89.724282,35.049182],[-89.732462,35.051607],[-89.732597,35.051642],[-89.734689,35.052436],[-89.737599,35.054239],[-89.741331,35.057458],[-89.744673,35.060353],[-89.745729,35.060717],[-89.74842,35.061742],[-89.750779,35.062152],[-89.750791,35.062021],[-89.751498,35.062088],[-89.759529,35.062798],[-89.763057,35.062814],[-89.76441,35.062666],[-89.766582,35.062427],[-89.770593,35.061905],[-89.770565,35.061738],[-89.775044,35.061363],[-89.778231,35.061776],[-89.778547,35.061837],[-89.780955,35.062285],[-89.782888,35.062677],[-89.783395,35.062794],[-89.783856,35.062929],[-89.783981,35.062966],[-89.783994,35.06297],[-89.784437,35.063139],[-89.785097,35.06345],[-89.785283,35.063552],[-89.785448,35.063661],[-89.785672,35.063809],[-89.785852,35.063948],[-89.786015,35.064082],[-89.786356,35.064403],[-89.786734,35.064828],[-89.787061,35.06531],[-89.787853,35.06664],[-89.788053,35.066976],[-89.788617,35.067921],[-89.788851,35.068306],[-89.789597,35.069528],[-89.789999,35.070143],[-89.790114,35.070291],[-89.790352,35.070584],[-89.79059,35.070843],[-89.790916,35.071164],[-89.791632,35.071738],[-89.792682,35.07258],[-89.792701,35.072595],[-89.793949,35.073581],[-89.794014,35.073631],[-89.794167,35.073726],[-89.794255,35.07375],[-89.794253,35.073819],[-89.794251,35.074028],[-89.794251,35.074066],[-89.794251,35.074098],[-89.794255,35.074475],[-89.794362,35.074513],[-89.795738,35.075497],[-89.793473,35.081238],[-89.793454,35.085153],[-89.790935,35.083919],[-89.790608,35.084879],[-89.790485,35.087095],[-89.790462,35.090499],[-89.790482,35.092424],[-89.790497,35.09249],[-89.790497,35.092865],[-89.790619,35.093354],[-89.790801,35.09538],[-89.79054,35.095378],[-89.790507,35.09548],[-89.790486,35.095516],[-89.788863,35.09877],[-89.789329,35.09951],[-89.790753,35.101939],[-89.789719,35.102306],[-89.789574,35.103233],[-89.788287,35.103598],[-89.787614,35.104732],[-89.786129,35.105291],[-89.78533,35.107144],[-89.78703,35.108585],[-89.786957,35.108756],[-89.786834,35.108706],[-89.786097,35.109352],[-89.781939,35.107616],[-89.779606,35.106693],[-89.776459,35.105448],[-89.768362,35.103963],[-89.763483,35.103218],[-89.761086,35.103374],[-89.760779,35.103339],[-89.752147,35.105105],[-89.749889,35.105634],[-89.749861,35.105428],[-89.743541,35.10695],[-89.741754,35.107391],[-89.739503,35.109569],[-89.737371,35.108826],[-89.737176,35.110511],[-89.736386,35.110867],[-89.734293,35.110579],[-89.733729,35.109964],[-89.731539,35.105631],[-89.731458,35.107573],[-89.731676,35.110606],[-89.727698,35.11304],[-89.726033,35.113078],[-89.723633,35.114125],[-89.723121,35.114709],[-89.723104,35.117418],[-89.720537,35.117016],[-89.718267,35.117423],[-89.713199,35.11914],[-89.709106,35.120161],[-89.70778,35.120342],[-89.703177,35.12003],[-89.701447,35.11945],[-89.700514,35.11967],[-89.69987,35.11986],[-89.696094,35.119722],[-89.695263,35.119324],[-89.695121,35.117614],[-89.694468,35.11685],[-89.691798,35.116076],[-89.688071,35.116061],[-89.686585,35.115834],[-89.685049,35.115019],[-89.683006,35.113356],[-89.680115,35.114933],[-89.679895,35.118099],[-89.678485,35.119155],[-89.678438,35.120889],[-89.678338,35.125664],[-89.678287,35.128161],[-89.677493,35.129984],[-89.677366,35.134537],[-89.677346,35.135148],[-89.677673,35.137613],[-89.678459,35.140914],[-89.67961,35.142928],[-89.67958,35.148113],[-89.679471,35.151937],[-89.678421,35.152844],[-89.678324,35.159602],[-89.680033,35.15976],[-89.679886,35.166526],[-89.67872,35.167473],[-89.678258,35.175312],[-89.677758,35.175567],[-89.674394,35.175487],[-89.673944,35.175767],[-89.673981,35.178547],[-89.673886,35.181006],[-89.675021,35.181063],[-89.675777,35.181798],[-89.675697,35.188127],[-89.677454,35.188417],[-89.67951,35.188954],[-89.682247,35.189179],[-89.682139,35.190635],[-89.681672,35.195881],[-89.681599,35.198497],[-89.68156,35.200429],[-89.681188,35.210636],[-89.686386,35.209039],[-89.694157,35.206919],[-89.69629,35.206482],[-89.699189,35.206274],[-89.700832,35.206165],[-89.711158,35.205399],[-89.714442,35.205136],[-89.72028,35.205064],[-89.723992,35.205728],[-89.725534,35.205766],[-89.726545,35.205786],[-89.732775,35.205659],[-89.738053,35.205065],[-89.739238,35.204953],[-89.739402,35.204936],[-89.739583,35.204919],[-89.74062,35.204818],[-89.740842,35.204796],[-89.740966,35.204785],[-89.741923,35.204691],[-89.742022,35.204682],[-89.742917,35.204604],[-89.744019,35.204551],[-89.74501,35.204551],[-89.745203,35.204555],[-89.746265,35.204578],[-89.749831,35.204655],[-89.750469,35.204668],[-89.75182,35.204657],[-89.754478,35.204546],[-89.755506,35.204511],[-89.758553,35.2045],[-89.760457,35.204503],[-89.760606,35.204503],[-89.764083,35.204479],[-89.764118,35.204477],[-89.7655,35.204409],[-89.7661,35.20442],[-89.76682,35.204432],[-89.767996,35.204417],[-89.768069,35.204417],[-89.76907,35.204417],[-89.769513,35.204413],[-89.769538,35.204413],[-89.770301,35.204427],[-89.770914,35.204425],[-89.772084,35.204403],[-89.772488,35.204396],[-89.775555,35.204403],[-89.777709,35.204391],[-89.779721,35.204423],[-89.784748,35.204459],[-89.788736,35.204498],[-89.792012,35.204601],[-89.795845,35.204734],[-89.80236,35.204685],[-89.804174,35.204677],[-89.80853,35.204718],[-89.810579,35.204731],[-89.814597,35.204792],[-89.814801,35.204786],[-89.821007,35.20394],[-89.821835,35.203895],[-89.824469,35.204156],[-89.827453,35.204574],[-89.829138,35.204787],[-89.833478,35.205346],[-89.833522,35.205236],[-89.836688,35.202225],[-89.838955,35.199947],[-89.843736,35.195446],[-89.84488,35.194166],[-89.845149,35.193865],[-89.845151,35.193802],[-89.845174,35.193051],[-89.845189,35.192575],[-89.846092,35.191674],[-89.846918,35.192285],[-89.847033,35.192362],[-89.847105,35.192407],[-89.847337,35.192561],[-89.847458,35.192638],[-89.847523,35.192574],[-89.849883,35.190297],[-89.851288,35.188878],[-89.852303,35.187875],[-89.854499,35.187784],[-89.86927,35.187944],[-89.869433,35.187952],[-89.87984,35.188065],[-89.879621,35.192205],[-89.879735,35.195001],[-89.878915,35.195673],[-89.879172,35.201974],[-89.879111,35.204868],[-89.879102,35.205026],[-89.880679,35.205127],[-89.883463,35.205422],[-89.884261,35.205529],[-89.88523,35.2057],[-89.887613,35.206264],[-89.887468,35.210148],[-89.88746,35.210714],[-89.884874,35.210709],[-89.885201,35.211532],[-89.883118,35.211461],[-89.88043,35.211469],[-89.880434,35.211913],[-89.880422,35.21322],[-89.881275,35.214969],[-89.882673,35.216161],[-89.883122,35.216968],[-89.88324,35.218416],[-89.883232,35.218617],[-89.883217,35.219018],[-89.882938,35.220846],[-89.882854,35.221216],[-89.882671,35.223111],[-89.882629,35.223299],[-89.881391,35.222473],[-89.878154,35.222361],[-89.878184,35.220355],[-89.878186,35.220221],[-89.878054,35.22022],[-89.877985,35.22022],[-89.877888,35.220213],[-89.87775,35.220204],[-89.877403,35.220162],[-89.877309,35.220142],[-89.877012,35.220081],[-89.876849,35.220042],[-89.876333,35.219867],[-89.875669,35.219549],[-89.8755,35.219468],[-89.875253,35.219349],[-89.875203,35.219324],[-89.875145,35.219294],[-89.873559,35.218646],[-89.871045,35.218381],[-89.867999,35.218737],[-89.86798,35.218826],[-89.867972,35.218866],[-89.866631,35.219914],[-89.865666,35.220361],[-89.863736,35.221285],[-89.865512,35.223911],[-89.865132,35.23135],[-89.865128,35.231405],[-89.86512,35.231566],[-89.865072,35.232743],[-89.865034,35.235103],[-89.862473,35.235195],[-89.861931,35.235166],[-89.857487,35.234677],[-89.855291,35.233865],[-89.85342,35.233389],[-89.85074,35.233158],[-89.848123,35.233664],[-89.845691,35.234789],[-89.845094,35.233947],[-89.844201,35.234365],[-89.842336,35.234739],[-89.841829,35.234729],[-89.838022,35.234662],[-89.837952,35.236323],[-89.837919,35.237155],[-89.837884,35.237958],[-89.837757,35.241104],[-89.839274,35.241213],[-89.840078,35.241225],[-89.842459,35.241196],[-89.842957,35.243989],[-89.843012,35.244943],[-89.844641,35.245112],[-89.84623,35.247277],[-89.845862,35.249479],[-89.844981,35.251257],[-89.844683,35.251857],[-89.843149,35.254855],[-89.842713,35.25546],[-89.842337,35.256167],[-89.839948,35.256015],[-89.841255,35.259224],[-89.843177,35.265559],[-89.844178,35.267566],[-89.845491,35.268335],[-89.845136,35.268747],[-89.846441,35.269835],[-89.846398,35.270101],[-89.846241,35.271153],[-89.846175,35.271591],[-89.847113,35.272648],[-89.845926,35.273405],[-89.846453,35.27431],[-89.848925,35.274011],[-89.848645,35.276411],[-89.854534,35.276255],[-89.854425,35.276365],[-89.8482,35.28261],[-89.85075,35.284626],[-89.84911,35.289362],[-89.846655,35.291505],[-89.846339,35.300757],[-89.846519,35.300767],[-89.851115,35.301236],[-89.853471,35.302005],[-89.862003,35.304209],[-89.8667,35.3058],[-89.869193,35.305867],[-89.881734,35.306175],[-89.881904,35.306182],[-89.8875,35.30635],[-89.887397,35.309712],[-89.887984,35.309806],[-89.898212,35.309979],[-89.898685,35.311499],[-89.899694,35.311567],[-89.902948,35.311815],[-89.903312,35.309232],[-89.909066,35.309921],[-89.912427,35.302135],[-89.913707,35.302418],[-89.915301,35.302567],[-89.91701,35.302727],[-89.918599,35.302874],[-89.919083,35.30292],[-89.923056,35.303181],[-89.923783,35.302645],[-89.924617,35.301981],[-89.925006,35.299388],[-89.925083,35.298566],[-89.925268,35.297041],[-89.925534,35.293384],[-89.919535,35.292705],[-89.920094,35.290664],[-89.920844,35.28819],[-89.922499,35.285038],[-89.924394,35.282944],[-89.92708,35.279945],[-89.928533,35.275509],[-89.928948,35.27175],[-89.929358,35.268354],[-89.929427,35.26294],[-89.931121,35.262874],[-89.94762,35.260505],[-89.958126,35.259081],[-89.96214,35.258638],[-89.965487,35.257873],[-89.968761,35.254472],[-89.969002,35.254245],[-89.969174,35.252854],[-89.973124,35.252891],[-89.974351,35.25204],[-89.976489,35.25308],[-89.97687,35.254297],[-89.975388,35.255278],[-89.976783,35.257905],[-89.97802,35.261829],[-89.983713,35.261684],[-89.985661,35.260807],[-89.985228,35.259587],[-89.985889,35.258902],[-89.986523,35.259664],[-89.988175,35.258935],[-89.989092,35.25738],[-89.98802,35.256073],[-89.99066,35.255673],[-89.990552,35.25421],[-89.991531,35.254101],[-89.992566,35.2553],[-89.99455,35.25583],[-89.994754,35.256756],[-89.993125,35.259297],[-89.993851,35.259623],[-89.994009,35.259699],[-89.997135,35.25989],[-89.998303,35.260784],[-90.001108,35.260917],[-90.001869,35.261256],[-90.004006,35.263768],[-90.004959,35.263144],[-90.005161,35.264502],[-90.003093,35.266151],[-90.00481,35.267163],[-90.00466,35.268199],[-90.003539,35.269172],[-90.005915,35.277168],[-90.006658,35.280575],[-90.009791,35.283173],[-90.009232,35.285105],[-90.007886,35.28619],[-90.001119,35.291677],[-89.999521,35.293281],[-89.993023,35.298505],[-89.991195,35.299479],[-89.992562,35.302707],[-89.992834,35.299386],[-89.993844,35.298696],[-89.999255,35.298523],[-90.007623,35.297761],[-90.007791,35.298356],[-90.007242,35.301974],[-90.011015,35.302894],[-90.012496,35.303637],[-90.018584,35.30775],[-90.019734,35.300032],[-90.019953,35.30006],[-90.022279,35.30026],[-90.023596,35.299962],[-90.02468,35.300483],[-90.027062,35.300515],[-90.029594,35.301457],[-90.030214,35.302185],[-90.035999,35.305038],[-90.03616,35.306378],[-90.038889,35.306802],[-90.040348,35.308672],[-90.042706,35.309034],[-90.043734,35.308673],[-90.044112,35.310244],[-90.045912,35.311418],[-90.048207,35.311886],[-90.049303,35.314603],[-90.049698,35.316954],[-90.048506,35.318403],[-90.048314,35.319795],[-90.052588,35.320262],[-90.056744,35.320683],[-90.057571,35.321841],[-90.058058,35.329498],[-90.057217,35.330148],[-90.058334,35.330788],[-90.057732,35.333792],[-90.058205,35.33427],[-90.084571,35.337096],[-90.089278,35.337457],[-90.09174,35.337873],[-90.09187,35.33763],[-90.097084,35.336417],[-90.100374,35.335],[-90.102225,35.327934],[-90.103783,35.324259],[-90.104804,35.322448],[-90.106929,35.316822],[-90.108555,35.311968],[-90.109966,35.304988],[-90.112499,35.304754],[-90.114874,35.303897],[-90.116866,35.303366],[-90.122831,35.304538],[-90.126249,35.303419],[-90.128207,35.301976],[-90.13043,35.300972],[-90.136846,35.29927],[-90.140657,35.299144],[-90.144407,35.301278],[-90.147768,35.30265],[-90.149585,35.303127],[-90.151561,35.302987],[-90.155557,35.302105],[-90.158663,35.300806],[-90.162058,35.298255],[-90.164098,35.29551],[-90.16528,35.29307],[-90.166681,35.28793],[-90.168643,35.28244],[-90.168917,35.279711],[-90.16832,35.278166],[-90.16559,35.272712],[-90.160476,35.264996],[-90.158021,35.261947],[-90.155264,35.258981],[-90.151492,35.25576],[-90.148858,35.254273],[-90.142568,35.252693],[-90.139717,35.252301],[-90.135677,35.252583],[-90.128277,35.253835],[-90.123144,35.255006],[-90.116463,35.255868],[-90.110206,35.255477],[-90.107554,35.255133],[-90.103639,35.2538],[-90.101449,35.252595],[-90.097668,35.25012],[-90.094337,35.24879],[-90.091092,35.245004],[-90.086352,35.238183],[-90.085597,35.236265],[-90.085011,35.232527],[-90.084542,35.231035],[-90.081839,35.227763],[-90.080413,35.226464],[-90.07616,35.221477],[-90.074859,35.218105],[-90.075091,35.215736],[-90.075843,35.213094],[-90.077163,35.211033],[-90.078207,35.209669],[-90.079429,35.208788],[-90.079819,35.208576],[-90.080451,35.208504],[-90.080923,35.208585],[-90.083161,35.209816],[-90.085695,35.211299],[-90.087473,35.212076],[-90.088412,35.212328],[-90.088985,35.21198],[-90.08963,35.21019],[-90.091518,35.205922],[-90.094201,35.201766],[-90.095995,35.197037],[-90.096487,35.195109],[-90.097253,35.194829],[-90.103886,35.197691],[-90.108707,35.199263],[-90.115657,35.198812],[-90.116156,35.198463],[-90.117265,35.19166],[-90.117191,35.188297],[-90.116459,35.186266],[-90.11365,35.183293],[-90.109341,35.181877],[-90.108138,35.181571],[-90.107221,35.177123],[-90.105608,35.17452],[-90.102687,35.171964],[-90.0981,35.169005],[-90.09384,35.167332],[-90.088578,35.16412],[-90.082411,35.161218],[-90.079554,35.159708],[-90.073181,35.157464],[-90.071768,35.157108],[-90.070396,35.1567],[-90.069358,35.156329],[-90.068673,35.155999],[-90.068236,35.15567],[-90.067271,35.154512],[-90.066711,35.153709],[-90.06633,35.153135],[-90.066261,35.153017],[-90.065043,35.150575],[-90.064298,35.148091],[-90.063999,35.145231],[-90.064399,35.14182],[-90.06566,35.138375],[-90.066547,35.136844],[-90.072915,35.129333],[-90.074402,35.127865],[-90.075103,35.127184],[-90.075194,35.127096],[-90.078239,35.12446],[-90.082623,35.121326],[-90.086543,35.119286],[-90.089667,35.118053],[-90.093117,35.117599],[-90.097167,35.117627],[-90.103756,35.118729],[-90.106838,35.119445],[-90.110293,35.120657],[-90.1291,35.128466],[-90.136379,35.13139],[-90.140857,35.132904],[-90.142437,35.133134],[-90.147147,35.133054],[-90.15068,35.132477],[-90.154697,35.130924],[-90.160993,35.127053],[-90.167358,35.123585],[-90.172332,35.118914],[-90.174638,35.115684],[-90.176717,35.11102],[-90.179927,35.099814],[-90.181374,35.094013],[-90.181528,35.090029],[-90.180987,35.084993],[-90.179698,35.081427],[-90.178513,35.079811],[-90.175611,35.077484],[-90.17499,35.076359],[-90.175244,35.073553],[-90.176759,35.069736],[-90.177615,35.063842],[-90.178987,35.059523],[-90.180494,35.055646],[-90.182777,35.050903],[-90.186547,35.045423],[-90.191217,35.040213],[-90.196797,35.035063],[-90.206997,35.025849],[-90.209841,35.025396],[-90.213233,35.025502],[-90.216924,35.026415],[-90.225914,35.029476],[-90.232352,35.03124],[-90.237014,35.032172],[-90.242059,35.03268],[-90.245347,35.032528],[-90.250661,35.031642],[-90.252342,35.031754],[-90.253726,35.032413],[-90.25674,35.035076],[-90.261703,35.036226],[-90.263124,35.037199],[-90.263031,35.038466],[-90.26436,35.0403],[-90.265984,35.04062],[-90.273208,35.040922],[-90.275488,35.040713],[-90.281499,35.040937],[-90.286122,35.041589],[-90.290335,35.041623],[-90.293518,35.040963],[-90.29519,35.039973],[-90.296968,35.038175],[-90.297981,35.034982],[-90.298402,35.03251],[-90.30012,35.02906],[-90.300648,35.027348],[-90.303557,35.023696],[-90.305612,35.019578],[-90.306062,35.016472],[-90.305976,35.014848],[-90.305206,35.013639],[-90.308033,35.011324],[-90.308959,35.010104],[-90.310047,35.007455],[-90.310144,35.007094],[-90.310461,35.002819],[-90.309991,35.000417],[-90.308361,34.995694],[-90.302645,34.995687],[-90.290696,34.995494],[-90.250333,34.995526],[-90.246957,34.99553],[-90.237724,34.995542],[-90.216191,34.995349],[-90.196051,34.995169],[-90.167012,34.994909],[-90.148438,34.994785],[-90.13786,34.994715],[-90.137647,34.994714],[-90.136745,34.994708],[-90.127607,34.994684],[-90.096338,34.994762],[-90.087655,34.994826],[-90.075391,34.994916],[-90.060784,34.994854],[-90.043036,34.994964],[-90.031329,34.994861],[-90.025072,34.994858],[-90.010336,34.994948],[-90.009281,34.994954],[-90.008154,34.994961],[-90.00352,34.994993],[-90.002549,34.995],[-90.002264,34.995002],[-89.989906,34.995089]]]]}}],"labels":{"type":"FeatureCollection","features":[{"type":"Feature","properties":{"id":"1","NAME":"1","featureLabel":{"left":-83.1478548516998,"right":-83.1478548516998,"top":36.22235874757386,"bottom":36.22235874757386},"text-field":"1"},"geometry":{"type":"Point","coordinates":[-83.1478548516998,36.22235874757386]}},{"type":"Feature","properties":{"id":"2","NAME":"2","featureLabel":{"left":-84.0925984816284,"right":-84.0925984816284,"top":35.956185094665535,"bottom":35.956185094665535},"text-field":"2"},"geometry":{"type":"Point","coordinates":[-84.0925984816284,35.956185094665535]}},{"type":"Feature","properties":{"id":"3","NAME":"3","featureLabel":{"left":-84.79253615312194,"right":-84.79253615312194,"top":35.33888946488954,"bottom":35.33888946488954},"text-field":"3"},"geometry":{"type":"Point","coordinates":[-84.79253615312194,35.33888946488954]}},{"type":"Feature","properties":{"id":"4","NAME":"4","featureLabel":{"left":-86.40855351492309,"right":-86.40855351492309,"top":35.82883397921752,"bottom":35.82883397921752},"text-field":"4"},"geometry":{"type":"Point","coordinates":[-86.40855351492309,35.82883397921752]}},{"type":"Feature","properties":{"id":"5","NAME":"5","featureLabel":{"left":-86.7917545796814,"right":-86.7917545796814,"top":36.19542166714478,"bottom":36.19542166714478},"text-field":"5"},"geometry":{"type":"Point","coordinates":[-86.7917545796814,36.19542166714478]}},{"type":"Feature","properties":{"id":"6","NAME":"6","featureLabel":{"left":-85.53785893484114,"right":-85.53785893484114,"top":36.00483722626115,"bottom":36.00483722626115},"text-field":"6"},"geometry":{"type":"Point","coordinates":[-85.53785893484114,36.00483722626115]}},{"type":"Feature","properties":{"id":"7","NAME":"7","featureLabel":{"left":-87.50317638713457,"right":-87.50317638713457,"top":35.47582646374129,"bottom":35.47582646374129},"text-field":"7"},"geometry":{"type":"Point","coordinates":[-87.50317638713457,35.47582646374129]}},{"type":"Feature","properties":{"id":"8","NAME":"8","featureLabel":{"left":-88.87815905220415,"right":-88.87815905220415,"top":35.749090548198716,"bottom":35.749090548198716},"text-field":"8"},"geometry":{"type":"Point","coordinates":[-88.87815905220415,35.749090548198716]}},{"type":"Feature","properties":{"id":"9","NAME":"9","featureLabel":{"left":-89.95765106256106,"right":-89.95765106256106,"top":35.107190386169435,"bottom":35.107190386169435},"text-field":"9"},"geometry":{"type":"Point","coordinates":[-89.95765106256106,35.107190386169435]}}]}}