{"type":"FeatureCollection","features":[{"type":"Feature","properties":{"id":1,"NAME":"1","TotalPop":785502,"PopDevPct":0.00105765,"DemPct":0.44328362,"RepPct":0.53873681,"WhitePct":0.66955815,"MinorityPct":0.33044185,"BlackPct":0.17693895,"HispanicPct":0.0827877,"PacificPct":0.00247389,"AsianPct":0.05006498,"NativePct":0.02483398,"TotalVAP":599461,"Margin":-0.05671638,"color":"#ff6363","opacity":"0.5"},"geometry":{"type":"MultiPolygon","coordinates":[[[[-76.488136,37.238448],[-76.482936,37.237248],[-76.471944,37.234457],[-76.468919,37.233871],[-76.465357,37.233545],[-76.459383,37.233316],[-76.452566,37.233807],[-76.44687,37.234591],[-76.441521,37.235638],[-76.413541,37.241166],[-76.409092,37.241614],[-76.404066,37.241754],[-76.383021,37.247755],[-76.374667,37.250141],[-76.37177,37.251306],[-76.3045,37.278361],[-76.249661,37.278988],[-76.136301,37.282137],[-76.136307,37.28279],[-76.13716,37.375135],[-76.138222,37.426364],[-76.139062,37.466884],[-76.139103,37.468813],[-76.139753,37.500132],[-76.140835,37.54222],[-76.140845,37.542587],[-76.151711,37.585968],[-76.161533,37.625131],[-76.162572,37.625131],[-76.168125,37.644819],[-76.175687,37.671626],[-76.198126,37.75013],[-76.205229,37.775076],[-76.220909,37.830146],[-76.233717,37.875127],[-76.23643,37.886486],[-76.236458,37.886605],[-76.236141,37.888468],[-76.236776,37.888659],[-76.236728,37.889171],[-76.236663,37.889572],[-76.236658,37.889605],[-76.236633,37.889762],[-76.236617,37.889865],[-76.236594,37.890006],[-76.236572,37.890146],[-76.237249,37.889743],[-76.23731,37.889707],[-76.237414,37.889738],[-76.239397,37.890174],[-76.242266,37.891319],[-76.246889,37.894556],[-76.247906,37.894869],[-76.249658,37.896724],[-76.252456,37.900271],[-76.253991,37.901661],[-76.257527,37.905738],[-76.260311,37.907514],[-76.260491,37.907668],[-76.260671,37.907822],[-76.260746,37.907885],[-76.260821,37.907948],[-76.261812,37.908786],[-76.262115,37.90879],[-76.267872,37.91216],[-76.273338,37.914678],[-76.278558,37.91655],[-76.280714,37.917713],[-76.284408,37.919129],[-76.290012,37.921803],[-76.290881,37.922549],[-76.293632,37.923748],[-76.294916,37.924373],[-76.297538,37.925634],[-76.300083,37.9268],[-76.300245,37.926827],[-76.30083,37.926981],[-76.307693,37.930244],[-76.31377,37.933257],[-76.314497,37.933674],[-76.314963,37.933913],[-76.315259,37.93405],[-76.315513,37.934015],[-76.324393,37.938651],[-76.326483,37.939501],[-76.332504,37.942548],[-76.338617,37.945286],[-76.34438,37.947462],[-76.35005,37.949436],[-76.35043,37.949354],[-76.355957,37.95103],[-76.359325,37.952273],[-76.366017,37.953503],[-76.37572,37.955317],[-76.379819,37.956463],[-76.389012,37.95835],[-76.392443,37.959445],[-76.412934,37.966332],[-76.41937,37.971269],[-76.422693,37.974735],[-76.42546,37.976871],[-76.433968,37.981937],[-76.436988,37.986059],[-76.43947,37.988255],[-76.442171,37.989584],[-76.443662,37.991157],[-76.45228,38.000143],[-76.465008,38.01322],[-76.467059,38.013503],[-76.468415,38.014569],[-76.472,38.015214],[-76.473397,38.016232],[-76.474887,38.015392],[-76.47575,38.015692],[-76.479812,38.015232],[-76.481976,38.015367],[-76.484719,38.015988],[-76.487489,38.017011],[-76.49122,38.017562],[-76.496591,38.018937],[-76.501074,38.02072],[-76.505387,38.022092],[-76.508363,38.023312],[-76.512019,38.025106],[-76.515934,38.026725],[-76.516609,38.026783],[-76.516369,38.034724],[-76.516349,38.035644],[-76.51616,38.04492],[-76.517528,38.046512],[-76.525296,38.052663],[-76.525903,38.052917],[-76.526358,38.053108],[-76.532192,38.060642],[-76.534191,38.063539],[-76.535311,38.065963],[-76.535591,38.067535],[-76.535121,38.07146],[-76.535402,38.073626],[-76.537395,38.075534],[-76.541938,38.076765],[-76.545387,38.078807],[-76.550007,38.081267],[-76.554265,38.083888],[-76.556192,38.085609],[-76.563622,38.087845],[-76.569309,38.090505],[-76.573652,38.092711],[-76.577063,38.094242],[-76.578705,38.094626],[-76.581082,38.095718],[-76.581568,38.095909],[-76.58184,38.096201],[-76.581931,38.096874],[-76.586002,38.100637],[-76.589019,38.102519],[-76.595433,38.106139],[-76.595895,38.10644],[-76.59609,38.106616],[-76.596156,38.106676],[-76.596069,38.106859],[-76.596128,38.106892],[-76.596153,38.106927],[-76.596195,38.106988],[-76.596255,38.107074],[-76.596382,38.107255],[-76.600467,38.113088],[-76.600333,38.113295],[-76.599874,38.114441],[-76.60052,38.116009],[-76.600954,38.119635],[-76.602047,38.123795],[-76.601721,38.125129],[-76.603214,38.129767],[-76.604382,38.131646],[-76.60489,38.134227],[-76.610145,38.14765],[-76.610384,38.148516],[-76.604972,38.14799],[-76.604901,38.148603],[-76.606468,38.14928],[-76.612714,38.149362],[-76.61543,38.149605],[-76.619937,38.150565],[-76.62133,38.150638],[-76.626034,38.151877],[-76.628032,38.153276],[-76.631335,38.153518],[-76.635758,38.152559],[-76.656995,38.155514],[-76.68818,38.159889],[-76.690266,38.160549],[-76.691971,38.160332],[-76.695172,38.160523],[-76.697453,38.161014],[-76.701266,38.161384],[-76.72652,38.16309],[-76.749686,38.164698],[-76.751417,38.164689],[-76.754733,38.165422],[-76.756338,38.166123],[-76.763973,38.167791],[-76.765926,38.167896],[-76.772586,38.167657],[-76.774577,38.167144],[-76.778769,38.167919],[-76.784989,38.168656],[-76.786245,38.169077],[-76.79006,38.169145],[-76.796328,38.168242],[-76.800199,38.16888],[-76.803469,38.168028],[-76.804997,38.167922],[-76.81109,38.166416],[-76.812834,38.166587],[-76.818683,38.164804],[-76.822294,38.163946],[-76.82613,38.163458],[-76.830884,38.163274],[-76.839368,38.163609],[-76.843918,38.164999],[-76.845129,38.165789],[-76.847654,38.166632],[-76.850329,38.167018],[-76.853038,38.167085],[-76.855201,38.167672],[-76.857171,38.168729],[-76.858131,38.170658],[-76.858836,38.170999],[-76.861689,38.170986],[-76.863573,38.171489],[-76.867362,38.171358],[-76.872716,38.171686],[-76.87849,38.173764],[-76.88257,38.176323],[-76.887563,38.180763],[-76.891189,38.183732],[-76.894877,38.18587],[-76.897716,38.187264],[-76.902239,38.190398],[-76.903908,38.191988],[-76.904165,38.192401],[-76.904265,38.192421],[-76.904399,38.192447],[-76.904455,38.19247],[-76.905181,38.192774],[-76.907579,38.194909],[-76.911947,38.197706],[-76.913819,38.197978],[-76.915867,38.199603],[-76.920158,38.200231],[-76.921998,38.200838],[-76.927402,38.200947],[-76.930668,38.201223],[-76.933081,38.201683],[-76.937295,38.202536],[-76.939797,38.20422],[-76.943919,38.206322],[-76.94819,38.208278],[-76.94902,38.208418],[-76.953122,38.215074],[-76.962251,38.229888],[-76.958099,38.234058],[-76.956997,38.236328],[-76.957017,38.240201],[-76.957394,38.242298],[-76.958347,38.245101],[-76.960285,38.248534],[-76.960843,38.250129],[-76.96156,38.254725],[-76.962035,38.256893],[-76.963862,38.259027],[-76.965474,38.26039],[-76.967305,38.261397],[-76.969426,38.263655],[-76.970642,38.265494],[-76.972828,38.266772],[-76.974196,38.268351],[-76.977545,38.270816],[-76.978696,38.272434],[-76.979947,38.273083],[-76.981487,38.274606],[-76.984935,38.2743],[-76.988973,38.274413],[-76.990869,38.273639],[-76.990943,38.273687],[-76.99767,38.278046],[-77.000902,38.280004],[-77.001768,38.281919],[-77.00278,38.282445],[-77.004526,38.284911],[-77.008709,38.288961],[-77.010664,38.292767],[-77.012836,38.294369],[-77.01459,38.296076],[-77.016449,38.298837],[-77.018294,38.300303],[-77.021025,38.30118],[-77.023508,38.301455],[-77.025353,38.302809],[-77.027005,38.304605],[-77.028131,38.305317],[-77.028506,38.306691],[-77.028502,38.30809],[-77.028333,38.309293],[-77.028706,38.310389],[-77.028765,38.311382],[-77.029058,38.311562],[-77.029709,38.31127],[-77.030683,38.311622],[-77.02961,38.31302],[-77.024454,38.319743],[-77.014796,38.332367],[-77.014401,38.333172],[-77.015053,38.335245],[-77.014348,38.337723],[-77.016381,38.340001],[-77.016807,38.341688],[-77.016451,38.344607],[-77.015902,38.345563],[-77.015448,38.351878],[-77.014648,38.354043],[-77.014836,38.35713],[-77.014622,38.35925],[-77.014596,38.363051],[-77.014608,38.363222],[-77.014785,38.363848],[-77.01483,38.365022],[-77.014947,38.365801],[-77.015092,38.366267],[-77.015086,38.367079],[-77.01517,38.367666],[-77.015832,38.36928],[-77.015911,38.371024],[-77.015678,38.371298],[-77.015272,38.372038],[-77.01458,38.372739],[-77.013745,38.373344],[-77.013051,38.373731],[-77.011888,38.374337],[-77.011464,38.374425],[-77.011506,38.374561],[-77.011993,38.374763],[-77.01214,38.374851],[-77.012103,38.375124],[-77.012326,38.37548],[-77.013354,38.376403],[-77.013833,38.376952],[-77.014638,38.377834],[-77.015014,38.378464],[-77.015696,38.379103],[-77.017653,38.381052],[-77.018019,38.381601],[-77.018498,38.381941],[-77.019356,38.382331],[-77.021101,38.383216],[-77.021366,38.383507],[-77.021652,38.383717],[-77.021764,38.383911],[-77.021957,38.384154],[-77.022284,38.3843],[-77.0226,38.384503],[-77.024219,38.386442],[-77.02593,38.388229],[-77.026471,38.388626],[-77.027349,38.388951],[-77.028105,38.389301],[-77.028982,38.389892],[-77.031122,38.391801],[-77.031542,38.392045],[-77.032112,38.392714],[-77.033733,38.394187],[-77.034549,38.394882],[-77.036557,38.396735],[-77.037475,38.397519],[-77.039342,38.399049],[-77.040912,38.400303],[-77.041505,38.400692],[-77.042282,38.400937],[-77.043694,38.401022],[-77.044677,38.400728],[-77.045999,38.400185],[-77.047474,38.399706],[-77.048458,38.399428],[-77.04982,38.399151],[-77.050627,38.399299],[-77.05162,38.399214],[-77.05342,38.398813],[-77.056783,38.3962],[-77.058706,38.393986],[-77.061229,38.388861],[-77.068196,38.380918],[-77.07055,38.378151],[-77.074,38.375124],[-77.07465,38.374385],[-77.075465,38.373844],[-77.07689,38.372763],[-77.078174,38.372004],[-77.081374,38.370178],[-77.084056,38.369101],[-77.084238,38.368739],[-77.086678,38.367928],[-77.090089,38.367275],[-77.091561,38.367343],[-77.093534,38.367297],[-77.094436,38.367752],[-77.096821,38.368364],[-77.098122,38.368826],[-77.101721,38.369529],[-77.103861,38.369725],[-77.104874,38.369746],[-77.106316,38.369742],[-77.107286,38.369723],[-77.107992,38.369664],[-77.10887,38.369541],[-77.109667,38.369418],[-77.110617,38.369286],[-77.111832,38.36913],[-77.112455,38.369031],[-77.113211,38.368868],[-77.113741,38.36877],[-77.114905,38.368517],[-77.115037,38.368517],[-77.116182,38.36832],[-77.116683,38.368311],[-77.117253,38.367995],[-77.117753,38.367825],[-77.119203,38.367587],[-77.120817,38.367293],[-77.123861,38.36705],[-77.124403,38.367],[-77.124699,38.36676],[-77.13328,38.367838],[-77.137734,38.368023],[-77.139178,38.367575],[-77.145769,38.361463],[-77.149261,38.356856],[-77.151384,38.354478],[-77.155191,38.351046],[-77.158367,38.348502],[-77.161588,38.346507],[-77.163219,38.345823],[-77.170447,38.344795],[-77.179339,38.341914],[-77.182727,38.342005],[-77.190495,38.341037],[-77.194495,38.341141],[-77.199433,38.340889],[-77.202465,38.341243],[-77.204694,38.341096],[-77.20702,38.340128],[-77.209291,38.340158],[-77.214674,38.338789],[-77.218571,38.33724],[-77.221718,38.336766],[-77.235208,38.332536],[-77.240071,38.331597],[-77.247149,38.331523],[-77.249701,38.331624],[-77.258007,38.332379],[-77.265295,38.333164],[-77.267545,38.334104],[-77.271407,38.335915],[-77.276581,38.337881],[-77.283033,38.342797],[-77.283796,38.342855],[-77.287097,38.3488],[-77.288407,38.351401],[-77.287264,38.353092],[-77.288565,38.357395],[-77.287978,38.358928],[-77.290867,38.362052],[-77.291143,38.362843],[-77.293253,38.364703],[-77.294164,38.365937],[-77.296475,38.370176],[-77.297482,38.371123],[-77.29979,38.372177],[-77.300507,38.373003],[-77.303833,38.374932],[-77.304938,38.375271],[-77.309227,38.390984],[-77.310836,38.396882],[-77.310386,38.397298],[-77.310445,38.400101],[-77.312077,38.401758],[-77.315035,38.411207],[-77.318786,38.417671],[-77.318913,38.419121],[-77.319936,38.421195],[-77.320211,38.423645],[-77.320961,38.426017],[-77.321376,38.427839],[-77.322106,38.428944],[-77.32291,38.432625],[-77.322778,38.434444],[-77.3204,38.435221],[-77.31976,38.448707],[-77.31959,38.454097],[-77.31899,38.46809],[-77.318636,38.472963],[-77.317949,38.473308],[-77.318542,38.474437],[-77.317103,38.475998],[-77.316816,38.477319],[-77.315283,38.47881],[-77.315621,38.480572],[-77.313985,38.484235],[-77.311447,38.488743],[-77.310136,38.492413],[-77.310506,38.49367],[-77.31047,38.493889],[-77.310558,38.493993],[-77.310344,38.49411],[-77.310284,38.494226],[-77.310246,38.49446],[-77.310091,38.494911],[-77.309864,38.495298],[-77.309638,38.495636],[-77.309422,38.495821],[-77.309237,38.49599],[-77.30897,38.496175],[-77.308251,38.496633],[-77.30747,38.497115],[-77.307443,38.497124],[-77.306834,38.497316],[-77.305981,38.497701],[-77.305242,38.497958],[-77.304635,38.498312],[-77.303855,38.498633],[-77.303444,38.498914],[-77.303084,38.499188],[-77.30256,38.499743],[-77.302209,38.500121],[-77.302285,38.500121],[-77.300886,38.501712],[-77.299403,38.50322],[-77.298172,38.505078],[-77.295776,38.507384],[-77.295406,38.509239],[-77.296851,38.511936],[-77.298065,38.512474],[-77.299997,38.510709],[-77.29999,38.509817],[-77.298492,38.50792],[-77.298312,38.505818],[-77.298675,38.505308],[-77.300559,38.504714],[-77.302226,38.504552],[-77.305139,38.506388],[-77.30865,38.506103],[-77.309438,38.50572],[-77.310965,38.504837],[-77.311113,38.504161],[-77.309737,38.502936],[-77.309516,38.502787],[-77.308003,38.501573],[-77.308264,38.500997],[-77.310048,38.500909],[-77.310838,38.501217],[-77.311538,38.501499],[-77.313278,38.5022],[-77.314537,38.502706],[-77.317341,38.503828],[-77.319764,38.505108],[-77.322652,38.505484],[-77.326436,38.506376],[-77.328187,38.507213],[-77.330734,38.50903],[-77.333461,38.510556],[-77.334234,38.512451],[-77.334446,38.514116],[-77.336816,38.514916],[-77.339686,38.51404],[-77.341599,38.514467],[-77.343289,38.515411],[-77.34796,38.516026],[-77.350747,38.516826],[-77.352301,38.517766],[-77.354675,38.518391],[-77.355674,38.517746],[-77.35709,38.517764],[-77.35844,38.518684],[-77.359068,38.519763],[-77.361215,38.520159],[-77.362075,38.520677],[-77.36441,38.520918],[-77.365651,38.519373],[-77.368163,38.519015],[-77.370366,38.519538],[-77.371042,38.520161],[-77.371078,38.520216],[-77.372027,38.521189],[-77.370611,38.522411],[-77.368017,38.524439],[-77.366986,38.525257],[-77.359831,38.531113],[-77.357527,38.545862],[-77.357286,38.550612],[-77.356537,38.551147],[-77.356471,38.552326],[-77.356819,38.552433],[-77.355867,38.552701],[-77.355243,38.553878],[-77.352464,38.554707],[-77.349847,38.555573],[-77.34954,38.555694],[-77.35004,38.557278],[-77.349718,38.558832],[-77.353177,38.559025],[-77.354964,38.559882],[-77.357733,38.55889],[-77.35877,38.55797],[-77.359915,38.558431],[-77.360133,38.560399],[-77.36087,38.561821],[-77.361976,38.562725],[-77.364671,38.56284],[-77.365743,38.563902],[-77.365015,38.56604],[-77.364338,38.566678],[-77.364481,38.567665],[-77.36701,38.56867],[-77.369519,38.570069],[-77.3694,38.571763],[-77.370135,38.572621],[-77.371798,38.572577],[-77.371991,38.571211],[-77.373542,38.571355],[-77.374866,38.572877],[-77.374336,38.573778],[-77.375177,38.575607],[-77.374982,38.576181],[-77.376004,38.577902],[-77.376441,38.579914],[-77.376165,38.58065],[-77.377284,38.581704],[-77.376498,38.582895],[-77.379061,38.585073],[-77.378892,38.585692],[-77.37998,38.586901],[-77.378998,38.589222],[-77.373923,38.596868],[-77.370916,38.60045],[-77.370606,38.601994],[-77.368485,38.602715],[-77.367359,38.604089],[-77.364746,38.604094],[-77.361125,38.603273],[-77.359503,38.601983],[-77.357727,38.60183],[-77.356545,38.600346],[-77.35531,38.599545],[-77.35481,38.600237],[-77.353138,38.6051],[-77.355889,38.605803],[-77.360654,38.607997],[-77.363047,38.60908],[-77.362937,38.609238],[-77.363443,38.609465],[-77.367896,38.611337],[-77.368795,38.613512],[-77.370553,38.614419],[-77.370628,38.614914],[-77.370686,38.615152],[-77.370801,38.615427],[-77.370888,38.615587],[-77.370963,38.615706],[-77.371096,38.615888],[-77.371346,38.616163],[-77.371699,38.616552],[-77.372013,38.616883],[-77.372273,38.617279],[-77.372401,38.617547],[-77.372489,38.617745],[-77.372538,38.618232],[-77.372548,38.618522],[-77.372538,38.61874],[-77.372465,38.619068],[-77.372346,38.619417],[-77.372255,38.619673],[-77.371773,38.621313],[-77.371615,38.624509],[-77.371653,38.624766],[-77.371763,38.625205],[-77.371983,38.625652],[-77.372145,38.625925],[-77.372241,38.62606],[-77.372437,38.626334],[-77.373051,38.627191],[-77.373375,38.627685],[-77.373644,38.628242],[-77.373833,38.628829],[-77.373959,38.629306],[-77.374501,38.63135],[-77.374788,38.632244],[-77.376387,38.634588],[-77.376946,38.635327],[-77.378776,38.637696],[-77.380246,38.639555],[-77.381187,38.640854],[-77.382153,38.642014],[-77.382175,38.642007],[-77.38227,38.641977],[-77.383198,38.641691],[-77.384366,38.643206],[-77.384748,38.645907],[-77.384629,38.645958],[-77.385912,38.648253],[-77.387732,38.650231],[-77.389072,38.651132],[-77.395053,38.654705],[-77.396065,38.656413],[-77.396752,38.657742],[-77.397663,38.659244],[-77.398045,38.659724],[-77.398987,38.661127],[-77.399177,38.661513],[-77.399265,38.661729],[-77.399336,38.661941],[-77.399398,38.662183],[-77.399451,38.662431],[-77.399527,38.662929],[-77.399598,38.663443],[-77.399632,38.663944],[-77.399665,38.664163],[-77.399771,38.66454],[-77.399853,38.664743],[-77.39994,38.664917],[-77.40008,38.665192],[-77.400262,38.665454],[-77.400449,38.665664],[-77.400559,38.665742],[-77.401127,38.666323],[-77.401238,38.666443],[-77.401368,38.666622],[-77.401462,38.666783],[-77.401802,38.667451],[-77.402553,38.669021],[-77.4008,38.669737],[-77.396108,38.672107],[-77.395924,38.672174],[-77.38993,38.673367],[-77.386517,38.673945],[-77.383318,38.674446],[-77.383125,38.67447],[-77.383046,38.674479],[-77.382356,38.674535],[-77.38154,38.67458],[-77.380741,38.674602],[-77.379744,38.674595],[-77.378976,38.674558],[-77.376352,38.674383],[-77.375904,38.674368],[-77.375544,38.674367],[-77.375075,38.674379],[-77.374697,38.674403],[-77.374164,38.674456],[-77.373859,38.674495],[-77.373333,38.674586],[-77.37297,38.674657],[-77.372612,38.674743],[-77.372285,38.674833],[-77.371303,38.675153],[-77.368605,38.676132],[-77.367046,38.676695],[-77.363761,38.678132],[-77.361476,38.679739],[-77.359853,38.681165],[-77.360047,38.681253],[-77.361579,38.68182],[-77.363369,38.682242],[-77.368101,38.682892],[-77.369201,38.683078],[-77.370139,38.683316],[-77.371278,38.683721],[-77.372006,38.684057],[-77.375182,38.685819],[-77.376716,38.6865],[-77.3782,38.686876],[-77.379379,38.687011],[-77.380313,38.687025],[-77.38203,38.686953],[-77.383323,38.687037],[-77.384409,38.687252],[-77.385866,38.687791],[-77.387282,38.688683],[-77.38828,38.689705],[-77.388703,38.690341],[-77.389403,38.691998],[-77.38977,38.692737],[-77.390352,38.693592],[-77.390866,38.694183],[-77.392201,38.695311],[-77.393265,38.695974],[-77.394534,38.696599],[-77.395393,38.696938],[-77.397525,38.697552],[-77.39904,38.697805],[-77.400201,38.697902],[-77.402201,38.697981],[-77.40337,38.698106],[-77.404566,38.698433],[-77.405737,38.698998],[-77.406577,38.699621],[-77.40745,38.700653],[-77.407888,38.701586],[-77.408196,38.703034],[-77.408247,38.704356],[-77.408018,38.705998],[-77.407992,38.70683],[-77.408715,38.708737],[-77.409867,38.710029],[-77.410068,38.710242],[-77.410151,38.710049],[-77.410509,38.708313],[-77.410971,38.708138],[-77.411814,38.708249],[-77.413068,38.70906],[-77.414507,38.710497],[-77.414791,38.711098],[-77.41494,38.712207],[-77.415141,38.712581],[-77.416049,38.712866],[-77.416237,38.712805],[-77.419729,38.712639],[-77.419738,38.712401],[-77.419547,38.710827],[-77.417471,38.709426],[-77.415954,38.707905],[-77.415166,38.706389],[-77.415409,38.705611],[-77.422099,38.703946],[-77.42232,38.703886],[-77.423069,38.703887],[-77.424371,38.704233],[-77.425584,38.704671],[-77.427315,38.704984],[-77.428298,38.705343],[-77.428842,38.705636],[-77.429216,38.70581],[-77.429505,38.705913],[-77.430034,38.705946],[-77.430927,38.705718],[-77.43132,38.705691],[-77.431927,38.704957],[-77.432058,38.70457],[-77.432167,38.704091],[-77.432197,38.703743],[-77.432145,38.703035],[-77.432378,38.702679],[-77.432672,38.702482],[-77.432856,38.702399],[-77.43306,38.702376],[-77.433357,38.702399],[-77.433865,38.702709],[-77.434304,38.703264],[-77.434965,38.703975],[-77.435279,38.704236],[-77.435966,38.704697],[-77.436515,38.704928],[-77.437032,38.705122],[-77.437556,38.70523],[-77.43836,38.705343],[-77.440075,38.705732],[-77.441292,38.705962],[-77.442227,38.705916],[-77.44277,38.705875],[-77.443946,38.70585],[-77.446202,38.705465],[-77.446285,38.705572],[-77.447095,38.706619],[-77.447366,38.70694],[-77.447751,38.707347],[-77.447888,38.707482],[-77.448083,38.707643],[-77.448277,38.707785],[-77.448594,38.707986],[-77.448798,38.708093],[-77.449168,38.708254],[-77.452367,38.709651],[-77.453624,38.710274],[-77.4548,38.711072],[-77.456843,38.71257],[-77.459498,38.71379],[-77.464575,38.714571],[-77.467194,38.714866],[-77.467193,38.715054],[-77.472838,38.715967],[-77.482404,38.718137],[-77.484612,38.718833],[-77.494107,38.722751],[-77.496303,38.723664],[-77.500001,38.725654],[-77.503192,38.728285],[-77.504977,38.729866],[-77.512998,38.736995],[-77.513196,38.73688],[-77.514999,38.735829],[-77.513416,38.732682],[-77.512623,38.731669],[-77.513345,38.731107],[-77.510055,38.726662],[-77.508221,38.723695],[-77.507611,38.72305],[-77.507772,38.722861],[-77.508995,38.721291],[-77.507464,38.720066],[-77.507359,38.719982],[-77.506664,38.720443],[-77.506326,38.720451],[-77.505434,38.720138],[-77.50584,38.718637],[-77.503486,38.716632],[-77.502526,38.715507],[-77.502518,38.712761],[-77.503979,38.709762],[-77.505445,38.708539],[-77.505942,38.707404],[-77.506239,38.706106],[-77.513241,38.716009],[-77.513714,38.715985],[-77.514913,38.715631],[-77.515412,38.715365],[-77.516088,38.715295],[-77.517223,38.715365],[-77.517962,38.71554],[-77.519216,38.716048],[-77.520143,38.717064],[-77.521102,38.717592],[-77.522513,38.717814],[-77.523858,38.717623],[-77.523891,38.718138],[-77.522771,38.719081],[-77.522348,38.719955],[-77.521226,38.722019],[-77.521245,38.722528],[-77.521516,38.722994],[-77.522666,38.723556],[-77.523344,38.723722],[-77.52436,38.723759],[-77.524369,38.723929],[-77.526958,38.724253],[-77.52835,38.724168],[-77.528945,38.723936],[-77.529602,38.723477],[-77.530004,38.723545],[-77.530319,38.723939],[-77.530454,38.724584],[-77.530295,38.725444],[-77.530557,38.725894],[-77.531692,38.726253],[-77.531164,38.728397],[-77.531209,38.730856],[-77.531981,38.734069],[-77.533041,38.735875],[-77.534545,38.737151],[-77.535185,38.737218],[-77.535664,38.737065],[-77.536113,38.737297],[-77.536628,38.738159],[-77.536807,38.739243],[-77.537119,38.739955],[-77.53767,38.740454],[-77.537877,38.740548],[-77.539112,38.741175],[-77.539357,38.741554],[-77.539559,38.742121],[-77.539872,38.742642],[-77.540363,38.743219],[-77.540683,38.743755],[-77.540681,38.744074],[-77.540526,38.744092],[-77.540578,38.74473],[-77.540927,38.745678],[-77.541325,38.746021],[-77.541978,38.746034],[-77.542929,38.748131],[-77.544172,38.751791],[-77.542499,38.752698],[-77.540629,38.752987],[-77.534779,38.752103],[-77.534039,38.753989],[-77.532519,38.756678],[-77.532724,38.758162],[-77.534277,38.761439],[-77.536302,38.764553],[-77.536931,38.765984],[-77.534903,38.766504],[-77.534689,38.766561],[-77.534784,38.766698],[-77.537361,38.770172],[-77.535006,38.77123],[-77.535142,38.771411],[-77.535531,38.773773],[-77.537246,38.775754],[-77.535346,38.779263],[-77.536616,38.780536],[-77.538712,38.781655],[-77.543812,38.783184],[-77.548575,38.785056],[-77.548964,38.785207],[-77.550678,38.787484],[-77.552776,38.789513],[-77.555111,38.790711],[-77.558619,38.79193],[-77.567209,38.794907],[-77.569502,38.795949],[-77.572027,38.797783],[-77.562842,38.798413],[-77.548972,38.799361],[-77.519913,38.801352],[-77.519676,38.801368],[-77.51275,38.801833],[-77.508249,38.802874],[-77.490164,38.810012],[-77.490113,38.810033],[-77.490341,38.810254],[-77.491034,38.811217],[-77.491508,38.811491],[-77.49228,38.811656],[-77.493527,38.812259],[-77.494885,38.812517],[-77.49721,38.813259],[-77.497905,38.813393],[-77.499877,38.813573],[-77.50131,38.814002],[-77.502833,38.814801],[-77.503522,38.815301],[-77.505109,38.816231],[-77.505238,38.816448],[-77.505575,38.818769],[-77.506402,38.820765],[-77.505896,38.821935],[-77.503886,38.824041],[-77.503884,38.824179],[-77.503648,38.824359],[-77.503441,38.824776],[-77.503472,38.825078],[-77.503601,38.825294],[-77.503727,38.825395],[-77.50394,38.825639],[-77.504048,38.825713],[-77.504562,38.825957],[-77.505017,38.826099],[-77.505671,38.82645],[-77.506658,38.826893],[-77.507124,38.827076],[-77.507592,38.827354],[-77.507781,38.827437],[-77.507941,38.827448],[-77.508414,38.827733],[-77.508783,38.827915],[-77.50916,38.828059],[-77.509322,38.82816],[-77.5096,38.828392],[-77.510039,38.8287],[-77.510272,38.828826],[-77.510821,38.829173],[-77.511278,38.829416],[-77.511664,38.829654],[-77.511888,38.829839],[-77.512279,38.830238],[-77.512368,38.830403],[-77.51238,38.830563],[-77.51233,38.830985],[-77.512159,38.831293],[-77.511974,38.831476],[-77.511373,38.831966],[-77.511162,38.832155],[-77.510934,38.83241],[-77.510689,38.832872],[-77.510634,38.833193],[-77.510519,38.833548],[-77.510473,38.83382],[-77.510474,38.834153],[-77.510535,38.834468],[-77.510612,38.834669],[-77.510934,38.835296],[-77.510992,38.835633],[-77.510862,38.836136],[-77.510773,38.836276],[-77.510497,38.836522],[-77.510369,38.836572],[-77.510055,38.836622],[-77.509647,38.836731],[-77.509359,38.836732],[-77.509152,38.836666],[-77.508945,38.836643],[-77.508266,38.836743],[-77.508028,38.8368],[-77.507678,38.837048],[-77.507575,38.837265],[-77.507551,38.837518],[-77.50765,38.837746],[-77.507742,38.837869],[-77.508424,38.838626],[-77.508648,38.838957],[-77.508755,38.839208],[-77.508831,38.839528],[-77.508787,38.839781],[-77.508712,38.839877],[-77.508401,38.840127],[-77.508315,38.840258],[-77.508316,38.840441],[-77.508514,38.840772],[-77.508812,38.84107],[-77.508915,38.841144],[-77.50954,38.841364],[-77.509698,38.841478],[-77.510035,38.841537],[-77.510449,38.841547],[-77.510785,38.841493],[-77.511211,38.841368],[-77.511429,38.841234],[-77.511957,38.840797],[-77.512255,38.840664],[-77.512706,38.84053],[-77.513324,38.840366],[-77.513601,38.840327],[-77.513833,38.840333],[-77.514961,38.840048],[-77.515201,38.839958],[-77.516071,38.83959],[-77.5166,38.839382],[-77.516951,38.839213],[-77.518177,38.838708],[-77.519167,38.838406],[-77.519586,38.838268],[-77.520478,38.837865],[-77.5211,38.837649],[-77.521524,38.837467],[-77.521951,38.837311],[-77.522457,38.83717],[-77.522937,38.837061],[-77.523564,38.836937],[-77.523861,38.836939],[-77.524392,38.837023],[-77.524817,38.837133],[-77.525069,38.837167],[-77.525597,38.837177],[-77.525951,38.837206],[-77.526981,38.837336],[-77.527627,38.83744],[-77.528357,38.837306],[-77.528972,38.837162],[-77.529381,38.837042],[-77.529616,38.837011],[-77.529775,38.837039],[-77.530042,38.837147],[-77.530145,38.837228],[-77.531074,38.83783],[-77.531945,38.838361],[-77.532462,38.83863],[-77.533195,38.838943],[-77.533601,38.83909],[-77.533947,38.839163],[-77.534313,38.839138],[-77.534606,38.839183],[-77.534911,38.83935],[-77.535311,38.839789],[-77.535707,38.840335],[-77.535856,38.840486],[-77.53612,38.840686],[-77.536359,38.841118],[-77.536653,38.841565],[-77.53684,38.84197],[-77.536981,38.842335],[-77.537026,38.842569],[-77.536976,38.842752],[-77.536919,38.843014],[-77.536888,38.843142],[-77.536855,38.843273],[-77.536805,38.843415],[-77.536693,38.843721],[-77.536604,38.843934],[-77.536382,38.844478],[-77.53634,38.844561],[-77.536245,38.844705],[-77.535946,38.845255],[-77.535564,38.845872],[-77.535193,38.846367],[-77.534958,38.846787],[-77.534955,38.846994],[-77.535125,38.847155],[-77.535269,38.847211],[-77.535991,38.847368],[-77.536478,38.847607],[-77.536812,38.847685],[-77.537124,38.84771],[-77.537671,38.847802],[-77.538383,38.847685],[-77.53849,38.847714],[-77.538696,38.847862],[-77.539052,38.848056],[-77.539273,38.848088],[-77.539482,38.847995],[-77.539659,38.848053],[-77.539782,38.848221],[-77.539979,38.84833],[-77.54084,38.848677],[-77.541279,38.848837],[-77.541763,38.848969],[-77.542365,38.849219],[-77.54254,38.849349],[-77.542738,38.849632],[-77.543039,38.84979],[-77.54408,38.85025],[-77.544315,38.850278],[-77.544567,38.850255],[-77.544962,38.850167],[-77.545403,38.849958],[-77.545532,38.849836],[-77.545646,38.849603],[-77.545889,38.849411],[-77.546066,38.849227],[-77.54623,38.848984],[-77.546362,38.848862],[-77.546738,38.848749],[-77.546895,38.848806],[-77.547029,38.849021],[-77.547122,38.84908],[-77.547242,38.849052],[-77.547432,38.848777],[-77.547656,38.848398],[-77.547618,38.848239],[-77.547241,38.848082],[-77.546849,38.848087],[-77.546349,38.847946],[-77.545833,38.847853],[-77.545547,38.847777],[-77.545452,38.847648],[-77.545453,38.84731],[-77.545516,38.847053],[-77.545682,38.846771],[-77.545899,38.846592],[-77.54631,38.846403],[-77.546751,38.846251],[-77.547002,38.846213],[-77.547271,38.846258],[-77.547469,38.846412],[-77.547862,38.846842],[-77.547968,38.846924],[-77.548296,38.847007],[-77.548516,38.84695],[-77.548659,38.84681],[-77.548816,38.846554],[-77.549001,38.846553],[-77.549342,38.846644],[-77.549441,38.846704],[-77.549646,38.84706],[-77.54957,38.84729],[-77.549744,38.847699],[-77.550102,38.848242],[-77.550305,38.84848],[-77.550442,38.848814],[-77.550364,38.849028],[-77.550002,38.849502],[-77.549575,38.849976],[-77.549266,38.850285],[-77.549111,38.850492],[-77.54843,38.851323],[-77.547982,38.852042],[-77.547738,38.852352],[-77.547634,38.852447],[-77.5474,38.852783],[-77.547316,38.853135],[-77.547363,38.853533],[-77.547445,38.853755],[-77.547558,38.853937],[-77.547763,38.854107],[-77.548074,38.854269],[-77.549124,38.854718],[-77.549848,38.855069],[-77.550319,38.855273],[-77.550629,38.85536],[-77.550995,38.855426],[-77.551283,38.855601],[-77.551914,38.855928],[-77.552496,38.856318],[-77.552509,38.856447],[-77.552254,38.857026],[-77.552112,38.857192],[-77.551834,38.857243],[-77.551675,38.857388],[-77.551649,38.857541],[-77.551688,38.857674],[-77.551606,38.857997],[-77.551642,38.858489],[-77.551576,38.858816],[-77.551488,38.858991],[-77.551336,38.859197],[-77.551241,38.859262],[-77.550283,38.860089],[-77.550126,38.8602],[-77.549638,38.860483],[-77.549371,38.860867],[-77.549247,38.861109],[-77.549169,38.861365],[-77.549058,38.861621],[-77.548916,38.861815],[-77.548283,38.862424],[-77.548085,38.862701],[-77.548082,38.862852],[-77.548221,38.862971],[-77.548497,38.863132],[-77.548859,38.863306],[-77.549357,38.863579],[-77.549705,38.863749],[-77.550021,38.863932],[-77.550104,38.86402],[-77.55037,38.864195],[-77.550759,38.864325],[-77.551186,38.864384],[-77.551625,38.864393],[-77.551949,38.864335],[-77.552232,38.864247],[-77.552592,38.864056],[-77.552736,38.864087],[-77.552852,38.864296],[-77.552849,38.86456],[-77.552787,38.864789],[-77.552632,38.865089],[-77.552396,38.865407],[-77.551642,38.866093],[-77.551404,38.866278],[-77.550982,38.866513],[-77.550613,38.866739],[-77.550324,38.866942],[-77.549927,38.867183],[-77.549576,38.867551],[-77.549331,38.867728],[-77.549216,38.867872],[-77.549223,38.868074],[-77.549369,38.868163],[-77.549638,38.868404],[-77.549748,38.86859],[-77.54983,38.86897],[-77.550146,38.869162],[-77.55032,38.869487],[-77.550479,38.869734],[-77.550697,38.869926],[-77.550834,38.870198],[-77.550867,38.870407],[-77.551019,38.870657],[-77.551092,38.870939],[-77.551227,38.87113],[-77.551535,38.871682],[-77.551455,38.871826],[-77.551077,38.87216],[-77.550866,38.872398],[-77.550683,38.87287],[-77.550673,38.873209],[-77.5507,38.873366],[-77.550812,38.873703],[-77.551036,38.874164],[-77.551288,38.874528],[-77.551661,38.87483],[-77.551999,38.875211],[-77.552004,38.875485],[-77.551762,38.875643],[-77.551463,38.876028],[-77.551087,38.876688],[-77.550891,38.877008],[-77.550726,38.877106],[-77.550503,38.877168],[-77.55009,38.877352],[-77.549918,38.87767],[-77.549838,38.8779],[-77.549754,38.87836],[-77.549764,38.879141],[-77.54988,38.879637],[-77.549946,38.8798],[-77.550404,38.880384],[-77.550817,38.880998],[-77.551106,38.881497],[-77.55124,38.881689],[-77.55153,38.882247],[-77.551687,38.882722],[-77.551682,38.882848],[-77.551861,38.883026],[-77.551927,38.8833],[-77.551891,38.883711],[-77.551791,38.884038],[-77.551745,38.884291],[-77.551738,38.884587],[-77.551805,38.88475],[-77.551984,38.884835],[-77.552161,38.885004],[-77.552216,38.885107],[-77.552248,38.885324],[-77.552173,38.886292],[-77.552127,38.88647],[-77.55224,38.886588],[-77.55276,38.886598],[-77.552968,38.886854],[-77.553054,38.886928],[-77.553301,38.887085],[-77.553605,38.887249],[-77.553708,38.887298],[-77.553959,38.887363],[-77.554305,38.887417],[-77.554431,38.887442],[-77.554546,38.887481],[-77.554633,38.887527],[-77.55478,38.887624],[-77.554852,38.887654],[-77.554921,38.887669],[-77.555094,38.887682],[-77.555164,38.887724],[-77.555202,38.887767],[-77.55522,38.887829],[-77.555243,38.887971],[-77.55529,38.888143],[-77.555358,38.888302],[-77.555394,38.888353],[-77.555469,38.888414],[-77.555637,38.888491],[-77.555733,38.888529],[-77.555958,38.888592],[-77.556173,38.888636],[-77.556305,38.888641],[-77.556447,38.888636],[-77.556809,38.888606],[-77.556978,38.888598],[-77.557088,38.888579],[-77.557316,38.88852],[-77.557442,38.888452],[-77.557583,38.888361],[-77.557781,38.888195],[-77.557836,38.888068],[-77.558108,38.887951],[-77.558567,38.887816],[-77.559071,38.887748],[-77.559294,38.887687],[-77.559468,38.88757],[-77.559713,38.887316],[-77.560145,38.88698],[-77.560409,38.886813],[-77.560545,38.886781],[-77.561199,38.887012],[-77.561433,38.887153],[-77.561663,38.887195],[-77.562003,38.887182],[-77.56209,38.887151],[-77.562186,38.887013],[-77.562666,38.886673],[-77.562953,38.886551],[-77.563424,38.886392],[-77.563889,38.886181],[-77.564083,38.886136],[-77.564254,38.886171],[-77.564354,38.886267],[-77.564432,38.886492],[-77.564529,38.886628],[-77.564809,38.886725],[-77.56519,38.886813],[-77.565538,38.886867],[-77.56594,38.886992],[-77.566223,38.887112],[-77.567298,38.887259],[-77.567942,38.887437],[-77.568382,38.887655],[-77.568537,38.887809],[-77.568677,38.888151],[-77.568925,38.888546],[-77.568971,38.88879],[-77.569116,38.889022],[-77.569361,38.889253],[-77.569563,38.889388],[-77.570096,38.889614],[-77.57025,38.889582],[-77.57029,38.889756],[-77.570456,38.889765],[-77.571011,38.889944],[-77.571901,38.890167],[-77.572044,38.890219],[-77.572332,38.890401],[-77.572698,38.890842],[-77.572896,38.890948],[-77.573213,38.891038],[-77.57423,38.891255],[-77.574361,38.891234],[-77.57463,38.891065],[-77.574684,38.89066],[-77.574799,38.890347],[-77.57489,38.890249],[-77.575206,38.890258],[-77.575487,38.890342],[-77.575763,38.89038],[-77.576483,38.890544],[-77.576715,38.890627],[-77.57724,38.890901],[-77.578138,38.891309],[-77.578501,38.891402],[-77.578854,38.891528],[-77.578981,38.891546],[-77.579127,38.891498],[-77.579185,38.891418],[-77.579765,38.89112],[-77.580075,38.891005],[-77.580302,38.890969],[-77.580606,38.891002],[-77.581049,38.890978],[-77.581291,38.890998],[-77.581726,38.891139],[-77.582081,38.891401],[-77.582177,38.891897],[-77.582352,38.892248],[-77.582618,38.892512],[-77.583087,38.892848],[-77.583489,38.892878],[-77.584118,38.893261],[-77.584512,38.893439],[-77.584659,38.893544],[-77.584753,38.893865],[-77.585255,38.894605],[-77.585728,38.895163],[-77.585872,38.895245],[-77.586276,38.895324],[-77.586479,38.895405],[-77.586927,38.895656],[-77.587345,38.895839],[-77.587465,38.895979],[-77.587788,38.896158],[-77.588046,38.896235],[-77.588364,38.896273],[-77.589094,38.896293],[-77.589712,38.896359],[-77.590311,38.89637],[-77.591372,38.896591],[-77.591571,38.896657],[-77.591684,38.896852],[-77.591689,38.897025],[-77.5916,38.897175],[-77.591231,38.897228],[-77.591207,38.897345],[-77.591307,38.897439],[-77.591558,38.897455],[-77.591626,38.897549],[-77.59159,38.897909],[-77.591495,38.898065],[-77.591413,38.898359],[-77.591379,38.898592],[-77.591281,38.898764],[-77.591302,38.899027],[-77.591465,38.899197],[-77.591777,38.899412],[-77.59208,38.899662],[-77.592256,38.899841],[-77.593026,38.900335],[-77.59324,38.900374],[-77.593424,38.900486],[-77.593538,38.900641],[-77.593763,38.900773],[-77.594053,38.900833],[-77.59431,38.900815],[-77.594691,38.900907],[-77.595305,38.900995],[-77.595535,38.901054],[-77.595672,38.901134],[-77.596281,38.901585],[-77.596717,38.901866],[-77.597119,38.902073],[-77.597204,38.902221],[-77.597269,38.90247],[-77.59741,38.902663],[-77.597487,38.90269],[-77.597881,38.902718],[-77.598246,38.902791],[-77.598286,38.903111],[-77.598467,38.903265],[-77.598562,38.903403],[-77.598631,38.903599],[-77.598642,38.904101],[-77.598703,38.904376],[-77.598798,38.90456],[-77.598914,38.904685],[-77.599171,38.904822],[-77.59955,38.905066],[-77.599652,38.90517],[-77.59965,38.90529],[-77.599565,38.90549],[-77.599612,38.905596],[-77.599787,38.905805],[-77.600055,38.90607],[-77.60017,38.90615],[-77.600491,38.906299],[-77.600606,38.906442],[-77.600696,38.906729],[-77.600668,38.906941],[-77.600708,38.907152],[-77.600806,38.907279],[-77.601046,38.907354],[-77.601214,38.907552],[-77.601064,38.907741],[-77.601101,38.907861],[-77.601433,38.908189],[-77.601644,38.908301],[-77.601859,38.908372],[-77.601999,38.908508],[-77.602,38.908821],[-77.60213,38.909099],[-77.602411,38.90939],[-77.602606,38.909684],[-77.602829,38.909948],[-77.602927,38.910137],[-77.60294,38.91034],[-77.602902,38.910478],[-77.602918,38.910651],[-77.603189,38.91106],[-77.603557,38.911131],[-77.604027,38.911406],[-77.604398,38.911508],[-77.604774,38.911642],[-77.605033,38.911619],[-77.605523,38.911629],[-77.605767,38.911695],[-77.606236,38.911861],[-77.606465,38.911912],[-77.606911,38.911885],[-77.607246,38.911919],[-77.607591,38.912023],[-77.607717,38.912139],[-77.607811,38.91252],[-77.60802,38.912756],[-77.608383,38.912844],[-77.609005,38.91321],[-77.609037,38.913473],[-77.609332,38.914003],[-77.609297,38.914258],[-77.609324,38.91436],[-77.609529,38.914568],[-77.609575,38.914746],[-77.609646,38.914792],[-77.609867,38.914755],[-77.610012,38.914847],[-77.610067,38.915026],[-77.610185,38.915228],[-77.610233,38.915547],[-77.610373,38.916146],[-77.610245,38.916266],[-77.61021,38.916424],[-77.610245,38.916578],[-77.610316,38.916614],[-77.610599,38.91661],[-77.610699,38.916639],[-77.610965,38.916836],[-77.611027,38.917104],[-77.611332,38.917293],[-77.611597,38.91751],[-77.611545,38.91786],[-77.611598,38.918078],[-77.611823,38.918578],[-77.611804,38.918695],[-77.611549,38.918843],[-77.61157,38.919035],[-77.611355,38.919382],[-77.611301,38.91953],[-77.611361,38.919818],[-77.611514,38.919956],[-77.611698,38.920297],[-77.611717,38.920419],[-77.611836,38.920575],[-77.611828,38.92086],[-77.611678,38.921052],[-77.611706,38.921211],[-77.611797,38.921292],[-77.612049,38.921422],[-77.612394,38.921841],[-77.612382,38.922078],[-77.612503,38.922139],[-77.612626,38.922501],[-77.61259,38.92277],[-77.612687,38.922851],[-77.612888,38.922919],[-77.612981,38.923349],[-77.612764,38.923536],[-77.612758,38.924054],[-77.612791,38.924138],[-77.612934,38.924231],[-77.612933,38.924386],[-77.613057,38.92447],[-77.613286,38.924439],[-77.613484,38.92453],[-77.613509,38.924681],[-77.613668,38.924755],[-77.614006,38.924714],[-77.614088,38.924746],[-77.614195,38.925212],[-77.614289,38.925336],[-77.614441,38.925384],[-77.614784,38.925398],[-77.615101,38.925501],[-77.615143,38.925605],[-77.615374,38.925862],[-77.615592,38.926064],[-77.615825,38.926412],[-77.616018,38.926488],[-77.616005,38.926688],[-77.615878,38.926767],[-77.615875,38.926884],[-77.615997,38.926965],[-77.615968,38.927194],[-77.616053,38.927335],[-77.616175,38.927366],[-77.616411,38.92728],[-77.616569,38.927276],[-77.616732,38.927327],[-77.616962,38.927484],[-77.617013,38.927566],[-77.617068,38.927905],[-77.617121,38.928061],[-77.617139,38.928437],[-77.617274,38.928499],[-77.617304,38.92863],[-77.617225,38.928743],[-77.617097,38.928799],[-77.616974,38.928925],[-77.616969,38.929064],[-77.6172,38.929358],[-77.617425,38.929707],[-77.617383,38.929861],[-77.617465,38.93003],[-77.617579,38.930154],[-77.617628,38.930565],[-77.617739,38.930677],[-77.618077,38.930847],[-77.618283,38.930889],[-77.618407,38.930988],[-77.618467,38.931147],[-77.618654,38.931293],[-77.61889,38.931408],[-77.619793,38.931488],[-77.620042,38.931286],[-77.620424,38.931217],[-77.620932,38.930884],[-77.621108,38.930868],[-77.624699,38.931366],[-77.625044,38.931825],[-77.626196,38.933154],[-77.629395,38.933472],[-77.6324,38.935966],[-77.632604,38.936147],[-77.634692,38.938006],[-77.635182,38.939083],[-77.635671,38.939221],[-77.637149,38.941615],[-77.640027,38.942118],[-77.641618,38.942746],[-77.644185,38.942579],[-77.646055,38.941485],[-77.647451,38.94145],[-77.649745,38.94268],[-77.651941,38.94271],[-77.653613,38.942173],[-77.655169,38.942656],[-77.656758,38.939673],[-77.656668,38.936935],[-77.657558,38.935772],[-77.657622,38.934724],[-77.659932,38.933594],[-77.660864,38.931715],[-77.662449,38.929761],[-77.663658,38.926513],[-77.662522,38.925592],[-77.663334,38.924318],[-77.664066,38.921729],[-77.663791,38.920459],[-77.664513,38.919306],[-77.664697,38.91917],[-77.665289,38.918217],[-77.665221,38.916736],[-77.665797,38.915867],[-77.66854,38.913086],[-77.66853,38.913032],[-77.668488,38.912988],[-77.668449,38.91297],[-77.668423,38.912958],[-77.668391,38.912912],[-77.668388,38.912856],[-77.668347,38.912816],[-77.668299,38.912775],[-77.668272,38.912725],[-77.668275,38.912671],[-77.668309,38.912623],[-77.668382,38.912601],[-77.668449,38.912569],[-77.668492,38.912529],[-77.668506,38.912475],[-77.6685,38.912396],[-77.668502,38.912376],[-77.668524,38.912263],[-77.668528,38.912251],[-77.668578,38.91218],[-77.668613,38.912137],[-77.66862,38.912128],[-77.668653,38.912078],[-77.668685,38.912018],[-77.668692,38.912006],[-77.668714,38.911957],[-77.669006,38.910848],[-77.670636,38.908016],[-77.67343,38.904404],[-77.675608,38.9009],[-77.677818,38.897777],[-77.679432,38.895455],[-77.680402,38.893235],[-77.684766,38.891021],[-77.688608,38.889058],[-77.692622,38.887004],[-77.696113,38.879772],[-77.696092,38.878714],[-77.697913,38.875155],[-77.697969,38.872357],[-77.697989,38.871425],[-77.699429,38.867363],[-77.699207,38.865793],[-77.699676,38.863888],[-77.699628,38.863307],[-77.699948,38.861562],[-77.700697,38.860494],[-77.700946,38.857267],[-77.701608,38.854917],[-77.702183,38.853628],[-77.701538,38.853442],[-77.701554,38.851592],[-77.702746,38.847793],[-77.704052,38.84544],[-77.704931,38.843152],[-77.709688,38.843184],[-77.715667,38.843224],[-77.715936,38.841066],[-77.715658,38.836553],[-77.715176,38.83531],[-77.715715,38.832136],[-77.710659,38.824793],[-77.710264,38.824215],[-77.710051,38.823894],[-77.709962,38.823761],[-77.709503,38.823073],[-77.697218,38.80466],[-77.697167,38.804584],[-77.692038,38.796896],[-77.691864,38.796633],[-77.689518,38.793115],[-77.688062,38.790925],[-77.687637,38.790296],[-77.682305,38.782295],[-77.682137,38.782043],[-77.681351,38.780861],[-77.681244,38.780704],[-77.679854,38.77862],[-77.679735,38.77844],[-77.677405,38.774943],[-77.67515,38.771556],[-77.669725,38.763418],[-77.664129,38.755014],[-77.662635,38.752768],[-77.659016,38.747327],[-77.657967,38.745756],[-77.659511,38.745326],[-77.666023,38.742574],[-77.668078,38.741971],[-77.672585,38.740066],[-77.676158,38.739785],[-77.679045,38.739169],[-77.681707,38.737582],[-77.683942,38.735526],[-77.685456,38.734156],[-77.686948,38.732805],[-77.69143,38.728664],[-77.69564,38.724779],[-77.703717,38.717351],[-77.700872,38.714897],[-77.698348,38.713259],[-77.691609,38.711267],[-77.692625,38.708796],[-77.693307,38.706828],[-77.693315,38.703896],[-77.694842,38.703058],[-77.701212,38.703213],[-77.701778,38.702373],[-77.702029,38.702149],[-77.703435,38.702549],[-77.704776,38.702258],[-77.708662,38.697672],[-77.712402,38.696177],[-77.714587,38.696248],[-77.72248,38.69727],[-77.726981,38.698024],[-77.729325,38.698662],[-77.73267,38.699414],[-77.735125,38.698948],[-77.747732,38.695699],[-77.752398,38.695133],[-77.754645,38.695285],[-77.754961,38.688866],[-77.756797,38.685935],[-77.760058,38.68254],[-77.763753,38.684697],[-77.770782,38.690303],[-77.771955,38.692702],[-77.77505,38.696863],[-77.776655,38.697883],[-77.778909,38.69746],[-77.780614,38.698231],[-77.780854,38.698473],[-77.781436,38.696883],[-77.783469,38.693562],[-77.784659,38.694086],[-77.788648,38.693729],[-77.789155,38.692505],[-77.789227,38.691946],[-77.789236,38.690679],[-77.789089,38.689615],[-77.788383,38.687692],[-77.788096,38.687152],[-77.787322,38.686455],[-77.787114,38.686332],[-77.787413,38.683635],[-77.787095,38.67913],[-77.78733,38.677383],[-77.788765,38.675507],[-77.791134,38.673372],[-77.793244,38.671036],[-77.796094,38.664161],[-77.798524,38.658287],[-77.800517,38.654435],[-77.802582,38.650099],[-77.803037,38.649027],[-77.803607,38.647672],[-77.803645,38.647584],[-77.803976,38.646795],[-77.804179,38.646296],[-77.804445,38.645671],[-77.804498,38.645531],[-77.804576,38.645279],[-77.804636,38.645023],[-77.804677,38.644766],[-77.804696,38.644409],[-77.804696,38.643722],[-77.804687,38.643291],[-77.804677,38.643118],[-77.804669,38.643038],[-77.802897,38.638462],[-77.801091,38.634277],[-77.800688,38.631295],[-77.800651,38.62934],[-77.800525,38.620862],[-77.800726,38.620885],[-77.800662,38.61656],[-77.800511,38.607659],[-77.800441,38.602863],[-77.800773,38.599929],[-77.802468,38.585482],[-77.802273,38.581188],[-77.801349,38.562318],[-77.801056,38.56251],[-77.800557,38.562873],[-77.799758,38.561255],[-77.786967,38.552882],[-77.785876,38.553998],[-77.785727,38.553948],[-77.783095,38.553076],[-77.784284,38.55205],[-77.784199,38.550876],[-77.785255,38.549445],[-77.782371,38.547697],[-77.779362,38.546213],[-77.778748,38.544953],[-77.77649,38.544327],[-77.775338,38.543001],[-77.774308,38.542807],[-77.775015,38.541702],[-77.777993,38.539774],[-77.777865,38.539485],[-77.779008,38.539156],[-77.788841,38.533147],[-77.786179,38.527507],[-77.78817,38.525463],[-77.789905,38.521523],[-77.792078,38.518447],[-77.786292,38.515148],[-77.789165,38.512975],[-77.798313,38.511232],[-77.800286,38.510767],[-77.800582,38.510707],[-77.800781,38.509494],[-77.801134,38.508714],[-77.801343,38.507437],[-77.801379,38.505965],[-77.801334,38.503865],[-77.801134,38.503099],[-77.800574,38.502243],[-77.799588,38.501353],[-77.798405,38.500086],[-77.797792,38.49925],[-77.796919,38.49847],[-77.796265,38.498178],[-77.795279,38.497594],[-77.793263,38.495866],[-77.792421,38.495342],[-77.791763,38.494808],[-77.790295,38.494089],[-77.788978,38.493683],[-77.787845,38.493029],[-77.787422,38.492275],[-77.787526,38.49141],[-77.7883,38.489455],[-77.788324,38.488706],[-77.788004,38.488274],[-77.787635,38.488104],[-77.786901,38.488098],[-77.785903,38.488315],[-77.783938,38.489037],[-77.782816,38.489144],[-77.781867,38.488821],[-77.781486,38.488318],[-77.781466,38.488057],[-77.782137,38.485765],[-77.782151,38.485056],[-77.781248,38.483628],[-77.780807,38.481996],[-77.780646,38.47921],[-77.780735,38.478188],[-77.780446,38.477542],[-77.779462,38.476392],[-77.777294,38.475533],[-77.775316,38.473579],[-77.775324,38.47178],[-77.777248,38.470505],[-77.77819,38.46901],[-77.777643,38.467436],[-77.777,38.466246],[-77.77673,38.465597],[-77.776059,38.464638],[-77.775406,38.463926],[-77.774297,38.463036],[-77.773557,38.462622],[-77.772284,38.462135],[-77.77081,38.462103],[-77.769977,38.461955],[-77.768633,38.461326],[-77.766394,38.460529],[-77.763361,38.459351],[-77.761791,38.458818],[-77.761096,38.458148],[-77.761015,38.457581],[-77.761233,38.456568],[-77.761251,38.455649],[-77.761432,38.454227],[-77.761621,38.453377],[-77.761837,38.452582],[-77.761875,38.451863],[-77.761719,38.450366],[-77.761107,38.448169],[-77.760546,38.446211],[-77.760564,38.445498],[-77.761046,38.444302],[-77.76141,38.443144],[-77.761927,38.441074],[-77.76181,38.439864],[-77.761382,38.438609],[-77.760332,38.436316],[-77.760006,38.435769],[-77.759619,38.435411],[-77.757073,38.432958],[-77.756465,38.43231],[-77.756262,38.431807],[-77.756165,38.430883],[-77.75577,38.430206],[-77.755075,38.429398],[-77.753167,38.427928],[-77.752119,38.427321],[-77.75091,38.426768],[-77.750482,38.426684],[-77.750283,38.426662],[-77.749557,38.426608],[-77.749222,38.426621],[-77.748586,38.42669],[-77.747936,38.426712],[-77.74689,38.426638],[-77.746471,38.426593],[-77.746165,38.426536],[-77.745232,38.426302],[-77.7448,38.426206],[-77.743866,38.426051],[-77.742653,38.425896],[-77.742221,38.425821],[-77.741422,38.425706],[-77.739719,38.424701],[-77.739011,38.423279],[-77.738949,38.421545],[-77.738479,38.419446],[-77.73779,38.418287],[-77.737043,38.417333],[-77.736803,38.415294],[-77.736659,38.414824],[-77.735901,38.413458],[-77.735516,38.413116],[-77.734707,38.412904],[-77.734002,38.412826],[-77.733353,38.412867],[-77.732605,38.412889],[-77.730719,38.412993],[-77.729711,38.413568],[-77.729168,38.414059],[-77.727532,38.415659],[-77.727033,38.416319],[-77.726504,38.417401],[-77.726229,38.417986],[-77.726092,38.418243],[-77.725396,38.418862],[-77.720957,38.420421],[-77.716576,38.421712],[-77.715547,38.422005],[-77.711347,38.422979],[-77.709879,38.422849],[-77.707354,38.422063],[-77.70708,38.42195],[-77.706882,38.421829],[-77.706231,38.421614],[-77.705848,38.421546],[-77.70503,38.421456],[-77.70477,38.421399],[-77.704391,38.421369],[-77.703849,38.421269],[-77.703292,38.421242],[-77.702968,38.421247],[-77.702477,38.421312],[-77.702118,38.42131],[-77.701718,38.421377],[-77.701419,38.421475],[-77.70082,38.421783],[-77.700474,38.42206],[-77.700321,38.422232],[-77.700112,38.42239],[-77.699826,38.422672],[-77.69955,38.4231],[-77.69944,38.423308],[-77.699281,38.423704],[-77.699229,38.423969],[-77.699111,38.424159],[-77.698973,38.424479],[-77.698895,38.424785],[-77.698732,38.425107],[-77.698445,38.425445],[-77.698135,38.425654],[-77.697872,38.425744],[-77.697405,38.425825],[-77.697223,38.425819],[-77.697155,38.425812],[-77.696813,38.425751],[-77.696444,38.425657],[-77.696118,38.425614],[-77.695665,38.42561],[-77.695009,38.425744],[-77.694587,38.425921],[-77.693731,38.426301],[-77.693411,38.426423],[-77.693159,38.426472],[-77.692759,38.426627],[-77.69189,38.426873],[-77.691318,38.42695],[-77.690357,38.426997],[-77.689896,38.426963],[-77.688941,38.426917],[-77.687637,38.42679],[-77.686411,38.426583],[-77.685256,38.426229],[-77.684524,38.425789],[-77.683801,38.425323],[-77.683594,38.425167],[-77.683165,38.42491],[-77.682643,38.424657],[-77.682193,38.424482],[-77.681765,38.424401],[-77.681103,38.424248],[-77.680187,38.42411],[-77.67914,38.424014],[-77.678586,38.423973],[-77.677996,38.424017],[-77.677473,38.424096],[-77.677018,38.424137],[-77.676107,38.424111],[-77.675489,38.424034],[-77.674965,38.423905],[-77.674517,38.42371],[-77.674399,38.423628],[-77.674047,38.423543],[-77.673644,38.423395],[-77.673312,38.42325],[-77.673013,38.423085],[-77.672503,38.422868],[-77.669595,38.420862],[-77.668354,38.420353],[-77.667713,38.420184],[-77.667273,38.420013],[-77.666708,38.419887],[-77.66601,38.419805],[-77.665675,38.419739],[-77.664356,38.419447],[-77.664153,38.419474],[-77.662849,38.419255],[-77.660753,38.418733],[-77.659436,38.418404],[-77.657668,38.417821],[-77.65562,38.417091],[-77.654658,38.416872],[-77.653138,38.416313],[-77.651741,38.415535],[-77.650004,38.414514],[-77.648732,38.413906],[-77.646156,38.412764],[-77.644822,38.412253],[-77.642588,38.411281],[-77.640633,38.410405],[-77.639144,38.409725],[-77.637375,38.409554],[-77.636475,38.409676],[-77.63494,38.410218],[-77.634877,38.40996],[-77.634677,38.410002],[-77.634232,38.410028],[-77.63382,38.409883],[-77.632803,38.409023],[-77.632517,38.407637],[-77.632438,38.40737],[-77.632516,38.406961],[-77.632909,38.405923],[-77.633092,38.405199],[-77.633205,38.404995],[-77.633468,38.404285],[-77.63401,38.402027],[-77.63401,38.401627],[-77.633934,38.400679],[-77.634123,38.399273],[-77.634009,38.398752],[-77.633838,38.398438],[-77.633621,38.398151],[-77.633093,38.397761],[-77.632504,38.397178],[-77.632395,38.396984],[-77.63231,38.396727],[-77.63251,38.396527],[-77.63261,38.396327],[-77.63281,38.396127],[-77.632949,38.395849],[-77.632979,38.395375],[-77.633093,38.394965],[-77.633101,38.394537],[-77.633065,38.393737],[-77.632644,38.393006],[-77.632119,38.392777],[-77.630421,38.392438],[-77.626964,38.391742],[-77.625802,38.39122],[-77.625398,38.391025],[-77.624126,38.390782],[-77.623382,38.390515],[-77.62242,38.389615],[-77.621768,38.388909],[-77.621458,38.388107],[-77.621365,38.387377],[-77.621148,38.386477],[-77.620868,38.385675],[-77.620744,38.384994],[-77.620868,38.383948],[-77.621011,38.383072],[-77.621055,38.382026],[-77.62121,38.38137],[-77.62121,38.380713],[-77.620775,38.379594],[-77.620279,38.378816],[-77.619627,38.37811],[-77.619162,38.377381],[-77.619069,38.376773],[-77.619069,38.375921],[-77.618941,38.375158],[-77.618997,38.374974],[-77.619671,38.373431],[-77.619119,38.371139],[-77.61911,38.370438],[-77.61921,38.36974],[-77.619294,38.369412],[-77.619121,38.368696],[-77.618819,38.368189],[-77.618727,38.367835],[-77.619293,38.367962],[-77.622857,38.368452],[-77.624987,38.368363],[-77.626558,38.368855],[-77.628357,38.368072],[-77.630993,38.364362],[-77.631135,38.363619],[-77.633418,38.360183],[-77.635571,38.359308],[-77.639502,38.359029],[-77.643474,38.361011],[-77.644411,38.362445],[-77.644586,38.36387],[-77.644212,38.36665],[-77.643612,38.368086],[-77.642441,38.369364],[-77.639792,38.370527],[-77.638251,38.370658],[-77.637143,38.371873],[-77.639073,38.375064],[-77.641179,38.377163],[-77.645744,38.378107],[-77.647664,38.377779],[-77.653026,38.375389],[-77.656933,38.375396],[-77.660329,38.373301],[-77.663269,38.372199],[-77.665581,38.370784],[-77.667075,38.370464],[-77.669878,38.370741],[-77.672438,38.369927],[-77.674488,38.367037],[-77.677142,38.365292],[-77.678073,38.363287],[-77.678286,38.361137],[-77.679539,38.359908],[-77.685897,38.359614],[-77.686442,38.359421],[-77.687222,38.359502],[-77.687493,38.359361],[-77.688109,38.359345],[-77.688272,38.359261],[-77.688951,38.359181],[-77.69067,38.358713],[-77.690702,38.358722],[-77.691844,38.358152],[-77.692961,38.357343],[-77.693229,38.357117],[-77.694114,38.356621],[-77.694617,38.356493],[-77.695471,38.356421],[-77.695783,38.356465],[-77.696784,38.356647],[-77.697109,38.356723],[-77.69759,38.357069],[-77.700326,38.359578],[-77.701036,38.360062],[-77.701892,38.360339],[-77.701998,38.36036],[-77.702843,38.36084],[-77.702902,38.360799],[-77.703035,38.360706],[-77.703137,38.360588],[-77.703168,38.36056],[-77.7033,38.360516],[-77.703433,38.360455],[-77.703604,38.360352],[-77.70375,38.36022],[-77.703861,38.360095],[-77.703971,38.359984],[-77.70405,38.359859],[-77.704264,38.359684],[-77.704321,38.359592],[-77.704311,38.35941],[-77.704261,38.359317],[-77.704203,38.359238],[-77.703982,38.359163],[-77.703847,38.359074],[-77.703718,38.358974],[-77.703485,38.358805],[-77.703304,38.358585],[-77.70329,38.358539],[-77.703311,38.358482],[-77.703379,38.358453],[-77.703522,38.358467],[-77.703806,38.358523],[-77.704136,38.358614],[-77.704253,38.358639],[-77.704389,38.358656],[-77.704635,38.358724],[-77.70481,38.358706],[-77.704921,38.358689],[-77.704953,38.358628],[-77.70501,38.358596],[-77.705053,38.358549],[-77.705128,38.358514],[-77.705189,38.358467],[-77.705383,38.358345],[-77.705589,38.358337],[-77.705725,38.358354],[-77.706066,38.358471],[-77.706407,38.358634],[-77.706811,38.35879],[-77.70692,38.358825],[-77.707041,38.358852],[-77.707459,38.358907],[-77.70763,38.358912],[-77.70773,38.358883],[-77.707863,38.358824],[-77.707999,38.358738],[-77.708058,38.358641],[-77.708053,38.358531],[-77.707939,38.358362],[-77.707691,38.358172],[-77.707522,38.358033],[-77.707324,38.357862],[-77.707156,38.357682],[-77.707093,38.35759],[-77.70701,38.357504],[-77.707013,38.357447],[-77.70698,38.357382],[-77.706936,38.357331],[-77.706841,38.357266],[-77.706728,38.357174],[-77.706628,38.357119],[-77.706127,38.35717],[-77.705788,38.357232],[-77.705478,38.357312],[-77.705413,38.357318],[-77.705362,38.357304],[-77.705332,38.357264],[-77.705303,38.357194],[-77.705362,38.357024],[-77.705434,38.356893],[-77.705505,38.356783],[-77.705579,38.35673],[-77.705651,38.356655],[-77.705716,38.35656],[-77.705761,38.356438],[-77.705692,38.35628],[-77.705609,38.356173],[-77.705277,38.356052],[-77.705157,38.355922],[-77.705086,38.355817],[-77.705069,38.355761],[-77.705066,38.3557],[-77.705128,38.355617],[-77.705192,38.355549],[-77.705216,38.355489],[-77.705202,38.355415],[-77.705139,38.355315],[-77.705097,38.355234],[-77.705103,38.355153],[-77.705132,38.355034],[-77.705159,38.354977],[-77.705197,38.354932],[-77.705249,38.354899],[-77.705387,38.354856],[-77.705459,38.354851],[-77.705626,38.354867],[-77.705796,38.354899],[-77.705881,38.354925],[-77.706209,38.355058],[-77.706411,38.355148],[-77.706646,38.355259],[-77.706701,38.355275],[-77.706807,38.355276],[-77.706864,38.355265],[-77.707015,38.355206],[-77.70713,38.355184],[-77.70726,38.355185],[-77.707389,38.355212],[-77.707495,38.355256],[-77.707625,38.355345],[-77.707728,38.355385],[-77.707792,38.355393],[-77.708082,38.355409],[-77.708337,38.355429],[-77.709084,38.355523],[-77.709463,38.355325],[-77.709589,38.355108],[-77.70916,38.354662],[-77.708687,38.354482],[-77.708278,38.354238],[-77.707958,38.353826],[-77.707852,38.353334],[-77.707796,38.353087],[-77.707779,38.353041],[-77.707725,38.352973],[-77.707673,38.35294],[-77.707512,38.352893],[-77.707452,38.352865],[-77.707423,38.352815],[-77.707429,38.352767],[-77.707454,38.352711],[-77.707495,38.352655],[-77.707552,38.352606],[-77.707976,38.352377],[-77.708034,38.352351],[-77.708173,38.352321],[-77.708274,38.35232],[-77.708407,38.352331],[-77.708558,38.352352],[-77.708946,38.352435],[-77.709196,38.352469],[-77.711143,38.352539],[-77.711028,38.35085],[-77.712821,38.351411],[-77.713139,38.350217],[-77.715134,38.348924],[-77.714781,38.348031],[-77.713103,38.347362],[-77.712196,38.345851],[-77.713718,38.343814],[-77.715402,38.344346],[-77.717263,38.342452],[-77.718973,38.341568],[-77.719246,38.340264],[-77.718427,38.33926],[-77.717115,38.339049],[-77.71597,38.338041],[-77.715948,38.337162],[-77.714965,38.336977],[-77.715509,38.335609],[-77.717284,38.335579],[-77.719508,38.335672],[-77.719206,38.334654],[-77.721064,38.334114],[-77.722439,38.332905],[-77.723043,38.330761],[-77.725235,38.327527],[-77.726146,38.325562],[-77.726226,38.325302],[-77.726689,38.323905],[-77.72676,38.323612],[-77.730082,38.320682],[-77.738031,38.313699],[-77.74183,38.310354],[-77.746621,38.306034],[-77.747943,38.304837],[-77.750927,38.302176],[-77.758028,38.295466],[-77.769337,38.284794],[-77.772093,38.282199],[-77.777862,38.277071],[-77.783571,38.271994],[-77.78589,38.269931],[-77.789393,38.266818],[-77.798239,38.258946],[-77.806879,38.251259],[-77.812987,38.245801],[-77.815127,38.2439],[-77.825116,38.235002],[-77.832973,38.228005],[-77.83674,38.224653],[-77.838811,38.222815],[-77.842932,38.219141],[-77.844814,38.217462],[-77.851539,38.211472],[-77.865536,38.198994],[-77.875253,38.190319],[-77.889508,38.177601],[-77.8916,38.175731],[-77.899417,38.168496],[-77.902444,38.165689],[-77.907606,38.161013],[-77.909835,38.158969],[-77.915998,38.153335],[-77.925564,38.14459],[-77.9272,38.143097],[-77.933052,38.137753],[-77.93481,38.136163],[-77.939143,38.132149],[-77.944457,38.127011],[-77.952385,38.119657],[-77.953639,38.118501],[-77.95336,38.118469],[-77.953325,38.118505],[-77.952728,38.118708],[-77.952628,38.118608],[-77.95223,38.11861],[-77.95223,38.118311],[-77.951832,38.118113],[-77.951733,38.118013],[-77.951036,38.118017],[-77.950738,38.117819],[-77.950638,38.117819],[-77.95034,38.117721],[-77.950141,38.117622],[-77.949544,38.117725],[-77.949146,38.117827],[-77.948748,38.117829],[-77.948449,38.11803],[-77.94825,38.118231],[-77.94815,38.118431],[-77.948249,38.118731],[-77.948249,38.11943],[-77.94795,38.119731],[-77.947552,38.119933],[-77.947054,38.120035],[-77.946755,38.119837],[-77.946243,38.119333],[-77.945859,38.119142],[-77.945461,38.119244],[-77.945163,38.119346],[-77.944765,38.119348],[-77.944366,38.11955],[-77.944167,38.119451],[-77.943769,38.119153],[-77.94367,38.119054],[-77.943471,38.118955],[-77.943073,38.118957],[-77.942775,38.118858],[-77.942576,38.118759],[-77.942277,38.118661],[-77.94168,38.118664],[-77.941363,38.118771],[-77.940983,38.118867],[-77.940585,38.118869],[-77.940486,38.11877],[-77.940187,38.118572],[-77.939988,38.118373],[-77.939889,38.118174],[-77.939889,38.117974],[-77.93979,38.117675],[-77.939591,38.117576],[-77.939492,38.117477],[-77.938895,38.11748],[-77.938497,38.117283],[-77.937999,38.116886],[-77.9379,38.116786],[-77.937601,38.116788],[-77.937303,38.116689],[-77.937204,38.11659],[-77.936905,38.116492],[-77.936654,38.116141],[-77.934717,38.114204],[-77.929741,38.113729],[-77.926059,38.115048],[-77.923718,38.114536],[-77.921918,38.115236],[-77.920318,38.116936],[-77.918218,38.117436],[-77.916918,38.118336],[-77.914118,38.117136],[-77.913718,38.115797],[-77.913118,38.114536],[-77.913018,38.112136],[-77.912518,38.111536],[-77.910318,38.112236],[-77.907717,38.111836],[-77.907117,38.111136],[-77.905017,38.110636],[-77.903517,38.109736],[-77.903017,38.108436],[-77.901817,38.108136],[-77.900217,38.109436],[-77.898416,38.109736],[-77.898316,38.111236],[-77.896916,38.111536],[-77.896516,38.110136],[-77.891916,38.111536],[-77.890516,38.111436],[-77.890416,38.112236],[-77.888416,38.113136],[-77.886529,38.112235],[-77.88545,38.110703],[-77.883117,38.110136],[-77.882317,38.108936],[-77.879017,38.108436],[-77.876317,38.107436],[-77.874717,38.107186],[-77.874217,38.106436],[-77.871717,38.106537],[-77.869117,38.105637],[-77.866616,38.106237],[-77.864516,38.106137],[-77.862316,38.105537],[-77.859816,38.105237],[-77.858217,38.103037],[-77.858817,38.101337],[-77.858117,38.100337],[-77.856117,38.099837],[-77.854417,38.100937],[-77.854817,38.102637],[-77.854517,38.103937],[-77.852617,38.104538],[-77.851218,38.104337],[-77.851516,38.103437],[-77.849717,38.102138],[-77.848416,38.101836],[-77.847816,38.099436],[-77.847017,38.098438],[-77.845417,38.098538],[-77.843317,38.100338],[-77.842917,38.101438],[-77.845517,38.104338],[-77.844917,38.104738],[-77.842117,38.105138],[-77.839717,38.106038],[-77.838217,38.106239],[-77.837216,38.104639],[-77.836317,38.104439],[-77.836217,38.101139],[-77.833217,38.100439],[-77.830917,38.099239],[-77.830316,38.097738],[-77.828917,38.097239],[-77.826517,38.097139],[-77.824316,38.095937],[-77.823416,38.093539],[-77.819716,38.092436],[-77.820297,38.089193],[-77.819717,38.08784],[-77.817617,38.08564],[-77.816917,38.08544],[-77.815317,38.08684],[-77.812893,38.085296],[-77.812417,38.084339],[-77.812616,38.081238],[-77.811121,38.079692],[-77.806515,38.078537],[-77.800115,38.078237],[-77.79819,38.078737],[-77.793715,38.078537],[-77.789314,38.075937],[-77.786614,38.076337],[-77.785114,38.073237],[-77.784173,38.070653],[-77.782914,38.069437],[-77.782514,38.067537],[-77.783114,38.066337],[-77.784914,38.065137],[-77.784514,38.063337],[-77.782614,38.063237],[-77.781714,38.062637],[-77.780214,38.060337],[-77.778514,38.058737],[-77.771914,38.057437],[-77.771014,38.056737],[-77.771714,38.054737],[-77.771414,38.053737],[-77.768514,38.051737],[-77.766114,38.053337],[-77.764024,38.053137],[-77.763314,38.052637],[-77.763314,38.051237],[-77.762514,38.050537],[-77.756113,38.048237],[-77.753613,38.050337],[-77.751613,38.051337],[-77.751413,38.051937],[-77.748613,38.052837],[-77.745513,38.051337],[-77.745213,38.050837],[-77.747213,38.049137],[-77.747813,38.047937],[-77.747513,38.045537],[-77.748413,38.043437],[-77.748213,38.042137],[-77.745713,38.040937],[-77.742913,38.040737],[-77.741613,38.039637],[-77.740913,38.038237],[-77.741313,38.037237],[-77.742713,38.037437],[-77.743413,38.039237],[-77.747913,38.037637],[-77.748813,38.036737],[-77.748813,38.035138],[-77.747713,38.033338],[-77.748513,38.028738],[-77.747613,38.026338],[-77.74767,38.024295],[-77.746913,38.023638],[-77.744913,38.023738],[-77.744513,38.025138],[-77.742313,38.027438],[-77.740713,38.029638],[-77.740713,38.031238],[-77.739513,38.033038],[-77.736313,38.032037],[-77.732313,38.031637],[-77.731013,38.031037],[-77.729812,38.028738],[-77.728312,38.027738],[-77.728312,38.026038],[-77.731012,38.024838],[-77.731513,38.021538],[-77.729712,38.021038],[-77.727112,38.022638],[-77.723412,38.023438],[-77.722212,38.023238],[-77.720412,38.021238],[-77.719312,38.020638],[-77.719212,38.019738],[-77.720012,38.018138],[-77.719312,38.016638],[-77.717012,38.016438],[-77.712864,38.014594],[-77.712573,38.014007],[-77.712468,38.013827],[-77.712078,38.013106],[-77.712026,38.013011],[-77.71188,38.012969],[-77.71189,38.012721],[-77.711698,38.012747],[-77.711525,38.012771],[-77.711021,38.012598],[-77.710576,38.012577],[-77.710519,38.012575],[-77.710292,38.012601],[-77.709868,38.012736],[-77.709064,38.013205],[-77.708604,38.013362],[-77.70815,38.013407],[-77.706684,38.013416],[-77.705606,38.013574],[-77.705298,38.013511],[-77.704227,38.012962],[-77.70388,38.012818],[-77.703301,38.012693],[-77.701339,38.012744],[-77.700859,38.012683],[-77.700403,38.012695],[-77.700242,38.012632],[-77.699998,38.012548],[-77.699666,38.012304],[-77.699362,38.011995],[-77.699321,38.011823],[-77.698852,38.011158],[-77.698204,38.009947],[-77.697342,38.008897],[-77.696979,38.008467],[-77.696025,38.007513],[-77.695549,38.0073],[-77.69457,38.007117],[-77.694546,38.007118],[-77.694159,38.007127],[-77.693893,38.00718],[-77.693228,38.007558],[-77.692616,38.007702],[-77.692355,38.007847],[-77.69206,38.007943],[-77.688641,38.008129],[-77.687665,38.008049],[-77.687458,38.008032],[-77.687294,38.008011],[-77.687417,38.007867],[-77.687469,38.007806],[-77.688448,38.005335],[-77.690023,38.001352],[-77.690537,38.000056],[-77.69436,37.990398],[-77.697793,37.981718],[-77.702553,37.969153],[-77.704863,37.963307],[-77.707689,37.956547],[-77.70988,37.951129],[-77.715564,37.936741],[-77.717722,37.931278],[-77.721904,37.920688],[-77.721962,37.920537],[-77.722007,37.920427],[-77.723788,37.915914],[-77.725995,37.910323],[-77.728259,37.904584],[-77.732485,37.893874],[-77.737112,37.882139],[-77.738662,37.878208],[-77.740288,37.874084],[-77.743844,37.865066],[-77.742336,37.8649],[-77.740428,37.864137],[-77.739126,37.864132],[-77.735777,37.862628],[-77.73338,37.861273],[-77.732458,37.860181],[-77.73121,37.858381],[-77.727379,37.855747],[-77.725821,37.854968],[-77.720882,37.853377],[-77.719714,37.853253],[-77.717801,37.853488],[-77.714553,37.852715],[-77.713265,37.852029],[-77.712163,37.851354],[-77.708874,37.850301],[-77.705799,37.85034],[-77.703729,37.849989],[-77.701277,37.847914],[-77.699394,37.847277],[-77.695959,37.847541],[-77.693155,37.847283],[-77.690303,37.847808],[-77.68747,37.848607],[-77.683579,37.849343],[-77.678379,37.847185],[-77.675976,37.844533],[-77.672916,37.843918],[-77.670028,37.842402],[-77.665252,37.84054],[-77.661998,37.840353],[-77.65931,37.841592],[-77.658196,37.84274],[-77.655778,37.844903],[-77.651401,37.847263],[-77.644282,37.849339],[-77.64012,37.850713],[-77.636457,37.849296],[-77.634948,37.849388],[-77.633396,37.850563],[-77.631457,37.850825],[-77.629241,37.850627],[-77.628119,37.851],[-77.625839,37.853272],[-77.624079,37.854075],[-77.622432,37.854301],[-77.620812,37.855114],[-77.619121,37.85422],[-77.617314,37.854133],[-77.615804,37.854579],[-77.612847,37.854564],[-77.611913,37.855701],[-77.609552,37.856328],[-77.608598,37.85534],[-77.607543,37.854704],[-77.605008,37.854029],[-77.604342,37.853272],[-77.602771,37.85341],[-77.600056,37.854575],[-77.598126,37.856991],[-77.597988,37.857777],[-77.596845,37.857887],[-77.595376,37.857201],[-77.595231,37.856537],[-77.594565,37.855675],[-77.592094,37.856763],[-77.590847,37.856736],[-77.589952,37.853925],[-77.588422,37.8542],[-77.588374,37.855221],[-77.587398,37.856215],[-77.585299,37.856259],[-77.58327,37.854497],[-77.58237,37.85548],[-77.583326,37.85716],[-77.582952,37.857699],[-77.579046,37.856228],[-77.577938,37.85675],[-77.576414,37.856431],[-77.573055,37.854861],[-77.57185,37.855306],[-77.571919,37.854291],[-77.570991,37.853972],[-77.56989,37.85473],[-77.56881,37.856399],[-77.567903,37.855356],[-77.568339,37.85316],[-77.56802,37.852732],[-77.565935,37.852853],[-77.56444,37.85148],[-77.561233,37.853287],[-77.561448,37.854939],[-77.559467,37.855604],[-77.558969,37.854753],[-77.560437,37.853891],[-77.557699,37.849947],[-77.556926,37.84924],[-77.556088,37.849646],[-77.557196,37.851365],[-77.556109,37.852397],[-77.553387,37.84997],[-77.552695,37.848548],[-77.550043,37.847949],[-77.548076,37.848421],[-77.546864,37.847488],[-77.547051,37.845873],[-77.544261,37.845681],[-77.542391,37.845873],[-77.54235,37.844533],[-77.54262,37.844048],[-77.542615,37.843729],[-77.54255,37.843543],[-77.542571,37.843434],[-77.542441,37.843251],[-77.542351,37.843202],[-77.542237,37.843307],[-77.542163,37.843309],[-77.541117,37.843191],[-77.538535,37.842237],[-77.539186,37.840903],[-77.538688,37.839349],[-77.534825,37.83696],[-77.532423,37.836234],[-77.531399,37.835027],[-77.532327,37.834241],[-77.53232,37.832874],[-77.531254,37.833203],[-77.530458,37.832297],[-77.527745,37.831187],[-77.525432,37.830923],[-77.524721,37.82787],[-77.525365,37.826673],[-77.525498,37.824581],[-77.524363,37.823531],[-77.523027,37.823317],[-77.522646,37.822603],[-77.523374,37.821093],[-77.52262,37.819742],[-77.520149,37.819593],[-77.517969,37.819043],[-77.516231,37.819065],[-77.514743,37.819679],[-77.512692,37.82178],[-77.511584,37.82222],[-77.510858,37.821314],[-77.507695,37.820692],[-77.505946,37.817539],[-77.50657,37.816485],[-77.502847,37.814249],[-77.499997,37.814365],[-77.498185,37.816217],[-77.496647,37.815152],[-77.49767,37.812977],[-77.496983,37.810611],[-77.497659,37.808886],[-77.496676,37.807888],[-77.495797,37.807981],[-77.494442,37.81003],[-77.494249,37.810086],[-77.494349,37.810578],[-77.49413,37.811511],[-77.493365,37.811862],[-77.491911,37.811995],[-77.489236,37.812351],[-77.488144,37.812431],[-77.486645,37.812318],[-77.485736,37.812082],[-77.484895,37.811659],[-77.483081,37.810206],[-77.482199,37.809932],[-77.481245,37.809986],[-77.479833,37.810396],[-77.47902,37.810484],[-77.478244,37.810199],[-77.476876,37.809099],[-77.475795,37.807907],[-77.475323,37.807472],[-77.474807,37.807177],[-77.474031,37.806984],[-77.473083,37.807144],[-77.472918,37.80716],[-77.472689,37.807154],[-77.471872,37.807134],[-77.471443,37.807244],[-77.47129,37.807375],[-77.471201,37.807576],[-77.471273,37.808592],[-77.471361,37.808961],[-77.471759,37.809793],[-77.471827,37.810188],[-77.471853,37.810339],[-77.471824,37.810801],[-77.471547,37.811288],[-77.47124,37.811597],[-77.469403,37.813082],[-77.468398,37.814186],[-77.467779,37.814754],[-77.46736,37.81497],[-77.466986,37.8151],[-77.46511,37.815563],[-77.464381,37.815578],[-77.463769,37.815451],[-77.460989,37.813317],[-77.460309,37.811422],[-77.45994,37.811097],[-77.458714,37.810272],[-77.457673,37.809725],[-77.457055,37.809025],[-77.456093,37.808114],[-77.45558,37.807162],[-77.455257,37.80628],[-77.453393,37.804976],[-77.452159,37.804299],[-77.450015,37.803357],[-77.449185,37.803087],[-77.44805,37.802922],[-77.446043,37.803327],[-77.445184,37.803459],[-77.443628,37.80386],[-77.442993,37.803866],[-77.44224,37.803619],[-77.441357,37.802911],[-77.441101,37.802418],[-77.440427,37.802227],[-77.43893,37.802113],[-77.437671,37.802292],[-77.436952,37.802249],[-77.43613,37.801879],[-77.435981,37.801622],[-77.435977,37.800948],[-77.435849,37.800721],[-77.434795,37.800511],[-77.432532,37.799481],[-77.431076,37.798897],[-77.430056,37.798305],[-77.427151,37.797426],[-77.426702,37.797384],[-77.426175,37.797579],[-77.425664,37.798203],[-77.424964,37.799627],[-77.424536,37.799879],[-77.423502,37.799819],[-77.423219,37.799802],[-77.422724,37.799733],[-77.422011,37.799414],[-77.421902,37.79931],[-77.420241,37.798591],[-77.418533,37.798534],[-77.415642,37.79897],[-77.412544,37.799814],[-77.410765,37.801133],[-77.409817,37.802095],[-77.409189,37.802915],[-77.408847,37.803083],[-77.407813,37.80333],[-77.407603,37.803218],[-77.407257,37.803073],[-77.406865,37.802981],[-77.40645,37.802837],[-77.406118,37.802812],[-77.405704,37.802869],[-77.405216,37.803071],[-77.404461,37.803726],[-77.404113,37.804194],[-77.403911,37.804761],[-77.403747,37.805037],[-77.403562,37.805233],[-77.403271,37.80544],[-77.403022,37.805568],[-77.402735,37.80565],[-77.402044,37.805734],[-77.401201,37.80565],[-77.40087,37.805561],[-77.400624,37.805526],[-77.400198,37.805308],[-77.399759,37.804933],[-77.39947,37.804756],[-77.399121,37.80463],[-77.398675,37.804504],[-77.398137,37.804385],[-77.397589,37.804342],[-77.396837,37.804434],[-77.396449,37.804302],[-77.3963,37.804193],[-77.395928,37.803832],[-77.395671,37.803502],[-77.395491,37.803238],[-77.395328,37.802877],[-77.395243,37.802442],[-77.395314,37.801695],[-77.395427,37.801288],[-77.395497,37.800941],[-77.395621,37.800102],[-77.395808,37.799388],[-77.395875,37.799196],[-77.396046,37.798858],[-77.396548,37.797575],[-77.396659,37.797165],[-77.396754,37.796655],[-77.396838,37.796463],[-77.396864,37.796108],[-77.396982,37.795498],[-77.397148,37.794928],[-77.397203,37.794673],[-77.397753,37.79338],[-77.397733,37.793248],[-77.397975,37.792464],[-77.398077,37.792012],[-77.398243,37.791517],[-77.398304,37.791239],[-77.398352,37.790799],[-77.398226,37.790321],[-77.398109,37.79015],[-77.397981,37.789878],[-77.397683,37.789585],[-77.397486,37.789458],[-77.397226,37.789236],[-77.397008,37.789138],[-77.396382,37.788973],[-77.395894,37.788874],[-77.395645,37.788801],[-77.39495,37.78852],[-77.394446,37.788365],[-77.393944,37.788171],[-77.393368,37.787925],[-77.392752,37.787582],[-77.392498,37.787506],[-77.391941,37.78738],[-77.39154,37.787252],[-77.39103,37.787006],[-77.390935,37.78689],[-77.391036,37.786585],[-77.39108,37.78655],[-77.391267,37.786426],[-77.391421,37.786309],[-77.391507,37.786207],[-77.391592,37.786086],[-77.39171,37.785959],[-77.391826,37.785835],[-77.391883,37.785734],[-77.392011,37.785498],[-77.392069,37.785427],[-77.392274,37.785243],[-77.392399,37.785118],[-77.392555,37.784988],[-77.392716,37.78487],[-77.392859,37.784741],[-77.393057,37.784553],[-77.393241,37.784488],[-77.393383,37.784416],[-77.393515,37.784389],[-77.393624,37.78438],[-77.393723,37.784385],[-77.393935,37.784372],[-77.394045,37.784353],[-77.394246,37.784353],[-77.394544,37.784357],[-77.394889,37.784395],[-77.395205,37.784413],[-77.395452,37.784436],[-77.395663,37.784453],[-77.395962,37.784498],[-77.396124,37.784543],[-77.396322,37.784627],[-77.396511,37.784716],[-77.396799,37.784883],[-77.397161,37.785082],[-77.397476,37.785219],[-77.397696,37.785288],[-77.398151,37.785425],[-77.398375,37.785487],[-77.398604,37.785576],[-77.398767,37.785638],[-77.3991,37.785715],[-77.399179,37.785736],[-77.399525,37.785824],[-77.401291,37.786126],[-77.402715,37.786268],[-77.403182,37.78622],[-77.403688,37.785925],[-77.405622,37.783252],[-77.405883,37.78206],[-77.405731,37.781355],[-77.405065,37.780177],[-77.404501,37.77977],[-77.40348,37.779361],[-77.399925,37.779714],[-77.399145,37.779504],[-77.398586,37.778915],[-77.398241,37.778322],[-77.398215,37.777831],[-77.398023,37.777457],[-77.397317,37.777289],[-77.396333,37.777209],[-77.394878,37.777422],[-77.393725,37.777799],[-77.392251,37.778001],[-77.391316,37.778229],[-77.390286,37.778574],[-77.389269,37.778794],[-77.388348,37.778854],[-77.387517,37.778749],[-77.386984,37.778474],[-77.386229,37.777789],[-77.385481,37.77742],[-77.384228,37.777319],[-77.383578,37.777414],[-77.382639,37.777748],[-77.382034,37.777828],[-77.380867,37.777786],[-77.37974,37.777366],[-77.378736,37.776482],[-77.378372,37.776307],[-77.376848,37.776169],[-77.375507,37.776168],[-77.374698,37.776365],[-77.373677,37.777013],[-77.372726,37.778549],[-77.372058,37.779405],[-77.371997,37.779482],[-77.371322,37.780614],[-77.371066,37.782173],[-77.370744,37.783599],[-77.370771,37.784255],[-77.371484,37.786682],[-77.371342,37.787213],[-77.37069,37.788242],[-77.369909,37.78865],[-77.369824,37.788672],[-77.369365,37.788813],[-77.369065,37.788894],[-77.368899,37.788912],[-77.368806,37.788917],[-77.368671,37.788938],[-77.368594,37.788952],[-77.368385,37.788952],[-77.36821,37.788939],[-77.368102,37.788942],[-77.368053,37.788943],[-77.367804,37.788907],[-77.36771,37.788885],[-77.36755,37.788875],[-77.367393,37.788895],[-77.367355,37.788905],[-77.367158,37.78888],[-77.366826,37.788879],[-77.366437,37.788816],[-77.366146,37.788773],[-77.365952,37.788731],[-77.365768,37.788704],[-77.365681,37.788694],[-77.365601,37.7887],[-77.36546,37.788736],[-77.36517,37.788789],[-77.365078,37.788683],[-77.36471,37.788463],[-77.364389,37.788331],[-77.364193,37.788383],[-77.363776,37.7884],[-77.3635,37.788452],[-77.363041,37.788586],[-77.362799,37.788753],[-77.362716,37.78901],[-77.362774,37.789184],[-77.362746,37.789559],[-77.362879,37.789887],[-77.362945,37.790121],[-77.363205,37.790348],[-77.363409,37.790434],[-77.363697,37.790776],[-77.364042,37.790896],[-77.36431,37.790945],[-77.364462,37.790941],[-77.365334,37.790828],[-77.365508,37.790764],[-77.366193,37.7909],[-77.366356,37.791011],[-77.366424,37.791204],[-77.366458,37.791482],[-77.366421,37.79185],[-77.366499,37.792063],[-77.366618,37.792576],[-77.366593,37.792928],[-77.366548,37.793086],[-77.36642,37.793311],[-77.366146,37.793595],[-77.365855,37.79379],[-77.365013,37.794144],[-77.364863,37.794191],[-77.364132,37.794504],[-77.363627,37.794681],[-77.36344,37.794724],[-77.362848,37.794958],[-77.362504,37.795232],[-77.362388,37.795425],[-77.362296,37.795782],[-77.362296,37.795938],[-77.362385,37.796224],[-77.36245,37.796533],[-77.362469,37.797088],[-77.362453,37.797429],[-77.36233,37.797661],[-77.36226,37.797653],[-77.361925,37.797459],[-77.361568,37.797386],[-77.360781,37.797371],[-77.360332,37.797271],[-77.359786,37.797229],[-77.359294,37.797157],[-77.35905,37.797148],[-77.358,37.797055],[-77.357474,37.796998],[-77.355535,37.796305],[-77.353066,37.795052],[-77.352208,37.794234],[-77.351738,37.793465],[-77.351725,37.792006],[-77.351574,37.791289],[-77.351171,37.790484],[-77.350268,37.789431],[-77.349339,37.788893],[-77.348493,37.788813],[-77.347517,37.789019],[-77.345223,37.789285],[-77.343934,37.789447],[-77.342818,37.789687],[-77.341367,37.790256],[-77.340036,37.790509],[-77.339253,37.790542],[-77.338172,37.790716],[-77.335857,37.791194],[-77.334662,37.791568],[-77.333971,37.791948],[-77.332847,37.792351],[-77.332199,37.792274],[-77.331753,37.791997],[-77.330546,37.790784],[-77.329963,37.789977],[-77.329508,37.789157],[-77.329238,37.787968],[-77.329365,37.786393],[-77.32938,37.785022],[-77.330013,37.783383],[-77.330097,37.782598],[-77.32977,37.781607],[-77.32878,37.78041],[-77.32841,37.779835],[-77.328419,37.779291],[-77.328584,37.779064],[-77.329673,37.778574],[-77.329683,37.777945],[-77.329474,37.777528],[-77.328806,37.776731],[-77.328305,37.776352],[-77.326438,37.773945],[-77.326046,37.773552],[-77.323892,37.771714],[-77.322623,37.770948],[-77.32203,37.770401],[-77.321719,37.769954],[-77.32274,37.768731],[-77.322958,37.767916],[-77.323287,37.767519],[-77.324102,37.767232],[-77.325114,37.767071],[-77.326432,37.76696],[-77.327187,37.767034],[-77.3288,37.767565],[-77.330794,37.767971],[-77.331898,37.767869],[-77.332566,37.767617],[-77.334853,37.766495],[-77.33595,37.765838],[-77.33739,37.764808],[-77.338227,37.763917],[-77.338456,37.763184],[-77.338283,37.76252],[-77.337908,37.761925],[-77.336639,37.76037],[-77.336094,37.759197],[-77.335974,37.759134],[-77.335603,37.758083],[-77.335543,37.756045],[-77.334409,37.754636],[-77.332575,37.753437],[-77.331652,37.753137],[-77.330788,37.753117],[-77.330232,37.753256],[-77.328507,37.753874],[-77.326172,37.754423],[-77.324936,37.75488],[-77.323494,37.755208],[-77.322227,37.755315],[-77.321709,37.755292],[-77.320069,37.754834],[-77.318885,37.754377],[-77.318308,37.753988],[-77.3173,37.753117],[-77.316796,37.752929],[-77.315947,37.752981],[-77.315112,37.753278],[-77.311191,37.754114],[-77.309745,37.754189],[-77.30675,37.754491],[-77.304123,37.755305],[-77.303586,37.755136],[-77.303265,37.75472],[-77.302371,37.753298],[-77.301969,37.752861],[-77.301224,37.75129],[-77.30122,37.750633],[-77.301598,37.749686],[-77.302408,37.748893],[-77.303279,37.747689],[-77.304109,37.746285],[-77.304165,37.745599],[-77.303962,37.745266],[-77.303757,37.744427],[-77.303874,37.74422],[-77.305293,37.743672],[-77.306837,37.741784],[-77.307418,37.74139],[-77.308024,37.741296],[-77.308515,37.741594],[-77.308864,37.742153],[-77.309373,37.742714],[-77.310531,37.743524],[-77.312146,37.744133],[-77.314106,37.744316],[-77.3184,37.743652],[-77.319232,37.743585],[-77.320521,37.743761],[-77.320949,37.743277],[-77.320939,37.742381],[-77.3209,37.740465],[-77.32102,37.739167],[-77.321359,37.738164],[-77.32082,37.737414],[-77.320645,37.736833],[-77.321245,37.735709],[-77.32251,37.734321],[-77.322662,37.734018],[-77.322496,37.733701],[-77.321768,37.733584],[-77.320992,37.7338],[-77.319608,37.734453],[-77.319043,37.734515],[-77.31802,37.733624],[-77.317509,37.733548],[-77.316167,37.733942],[-77.315486,37.734226],[-77.312745,37.735085],[-77.311977,37.735077],[-77.310895,37.735168],[-77.310345,37.73525],[-77.309628,37.735431],[-77.309263,37.735572],[-77.308013,37.735735],[-77.307247,37.735567],[-77.306138,37.735201],[-77.305849,37.735094],[-77.301886,37.736789],[-77.300593,37.73763],[-77.299417,37.738574],[-77.298795,37.738947],[-77.297937,37.739266],[-77.296506,37.739601],[-77.295503,37.739765],[-77.293983,37.73991],[-77.293509,37.739804],[-77.293463,37.739266],[-77.293763,37.738804],[-77.294191,37.737253],[-77.293631,37.735605],[-77.29354,37.734905],[-77.293595,37.734456],[-77.295412,37.732963],[-77.296233,37.731983],[-77.29678,37.731],[-77.297236,37.729944],[-77.297324,37.729],[-77.297254,37.726543],[-77.297153,37.726019],[-77.297265,37.724712],[-77.297181,37.724275],[-77.295172,37.722025],[-77.294628,37.7214],[-77.293538,37.719835],[-77.293344,37.719382],[-77.293087,37.718275],[-77.292478,37.716321],[-77.292437,37.715478],[-77.292628,37.714927],[-77.292404,37.714067],[-77.291967,37.713961],[-77.291435,37.714087],[-77.290782,37.714449],[-77.289165,37.715153],[-77.289453,37.712983],[-77.292008,37.71071],[-77.293812,37.710084],[-77.298889,37.713908],[-77.308336,37.708146],[-77.312658,37.708979],[-77.313909,37.707562],[-77.313867,37.706173],[-77.314869,37.704701],[-77.315063,37.703328],[-77.318719,37.700856],[-77.322092,37.698736],[-77.322617,37.699324],[-77.325064,37.699966],[-77.32731,37.699784],[-77.326804,37.698709],[-77.326417,37.697161],[-77.328587,37.694616],[-77.329643,37.693841],[-77.330057,37.689085],[-77.329913,37.689065],[-77.329894,37.687779],[-77.329015,37.686691],[-77.329176,37.684764],[-77.327181,37.682936],[-77.32859,37.681027],[-77.329523,37.680602],[-77.32827,37.677625],[-77.329387,37.677787],[-77.330483,37.677124],[-77.329693,37.675818],[-77.328883,37.675886],[-77.32804,37.674074],[-77.326875,37.673737],[-77.325404,37.672179],[-77.324035,37.67153],[-77.323206,37.670108],[-77.322156,37.669888],[-77.321278,37.668592],[-77.318846,37.667203],[-77.317402,37.667313],[-77.314362,37.667187],[-77.313664,37.667829],[-77.312994,37.668269],[-77.3063,37.667906],[-77.304849,37.668527],[-77.302983,37.668537],[-77.301001,37.667225],[-77.300614,37.665863],[-77.29916,37.66429],[-77.299222,37.660707],[-77.29855,37.659592],[-77.296158,37.65798],[-77.292639,37.656471],[-77.289619,37.652282],[-77.289338,37.64915],[-77.289808,37.648022],[-77.288106,37.643805],[-77.290831,37.642669],[-77.292542,37.640741],[-77.296076,37.639787],[-77.298295,37.639676],[-77.300232,37.639609],[-77.299273,37.637769],[-77.29881,37.636341],[-77.298325,37.630278],[-77.298092,37.627237],[-77.298062,37.627092],[-77.297712,37.625343],[-77.298889,37.62199],[-77.298831,37.619429],[-77.298748,37.617856],[-77.29938,37.614386],[-77.300438,37.612665],[-77.30599,37.608868],[-77.308996,37.607323],[-77.311259,37.606458],[-77.31089,37.603909],[-77.309663,37.602717],[-77.310797,37.598573],[-77.310583,37.597237],[-77.310663,37.596221],[-77.312007,37.595214],[-77.31549,37.59273],[-77.317352,37.590439],[-77.315799,37.589633],[-77.310951,37.587257],[-77.306809,37.586426],[-77.303611,37.586919],[-77.302038,37.586719],[-77.298567,37.58713],[-77.296508,37.587462],[-77.294537,37.586718],[-77.29251,37.584334],[-77.291641,37.58321],[-77.290789,37.582133],[-77.290818,37.57857],[-77.291458,37.577418],[-77.298002,37.573189],[-77.299826,37.571411],[-77.303227,37.5681],[-77.30354,37.567795],[-77.303961,37.567385],[-77.30829,37.563095],[-77.307773,37.562622],[-77.307197,37.561862],[-77.305938,37.561011],[-77.304279,37.560411],[-77.302335,37.5598],[-77.301129,37.559712],[-77.299142,37.559719],[-77.297326,37.560282],[-77.296158,37.560332],[-77.295455,37.560625],[-77.29334,37.561013],[-77.291233,37.560616],[-77.289885,37.559637],[-77.288833,37.558114],[-77.288379,37.557487],[-77.286913,37.556313],[-77.286104,37.555991],[-77.285144,37.55588],[-77.283999,37.555352],[-77.283665,37.555308],[-77.283379,37.555539],[-77.282728,37.555552],[-77.281889,37.555719],[-77.28076,37.555003],[-77.280296,37.555025],[-77.279773,37.554511],[-77.27896,37.554095],[-77.278083,37.554199],[-77.27711,37.554118],[-77.276515,37.553537],[-77.276118,37.553316],[-77.275698,37.552925],[-77.275048,37.552736],[-77.274235,37.552745],[-77.273601,37.552434],[-77.272432,37.552298],[-77.271508,37.552278],[-77.270908,37.551959],[-77.270602,37.551788],[-77.27022,37.551617],[-77.269897,37.551538],[-77.269045,37.551665],[-77.268482,37.551662],[-77.268193,37.551648],[-77.268129,37.551644],[-77.267672,37.551687],[-77.267227,37.551736],[-77.266952,37.551773],[-77.266572,37.551857],[-77.26631,37.551887],[-77.26612,37.5519],[-77.265959,37.551867],[-77.265881,37.551841],[-77.26505,37.551197],[-77.264938,37.551137],[-77.264798,37.551064],[-77.264539,37.550922],[-77.264383,37.550767],[-77.264348,37.550734],[-77.264296,37.550685],[-77.264253,37.550607],[-77.26422,37.550557],[-77.264117,37.550456],[-77.264086,37.550405],[-77.264079,37.550357],[-77.263994,37.5502],[-77.263929,37.550131],[-77.263828,37.550066],[-77.263676,37.549909],[-77.263654,37.549886],[-77.263563,37.549759],[-77.263458,37.54965],[-77.263434,37.549648],[-77.263277,37.549729],[-77.263136,37.549765],[-77.262793,37.549777],[-77.262628,37.549762],[-77.262547,37.549753],[-77.262287,37.549709],[-77.261823,37.549694],[-77.261732,37.549696],[-77.261549,37.549722],[-77.261437,37.549712],[-77.261366,37.549702],[-77.261288,37.549675],[-77.261131,37.549597],[-77.260933,37.549487],[-77.260886,37.549461],[-77.260691,37.549395],[-77.260602,37.549374],[-77.260455,37.549319],[-77.260238,37.549192],[-77.260222,37.549185],[-77.260083,37.549114],[-77.259972,37.549058],[-77.259922,37.54903],[-77.259835,37.548972],[-77.259741,37.548909],[-77.259607,37.548765],[-77.259569,37.548739],[-77.259468,37.54862],[-77.259398,37.548502],[-77.259295,37.548372],[-77.259295,37.548362],[-77.259285,37.548333],[-77.259279,37.548276],[-77.259285,37.548148],[-77.25931,37.548084],[-77.259423,37.547927],[-77.259441,37.547865],[-77.259428,37.547661],[-77.25935,37.547285],[-77.259268,37.547042],[-77.259231,37.546967],[-77.259199,37.546941],[-77.259114,37.54689],[-77.259055,37.546857],[-77.258644,37.546704],[-77.258512,37.546646],[-77.258351,37.546568],[-77.258077,37.546458],[-77.257807,37.546374],[-77.257551,37.54629],[-77.257402,37.546211],[-77.257298,37.546142],[-77.257098,37.545982],[-77.256953,37.5458],[-77.256824,37.545558],[-77.256742,37.545447],[-77.256661,37.545369],[-77.256577,37.545323],[-77.256463,37.54529],[-77.256152,37.545243],[-77.256073,37.545239],[-77.255843,37.545195],[-77.255657,37.545122],[-77.255343,37.544922],[-77.255173,37.544833],[-77.254848,37.544674],[-77.254724,37.544606],[-77.254671,37.544556],[-77.254565,37.544409],[-77.254405,37.544088],[-77.254339,37.543949],[-77.254269,37.543726],[-77.254227,37.543547],[-77.254141,37.543352],[-77.253953,37.543058],[-77.253724,37.542726],[-77.25355,37.542618],[-77.253303,37.542474],[-77.252959,37.542303],[-77.252774,37.542246],[-77.252649,37.542234],[-77.252545,37.542249],[-77.252474,37.542275],[-77.25242,37.542312],[-77.252289,37.54242],[-77.252072,37.542483],[-77.251951,37.542479],[-77.251717,37.542458],[-77.251559,37.542431],[-77.25118,37.542317],[-77.250901,37.542152],[-77.250779,37.542027],[-77.250479,37.5419],[-77.250375,37.541868],[-77.250312,37.54183],[-77.250182,37.541668],[-77.250125,37.541579],[-77.250042,37.541421],[-77.249982,37.54129],[-77.249938,37.541217],[-77.249887,37.541164],[-77.249765,37.541069],[-77.249555,37.540956],[-77.249413,37.540818],[-77.249233,37.54075],[-77.249061,37.540713],[-77.248723,37.540646],[-77.2485,37.54058],[-77.248106,37.540456],[-77.248066,37.540452],[-77.247856,37.540481],[-77.24771,37.540469],[-77.247635,37.540441],[-77.247509,37.540355],[-77.247438,37.540281],[-77.247409,37.540236],[-77.247351,37.540093],[-77.247303,37.539939],[-77.247168,37.539749],[-77.246979,37.539595],[-77.246872,37.539436],[-77.246806,37.53931],[-77.24661,37.539235],[-77.246469,37.539218],[-77.246195,37.539196],[-77.245811,37.539139],[-77.245667,37.539123],[-77.244917,37.539051],[-77.244682,37.539016],[-77.244557,37.539034],[-77.244533,37.539053],[-77.244407,37.539154],[-77.244312,37.539259],[-77.244169,37.539348],[-77.243924,37.539436],[-77.243844,37.539446],[-77.243572,37.539455],[-77.243475,37.539444],[-77.243235,37.539379],[-77.243048,37.539235],[-77.242833,37.538882],[-77.242721,37.53876],[-77.242652,37.538714],[-77.24228,37.538621],[-77.242091,37.538594],[-77.241727,37.538602],[-77.241595,37.538618],[-77.24129,37.538575],[-77.241184,37.538516],[-77.241064,37.538336],[-77.241058,37.538237],[-77.241034,37.538135],[-77.240988,37.538088],[-77.241023,37.53797],[-77.240955,37.537876],[-77.240884,37.537825],[-77.240814,37.537804],[-77.240732,37.537803],[-77.240416,37.53785],[-77.240074,37.537892],[-77.239902,37.537933],[-77.239756,37.537983],[-77.239509,37.538077],[-77.239359,37.538141],[-77.239215,37.53822],[-77.239059,37.538294],[-77.238553,37.53848],[-77.238486,37.53852],[-77.23843,37.538574],[-77.238404,37.538638],[-77.238403,37.538744],[-77.238385,37.538796],[-77.238307,37.538891],[-77.238229,37.538944],[-77.238058,37.539027],[-77.237915,37.539074],[-77.237736,37.539094],[-77.23766,37.539086],[-77.237592,37.539056],[-77.237525,37.538994],[-77.2374,37.5389],[-77.237351,37.538884],[-77.237241,37.53887],[-77.237181,37.538876],[-77.236912,37.538943],[-77.236731,37.538959],[-77.236602,37.538949],[-77.236535,37.538932],[-77.23631,37.538918],[-77.235963,37.538877],[-77.235387,37.538702],[-77.235378,37.53863],[-77.235272,37.538584],[-77.235196,37.538572],[-77.235132,37.538574],[-77.235058,37.538592],[-77.234788,37.538677],[-77.234646,37.538804],[-77.2345,37.538856],[-77.234428,37.538868],[-77.234303,37.538871],[-77.23415,37.538863],[-77.233785,37.538835],[-77.233353,37.539002],[-77.233238,37.539074],[-77.232703,37.539553],[-77.231494,37.539466],[-77.231061,37.538459],[-77.231071,37.538341],[-77.231024,37.538168],[-77.230831,37.537901],[-77.230592,37.537621],[-77.230539,37.537514],[-77.230539,37.537391],[-77.230564,37.537244],[-77.23046,37.537142],[-77.230345,37.537109],[-77.230067,37.537066],[-77.229907,37.536947],[-77.229734,37.53688],[-77.229557,37.536863],[-77.229127,37.536856],[-77.228984,37.536827],[-77.228661,37.536545],[-77.228504,37.536398],[-77.228466,37.536357],[-77.228286,37.536077],[-77.227906,37.535402],[-77.227541,37.534814],[-77.227299,37.534479],[-77.227175,37.534348],[-77.226968,37.534167],[-77.22674,37.533991],[-77.226588,37.533898],[-77.226512,37.53387],[-77.226361,37.533859],[-77.226237,37.533887],[-77.226078,37.533931],[-77.22572,37.534079],[-77.22543,37.534156],[-77.225209,37.534145],[-77.225085,37.534101],[-77.224864,37.533975],[-77.224795,37.533948],[-77.224671,37.53392],[-77.224506,37.533915],[-77.223906,37.53397],[-77.223623,37.533981],[-77.223347,37.533986],[-77.223181,37.533954],[-77.22303,37.533899],[-77.222974,37.533816],[-77.222974,37.533761],[-77.223036,37.533597],[-77.223036,37.533564],[-77.222926,37.533459],[-77.222758,37.533376],[-77.222557,37.533326],[-77.222423,37.533315],[-77.2219,37.533325],[-77.221669,37.533317],[-77.221306,37.533252],[-77.221244,37.533229],[-77.221051,37.533002],[-77.220906,37.532896],[-77.220725,37.532782],[-77.220616,37.532697],[-77.220527,37.532537],[-77.2205,37.532436],[-77.220498,37.53229],[-77.220512,37.532213],[-77.220622,37.531867],[-77.220629,37.531714],[-77.22058,37.531598],[-77.220532,37.531527],[-77.220152,37.531066],[-77.220139,37.531005],[-77.220146,37.530912],[-77.2204,37.530143],[-77.220449,37.530028],[-77.220573,37.529797],[-77.22069,37.529605],[-77.220821,37.529303],[-77.220669,37.529121],[-77.2206,37.529006],[-77.220551,37.528863],[-77.220579,37.528056],[-77.220572,37.527792],[-77.220551,37.527704],[-77.220406,37.527485],[-77.220254,37.527221],[-77.220164,37.527139],[-77.220082,37.527111],[-77.220013,37.527106],[-77.219765,37.527122],[-77.219578,37.527089],[-77.219502,37.527057],[-77.21924,37.526903],[-77.219164,37.52687],[-77.219068,37.526843],[-77.218895,37.526821],[-77.218606,37.526881],[-77.21853,37.526865],[-77.218282,37.526744],[-77.218144,37.526645],[-77.217889,37.52642],[-77.217792,37.526365],[-77.217509,37.526272],[-77.217413,37.526222],[-77.217323,37.526151],[-77.21715,37.526041],[-77.216744,37.525855],[-77.21613,37.525679],[-77.215999,37.525651],[-77.215254,37.525542],[-77.215157,37.52552],[-77.214971,37.525443],[-77.214847,37.525372],[-77.214773,37.525231],[-77.214593,37.524723],[-77.214521,37.524578],[-77.212509,37.52323],[-77.212656,37.522011],[-77.21239,37.521363],[-77.211507,37.520994],[-77.211211,37.520664],[-77.210752,37.520741],[-77.21029,37.520443],[-77.210121,37.520081],[-77.209427,37.519257],[-77.209331,37.518985],[-77.209419,37.51825],[-77.209279,37.517769],[-77.209105,37.517464],[-77.209093,37.517387],[-77.209066,37.517052],[-77.208996,37.51685],[-77.208999,37.516785],[-77.208964,37.516673],[-77.208914,37.51656],[-77.208893,37.516532],[-77.208808,37.516423],[-77.208695,37.516304],[-77.208627,37.516279],[-77.208535,37.516275],[-77.20844,37.516253],[-77.208307,37.516189],[-77.208203,37.516147],[-77.207949,37.516093],[-77.207836,37.516041],[-77.207738,37.516026],[-77.20761,37.516066],[-77.207501,37.516113],[-77.207391,37.516195],[-77.207286,37.51621],[-77.207232,37.51621],[-77.207172,37.5162],[-77.206939,37.516134],[-77.206809,37.516154],[-77.206713,37.516159],[-77.206607,37.516126],[-77.206529,37.516088],[-77.206356,37.516024],[-77.206239,37.515977],[-77.206195,37.51593],[-77.206152,37.515868],[-77.206046,37.515735],[-77.205895,37.515516],[-77.205842,37.515402],[-77.205835,37.515357],[-77.205768,37.515276],[-77.205881,37.515245],[-77.205994,37.515201],[-77.206044,37.515182],[-77.206077,37.515172],[-77.206175,37.515153],[-77.206265,37.515156],[-77.206352,37.515176],[-77.206519,37.51523],[-77.206563,37.515226],[-77.2066,37.515205],[-77.206669,37.515114],[-77.206683,37.51508],[-77.20671,37.514975],[-77.206682,37.514871],[-77.206665,37.514838],[-77.206672,37.514806],[-77.206694,37.514775],[-77.206729,37.514758],[-77.206803,37.514801],[-77.206976,37.514489],[-77.207121,37.514293],[-77.207007,37.513446],[-77.206373,37.513616],[-77.206215,37.513348],[-77.205627,37.512956],[-77.204545,37.512698],[-77.204027,37.513123],[-77.203714,37.513215],[-77.203415,37.512996],[-77.202667,37.512866],[-77.2025,37.512257],[-77.201668,37.511978],[-77.201677,37.511582],[-77.201325,37.511104],[-77.199398,37.509899],[-77.198857,37.509713],[-77.198481,37.509427],[-77.198184,37.508965],[-77.197383,37.508932],[-77.196806,37.508551],[-77.19539,37.508147],[-77.194787,37.507828],[-77.193983,37.50754],[-77.193719,37.5072],[-77.192962,37.506598],[-77.192785,37.506067],[-77.192791,37.504889],[-77.192475,37.504285],[-77.192523,37.503983],[-77.192882,37.503664],[-77.192868,37.503406],[-77.191958,37.502868],[-77.191937,37.501237],[-77.191441,37.500693],[-77.1906,37.500622],[-77.189862,37.500144],[-77.189048,37.500136],[-77.188595,37.50028],[-77.188164,37.500224],[-77.187883,37.499746],[-77.188426,37.499298],[-77.188632,37.498704],[-77.188584,37.498289],[-77.188346,37.49796],[-77.188058,37.497969],[-77.187439,37.497561],[-77.186672,37.49775],[-77.186547,37.498087],[-77.186055,37.49798],[-77.185984,37.497356],[-77.185013,37.496286],[-77.184836,37.49572],[-77.183851,37.495283],[-77.183043,37.494746],[-77.182423,37.493933],[-77.181203,37.493153],[-77.180486,37.493573],[-77.180437,37.493574],[-77.180379,37.493548],[-77.180287,37.493523],[-77.180164,37.493458],[-77.180058,37.493419],[-77.179995,37.493387],[-77.179961,37.493357],[-77.179941,37.493329],[-77.179955,37.492657],[-77.178538,37.491401],[-77.176982,37.491367],[-77.177324,37.4906],[-77.176778,37.488688],[-77.174765,37.488606],[-77.171264,37.487238],[-77.17063,37.485936],[-77.171113,37.484162],[-77.170072,37.482641],[-77.170383,37.481416],[-77.168811,37.480899],[-77.166647,37.481915],[-77.164655,37.48471],[-77.163483,37.485523],[-77.161043,37.486143],[-77.160002,37.485797],[-77.158437,37.486203],[-77.1575,37.485615],[-77.157728,37.483692],[-77.159514,37.482292],[-77.160426,37.479162],[-77.161638,37.476516],[-77.160805,37.475302],[-77.15786,37.474529],[-77.154782,37.476275],[-77.15244,37.477013],[-77.15032,37.477286],[-77.147394,37.475738],[-77.144161,37.476396],[-77.141791,37.476285],[-77.141083,37.473412],[-77.142985,37.471947],[-77.143296,37.47053],[-77.14258,37.468706],[-77.141747,37.468382],[-77.1388,37.469208],[-77.138175,37.469814],[-77.136696,37.469758],[-77.133029,37.470658],[-77.131567,37.471558],[-77.129066,37.470826],[-77.128611,37.471403],[-77.126984,37.471622],[-77.126765,37.470512],[-77.125628,37.469858],[-77.124114,37.467898],[-77.123409,37.464658],[-77.122739,37.463142],[-77.121112,37.462698],[-77.11983,37.461315],[-77.1185,37.461557],[-77.118554,37.460305],[-77.117808,37.458797],[-77.118008,37.457367],[-77.119006,37.456938],[-77.119073,37.455822],[-77.117985,37.455267],[-77.116978,37.454039],[-77.116186,37.454517],[-77.11531,37.452765],[-77.114753,37.453634],[-77.113621,37.453058],[-77.111783,37.453503],[-77.10964,37.452834],[-77.107393,37.451127],[-77.107806,37.450237],[-77.10629,37.449551],[-77.105483,37.44853],[-77.100646,37.447087],[-77.101279,37.444802],[-77.100334,37.443879],[-77.098336,37.442952],[-77.098625,37.44232],[-77.095814,37.440292],[-77.094219,37.441024],[-77.093108,37.440465],[-77.086728,37.441376],[-77.086392,37.439894],[-77.08354,37.439864],[-77.082335,37.44054],[-77.080774,37.439973],[-77.079752,37.440747],[-77.078546,37.440076],[-77.077071,37.440355],[-77.076287,37.441287],[-77.075617,37.440484],[-77.073502,37.44057],[-77.07315,37.439649],[-77.070143,37.439931],[-77.069125,37.439434],[-77.0689,37.437904],[-77.066489,37.436621],[-77.065446,37.437169],[-77.062012,37.435969],[-77.060775,37.435822],[-77.059687,37.434261],[-77.060391,37.433116],[-77.060798,37.433823],[-77.06154,37.43296],[-77.060991,37.431423],[-77.059717,37.429001],[-77.057855,37.429122],[-77.057478,37.430493],[-77.055597,37.431706],[-77.05299,37.430903],[-77.053401,37.431929],[-77.052205,37.431468],[-77.050797,37.432161],[-77.049424,37.432077],[-77.048146,37.431301],[-77.046913,37.431791],[-77.045764,37.431111],[-77.045924,37.430002],[-77.044732,37.429397],[-77.043597,37.430132],[-77.040743,37.429453],[-77.039359,37.429737],[-77.038375,37.429178],[-77.037245,37.429137],[-77.037286,37.428318],[-77.035568,37.426838],[-77.034405,37.426842],[-77.034861,37.427792],[-77.032513,37.428477],[-77.031231,37.429426],[-77.031239,37.428421],[-77.029999,37.428569],[-77.029111,37.427284],[-77.028546,37.427932],[-77.029412,37.429124],[-77.028663,37.429391],[-77.027573,37.428046],[-77.026677,37.429006],[-77.026375,37.428888],[-77.026116,37.428473],[-77.025734,37.428323],[-77.025398,37.427844],[-77.025868,37.427466],[-77.02599,37.427127],[-77.025246,37.427054],[-77.024777,37.426498],[-77.025065,37.425725],[-77.024726,37.425111],[-77.024567,37.424483],[-77.024057,37.423854],[-77.024404,37.4234],[-77.024075,37.422984],[-77.023728,37.422831],[-77.024148,37.422023],[-77.024293,37.421503],[-77.024068,37.420898],[-77.023106,37.420915],[-77.022018,37.421339],[-77.021845,37.421247],[-77.021862,37.420756],[-77.02235,37.420538],[-77.023578,37.4203],[-77.024721,37.420156],[-77.024599,37.419516],[-77.023809,37.418485],[-77.023601,37.417816],[-77.022212,37.416975],[-77.021316,37.41601],[-77.020466,37.415772],[-77.019051,37.41556],[-77.018793,37.415356],[-77.018267,37.41529],[-77.018321,37.414976],[-77.017771,37.4145],[-77.016931,37.414164],[-77.01611,37.414015],[-77.015501,37.414703],[-77.013786,37.415168],[-77.013315,37.41535],[-77.013097,37.415811],[-77.013073,37.416675],[-77.012473,37.417462],[-77.012011,37.417681],[-77.01117,37.417406],[-77.011048,37.417028],[-77.011373,37.416673],[-77.011302,37.416077],[-77.010835,37.415668],[-77.009823,37.415422],[-77.009312,37.414576],[-77.008672,37.414135],[-77.007648,37.413749],[-77.00678,37.413728],[-77.005624,37.414019],[-77.003289,37.414941],[-76.999688,37.417295],[-76.999049,37.417845],[-76.998263,37.418196],[-76.997526,37.418183],[-76.996374,37.41794],[-76.994854,37.417157],[-76.993931,37.416605],[-76.992686,37.416128],[-76.992118,37.415792],[-76.991476,37.414917],[-76.991051,37.41483],[-76.988911,37.414961],[-76.988256,37.415117],[-76.986785,37.415866],[-76.986264,37.416327],[-76.985756,37.417539],[-76.984575,37.417665],[-76.98391,37.417878],[-76.983639,37.418113],[-76.983392,37.419081],[-76.983238,37.420266],[-76.982707,37.420809],[-76.982,37.420861],[-76.98127,37.420429],[-76.980133,37.419515],[-76.979243,37.419342],[-76.976765,37.418725],[-76.975988,37.41886],[-76.974242,37.419011],[-76.971672,37.418353],[-76.969622,37.416743],[-76.969479,37.415243],[-76.971196,37.413335],[-76.972732,37.410208],[-76.972504,37.409379],[-76.971041,37.407992],[-76.968821,37.406511],[-76.956555,37.403826],[-76.953999,37.403491],[-76.95192,37.403967],[-76.948549,37.405892],[-76.945356,37.40884],[-76.943083,37.410389],[-76.940828,37.409883],[-76.93847,37.407354],[-76.937449,37.4054],[-76.936854,37.403419],[-76.93703,37.401171],[-76.93802,37.39953],[-76.942859,37.396439],[-76.945329,37.394115],[-76.946108,37.391081],[-76.945604,37.385998],[-76.944854,37.383938],[-76.942518,37.383238],[-76.940987,37.383729],[-76.93967,37.384726],[-76.93643,37.386545],[-76.933289,37.387985],[-76.932297,37.389335],[-76.931593,37.391538],[-76.931176,37.396311],[-76.930205,37.397823],[-76.92761,37.399566],[-76.925772,37.399405],[-76.919462,37.396383],[-76.917993,37.395327],[-76.915321,37.395805],[-76.913714,37.397464],[-76.911009,37.399522],[-76.909808,37.403234],[-76.908061,37.405079],[-76.906882,37.405438],[-76.90492,37.404914],[-76.904116,37.403821],[-76.905039,37.397096],[-76.906368,37.392609],[-76.908216,37.390861],[-76.914843,37.38977],[-76.917323,37.389204],[-76.918757,37.387401],[-76.918847,37.385522],[-76.917932,37.384261],[-76.915248,37.382644],[-76.905683,37.378105],[-76.904471,37.377665],[-76.898695,37.375569],[-76.897792,37.373802],[-76.898953,37.371789],[-76.901139,37.36998],[-76.902715,37.369083],[-76.908503,37.366346],[-76.910444,37.364091],[-76.912136,37.359633],[-76.914226,37.356791],[-76.915622,37.35387],[-76.915863,37.352615],[-76.913304,37.349989],[-76.909647,37.348643],[-76.907978,37.349015],[-76.905353,37.350644],[-76.90198,37.356222],[-76.899517,37.359028],[-76.896404,37.360846],[-76.891162,37.362096],[-76.888855,37.363969],[-76.887475,37.366423],[-76.88477,37.368566],[-76.881463,37.369253],[-76.878446,37.369443],[-76.877099,37.369189],[-76.874437,37.365427],[-76.873507,37.363415],[-76.87362,37.362044],[-76.874685,37.360211],[-76.87834,37.35529],[-76.879811,37.352789],[-76.880598,37.350241],[-76.880139,37.348681],[-76.877446,37.347593],[-76.874685,37.346012],[-76.873632,37.342561],[-76.874206,37.340167],[-76.87553,37.3383],[-76.876619,37.333224],[-76.87563,37.329564],[-76.876077,37.32553],[-76.875555,37.322922],[-76.874685,37.320434],[-76.875256,37.317713],[-76.879351,37.311722],[-76.880005,37.309874],[-76.87944,37.307411],[-76.878374,37.304863],[-76.876928,37.302713],[-76.874685,37.301045],[-76.871995,37.298399],[-76.871685,37.295597],[-76.872806,37.293713],[-76.874685,37.291961],[-76.877896,37.290045],[-76.880831,37.287259],[-76.881564,37.285509],[-76.88176,37.28335],[-76.881459,37.281349],[-76.882612,37.278539],[-76.883076,37.275924],[-76.882047,37.271683],[-76.878902,37.266014],[-76.877218,37.263633],[-76.873588,37.264468],[-76.869906,37.264653],[-76.868074,37.264172],[-76.861687,37.261425],[-76.840478,37.255274],[-76.838581,37.256158],[-76.834168,37.258404],[-76.831743,37.258572],[-76.829897,37.259811],[-76.827138,37.264621],[-76.824538,37.268049],[-76.822691,37.26857],[-76.819281,37.269863],[-76.818507,37.274062],[-76.81627,37.275255],[-76.814387,37.275512],[-76.807334,37.275206],[-76.804737,37.281332],[-76.804692,37.281427],[-76.799492,37.279717],[-76.797622,37.279448],[-76.795179,37.279976],[-76.792719,37.279984],[-76.789395,37.278827],[-76.788251,37.2787],[-76.786817,37.278846],[-76.78138,37.280212],[-76.779562,37.279795],[-76.778405,37.278552],[-76.777405,37.277397],[-76.776475,37.277985],[-76.772905,37.279227],[-76.771737,37.278942],[-76.768328,37.278895],[-76.766208,37.279856],[-76.765807,37.280817],[-76.763744,37.281754],[-76.761874,37.281471],[-76.761439,37.280771],[-76.757784,37.281582],[-76.756266,37.283571],[-76.753413,37.284063],[-76.752951,37.288251],[-76.752182,37.291775],[-76.751155,37.293775],[-76.748585,37.296683],[-76.745601,37.299089],[-76.745475,37.299201],[-76.74931,37.30094],[-76.749823,37.301336],[-76.750899,37.303869],[-76.750914,37.30401],[-76.752137,37.306687],[-76.747357,37.310859],[-76.747191,37.311029],[-76.746588,37.312372],[-76.746502,37.3143],[-76.744255,37.314861],[-76.741983,37.315158],[-76.740159,37.315333],[-76.739116,37.315408],[-76.738745,37.315435],[-76.737121,37.315548],[-76.73599,37.315638],[-76.733803,37.315863],[-76.732421,37.312719],[-76.732114,37.312749],[-76.731039,37.31285],[-76.729601,37.312979],[-76.72893,37.3101],[-76.728762,37.308016],[-76.727859,37.305927],[-76.727304,37.303457],[-76.727341,37.302694],[-76.727675,37.301202],[-76.727264,37.298783],[-76.725619,37.295454],[-76.724357,37.295766],[-76.721706,37.289692],[-76.720094,37.286339],[-76.720048,37.286235],[-76.718789,37.283933],[-76.7158,37.280639],[-76.714046,37.279343],[-76.710106,37.277362],[-76.709861,37.282726],[-76.70941,37.282597],[-76.704121,37.283289],[-76.701684,37.282892],[-76.701571,37.282892],[-76.699902,37.284042],[-76.699896,37.284139],[-76.698805,37.285418],[-76.695604,37.285984],[-76.69212,37.287687],[-76.690643,37.288751],[-76.691172,37.290599],[-76.69035,37.291757],[-76.688835,37.292628],[-76.686992,37.292864],[-76.686883,37.29289],[-76.685665,37.29371],[-76.682255,37.292672],[-76.68222,37.292673],[-76.682085,37.292671],[-76.681996,37.292664],[-76.681976,37.292661],[-76.68187,37.292642],[-76.68167,37.292608],[-76.681718,37.292037],[-76.681724,37.291965],[-76.682018,37.288587],[-76.681809,37.286559],[-76.681561,37.281325],[-76.678626,37.279439],[-76.678901,37.278991],[-76.678627,37.278262],[-76.678326,37.277586],[-76.678406,37.277433],[-76.678297,37.276808],[-76.680581,37.275244],[-76.681107,37.273896],[-76.682238,37.273262],[-76.682277,37.273191],[-76.682772,37.272572],[-76.684786,37.270769],[-76.684033,37.269051],[-76.681809,37.267301],[-76.680464,37.266238],[-76.680151,37.265997],[-76.678385,37.265553],[-76.677211,37.265624],[-76.675252,37.265855],[-76.675124,37.265864],[-76.672251,37.265979],[-76.672048,37.265999],[-76.670165,37.266159],[-76.667951,37.265506],[-76.665824,37.264063],[-76.665268,37.263153],[-76.664873,37.262258],[-76.664134,37.260506],[-76.664047,37.259663],[-76.663441,37.257385],[-76.663591,37.255761],[-76.663542,37.255086],[-76.663502,37.254266],[-76.662989,37.252683],[-76.662927,37.252475],[-76.662309,37.2517],[-76.662466,37.251609],[-76.664971,37.250237],[-76.670005,37.248353],[-76.673143,37.247657],[-76.677799,37.247226],[-76.682638,37.247226],[-76.686144,37.24723],[-76.690412,37.247579],[-76.695876,37.248691],[-76.698378,37.249016],[-76.700271,37.248744],[-76.700216,37.248574],[-76.699939,37.247519],[-76.699348,37.242875],[-76.697938,37.23864],[-76.697182,37.234322],[-76.697076,37.233813],[-76.696274,37.23162],[-76.695121,37.229915],[-76.694553,37.227587],[-76.69468,37.226487],[-76.694907,37.225594],[-76.694864,37.225368],[-76.69451,37.224562],[-76.694474,37.22465],[-76.693839,37.223104],[-76.693585,37.22298],[-76.691806,37.210867],[-76.689886,37.210962],[-76.679742,37.21093],[-76.677659,37.210694],[-76.67635,37.210546],[-76.670798,37.208946],[-76.663501,37.205826],[-76.658827,37.203045],[-76.652445,37.198818],[-76.646173,37.19373],[-76.644877,37.192162],[-76.642845,37.188786],[-76.642301,37.17877],[-76.641581,37.153827],[-76.641085,37.154611],[-76.61689,37.163744],[-76.610984,37.167114],[-76.60721,37.168946],[-76.60478,37.170644],[-76.603768,37.171982],[-76.602938,37.172583],[-76.601537,37.174311],[-76.601498,37.174358],[-76.601521,37.174401],[-76.601585,37.174512],[-76.601617,37.174583],[-76.601631,37.174658],[-76.60163,37.174728],[-76.601612,37.174798],[-76.601583,37.174845],[-76.601539,37.174911],[-76.601453,37.174998],[-76.601359,37.17504],[-76.601258,37.175068],[-76.601144,37.175097],[-76.60103,37.175114],[-76.600937,37.175118],[-76.600838,37.17511],[-76.600802,37.175102],[-76.600701,37.17521],[-76.599432,37.176941],[-76.597875,37.178246],[-76.595403,37.178418],[-76.592683,37.17997],[-76.590939,37.181458],[-76.590299,37.181506],[-76.586987,37.18021],[-76.585291,37.18037],[-76.584347,37.181058],[-76.584571,37.182578],[-76.583051,37.18205],[-76.581218,37.182511],[-76.581067,37.185266],[-76.580455,37.185518],[-76.578345,37.186463],[-76.578193,37.187584],[-76.57991,37.188092],[-76.579979,37.188593],[-76.578045,37.189267],[-76.577899,37.190261],[-76.577989,37.190482],[-76.580175,37.190745],[-76.580277,37.191397],[-76.579977,37.192665],[-76.581413,37.192942],[-76.582001,37.19281],[-76.58318,37.192968],[-76.583293,37.193404],[-76.582752,37.193569],[-76.582148,37.194581],[-76.582172,37.194882],[-76.583375,37.195145],[-76.584275,37.197645],[-76.584427,37.198049],[-76.584657,37.198609],[-76.585471,37.200822],[-76.587183,37.202674],[-76.589549,37.204503],[-76.590921,37.206398],[-76.591795,37.20929],[-76.591862,37.209783],[-76.591789,37.210283],[-76.591631,37.210698],[-76.591302,37.213205],[-76.587923,37.212938],[-76.5873,37.212922],[-76.583121,37.212499],[-76.583123,37.212674],[-76.583127,37.212985],[-76.579588,37.213139],[-76.577221,37.213204],[-76.575184,37.212988],[-76.574971,37.214243],[-76.574671,37.215742],[-76.571568,37.215413],[-76.56999,37.215218],[-76.569382,37.216518],[-76.56917,37.216969],[-76.568937,37.217462],[-76.568078,37.217602],[-76.567427,37.217695],[-76.565627,37.219984],[-76.565189,37.220539],[-76.559711,37.22759],[-76.557001,37.230719],[-76.554468,37.231289],[-76.551992,37.231396],[-76.547996,37.23217],[-76.545916,37.232865],[-76.544035,37.233307],[-76.540455,37.234068],[-76.536954,37.234253],[-76.535858,37.234183],[-76.535154,37.234047],[-76.532378,37.232904],[-76.531929,37.232873],[-76.529948,37.233354],[-76.529093,37.234073],[-76.528382,37.235032],[-76.528144,37.235338],[-76.527967,37.235532],[-76.526171,37.2369],[-76.52358,37.23942],[-76.525411,37.242034],[-76.525102,37.242216],[-76.525171,37.242289],[-76.525266,37.242317],[-76.525299,37.242337],[-76.525296,37.242501],[-76.525288,37.242525],[-76.524804,37.242373],[-76.524668,37.242317],[-76.524433,37.242395],[-76.524358,37.242284],[-76.524124,37.242087],[-76.524104,37.242059],[-76.523905,37.241988],[-76.522709,37.241669],[-76.521953,37.241432],[-76.521459,37.241311],[-76.521198,37.241218],[-76.520751,37.241108],[-76.52051,37.241031],[-76.520359,37.240992],[-76.520146,37.240959],[-76.519713,37.240849],[-76.51961,37.240833],[-76.519287,37.240756],[-76.519239,37.240756],[-76.518937,37.240711],[-76.518648,37.240656],[-76.518621,37.24064],[-76.518539,37.240623],[-76.518332,37.240601],[-76.518099,37.24059],[-76.517755,37.240552],[-76.517405,37.240541],[-76.517233,37.240519],[-76.517109,37.240508],[-76.516917,37.240409],[-76.516732,37.240343],[-76.516642,37.240321],[-76.516299,37.240309],[-76.516018,37.240271],[-76.515934,37.240254],[-76.515811,37.240249],[-76.515769,37.240254],[-76.515694,37.240243],[-76.515557,37.240199],[-76.515454,37.240084],[-76.515412,37.240056],[-76.515172,37.239952],[-76.515117,37.239946],[-76.514952,37.239864],[-76.514835,37.239848],[-76.514705,37.239782],[-76.514712,37.239743],[-76.514677,37.239721],[-76.51456,37.239683],[-76.514519,37.239661],[-76.514176,37.239649],[-76.513956,37.239616],[-76.513791,37.239616],[-76.513324,37.23966],[-76.512774,37.239726],[-76.512691,37.239709],[-76.512568,37.239665],[-76.512314,37.239704],[-76.512101,37.239693],[-76.511997,37.239698],[-76.511805,37.239671],[-76.511276,37.239681],[-76.511166,37.239703],[-76.511022,37.239714],[-76.510803,37.239711],[-76.510671,37.239709],[-76.510245,37.239681],[-76.510115,37.239664],[-76.509998,37.239637],[-76.509909,37.239598],[-76.509627,37.239527],[-76.509426,37.239497],[-76.509317,37.23965],[-76.509049,37.239986],[-76.508386,37.240794],[-76.507737,37.24162],[-76.507096,37.242504],[-76.506695,37.243041],[-76.506421,37.243427],[-76.506312,37.243392],[-76.501939,37.241756],[-76.497751,37.240731],[-76.488136,37.238448]]]]}},{"type":"Feature","properties":{"id":2,"NAME":"2","TotalPop":784462,"PopDevPct":-0.00026774,"DemPct":0.48165703,"RepPct":0.50122562,"WhitePct":0.63016471,"MinorityPct":0.36983529,"BlackPct":0.20162849,"HispanicPct":0.07556682,"PacificPct":0.00446536,"AsianPct":0.0772805,"NativePct":0.02288009,"TotalVAP":612716,"Margin":-0.01834297,"color":"#ffc4c4","opacity":"0.5"},"geometry":{"type":"MultiPolygon","coordinates":[[[[-76.22126,36.744331],[-76.223182,36.743472],[-76.223776,36.743203],[-76.226267,36.741886],[-76.230258,36.739116],[-76.232497,36.737184],[-76.234375,36.736135],[-76.2363,36.735002],[-76.236466,36.734905],[-76.237092,36.734549],[-76.238267,36.733935],[-76.239164,36.733847],[-76.240261,36.733908],[-76.240109,36.73315],[-76.240125,36.732641],[-76.240235,36.731362],[-76.241409,36.728832],[-76.241435,36.727519],[-76.240933,36.723586],[-76.240873,36.723436],[-76.24079,36.723246],[-76.239956,36.721231],[-76.239862,36.720907],[-76.245098,36.722715],[-76.247798,36.72369],[-76.249034,36.724292],[-76.250517,36.724778],[-76.250784,36.724836],[-76.252598,36.725233],[-76.252712,36.72524],[-76.259883,36.72823],[-76.263886,36.72953],[-76.268362,36.731941],[-76.268683,36.731567],[-76.272661,36.730248],[-76.274961,36.730048],[-76.278861,36.731948],[-76.279582,36.73193],[-76.283061,36.731848],[-76.284168,36.732252],[-76.287595,36.734768],[-76.291562,36.734539],[-76.29472,36.736231],[-76.29484,36.736295],[-76.295457,36.73563],[-76.298465,36.732382],[-76.299916,36.730497],[-76.301005,36.728845],[-76.301136,36.728663],[-76.301508,36.728217],[-76.301751,36.727951],[-76.301873,36.727847],[-76.301954,36.72778],[-76.302016,36.727738],[-76.302097,36.727683],[-76.30215,36.7277],[-76.30217,36.727707],[-76.302396,36.727784],[-76.304188,36.728191],[-76.305874,36.72859],[-76.306036,36.728626],[-76.309683,36.729611],[-76.310275,36.729866],[-76.313292,36.731789],[-76.316033,36.734264],[-76.316186,36.73451],[-76.320577,36.730585],[-76.32595,36.728283],[-76.326657,36.729246],[-76.328136,36.731319],[-76.328921,36.732311],[-76.329533,36.733077],[-76.330619,36.734385],[-76.331458,36.735259],[-76.333538,36.736295],[-76.335118,36.73701],[-76.336484,36.737702],[-76.337454,36.73906],[-76.339151,36.738984],[-76.342727,36.740474],[-76.344248,36.740918],[-76.344508,36.740985],[-76.344774,36.741056],[-76.344966,36.741109],[-76.345728,36.741312],[-76.346991,36.741789],[-76.348748,36.742677],[-76.350137,36.74247],[-76.351531,36.743026],[-76.354928,36.742147],[-76.357112,36.739889],[-76.358994,36.738757],[-76.359679,36.73836],[-76.361888,36.737063],[-76.364974,36.735258],[-76.366649,36.734421],[-76.37199,36.736142],[-76.380946,36.737976],[-76.376091,36.746991],[-76.376303,36.747147],[-76.374095,36.750962],[-76.369969,36.757727],[-76.371284,36.758262],[-76.375257,36.758559],[-76.376326,36.758387],[-76.388231,36.75647],[-76.38895,36.758332],[-76.388743,36.759336],[-76.407489,36.7562],[-76.45521,36.748061],[-76.466768,36.746249],[-76.467773,36.738475],[-76.471624,36.708672],[-76.473267,36.695949],[-76.479269,36.65195],[-76.482069,36.62855],[-76.482969,36.620551],[-76.486769,36.590151],[-76.488349,36.570517],[-76.491496,36.550648],[-76.377287,36.550596],[-76.376931,36.550595],[-76.376634,36.550595],[-76.376262,36.550595],[-76.34083,36.550556],[-76.313303,36.55052],[-76.288586,36.550522],[-76.272454,36.550521],[-76.26438,36.550489],[-76.24641,36.550418],[-76.233486,36.550488],[-76.229688,36.550472],[-76.215124,36.550436],[-76.193036,36.550471],[-76.192787,36.550473],[-76.19266,36.550472],[-76.190659,36.550473],[-76.164534,36.550492],[-76.152593,36.5505],[-76.150138,36.550502],[-76.122349,36.550523],[-76.094477,36.550538],[-76.092949,36.550539],[-76.092343,36.550539],[-76.090161,36.550544],[-76.075713,36.550585],[-76.071704,36.550598],[-76.059413,36.550561],[-76.036182,36.550498],[-76.026721,36.55047],[-76.013718,36.550434],[-76.010019,36.550423],[-76.004003,36.550432],[-76.00258,36.550436],[-75.984229,36.550488],[-75.962842,36.550544],[-75.958108,36.550557],[-75.956112,36.550553],[-75.953397,36.550568],[-75.953228,36.550568],[-75.928004,36.550627],[-75.922297,36.550604],[-75.911522,36.55057],[-75.909745,36.550564],[-75.904868,36.550547],[-75.904082,36.550544],[-75.901005,36.550534],[-75.894659,36.550511],[-75.893482,36.550507],[-75.89143,36.550499],[-75.887416,36.550485],[-75.886301,36.550481],[-75.876043,36.550443],[-75.867494,36.550411],[-75.866002,36.550396],[-75.854355,36.550283],[-75.797497,36.550916],[-75.800435,36.56274],[-75.819825,36.625153],[-75.823618,36.632295],[-75.829758,36.644632],[-75.834038,36.654572],[-75.843991,36.679773],[-75.862119,36.714051],[-75.874647,36.744305],[-75.878943,36.760117],[-75.887373,36.791148],[-75.901039,36.841451],[-75.905263,36.856998],[-75.90933,36.87197],[-75.914017,36.88922],[-75.926847,36.936462],[-75.928307,36.938179],[-75.909491,36.990708],[-75.905749,37.000144],[-75.889676,37.054515],[-75.874651,37.067561],[-75.869409,37.073951],[-75.854547,37.079349],[-75.835631,37.095006],[-75.827525,37.105263],[-75.824147,37.110122],[-75.805907,37.116061],[-75.797035,37.125145],[-75.781587,37.137116],[-75.766049,37.154932],[-75.749643,37.175097],[-75.744639,37.182349],[-75.742831,37.192907],[-75.740119,37.196986],[-75.729271,37.216901],[-75.728367,37.235617],[-75.732284,37.245694],[-75.727821,37.250141],[-75.715377,37.269972],[-75.715515,37.275687],[-75.691846,37.300159],[-75.678964,37.312577],[-75.65659,37.323914],[-75.644386,37.34227],[-75.640318,37.363865],[-75.643456,37.372864],[-75.624645,37.396951],[-75.618253,37.402263],[-75.604026,37.422024],[-75.603959,37.43259],[-75.597441,37.450988],[-75.596046,37.453133],[-75.596044,37.461187],[-75.595642,37.465584],[-75.592499,37.470898],[-75.58911,37.477857],[-75.583236,37.486503],[-75.579639,37.494637],[-75.574651,37.500135],[-75.555061,37.526677],[-75.55346,37.527296],[-75.544908,37.534673],[-75.541934,37.53756],[-75.537256,37.543424],[-75.535296,37.546201],[-75.532637,37.551139],[-75.529901,37.556717],[-75.528423,37.561308],[-75.527338,37.567175],[-75.526913,37.571084],[-75.526915,37.575663],[-75.527467,37.580103],[-75.528056,37.582755],[-75.529318,37.587529],[-75.531096,37.591823],[-75.53428,37.597049],[-75.537499,37.601501],[-75.541779,37.606145],[-75.534647,37.625132],[-75.533183,37.629884],[-75.530882,37.631713],[-75.528543,37.633945],[-75.525375,37.637459],[-75.520893,37.644305],[-75.51846,37.649426],[-75.517195,37.65333],[-75.516925,37.654833],[-75.516264,37.65703],[-75.515717,37.660964],[-75.515437,37.666105],[-75.515962,37.671538],[-75.510878,37.681855],[-75.509931,37.683459],[-75.507746,37.688654],[-75.506748,37.689627],[-75.503248,37.694318],[-75.499645,37.700731],[-75.498318,37.703669],[-75.497116,37.707045],[-75.492092,37.714243],[-75.489423,37.719342],[-75.487225,37.724877],[-75.483011,37.728267],[-75.478344,37.733241],[-75.475954,37.736554],[-75.473071,37.741722],[-75.470345,37.748188],[-75.470066,37.750125],[-75.46907,37.752826],[-75.467279,37.756274],[-75.464766,37.759663],[-75.463408,37.763986],[-75.461667,37.768251],[-75.460933,37.771356],[-75.417073,37.82105],[-75.409285,37.820919],[-75.405008,37.818532],[-75.399286,37.815725],[-75.393688,37.813516],[-75.386951,37.811724],[-75.380174,37.810404],[-75.374643,37.81032],[-75.366857,37.809789],[-75.360125,37.810186],[-75.349468,37.811982],[-75.337979,37.815232],[-75.32791,37.820669],[-75.320964,37.824979],[-75.312209,37.830612],[-75.303132,37.838169],[-75.296004,37.845752],[-75.29124,37.852619],[-75.288069,37.857624],[-75.281622,37.865845],[-75.278735,37.869668],[-75.274981,37.875124],[-75.270444,37.882602],[-75.265916,37.891126],[-75.263056,37.897088],[-75.259191,37.904332],[-75.253058,37.913736],[-75.249636,37.918628],[-75.241758,37.931532],[-75.238073,37.93539],[-75.188003,38.000121],[-75.177078,38.01342],[-75.166435,38.027834],[-75.168349,38.027934],[-75.223762,38.02735],[-75.242123,38.027034],[-75.249609,38.026715],[-75.252711,38.026461],[-75.255911,38.026206],[-75.260652,38.025762],[-75.262022,38.025656],[-75.263797,38.0255],[-75.284622,38.023656],[-75.323157,38.020155],[-75.377853,38.015165],[-75.388496,38.014212],[-75.394172,38.013693],[-75.396979,38.013438],[-75.397764,38.013063],[-75.397878,38.013101],[-75.398498,38.013258],[-75.411495,38.012255],[-75.415306,38.011944],[-75.422544,38.011347],[-75.425455,38.011095],[-75.428885,38.010889],[-75.438232,38.010088],[-75.448844,38.009315],[-75.449363,38.009273],[-75.459648,38.008429],[-75.461326,38.008276],[-75.468115,38.007697],[-75.486227,38.006102],[-75.490119,38.005782],[-75.493055,38.005541],[-75.502783,38.004738],[-75.504402,38.004599],[-75.508593,38.004229],[-75.509401,38.004162],[-75.52404,38.002943],[-75.530296,38.002413],[-75.539999,38.001336],[-75.541739,38.001364],[-75.541951,38.001358],[-75.545059,38.001135],[-75.556314,38.000121],[-75.559547,37.999937],[-75.567703,37.999186],[-75.568641,37.999094],[-75.572013,37.99885],[-75.581328,37.998003],[-75.598898,37.996504],[-75.599983,37.996431],[-75.60045,37.996396],[-75.600841,37.996359],[-75.60987,37.995491],[-75.614064,37.995255],[-75.623369,37.994337],[-75.624449,37.994195],[-75.624828,37.99145],[-75.625611,37.989798],[-75.627607,37.988519],[-75.630868,37.987816],[-75.632532,37.986691],[-75.633412,37.985428],[-75.633979,37.983553],[-75.631433,37.980497],[-75.629093,37.978244],[-75.628839,37.976787],[-75.629532,37.975963],[-75.632008,37.976018],[-75.634209,37.97767],[-75.635735,37.979534],[-75.637319,37.979723],[-75.639302,37.978715],[-75.640914,37.977235],[-75.642833,37.974229],[-75.643739,37.971337],[-75.644725,37.969775],[-75.648228,37.966771],[-75.648145,37.965372],[-75.647606,37.947025],[-75.648214,37.946862],[-75.655681,37.945433],[-75.6653,37.949511],[-75.667805,37.950091],[-75.683447,37.953769],[-75.691321,37.955496],[-75.704634,37.954698],[-75.714438,37.952413],[-75.721837,37.95057],[-75.739909,37.946319],[-75.749652,37.944126],[-75.761642,37.941366],[-75.801209,37.912191],[-75.813907,37.912039],[-75.874654,37.911397],[-75.882939,37.911335],[-75.902676,37.91006],[-75.952672,37.906827],[-75.943693,37.946133],[-75.993338,37.953487],[-75.99474,37.95346],[-76.002963,37.953603],[-76.003509,37.953602],[-76.005808,37.953599],[-76.017562,37.953617],[-76.020834,37.953805],[-76.030121,37.953653],[-76.038024,37.953975],[-76.041467,37.95401],[-76.045541,37.95364],[-76.050255,37.953581],[-76.052021,37.953578],[-76.124661,37.928708],[-76.233415,37.887638],[-76.236458,37.886605],[-76.23643,37.886486],[-76.233717,37.875127],[-76.220909,37.830146],[-76.205229,37.775076],[-76.198126,37.75013],[-76.175687,37.671626],[-76.168125,37.644819],[-76.162572,37.625131],[-76.161533,37.625131],[-76.151711,37.585968],[-76.140845,37.542587],[-76.140835,37.54222],[-76.139753,37.500132],[-76.139103,37.468813],[-76.139062,37.466884],[-76.138222,37.426364],[-76.13716,37.375135],[-76.136307,37.28279],[-76.136301,37.282137],[-76.249661,37.278988],[-76.3045,37.278361],[-76.37177,37.251306],[-76.374667,37.250141],[-76.383021,37.247755],[-76.404066,37.241754],[-76.409092,37.241614],[-76.413541,37.241166],[-76.441521,37.235638],[-76.44687,37.234591],[-76.452566,37.233807],[-76.459383,37.233316],[-76.465357,37.233545],[-76.468919,37.233871],[-76.471944,37.234457],[-76.482936,37.237248],[-76.488136,37.238448],[-76.497751,37.240731],[-76.501939,37.241756],[-76.506312,37.243392],[-76.506421,37.243427],[-76.506695,37.243041],[-76.507096,37.242504],[-76.507737,37.24162],[-76.508386,37.240794],[-76.509049,37.239986],[-76.509317,37.23965],[-76.509426,37.239497],[-76.509627,37.239527],[-76.509909,37.239598],[-76.509998,37.239637],[-76.510115,37.239664],[-76.510245,37.239681],[-76.510671,37.239709],[-76.510803,37.239711],[-76.511022,37.239714],[-76.511166,37.239703],[-76.511276,37.239681],[-76.511805,37.239671],[-76.511997,37.239698],[-76.512101,37.239693],[-76.512314,37.239704],[-76.512568,37.239665],[-76.512691,37.239709],[-76.512774,37.239726],[-76.513324,37.23966],[-76.513791,37.239616],[-76.513956,37.239616],[-76.514176,37.239649],[-76.514519,37.239661],[-76.51456,37.239683],[-76.514677,37.239721],[-76.514712,37.239743],[-76.514705,37.239782],[-76.514835,37.239848],[-76.514952,37.239864],[-76.515117,37.239946],[-76.515172,37.239952],[-76.515412,37.240056],[-76.515454,37.240084],[-76.515557,37.240199],[-76.515694,37.240243],[-76.515769,37.240254],[-76.515811,37.240249],[-76.515934,37.240254],[-76.516018,37.240271],[-76.516299,37.240309],[-76.516642,37.240321],[-76.516732,37.240343],[-76.516917,37.240409],[-76.517109,37.240508],[-76.517233,37.240519],[-76.517405,37.240541],[-76.517755,37.240552],[-76.518099,37.24059],[-76.518332,37.240601],[-76.518539,37.240623],[-76.518621,37.24064],[-76.518648,37.240656],[-76.518937,37.240711],[-76.519239,37.240756],[-76.519287,37.240756],[-76.51961,37.240833],[-76.519713,37.240849],[-76.520146,37.240959],[-76.520359,37.240992],[-76.52051,37.241031],[-76.520751,37.241108],[-76.521198,37.241218],[-76.521459,37.241311],[-76.521953,37.241432],[-76.522709,37.241669],[-76.523905,37.241988],[-76.524104,37.242059],[-76.524124,37.242087],[-76.524358,37.242284],[-76.524433,37.242395],[-76.524668,37.242317],[-76.524804,37.242373],[-76.525288,37.242525],[-76.525296,37.242501],[-76.525299,37.242337],[-76.525266,37.242317],[-76.525171,37.242289],[-76.525102,37.242216],[-76.525411,37.242034],[-76.52358,37.23942],[-76.526171,37.2369],[-76.527967,37.235532],[-76.528144,37.235338],[-76.528382,37.235032],[-76.529093,37.234073],[-76.529948,37.233354],[-76.531929,37.232873],[-76.532378,37.232904],[-76.535154,37.234047],[-76.535858,37.234183],[-76.536954,37.234253],[-76.540455,37.234068],[-76.544035,37.233307],[-76.545916,37.232865],[-76.547996,37.23217],[-76.551992,37.231396],[-76.554468,37.231289],[-76.557001,37.230719],[-76.559711,37.22759],[-76.565189,37.220539],[-76.564222,37.219447],[-76.564154,37.219367],[-76.564003,37.219197],[-76.563132,37.218211],[-76.560578,37.215322],[-76.556732,37.211],[-76.556541,37.210785],[-76.553775,37.207666],[-76.540134,37.192337],[-76.539557,37.191684],[-76.534377,37.185858],[-76.533993,37.185432],[-76.533391,37.184753],[-76.532791,37.184069],[-76.53062,37.181633],[-76.526565,37.177073],[-76.526272,37.176743],[-76.526196,37.176657],[-76.525349,37.17662],[-76.525164,37.176621],[-76.524991,37.176389],[-76.524912,37.176398],[-76.524708,37.176421],[-76.524659,37.176426],[-76.524686,37.176586],[-76.524732,37.176856],[-76.524448,37.17687],[-76.524406,37.176873],[-76.524325,37.176878],[-76.524106,37.176891],[-76.523275,37.176943],[-76.523231,37.176946],[-76.523021,37.176964],[-76.522812,37.176989],[-76.522603,37.177021],[-76.522396,37.177061],[-76.52219,37.177107],[-76.521986,37.177161],[-76.521784,37.177221],[-76.521737,37.177236],[-76.517435,37.178636],[-76.517158,37.17873],[-76.517187,37.178752],[-76.516903,37.178844],[-76.516891,37.178813],[-76.516826,37.178642],[-76.516375,37.178319],[-76.51635,37.178271],[-76.51623,37.178042],[-76.514777,37.175403],[-76.515102,37.173185],[-76.514985,37.173224],[-76.51053,37.167001],[-76.504453,37.158506],[-76.505623,37.157214],[-76.504493,37.156209],[-76.504869,37.155774],[-76.506138,37.154088],[-76.500302,37.147502],[-76.488193,37.133859],[-76.485343,37.130648],[-76.484807,37.130042],[-76.483628,37.128713],[-76.481297,37.126088],[-76.481202,37.125983],[-76.472606,37.116289],[-76.470977,37.114445],[-76.470821,37.114267],[-76.470243,37.113614],[-76.469585,37.11287],[-76.468413,37.11154],[-76.466948,37.109934],[-76.466088,37.109011],[-76.463403,37.105991],[-76.460816,37.103039],[-76.459239,37.101855],[-76.458498,37.100727],[-76.458325,37.100702],[-76.45511,37.098958],[-76.453912,37.098241],[-76.451467,37.09844],[-76.450706,37.097213],[-76.449586,37.096586],[-76.448141,37.096171],[-76.445731,37.095054],[-76.444799,37.094673],[-76.443429,37.094513],[-76.441561,37.094637],[-76.439367,37.095037],[-76.437748,37.094048],[-76.434632,37.094911],[-76.431945,37.095144],[-76.430745,37.096011],[-76.429663,37.095926],[-76.428065,37.094799],[-76.42672,37.093162],[-76.425451,37.092301],[-76.423741,37.091783],[-76.418721,37.092134],[-76.416755,37.093292],[-76.414977,37.093587],[-76.412851,37.093543],[-76.412174,37.092954],[-76.410478,37.092697],[-76.409614,37.091905],[-76.408977,37.092779],[-76.408937,37.092778],[-76.408857,37.092747],[-76.40877,37.092732],[-76.408725,37.092729],[-76.408592,37.092708],[-76.408395,37.092625],[-76.40827,37.092583],[-76.408197,37.092542],[-76.408106,37.092464],[-76.408086,37.092432],[-76.40807,37.092388],[-76.407977,37.092124],[-76.407953,37.092094],[-76.407907,37.09206],[-76.407831,37.092054],[-76.407697,37.092069],[-76.407493,37.092141],[-76.407425,37.092188],[-76.407338,37.092269],[-76.407318,37.092301],[-76.407306,37.092335],[-76.407301,37.09237],[-76.407305,37.092442],[-76.407492,37.092594],[-76.407537,37.092621],[-76.407636,37.09268],[-76.407675,37.092697],[-76.407762,37.092715],[-76.407801,37.092732],[-76.407835,37.092756],[-76.407891,37.092811],[-76.407908,37.09288],[-76.407906,37.092916],[-76.407888,37.092948],[-76.40779,37.093022],[-76.407753,37.093042],[-76.407665,37.093056],[-76.407494,37.093097],[-76.407363,37.093121],[-76.407097,37.093153],[-76.406962,37.093165],[-76.406784,37.093148],[-76.406741,37.093137],[-76.40671,37.093111],[-76.406687,37.093081],[-76.406675,37.092998],[-76.406672,37.092975],[-76.406678,37.092904],[-76.406721,37.092732],[-76.406716,37.092697],[-76.4067,37.092663],[-76.406666,37.092643],[-76.40662,37.092643],[-76.406576,37.092648],[-76.406403,37.092685],[-76.406362,37.092701],[-76.406243,37.092758],[-76.406171,37.092793],[-76.406084,37.092813],[-76.405995,37.09282],[-76.405726,37.092808],[-76.405683,37.09282],[-76.40565,37.092844],[-76.405625,37.092873],[-76.405607,37.092906],[-76.405609,37.093012],[-76.405691,37.093097],[-76.405763,37.093139],[-76.405795,37.093164],[-76.405867,37.093206],[-76.405908,37.093221],[-76.405995,37.093238],[-76.406084,37.093249],[-76.406098,37.09325],[-76.40631,37.093261],[-76.406354,37.093268],[-76.406428,37.093308],[-76.406452,37.093338],[-76.406467,37.093409],[-76.406463,37.093479],[-76.406466,37.093515],[-76.406463,37.093586],[-76.406496,37.093868],[-76.406515,37.093973],[-76.406539,37.094041],[-76.406569,37.094107],[-76.406575,37.094142],[-76.406569,37.094177],[-76.406556,37.09421],[-76.406526,37.094237],[-76.406487,37.094253],[-76.406218,37.094283],[-76.406045,37.094317],[-76.406003,37.09433],[-76.405928,37.094368],[-76.405849,37.094401],[-76.405806,37.094412],[-76.405672,37.094415],[-76.405626,37.094412],[-76.405588,37.094382],[-76.40558,37.094347],[-76.405586,37.094312],[-76.405584,37.094241],[-76.405594,37.094101],[-76.405584,37.093995],[-76.405572,37.093961],[-76.405552,37.093929],[-76.405526,37.093862],[-76.40549,37.093797],[-76.405445,37.093735],[-76.405395,37.093636],[-76.405353,37.093576],[-76.40533,37.093543],[-76.405298,37.093517],[-76.405264,37.093496],[-76.405221,37.093486],[-76.40513,37.093488],[-76.405042,37.093502],[-76.404924,37.093552],[-76.404809,37.093606],[-76.404706,37.093674],[-76.404677,37.093701],[-76.40467,37.093771],[-76.40468,37.093842],[-76.404682,37.093869],[-76.404698,37.094053],[-76.404699,37.094123],[-76.404692,37.094158],[-76.404677,37.094192],[-76.404644,37.094217],[-76.404556,37.094229],[-76.404512,37.094221],[-76.404448,37.094171],[-76.404293,37.094039],[-76.404235,37.09399],[-76.404127,37.093925],[-76.404082,37.093929],[-76.403948,37.093984],[-76.403923,37.093994],[-76.403886,37.094013],[-76.403676,37.094148],[-76.403627,37.094199],[-76.403576,37.094334],[-76.403579,37.094352],[-76.403588,37.094409],[-76.403605,37.094442],[-76.403785,37.094645],[-76.40383,37.094707],[-76.403845,37.094741],[-76.403865,37.09481],[-76.403861,37.094845],[-76.403826,37.094909],[-76.403753,37.09495],[-76.403591,37.095012],[-76.403547,37.095021],[-76.403463,37.095048],[-76.40329,37.095085],[-76.403165,37.095126],[-76.403044,37.095173],[-76.40293,37.095231],[-76.402899,37.095257],[-76.402859,37.095321],[-76.402861,37.095356],[-76.402879,37.095389],[-76.402951,37.095479],[-76.402969,37.095512],[-76.402981,37.095546],[-76.402953,37.095586],[-76.402795,37.095593],[-76.40275,37.095589],[-76.402707,37.095578],[-76.402552,37.095505],[-76.40251,37.095491],[-76.402375,37.095481],[-76.402151,37.095489],[-76.40211,37.095506],[-76.401985,37.095607],[-76.401762,37.095828],[-76.401728,37.095851],[-76.401688,37.095868],[-76.401645,37.09588],[-76.401555,37.095887],[-76.401421,37.095877],[-76.401299,37.095832],[-76.401226,37.095791],[-76.401033,37.095703],[-76.400952,37.095672],[-76.400875,37.095635],[-76.400745,37.095604],[-76.400715,37.095606],[-76.400656,37.095609],[-76.400613,37.09562],[-76.400573,37.095637],[-76.400538,37.095659],[-76.400506,37.095685],[-76.400446,37.095723],[-76.400436,37.095729],[-76.400375,37.09578],[-76.400311,37.095833],[-76.40029,37.095851],[-76.400179,37.095814],[-76.397275,37.094452],[-76.39609,37.09328],[-76.395699,37.092683],[-76.395318,37.091827],[-76.395132,37.090996],[-76.395111,37.090303],[-76.395309,37.08658],[-76.395318,37.08649],[-76.395667,37.08003],[-76.395451,37.080039],[-76.393058,37.079879],[-76.392592,37.079847],[-76.390909,37.079735],[-76.387551,37.079526],[-76.387031,37.07954],[-76.387002,37.079541],[-76.386582,37.079577],[-76.386231,37.079651],[-76.385629,37.079845],[-76.385181,37.080017],[-76.384993,37.080144],[-76.384929,37.079981],[-76.383921,37.08082],[-76.381212,37.080219],[-76.379625,37.080267],[-76.379614,37.080195],[-76.381216,37.079987],[-76.382707,37.078714],[-76.382702,37.076025],[-76.382079,37.07449],[-76.381288,37.073944],[-76.380974,37.073835],[-76.378653,37.073919],[-76.372359,37.074224],[-76.37162,37.07258],[-76.371451,37.072019],[-76.37199,37.07164],[-76.37226,37.070965],[-76.372245,37.070609],[-76.371896,37.06992],[-76.371648,37.068912],[-76.371042,37.068085],[-76.370819,37.067252],[-76.370238,37.066624],[-76.369662,37.066422],[-76.369171,37.066406],[-76.368416,37.066093],[-76.368104,37.065636],[-76.368332,37.064947],[-76.368303,37.064306],[-76.367671,37.064182],[-76.366307,37.064216],[-76.366208,37.064261],[-76.364799,37.065468],[-76.362521,37.065667],[-76.362091,37.065547],[-76.361371,37.065052],[-76.360912,37.064926],[-76.359338,37.064091],[-76.35656,37.063425],[-76.355974,37.060172],[-76.357182,37.058736],[-76.358209,37.056728],[-76.361439,37.054583],[-76.35969,37.053845],[-76.358026,37.05325],[-76.358324,37.052381],[-76.35536,37.051546],[-76.354223,37.051224],[-76.352518,37.052326],[-76.350827,37.05025],[-76.349136,37.049767],[-76.348325,37.04968],[-76.347727,37.048426],[-76.347872,37.047018],[-76.348041,37.045368],[-76.348066,37.045122],[-76.347943,37.04511],[-76.347731,37.045097],[-76.346611,37.045154],[-76.344683,37.045979],[-76.343601,37.046486],[-76.341973,37.046707],[-76.340332,37.047962],[-76.33985,37.048381],[-76.338965,37.049176],[-76.337862,37.050086],[-76.337111,37.050531],[-76.334981,37.051793],[-76.331529,37.053864],[-76.328879,37.056087],[-76.328195,37.05637],[-76.327306,37.056672],[-76.325716,37.05721],[-76.325579,37.057253],[-76.324138,37.057716],[-76.322863,37.058085],[-76.319317,37.059152],[-76.317525,37.058973],[-76.316608,37.058368],[-76.314565,37.057349],[-76.311587,37.056583],[-76.311444,37.056583],[-76.310619,37.056683],[-76.310005,37.056796],[-76.308482,37.05707],[-76.306929,37.057647],[-76.305624,37.058199],[-76.304375,37.058667],[-76.300476,37.059493],[-76.300393,37.05907],[-76.300377,37.058957],[-76.300587,37.057],[-76.300877,37.056183],[-76.300874,37.055074],[-76.300695,37.054317],[-76.300627,37.053928],[-76.300286,37.051434],[-76.300265,37.051306],[-76.300746,37.051295],[-76.302105,37.051267],[-76.301188,37.0481],[-76.300783,37.047687],[-76.300262,37.047331],[-76.301415,37.045827],[-76.301499,37.045279],[-76.301129,37.045251],[-76.300579,37.044265],[-76.299982,37.043433],[-76.299382,37.042582],[-76.29879,37.041699],[-76.299385,37.041551],[-76.300954,37.041166],[-76.301751,37.040971],[-76.304441,37.040293],[-76.304694,37.039601],[-76.305154,37.038364],[-76.305441,37.037981],[-76.305868,37.037638],[-76.306603,37.037061],[-76.307578,37.036293],[-76.30802,37.035802],[-76.308181,37.035555],[-76.308486,37.035084],[-76.309023,37.034419],[-76.309355,37.034279],[-76.309897,37.034051],[-76.311237,37.032867],[-76.311671,37.032301],[-76.313261,37.030792],[-76.31501,37.029194],[-76.316682,37.027762],[-76.315979,37.027183],[-76.314051,37.025571],[-76.314546,37.024831],[-76.31487,37.024256],[-76.315,37.024083],[-76.315702,37.023261],[-76.316259,37.022719],[-76.31682,37.02227],[-76.317495,37.021768],[-76.318218,37.02127],[-76.318271,37.021235],[-76.319031,37.020735],[-76.321376,37.019215],[-76.322285,37.018614],[-76.322968,37.01817],[-76.32356,37.017784],[-76.323927,37.017545],[-76.324125,37.017417],[-76.324847,37.01695],[-76.325841,37.016406],[-76.326784,37.016043],[-76.326991,37.015967],[-76.327147,37.015909],[-76.328519,37.015616],[-76.328624,37.015507],[-76.328635,37.015494],[-76.329484,37.01461],[-76.330179,37.013812],[-76.330219,37.013768],[-76.330578,37.013175],[-76.330663,37.013034],[-76.331146,37.012234],[-76.330926,36.99994],[-76.330711,36.981319],[-76.342196,36.979802],[-76.342207,36.979616],[-76.326041,36.964956],[-76.332257,36.966099],[-76.335665,36.943147],[-76.337365,36.931247],[-76.338365,36.925747],[-76.338161,36.925155],[-76.341825,36.924772],[-76.345569,36.924531],[-76.342273,36.905555],[-76.340769,36.901603],[-76.333088,36.896363],[-76.33078,36.896612],[-76.334465,36.902047],[-76.321286,36.902541],[-76.318964,36.902647],[-76.318179,36.903741],[-76.316041,36.90654],[-76.310167,36.906531],[-76.305061,36.906134],[-76.30491,36.906122],[-76.30161,36.906128],[-76.298218,36.905333],[-76.296674,36.904537],[-76.291863,36.901347],[-76.291306,36.902183],[-76.289744,36.904395],[-76.287766,36.907339],[-76.289491,36.911318],[-76.289586,36.911442],[-76.29062,36.912562],[-76.292177,36.913783],[-76.292778,36.916141],[-76.292274,36.91615],[-76.290469,36.916184],[-76.289368,36.916199],[-76.28862,36.916208],[-76.288376,36.916212],[-76.28824,36.916251],[-76.287442,36.917953],[-76.287764,36.919742],[-76.28646,36.919865],[-76.286512,36.920165],[-76.282749,36.920632],[-76.278713,36.92085],[-76.278112,36.920695],[-76.275078,36.918646],[-76.272393,36.916848],[-76.272231,36.916739],[-76.271957,36.918042],[-76.271852,36.91843],[-76.271728,36.918709],[-76.270573,36.920404],[-76.270189,36.920876],[-76.269501,36.922176],[-76.268282,36.927017],[-76.265837,36.931594],[-76.264262,36.931647],[-76.260147,36.930246],[-76.260019,36.93007],[-76.258084,36.930162],[-76.253344,36.93],[-76.253209,36.930094],[-76.25277,36.927301],[-76.252572,36.926068],[-76.252466,36.925385],[-76.252398,36.924089],[-76.252592,36.922833],[-76.25275,36.922074],[-76.252897,36.92139],[-76.253221,36.919867],[-76.253599,36.917861],[-76.253947,36.916213],[-76.253972,36.916114],[-76.251934,36.91556],[-76.250823,36.915304],[-76.250549,36.915259],[-76.246974,36.914995],[-76.246068,36.914891],[-76.244071,36.914714],[-76.243631,36.91469],[-76.241582,36.9147],[-76.241402,36.91471],[-76.24079,36.914745],[-76.238294,36.914196],[-76.237311,36.913448],[-76.234047,36.909014],[-76.230681,36.904398],[-76.230579,36.904449],[-76.228349,36.901397],[-76.228152,36.901128],[-76.226213,36.89847],[-76.225201,36.897084],[-76.223452,36.894691],[-76.223385,36.894599],[-76.223032,36.894115],[-76.222057,36.892777],[-76.219943,36.889886],[-76.218809,36.888333],[-76.217957,36.887138],[-76.216424,36.88507],[-76.214952,36.883116],[-76.214063,36.881906],[-76.211252,36.881197],[-76.207749,36.880672],[-76.207064,36.880556],[-76.206644,36.880474],[-76.205991,36.880323],[-76.205413,36.880172],[-76.205184,36.880106],[-76.204689,36.879953],[-76.203931,36.879687],[-76.203845,36.879652],[-76.201121,36.878332],[-76.19873,36.876551],[-76.197315,36.875044],[-76.193122,36.877425],[-76.193015,36.877298],[-76.188569,36.87419],[-76.188443,36.874108],[-76.189852,36.873644],[-76.190359,36.869347],[-76.191459,36.867047],[-76.193202,36.865336],[-76.191759,36.863747],[-76.190259,36.863247],[-76.189759,36.862447],[-76.187033,36.862547],[-76.185318,36.86177],[-76.185059,36.861647],[-76.185115,36.861255],[-76.185122,36.861209],[-76.185159,36.860947],[-76.179694,36.858315],[-76.178592,36.85786],[-76.177005,36.857021],[-76.176905,36.856971],[-76.177108,36.856205],[-76.177637,36.854364],[-76.177672,36.8542],[-76.178573,36.851453],[-76.179003,36.850571],[-76.179467,36.849683],[-76.180512,36.848668],[-76.180753,36.848433],[-76.181883,36.847241],[-76.183058,36.846003],[-76.183215,36.845839],[-76.184637,36.844331],[-76.185921,36.842979],[-76.187624,36.842118],[-76.187763,36.842045],[-76.189378,36.841106],[-76.189779,36.840772],[-76.19046,36.840279],[-76.190595,36.840172],[-76.191454,36.839435],[-76.191843,36.838775],[-76.192202,36.838076],[-76.193557,36.83559],[-76.194856,36.83331],[-76.194928,36.832264],[-76.194737,36.830055],[-76.194742,36.829967],[-76.19543,36.829828],[-76.195799,36.829672],[-76.197259,36.828148],[-76.200159,36.827948],[-76.201389,36.829409],[-76.204563,36.830487],[-76.206859,36.832647],[-76.210412,36.832907],[-76.210654,36.832869],[-76.213959,36.832347],[-76.21726,36.833547],[-76.21876,36.835147],[-76.22306,36.837747],[-76.22606,36.839947],[-76.22616,36.839247],[-76.22516,36.837047],[-76.226142,36.835839],[-76.22776,36.833847],[-76.22806,36.832874],[-76.227599,36.831442],[-76.226833,36.829275],[-76.226084,36.827266],[-76.225814,36.826543],[-76.225154,36.824846],[-76.22452,36.823375],[-76.2242,36.82249],[-76.223249,36.819972],[-76.223164,36.819813],[-76.222705,36.818541],[-76.22235,36.817614],[-76.221572,36.815657],[-76.221365,36.815161],[-76.221,36.814686],[-76.220601,36.814167],[-76.22056,36.814048],[-76.220412,36.813602],[-76.220221,36.81303],[-76.220011,36.812552],[-76.219331,36.810941],[-76.219272,36.810797],[-76.218902,36.809876],[-76.218845,36.809702],[-76.218704,36.809276],[-76.218258,36.807919],[-76.217629,36.806339],[-76.216347,36.80354],[-76.214791,36.799148],[-76.213635,36.79599],[-76.21302,36.794498],[-76.212882,36.794165],[-76.211772,36.791214],[-76.206447,36.777048],[-76.204084,36.770761],[-76.2037,36.769742],[-76.203788,36.769525],[-76.204074,36.768274],[-76.20406,36.767871],[-76.204002,36.767134],[-76.203991,36.766989],[-76.203898,36.765717],[-76.203715,36.763021],[-76.207298,36.764334],[-76.21025,36.765417],[-76.210639,36.764631],[-76.210781,36.762751],[-76.208967,36.761994],[-76.20911,36.760192],[-76.20979,36.758718],[-76.20971,36.75807],[-76.210809,36.756508],[-76.211927,36.755214],[-76.214534,36.755596],[-76.214344,36.754656],[-76.217601,36.754305],[-76.218078,36.75331],[-76.218466,36.750192],[-76.218764,36.748089],[-76.219415,36.747363],[-76.218815,36.745377],[-76.22052,36.744659],[-76.22126,36.744331]]]]}},{"type":"Feature","properties":{"id":3,"NAME":"3","TotalPop":784308,"PopDevPct":-0.000464,"DemPct":0.66268094,"RepPct":0.32016842,"WhitePct":0.40727209,"MinorityPct":0.59272791,"BlackPct":0.47912148,"HispanicPct":0.06365091,"PacificPct":0.0035484,"AsianPct":0.04149395,"NativePct":0.02226384,"TotalVAP":608161,"Margin":0.16268094,"color":"#00008b","opacity":"0.5"},"geometry":{"type":"MultiPolygon","coordinates":[[[[-76.486198,36.988604],[-76.486112,36.988541],[-76.473735,36.979507],[-76.471479,36.977939],[-76.468183,36.975027],[-76.463876,36.970463],[-76.460086,36.965763],[-76.459039,36.963881],[-76.454246,36.955491],[-76.452422,36.952771],[-76.44983,36.948307],[-76.445301,36.941891],[-76.451574,36.938468],[-76.458118,36.935492],[-76.467286,36.931972],[-76.470614,36.9301],[-76.474631,36.929204],[-76.477543,36.928772],[-76.483578,36.928916],[-76.487351,36.92874],[-76.490119,36.927684],[-76.493335,36.925076],[-76.495133,36.922554],[-76.495305,36.922257],[-76.496823,36.919668],[-76.500425,36.914626],[-76.502845,36.913313],[-76.508411,36.911992],[-76.512552,36.910534],[-76.515877,36.908988],[-76.518442,36.907103],[-76.521099,36.90633],[-76.523213,36.906771],[-76.524547,36.907412],[-76.527156,36.910923],[-76.526428,36.914628],[-76.526983,36.915434],[-76.529279,36.916698],[-76.530485,36.916616],[-76.53352,36.915563],[-76.534625,36.91355],[-76.535812,36.912507],[-76.537863,36.912395],[-76.538359,36.912038],[-76.54399,36.907994],[-76.544317,36.907479],[-76.562983,36.893533],[-76.565356,36.891746],[-76.56927,36.888802],[-76.576128,36.883678],[-76.577186,36.882877],[-76.577299,36.882791],[-76.581707,36.879413],[-76.590227,36.87309],[-76.593761,36.870359],[-76.593968,36.870203],[-76.599922,36.865738],[-76.602957,36.86358],[-76.604412,36.86236],[-76.611708,36.856884],[-76.623173,36.848294],[-76.626054,36.845957],[-76.628895,36.843784],[-76.631277,36.84196],[-76.632902,36.840717],[-76.634262,36.839678],[-76.639904,36.835382],[-76.647932,36.829347],[-76.652924,36.825528],[-76.659899,36.820125],[-76.660466,36.819686],[-76.661048,36.819236],[-76.661474,36.818966],[-76.662701,36.818191],[-76.663527,36.817587],[-76.670513,36.812093],[-76.679183,36.805343],[-76.680458,36.804364],[-76.687,36.799319],[-76.68891,36.797854],[-76.691033,36.796239],[-76.692845,36.794859],[-76.705848,36.784572],[-76.707569,36.7832],[-76.710934,36.780617],[-76.723256,36.7714],[-76.736218,36.761403],[-76.734331,36.759284],[-76.732406,36.759453],[-76.731613,36.756008],[-76.725604,36.756163],[-76.724625,36.752171],[-76.724399,36.749488],[-76.723502,36.748152],[-76.720455,36.749413],[-76.717828,36.750165],[-76.712177,36.749813],[-76.712523,36.735871],[-76.710481,36.732696],[-76.710078,36.72857],[-76.702257,36.72992],[-76.698565,36.731257],[-76.695746,36.733204],[-76.689072,36.733481],[-76.689346,36.726478],[-76.685557,36.726643],[-76.683148,36.719076],[-76.681779,36.717543],[-76.679785,36.718608],[-76.674197,36.712589],[-76.668164,36.713926],[-76.668146,36.713802],[-76.667207,36.706662],[-76.667161,36.702382],[-76.660664,36.70377],[-76.657566,36.70414],[-76.648423,36.705089],[-76.637966,36.706171],[-76.628519,36.707153],[-76.622844,36.707785],[-76.622264,36.707829],[-76.620227,36.708049],[-76.619603,36.708128],[-76.619241,36.70819],[-76.617885,36.708514],[-76.617456,36.708631],[-76.615688,36.708012],[-76.612131,36.707547],[-76.609289,36.70644],[-76.604508,36.703016],[-76.600648,36.701006],[-76.600514,36.700941],[-76.599179,36.702872],[-76.596694,36.701448],[-76.594873,36.701035],[-76.593718,36.699803],[-76.593166,36.698314],[-76.591135,36.69849],[-76.587789,36.698057],[-76.584182,36.697664],[-76.582457,36.701082],[-76.579552,36.703832],[-76.579117,36.704919],[-76.578723,36.708693],[-76.576672,36.710237],[-76.57564,36.71217],[-76.57564,36.712357],[-76.575528,36.712533],[-76.575192,36.712773],[-76.575064,36.712917],[-76.574744,36.712981],[-76.5742,36.713109],[-76.573904,36.713109],[-76.572168,36.713205],[-76.572001,36.714142],[-76.567631,36.716388],[-76.567032,36.714506],[-76.565919,36.714774],[-76.565965,36.71533],[-76.55208,36.7158],[-76.529141,36.716511],[-76.528957,36.716515],[-76.524839,36.71614],[-76.522822,36.716441],[-76.512242,36.71875],[-76.492846,36.722844],[-76.476499,36.711969],[-76.471624,36.708672],[-76.467773,36.738475],[-76.466768,36.746249],[-76.45521,36.748061],[-76.407489,36.7562],[-76.388743,36.759336],[-76.38895,36.758332],[-76.388231,36.75647],[-76.376326,36.758387],[-76.375257,36.758559],[-76.371284,36.758262],[-76.369969,36.757727],[-76.374095,36.750962],[-76.376303,36.747147],[-76.376091,36.746991],[-76.380946,36.737976],[-76.37199,36.736142],[-76.366649,36.734421],[-76.364974,36.735258],[-76.361888,36.737063],[-76.359679,36.73836],[-76.358994,36.738757],[-76.357112,36.739889],[-76.354928,36.742147],[-76.351531,36.743026],[-76.350137,36.74247],[-76.348748,36.742677],[-76.346991,36.741789],[-76.345728,36.741312],[-76.344966,36.741109],[-76.344774,36.741056],[-76.344508,36.740985],[-76.344248,36.740918],[-76.342727,36.740474],[-76.339151,36.738984],[-76.337454,36.73906],[-76.336484,36.737702],[-76.335118,36.73701],[-76.333538,36.736295],[-76.331458,36.735259],[-76.330619,36.734385],[-76.329533,36.733077],[-76.328921,36.732311],[-76.328136,36.731319],[-76.326657,36.729246],[-76.32595,36.728283],[-76.320577,36.730585],[-76.316186,36.73451],[-76.316033,36.734264],[-76.313292,36.731789],[-76.310275,36.729866],[-76.309683,36.729611],[-76.306036,36.728626],[-76.305874,36.72859],[-76.304188,36.728191],[-76.302396,36.727784],[-76.30217,36.727707],[-76.30215,36.7277],[-76.302097,36.727683],[-76.302016,36.727738],[-76.301954,36.72778],[-76.301873,36.727847],[-76.301751,36.727951],[-76.301508,36.728217],[-76.301136,36.728663],[-76.301005,36.728845],[-76.299916,36.730497],[-76.298465,36.732382],[-76.295457,36.73563],[-76.29484,36.736295],[-76.29472,36.736231],[-76.291562,36.734539],[-76.287595,36.734768],[-76.284168,36.732252],[-76.283061,36.731848],[-76.279582,36.73193],[-76.278861,36.731948],[-76.274961,36.730048],[-76.272661,36.730248],[-76.268683,36.731567],[-76.268362,36.731941],[-76.263886,36.72953],[-76.259883,36.72823],[-76.252712,36.72524],[-76.252598,36.725233],[-76.250784,36.724836],[-76.250517,36.724778],[-76.249034,36.724292],[-76.247798,36.72369],[-76.245098,36.722715],[-76.239862,36.720907],[-76.239956,36.721231],[-76.24079,36.723246],[-76.240873,36.723436],[-76.240933,36.723586],[-76.241435,36.727519],[-76.241409,36.728832],[-76.240235,36.731362],[-76.240125,36.732641],[-76.240109,36.73315],[-76.240261,36.733908],[-76.239164,36.733847],[-76.238267,36.733935],[-76.237092,36.734549],[-76.236466,36.734905],[-76.2363,36.735002],[-76.234375,36.736135],[-76.232497,36.737184],[-76.230258,36.739116],[-76.226267,36.741886],[-76.223776,36.743203],[-76.223182,36.743472],[-76.22126,36.744331],[-76.22052,36.744659],[-76.218815,36.745377],[-76.219415,36.747363],[-76.218764,36.748089],[-76.218466,36.750192],[-76.218078,36.75331],[-76.217601,36.754305],[-76.214344,36.754656],[-76.214534,36.755596],[-76.211927,36.755214],[-76.210809,36.756508],[-76.20971,36.75807],[-76.20979,36.758718],[-76.20911,36.760192],[-76.208967,36.761994],[-76.210781,36.762751],[-76.210639,36.764631],[-76.21025,36.765417],[-76.207298,36.764334],[-76.203715,36.763021],[-76.203898,36.765717],[-76.203991,36.766989],[-76.204002,36.767134],[-76.20406,36.767871],[-76.204074,36.768274],[-76.203788,36.769525],[-76.2037,36.769742],[-76.204084,36.770761],[-76.206447,36.777048],[-76.211772,36.791214],[-76.212882,36.794165],[-76.21302,36.794498],[-76.213635,36.79599],[-76.214791,36.799148],[-76.216347,36.80354],[-76.217629,36.806339],[-76.218258,36.807919],[-76.218704,36.809276],[-76.218845,36.809702],[-76.218902,36.809876],[-76.219272,36.810797],[-76.219331,36.810941],[-76.220011,36.812552],[-76.220221,36.81303],[-76.220412,36.813602],[-76.22056,36.814048],[-76.220601,36.814167],[-76.221,36.814686],[-76.221365,36.815161],[-76.221572,36.815657],[-76.22235,36.817614],[-76.222705,36.818541],[-76.223164,36.819813],[-76.223249,36.819972],[-76.2242,36.82249],[-76.22452,36.823375],[-76.225154,36.824846],[-76.225814,36.826543],[-76.226084,36.827266],[-76.226833,36.829275],[-76.227599,36.831442],[-76.22806,36.832874],[-76.22776,36.833847],[-76.226142,36.835839],[-76.22516,36.837047],[-76.22616,36.839247],[-76.22606,36.839947],[-76.22306,36.837747],[-76.21876,36.835147],[-76.21726,36.833547],[-76.213959,36.832347],[-76.210654,36.832869],[-76.210412,36.832907],[-76.206859,36.832647],[-76.204563,36.830487],[-76.201389,36.829409],[-76.200159,36.827948],[-76.197259,36.828148],[-76.195799,36.829672],[-76.19543,36.829828],[-76.194742,36.829967],[-76.194737,36.830055],[-76.194928,36.832264],[-76.194856,36.83331],[-76.193557,36.83559],[-76.192202,36.838076],[-76.191843,36.838775],[-76.191454,36.839435],[-76.190595,36.840172],[-76.19046,36.840279],[-76.189779,36.840772],[-76.189378,36.841106],[-76.187763,36.842045],[-76.187624,36.842118],[-76.185921,36.842979],[-76.184637,36.844331],[-76.183215,36.845839],[-76.183058,36.846003],[-76.181883,36.847241],[-76.180753,36.848433],[-76.180512,36.848668],[-76.179467,36.849683],[-76.179003,36.850571],[-76.178573,36.851453],[-76.177672,36.8542],[-76.177637,36.854364],[-76.177108,36.856205],[-76.176905,36.856971],[-76.177005,36.857021],[-76.178592,36.85786],[-76.179694,36.858315],[-76.185159,36.860947],[-76.185122,36.861209],[-76.185115,36.861255],[-76.185059,36.861647],[-76.185318,36.86177],[-76.187033,36.862547],[-76.189759,36.862447],[-76.190259,36.863247],[-76.191759,36.863747],[-76.193202,36.865336],[-76.191459,36.867047],[-76.190359,36.869347],[-76.189852,36.873644],[-76.188443,36.874108],[-76.188569,36.87419],[-76.193015,36.877298],[-76.193122,36.877425],[-76.197315,36.875044],[-76.19873,36.876551],[-76.201121,36.878332],[-76.203845,36.879652],[-76.203931,36.879687],[-76.204689,36.879953],[-76.205184,36.880106],[-76.205413,36.880172],[-76.205991,36.880323],[-76.206644,36.880474],[-76.207064,36.880556],[-76.207749,36.880672],[-76.211252,36.881197],[-76.214063,36.881906],[-76.214952,36.883116],[-76.216424,36.88507],[-76.217957,36.887138],[-76.218809,36.888333],[-76.219943,36.889886],[-76.222057,36.892777],[-76.223032,36.894115],[-76.223385,36.894599],[-76.223452,36.894691],[-76.225201,36.897084],[-76.226213,36.89847],[-76.228152,36.901128],[-76.228349,36.901397],[-76.230579,36.904449],[-76.230681,36.904398],[-76.234047,36.909014],[-76.237311,36.913448],[-76.238294,36.914196],[-76.24079,36.914745],[-76.241402,36.91471],[-76.241582,36.9147],[-76.243631,36.91469],[-76.244071,36.914714],[-76.246068,36.914891],[-76.246974,36.914995],[-76.250549,36.915259],[-76.250823,36.915304],[-76.251934,36.91556],[-76.253972,36.916114],[-76.253947,36.916213],[-76.253599,36.917861],[-76.253221,36.919867],[-76.252897,36.92139],[-76.25275,36.922074],[-76.252592,36.922833],[-76.252398,36.924089],[-76.252466,36.925385],[-76.252572,36.926068],[-76.25277,36.927301],[-76.253209,36.930094],[-76.253344,36.93],[-76.258084,36.930162],[-76.260019,36.93007],[-76.260147,36.930246],[-76.264262,36.931647],[-76.265837,36.931594],[-76.268282,36.927017],[-76.269501,36.922176],[-76.270189,36.920876],[-76.270573,36.920404],[-76.271728,36.918709],[-76.271852,36.91843],[-76.271957,36.918042],[-76.272231,36.916739],[-76.272393,36.916848],[-76.275078,36.918646],[-76.278112,36.920695],[-76.278713,36.92085],[-76.282749,36.920632],[-76.286512,36.920165],[-76.28646,36.919865],[-76.287764,36.919742],[-76.287442,36.917953],[-76.28824,36.916251],[-76.288376,36.916212],[-76.28862,36.916208],[-76.289368,36.916199],[-76.290469,36.916184],[-76.292274,36.91615],[-76.292778,36.916141],[-76.292177,36.913783],[-76.29062,36.912562],[-76.289586,36.911442],[-76.289491,36.911318],[-76.287766,36.907339],[-76.289744,36.904395],[-76.291306,36.902183],[-76.291863,36.901347],[-76.296674,36.904537],[-76.298218,36.905333],[-76.30161,36.906128],[-76.30491,36.906122],[-76.305061,36.906134],[-76.310167,36.906531],[-76.316041,36.90654],[-76.318179,36.903741],[-76.318964,36.902647],[-76.321286,36.902541],[-76.334465,36.902047],[-76.33078,36.896612],[-76.333088,36.896363],[-76.340769,36.901603],[-76.342273,36.905555],[-76.345569,36.924531],[-76.341825,36.924772],[-76.338161,36.925155],[-76.338365,36.925747],[-76.337365,36.931247],[-76.335665,36.943147],[-76.332257,36.966099],[-76.326041,36.964956],[-76.342207,36.979616],[-76.342196,36.979802],[-76.330711,36.981319],[-76.330926,36.99994],[-76.331146,37.012234],[-76.330663,37.013034],[-76.330578,37.013175],[-76.330219,37.013768],[-76.330179,37.013812],[-76.329484,37.01461],[-76.328635,37.015494],[-76.328624,37.015507],[-76.328519,37.015616],[-76.327147,37.015909],[-76.326991,37.015967],[-76.326784,37.016043],[-76.325841,37.016406],[-76.324847,37.01695],[-76.324125,37.017417],[-76.323927,37.017545],[-76.32356,37.017784],[-76.322968,37.01817],[-76.322285,37.018614],[-76.321376,37.019215],[-76.319031,37.020735],[-76.318271,37.021235],[-76.318218,37.02127],[-76.317495,37.021768],[-76.31682,37.02227],[-76.316259,37.022719],[-76.315702,37.023261],[-76.315,37.024083],[-76.31487,37.024256],[-76.314546,37.024831],[-76.314051,37.025571],[-76.315979,37.027183],[-76.316682,37.027762],[-76.31501,37.029194],[-76.313261,37.030792],[-76.311671,37.032301],[-76.311237,37.032867],[-76.309897,37.034051],[-76.309355,37.034279],[-76.309023,37.034419],[-76.308486,37.035084],[-76.308181,37.035555],[-76.30802,37.035802],[-76.307578,37.036293],[-76.306603,37.037061],[-76.305868,37.037638],[-76.305441,37.037981],[-76.305154,37.038364],[-76.304694,37.039601],[-76.304441,37.040293],[-76.301751,37.040971],[-76.300954,37.041166],[-76.299385,37.041551],[-76.29879,37.041699],[-76.299382,37.042582],[-76.299982,37.043433],[-76.300579,37.044265],[-76.301129,37.045251],[-76.301499,37.045279],[-76.301415,37.045827],[-76.300262,37.047331],[-76.300783,37.047687],[-76.301188,37.0481],[-76.302105,37.051267],[-76.300746,37.051295],[-76.300265,37.051306],[-76.300286,37.051434],[-76.300627,37.053928],[-76.300695,37.054317],[-76.300874,37.055074],[-76.300877,37.056183],[-76.300587,37.057],[-76.300377,37.058957],[-76.300393,37.05907],[-76.300476,37.059493],[-76.304375,37.058667],[-76.305624,37.058199],[-76.306929,37.057647],[-76.308482,37.05707],[-76.310005,37.056796],[-76.310619,37.056683],[-76.311444,37.056583],[-76.311587,37.056583],[-76.314565,37.057349],[-76.316608,37.058368],[-76.317525,37.058973],[-76.319317,37.059152],[-76.322863,37.058085],[-76.324138,37.057716],[-76.325579,37.057253],[-76.325716,37.05721],[-76.327306,37.056672],[-76.328195,37.05637],[-76.328879,37.056087],[-76.331529,37.053864],[-76.334981,37.051793],[-76.337111,37.050531],[-76.337862,37.050086],[-76.338965,37.049176],[-76.33985,37.048381],[-76.340332,37.047962],[-76.341973,37.046707],[-76.343601,37.046486],[-76.344683,37.045979],[-76.346611,37.045154],[-76.347731,37.045097],[-76.347943,37.04511],[-76.348066,37.045122],[-76.348041,37.045368],[-76.347872,37.047018],[-76.347727,37.048426],[-76.348325,37.04968],[-76.349136,37.049767],[-76.350827,37.05025],[-76.352518,37.052326],[-76.354223,37.051224],[-76.35536,37.051546],[-76.358324,37.052381],[-76.358026,37.05325],[-76.35969,37.053845],[-76.361439,37.054583],[-76.358209,37.056728],[-76.357182,37.058736],[-76.355974,37.060172],[-76.35656,37.063425],[-76.359338,37.064091],[-76.360912,37.064926],[-76.361371,37.065052],[-76.362091,37.065547],[-76.362521,37.065667],[-76.364799,37.065468],[-76.366208,37.064261],[-76.366307,37.064216],[-76.367671,37.064182],[-76.368303,37.064306],[-76.368332,37.064947],[-76.368104,37.065636],[-76.368416,37.066093],[-76.369171,37.066406],[-76.369662,37.066422],[-76.370238,37.066624],[-76.370819,37.067252],[-76.371042,37.068085],[-76.371648,37.068912],[-76.371896,37.06992],[-76.372245,37.070609],[-76.37226,37.070965],[-76.37199,37.07164],[-76.371451,37.072019],[-76.37162,37.07258],[-76.372359,37.074224],[-76.378653,37.073919],[-76.380974,37.073835],[-76.381288,37.073944],[-76.382079,37.07449],[-76.382702,37.076025],[-76.382707,37.078714],[-76.381216,37.079987],[-76.379614,37.080195],[-76.379625,37.080267],[-76.381212,37.080219],[-76.383921,37.08082],[-76.384929,37.079981],[-76.384993,37.080144],[-76.385181,37.080017],[-76.385629,37.079845],[-76.386231,37.079651],[-76.386582,37.079577],[-76.387002,37.079541],[-76.387031,37.07954],[-76.387551,37.079526],[-76.390909,37.079735],[-76.392592,37.079847],[-76.393058,37.079879],[-76.395451,37.080039],[-76.395667,37.08003],[-76.395318,37.08649],[-76.395309,37.08658],[-76.395111,37.090303],[-76.395132,37.090996],[-76.395318,37.091827],[-76.395699,37.092683],[-76.39609,37.09328],[-76.397275,37.094452],[-76.400179,37.095814],[-76.40029,37.095851],[-76.400311,37.095833],[-76.400375,37.09578],[-76.400436,37.095729],[-76.400446,37.095723],[-76.400506,37.095685],[-76.400538,37.095659],[-76.400573,37.095637],[-76.400613,37.09562],[-76.400656,37.095609],[-76.400715,37.095606],[-76.400745,37.095604],[-76.400875,37.095635],[-76.400952,37.095672],[-76.401033,37.095703],[-76.401226,37.095791],[-76.401299,37.095832],[-76.401421,37.095877],[-76.401555,37.095887],[-76.401645,37.09588],[-76.401688,37.095868],[-76.401728,37.095851],[-76.401762,37.095828],[-76.401985,37.095607],[-76.40211,37.095506],[-76.402151,37.095489],[-76.402375,37.095481],[-76.40251,37.095491],[-76.402552,37.095505],[-76.402707,37.095578],[-76.40275,37.095589],[-76.402795,37.095593],[-76.402953,37.095586],[-76.402981,37.095546],[-76.402969,37.095512],[-76.402951,37.095479],[-76.402879,37.095389],[-76.402861,37.095356],[-76.402859,37.095321],[-76.402899,37.095257],[-76.40293,37.095231],[-76.403044,37.095173],[-76.403165,37.095126],[-76.40329,37.095085],[-76.403463,37.095048],[-76.403547,37.095021],[-76.403591,37.095012],[-76.403753,37.09495],[-76.403826,37.094909],[-76.403861,37.094845],[-76.403865,37.09481],[-76.403845,37.094741],[-76.40383,37.094707],[-76.403785,37.094645],[-76.403605,37.094442],[-76.403588,37.094409],[-76.403579,37.094352],[-76.403576,37.094334],[-76.403627,37.094199],[-76.403676,37.094148],[-76.403886,37.094013],[-76.403923,37.093994],[-76.403948,37.093984],[-76.404082,37.093929],[-76.404127,37.093925],[-76.404235,37.09399],[-76.404293,37.094039],[-76.404448,37.094171],[-76.404512,37.094221],[-76.404556,37.094229],[-76.404644,37.094217],[-76.404677,37.094192],[-76.404692,37.094158],[-76.404699,37.094123],[-76.404698,37.094053],[-76.404682,37.093869],[-76.40468,37.093842],[-76.40467,37.093771],[-76.404677,37.093701],[-76.404706,37.093674],[-76.404809,37.093606],[-76.404924,37.093552],[-76.405042,37.093502],[-76.40513,37.093488],[-76.405221,37.093486],[-76.405264,37.093496],[-76.405298,37.093517],[-76.40533,37.093543],[-76.405353,37.093576],[-76.405395,37.093636],[-76.405445,37.093735],[-76.40549,37.093797],[-76.405526,37.093862],[-76.405552,37.093929],[-76.405572,37.093961],[-76.405584,37.093995],[-76.405594,37.094101],[-76.405584,37.094241],[-76.405586,37.094312],[-76.40558,37.094347],[-76.405588,37.094382],[-76.405626,37.094412],[-76.405672,37.094415],[-76.405806,37.094412],[-76.405849,37.094401],[-76.405928,37.094368],[-76.406003,37.09433],[-76.406045,37.094317],[-76.406218,37.094283],[-76.406487,37.094253],[-76.406526,37.094237],[-76.406556,37.09421],[-76.406569,37.094177],[-76.406575,37.094142],[-76.406569,37.094107],[-76.406539,37.094041],[-76.406515,37.093973],[-76.406496,37.093868],[-76.406463,37.093586],[-76.406466,37.093515],[-76.406463,37.093479],[-76.406467,37.093409],[-76.406452,37.093338],[-76.406428,37.093308],[-76.406354,37.093268],[-76.40631,37.093261],[-76.406098,37.09325],[-76.406084,37.093249],[-76.405995,37.093238],[-76.405908,37.093221],[-76.405867,37.093206],[-76.405795,37.093164],[-76.405763,37.093139],[-76.405691,37.093097],[-76.405609,37.093012],[-76.405607,37.092906],[-76.405625,37.092873],[-76.40565,37.092844],[-76.405683,37.09282],[-76.405726,37.092808],[-76.405995,37.09282],[-76.406084,37.092813],[-76.406171,37.092793],[-76.406243,37.092758],[-76.406362,37.092701],[-76.406403,37.092685],[-76.406576,37.092648],[-76.40662,37.092643],[-76.406666,37.092643],[-76.4067,37.092663],[-76.406716,37.092697],[-76.406721,37.092732],[-76.406678,37.092904],[-76.406672,37.092975],[-76.406675,37.092998],[-76.406687,37.093081],[-76.40671,37.093111],[-76.406741,37.093137],[-76.406784,37.093148],[-76.406962,37.093165],[-76.407097,37.093153],[-76.407363,37.093121],[-76.407494,37.093097],[-76.407665,37.093056],[-76.407753,37.093042],[-76.40779,37.093022],[-76.407888,37.092948],[-76.407906,37.092916],[-76.407908,37.09288],[-76.407891,37.092811],[-76.407835,37.092756],[-76.407801,37.092732],[-76.407762,37.092715],[-76.407675,37.092697],[-76.407636,37.09268],[-76.407537,37.092621],[-76.407492,37.092594],[-76.407305,37.092442],[-76.407301,37.09237],[-76.407306,37.092335],[-76.407318,37.092301],[-76.407338,37.092269],[-76.407425,37.092188],[-76.407493,37.092141],[-76.407697,37.092069],[-76.407831,37.092054],[-76.407907,37.09206],[-76.407953,37.092094],[-76.407977,37.092124],[-76.40807,37.092388],[-76.408086,37.092432],[-76.408106,37.092464],[-76.408197,37.092542],[-76.40827,37.092583],[-76.408395,37.092625],[-76.408592,37.092708],[-76.408725,37.092729],[-76.40877,37.092732],[-76.408857,37.092747],[-76.408937,37.092778],[-76.408977,37.092779],[-76.409614,37.091905],[-76.410478,37.092697],[-76.412174,37.092954],[-76.412851,37.093543],[-76.414977,37.093587],[-76.416755,37.093292],[-76.418721,37.092134],[-76.423741,37.091783],[-76.425451,37.092301],[-76.42672,37.093162],[-76.428065,37.094799],[-76.429663,37.095926],[-76.430745,37.096011],[-76.431945,37.095144],[-76.434632,37.094911],[-76.437748,37.094048],[-76.439367,37.095037],[-76.441561,37.094637],[-76.443429,37.094513],[-76.444799,37.094673],[-76.445731,37.095054],[-76.448141,37.096171],[-76.449586,37.096586],[-76.450706,37.097213],[-76.451467,37.09844],[-76.453912,37.098241],[-76.45511,37.098958],[-76.458325,37.100702],[-76.458498,37.100727],[-76.459239,37.101855],[-76.460816,37.103039],[-76.463403,37.105991],[-76.466088,37.109011],[-76.466948,37.109934],[-76.468413,37.11154],[-76.469585,37.11287],[-76.470243,37.113614],[-76.470821,37.114267],[-76.470977,37.114445],[-76.472606,37.116289],[-76.481202,37.125983],[-76.481297,37.126088],[-76.483628,37.128713],[-76.484807,37.130042],[-76.485343,37.130648],[-76.488193,37.133859],[-76.500302,37.147502],[-76.506138,37.154088],[-76.504869,37.155774],[-76.504493,37.156209],[-76.505623,37.157214],[-76.504453,37.158506],[-76.51053,37.167001],[-76.514985,37.173224],[-76.515102,37.173185],[-76.514777,37.175403],[-76.51623,37.178042],[-76.51635,37.178271],[-76.516375,37.178319],[-76.516826,37.178642],[-76.516891,37.178813],[-76.516903,37.178844],[-76.517187,37.178752],[-76.517158,37.17873],[-76.517435,37.178636],[-76.521737,37.177236],[-76.521784,37.177221],[-76.521986,37.177161],[-76.52219,37.177107],[-76.522396,37.177061],[-76.522603,37.177021],[-76.522812,37.176989],[-76.523021,37.176964],[-76.523231,37.176946],[-76.523275,37.176943],[-76.524106,37.176891],[-76.524325,37.176878],[-76.524406,37.176873],[-76.524448,37.17687],[-76.524732,37.176856],[-76.524686,37.176586],[-76.524659,37.176426],[-76.524708,37.176421],[-76.524912,37.176398],[-76.524991,37.176389],[-76.525164,37.176621],[-76.525349,37.17662],[-76.526196,37.176657],[-76.526272,37.176743],[-76.526565,37.177073],[-76.53062,37.181633],[-76.532791,37.184069],[-76.533391,37.184753],[-76.533993,37.185432],[-76.534377,37.185858],[-76.539557,37.191684],[-76.540134,37.192337],[-76.553775,37.207666],[-76.556541,37.210785],[-76.556732,37.211],[-76.560578,37.215322],[-76.563132,37.218211],[-76.564003,37.219197],[-76.564154,37.219367],[-76.564222,37.219447],[-76.565189,37.220539],[-76.565627,37.219984],[-76.567427,37.217695],[-76.568078,37.217602],[-76.568937,37.217462],[-76.56917,37.216969],[-76.569382,37.216518],[-76.56999,37.215218],[-76.571568,37.215413],[-76.574671,37.215742],[-76.574971,37.214243],[-76.575184,37.212988],[-76.577221,37.213204],[-76.579588,37.213139],[-76.583127,37.212985],[-76.583123,37.212674],[-76.583121,37.212499],[-76.5873,37.212922],[-76.587923,37.212938],[-76.591302,37.213205],[-76.591631,37.210698],[-76.591789,37.210283],[-76.591862,37.209783],[-76.591795,37.20929],[-76.590921,37.206398],[-76.589549,37.204503],[-76.587183,37.202674],[-76.585471,37.200822],[-76.584657,37.198609],[-76.584427,37.198049],[-76.584275,37.197645],[-76.583375,37.195145],[-76.582172,37.194882],[-76.582148,37.194581],[-76.582752,37.193569],[-76.583293,37.193404],[-76.58318,37.192968],[-76.582001,37.19281],[-76.581413,37.192942],[-76.579977,37.192665],[-76.580277,37.191397],[-76.580175,37.190745],[-76.577989,37.190482],[-76.577899,37.190261],[-76.578045,37.189267],[-76.579979,37.188593],[-76.57991,37.188092],[-76.578193,37.187584],[-76.578345,37.186463],[-76.580455,37.185518],[-76.581067,37.185266],[-76.581218,37.182511],[-76.583051,37.18205],[-76.584571,37.182578],[-76.584347,37.181058],[-76.585291,37.18037],[-76.586987,37.18021],[-76.590299,37.181506],[-76.590939,37.181458],[-76.592683,37.17997],[-76.595403,37.178418],[-76.597875,37.178246],[-76.599432,37.176941],[-76.600701,37.17521],[-76.600802,37.175102],[-76.600838,37.17511],[-76.600937,37.175118],[-76.60103,37.175114],[-76.601144,37.175097],[-76.601258,37.175068],[-76.601359,37.17504],[-76.601453,37.174998],[-76.601539,37.174911],[-76.601583,37.174845],[-76.601612,37.174798],[-76.60163,37.174728],[-76.601631,37.174658],[-76.601617,37.174583],[-76.601585,37.174512],[-76.601521,37.174401],[-76.601498,37.174358],[-76.601537,37.174311],[-76.602938,37.172583],[-76.603768,37.171982],[-76.60478,37.170644],[-76.60721,37.168946],[-76.610984,37.167114],[-76.61689,37.163744],[-76.641085,37.154611],[-76.641581,37.153827],[-76.643245,37.139187],[-76.643965,37.135331],[-76.646093,37.127411],[-76.645821,37.125155],[-76.628205,37.092755],[-76.624573,37.089059],[-76.603989,37.072394],[-76.597084,37.066803],[-76.550891,37.034245],[-76.53593,37.023699],[-76.50398,37.001713],[-76.499673,36.998506],[-76.499673,36.998355],[-76.49209,36.992889],[-76.486198,36.988604]]]]}},{"type":"Feature","properties":{"id":4,"NAME":"4","TotalPop":785404,"PopDevPct":0.00093276,"DemPct":0.647368,"RepPct":0.33490246,"WhitePct":0.46052923,"MinorityPct":0.53947077,"BlackPct":0.42014113,"HispanicPct":0.07618002,"PacificPct":0.00191706,"AsianPct":0.03191344,"NativePct":0.01948426,"TotalVAP":631176,"Margin":0.147368,"color":"#00008b","opacity":"0.5"},"geometry":{"type":"MultiPolygon","coordinates":[[[[-76.788251,37.2787],[-76.789395,37.278827],[-76.792719,37.279984],[-76.795179,37.279976],[-76.797622,37.279448],[-76.799492,37.279717],[-76.804692,37.281427],[-76.804737,37.281332],[-76.807334,37.275206],[-76.814387,37.275512],[-76.81627,37.275255],[-76.818507,37.274062],[-76.819281,37.269863],[-76.822691,37.26857],[-76.824538,37.268049],[-76.827138,37.264621],[-76.829897,37.259811],[-76.831743,37.258572],[-76.834168,37.258404],[-76.838581,37.256158],[-76.840478,37.255274],[-76.861687,37.261425],[-76.868074,37.264172],[-76.869906,37.264653],[-76.873588,37.264468],[-76.877218,37.263633],[-76.878902,37.266014],[-76.882047,37.271683],[-76.883076,37.275924],[-76.882612,37.278539],[-76.881459,37.281349],[-76.88176,37.28335],[-76.881564,37.285509],[-76.880831,37.287259],[-76.877896,37.290045],[-76.874685,37.291961],[-76.872806,37.293713],[-76.871685,37.295597],[-76.871995,37.298399],[-76.874685,37.301045],[-76.876928,37.302713],[-76.878374,37.304863],[-76.87944,37.307411],[-76.880005,37.309874],[-76.879351,37.311722],[-76.875256,37.317713],[-76.874685,37.320434],[-76.875555,37.322922],[-76.876077,37.32553],[-76.87563,37.329564],[-76.876619,37.333224],[-76.87553,37.3383],[-76.874206,37.340167],[-76.873632,37.342561],[-76.874685,37.346012],[-76.877446,37.347593],[-76.880139,37.348681],[-76.880598,37.350241],[-76.879811,37.352789],[-76.87834,37.35529],[-76.874685,37.360211],[-76.87362,37.362044],[-76.873507,37.363415],[-76.874437,37.365427],[-76.877099,37.369189],[-76.878446,37.369443],[-76.881463,37.369253],[-76.88477,37.368566],[-76.887475,37.366423],[-76.888855,37.363969],[-76.891162,37.362096],[-76.896404,37.360846],[-76.899517,37.359028],[-76.90198,37.356222],[-76.905353,37.350644],[-76.907978,37.349015],[-76.909647,37.348643],[-76.913304,37.349989],[-76.915863,37.352615],[-76.915622,37.35387],[-76.914226,37.356791],[-76.912136,37.359633],[-76.910444,37.364091],[-76.908503,37.366346],[-76.902715,37.369083],[-76.901139,37.36998],[-76.898953,37.371789],[-76.897792,37.373802],[-76.898695,37.375569],[-76.904471,37.377665],[-76.905683,37.378105],[-76.915248,37.382644],[-76.917932,37.384261],[-76.918847,37.385522],[-76.918757,37.387401],[-76.917323,37.389204],[-76.914843,37.38977],[-76.908216,37.390861],[-76.906368,37.392609],[-76.905039,37.397096],[-76.904116,37.403821],[-76.90492,37.404914],[-76.906882,37.405438],[-76.908061,37.405079],[-76.909808,37.403234],[-76.911009,37.399522],[-76.913714,37.397464],[-76.915321,37.395805],[-76.917993,37.395327],[-76.919462,37.396383],[-76.925772,37.399405],[-76.92761,37.399566],[-76.930205,37.397823],[-76.931176,37.396311],[-76.931593,37.391538],[-76.932297,37.389335],[-76.933289,37.387985],[-76.93643,37.386545],[-76.93967,37.384726],[-76.940987,37.383729],[-76.942518,37.383238],[-76.944854,37.383938],[-76.945604,37.385998],[-76.946108,37.391081],[-76.945329,37.394115],[-76.942859,37.396439],[-76.93802,37.39953],[-76.93703,37.401171],[-76.936854,37.403419],[-76.937449,37.4054],[-76.93847,37.407354],[-76.940828,37.409883],[-76.943083,37.410389],[-76.945356,37.40884],[-76.948549,37.405892],[-76.95192,37.403967],[-76.953999,37.403491],[-76.956555,37.403826],[-76.968821,37.406511],[-76.971041,37.407992],[-76.972504,37.409379],[-76.972732,37.410208],[-76.971196,37.413335],[-76.969479,37.415243],[-76.969622,37.416743],[-76.971672,37.418353],[-76.974242,37.419011],[-76.975988,37.41886],[-76.976765,37.418725],[-76.979243,37.419342],[-76.980133,37.419515],[-76.98127,37.420429],[-76.982,37.420861],[-76.982707,37.420809],[-76.983238,37.420266],[-76.983392,37.419081],[-76.983639,37.418113],[-76.98391,37.417878],[-76.984575,37.417665],[-76.985756,37.417539],[-76.986264,37.416327],[-76.986785,37.415866],[-76.988256,37.415117],[-76.988911,37.414961],[-76.991051,37.41483],[-76.991476,37.414917],[-76.992118,37.415792],[-76.992686,37.416128],[-76.993931,37.416605],[-76.994854,37.417157],[-76.996374,37.41794],[-76.997526,37.418183],[-76.998263,37.418196],[-76.999049,37.417845],[-76.999688,37.417295],[-77.003289,37.414941],[-77.005624,37.414019],[-77.00678,37.413728],[-77.007648,37.413749],[-77.008672,37.414135],[-77.009312,37.414576],[-77.009823,37.415422],[-77.010835,37.415668],[-77.011302,37.416077],[-77.011373,37.416673],[-77.011048,37.417028],[-77.01117,37.417406],[-77.012011,37.417681],[-77.012473,37.417462],[-77.013073,37.416675],[-77.013097,37.415811],[-77.013315,37.41535],[-77.013786,37.415168],[-77.015501,37.414703],[-77.01611,37.414015],[-77.016931,37.414164],[-77.017771,37.4145],[-77.018321,37.414976],[-77.018267,37.41529],[-77.018793,37.415356],[-77.019051,37.41556],[-77.020466,37.415772],[-77.021316,37.41601],[-77.022212,37.416975],[-77.023601,37.417816],[-77.023809,37.418485],[-77.024599,37.419516],[-77.024721,37.420156],[-77.023578,37.4203],[-77.02235,37.420538],[-77.021862,37.420756],[-77.021845,37.421247],[-77.022018,37.421339],[-77.023106,37.420915],[-77.024068,37.420898],[-77.024293,37.421503],[-77.024148,37.422023],[-77.023728,37.422831],[-77.024075,37.422984],[-77.024404,37.4234],[-77.024057,37.423854],[-77.024567,37.424483],[-77.024726,37.425111],[-77.025065,37.425725],[-77.024777,37.426498],[-77.025246,37.427054],[-77.02599,37.427127],[-77.025868,37.427466],[-77.025398,37.427844],[-77.025734,37.428323],[-77.026116,37.428473],[-77.026375,37.428888],[-77.026677,37.429006],[-77.027573,37.428046],[-77.028663,37.429391],[-77.029412,37.429124],[-77.028546,37.427932],[-77.029111,37.427284],[-77.029999,37.428569],[-77.031239,37.428421],[-77.031231,37.429426],[-77.032513,37.428477],[-77.034861,37.427792],[-77.034405,37.426842],[-77.035568,37.426838],[-77.037286,37.428318],[-77.037245,37.429137],[-77.038375,37.429178],[-77.039359,37.429737],[-77.040743,37.429453],[-77.043597,37.430132],[-77.044732,37.429397],[-77.045924,37.430002],[-77.045764,37.431111],[-77.046913,37.431791],[-77.048146,37.431301],[-77.049424,37.432077],[-77.050797,37.432161],[-77.052205,37.431468],[-77.053401,37.431929],[-77.05299,37.430903],[-77.055597,37.431706],[-77.057478,37.430493],[-77.057855,37.429122],[-77.059717,37.429001],[-77.060991,37.431423],[-77.06154,37.43296],[-77.060798,37.433823],[-77.060391,37.433116],[-77.059687,37.434261],[-77.060775,37.435822],[-77.062012,37.435969],[-77.065446,37.437169],[-77.066489,37.436621],[-77.0689,37.437904],[-77.069125,37.439434],[-77.070143,37.439931],[-77.07315,37.439649],[-77.073502,37.44057],[-77.075617,37.440484],[-77.076287,37.441287],[-77.077071,37.440355],[-77.078546,37.440076],[-77.079752,37.440747],[-77.080774,37.439973],[-77.082335,37.44054],[-77.08354,37.439864],[-77.086392,37.439894],[-77.086728,37.441376],[-77.093108,37.440465],[-77.094219,37.441024],[-77.095814,37.440292],[-77.098625,37.44232],[-77.098336,37.442952],[-77.100334,37.443879],[-77.101279,37.444802],[-77.100646,37.447087],[-77.105483,37.44853],[-77.10629,37.449551],[-77.107806,37.450237],[-77.107393,37.451127],[-77.10964,37.452834],[-77.111783,37.453503],[-77.113621,37.453058],[-77.114753,37.453634],[-77.11531,37.452765],[-77.116186,37.454517],[-77.116978,37.454039],[-77.117985,37.455267],[-77.119073,37.455822],[-77.119006,37.456938],[-77.118008,37.457367],[-77.117808,37.458797],[-77.118554,37.460305],[-77.1185,37.461557],[-77.11983,37.461315],[-77.121112,37.462698],[-77.122739,37.463142],[-77.123409,37.464658],[-77.124114,37.467898],[-77.125628,37.469858],[-77.126765,37.470512],[-77.126984,37.471622],[-77.128611,37.471403],[-77.129066,37.470826],[-77.131567,37.471558],[-77.133029,37.470658],[-77.136696,37.469758],[-77.138175,37.469814],[-77.1388,37.469208],[-77.141747,37.468382],[-77.14258,37.468706],[-77.143296,37.47053],[-77.142985,37.471947],[-77.141083,37.473412],[-77.141791,37.476285],[-77.144161,37.476396],[-77.147394,37.475738],[-77.15032,37.477286],[-77.15244,37.477013],[-77.154782,37.476275],[-77.15786,37.474529],[-77.160805,37.475302],[-77.161638,37.476516],[-77.160426,37.479162],[-77.159514,37.482292],[-77.157728,37.483692],[-77.1575,37.485615],[-77.158437,37.486203],[-77.160002,37.485797],[-77.161043,37.486143],[-77.163483,37.485523],[-77.164655,37.48471],[-77.166647,37.481915],[-77.168811,37.480899],[-77.170383,37.481416],[-77.170072,37.482641],[-77.171113,37.484162],[-77.17063,37.485936],[-77.171264,37.487238],[-77.174765,37.488606],[-77.176778,37.488688],[-77.177324,37.4906],[-77.176982,37.491367],[-77.178538,37.491401],[-77.179955,37.492657],[-77.179941,37.493329],[-77.179961,37.493357],[-77.179995,37.493387],[-77.180058,37.493419],[-77.180164,37.493458],[-77.180287,37.493523],[-77.180379,37.493548],[-77.180437,37.493574],[-77.180486,37.493573],[-77.181203,37.493153],[-77.182423,37.493933],[-77.183043,37.494746],[-77.183851,37.495283],[-77.184836,37.49572],[-77.185013,37.496286],[-77.185984,37.497356],[-77.186055,37.49798],[-77.186547,37.498087],[-77.186672,37.49775],[-77.187439,37.497561],[-77.188058,37.497969],[-77.188346,37.49796],[-77.188584,37.498289],[-77.188632,37.498704],[-77.188426,37.499298],[-77.187883,37.499746],[-77.188164,37.500224],[-77.188595,37.50028],[-77.189048,37.500136],[-77.189862,37.500144],[-77.1906,37.500622],[-77.191441,37.500693],[-77.191937,37.501237],[-77.191958,37.502868],[-77.192868,37.503406],[-77.192882,37.503664],[-77.192523,37.503983],[-77.192475,37.504285],[-77.192791,37.504889],[-77.192785,37.506067],[-77.192962,37.506598],[-77.193719,37.5072],[-77.193983,37.50754],[-77.194787,37.507828],[-77.19539,37.508147],[-77.196806,37.508551],[-77.197383,37.508932],[-77.198184,37.508965],[-77.198481,37.509427],[-77.198857,37.509713],[-77.199398,37.509899],[-77.201325,37.511104],[-77.201677,37.511582],[-77.201668,37.511978],[-77.2025,37.512257],[-77.202667,37.512866],[-77.203415,37.512996],[-77.203714,37.513215],[-77.204027,37.513123],[-77.204545,37.512698],[-77.205627,37.512956],[-77.206215,37.513348],[-77.206373,37.513616],[-77.207007,37.513446],[-77.207121,37.514293],[-77.206976,37.514489],[-77.206803,37.514801],[-77.206729,37.514758],[-77.206694,37.514775],[-77.206672,37.514806],[-77.206665,37.514838],[-77.206682,37.514871],[-77.20671,37.514975],[-77.206683,37.51508],[-77.206669,37.515114],[-77.2066,37.515205],[-77.206563,37.515226],[-77.206519,37.51523],[-77.206352,37.515176],[-77.206265,37.515156],[-77.206175,37.515153],[-77.206077,37.515172],[-77.206044,37.515182],[-77.205994,37.515201],[-77.205881,37.515245],[-77.205768,37.515276],[-77.205835,37.515357],[-77.205842,37.515402],[-77.205895,37.515516],[-77.206046,37.515735],[-77.206152,37.515868],[-77.206195,37.51593],[-77.206239,37.515977],[-77.206356,37.516024],[-77.206529,37.516088],[-77.206607,37.516126],[-77.206713,37.516159],[-77.206809,37.516154],[-77.206939,37.516134],[-77.207172,37.5162],[-77.207232,37.51621],[-77.207286,37.51621],[-77.207391,37.516195],[-77.207501,37.516113],[-77.20761,37.516066],[-77.207738,37.516026],[-77.207836,37.516041],[-77.207949,37.516093],[-77.208203,37.516147],[-77.208307,37.516189],[-77.20844,37.516253],[-77.208535,37.516275],[-77.208627,37.516279],[-77.208695,37.516304],[-77.208808,37.516423],[-77.208893,37.516532],[-77.208914,37.51656],[-77.208964,37.516673],[-77.208999,37.516785],[-77.208996,37.51685],[-77.209066,37.517052],[-77.209093,37.517387],[-77.209105,37.517464],[-77.209279,37.517769],[-77.209419,37.51825],[-77.209331,37.518985],[-77.209427,37.519257],[-77.210121,37.520081],[-77.21029,37.520443],[-77.210752,37.520741],[-77.211211,37.520664],[-77.211507,37.520994],[-77.21239,37.521363],[-77.212656,37.522011],[-77.212509,37.52323],[-77.214521,37.524578],[-77.214593,37.524723],[-77.214773,37.525231],[-77.214847,37.525372],[-77.214971,37.525443],[-77.215157,37.52552],[-77.215254,37.525542],[-77.215999,37.525651],[-77.21613,37.525679],[-77.216744,37.525855],[-77.21715,37.526041],[-77.217323,37.526151],[-77.217413,37.526222],[-77.217509,37.526272],[-77.217792,37.526365],[-77.217889,37.52642],[-77.218144,37.526645],[-77.218282,37.526744],[-77.21853,37.526865],[-77.218606,37.526881],[-77.218895,37.526821],[-77.219068,37.526843],[-77.219164,37.52687],[-77.21924,37.526903],[-77.219502,37.527057],[-77.219578,37.527089],[-77.219765,37.527122],[-77.220013,37.527106],[-77.220082,37.527111],[-77.220164,37.527139],[-77.220254,37.527221],[-77.220406,37.527485],[-77.220551,37.527704],[-77.220572,37.527792],[-77.220579,37.528056],[-77.220551,37.528863],[-77.2206,37.529006],[-77.220669,37.529121],[-77.220821,37.529303],[-77.22069,37.529605],[-77.220573,37.529797],[-77.220449,37.530028],[-77.2204,37.530143],[-77.220146,37.530912],[-77.220139,37.531005],[-77.220152,37.531066],[-77.220532,37.531527],[-77.22058,37.531598],[-77.220629,37.531714],[-77.220622,37.531867],[-77.220512,37.532213],[-77.220498,37.53229],[-77.2205,37.532436],[-77.220527,37.532537],[-77.220616,37.532697],[-77.220725,37.532782],[-77.220906,37.532896],[-77.221051,37.533002],[-77.221244,37.533229],[-77.221306,37.533252],[-77.221669,37.533317],[-77.2219,37.533325],[-77.222423,37.533315],[-77.222557,37.533326],[-77.222758,37.533376],[-77.222926,37.533459],[-77.223036,37.533564],[-77.223036,37.533597],[-77.222974,37.533761],[-77.222974,37.533816],[-77.22303,37.533899],[-77.223181,37.533954],[-77.223347,37.533986],[-77.223623,37.533981],[-77.223906,37.53397],[-77.224506,37.533915],[-77.224671,37.53392],[-77.224795,37.533948],[-77.224864,37.533975],[-77.225085,37.534101],[-77.225209,37.534145],[-77.22543,37.534156],[-77.22572,37.534079],[-77.226078,37.533931],[-77.226237,37.533887],[-77.226361,37.533859],[-77.226512,37.53387],[-77.226588,37.533898],[-77.22674,37.533991],[-77.226968,37.534167],[-77.227175,37.534348],[-77.227299,37.534479],[-77.227541,37.534814],[-77.227906,37.535402],[-77.228286,37.536077],[-77.228466,37.536357],[-77.228504,37.536398],[-77.228661,37.536545],[-77.228984,37.536827],[-77.229127,37.536856],[-77.229557,37.536863],[-77.229734,37.53688],[-77.229907,37.536947],[-77.230067,37.537066],[-77.230345,37.537109],[-77.23046,37.537142],[-77.230564,37.537244],[-77.230539,37.537391],[-77.230539,37.537514],[-77.230592,37.537621],[-77.230831,37.537901],[-77.231024,37.538168],[-77.231071,37.538341],[-77.231061,37.538459],[-77.231494,37.539466],[-77.232703,37.539553],[-77.233238,37.539074],[-77.233353,37.539002],[-77.233785,37.538835],[-77.23415,37.538863],[-77.234303,37.538871],[-77.234428,37.538868],[-77.2345,37.538856],[-77.234646,37.538804],[-77.234788,37.538677],[-77.235058,37.538592],[-77.235132,37.538574],[-77.235196,37.538572],[-77.235272,37.538584],[-77.235378,37.53863],[-77.235387,37.538702],[-77.235963,37.538877],[-77.23631,37.538918],[-77.236535,37.538932],[-77.236602,37.538949],[-77.236731,37.538959],[-77.236912,37.538943],[-77.237181,37.538876],[-77.237241,37.53887],[-77.237351,37.538884],[-77.2374,37.5389],[-77.237525,37.538994],[-77.237592,37.539056],[-77.23766,37.539086],[-77.237736,37.539094],[-77.237915,37.539074],[-77.238058,37.539027],[-77.238229,37.538944],[-77.238307,37.538891],[-77.238385,37.538796],[-77.238403,37.538744],[-77.238404,37.538638],[-77.23843,37.538574],[-77.238486,37.53852],[-77.238553,37.53848],[-77.239059,37.538294],[-77.239215,37.53822],[-77.239359,37.538141],[-77.239509,37.538077],[-77.239756,37.537983],[-77.239902,37.537933],[-77.240074,37.537892],[-77.240416,37.53785],[-77.240732,37.537803],[-77.240814,37.537804],[-77.240884,37.537825],[-77.240955,37.537876],[-77.241023,37.53797],[-77.240988,37.538088],[-77.241034,37.538135],[-77.241058,37.538237],[-77.241064,37.538336],[-77.241184,37.538516],[-77.24129,37.538575],[-77.241595,37.538618],[-77.241727,37.538602],[-77.242091,37.538594],[-77.24228,37.538621],[-77.242652,37.538714],[-77.242721,37.53876],[-77.242833,37.538882],[-77.243048,37.539235],[-77.243235,37.539379],[-77.243475,37.539444],[-77.243572,37.539455],[-77.243844,37.539446],[-77.243924,37.539436],[-77.244169,37.539348],[-77.244312,37.539259],[-77.244407,37.539154],[-77.244533,37.539053],[-77.244557,37.539034],[-77.244682,37.539016],[-77.244917,37.539051],[-77.245667,37.539123],[-77.245811,37.539139],[-77.246195,37.539196],[-77.246469,37.539218],[-77.24661,37.539235],[-77.246806,37.53931],[-77.246872,37.539436],[-77.246979,37.539595],[-77.247168,37.539749],[-77.247303,37.539939],[-77.247351,37.540093],[-77.247409,37.540236],[-77.247438,37.540281],[-77.247509,37.540355],[-77.247635,37.540441],[-77.24771,37.540469],[-77.247856,37.540481],[-77.248066,37.540452],[-77.248106,37.540456],[-77.2485,37.54058],[-77.248723,37.540646],[-77.249061,37.540713],[-77.249233,37.54075],[-77.249413,37.540818],[-77.249555,37.540956],[-77.249765,37.541069],[-77.249887,37.541164],[-77.249938,37.541217],[-77.249982,37.54129],[-77.250042,37.541421],[-77.250125,37.541579],[-77.250182,37.541668],[-77.250312,37.54183],[-77.250375,37.541868],[-77.250479,37.5419],[-77.250779,37.542027],[-77.250901,37.542152],[-77.25118,37.542317],[-77.251559,37.542431],[-77.251717,37.542458],[-77.251951,37.542479],[-77.252072,37.542483],[-77.252289,37.54242],[-77.25242,37.542312],[-77.252474,37.542275],[-77.252545,37.542249],[-77.252649,37.542234],[-77.252774,37.542246],[-77.252959,37.542303],[-77.253303,37.542474],[-77.25355,37.542618],[-77.253724,37.542726],[-77.253953,37.543058],[-77.254141,37.543352],[-77.254227,37.543547],[-77.254269,37.543726],[-77.254339,37.543949],[-77.254405,37.544088],[-77.254565,37.544409],[-77.254671,37.544556],[-77.254724,37.544606],[-77.254848,37.544674],[-77.255173,37.544833],[-77.255343,37.544922],[-77.255657,37.545122],[-77.255843,37.545195],[-77.256073,37.545239],[-77.256152,37.545243],[-77.256463,37.54529],[-77.256577,37.545323],[-77.256661,37.545369],[-77.256742,37.545447],[-77.256824,37.545558],[-77.256953,37.5458],[-77.257098,37.545982],[-77.257298,37.546142],[-77.257402,37.546211],[-77.257551,37.54629],[-77.257807,37.546374],[-77.258077,37.546458],[-77.258351,37.546568],[-77.258512,37.546646],[-77.258644,37.546704],[-77.259055,37.546857],[-77.259114,37.54689],[-77.259199,37.546941],[-77.259231,37.546967],[-77.259268,37.547042],[-77.25935,37.547285],[-77.259428,37.547661],[-77.259441,37.547865],[-77.259423,37.547927],[-77.25931,37.548084],[-77.259285,37.548148],[-77.259279,37.548276],[-77.259285,37.548333],[-77.259295,37.548362],[-77.259295,37.548372],[-77.259398,37.548502],[-77.259468,37.54862],[-77.259569,37.548739],[-77.259607,37.548765],[-77.259741,37.548909],[-77.259835,37.548972],[-77.259922,37.54903],[-77.259972,37.549058],[-77.260083,37.549114],[-77.260222,37.549185],[-77.260238,37.549192],[-77.260455,37.549319],[-77.260602,37.549374],[-77.260691,37.549395],[-77.260886,37.549461],[-77.260933,37.549487],[-77.261131,37.549597],[-77.261288,37.549675],[-77.261366,37.549702],[-77.261437,37.549712],[-77.261549,37.549722],[-77.261732,37.549696],[-77.261823,37.549694],[-77.262287,37.549709],[-77.262547,37.549753],[-77.262628,37.549762],[-77.262793,37.549777],[-77.263136,37.549765],[-77.263277,37.549729],[-77.263434,37.549648],[-77.263458,37.54965],[-77.263563,37.549759],[-77.263654,37.549886],[-77.263676,37.549909],[-77.263828,37.550066],[-77.263929,37.550131],[-77.263994,37.5502],[-77.264079,37.550357],[-77.264086,37.550405],[-77.264117,37.550456],[-77.26422,37.550557],[-77.264253,37.550607],[-77.264296,37.550685],[-77.264348,37.550734],[-77.264383,37.550767],[-77.264539,37.550922],[-77.264798,37.551064],[-77.264938,37.551137],[-77.26505,37.551197],[-77.265881,37.551841],[-77.265959,37.551867],[-77.26612,37.5519],[-77.26631,37.551887],[-77.266572,37.551857],[-77.266952,37.551773],[-77.267227,37.551736],[-77.267672,37.551687],[-77.268129,37.551644],[-77.268193,37.551648],[-77.268482,37.551662],[-77.269045,37.551665],[-77.269897,37.551538],[-77.27022,37.551617],[-77.270602,37.551788],[-77.270908,37.551959],[-77.271508,37.552278],[-77.272432,37.552298],[-77.273601,37.552434],[-77.274235,37.552745],[-77.275048,37.552736],[-77.275698,37.552925],[-77.276118,37.553316],[-77.276515,37.553537],[-77.27711,37.554118],[-77.278083,37.554199],[-77.27896,37.554095],[-77.279773,37.554511],[-77.280296,37.555025],[-77.28076,37.555003],[-77.281889,37.555719],[-77.282728,37.555552],[-77.283379,37.555539],[-77.283665,37.555308],[-77.283999,37.555352],[-77.285144,37.55588],[-77.286104,37.555991],[-77.286913,37.556313],[-77.288379,37.557487],[-77.288833,37.558114],[-77.289885,37.559637],[-77.291233,37.560616],[-77.29334,37.561013],[-77.295455,37.560625],[-77.296158,37.560332],[-77.297326,37.560282],[-77.299142,37.559719],[-77.301129,37.559712],[-77.302335,37.5598],[-77.304279,37.560411],[-77.305938,37.561011],[-77.307197,37.561862],[-77.307773,37.562622],[-77.30829,37.563095],[-77.309864,37.564164],[-77.310581,37.564744],[-77.311057,37.564922],[-77.311586,37.564531],[-77.311946,37.564448],[-77.313405,37.564611],[-77.314926,37.5658],[-77.31606,37.567016],[-77.316714,37.567466],[-77.317842,37.567352],[-77.318935,37.567483],[-77.320547,37.567878],[-77.320754,37.567836],[-77.32095,37.567795],[-77.321026,37.567778],[-77.32125,37.567776],[-77.322032,37.568142],[-77.322075,37.568164],[-77.322379,37.568347],[-77.322603,37.568524],[-77.322819,37.568753],[-77.323071,37.568911],[-77.323391,37.569071],[-77.323628,37.569111],[-77.323915,37.569185],[-77.324089,37.569238],[-77.324779,37.56965],[-77.326578,37.570328],[-77.32649,37.57091],[-77.326483,37.570922],[-77.326478,37.57094],[-77.326476,37.570961],[-77.326482,37.571009],[-77.326486,37.571038],[-77.326494,37.571068],[-77.326504,37.571097],[-77.32653,37.571159],[-77.326561,37.571223],[-77.326592,37.571283],[-77.326622,37.571336],[-77.326638,37.571359],[-77.32669,37.571428],[-77.326734,37.571473],[-77.326802,37.571534],[-77.326877,37.571595],[-77.326953,37.571653],[-77.327024,37.571706],[-77.327082,37.571749],[-77.327123,37.571779],[-77.327147,37.571792],[-77.327205,37.571822],[-77.327279,37.571856],[-77.327367,37.571891],[-77.327415,37.57191],[-77.327522,37.57195],[-77.327668,37.572006],[-77.327789,37.572054],[-77.327894,37.572095],[-77.327994,37.572133],[-77.328153,37.572189],[-77.328199,37.572203],[-77.328294,37.572232],[-77.328391,37.572262],[-77.328486,37.572287],[-77.328574,37.572311],[-77.328687,37.572338],[-77.328768,37.572354],[-77.328861,37.572373],[-77.328965,37.572395],[-77.329022,37.572407],[-77.329144,37.572435],[-77.329282,37.57247],[-77.329408,37.572502],[-77.329517,37.572531],[-77.329616,37.572556],[-77.32971,37.572586],[-77.329805,37.572617],[-77.329886,37.572648],[-77.329941,37.57267],[-77.330022,37.572706],[-77.330087,37.572746],[-77.330143,37.572778],[-77.330178,37.572796],[-77.330226,37.572821],[-77.330297,37.572876],[-77.330344,37.572918],[-77.330415,37.572986],[-77.330722,37.573293],[-77.331515,37.573737],[-77.332474,37.574003],[-77.333126,37.574246],[-77.33407,37.574427],[-77.3348,37.574671],[-77.335229,37.574698],[-77.335756,37.574778],[-77.336203,37.575016],[-77.336925,37.575674],[-77.336967,37.575736],[-77.337419,37.57643],[-77.337954,37.577063],[-77.338096,37.577206],[-77.338169,37.577236],[-77.338419,37.5773],[-77.338917,37.577375],[-77.339033,37.57739],[-77.339279,37.577435],[-77.339471,37.577477],[-77.339559,37.577505],[-77.339842,37.577545],[-77.340575,37.57776],[-77.340637,37.577774],[-77.340916,37.577856],[-77.341163,37.577919],[-77.341705,37.578076],[-77.341813,37.57811],[-77.342046,37.578195],[-77.342158,37.578245],[-77.34247,37.578393],[-77.342772,37.578533],[-77.342874,37.578566],[-77.343068,37.578585],[-77.343401,37.578561],[-77.343476,37.578568],[-77.343769,37.578615],[-77.343991,37.578613],[-77.344055,37.578588],[-77.344234,37.57846],[-77.344364,37.578291],[-77.34441,37.578248],[-77.344568,37.578201],[-77.344623,37.57823],[-77.344841,37.578431],[-77.344974,37.57851],[-77.345055,37.578539],[-77.345284,37.578564],[-77.345347,37.578566],[-77.345539,37.578648],[-77.345593,37.578693],[-77.34569,37.57879],[-77.345744,37.578834],[-77.345977,37.578913],[-77.346073,37.578936],[-77.346326,37.579031],[-77.346464,37.579114],[-77.346749,37.579249],[-77.346912,37.579313],[-77.347158,37.579369],[-77.347461,37.579383],[-77.347676,37.579424],[-77.347751,37.579453],[-77.347937,37.579551],[-77.348013,37.579568],[-77.348172,37.579563],[-77.348259,37.579538],[-77.348499,37.579481],[-77.348582,37.57948],[-77.348728,37.579508],[-77.348802,37.579539],[-77.34901,37.579644],[-77.349299,37.579805],[-77.349543,37.579954],[-77.349752,37.579984],[-77.349825,37.579981],[-77.350028,37.579993],[-77.350207,37.580038],[-77.35022,37.580059],[-77.350209,37.580174],[-77.350185,37.580276],[-77.350185,37.580435],[-77.350214,37.580476],[-77.350386,37.580564],[-77.350461,37.580577],[-77.350581,37.58062],[-77.35063,37.580653],[-77.350813,37.580814],[-77.350986,37.580882],[-77.351048,37.580891],[-77.35124,37.58087],[-77.351289,37.580871],[-77.351462,37.580928],[-77.351518,37.580958],[-77.351624,37.580987],[-77.351674,37.580973],[-77.351699,37.580839],[-77.351679,37.5808],[-77.351689,37.580707],[-77.351722,37.580698],[-77.351852,37.580746],[-77.354205,37.581722],[-77.354275,37.581769],[-77.354334,37.581905],[-77.354336,37.582122],[-77.354344,37.582178],[-77.354395,37.582323],[-77.354428,37.582384],[-77.354785,37.582654],[-77.355313,37.582794],[-77.355431,37.582849],[-77.355659,37.582927],[-77.355876,37.582989],[-77.356153,37.583047],[-77.356476,37.58308],[-77.356652,37.583088],[-77.356688,37.583076],[-77.356834,37.582909],[-77.35695,37.582813],[-77.357001,37.582805],[-77.357168,37.582813],[-77.357331,37.582835],[-77.357351,37.582847],[-77.357493,37.582867],[-77.357731,37.582952],[-77.357887,37.583091],[-77.357913,37.583138],[-77.357897,37.583312],[-77.357937,37.583509],[-77.357965,37.58358],[-77.35807,37.583769],[-77.35812,37.583821],[-77.358489,37.584092],[-77.358519,37.584107],[-77.358483,37.584182],[-77.358453,37.584303],[-77.358443,37.584543],[-77.358431,37.584594],[-77.358415,37.584733],[-77.358492,37.584838],[-77.359585,37.585518],[-77.360216,37.585822],[-77.360707,37.58676],[-77.361189,37.586971],[-77.361245,37.586976],[-77.361307,37.586953],[-77.361508,37.586853],[-77.361669,37.586766],[-77.361833,37.586689],[-77.361888,37.586675],[-77.362062,37.586737],[-77.362255,37.586873],[-77.362313,37.586914],[-77.362484,37.587065],[-77.362624,37.587214],[-77.362669,37.587288],[-77.362797,37.587741],[-77.362638,37.588365],[-77.362672,37.588693],[-77.36368,37.589215],[-77.364639,37.589619],[-77.366592,37.590711],[-77.368084,37.590523],[-77.368245,37.590501],[-77.368528,37.590529],[-77.368753,37.590551],[-77.369344,37.590832],[-77.369528,37.590956],[-77.370199,37.591382],[-77.370534,37.591621],[-77.370945,37.591898],[-77.371685,37.592443],[-77.371843,37.59258],[-77.371949,37.592666],[-77.372506,37.593147],[-77.376355,37.593819],[-77.37638,37.593819],[-77.376392,37.593819],[-77.376432,37.593824],[-77.376558,37.593852],[-77.376592,37.593867],[-77.376678,37.593939],[-77.376699,37.593965],[-77.37676,37.59405],[-77.376783,37.594073],[-77.376875,37.594127],[-77.376912,37.594131],[-77.377031,37.594102],[-77.377192,37.594029],[-77.377235,37.594015],[-77.377338,37.594024],[-77.377452,37.59404],[-77.377554,37.594057],[-77.377609,37.594065],[-77.377758,37.594071],[-77.377812,37.594065],[-77.377965,37.594043],[-77.378093,37.594025],[-77.378144,37.594025],[-77.378214,37.594028],[-77.378284,37.594031],[-77.378337,37.594037],[-77.37849,37.594064],[-77.378542,37.594072],[-77.378637,37.594096],[-77.37868,37.594107],[-77.37881,37.59415],[-77.378858,37.594166],[-77.378905,37.594184],[-77.378942,37.594197],[-77.378979,37.594214],[-77.379094,37.594255],[-77.379131,37.59426],[-77.379174,37.594264],[-77.379276,37.594278],[-77.379323,37.594281],[-77.379454,37.594284],[-77.379556,37.594285],[-77.379666,37.59431],[-77.379815,37.594351],[-77.379922,37.594388],[-77.37999,37.594412],[-77.380006,37.594418],[-77.380202,37.594496],[-77.380431,37.59456],[-77.38059,37.594585],[-77.380824,37.594597],[-77.38105,37.594608],[-77.381122,37.594606],[-77.381164,37.594605],[-77.381278,37.594584],[-77.381432,37.594543],[-77.381446,37.594528],[-77.381459,37.594525],[-77.381545,37.594502],[-77.381598,37.594487],[-77.381732,37.594509],[-77.381755,37.594513],[-77.381782,37.594538],[-77.381823,37.594572],[-77.381859,37.594594],[-77.38194,37.594629],[-77.382,37.594656],[-77.382066,37.594692],[-77.382093,37.594708],[-77.382149,37.594739],[-77.382228,37.594784],[-77.382256,37.594796],[-77.382317,37.594828],[-77.382342,37.594842],[-77.382376,37.594862],[-77.382408,37.594879],[-77.382424,37.594886],[-77.382438,37.594895],[-77.382473,37.59492],[-77.382486,37.594931],[-77.382531,37.594966],[-77.382579,37.595002],[-77.382605,37.595021],[-77.382621,37.595034],[-77.382628,37.595051],[-77.38265,37.595064],[-77.382662,37.595074],[-77.382678,37.595084],[-77.382707,37.595102],[-77.382752,37.59514],[-77.382879,37.595247],[-77.384897,37.596545],[-77.385467,37.597045],[-77.385853,37.597323],[-77.386392,37.597592],[-77.386523,37.597629],[-77.386818,37.597615],[-77.386974,37.59767],[-77.38708,37.597788],[-77.387233,37.598054],[-77.38738,37.598145],[-77.387518,37.598156],[-77.387896,37.598078],[-77.388012,37.598108],[-77.388446,37.598383],[-77.388661,37.598433],[-77.38892,37.598341],[-77.389133,37.598149],[-77.389329,37.598143],[-77.389744,37.598239],[-77.39014,37.598191],[-77.390557,37.59798],[-77.390744,37.597934],[-77.390915,37.597979],[-77.391126,37.598094],[-77.391324,37.598339],[-77.391423,37.598543],[-77.391675,37.598863],[-77.391839,37.599218],[-77.391935,37.599783],[-77.392022,37.599987],[-77.392146,37.600137],[-77.392308,37.600248],[-77.392828,37.600497],[-77.393283,37.600933],[-77.393633,37.601399],[-77.393832,37.601567],[-77.394125,37.601735],[-77.394343,37.601822],[-77.394616,37.601987],[-77.394827,37.602066],[-77.395046,37.602106],[-77.395519,37.60202],[-77.395748,37.601948],[-77.396037,37.601913],[-77.396333,37.602014],[-77.396627,37.602267],[-77.396855,37.60243],[-77.397036,37.602622],[-77.397551,37.603425],[-77.397903,37.603843],[-77.398627,37.604541],[-77.399061,37.604999],[-77.399386,37.60531],[-77.399553,37.605559],[-77.399853,37.606068],[-77.399981,37.606141],[-77.400282,37.606171],[-77.400941,37.60611],[-77.401176,37.605983],[-77.401471,37.605713],[-77.401609,37.605679],[-77.401742,37.605643],[-77.401814,37.605628],[-77.402019,37.605584],[-77.402078,37.605571],[-77.402288,37.605523],[-77.402326,37.605515],[-77.402471,37.605482],[-77.40275,37.605406],[-77.402944,37.605342],[-77.403007,37.605305],[-77.403157,37.605189],[-77.403207,37.605153],[-77.40335,37.605102],[-77.4036,37.605105],[-77.403629,37.605117],[-77.40382,37.605222],[-77.403911,37.605322],[-77.403958,37.605528],[-77.404208,37.605804],[-77.404428,37.605905],[-77.40463,37.606058],[-77.404848,37.606275],[-77.405042,37.606555],[-77.405266,37.60715],[-77.405309,37.607378],[-77.405274,37.607699],[-77.405115,37.60817],[-77.404874,37.608628],[-77.404669,37.609178],[-77.40464,37.609324],[-77.404601,37.609524],[-77.405163,37.610948],[-77.406257,37.611851],[-77.407189,37.612524],[-77.408706,37.614656],[-77.408558,37.615087],[-77.407426,37.617154],[-77.407327,37.617305],[-77.407288,37.617357],[-77.407145,37.617514],[-77.407098,37.617559],[-77.407061,37.617595],[-77.40588,37.618979],[-77.406041,37.619528],[-77.405987,37.62024],[-77.405933,37.620307],[-77.40587,37.620384],[-77.405797,37.620478],[-77.40467,37.622605],[-77.405204,37.624722],[-77.405254,37.625798],[-77.406828,37.62728],[-77.407786,37.627149],[-77.408252,37.627344],[-77.408598,37.62748],[-77.410365,37.628037],[-77.411018,37.629257],[-77.413777,37.630269],[-77.414655,37.631098],[-77.415999,37.631417],[-77.417094,37.632526],[-77.418064,37.633014],[-77.418107,37.633044],[-77.418161,37.633087],[-77.418224,37.633137],[-77.418254,37.633166],[-77.418274,37.633202],[-77.418315,37.633282],[-77.418354,37.633359],[-77.418372,37.633393],[-77.418387,37.633425],[-77.418403,37.633455],[-77.418444,37.63354],[-77.418459,37.63357],[-77.418474,37.633602],[-77.418492,37.633635],[-77.418501,37.633652],[-77.41852,37.633686],[-77.418538,37.63372],[-77.418548,37.633737],[-77.418565,37.633767],[-77.418573,37.63378],[-77.41858,37.633791],[-77.418587,37.6338],[-77.418602,37.633824],[-77.418619,37.633853],[-77.418634,37.633887],[-77.418649,37.633924],[-77.418658,37.633946],[-77.419289,37.635679],[-77.420679,37.636503],[-77.420561,37.637221],[-77.41995,37.638108],[-77.421312,37.641453],[-77.42143,37.641682],[-77.422266,37.643711],[-77.422332,37.643942],[-77.422352,37.644011],[-77.422397,37.64412],[-77.422433,37.644252],[-77.422464,37.644335],[-77.42249,37.644441],[-77.422511,37.644496],[-77.422524,37.644554],[-77.422541,37.644586],[-77.422635,37.6447],[-77.422644,37.644716],[-77.422687,37.64479],[-77.422735,37.644861],[-77.422763,37.644888],[-77.422829,37.644994],[-77.422854,37.645221],[-77.422862,37.64526],[-77.422867,37.645281],[-77.422914,37.6454],[-77.422931,37.64543],[-77.422945,37.645455],[-77.423064,37.645585],[-77.423091,37.64568],[-77.423089,37.645712],[-77.423098,37.645732],[-77.423165,37.645872],[-77.423206,37.64602],[-77.423288,37.646164],[-77.423323,37.646298],[-77.423329,37.646338],[-77.423349,37.646411],[-77.423356,37.646423],[-77.423366,37.646444],[-77.42343,37.646543],[-77.42345,37.646653],[-77.423465,37.646694],[-77.423485,37.646786],[-77.423495,37.646832],[-77.423542,37.646973],[-77.423621,37.647106],[-77.423635,37.647129],[-77.423701,37.647242],[-77.423722,37.647281],[-77.423775,37.647394],[-77.423814,37.647507],[-77.42383,37.647555],[-77.423873,37.647704],[-77.423892,37.647755],[-77.423936,37.647849],[-77.423956,37.647893],[-77.424011,37.648052],[-77.424071,37.64822],[-77.424094,37.648268],[-77.424162,37.648421],[-77.42418,37.648464],[-77.424222,37.648565],[-77.424248,37.648626],[-77.424275,37.648667],[-77.424304,37.648704],[-77.424445,37.648824],[-77.42448,37.648859],[-77.424582,37.648918],[-77.424722,37.648987],[-77.424852,37.649041],[-77.424988,37.649137],[-77.425069,37.649188],[-77.425114,37.649233],[-77.425191,37.649337],[-77.425342,37.649453],[-77.425381,37.649513],[-77.425455,37.649592],[-77.425535,37.649653],[-77.425644,37.649703],[-77.42568,37.649716],[-77.425737,37.649733],[-77.425837,37.649746],[-77.42587,37.649747],[-77.425988,37.649751],[-77.4261,37.649763],[-77.42624,37.649795],[-77.426288,37.649817],[-77.426372,37.649878],[-77.426454,37.649928],[-77.426498,37.64998],[-77.426501,37.650003],[-77.42656,37.650062],[-77.426603,37.650172],[-77.426665,37.650223],[-77.426757,37.650263],[-77.426849,37.650292],[-77.426903,37.650303],[-77.426958,37.650316],[-77.427064,37.65033],[-77.427109,37.650335],[-77.427201,37.650355],[-77.427248,37.650368],[-77.427331,37.65039],[-77.427367,37.650402],[-77.427382,37.650409],[-77.427398,37.650411],[-77.427434,37.650432],[-77.42747,37.650454],[-77.427535,37.650507],[-77.427627,37.650558],[-77.427703,37.650617],[-77.427778,37.650696],[-77.427949,37.650772],[-77.428082,37.650793],[-77.428198,37.6508],[-77.428334,37.650785],[-77.428477,37.650763],[-77.428619,37.650764],[-77.428781,37.650781],[-77.42888,37.650806],[-77.428923,37.650835],[-77.428944,37.650864],[-77.42904,37.650922],[-77.429117,37.65097],[-77.429238,37.651036],[-77.429354,37.651083],[-77.429441,37.651098],[-77.429484,37.651098],[-77.429673,37.651122],[-77.429705,37.651137],[-77.429769,37.651165],[-77.429806,37.65118],[-77.429883,37.651211],[-77.429921,37.651226],[-77.43004,37.65128],[-77.430153,37.651338],[-77.430251,37.651419],[-77.430325,37.651509],[-77.430382,37.651616],[-77.430393,37.651695],[-77.430387,37.651739],[-77.430369,37.651866],[-77.430359,37.651988],[-77.430353,37.652017],[-77.430337,37.652098],[-77.430332,37.652134],[-77.430349,37.652245],[-77.430357,37.652262],[-77.430365,37.652288],[-77.43041,37.652444],[-77.430423,37.652585],[-77.430566,37.653263],[-77.430705,37.653623],[-77.430779,37.653749],[-77.430861,37.654054],[-77.430894,37.65447],[-77.430985,37.654701],[-77.430954,37.654998],[-77.43096,37.655488],[-77.431008,37.655591],[-77.431005,37.655782],[-77.430958,37.655948],[-77.431033,37.656149],[-77.43095,37.656548],[-77.430746,37.656834],[-77.43077,37.656975],[-77.430585,37.657325],[-77.430568,37.657652],[-77.430765,37.658127],[-77.430919,37.658367],[-77.432319,37.66036],[-77.433817,37.662113],[-77.434469,37.662496],[-77.435387,37.663325],[-77.435513,37.663313],[-77.435974,37.663619],[-77.43621,37.663747],[-77.436492,37.663983],[-77.436559,37.664096],[-77.436627,37.664468],[-77.436819,37.664863],[-77.439092,37.667501],[-77.439223,37.667645],[-77.439708,37.668652],[-77.439977,37.671105],[-77.440024,37.671491],[-77.440438,37.673381],[-77.440339,37.676244],[-77.440117,37.676877],[-77.441602,37.680119],[-77.443045,37.68183],[-77.443106,37.682056],[-77.443126,37.682097],[-77.443174,37.682139],[-77.443205,37.682157],[-77.443238,37.682172],[-77.44334,37.682206],[-77.443378,37.682223],[-77.443414,37.68224],[-77.443447,37.682259],[-77.443472,37.68228],[-77.443519,37.682328],[-77.443568,37.682391],[-77.443681,37.682568],[-77.443696,37.682584],[-77.443716,37.682599],[-77.44379,37.682644],[-77.443811,37.682656],[-77.44385,37.682672],[-77.443949,37.68273],[-77.44409,37.68282],[-77.444126,37.68284],[-77.444169,37.682861],[-77.444211,37.682876],[-77.444319,37.682895],[-77.444376,37.682908],[-77.444608,37.682984],[-77.444704,37.683026],[-77.444823,37.68309],[-77.445002,37.6832],[-77.445034,37.683221],[-77.445127,37.683284],[-77.445173,37.683311],[-77.44524,37.68337],[-77.445288,37.683402],[-77.445365,37.683438],[-77.445459,37.683473],[-77.445498,37.683489],[-77.445588,37.683534],[-77.445611,37.683548],[-77.445634,37.683565],[-77.445655,37.683589],[-77.445677,37.68362],[-77.445698,37.683661],[-77.445942,37.684092],[-77.448572,37.684445],[-77.448835,37.684357],[-77.449039,37.683924],[-77.449838,37.68334],[-77.450644,37.682858],[-77.450898,37.682548],[-77.451056,37.681815],[-77.450734,37.680744],[-77.450967,37.680479],[-77.451133,37.680272],[-77.451134,37.680247],[-77.451133,37.680225],[-77.451132,37.680181],[-77.451128,37.680137],[-77.451123,37.680093],[-77.451117,37.680049],[-77.451113,37.680005],[-77.45111,37.679983],[-77.451107,37.679951],[-77.451124,37.679944],[-77.45114,37.679939],[-77.451191,37.679917],[-77.451217,37.679904],[-77.451281,37.67988],[-77.451386,37.679842],[-77.451405,37.679834],[-77.45147,37.67981],[-77.451529,37.679791],[-77.451555,37.679783],[-77.45158,37.679775],[-77.451635,37.679761],[-77.45176,37.679725],[-77.4518,37.679713],[-77.451868,37.679696],[-77.451927,37.679682],[-77.452013,37.679671],[-77.45204,37.679671],[-77.452062,37.679669],[-77.452083,37.679668],[-77.452126,37.679665],[-77.452184,37.67966],[-77.452229,37.679662],[-77.45236,37.679675],[-77.452384,37.679679],[-77.45242,37.67968],[-77.452445,37.679682],[-77.452495,37.679681],[-77.45258,37.679681],[-77.452656,37.679681],[-77.452687,37.679679],[-77.452856,37.679682],[-77.452906,37.679688],[-77.45293,37.679692],[-77.452955,37.679697],[-77.452977,37.6797],[-77.452998,37.679703],[-77.453017,37.679705],[-77.45305,37.679704],[-77.453068,37.679705],[-77.45309,37.679708],[-77.453118,37.679717],[-77.453146,37.679729],[-77.45317,37.679745],[-77.453192,37.679759],[-77.45321,37.679772],[-77.453225,37.679781],[-77.453237,37.679791],[-77.453284,37.679834],[-77.453295,37.679843],[-77.453307,37.679855],[-77.453322,37.679869],[-77.453339,37.679884],[-77.453358,37.6799],[-77.453378,37.679918],[-77.453402,37.679939],[-77.453426,37.67996],[-77.45345,37.679981],[-77.453469,37.679998],[-77.453486,37.680011],[-77.453515,37.680037],[-77.453526,37.680046],[-77.453539,37.68006],[-77.453558,37.680075],[-77.453576,37.680089],[-77.453594,37.6801],[-77.453607,37.68011],[-77.453624,37.680122],[-77.453647,37.680142],[-77.453671,37.680162],[-77.45369,37.68018],[-77.45371,37.680198],[-77.453727,37.680216],[-77.453745,37.680235],[-77.453761,37.680254],[-77.453778,37.680273],[-77.453793,37.680289],[-77.453809,37.680307],[-77.453827,37.680325],[-77.453848,37.680347],[-77.453865,37.680363],[-77.453882,37.680378],[-77.453897,37.680392],[-77.453909,37.680406],[-77.453922,37.680419],[-77.453935,37.680432],[-77.453949,37.680445],[-77.453981,37.680472],[-77.453999,37.680485],[-77.454019,37.680496],[-77.45404,37.680505],[-77.454064,37.680514],[-77.454089,37.680523],[-77.454108,37.68053],[-77.454125,37.680535],[-77.454157,37.680543],[-77.454179,37.680548],[-77.454203,37.680552],[-77.454231,37.680556],[-77.454255,37.68056],[-77.454278,37.680562],[-77.454299,37.680565],[-77.45432,37.680565],[-77.454344,37.680567],[-77.454393,37.680567],[-77.454435,37.680563],[-77.454458,37.680558],[-77.454484,37.680555],[-77.454511,37.68055],[-77.454541,37.680544],[-77.454579,37.680538],[-77.454621,37.68053],[-77.454663,37.68052],[-77.454704,37.680508],[-77.45474,37.680495],[-77.454777,37.680477],[-77.454809,37.680459],[-77.454843,37.680435],[-77.454879,37.680412],[-77.454896,37.6804],[-77.455213,37.680192],[-77.455514,37.68008],[-77.455868,37.679889],[-77.455868,37.679727],[-77.455709,37.679592],[-77.455394,37.679427],[-77.455111,37.679332],[-77.454919,37.679107],[-77.454976,37.678896],[-77.456184,37.678126],[-77.457395,37.677826],[-77.457928,37.678041],[-77.45918,37.678286],[-77.460065,37.678181],[-77.460499,37.678287],[-77.460793,37.678409],[-77.461026,37.678608],[-77.461029,37.678679],[-77.460855,37.678884],[-77.460732,37.679155],[-77.460706,37.679372],[-77.460818,37.679841],[-77.460788,37.680072],[-77.460797,37.680333],[-77.460955,37.680383],[-77.461255,37.680264],[-77.461539,37.680272],[-77.461727,37.680213],[-77.464233,37.680653],[-77.464395,37.681866],[-77.464561,37.68216],[-77.464812,37.682391],[-77.464912,37.682434],[-77.465346,37.682715],[-77.465628,37.682929],[-77.466004,37.683082],[-77.466085,37.683197],[-77.465991,37.683378],[-77.465913,37.683674],[-77.465934,37.68374],[-77.46614,37.683925],[-77.46648,37.684022],[-77.466607,37.684098],[-77.467071,37.684588],[-77.467543,37.685023],[-77.46799,37.685265],[-77.46847,37.685698],[-77.468819,37.685905],[-77.468982,37.685969],[-77.46931,37.686041],[-77.469432,37.686162],[-77.469486,37.686617],[-77.469564,37.686784],[-77.469727,37.686961],[-77.469914,37.687096],[-77.470322,37.687299],[-77.470346,37.687309],[-77.470367,37.687318],[-77.470384,37.687325],[-77.470411,37.687336],[-77.470429,37.687345],[-77.470452,37.687355],[-77.47048,37.687368],[-77.470508,37.687382],[-77.470535,37.687395],[-77.470561,37.687408],[-77.470582,37.687417],[-77.470601,37.687426],[-77.470622,37.687435],[-77.470642,37.687444],[-77.470663,37.687451],[-77.470687,37.687462],[-77.470711,37.687472],[-77.470741,37.687481],[-77.470764,37.68749],[-77.470788,37.687499],[-77.47081,37.687506],[-77.470833,37.687512],[-77.470853,37.687521],[-77.470878,37.687529],[-77.4709,37.687536],[-77.470919,37.687543],[-77.470937,37.687548],[-77.470959,37.687553],[-77.470983,37.687561],[-77.471016,37.68757],[-77.47104,37.687583],[-77.471055,37.687586],[-77.471086,37.687602],[-77.471124,37.687619],[-77.471183,37.687637],[-77.471296,37.687659],[-77.471335,37.687663],[-77.471396,37.687666],[-77.471447,37.687666],[-77.471491,37.687664],[-77.471532,37.687662],[-77.471574,37.687659],[-77.471597,37.687656],[-77.471615,37.687654],[-77.471659,37.687646],[-77.471708,37.687636],[-77.471764,37.687624],[-77.471825,37.687607],[-77.471886,37.68759],[-77.471949,37.68757],[-77.472005,37.68755],[-77.472044,37.687529],[-77.47207,37.687511],[-77.472089,37.687498],[-77.472108,37.687485],[-77.472126,37.687468],[-77.47215,37.687452],[-77.472177,37.687432],[-77.472206,37.687411],[-77.472239,37.687389],[-77.472271,37.687365],[-77.472308,37.687338],[-77.472343,37.687314],[-77.47238,37.687291],[-77.472416,37.687268],[-77.472452,37.687249],[-77.472487,37.687231],[-77.47253,37.687212],[-77.47258,37.687192],[-77.472631,37.687172],[-77.472688,37.68715],[-77.472746,37.687127],[-77.472783,37.687114],[-77.472805,37.687104],[-77.472859,37.687082],[-77.472911,37.687058],[-77.472957,37.687036],[-77.472995,37.687019],[-77.473027,37.687002],[-77.473541,37.686805],[-77.473681,37.686715],[-77.474108,37.686302],[-77.474377,37.685854],[-77.474445,37.685689],[-77.47461,37.68555],[-77.475124,37.685511],[-77.475426,37.685511],[-77.475885,37.685613],[-77.476022,37.685576],[-77.476368,37.685379],[-77.47646,37.685148],[-77.476474,37.684817],[-77.476532,37.68462],[-77.476776,37.684311],[-77.476973,37.684023],[-77.477053,37.683768],[-77.47712,37.683402],[-77.47718,37.683209],[-77.477196,37.682923],[-77.477385,37.682391],[-77.477597,37.682027],[-77.477705,37.681711],[-77.47767,37.681592],[-77.477526,37.681466],[-77.477273,37.681333],[-77.477233,37.681183],[-77.477422,37.680971],[-77.477638,37.680879],[-77.477661,37.680878],[-77.4777,37.680869],[-77.477749,37.680864],[-77.477799,37.680859],[-77.477855,37.680854],[-77.477903,37.680852],[-77.477945,37.680853],[-77.477984,37.680853],[-77.478025,37.68085],[-77.478062,37.680848],[-77.478108,37.680845],[-77.478152,37.680844],[-77.478275,37.680845],[-77.478309,37.680845],[-77.478336,37.680841],[-77.47836,37.68084],[-77.478387,37.68084],[-77.478413,37.68084],[-77.47844,37.680842],[-77.478468,37.680846],[-77.478495,37.680852],[-77.478523,37.680858],[-77.478553,37.680865],[-77.478578,37.680875],[-77.478601,37.680882],[-77.478628,37.680897],[-77.478656,37.680908],[-77.478676,37.680921],[-77.478697,37.680932],[-77.478717,37.680947],[-77.478731,37.680958],[-77.478743,37.680966],[-77.478752,37.680981],[-77.478763,37.680993],[-77.478776,37.681014],[-77.47879,37.681038],[-77.478799,37.681063],[-77.47881,37.681087],[-77.478819,37.681113],[-77.478825,37.681137],[-77.478837,37.681159],[-77.478845,37.68119],[-77.478863,37.681223],[-77.478877,37.681253],[-77.478899,37.681284],[-77.47892,37.681312],[-77.478947,37.681341],[-77.478974,37.681369],[-77.479006,37.681396],[-77.479022,37.681373],[-77.478999,37.681269],[-77.478193,37.679419],[-77.479547,37.675537],[-77.480163,37.67225],[-77.481026,37.671541],[-77.48164,37.671148],[-77.482246,37.670776],[-77.482767,37.671301],[-77.482863,37.671396],[-77.484649,37.667611],[-77.48494,37.667007],[-77.486512,37.663441],[-77.486562,37.663342],[-77.487233,37.661959],[-77.489731,37.659471],[-77.491879,37.657386],[-77.493683,37.655582],[-77.49539,37.65243],[-77.49596,37.651154],[-77.496509,37.65013],[-77.496585,37.648781],[-77.496509,37.648579],[-77.495472,37.646069],[-77.494033,37.642313],[-77.491382,37.639928],[-77.491286,37.639844],[-77.489588,37.638456],[-77.488335,37.637373],[-77.486002,37.635216],[-77.48526,37.63418],[-77.484694,37.633374],[-77.48402,37.632414],[-77.48353,37.631588],[-77.483288,37.630106],[-77.482745,37.628821],[-77.481692,37.627547],[-77.481063,37.626826],[-77.479818,37.625427],[-77.478741,37.624253],[-77.478332,37.623796],[-77.477078,37.622315],[-77.475413,37.622868],[-77.47446,37.621306],[-77.472389,37.621047],[-77.472084,37.619551],[-77.470754,37.619903],[-77.46961,37.619203],[-77.470145,37.618229],[-77.470733,37.616857],[-77.470398,37.614848],[-77.470091,37.613604],[-77.469865,37.612708],[-77.469662,37.611877],[-77.469401,37.610825],[-77.469325,37.610525],[-77.469182,37.609931],[-77.469168,37.609897],[-77.469132,37.609775],[-77.469085,37.609662],[-77.469018,37.609527],[-77.468877,37.609321],[-77.468848,37.609285],[-77.468719,37.609139],[-77.468385,37.608847],[-77.468205,37.608664],[-77.46793,37.607761],[-77.467893,37.607455],[-77.467734,37.607465],[-77.466466,37.607549],[-77.466062,37.60404],[-77.465895,37.602631],[-77.465679,37.60077],[-77.465525,37.599465],[-77.466787,37.59931],[-77.466766,37.599047],[-77.466905,37.598975],[-77.467987,37.598779],[-77.468096,37.598762],[-77.468764,37.598616],[-77.468824,37.598605],[-77.468938,37.598594],[-77.470903,37.598396],[-77.474387,37.598511],[-77.478146,37.598892],[-77.478246,37.598573],[-77.47722,37.597871],[-77.477957,37.596065],[-77.478432,37.594889],[-77.479132,37.593099],[-77.479409,37.590585],[-77.479386,37.589726],[-77.479372,37.589202],[-77.479213,37.587698],[-77.478736,37.587626],[-77.478035,37.587292],[-77.475611,37.583823],[-77.474085,37.581815],[-77.473875,37.580738],[-77.47374,37.580474],[-77.472527,37.578747],[-77.472927,37.578422],[-77.473094,37.578331],[-77.47465,37.577487],[-77.474759,37.577427],[-77.476817,37.576292],[-77.477143,37.5761],[-77.477338,37.575987],[-77.477625,37.575819],[-77.482368,37.573138],[-77.482759,37.573464],[-77.483147,37.57379],[-77.486278,37.576411],[-77.488597,37.578346],[-77.490761,37.580101],[-77.492899,37.581786],[-77.49301,37.581873],[-77.49381,37.581987],[-77.4939,37.581893],[-77.494408,37.581346],[-77.495079,37.580629],[-77.495742,37.579913],[-77.496414,37.579195],[-77.497082,37.578483],[-77.49781,37.577705],[-77.498558,37.576915],[-77.498699,37.576776],[-77.499033,37.57643],[-77.49939,37.57605],[-77.499719,37.575676],[-77.499766,37.57561],[-77.499937,37.575397],[-77.500123,37.575503],[-77.500257,37.575581],[-77.500422,37.575681],[-77.500521,37.57572],[-77.503558,37.577325],[-77.503846,37.577483],[-77.506274,37.578794],[-77.509855,37.5807],[-77.509914,37.580733],[-77.510154,37.580862],[-77.510208,37.5809],[-77.511812,37.581751],[-77.511943,37.581835],[-77.512771,37.582275],[-77.513861,37.581899],[-77.515677,37.581991],[-77.516826,37.581952],[-77.517685,37.582497],[-77.519729,37.583864],[-77.520713,37.584545],[-77.521577,37.585144],[-77.522268,37.585622],[-77.523017,37.586069],[-77.525419,37.587678],[-77.527532,37.58912],[-77.529469,37.590421],[-77.53037,37.591026],[-77.530536,37.591137],[-77.531647,37.591951],[-77.531681,37.591985],[-77.531732,37.592036],[-77.531747,37.592054],[-77.531784,37.592079],[-77.531944,37.592186],[-77.532147,37.592322],[-77.532174,37.59234],[-77.532388,37.592484],[-77.532449,37.592247],[-77.532515,37.591995],[-77.532552,37.591855],[-77.532559,37.591783],[-77.532556,37.591659],[-77.532807,37.588796],[-77.533027,37.587077],[-77.532672,37.585559],[-77.53203,37.582571],[-77.532867,37.582126],[-77.534201,37.584185],[-77.535661,37.582877],[-77.536401,37.582223],[-77.537826,37.58136],[-77.539077,37.582787],[-77.543564,37.581554],[-77.543353,37.58106],[-77.541423,37.580327],[-77.541446,37.580238],[-77.543066,37.579089],[-77.544601,37.577453],[-77.546793,37.575224],[-77.546745,37.574987],[-77.547018,37.573534],[-77.547469,37.572535],[-77.544455,37.571331],[-77.542233,37.570748],[-77.540905,37.572161],[-77.539961,37.572426],[-77.539021,37.572863],[-77.537162,37.572525],[-77.53708,37.572511],[-77.537077,37.57248],[-77.537049,37.572421],[-77.537033,37.572365],[-77.537037,37.572304],[-77.537042,37.572245],[-77.537032,37.57217],[-77.53702,37.572058],[-77.537018,37.571953],[-77.537026,37.571877],[-77.537026,37.571832],[-77.53702,37.571795],[-77.536996,37.571746],[-77.536983,37.571702],[-77.536987,37.571665],[-77.536994,37.571633],[-77.536991,37.571596],[-77.536982,37.571548],[-77.536979,37.57151],[-77.536969,37.571481],[-77.536949,37.571438],[-77.536925,37.571382],[-77.536908,37.571332],[-77.536888,37.571295],[-77.536853,37.571251],[-77.536837,37.571222],[-77.536841,37.571175],[-77.536863,37.571134],[-77.536871,37.571119],[-77.536884,37.571097],[-77.536898,37.571073],[-77.536912,37.571032],[-77.536906,37.570966],[-77.536876,37.570917],[-77.536825,37.570859],[-77.53677,37.570802],[-77.536733,37.570762],[-77.536713,37.570713],[-77.536696,37.57069],[-77.536693,37.570669],[-77.536693,37.570628],[-77.536687,37.570566],[-77.536685,37.57055],[-77.536679,37.57054],[-77.536676,37.570515],[-77.536661,37.570486],[-77.536623,37.570463],[-77.536575,37.570437],[-77.536503,37.570406],[-77.536462,37.570345],[-77.536452,37.570305],[-77.536456,37.570272],[-77.536477,37.570237],[-77.536509,37.570181],[-77.536517,37.570135],[-77.536528,37.570086],[-77.536525,37.570043],[-77.536522,37.569996],[-77.536505,37.56996],[-77.536461,37.569903],[-77.536427,37.569859],[-77.536397,37.569798],[-77.536392,37.569726],[-77.536386,37.569715],[-77.536368,37.569637],[-77.536342,37.569529],[-77.536313,37.569438],[-77.536249,37.569195],[-77.536267,37.569141],[-77.536278,37.5691],[-77.536279,37.569041],[-77.536218,37.568911],[-77.536191,37.568892],[-77.536119,37.568849],[-77.536096,37.56881],[-77.536108,37.568699],[-77.536155,37.568644],[-77.535328,37.568324],[-77.534116,37.568158],[-77.53264,37.568098],[-77.531173,37.568147],[-77.52782,37.568118],[-77.525855,37.568235],[-77.526438,37.566927],[-77.527415,37.564352],[-77.527487,37.564191],[-77.52756,37.564027],[-77.52831,37.562344],[-77.529495,37.559656],[-77.529698,37.559186],[-77.531108,37.559368],[-77.532352,37.559232],[-77.534878,37.559177],[-77.536836,37.559236],[-77.537048,37.559338],[-77.538563,37.559548],[-77.541336,37.560197],[-77.544161,37.5604],[-77.547785,37.560122],[-77.550889,37.558637],[-77.555286,37.557669],[-77.557107,37.556565],[-77.559398,37.55569],[-77.56113,37.555545],[-77.563963,37.556115],[-77.570377,37.557879],[-77.570569,37.557935],[-77.573851,37.55857],[-77.575534,37.558499],[-77.578048,37.558984],[-77.581451,37.558915],[-77.585163,37.558399],[-77.58771,37.557693],[-77.590588,37.556401],[-77.593153,37.555881],[-77.595462,37.55575],[-77.595515,37.554322],[-77.595846,37.545857],[-77.600337,37.545276],[-77.601173,37.545161],[-77.59899,37.542827],[-77.599108,37.540714],[-77.597587,37.539071],[-77.597267,37.537319],[-77.596355,37.535942],[-77.596849,37.534652],[-77.593801,37.533925],[-77.592448,37.532949],[-77.591918,37.533139],[-77.591712,37.533211],[-77.58982,37.533482],[-77.589204,37.533479],[-77.588066,37.533373],[-77.585452,37.532973],[-77.58262,37.532556],[-77.581024,37.532321],[-77.579551,37.532177],[-77.57775,37.532378],[-77.576699,37.532628],[-77.573671,37.533388],[-77.570662,37.534162],[-77.567764,37.534844],[-77.565931,37.535499],[-77.564688,37.53613],[-77.563699,37.536676],[-77.562322,37.537444],[-77.562129,37.537549],[-77.559712,37.538893],[-77.556942,37.540647],[-77.555226,37.54224],[-77.55452,37.543028],[-77.552323,37.541514],[-77.550934,37.538922],[-77.550126,37.53741],[-77.547071,37.531813],[-77.54539,37.528731],[-77.545036,37.528101],[-77.534301,37.530593],[-77.528859,37.531875],[-77.528651,37.531931],[-77.52865,37.531859],[-77.528469,37.526235],[-77.528468,37.525476],[-77.528707,37.52529],[-77.531628,37.522862],[-77.532867,37.521605],[-77.534499,37.518438],[-77.534542,37.518332],[-77.535673,37.515721],[-77.535849,37.515312],[-77.536025,37.514934],[-77.536191,37.514615],[-77.536373,37.514304],[-77.53643,37.514206],[-77.536596,37.513947],[-77.536662,37.513845],[-77.536909,37.513497],[-77.537195,37.513121],[-77.537223,37.513088],[-77.537428,37.512846],[-77.53774,37.512504],[-77.538037,37.512197],[-77.538168,37.512072],[-77.538348,37.5119],[-77.538636,37.511648],[-77.539042,37.511318],[-77.539463,37.510999],[-77.539658,37.510867],[-77.539977,37.510651],[-77.540211,37.510504],[-77.541696,37.50957],[-77.542131,37.509297],[-77.542876,37.508811],[-77.544264,37.507869],[-77.544727,37.507568],[-77.544857,37.507483],[-77.545104,37.507336],[-77.545525,37.5071],[-77.545965,37.506872],[-77.546277,37.506728],[-77.546721,37.506549],[-77.547194,37.506371],[-77.549645,37.505565],[-77.549279,37.504971],[-77.549126,37.504732],[-77.546417,37.502607],[-77.545751,37.500869],[-77.545998,37.500197],[-77.54563,37.49873],[-77.545562,37.498587],[-77.545129,37.497614],[-77.545074,37.497434],[-77.540496,37.498456],[-77.539991,37.496477],[-77.539543,37.494692],[-77.539346,37.493676],[-77.539628,37.488347],[-77.539779,37.484029],[-77.53875,37.483071],[-77.538237,37.481229],[-77.537962,37.480367],[-77.536763,37.479191],[-77.536267,37.476407],[-77.535961,37.473547],[-77.535718,37.471253],[-77.536513,37.469616],[-77.535754,37.466531],[-77.538909,37.464626],[-77.538752,37.464478],[-77.538026,37.463964],[-77.534927,37.46408],[-77.533897,37.4647],[-77.533148,37.463609],[-77.53286,37.462796],[-77.532509,37.462239],[-77.532942,37.457889],[-77.527927,37.456865],[-77.52713,37.456123],[-77.526159,37.454137],[-77.524441,37.45338],[-77.521796,37.452848],[-77.521047,37.452382],[-77.52043,37.451726],[-77.518595,37.44985],[-77.520947,37.447688],[-77.521365,37.444528],[-77.522131,37.443489],[-77.523747,37.442399],[-77.524414,37.43996],[-77.524893,37.436556],[-77.52517,37.435895],[-77.526073,37.434557],[-77.528437,37.433741],[-77.530342,37.432716],[-77.530892,37.431492],[-77.532738,37.429356],[-77.533233,37.427739],[-77.534094,37.424874],[-77.535127,37.421415],[-77.536004,37.41797],[-77.536203,37.417759],[-77.538022,37.416872],[-77.541733,37.416789],[-77.543115,37.417095],[-77.547159,37.416099],[-77.550893,37.41291],[-77.553982,37.410839],[-77.552252,37.409818],[-77.549147,37.409573],[-77.543594,37.408723],[-77.540703,37.407879],[-77.537205,37.408029],[-77.534504,37.40924],[-77.533214,37.40913],[-77.531867,37.408116],[-77.520892,37.397287],[-77.520727,37.39717],[-77.520638,37.397118],[-77.520573,37.397079],[-77.520494,37.397037],[-77.520279,37.396942],[-77.52013,37.396888],[-77.519899,37.396821],[-77.5197,37.396776],[-77.519497,37.396745],[-77.519291,37.396729],[-77.519096,37.396728],[-77.518959,37.396733],[-77.518788,37.396746],[-77.518577,37.396775],[-77.518337,37.396827],[-77.514607,37.399361],[-77.513781,37.399729],[-77.513022,37.399744],[-77.51265,37.399637],[-77.511683,37.399109],[-77.511664,37.399084],[-77.51167,37.399027],[-77.511654,37.398991],[-77.511611,37.398949],[-77.51157,37.398925],[-77.511654,37.398833],[-77.51169,37.398793],[-77.512095,37.398304],[-77.51227,37.398085],[-77.512594,37.397653],[-77.512985,37.397107],[-77.513394,37.396506],[-77.513757,37.395966],[-77.514101,37.395472],[-77.514515,37.394849],[-77.514676,37.394621],[-77.514849,37.39434],[-77.514938,37.394173],[-77.515043,37.393952],[-77.515136,37.393722],[-77.515357,37.393137],[-77.515818,37.389193],[-77.515526,37.387147],[-77.515442,37.387123],[-77.515333,37.387105],[-77.515222,37.387102],[-77.513975,37.387217],[-77.513585,37.387249],[-77.513407,37.387263],[-77.513018,37.387278],[-77.512784,37.387281],[-77.511485,37.387273],[-77.511248,37.387271],[-77.510847,37.387293],[-77.510687,37.387307],[-77.510155,37.387381],[-77.504936,37.387331],[-77.50427,37.387324],[-77.497351,37.387283],[-77.497399,37.384243],[-77.497741,37.383272],[-77.499025,37.381172],[-77.500077,37.379533],[-77.501351,37.377605],[-77.502114,37.376651],[-77.499118,37.375921],[-77.49929,37.374267],[-77.49926,37.373703],[-77.498056,37.37381],[-77.49606,37.373987],[-77.495037,37.372019],[-77.494086,37.370924],[-77.493682,37.369939],[-77.493162,37.368173],[-77.493134,37.367859],[-77.49306,37.366749],[-77.493182,37.365395],[-77.492848,37.362618],[-77.492275,37.361845],[-77.49126,37.360527],[-77.490793,37.359405],[-77.490932,37.359392],[-77.490921,37.359271],[-77.490918,37.359124],[-77.490933,37.358933],[-77.490968,37.358743],[-77.491021,37.358555],[-77.491077,37.358418],[-77.491144,37.358288],[-77.491222,37.358161],[-77.491335,37.358004],[-77.491442,37.357893],[-77.491591,37.357758],[-77.491786,37.357608],[-77.491926,37.357517],[-77.492327,37.357283],[-77.492471,37.35718],[-77.49258,37.357089],[-77.492695,37.356974],[-77.492794,37.35685],[-77.492877,37.356719],[-77.492973,37.356516],[-77.493035,37.356362],[-77.493425,37.355405],[-77.493503,37.355245],[-77.493614,37.355068],[-77.493725,37.354925],[-77.494177,37.354492],[-77.494232,37.354431],[-77.494288,37.354349],[-77.494363,37.354172],[-77.494407,37.354105],[-77.493009,37.353426],[-77.490889,37.35309],[-77.485732,37.35329],[-77.483639,37.353179],[-77.480452,37.352476],[-77.476537,37.351018],[-77.476417,37.350971],[-77.475677,37.350687],[-77.475288,37.350544],[-77.474774,37.350356],[-77.474314,37.350209],[-77.473948,37.350103],[-77.473709,37.35004],[-77.473638,37.350021],[-77.47322,37.349921],[-77.47276,37.349825],[-77.472307,37.349746],[-77.471837,37.34968],[-77.471448,37.349639],[-77.471478,37.349458],[-77.470823,37.347787],[-77.469402,37.346755],[-77.468736,37.345195],[-77.468536,37.34458],[-77.467655,37.341704],[-77.467495,37.34062],[-77.46518,37.3393],[-77.463639,37.338024],[-77.461482,37.335683],[-77.460381,37.335108],[-77.459798,37.333567],[-77.459302,37.331801],[-77.459634,37.32924],[-77.459752,37.328516],[-77.460071,37.326189],[-77.459686,37.325088],[-77.459154,37.323751],[-77.459158,37.32033],[-77.45819,37.317541],[-77.455193,37.312937],[-77.45478,37.312266],[-77.452644,37.30915],[-77.449865,37.305667],[-77.447276,37.303444],[-77.445801,37.300951],[-77.444468,37.299451],[-77.440101,37.296797],[-77.438294,37.296266],[-77.436436,37.294491],[-77.434559,37.293505],[-77.433736,37.291818],[-77.431655,37.290293],[-77.431528,37.289893],[-77.431555,37.288598],[-77.429523,37.28496],[-77.429296,37.283905],[-77.429761,37.28238],[-77.431864,37.279761],[-77.432244,37.27704],[-77.432231,37.276191],[-77.432268,37.275986],[-77.431794,37.275912],[-77.431805,37.275645],[-77.431701,37.274541],[-77.429964,37.272627],[-77.426774,37.269139],[-77.43078,37.267583],[-77.433343,37.26594],[-77.433771,37.265656],[-77.436507,37.26471],[-77.439809,37.264784],[-77.444588,37.266467],[-77.449042,37.267886],[-77.451436,37.269212],[-77.456505,37.271325],[-77.461527,37.270682],[-77.466651,37.270136],[-77.469045,37.268816],[-77.472425,37.267514],[-77.474111,37.26633],[-77.476749,37.263773],[-77.479606,37.261823],[-77.483926,37.261265],[-77.481868,37.259529],[-77.474632,37.256024],[-77.47318,37.255546],[-77.46903,37.253388],[-77.465352,37.25311],[-77.458341,37.250879],[-77.454801,37.249283],[-77.45261,37.248548],[-77.450912,37.247822],[-77.447049,37.245192],[-77.443911,37.24432],[-77.441628,37.243648],[-77.443413,37.242292],[-77.443455,37.239299],[-77.442163,37.234265],[-77.443313,37.232647],[-77.442468,37.225967],[-77.442253,37.224265],[-77.442279,37.223433],[-77.447408,37.223066],[-77.4474,37.221907],[-77.447394,37.221042],[-77.447389,37.220364],[-77.44736,37.216657],[-77.447354,37.215911],[-77.4455,37.216136],[-77.443592,37.216312],[-77.443064,37.216312],[-77.44172,37.213078],[-77.441808,37.210558],[-77.44366,37.207242],[-77.44572,37.203339],[-77.445445,37.199686],[-77.445423,37.199528],[-77.445202,37.196951],[-77.44646,37.194263],[-77.447713,37.193452],[-77.44891,37.19236],[-77.451844,37.189998],[-77.454916,37.187616],[-77.454588,37.187474],[-77.451135,37.188327],[-77.449205,37.189044],[-77.445802,37.188561],[-77.439393,37.187259],[-77.434814,37.18635],[-77.428069,37.185019],[-77.427125,37.184543],[-77.422941,37.18118],[-77.423573,37.180596],[-77.422135,37.180274],[-77.421978,37.179465],[-77.422173,37.179267],[-77.420942,37.173375],[-77.423791,37.173279],[-77.42359,37.168016],[-77.42347,37.165095],[-77.418422,37.166111],[-77.41547,37.166705],[-77.415373,37.166405],[-77.411468,37.166713],[-77.409809,37.167342],[-77.407145,37.169357],[-77.405941,37.170091],[-77.404899,37.171519],[-77.40073,37.171656],[-77.399273,37.171691],[-77.399203,37.17085],[-77.399049,37.169034],[-77.398808,37.167133],[-77.398141,37.161983],[-77.398034,37.161253],[-77.397418,37.157348],[-77.396917,37.154173],[-77.396788,37.152693],[-77.396679,37.150182],[-77.396454,37.134038],[-77.396186,37.124818],[-77.39607,37.120822],[-77.395862,37.112182],[-77.395526,37.104214],[-77.39535,37.095734],[-77.395486,37.090936],[-77.395541,37.089014],[-77.395653,37.084289],[-77.395935,37.075729],[-77.396273,37.066303],[-77.396877,37.057918],[-77.396349,37.052728],[-77.395698,37.042699],[-77.394645,37.035734],[-77.394725,37.034038],[-77.396842,37.012034],[-77.397417,37.006213],[-77.397828,37.002612],[-77.397909,36.999321],[-77.398498,36.992985],[-77.399081,36.992677],[-77.400341,36.992014],[-77.416775,36.983369],[-77.437681,36.97224],[-77.449409,36.966022],[-77.463352,36.958659],[-77.472867,36.953703],[-77.473466,36.953391],[-77.486223,36.94676],[-77.491096,36.9443],[-77.496343,36.941534],[-77.500971,36.9392],[-77.518307,36.930178],[-77.535394,36.921236],[-77.542484,36.917505],[-77.543029,36.917306],[-77.557924,36.90954],[-77.560866,36.908007],[-77.569214,36.903547],[-77.574926,36.900719],[-77.587131,36.894335],[-77.600962,36.887117],[-77.616204,36.879202],[-77.619029,36.877844],[-77.621622,36.879505],[-77.62316,36.880145],[-77.625572,36.880514],[-77.62671,36.88127],[-77.631207,36.88761],[-77.632289,36.888],[-77.636762,36.886743],[-77.638073,36.885989],[-77.638844,36.883426],[-77.638246,36.882236],[-77.63594,36.880702],[-77.632266,36.878709],[-77.632182,36.877657],[-77.63334,36.875148],[-77.63464,36.874391],[-77.639169,36.873752],[-77.641248,36.874439],[-77.64275,36.875602],[-77.644943,36.876747],[-77.646963,36.879516],[-77.648045,36.881507],[-77.648015,36.883109],[-77.647445,36.884985],[-77.646476,36.886289],[-77.645705,36.888531],[-77.646045,36.892833],[-77.647582,36.894962],[-77.648037,36.896884],[-77.65043,36.898303],[-77.652482,36.897686],[-77.654591,36.894552],[-77.658036,36.894514],[-77.663907,36.894668],[-77.665587,36.89547],[-77.671084,36.900344],[-77.673235,36.901364],[-77.673564,36.901489],[-77.675729,36.903937],[-77.676526,36.904395],[-77.683706,36.905196],[-77.685928,36.9065],[-77.689347,36.906226],[-77.691284,36.905104],[-77.693451,36.906019],[-77.695217,36.907232],[-77.696072,36.909429],[-77.697697,36.911076],[-77.699806,36.914027],[-77.700291,36.915835],[-77.701829,36.91659],[-77.704508,36.916498],[-77.70958,36.91517],[-77.71186,36.914803],[-77.713541,36.914139],[-77.715194,36.914802],[-77.716648,36.916609],[-77.716649,36.918531],[-77.714684,36.92217],[-77.714714,36.925351],[-77.715683,36.927227],[-77.718448,36.929125],[-77.719817,36.930543],[-77.723352,36.93299],[-77.72381,36.935164],[-77.725322,36.936879],[-77.725323,36.93903],[-77.728136,36.943642],[-77.728481,36.943904],[-77.731086,36.945159],[-77.733419,36.945654],[-77.73363,36.945676],[-77.736615,36.94582],[-77.737984,36.946164],[-77.738611,36.947285],[-77.738842,36.950534],[-77.740155,36.951814],[-77.741069,36.95337],[-77.741838,36.953278],[-77.743149,36.951836],[-77.744574,36.951629],[-77.746371,36.953092],[-77.746087,36.954969],[-77.744321,36.956548],[-77.744779,36.958127],[-77.745863,36.959042],[-77.747003,36.958789],[-77.748855,36.957209],[-77.750895,36.956436],[-77.75557,36.956209],[-77.756396,36.95788],[-77.759388,36.95978],[-77.760415,36.961107],[-77.761755,36.961611],[-77.761411,36.964128],[-77.761808,36.968704],[-77.76269,36.971748],[-77.763887,36.973144],[-77.76554,36.974655],[-77.769189,36.975136],[-77.770375,36.975633],[-77.771784,36.976281],[-77.773866,36.975801],[-77.775406,36.974703],[-77.777972,36.974956],[-77.780196,36.975825],[-77.781252,36.977061],[-77.781166,36.978686],[-77.781907,36.979441],[-77.785785,36.980151],[-77.786954,36.979991],[-77.790433,36.981067],[-77.793085,36.982371],[-77.793912,36.984064],[-77.794796,36.984453],[-77.798817,36.983882],[-77.800013,36.98359],[-77.802579,36.984146],[-77.810111,36.983378],[-77.812193,36.984614],[-77.814133,36.985231],[-77.814732,36.986696],[-77.817584,36.987954],[-77.819635,36.989731],[-77.821435,36.990104],[-77.823574,36.99102],[-77.826882,36.990424],[-77.828679,36.990904],[-77.832644,36.991315],[-77.833016,36.992093],[-77.834641,36.992756],[-77.834043,36.994038],[-77.835469,36.993763],[-77.837038,36.994151],[-77.838094,36.995364],[-77.840869,36.995934],[-77.841382,36.995941],[-77.84223,36.995957],[-77.843512,36.994836],[-77.846559,36.992844],[-77.847329,36.992066],[-77.848585,36.992066],[-77.850667,36.990532],[-77.849868,36.988954],[-77.850695,36.988107],[-77.851809,36.98925],[-77.852111,36.99125],[-77.854517,36.991546],[-77.855975,36.990388],[-77.858152,36.99056],[-77.860666,36.991241],[-77.862288,36.992182],[-77.865031,36.988473],[-77.865999,36.988812],[-77.866293,36.989813],[-77.871573,36.99174],[-77.872876,36.991669],[-77.87551,36.990113],[-77.877851,36.991099],[-77.880135,36.990917],[-77.881287,36.991234],[-77.882581,36.991672],[-77.88338,36.990871],[-77.885463,36.989888],[-77.886576,36.988242],[-77.888116,36.987899],[-77.888687,36.988883],[-77.889813,36.988818],[-77.891852,36.988907],[-77.892936,36.988335],[-77.894248,36.988999],[-77.8969,36.988497],[-77.899153,36.98868],[-77.901349,36.989253],[-77.904316,36.986462],[-77.90674,36.98628],[-77.907624,36.985571],[-77.909392,36.985296],[-77.911446,36.9858],[-77.914525,36.985595],[-77.916864,36.986624],[-77.917662,36.986396],[-77.917549,36.983673],[-77.919317,36.983971],[-77.920543,36.982735],[-77.922397,36.983673],[-77.922397,36.984863],[-77.924622,36.984063],[-77.929498,36.984017],[-77.932749,36.984246],[-77.932949,36.984886],[-77.934802,36.985756],[-77.936171,36.988158],[-77.938025,36.988066],[-77.940021,36.988592],[-77.940877,36.987974],[-77.943643,36.98699],[-77.945325,36.986715],[-77.946837,36.987333],[-77.947209,36.988271],[-77.950289,36.989323],[-77.953483,36.989322],[-77.954168,36.99026],[-77.953883,36.991175],[-77.95508,36.991289],[-77.960544,36.990227],[-77.961468,36.990441],[-77.963159,36.989766],[-77.963749,36.9898],[-77.9651,36.98808],[-77.966571,36.987279],[-77.968627,36.987557],[-77.970071,36.990494],[-77.971077,36.991338],[-77.973327,36.992299],[-77.974604,36.993311],[-77.97588,36.995286],[-77.976915,36.997133],[-77.978425,36.998579],[-77.980185,37.000149],[-77.980673,37.002911],[-77.984467,37.006047],[-77.989144,37.009183],[-77.990429,37.010363],[-77.991229,37.012978],[-77.992846,37.013803],[-77.995972,37.014162],[-77.997296,37.015882],[-77.996506,37.018038],[-77.996221,37.018199],[-77.995936,37.019251],[-77.996024,37.022362],[-77.998793,37.023346],[-78.000715,37.024535],[-78.002941,37.023576],[-78.003639,37.022756],[-78.003687,37.022175],[-78.005292,37.004874],[-78.006362,36.994918],[-78.00762,36.981692],[-78.008134,36.977416],[-78.0098,36.959912],[-78.010574,36.951965],[-78.012729,36.929731],[-78.013896,36.918041],[-78.014168,36.915206],[-78.014584,36.910888],[-78.015432,36.902153],[-78.016772,36.888206],[-78.01811,36.87415],[-78.019827,36.855964],[-78.020999,36.844542],[-78.021506,36.839603],[-78.021948,36.838798],[-78.021943,36.838094],[-78.021884,36.834649],[-78.022889,36.82382],[-78.023183,36.820515],[-78.02355,36.819717],[-78.023561,36.819695],[-78.023458,36.81859],[-78.025405,36.79755],[-78.025998,36.791161],[-78.026555,36.786574],[-78.026698,36.783691],[-78.027411,36.777858],[-78.027427,36.776528],[-78.027419,36.775951],[-78.027759,36.772367],[-78.027954,36.770315],[-78.028651,36.76295],[-78.02868,36.762655],[-78.029011,36.759181],[-78.029387,36.755206],[-78.029977,36.746631],[-78.030956,36.735643],[-78.031194,36.732928],[-78.031522,36.729228],[-78.032689,36.716407],[-78.032872,36.714533],[-78.033437,36.708451],[-78.033623,36.706079],[-78.033737,36.704674],[-78.034128,36.699136],[-78.034227,36.697846],[-78.034469,36.694928],[-78.035025,36.687828],[-78.035637,36.679728],[-78.036127,36.671741],[-78.036953,36.660066],[-78.037631,36.649267],[-78.037728,36.644532],[-78.038162,36.63837],[-78.038412,36.635067],[-78.038475,36.634454],[-78.038551,36.633716],[-78.038729,36.631695],[-78.039243,36.626205],[-78.039826,36.619651],[-78.040489,36.61209],[-78.041521,36.600367],[-78.042641,36.586916],[-78.042703,36.586141],[-78.042785,36.585162],[-78.043065,36.581805],[-78.043222,36.579926],[-78.043446,36.577243],[-78.043579,36.575656],[-78.043927,36.571082],[-78.043961,36.570664],[-78.043962,36.570653],[-78.043987,36.570372],[-78.044528,36.563837],[-78.044546,36.563616],[-78.044846,36.559984],[-78.045476,36.552365],[-78.045856,36.547789],[-78.046212,36.54416],[-78.046271,36.543551],[-78.043506,36.54357],[-78.038825,36.543624],[-78.035644,36.543659],[-78.034158,36.543689],[-78.031991,36.543738],[-78.029066,36.543804],[-78.02465,36.543895],[-78.014171,36.544107],[-78.013092,36.544124],[-77.99972,36.544387],[-77.995132,36.544406],[-77.984343,36.544437],[-77.981026,36.544452],[-77.975457,36.544464],[-77.970968,36.544475],[-77.969421,36.544481],[-77.955767,36.544524],[-77.942755,36.544593],[-77.938091,36.544678],[-77.930703,36.544591],[-77.930006,36.544592],[-77.922288,36.544605],[-77.920006,36.544609],[-77.913957,36.544629],[-77.900752,36.544609],[-77.883833,36.544681],[-77.882244,36.544537],[-77.875245,36.544564],[-77.874345,36.544732],[-77.868559,36.544771],[-77.868066,36.544774],[-77.862869,36.544804],[-77.847501,36.5449],[-77.846897,36.544904],[-77.828996,36.544998],[-77.827736,36.545002],[-77.802308,36.545111],[-77.780439,36.545276],[-77.772285,36.545336],[-77.767416,36.545373],[-77.76715,36.545374],[-77.749319,36.545452],[-77.738798,36.545431],[-77.712313,36.545421],[-77.689001,36.545381],[-77.672358,36.545307],[-77.664007,36.545322],[-77.646757,36.545262],[-77.645559,36.545265],[-77.640331,36.545237],[-77.61444,36.545197],[-77.614099,36.545197],[-77.613757,36.545197],[-77.613415,36.545197],[-77.613073,36.545197],[-77.612731,36.545197],[-77.61239,36.545197],[-77.612048,36.545197],[-77.611706,36.545197],[-77.611364,36.545197],[-77.611022,36.545197],[-77.610681,36.545197],[-77.610339,36.545197],[-77.609997,36.545197],[-77.609655,36.545197],[-77.609354,36.545198],[-77.601603,36.545198],[-77.597477,36.545198],[-77.590939,36.545127],[-77.587097,36.545149],[-77.576407,36.545187],[-77.576164,36.545187],[-77.568854,36.545195],[-77.559174,36.545168],[-77.548959,36.545177],[-77.544097,36.545182],[-77.53034,36.545196],[-77.530027,36.545195],[-77.513568,36.545208],[-77.498702,36.545101],[-77.485576,36.544942],[-77.449211,36.544859],[-77.432115,36.544798],[-77.400837,36.544778],[-77.37271,36.544768],[-77.351772,36.544894],[-77.336369,36.544898],[-77.32721,36.5449],[-77.305272,36.54488],[-77.300796,36.544866],[-77.296875,36.544855],[-77.289888,36.544838],[-77.253163,36.54469],[-77.244445,36.544631],[-77.214989,36.544426],[-77.206536,36.544367],[-77.203545,36.544736],[-77.198615,36.545348],[-77.191608,36.546219],[-77.190062,36.54641],[-77.18245,36.546751],[-77.170545,36.54728],[-77.169416,36.547105],[-77.164377,36.546329],[-77.15292,36.54413],[-77.138785,36.544086],[-77.124687,36.544036],[-77.103028,36.544594],[-77.101544,36.544623],[-77.07715,36.544521],[-77.069045,36.544491],[-77.021914,36.544307],[-77.011287,36.544266],[-77.004063,36.544216],[-76.967541,36.54406],[-76.938997,36.543934],[-76.922751,36.54389],[-76.921628,36.543889],[-76.91981,36.543886],[-76.91651,36.543881],[-76.915977,36.543884],[-76.916634,36.544597],[-76.917154,36.545833],[-76.917215,36.546671],[-76.916945,36.547739],[-76.916637,36.549298],[-76.917098,36.550857],[-76.917006,36.551179],[-76.915899,36.552149],[-76.915411,36.552146],[-76.904078,36.552015],[-76.898275,36.55195],[-76.856306,36.55151],[-76.842293,36.55136],[-76.826683,36.551195],[-76.819611,36.551117],[-76.816621,36.551103],[-76.802114,36.55101],[-76.7814,36.550914],[-76.767127,36.550843],[-76.755255,36.550766],[-76.738115,36.550783],[-76.736866,36.550789],[-76.715322,36.550798],[-76.696465,36.55074],[-76.670864,36.550747],[-76.655578,36.550765],[-76.650141,36.550756],[-76.632873,36.550763],[-76.617343,36.550754],[-76.606955,36.550743],[-76.604846,36.550741],[-76.602067,36.550738],[-76.60149,36.550737],[-76.600574,36.550736],[-76.577507,36.550707],[-76.575525,36.550744],[-76.557936,36.55068],[-76.541966,36.550653],[-76.491496,36.550648],[-76.488349,36.570517],[-76.486769,36.590151],[-76.482969,36.620551],[-76.482069,36.62855],[-76.479269,36.65195],[-76.473267,36.695949],[-76.471624,36.708672],[-76.476499,36.711969],[-76.492846,36.722844],[-76.512242,36.71875],[-76.522822,36.716441],[-76.524839,36.71614],[-76.528957,36.716515],[-76.529141,36.716511],[-76.55208,36.7158],[-76.565965,36.71533],[-76.565919,36.714774],[-76.567032,36.714506],[-76.567631,36.716388],[-76.572001,36.714142],[-76.572168,36.713205],[-76.573904,36.713109],[-76.5742,36.713109],[-76.574744,36.712981],[-76.575064,36.712917],[-76.575192,36.712773],[-76.575528,36.712533],[-76.57564,36.712357],[-76.57564,36.71217],[-76.576672,36.710237],[-76.578723,36.708693],[-76.579117,36.704919],[-76.579552,36.703832],[-76.582457,36.701082],[-76.584182,36.697664],[-76.587789,36.698057],[-76.591135,36.69849],[-76.593166,36.698314],[-76.593718,36.699803],[-76.594873,36.701035],[-76.596694,36.701448],[-76.599179,36.702872],[-76.600514,36.700941],[-76.600648,36.701006],[-76.604508,36.703016],[-76.609289,36.70644],[-76.612131,36.707547],[-76.615688,36.708012],[-76.617456,36.708631],[-76.617885,36.708514],[-76.619241,36.70819],[-76.619603,36.708128],[-76.620227,36.708049],[-76.622264,36.707829],[-76.622844,36.707785],[-76.628519,36.707153],[-76.637966,36.706171],[-76.648423,36.705089],[-76.657566,36.70414],[-76.660664,36.70377],[-76.667161,36.702382],[-76.667207,36.706662],[-76.668146,36.713802],[-76.668164,36.713926],[-76.674197,36.712589],[-76.679785,36.718608],[-76.681779,36.717543],[-76.683148,36.719076],[-76.685557,36.726643],[-76.689346,36.726478],[-76.689072,36.733481],[-76.695746,36.733204],[-76.698565,36.731257],[-76.702257,36.72992],[-76.710078,36.72857],[-76.710481,36.732696],[-76.712523,36.735871],[-76.712177,36.749813],[-76.717828,36.750165],[-76.720455,36.749413],[-76.723502,36.748152],[-76.724399,36.749488],[-76.724625,36.752171],[-76.725604,36.756163],[-76.731613,36.756008],[-76.732406,36.759453],[-76.734331,36.759284],[-76.736218,36.761403],[-76.723256,36.7714],[-76.710934,36.780617],[-76.707569,36.7832],[-76.705848,36.784572],[-76.692845,36.794859],[-76.691033,36.796239],[-76.68891,36.797854],[-76.687,36.799319],[-76.680458,36.804364],[-76.679183,36.805343],[-76.670513,36.812093],[-76.663527,36.817587],[-76.662701,36.818191],[-76.661474,36.818966],[-76.661048,36.819236],[-76.660466,36.819686],[-76.659899,36.820125],[-76.652924,36.825528],[-76.647932,36.829347],[-76.639904,36.835382],[-76.634262,36.839678],[-76.632902,36.840717],[-76.631277,36.84196],[-76.628895,36.843784],[-76.626054,36.845957],[-76.623173,36.848294],[-76.611708,36.856884],[-76.604412,36.86236],[-76.602957,36.86358],[-76.599922,36.865738],[-76.593968,36.870203],[-76.593761,36.870359],[-76.590227,36.87309],[-76.581707,36.879413],[-76.577299,36.882791],[-76.577186,36.882877],[-76.576128,36.883678],[-76.56927,36.888802],[-76.565356,36.891746],[-76.562983,36.893533],[-76.544317,36.907479],[-76.54399,36.907994],[-76.538359,36.912038],[-76.537863,36.912395],[-76.535812,36.912507],[-76.534625,36.91355],[-76.53352,36.915563],[-76.530485,36.916616],[-76.529279,36.916698],[-76.526983,36.915434],[-76.526428,36.914628],[-76.527156,36.910923],[-76.524547,36.907412],[-76.523213,36.906771],[-76.521099,36.90633],[-76.518442,36.907103],[-76.515877,36.908988],[-76.512552,36.910534],[-76.508411,36.911992],[-76.502845,36.913313],[-76.500425,36.914626],[-76.496823,36.919668],[-76.495305,36.922257],[-76.495133,36.922554],[-76.493335,36.925076],[-76.490119,36.927684],[-76.487351,36.92874],[-76.483578,36.928916],[-76.477543,36.928772],[-76.474631,36.929204],[-76.470614,36.9301],[-76.467286,36.931972],[-76.458118,36.935492],[-76.451574,36.938468],[-76.445301,36.941891],[-76.44983,36.948307],[-76.452422,36.952771],[-76.454246,36.955491],[-76.459039,36.963881],[-76.460086,36.965763],[-76.463876,36.970463],[-76.468183,36.975027],[-76.471479,36.977939],[-76.473735,36.979507],[-76.486112,36.988541],[-76.486198,36.988604],[-76.49209,36.992889],[-76.499673,36.998355],[-76.499673,36.998506],[-76.50398,37.001713],[-76.53593,37.023699],[-76.550891,37.034245],[-76.597084,37.066803],[-76.603989,37.072394],[-76.624573,37.089059],[-76.628205,37.092755],[-76.645821,37.125155],[-76.646093,37.127411],[-76.643965,37.135331],[-76.643245,37.139187],[-76.641581,37.153827],[-76.642301,37.17877],[-76.642845,37.188786],[-76.644877,37.192162],[-76.646173,37.19373],[-76.652445,37.198818],[-76.658827,37.203045],[-76.663501,37.205826],[-76.670798,37.208946],[-76.67635,37.210546],[-76.677659,37.210694],[-76.679742,37.21093],[-76.689886,37.210962],[-76.691806,37.210867],[-76.693585,37.22298],[-76.693839,37.223104],[-76.694474,37.22465],[-76.69451,37.224562],[-76.694864,37.225368],[-76.694907,37.225594],[-76.69468,37.226487],[-76.694553,37.227587],[-76.695121,37.229915],[-76.696274,37.23162],[-76.697076,37.233813],[-76.697182,37.234322],[-76.697938,37.23864],[-76.699348,37.242875],[-76.699939,37.247519],[-76.700216,37.248574],[-76.700271,37.248744],[-76.698378,37.249016],[-76.695876,37.248691],[-76.690412,37.247579],[-76.686144,37.24723],[-76.682638,37.247226],[-76.677799,37.247226],[-76.673143,37.247657],[-76.670005,37.248353],[-76.664971,37.250237],[-76.662466,37.251609],[-76.662309,37.2517],[-76.662927,37.252475],[-76.662989,37.252683],[-76.663502,37.254266],[-76.663542,37.255086],[-76.663591,37.255761],[-76.663441,37.257385],[-76.664047,37.259663],[-76.664134,37.260506],[-76.664873,37.262258],[-76.665268,37.263153],[-76.665824,37.264063],[-76.667951,37.265506],[-76.670165,37.266159],[-76.672048,37.265999],[-76.672251,37.265979],[-76.675124,37.265864],[-76.675252,37.265855],[-76.677211,37.265624],[-76.678385,37.265553],[-76.680151,37.265997],[-76.680464,37.266238],[-76.681809,37.267301],[-76.684033,37.269051],[-76.684786,37.270769],[-76.682772,37.272572],[-76.682277,37.273191],[-76.682238,37.273262],[-76.681107,37.273896],[-76.680581,37.275244],[-76.678297,37.276808],[-76.678406,37.277433],[-76.678326,37.277586],[-76.678627,37.278262],[-76.678901,37.278991],[-76.678626,37.279439],[-76.681561,37.281325],[-76.681809,37.286559],[-76.682018,37.288587],[-76.681724,37.291965],[-76.681718,37.292037],[-76.68167,37.292608],[-76.68187,37.292642],[-76.681976,37.292661],[-76.681996,37.292664],[-76.682085,37.292671],[-76.68222,37.292673],[-76.682255,37.292672],[-76.685665,37.29371],[-76.686883,37.29289],[-76.686992,37.292864],[-76.688835,37.292628],[-76.69035,37.291757],[-76.691172,37.290599],[-76.690643,37.288751],[-76.69212,37.287687],[-76.695604,37.285984],[-76.698805,37.285418],[-76.699896,37.284139],[-76.699902,37.284042],[-76.701571,37.282892],[-76.701684,37.282892],[-76.704121,37.283289],[-76.70941,37.282597],[-76.709861,37.282726],[-76.710106,37.277362],[-76.714046,37.279343],[-76.7158,37.280639],[-76.718789,37.283933],[-76.720048,37.286235],[-76.720094,37.286339],[-76.721706,37.289692],[-76.724357,37.295766],[-76.725619,37.295454],[-76.727264,37.298783],[-76.727675,37.301202],[-76.727341,37.302694],[-76.727304,37.303457],[-76.727859,37.305927],[-76.728762,37.308016],[-76.72893,37.3101],[-76.729601,37.312979],[-76.731039,37.31285],[-76.732114,37.312749],[-76.732421,37.312719],[-76.733803,37.315863],[-76.73599,37.315638],[-76.737121,37.315548],[-76.738745,37.315435],[-76.739116,37.315408],[-76.740159,37.315333],[-76.741983,37.315158],[-76.744255,37.314861],[-76.746502,37.3143],[-76.746588,37.312372],[-76.747191,37.311029],[-76.747357,37.310859],[-76.752137,37.306687],[-76.750914,37.30401],[-76.750899,37.303869],[-76.749823,37.301336],[-76.74931,37.30094],[-76.745475,37.299201],[-76.745601,37.299089],[-76.748585,37.296683],[-76.751155,37.293775],[-76.752182,37.291775],[-76.752951,37.288251],[-76.753413,37.284063],[-76.756266,37.283571],[-76.757784,37.281582],[-76.761439,37.280771],[-76.761874,37.281471],[-76.763744,37.281754],[-76.765807,37.280817],[-76.766208,37.279856],[-76.768328,37.278895],[-76.771737,37.278942],[-76.772905,37.279227],[-76.776475,37.277985],[-76.777405,37.277397],[-76.778405,37.278552],[-76.779562,37.279795],[-76.78138,37.280212],[-76.786817,37.278846],[-76.788251,37.2787]]]]}},{"type":"Feature","properties":{"id":5,"NAME":"5","TotalPop":784293,"PopDevPct":-0.00048312,"DemPct":0.33711744,"RepPct":0.65120677,"WhitePct":0.71715796,"MinorityPct":0.28284204,"BlackPct":0.22278445,"HispanicPct":0.02954542,"PacificPct":0.00100157,"AsianPct":0.01225139,"NativePct":0.01788738,"TotalVAP":632010,"Margin":-0.16288256,"color":"#960018","opacity":"0.5"},"geometry":{"type":"MultiPolygon","coordinates":[[[[-78.734122,36.541939],[-78.724278,36.541969],[-78.703839,36.542051],[-78.69127,36.54208],[-78.682351,36.542119],[-78.675011,36.54215],[-78.666615,36.542145],[-78.663292,36.542034],[-78.660134,36.541991],[-78.637243,36.541582],[-78.626008,36.541375],[-78.620798,36.541321],[-78.611347,36.541298],[-78.609081,36.541292],[-78.596053,36.541257],[-78.592268,36.541247],[-78.585962,36.541229],[-78.578234,36.541207],[-78.575404,36.541198],[-78.53918,36.541102],[-78.538966,36.541102],[-78.533042,36.541089],[-78.515435,36.541056],[-78.511291,36.541049],[-78.493888,36.541623],[-78.485113,36.541869],[-78.482176,36.541952],[-78.480926,36.541986],[-78.477569,36.542083],[-78.476743,36.542107],[-78.473916,36.542188],[-78.469056,36.542327],[-78.462155,36.542481],[-78.456319,36.542546],[-78.455186,36.542556],[-78.454145,36.542566],[-78.45269,36.542579],[-78.436537,36.542732],[-78.428525,36.542813],[-78.417219,36.542916],[-78.406183,36.543013],[-78.404067,36.543031],[-78.396343,36.543097],[-78.395395,36.543105],[-78.383689,36.543204],[-78.379699,36.543267],[-78.369099,36.543409],[-78.362909,36.543473],[-78.361291,36.54349],[-78.358766,36.543512],[-78.317958,36.543872],[-78.317732,36.543874],[-78.317385,36.543877],[-78.317222,36.543878],[-78.313001,36.543913],[-78.310295,36.543935],[-78.277287,36.544213],[-78.273887,36.544242],[-78.270485,36.544271],[-78.264317,36.544325],[-78.257457,36.544395],[-78.247007,36.544471],[-78.225381,36.544362],[-78.197315,36.544314],[-78.194148,36.544311],[-78.184513,36.544295],[-78.184018,36.544294],[-78.174255,36.544278],[-78.167692,36.544268],[-78.158517,36.544252],[-78.144111,36.543994],[-78.133389,36.543931],[-78.130913,36.54392],[-78.12889,36.543909],[-78.126129,36.543894],[-78.122101,36.543856],[-78.118508,36.543812],[-78.106972,36.543687],[-78.088241,36.543628],[-78.087351,36.543623],[-78.076777,36.543597],[-78.076314,36.543594],[-78.074124,36.543587],[-78.070881,36.543584],[-78.060845,36.543592],[-78.059205,36.543579],[-78.057819,36.543577],[-78.054238,36.543555],[-78.053294,36.543557],[-78.046271,36.543551],[-78.046212,36.54416],[-78.045856,36.547789],[-78.045476,36.552365],[-78.044846,36.559984],[-78.044546,36.563616],[-78.044528,36.563837],[-78.043987,36.570372],[-78.043962,36.570653],[-78.043961,36.570664],[-78.043927,36.571082],[-78.043579,36.575656],[-78.043446,36.577243],[-78.043222,36.579926],[-78.043065,36.581805],[-78.042785,36.585162],[-78.042703,36.586141],[-78.042641,36.586916],[-78.041521,36.600367],[-78.040489,36.61209],[-78.039826,36.619651],[-78.039243,36.626205],[-78.038729,36.631695],[-78.038551,36.633716],[-78.038475,36.634454],[-78.038412,36.635067],[-78.038162,36.63837],[-78.037728,36.644532],[-78.037631,36.649267],[-78.036953,36.660066],[-78.036127,36.671741],[-78.035637,36.679728],[-78.035025,36.687828],[-78.034469,36.694928],[-78.034227,36.697846],[-78.034128,36.699136],[-78.033737,36.704674],[-78.033623,36.706079],[-78.033437,36.708451],[-78.032872,36.714533],[-78.032689,36.716407],[-78.031522,36.729228],[-78.031194,36.732928],[-78.030956,36.735643],[-78.029977,36.746631],[-78.029387,36.755206],[-78.029011,36.759181],[-78.02868,36.762655],[-78.028651,36.76295],[-78.027954,36.770315],[-78.027759,36.772367],[-78.027419,36.775951],[-78.027427,36.776528],[-78.027411,36.777858],[-78.026698,36.783691],[-78.026555,36.786574],[-78.025998,36.791161],[-78.025405,36.79755],[-78.023458,36.81859],[-78.023561,36.819695],[-78.02355,36.819717],[-78.023183,36.820515],[-78.022889,36.82382],[-78.021884,36.834649],[-78.021943,36.838094],[-78.021948,36.838798],[-78.021506,36.839603],[-78.020999,36.844542],[-78.019827,36.855964],[-78.01811,36.87415],[-78.016772,36.888206],[-78.015432,36.902153],[-78.014584,36.910888],[-78.014168,36.915206],[-78.013896,36.918041],[-78.012729,36.929731],[-78.010574,36.951965],[-78.0098,36.959912],[-78.008134,36.977416],[-78.00762,36.981692],[-78.006362,36.994918],[-78.005292,37.004874],[-78.003687,37.022175],[-78.003639,37.022756],[-78.002941,37.023576],[-78.000715,37.024535],[-77.998793,37.023346],[-77.996024,37.022362],[-77.995936,37.019251],[-77.996221,37.018199],[-77.996506,37.018038],[-77.997296,37.015882],[-77.995972,37.014162],[-77.992846,37.013803],[-77.991229,37.012978],[-77.990429,37.010363],[-77.989144,37.009183],[-77.984467,37.006047],[-77.980673,37.002911],[-77.980185,37.000149],[-77.978425,36.998579],[-77.976915,36.997133],[-77.97588,36.995286],[-77.974604,36.993311],[-77.973327,36.992299],[-77.971077,36.991338],[-77.970071,36.990494],[-77.968627,36.987557],[-77.966571,36.987279],[-77.9651,36.98808],[-77.963749,36.9898],[-77.963159,36.989766],[-77.961468,36.990441],[-77.960544,36.990227],[-77.95508,36.991289],[-77.953883,36.991175],[-77.954168,36.99026],[-77.953483,36.989322],[-77.950289,36.989323],[-77.947209,36.988271],[-77.946837,36.987333],[-77.945325,36.986715],[-77.943643,36.98699],[-77.940877,36.987974],[-77.940021,36.988592],[-77.938025,36.988066],[-77.936171,36.988158],[-77.934802,36.985756],[-77.932949,36.984886],[-77.932749,36.984246],[-77.929498,36.984017],[-77.924622,36.984063],[-77.922397,36.984863],[-77.922397,36.983673],[-77.920543,36.982735],[-77.919317,36.983971],[-77.917549,36.983673],[-77.917662,36.986396],[-77.916864,36.986624],[-77.914525,36.985595],[-77.911446,36.9858],[-77.909392,36.985296],[-77.907624,36.985571],[-77.90674,36.98628],[-77.904316,36.986462],[-77.901349,36.989253],[-77.899153,36.98868],[-77.8969,36.988497],[-77.894248,36.988999],[-77.892936,36.988335],[-77.891852,36.988907],[-77.889813,36.988818],[-77.888687,36.988883],[-77.888116,36.987899],[-77.886576,36.988242],[-77.885463,36.989888],[-77.88338,36.990871],[-77.882581,36.991672],[-77.881287,36.991234],[-77.880135,36.990917],[-77.877851,36.991099],[-77.87551,36.990113],[-77.872876,36.991669],[-77.871573,36.99174],[-77.866293,36.989813],[-77.865999,36.988812],[-77.865031,36.988473],[-77.862288,36.992182],[-77.860666,36.991241],[-77.858152,36.99056],[-77.855975,36.990388],[-77.854517,36.991546],[-77.852111,36.99125],[-77.851809,36.98925],[-77.850695,36.988107],[-77.849868,36.988954],[-77.850667,36.990532],[-77.848585,36.992066],[-77.847329,36.992066],[-77.846559,36.992844],[-77.843512,36.994836],[-77.84223,36.995957],[-77.841382,36.995941],[-77.840869,36.995934],[-77.838094,36.995364],[-77.837038,36.994151],[-77.835469,36.993763],[-77.834043,36.994038],[-77.834641,36.992756],[-77.833016,36.992093],[-77.832644,36.991315],[-77.828679,36.990904],[-77.826882,36.990424],[-77.823574,36.99102],[-77.821435,36.990104],[-77.819635,36.989731],[-77.817584,36.987954],[-77.814732,36.986696],[-77.814133,36.985231],[-77.812193,36.984614],[-77.810111,36.983378],[-77.802579,36.984146],[-77.800013,36.98359],[-77.798817,36.983882],[-77.794796,36.984453],[-77.793912,36.984064],[-77.793085,36.982371],[-77.790433,36.981067],[-77.786954,36.979991],[-77.785785,36.980151],[-77.781907,36.979441],[-77.781166,36.978686],[-77.781252,36.977061],[-77.780196,36.975825],[-77.777972,36.974956],[-77.775406,36.974703],[-77.773866,36.975801],[-77.771784,36.976281],[-77.770375,36.975633],[-77.769189,36.975136],[-77.76554,36.974655],[-77.763887,36.973144],[-77.76269,36.971748],[-77.761808,36.968704],[-77.761411,36.964128],[-77.761755,36.961611],[-77.760415,36.961107],[-77.759388,36.95978],[-77.756396,36.95788],[-77.75557,36.956209],[-77.750895,36.956436],[-77.748855,36.957209],[-77.747003,36.958789],[-77.745863,36.959042],[-77.744779,36.958127],[-77.744321,36.956548],[-77.746087,36.954969],[-77.746371,36.953092],[-77.744574,36.951629],[-77.743149,36.951836],[-77.741838,36.953278],[-77.741069,36.95337],[-77.740155,36.951814],[-77.738842,36.950534],[-77.738611,36.947285],[-77.737984,36.946164],[-77.736615,36.94582],[-77.73363,36.945676],[-77.733419,36.945654],[-77.731086,36.945159],[-77.728481,36.943904],[-77.728136,36.943642],[-77.725323,36.93903],[-77.725322,36.936879],[-77.72381,36.935164],[-77.723352,36.93299],[-77.719817,36.930543],[-77.718448,36.929125],[-77.715683,36.927227],[-77.714714,36.925351],[-77.714684,36.92217],[-77.716649,36.918531],[-77.716648,36.916609],[-77.715194,36.914802],[-77.713541,36.914139],[-77.71186,36.914803],[-77.70958,36.91517],[-77.704508,36.916498],[-77.701829,36.91659],[-77.700291,36.915835],[-77.699806,36.914027],[-77.697697,36.911076],[-77.696072,36.909429],[-77.695217,36.907232],[-77.693451,36.906019],[-77.691284,36.905104],[-77.689347,36.906226],[-77.685928,36.9065],[-77.683706,36.905196],[-77.676526,36.904395],[-77.675729,36.903937],[-77.673564,36.901489],[-77.673235,36.901364],[-77.671084,36.900344],[-77.665587,36.89547],[-77.663907,36.894668],[-77.658036,36.894514],[-77.654591,36.894552],[-77.652482,36.897686],[-77.65043,36.898303],[-77.648037,36.896884],[-77.647582,36.894962],[-77.646045,36.892833],[-77.645705,36.888531],[-77.646476,36.886289],[-77.647445,36.884985],[-77.648015,36.883109],[-77.648045,36.881507],[-77.646963,36.879516],[-77.644943,36.876747],[-77.64275,36.875602],[-77.641248,36.874439],[-77.639169,36.873752],[-77.63464,36.874391],[-77.63334,36.875148],[-77.632182,36.877657],[-77.632266,36.878709],[-77.63594,36.880702],[-77.638246,36.882236],[-77.638844,36.883426],[-77.638073,36.885989],[-77.636762,36.886743],[-77.632289,36.888],[-77.631207,36.88761],[-77.62671,36.88127],[-77.625572,36.880514],[-77.62316,36.880145],[-77.621622,36.879505],[-77.619029,36.877844],[-77.616204,36.879202],[-77.600962,36.887117],[-77.587131,36.894335],[-77.574926,36.900719],[-77.569214,36.903547],[-77.560866,36.908007],[-77.557924,36.90954],[-77.543029,36.917306],[-77.542484,36.917505],[-77.535394,36.921236],[-77.518307,36.930178],[-77.500971,36.9392],[-77.496343,36.941534],[-77.491096,36.9443],[-77.486223,36.94676],[-77.473466,36.953391],[-77.472867,36.953703],[-77.463352,36.958659],[-77.449409,36.966022],[-77.437681,36.97224],[-77.416775,36.983369],[-77.400341,36.992014],[-77.399081,36.992677],[-77.398498,36.992985],[-77.397909,36.999321],[-77.397828,37.002612],[-77.397417,37.006213],[-77.396842,37.012034],[-77.394725,37.034038],[-77.394645,37.035734],[-77.395698,37.042699],[-77.396349,37.052728],[-77.396877,37.057918],[-77.396273,37.066303],[-77.395935,37.075729],[-77.395653,37.084289],[-77.395541,37.089014],[-77.395486,37.090936],[-77.39535,37.095734],[-77.395526,37.104214],[-77.395862,37.112182],[-77.39607,37.120822],[-77.396186,37.124818],[-77.396454,37.134038],[-77.396679,37.150182],[-77.396788,37.152693],[-77.396917,37.154173],[-77.397418,37.157348],[-77.398034,37.161253],[-77.398141,37.161983],[-77.398808,37.167133],[-77.399049,37.169034],[-77.399203,37.17085],[-77.399273,37.171691],[-77.40073,37.171656],[-77.404899,37.171519],[-77.405941,37.170091],[-77.407145,37.169357],[-77.409809,37.167342],[-77.411468,37.166713],[-77.415373,37.166405],[-77.41547,37.166705],[-77.418422,37.166111],[-77.42347,37.165095],[-77.42359,37.168016],[-77.423791,37.173279],[-77.420942,37.173375],[-77.422173,37.179267],[-77.421978,37.179465],[-77.422135,37.180274],[-77.423573,37.180596],[-77.422941,37.18118],[-77.427125,37.184543],[-77.428069,37.185019],[-77.434814,37.18635],[-77.439393,37.187259],[-77.445802,37.188561],[-77.449205,37.189044],[-77.451135,37.188327],[-77.454588,37.187474],[-77.454916,37.187616],[-77.451844,37.189998],[-77.44891,37.19236],[-77.447713,37.193452],[-77.44646,37.194263],[-77.445202,37.196951],[-77.445423,37.199528],[-77.445445,37.199686],[-77.44572,37.203339],[-77.44366,37.207242],[-77.441808,37.210558],[-77.44172,37.213078],[-77.443064,37.216312],[-77.443592,37.216312],[-77.4455,37.216136],[-77.447354,37.215911],[-77.44736,37.216657],[-77.447389,37.220364],[-77.447394,37.221042],[-77.4474,37.221907],[-77.447408,37.223066],[-77.4479,37.223018],[-77.451605,37.222658],[-77.453578,37.22271],[-77.459783,37.223532],[-77.463194,37.22455],[-77.46649,37.225274],[-77.469705,37.225218],[-77.471981,37.225612],[-77.475999,37.225036],[-77.479595,37.224534],[-77.4861,37.225353],[-77.493125,37.224822],[-77.495131,37.223897],[-77.496467,37.223343],[-77.49801,37.223426],[-77.499203,37.224228],[-77.500625,37.224087],[-77.501994,37.222334],[-77.504031,37.221715],[-77.504098,37.221713],[-77.504156,37.22169],[-77.504561,37.22153],[-77.50475,37.221502],[-77.504802,37.221494],[-77.504957,37.221511],[-77.505035,37.22152],[-77.505112,37.221528],[-77.505517,37.221573],[-77.506776,37.221241],[-77.50697,37.221175],[-77.507261,37.221205],[-77.507586,37.221239],[-77.509182,37.221048],[-77.511982,37.219339],[-77.514945,37.218084],[-77.519026,37.217351],[-77.522559,37.217142],[-77.523583,37.218031],[-77.524873,37.220262],[-77.524979,37.220453],[-77.526229,37.222756],[-77.536115,37.226335],[-77.539305,37.226151],[-77.542054,37.226381],[-77.543714,37.226196],[-77.547221,37.226933],[-77.549938,37.226478],[-77.554032,37.226353],[-77.556696,37.225718],[-77.557927,37.224614],[-77.558813,37.224642],[-77.5604,37.225661],[-77.561536,37.228655],[-77.562727,37.230751],[-77.564011,37.231529],[-77.565912,37.231286],[-77.567386,37.232007],[-77.567192,37.235991],[-77.567323,37.2379],[-77.568198,37.239343],[-77.569389,37.239903],[-77.570853,37.23891],[-77.57212,37.23712],[-77.573716,37.236367],[-77.576708,37.236773],[-77.57891,37.237927],[-77.579521,37.238773],[-77.580443,37.242939],[-77.583979,37.2461],[-77.5872,37.246012],[-77.589159,37.246285],[-77.59044,37.247192],[-77.591441,37.249402],[-77.592684,37.25015],[-77.595216,37.250985],[-77.600494,37.253683],[-77.602232,37.257611],[-77.60301,37.260895],[-77.602826,37.263035],[-77.603283,37.263913],[-77.60771,37.267793],[-77.610748,37.269092],[-77.613349,37.270877],[-77.615198,37.270839],[-77.617341,37.269961],[-77.618954,37.267793],[-77.620301,37.266779],[-77.624713,37.266875],[-77.62761,37.267978],[-77.629399,37.269547],[-77.630577,37.26988],[-77.632613,37.269659],[-77.634801,37.2688],[-77.637969,37.267137],[-77.64237,37.263975],[-77.643509,37.263695],[-77.646378,37.264701],[-77.65061,37.265112],[-77.6522,37.265822],[-77.654272,37.267282],[-77.655356,37.268696],[-77.657121,37.272346],[-77.660812,37.275652],[-77.661897,37.277082],[-77.662538,37.278713],[-77.664765,37.287776],[-77.666742,37.291668],[-77.668221,37.292808],[-77.669835,37.292771],[-77.672021,37.292492],[-77.675807,37.292751],[-77.680528,37.292402],[-77.682414,37.291752],[-77.683295,37.289583],[-77.683907,37.286002],[-77.685686,37.283496],[-77.687634,37.282135],[-77.690868,37.281814],[-77.693035,37.281556],[-77.698103,37.287703],[-77.699486,37.291989],[-77.700641,37.294361],[-77.700877,37.294856],[-77.700932,37.294971],[-77.701015,37.295144],[-77.701485,37.29613],[-77.703453,37.298205],[-77.704618,37.298678],[-77.705835,37.299471],[-77.706705,37.299807],[-77.707342,37.29997],[-77.708797,37.300082],[-77.711686,37.299826],[-77.712919,37.299455],[-77.713782,37.299034],[-77.715139,37.297982],[-77.715804,37.297375],[-77.716211,37.296878],[-77.716974,37.295429],[-77.717421,37.294088],[-77.71762,37.2931],[-77.71766,37.292379],[-77.717589,37.290986],[-77.717288,37.289958],[-77.71689,37.289316],[-77.715865,37.288214],[-77.715601,37.28741],[-77.715882,37.286653],[-77.716555,37.28581],[-77.717442,37.284855],[-77.718741,37.283925],[-77.720005,37.283318],[-77.720496,37.283211],[-77.721228,37.28325],[-77.722222,37.283548],[-77.725266,37.28474],[-77.72643,37.285099],[-77.727837,37.285786],[-77.729142,37.285949],[-77.730338,37.285804],[-77.732443,37.285362],[-77.733834,37.284992],[-77.734912,37.284575],[-77.735517,37.284194],[-77.735783,37.283871],[-77.735975,37.283282],[-77.736103,37.279592],[-77.736489,37.277288],[-77.736815,37.276537],[-77.737284,37.275954],[-77.738309,37.274256],[-77.738498,37.273121],[-77.738378,37.272485],[-77.737943,37.271618],[-77.737867,37.270989],[-77.738024,37.270358],[-77.738502,37.26974],[-77.73979,37.268664],[-77.741293,37.267838],[-77.742122,37.267492],[-77.743333,37.267095],[-77.744511,37.266838],[-77.745601,37.266932],[-77.747596,37.26749],[-77.748892,37.267688],[-77.750801,37.267889],[-77.75105,37.267818],[-77.752301,37.267827],[-77.753578,37.267913],[-77.75862,37.268717],[-77.759569,37.269007],[-77.760957,37.269582],[-77.762112,37.269976],[-77.763546,37.27074],[-77.764633,37.271597],[-77.766117,37.273095],[-77.766737,37.27359],[-77.767989,37.275089],[-77.76829,37.275935],[-77.768407,37.277335],[-77.768248,37.27891],[-77.768219,37.279779],[-77.76833,37.28045],[-77.768346,37.281325],[-77.768487,37.282438],[-77.769109,37.284423],[-77.769434,37.284982],[-77.770639,37.28611],[-77.771079,37.286396],[-77.772588,37.287607],[-77.773997,37.288476],[-77.775145,37.289087],[-77.777803,37.291091],[-77.778837,37.291976],[-77.779278,37.292443],[-77.780285,37.29325],[-77.781631,37.294182],[-77.782359,37.294802],[-77.783803,37.295531],[-77.784864,37.296492],[-77.785133,37.296533],[-77.785976,37.297061],[-77.787876,37.297823],[-77.788529,37.297995],[-77.789193,37.298314],[-77.790097,37.298597],[-77.79203,37.299036],[-77.793908,37.299321],[-77.79608,37.29936],[-77.796427,37.299268],[-77.797143,37.299376],[-77.79863,37.29993],[-77.802047,37.301685],[-77.803448,37.302589],[-77.804111,37.302907],[-77.80491,37.303429],[-77.80587,37.303865],[-77.80675,37.304526],[-77.807042,37.305316],[-77.807421,37.306973],[-77.807565,37.308268],[-77.807798,37.309576],[-77.80847,37.310987],[-77.808793,37.312308],[-77.808995,37.31412],[-77.809013,37.315359],[-77.808857,37.31599],[-77.808121,37.316714],[-77.80716,37.317223],[-77.806037,37.317634],[-77.804478,37.318307],[-77.803407,37.318508],[-77.802336,37.318454],[-77.801682,37.318445],[-77.801245,37.318616],[-77.800847,37.3191],[-77.800265,37.320139],[-77.800081,37.320693],[-77.799579,37.321598],[-77.798984,37.322126],[-77.798134,37.323124],[-77.796967,37.32371],[-77.796254,37.323966],[-77.796024,37.324331],[-77.795948,37.324828],[-77.796141,37.325548],[-77.796528,37.325953],[-77.797576,37.326312],[-77.798413,37.327057],[-77.798686,37.327644],[-77.798567,37.328498],[-77.797156,37.329884],[-77.796927,37.330249],[-77.79636,37.332163],[-77.796507,37.332694],[-77.797462,37.333712],[-77.798611,37.334322],[-77.800526,37.334649],[-77.802337,37.335397],[-77.803151,37.335484],[-77.804195,37.335207],[-77.805233,37.335328],[-77.806013,37.335737],[-77.806723,37.336245],[-77.807109,37.336376],[-77.808236,37.336511],[-77.809264,37.336485],[-77.809801,37.336566],[-77.811544,37.336649],[-77.812617,37.33663],[-77.81387,37.33682],[-77.815036,37.337361],[-77.816667,37.337899],[-77.8175,37.338098],[-77.82098,37.338481],[-77.822866,37.338549],[-77.825807,37.338485],[-77.82764,37.338582],[-77.828995,37.338169],[-77.832578,37.337949],[-77.835389,37.338411],[-77.837346,37.33838],[-77.838277,37.338558],[-77.838869,37.338793],[-77.839381,37.339161],[-77.840282,37.340025],[-77.841018,37.340427],[-77.842016,37.341087],[-77.843263,37.341676],[-77.844646,37.342467],[-77.846503,37.343221],[-77.848218,37.344172],[-77.849939,37.344723],[-77.850541,37.345105],[-77.851163,37.345781],[-77.851823,37.346681],[-77.852376,37.347637],[-77.852718,37.348888],[-77.852682,37.349973],[-77.852556,37.351045],[-77.852098,37.352902],[-77.851844,37.353555],[-77.851733,37.354192],[-77.851784,37.354684],[-77.851804,37.354867],[-77.852005,37.355724],[-77.852493,37.35638],[-77.852844,37.356651],[-77.853696,37.356961],[-77.853849,37.357094],[-77.854477,37.357371],[-77.855862,37.358344],[-77.856643,37.358753],[-77.857318,37.359218],[-77.858075,37.359914],[-77.85893,37.360589],[-77.8591,37.360651],[-77.859245,37.360818],[-77.859613,37.36102],[-77.860946,37.362203],[-77.861314,37.362404],[-77.86187,37.362597],[-77.862623,37.362747],[-77.863758,37.3629],[-77.86534,37.362962],[-77.867276,37.362997],[-77.868973,37.362941],[-77.871045,37.362778],[-77.872454,37.36259],[-77.873789,37.362384],[-77.87489,37.362565],[-77.87548,37.362989],[-77.8766,37.364285],[-77.877171,37.365171],[-77.877556,37.366247],[-77.877357,37.367053],[-77.877358,37.367235],[-77.876867,37.368288],[-77.876597,37.369192],[-77.876573,37.369479],[-77.87674,37.37125],[-77.877125,37.373362],[-77.877081,37.373446],[-77.877185,37.374152],[-77.877133,37.374363],[-77.877205,37.374446],[-77.877102,37.374867],[-77.87698,37.375],[-77.876856,37.375344],[-77.876793,37.376352],[-77.876672,37.376843],[-77.876744,37.376927],[-77.87674,37.377508],[-77.876835,37.378067],[-77.877153,37.378661],[-77.877127,37.378766],[-77.877527,37.37959],[-77.878271,37.381847],[-77.878422,37.382742],[-77.878232,37.383513],[-77.877826,37.384215],[-77.877038,37.38515],[-77.876266,37.385833],[-77.875892,37.386031],[-77.875392,37.386174],[-77.875,37.386388],[-77.874644,37.38663],[-77.874486,37.386896],[-77.874339,37.387492],[-77.874368,37.387751],[-77.874091,37.388872],[-77.873465,37.389905],[-77.8733,37.390571],[-77.873289,37.391369],[-77.873168,37.391859],[-77.872982,37.392049],[-77.872687,37.392114],[-77.871917,37.392034],[-77.871433,37.391924],[-77.871361,37.391841],[-77.871137,37.391807],[-77.870042,37.391351],[-77.86937,37.391249],[-77.868576,37.391456],[-77.868015,37.391753],[-77.867554,37.39221],[-77.867398,37.392841],[-77.867388,37.393821],[-77.867435,37.39401],[-77.867779,37.394498],[-77.869793,37.396875],[-77.870406,37.397404],[-77.871201,37.398324],[-77.871546,37.398883],[-77.8717,37.399126],[-77.87181,37.399434],[-77.871802,37.400596],[-77.871655,37.401191],[-77.87166,37.401737],[-77.871716,37.402073],[-77.87199,37.40266],[-77.872165,37.403268],[-77.87213,37.403408],[-77.872213,37.403639],[-77.872154,37.404066],[-77.872136,37.404136],[-77.872315,37.405108],[-77.872462,37.405639],[-77.872589,37.405786],[-77.872744,37.406191],[-77.873007,37.406631],[-77.873532,37.407328],[-77.873761,37.407908],[-77.873744,37.407978],[-77.873917,37.408404],[-77.873891,37.408509],[-77.874132,37.409418],[-77.87436,37.409998],[-77.87441,37.41055],[-77.874876,37.411675],[-77.874966,37.412184],[-77.874992,37.412491],[-77.875108,37.413686],[-77.875268,37.414546],[-77.875323,37.4147],[-77.875444,37.415336],[-77.875432,37.415953],[-77.875486,37.416015],[-77.875269,37.4168],[-77.875093,37.417137],[-77.874854,37.417386],[-77.874408,37.417711],[-77.873339,37.418277],[-77.872589,37.418491],[-77.871891,37.418371],[-77.871602,37.41816],[-77.871193,37.417905],[-77.87091,37.417765],[-77.869897,37.417539],[-77.869385,37.417352],[-77.868848,37.417271],[-77.867729,37.417284],[-77.866914,37.417197],[-77.866307,37.416944],[-77.864275,37.416217],[-77.863197,37.41569],[-77.861583,37.415265],[-77.860866,37.415156],[-77.859457,37.414652],[-77.85874,37.414544],[-77.858178,37.41475],[-77.856994,37.415407],[-77.856014,37.417113],[-77.85509,37.417846],[-77.855148,37.418363],[-77.85496,37.41838],[-77.853384,37.41855],[-77.850988,37.416932],[-77.851111,37.416152],[-77.848811,37.414862],[-77.846726,37.415121],[-77.845377,37.41695],[-77.84299,37.418949],[-77.840346,37.418198],[-77.83791,37.420246],[-77.835937,37.421306],[-77.833436,37.422723],[-77.830331,37.422395],[-77.826696,37.422445],[-77.823061,37.423016],[-77.819743,37.423829],[-77.817086,37.424181],[-77.81553,37.425048],[-77.812081,37.42585],[-77.809809,37.426095],[-77.809189,37.426108],[-77.807964,37.42742],[-77.807977,37.429529],[-77.808597,37.429847],[-77.806407,37.431703],[-77.805562,37.433652],[-77.804927,37.434679],[-77.805609,37.435711],[-77.804989,37.437633],[-77.803983,37.438797],[-77.802738,37.440009],[-77.798798,37.444886],[-77.798494,37.446308],[-77.798852,37.447505],[-77.797509,37.451041],[-77.797509,37.454423],[-77.79799,37.456719],[-77.79784,37.458961],[-77.787489,37.466461],[-77.777616,37.473619],[-77.775412,37.475213],[-77.769047,37.479836],[-77.762699,37.484437],[-77.762624,37.484492],[-77.757322,37.488281],[-77.749717,37.493785],[-77.747867,37.494682],[-77.74619,37.495983],[-77.742803,37.498611],[-77.739807,37.500818],[-77.732738,37.506021],[-77.732376,37.506209],[-77.732333,37.506239],[-77.724164,37.511915],[-77.723843,37.512146],[-77.715874,37.517862],[-77.712851,37.520144],[-77.70765,37.524069],[-77.706437,37.52496],[-77.6969,37.531822],[-77.696586,37.532046],[-77.694758,37.53332],[-77.691684,37.535577],[-77.68998,37.536808],[-77.687392,37.538672],[-77.683011,37.541783],[-77.67944,37.544245],[-77.676264,37.546678],[-77.672635,37.549132],[-77.669631,37.551265],[-77.668528,37.552044],[-77.665331,37.554548],[-77.663124,37.556131],[-77.656244,37.56085],[-77.655766,37.562626],[-77.6557,37.56287],[-77.655399,37.563986],[-77.656717,37.565016],[-77.659878,37.566767],[-77.667528,37.570144],[-77.673178,37.57305],[-77.679613,37.575986],[-77.679826,37.576088],[-77.684084,37.578035],[-77.689133,37.581586],[-77.693249,37.583617],[-77.698287,37.585817],[-77.699967,37.586372],[-77.705448,37.589144],[-77.707984,37.58925],[-77.710326,37.588852],[-77.712906,37.588254],[-77.716567,37.587686],[-77.720105,37.587383],[-77.723756,37.58761],[-77.727791,37.588275],[-77.732842,37.589958],[-77.735514,37.591328],[-77.737477,37.592819],[-77.738785,37.593809],[-77.746454,37.598389],[-77.748985,37.600141],[-77.75205,37.602774],[-77.756614,37.608402],[-77.758777,37.610275],[-77.760528,37.61113],[-77.765112,37.612546],[-77.76734,37.612843],[-77.773215,37.612772],[-77.776044,37.612911],[-77.780127,37.613021],[-77.783618,37.612698],[-77.789348,37.612858],[-77.789444,37.612864],[-77.792031,37.612726],[-77.797656,37.611641],[-77.799424,37.611035],[-77.802809,37.608719],[-77.805751,37.607361],[-77.807562,37.606938],[-77.812207,37.60688],[-77.814985,37.606603],[-77.81991,37.608635],[-77.822386,37.610052],[-77.823687,37.611374],[-77.824944,37.613629],[-77.825151,37.615324],[-77.824635,37.617115],[-77.823577,37.618995],[-77.82262,37.62155],[-77.823267,37.624811],[-77.826224,37.627947],[-77.826878,37.628985],[-77.829882,37.632386],[-77.830789,37.633202],[-77.834931,37.636121],[-77.836043,37.636917],[-77.84322,37.640519],[-77.844638,37.641095],[-77.846078,37.640511],[-77.849607,37.641439],[-77.854895,37.643133],[-77.85973,37.645372],[-77.859756,37.645388],[-77.859785,37.645409],[-77.859815,37.645431],[-77.85983,37.645444],[-77.859849,37.645463],[-77.859878,37.645484],[-77.859947,37.645535],[-77.859975,37.645555],[-77.860003,37.645573],[-77.860018,37.645581],[-77.86004,37.645592],[-77.860053,37.645597],[-77.860082,37.645608],[-77.860109,37.645619],[-77.860131,37.645629],[-77.860193,37.645661],[-77.860255,37.645695],[-77.860307,37.645718],[-77.860335,37.645733],[-77.860361,37.645749],[-77.860392,37.645768],[-77.860433,37.645796],[-77.860492,37.645832],[-77.860536,37.64586],[-77.860547,37.645867],[-77.860623,37.645917],[-77.860714,37.645979],[-77.860742,37.645998],[-77.860764,37.646014],[-77.860782,37.646028],[-77.860803,37.646046],[-77.860824,37.646064],[-77.860849,37.646087],[-77.860907,37.646143],[-77.860921,37.64616],[-77.860933,37.646179],[-77.860984,37.646257],[-77.861002,37.646284],[-77.861023,37.646304],[-77.861059,37.646329],[-77.86111,37.646362],[-77.861139,37.64638],[-77.861162,37.646394],[-77.861276,37.646452],[-77.861355,37.646491],[-77.8614,37.646511],[-77.861448,37.646537],[-77.861508,37.646576],[-77.86156,37.646638],[-77.861571,37.646647],[-77.861605,37.646672],[-77.86162,37.646682],[-77.861637,37.646691],[-77.86168,37.646713],[-77.861774,37.646757],[-77.8618,37.64677],[-77.861828,37.646784],[-77.861874,37.646811],[-77.861891,37.646821],[-77.861906,37.646828],[-77.863883,37.648046],[-77.867181,37.650406],[-77.870384,37.653283],[-77.872571,37.655547],[-77.875772,37.657834],[-77.878629,37.659349],[-77.889978,37.664245],[-77.895376,37.667008],[-77.897363,37.668236],[-77.900697,37.671179],[-77.902924,37.674422],[-77.906555,37.680789],[-77.908107,37.683997],[-77.909762,37.688127],[-77.910777,37.689289],[-77.913285,37.690666],[-77.915735,37.691365],[-77.918397,37.691673],[-77.921262,37.691657],[-77.923656,37.691219],[-77.92621,37.690349],[-77.932247,37.686902],[-77.935813,37.685064],[-77.939589,37.683399],[-77.943516,37.681279],[-77.946133,37.679416],[-77.947379,37.678087],[-77.949812,37.674449],[-77.953084,37.668907],[-77.955121,37.665447],[-77.955838,37.663418],[-77.956033,37.660812],[-77.955505,37.65855],[-77.954214,37.65591],[-77.952597,37.653976],[-77.95049,37.652897],[-77.949468,37.651553],[-77.946482,37.647801],[-77.945157,37.6458],[-77.94429,37.643772],[-77.943658,37.640744],[-77.943847,37.637582],[-77.944924,37.63464],[-77.946704,37.632017],[-77.950101,37.628414],[-77.95469,37.625969],[-77.956951,37.624938],[-77.958218,37.6249],[-77.962441,37.624995],[-77.966465,37.624771],[-77.971446,37.623985],[-77.971707,37.623953],[-77.975191,37.623578],[-77.978605,37.623685],[-77.982236,37.624279],[-77.98735,37.626415],[-77.993919,37.629692],[-77.998395,37.632138],[-78.002996,37.634856],[-78.006353,37.637934],[-78.008446,37.639136],[-78.012963,37.640812],[-78.014637,37.641663],[-78.017473,37.642564],[-78.020934,37.642951],[-78.0211,37.642949],[-78.021951,37.642873],[-78.022532,37.642869],[-78.023,37.642844],[-78.02341,37.642797],[-78.024149,37.642677],[-78.024688,37.642626],[-78.025588,37.642512],[-78.025658,37.642475],[-78.025985,37.642484],[-78.026313,37.642373],[-78.026924,37.642279],[-78.027509,37.64206],[-78.028473,37.641824],[-78.028793,37.641756],[-78.029358,37.64172],[-78.030614,37.641754],[-78.030744,37.641701],[-78.030837,37.641745],[-78.031263,37.64175],[-78.031959,37.641732],[-78.032123,37.641755],[-78.032602,37.641688],[-78.032906,37.641746],[-78.033571,37.641806],[-78.03435,37.641976],[-78.034542,37.64199],[-78.035007,37.642109],[-78.035503,37.642135],[-78.035822,37.642174],[-78.03622,37.642289],[-78.03719,37.642461],[-78.038041,37.642539],[-78.0384,37.642542],[-78.038897,37.642519],[-78.040195,37.642513],[-78.041158,37.642448],[-78.041563,37.64238],[-78.041662,37.64241],[-78.041928,37.64238],[-78.042239,37.642379],[-78.042815,37.642436],[-78.043292,37.642498],[-78.044205,37.64264],[-78.044462,37.642659],[-78.044657,37.642721],[-78.045233,37.642834],[-78.046165,37.643039],[-78.047406,37.643342],[-78.0477,37.643405],[-78.048315,37.643599],[-78.048749,37.643793],[-78.0498,37.644156],[-78.050637,37.644381],[-78.050803,37.644381],[-78.050725,37.644466],[-78.051189,37.644588],[-78.051563,37.644745],[-78.052341,37.645028],[-78.052552,37.645078],[-78.052792,37.645209],[-78.054022,37.645636],[-78.055555,37.646063],[-78.056243,37.646292],[-78.056939,37.646433],[-78.057218,37.646529],[-78.05762,37.646609],[-78.058307,37.646774],[-78.05928,37.647074],[-78.05977,37.647238],[-78.06048,37.647511],[-78.061487,37.647747],[-78.06246,37.648028],[-78.06288,37.648183],[-78.063288,37.648357],[-78.063677,37.648545],[-78.064385,37.648948],[-78.064653,37.649044],[-78.06495,37.649277],[-78.065104,37.649432],[-78.065477,37.649668],[-78.065764,37.649875],[-78.066015,37.650017],[-78.066212,37.650201],[-78.066523,37.650436],[-78.067215,37.651055],[-78.06757,37.651452],[-78.067662,37.651598],[-78.068255,37.652234],[-78.068537,37.652576],[-78.069115,37.653339],[-78.069352,37.65361],[-78.06985,37.654319],[-78.070507,37.655235],[-78.070781,37.655667],[-78.07106,37.656046],[-78.071394,37.656395],[-78.071641,37.656739],[-78.071898,37.657025],[-78.072107,37.65718],[-78.072174,37.657385],[-78.072179,37.657451],[-78.072327,37.657607],[-78.072804,37.658172],[-78.072989,37.658442],[-78.07322,37.658716],[-78.073488,37.658996],[-78.073728,37.659291],[-78.074111,37.659721],[-78.074545,37.660283],[-78.074959,37.660722],[-78.075174,37.660979],[-78.075364,37.661167],[-78.075834,37.661569],[-78.076097,37.661824],[-78.076539,37.662302],[-78.076913,37.662647],[-78.077029,37.662717],[-78.077478,37.663126],[-78.078165,37.663704],[-78.078546,37.664037],[-78.078849,37.66435],[-78.079125,37.664565],[-78.079689,37.665048],[-78.080414,37.665608],[-78.080979,37.666005],[-78.081234,37.666237],[-78.081663,37.666578],[-78.082297,37.667002],[-78.083046,37.667587],[-78.083525,37.66792],[-78.083958,37.668155],[-78.084238,37.668367],[-78.084594,37.668534],[-78.084829,37.668669],[-78.085509,37.669005],[-78.085789,37.669061],[-78.086476,37.669367],[-78.086755,37.669411],[-78.086927,37.669479],[-78.087284,37.669772],[-78.087549,37.669878],[-78.091896,37.670947],[-78.09647,37.67067],[-78.098419,37.670311],[-78.101193,37.670237],[-78.104716,37.670586],[-78.106826,37.671289],[-78.108165,37.672216],[-78.109948,37.674595],[-78.110438,37.677866],[-78.109823,37.680406],[-78.109587,37.680795],[-78.10949,37.680932],[-78.107637,37.682797],[-78.104081,37.684834],[-78.100406,37.687419],[-78.097766,37.690269],[-78.093987,37.693813],[-78.09148,37.695734],[-78.090345,37.697637],[-78.08978,37.699718],[-78.089786,37.701229],[-78.090994,37.705349],[-78.09275,37.708238],[-78.097709,37.713109],[-78.098895,37.714497],[-78.10066,37.714968],[-78.103902,37.717412],[-78.10408,37.718635],[-78.107978,37.720349],[-78.110974,37.720316],[-78.11462,37.721247],[-78.117031,37.722607],[-78.118625,37.724139],[-78.121033,37.727196],[-78.125879,37.731935],[-78.127419,37.73309],[-78.132157,37.735978],[-78.134689,37.738013],[-78.137657,37.739651],[-78.140886,37.741029],[-78.147151,37.742934],[-78.150017,37.744298],[-78.15493,37.746754],[-78.159326,37.748528],[-78.16185,37.749276],[-78.163851,37.749354],[-78.168695,37.748652],[-78.174103,37.747604],[-78.176392,37.746594],[-78.180188,37.745299],[-78.183465,37.743608],[-78.184987,37.742175],[-78.187407,37.738936],[-78.190352,37.736361],[-78.192186,37.735197],[-78.197749,37.731749],[-78.202394,37.729619],[-78.212374,37.723413],[-78.215546,37.720739],[-78.219644,37.717801],[-78.222767,37.715181],[-78.225302,37.711579],[-78.226233,37.707768],[-78.227114,37.701882],[-78.22846,37.698208],[-78.228936,37.69756],[-78.234491,37.692789],[-78.237494,37.691111],[-78.239748,37.690495],[-78.24091,37.690337],[-78.248207,37.69068],[-78.249723,37.691294],[-78.252823,37.691244],[-78.257724,37.691644],[-78.261569,37.692483],[-78.265493,37.693791],[-78.269305,37.695526],[-78.271233,37.697378],[-78.276223,37.700444],[-78.279924,37.702944],[-78.284124,37.705444],[-78.290043,37.708252],[-78.293024,37.709143],[-78.297857,37.710112],[-78.300757,37.710622],[-78.302422,37.710463],[-78.305223,37.709843],[-78.308424,37.710043],[-78.312925,37.711343],[-78.316825,37.712743],[-78.320925,37.713943],[-78.324226,37.714565],[-78.328825,37.715643],[-78.331025,37.715843],[-78.332344,37.715543],[-78.33605,37.716157],[-78.33981,37.717727],[-78.344228,37.718846],[-78.347042,37.720586],[-78.348777,37.720701],[-78.350885,37.721559],[-78.352077,37.722462],[-78.352166,37.722547],[-78.352496,37.722701],[-78.353109,37.722987],[-78.35365,37.723239],[-78.353787,37.723303],[-78.353906,37.723402],[-78.355803,37.725178],[-78.35843,37.727133],[-78.361334,37.728022],[-78.362662,37.729273],[-78.363991,37.731194],[-78.365616,37.731897],[-78.369467,37.731796],[-78.375762,37.733674],[-78.377787,37.734059],[-78.383837,37.733546],[-78.385096,37.733746],[-78.387657,37.734028],[-78.390643,37.734883],[-78.391529,37.735027],[-78.397217,37.734864],[-78.400295,37.73502],[-78.402919,37.734673],[-78.405596,37.735263],[-78.406931,37.736402],[-78.408549,37.73818],[-78.412991,37.738527],[-78.41855,37.740082],[-78.420555,37.740138],[-78.422111,37.740451],[-78.433768,37.745587],[-78.435801,37.746718],[-78.43818,37.748964],[-78.442599,37.749491],[-78.444811,37.750769],[-78.448729,37.752116],[-78.44903,37.752785],[-78.451728,37.754908],[-78.455752,37.756172],[-78.460201,37.7579],[-78.464149,37.7602],[-78.4677,37.763129],[-78.470155,37.765889],[-78.473728,37.771168],[-78.474577,37.773277],[-78.477904,37.778438],[-78.480656,37.783649],[-78.482268,37.78761],[-78.484161,37.792796],[-78.486435,37.795726],[-78.488687,37.796695],[-78.491345,37.796956],[-78.493726,37.796177],[-78.494996,37.795672],[-78.496659,37.794018],[-78.498394,37.790755],[-78.498783,37.789272],[-78.498612,37.784663],[-78.497114,37.779544],[-78.495388,37.772443],[-78.495431,37.767642],[-78.496601,37.764369],[-78.49954,37.761594],[-78.501537,37.76053],[-78.505516,37.758956],[-78.51048,37.757494],[-78.511991,37.757323],[-78.515701,37.757437],[-78.520337,37.758059],[-78.525543,37.758217],[-78.530322,37.759427],[-78.536571,37.762302],[-78.540593,37.762684],[-78.542249,37.762957],[-78.544774,37.763941],[-78.550138,37.763554],[-78.555694,37.7627],[-78.557089,37.762424],[-78.560307,37.760866],[-78.56507,37.759515],[-78.568693,37.758194],[-78.568789,37.758157],[-78.569416,37.757909],[-78.570146,37.757621],[-78.571158,37.757394],[-78.571237,37.757389],[-78.573711,37.756849],[-78.575259,37.7563],[-78.579028,37.754755],[-78.579499,37.754467],[-78.580797,37.754047],[-78.58141,37.754046],[-78.584406,37.754599],[-78.585448,37.754746],[-78.588514,37.754755],[-78.589385,37.754834],[-78.590426,37.755048],[-78.593394,37.75602],[-78.59485,37.756234],[-78.600997,37.756218],[-78.605434,37.756497],[-78.607131,37.756575],[-78.609613,37.75655],[-78.612023,37.756321],[-78.613919,37.755798],[-78.61563,37.75497],[-78.616798,37.754221],[-78.618422,37.752872],[-78.62053,37.750945],[-78.622311,37.749867],[-78.62395,37.749095],[-78.625489,37.748527],[-78.626658,37.748005],[-78.627997,37.747075],[-78.629193,37.746043],[-78.631001,37.744059],[-78.632297,37.742858],[-78.633821,37.741859],[-78.63526,37.741235],[-78.637639,37.7401],[-78.639363,37.739214],[-78.640531,37.738273],[-78.64167,37.73715],[-78.642722,37.735598],[-78.643702,37.733717],[-78.643918,37.733084],[-78.645809,37.732635],[-78.648311,37.732715],[-78.648463,37.732703],[-78.64997,37.732445],[-78.650377,37.732364],[-78.651132,37.732177],[-78.651799,37.73209],[-78.652162,37.732019],[-78.652578,37.731814],[-78.652897,37.731625],[-78.653189,37.731362],[-78.653461,37.73093],[-78.653769,37.73028],[-78.654098,37.729641],[-78.6542,37.72939],[-78.654379,37.729297],[-78.65455,37.729259],[-78.654702,37.729297],[-78.655307,37.729356],[-78.655856,37.729377],[-78.656523,37.729507],[-78.656784,37.729507],[-78.657107,37.729435],[-78.657388,37.729069],[-78.657662,37.728299],[-78.657976,37.727447],[-78.658228,37.72635],[-78.658275,37.725869],[-78.658294,37.725242],[-78.658272,37.724352],[-78.658311,37.723582],[-78.65842,37.72308],[-78.658578,37.722878],[-78.658777,37.722758],[-78.659326,37.722664],[-78.659615,37.722642],[-78.660598,37.722662],[-78.661017,37.722689],[-78.661697,37.722661],[-78.661993,37.722682],[-78.662295,37.722747],[-78.663272,37.723101],[-78.66451,37.723503],[-78.665686,37.723954],[-78.667123,37.724482],[-78.66768,37.724568],[-78.668298,37.7246],[-78.66856,37.724644],[-78.668862,37.724752],[-78.669688,37.725292],[-78.670514,37.725885],[-78.671368,37.726572],[-78.671877,37.727008],[-78.672373,37.727569],[-78.672911,37.728202],[-78.673785,37.72891],[-78.674405,37.729362],[-78.67477,37.729569],[-78.675258,37.729727],[-78.676124,37.729867],[-78.67653,37.729992],[-78.676991,37.730166],[-78.677589,37.730471],[-78.67792,37.730798],[-78.678099,37.731021],[-78.67832,37.731583],[-78.678479,37.731812],[-78.67883,37.732074],[-78.679202,37.732275],[-78.679848,37.732487],[-78.680337,37.73259],[-78.680866,37.732769],[-78.68152,37.733107],[-78.682401,37.733608],[-78.683117,37.734065],[-78.683909,37.734664],[-78.684453,37.735198],[-78.685549,37.736419],[-78.685783,37.736817],[-78.685887,37.73709],[-78.686087,37.737505],[-78.686172,37.73823],[-78.686148,37.739808],[-78.686088,37.74049],[-78.685986,37.740987],[-78.685843,37.741369],[-78.685514,37.741763],[-78.685281,37.742178],[-78.684905,37.74291],[-78.684597,37.743653],[-78.684372,37.744314],[-78.684263,37.744691],[-78.684264,37.744991],[-78.684341,37.745536],[-78.684452,37.746109],[-78.684578,37.746966],[-78.684525,37.747785],[-78.684417,37.748571],[-78.684205,37.74903],[-78.684144,37.749254],[-78.684166,37.749887],[-78.684084,37.750253],[-78.683893,37.750717],[-78.683633,37.75122],[-78.68351,37.751607],[-78.683463,37.751891],[-78.683574,37.752415],[-78.683782,37.752982],[-78.684017,37.753566],[-78.68421,37.753915],[-78.684521,37.754351],[-78.684583,37.75457],[-78.684708,37.75517],[-78.684757,37.755574],[-78.684745,37.756229],[-78.684678,37.756807],[-78.684514,37.75725],[-78.684288,37.757588],[-78.684117,37.757889],[-78.683954,37.758604],[-78.683721,37.759292],[-78.683406,37.759729],[-78.683104,37.759992],[-78.682603,37.760167],[-78.681675,37.76018],[-78.681083,37.760142],[-78.680189,37.76004],[-78.679234,37.759981],[-78.678525,37.759928],[-78.677948,37.759831],[-78.677225,37.759635],[-78.67653,37.759401],[-78.675379,37.758431],[-78.675332,37.758383],[-78.675042,37.758088],[-78.67478,37.757961],[-78.674705,37.757924],[-78.673253,37.757392],[-78.672441,37.757191],[-78.671651,37.757067],[-78.671025,37.757084],[-78.670606,37.757199],[-78.670324,37.757254],[-78.669747,37.757304],[-78.669437,37.757305],[-78.669169,37.75724],[-78.668929,37.757273],[-78.668544,37.757372],[-78.668097,37.757525],[-78.667747,37.757722],[-78.667576,37.757919],[-78.667459,37.758219],[-78.667439,37.758498],[-78.667454,37.758858],[-78.667427,37.759202],[-78.667455,37.759409],[-78.667586,37.759644],[-78.667803,37.759852],[-78.668144,37.760085],[-78.668482,37.760259],[-78.668846,37.760471],[-78.669094,37.7607],[-78.669418,37.76106],[-78.669715,37.761289],[-78.669942,37.761436],[-78.67021,37.761545],[-78.670864,37.761669],[-78.671173,37.761811],[-78.67202,37.762252],[-78.672984,37.762889],[-78.673907,37.763548],[-78.674299,37.763841],[-78.675243,37.764534],[-78.676518,37.765706],[-78.677228,37.766436],[-78.678194,37.767848],[-78.678938,37.768644],[-78.680998,37.770175],[-78.682067,37.771189],[-78.682438,37.771597],[-78.682839,37.772535],[-78.682951,37.773174],[-78.683667,37.773615],[-78.684307,37.773843],[-78.685786,37.774037],[-78.687038,37.773975],[-78.688315,37.773324],[-78.6892,37.772607],[-78.68979,37.771995],[-78.690242,37.771285],[-78.690798,37.77106],[-78.692009,37.771058],[-78.692366,37.770948],[-78.693129,37.771002],[-78.693336,37.771187],[-78.693358,37.771869],[-78.69271,37.773677],[-78.692163,37.774846],[-78.691717,37.775403],[-78.690825,37.776043],[-78.690338,37.776508],[-78.689667,37.777847],[-78.689077,37.778448],[-78.687429,37.779313],[-78.686631,37.779336],[-78.685216,37.779666],[-78.684287,37.7797],[-78.683607,37.780078],[-78.682571,37.780881],[-78.682379,37.781324],[-78.682986,37.78206],[-78.684019,37.782539],[-78.684991,37.783301],[-78.68568,37.784032],[-78.686885,37.784379],[-78.687202,37.784728],[-78.687566,37.785705],[-78.687804,37.786075],[-78.688093,37.786413],[-78.688321,37.786833],[-78.688439,37.787204],[-78.68842,37.78763],[-78.688283,37.787848],[-78.688221,37.788067],[-78.688222,37.788285],[-78.688298,37.788432],[-78.688498,37.788623],[-78.689004,37.788787],[-78.689409,37.788836],[-78.689438,37.788953],[-78.689482,37.789129],[-78.691501,37.796713],[-78.695231,37.80321],[-78.698094,37.808098],[-78.698905,37.809486],[-78.700901,37.812895],[-78.702257,37.815212],[-78.708046,37.825101],[-78.712079,37.831904],[-78.717323,37.840273],[-78.717596,37.84068],[-78.721301,37.846258],[-78.725856,37.85384],[-78.725983,37.854062],[-78.730076,37.844916],[-78.731604,37.841626],[-78.73333,37.839449],[-78.734551,37.837366],[-78.736466,37.834117],[-78.737334,37.832366],[-78.737697,37.829736],[-78.737926,37.825757],[-78.73822,37.825043],[-78.738306,37.82488],[-78.739261,37.823655],[-78.739651,37.823182],[-78.742898,37.819952],[-78.744889,37.81748],[-78.749362,37.814071],[-78.752189,37.811118],[-78.752879,37.808417],[-78.752912,37.807478],[-78.75266,37.805546],[-78.752671,37.802843],[-78.753644,37.800722],[-78.754255,37.800669],[-78.755072,37.800757],[-78.757947,37.801619],[-78.759642,37.802424],[-78.760038,37.803056],[-78.760033,37.803549],[-78.760243,37.804116],[-78.760962,37.805002],[-78.761657,37.805801],[-78.762124,37.806621],[-78.762238,37.807215],[-78.76196,37.80782],[-78.760632,37.808633],[-78.759798,37.809304],[-78.759172,37.810247],[-78.758051,37.812122],[-78.758031,37.812775],[-78.75836,37.813106],[-78.759682,37.813879],[-78.760329,37.814335],[-78.76146,37.815291],[-78.762302,37.816133],[-78.76298,37.816566],[-78.76382,37.816765],[-78.764534,37.8168],[-78.766949,37.816801],[-78.767694,37.816581],[-78.768977,37.815934],[-78.769663,37.815742],[-78.770284,37.815798],[-78.770918,37.816073],[-78.77157,37.816563],[-78.772139,37.817393],[-78.772154,37.818257],[-78.77165,37.819249],[-78.771731,37.819797],[-78.771933,37.820113],[-78.772651,37.820732],[-78.773806,37.821533],[-78.775559,37.822266],[-78.776602,37.822466],[-78.777779,37.822412],[-78.77871,37.822073],[-78.779201,37.822006],[-78.77987,37.822159],[-78.781589,37.823092],[-78.782371,37.823773],[-78.782921,37.824636],[-78.783464,37.825179],[-78.78405,37.825602],[-78.785506,37.826157],[-78.786906,37.827135],[-78.787974,37.828003],[-78.78847,37.828667],[-78.78843,37.829201],[-78.788159,37.829763],[-78.787481,37.830695],[-78.786962,37.831922],[-78.78695,37.832557],[-78.787091,37.833165],[-78.78764,37.834421],[-78.787754,37.835822],[-78.787977,37.836192],[-78.788209,37.835968],[-78.788337,37.835846],[-78.788867,37.834922],[-78.789031,37.832547],[-78.791174,37.832209],[-78.795434,37.830359],[-78.795815,37.828906],[-78.797123,37.827408],[-78.800745,37.825911],[-78.802447,37.825407],[-78.804411,37.825345],[-78.806543,37.825939],[-78.807525,37.825605],[-78.809114,37.823507],[-78.810826,37.822823],[-78.812794,37.821867],[-78.814474,37.820691],[-78.816472,37.82057],[-78.817869,37.819262],[-78.822932,37.816834],[-78.828093,37.815754],[-78.836095,37.811718],[-78.839862,37.809385],[-78.841396,37.808874],[-78.843777,37.809251],[-78.847123,37.808054],[-78.849023,37.808212],[-78.85006,37.809045],[-78.850345,37.811287],[-78.851911,37.812521],[-78.851981,37.813912],[-78.85215,37.814071],[-78.852955,37.814437],[-78.85493,37.814264],[-78.856811,37.816277],[-78.856387,37.819518],[-78.854794,37.821521],[-78.856261,37.821788],[-78.857868,37.822311],[-78.85963,37.821653],[-78.864676,37.818467],[-78.867889,37.816941],[-78.871486,37.815276],[-78.872776,37.814339],[-78.875465,37.810694],[-78.876864,37.807985],[-78.879248,37.804421],[-78.886985,37.798521],[-78.88957,37.797953],[-78.896398,37.79849],[-78.899349,37.798296],[-78.903342,37.798747],[-78.907556,37.800193],[-78.910539,37.80137],[-78.914899,37.803463],[-78.917258,37.804294],[-78.921566,37.80461],[-78.918746,37.817603],[-78.915423,37.833253],[-78.915142,37.835253],[-78.91326,37.837393],[-78.903617,37.8404],[-78.901255,37.842104],[-78.900551,37.842003],[-78.904525,37.848048],[-78.905902,37.849572],[-78.90637,37.852752],[-78.907378,37.852932],[-78.92282,37.851229],[-78.92215,37.852496],[-78.921114,37.853089],[-78.919679,37.852728],[-78.918109,37.853146],[-78.918457,37.854755],[-78.917109,37.854579],[-78.91749,37.855795],[-78.918672,37.856575],[-78.919469,37.857834],[-78.919902,37.860858],[-78.920704,37.862999],[-78.919293,37.86677],[-78.91883,37.867993],[-78.917837,37.869857],[-78.916304,37.871268],[-78.917838,37.872053],[-78.920058,37.872236],[-78.924418,37.872849],[-78.924487,37.872863],[-78.932473,37.874462],[-78.934421,37.874847],[-78.935295,37.874936],[-78.936328,37.87501],[-78.937396,37.875222],[-78.93873,37.875693],[-78.939418,37.875845],[-78.940645,37.875988],[-78.941737,37.876221],[-78.942401,37.87647],[-78.943536,37.876863],[-78.949304,37.878005],[-78.952876,37.878941],[-78.954345,37.879074],[-78.958445,37.878465],[-78.960929,37.879236],[-78.964261,37.88172],[-78.967821,37.882326],[-78.970548,37.883956],[-78.971508,37.885413],[-78.971714,37.888288],[-78.97299,37.889682],[-78.97377,37.894442],[-78.973289,37.895491],[-78.971948,37.896621],[-78.972378,37.898857],[-78.97143,37.901202],[-78.970797,37.902116],[-78.970261,37.904025],[-78.972559,37.904806],[-78.975613,37.904577],[-78.977324,37.903265],[-78.980835,37.902057],[-78.984979,37.901039],[-78.985157,37.901996],[-78.987246,37.898338],[-78.987469,37.895869],[-78.990046,37.894438],[-78.991618,37.892866],[-78.992864,37.891049],[-78.996078,37.888872],[-78.998447,37.888238],[-79.000789,37.885126],[-79.002997,37.884149],[-79.005129,37.88169],[-79.008082,37.882527],[-79.010099,37.88369],[-79.012833,37.88505],[-79.016472,37.888051],[-79.016334,37.889887],[-79.017624,37.892289],[-79.017225,37.89345],[-79.019519,37.893377],[-79.021636,37.892465],[-79.021943,37.892197],[-79.02555,37.892029],[-79.027136,37.89233],[-79.02748,37.892395],[-79.028283,37.892373],[-79.02996,37.892135],[-79.03062,37.892128],[-79.031412,37.892308],[-79.032169,37.892166],[-79.033404,37.892054],[-79.036537,37.892461],[-79.037824,37.891879],[-79.042986,37.891472],[-79.044552,37.890888],[-79.044436,37.892346],[-79.044919,37.895853],[-79.045688,37.897754],[-79.050182,37.899972],[-79.049511,37.903161],[-79.050342,37.907037],[-79.051364,37.908077],[-79.052233,37.910119],[-79.052255,37.912794],[-79.053138,37.912981],[-79.056808,37.912626],[-79.058378,37.914143],[-79.060002,37.915154],[-79.062283,37.91752],[-79.063807,37.917144],[-79.066915,37.9145],[-79.068848,37.913489],[-79.073572,37.913909],[-79.075039,37.914088],[-79.076006,37.914866],[-79.076401,37.915127],[-79.076887,37.915073],[-79.077263,37.914889],[-79.078307,37.913872],[-79.081724,37.913033],[-79.083525,37.912051],[-79.086578,37.91163],[-79.087708,37.911908],[-79.091223,37.910931],[-79.096279,37.908942],[-79.099121,37.907322],[-79.099745,37.906336],[-79.099674,37.904903],[-79.101301,37.903739],[-79.103065,37.903391],[-79.104306,37.902639],[-79.105948,37.902426],[-79.107226,37.903477],[-79.107916,37.903701],[-79.114026,37.902294],[-79.116086,37.90206],[-79.11875,37.900578],[-79.122698,37.895798],[-79.127315,37.895766],[-79.128405,37.89552],[-79.129352,37.895587],[-79.129576,37.895472],[-79.129917,37.895098],[-79.130494,37.894459],[-79.134002,37.892841],[-79.135754,37.892525],[-79.137467,37.891391],[-79.139495,37.891317],[-79.14224,37.890799],[-79.145936,37.888882],[-79.147494,37.889244],[-79.147473,37.890201],[-79.148877,37.89024],[-79.150635,37.892622],[-79.154742,37.891497],[-79.15739,37.891003],[-79.157432,37.891003],[-79.183978,37.914194],[-79.186763,37.915787],[-79.188868,37.916992],[-79.189182,37.917163],[-79.197214,37.92168],[-79.201303,37.923966],[-79.203182,37.925005],[-79.204637,37.925814],[-79.205773,37.926447],[-79.20624,37.926707],[-79.206604,37.926911],[-79.207044,37.927158],[-79.210017,37.928824],[-79.210085,37.928862],[-79.210304,37.928985],[-79.211992,37.929931],[-79.213099,37.930551],[-79.215716,37.932019],[-79.22342,37.936334],[-79.223947,37.936632],[-79.229341,37.931921],[-79.234853,37.927926],[-79.23976,37.924789],[-79.244064,37.921968],[-79.250524,37.91727],[-79.253148,37.915207],[-79.258121,37.910974],[-79.26985,37.90031],[-79.273365,37.896478],[-79.276006,37.892829],[-79.278866,37.889913],[-79.281434,37.888066],[-79.285608,37.885888],[-79.298077,37.880244],[-79.316617,37.871856],[-79.320889,37.870599],[-79.326268,37.869964],[-79.329303,37.869404],[-79.33186,37.868524],[-79.336691,37.865693],[-79.347884,37.858691],[-79.357937,37.853022],[-79.360338,37.851688],[-79.362796,37.849703],[-79.364162,37.847893],[-79.365988,37.84417],[-79.36851,37.841223],[-79.369483,37.840555],[-79.371698,37.839569],[-79.373823,37.838589],[-79.374535,37.838086],[-79.375012,37.837603],[-79.375821,37.836349],[-79.377275,37.833938],[-79.378741,37.832065],[-79.380481,37.830436],[-79.38725,37.825131],[-79.388311,37.824126],[-79.392936,37.818379],[-79.397992,37.813061],[-79.400868,37.808533],[-79.401616,37.807668],[-79.401421,37.807537],[-79.403318,37.805028],[-79.404428,37.803112],[-79.406155,37.801703],[-79.407264,37.799987],[-79.408883,37.798404],[-79.409081,37.797917],[-79.409663,37.797076],[-79.412535,37.794088],[-79.414018,37.791838],[-79.416253,37.790514],[-79.416567,37.789839],[-79.416645,37.789706],[-79.417525,37.789995],[-79.419007,37.790235],[-79.419284,37.790454],[-79.420208,37.790689],[-79.421608,37.790881],[-79.42172,37.791005],[-79.423112,37.791233],[-79.423579,37.791224],[-79.425784,37.791563],[-79.426762,37.791769],[-79.427317,37.792008],[-79.428194,37.793053],[-79.428457,37.793125],[-79.429039,37.79364],[-79.430431,37.793867],[-79.431646,37.793563],[-79.433133,37.793658],[-79.433284,37.793606],[-79.435986,37.794012],[-79.437123,37.794748],[-79.437368,37.794773],[-79.444152,37.792372],[-79.447606,37.791344],[-79.449274,37.791449],[-79.450218,37.792363],[-79.451185,37.792276],[-79.451646,37.79195],[-79.453328,37.793157],[-79.45409,37.792403],[-79.455583,37.79088],[-79.455987,37.791014],[-79.45666,37.791063],[-79.457594,37.789157],[-79.458387,37.789369],[-79.461582,37.786356],[-79.46157,37.785409],[-79.461551,37.783725],[-79.461543,37.783105],[-79.461407,37.783144],[-79.461225,37.783197],[-79.460361,37.783445],[-79.455673,37.779482],[-79.456651,37.778406],[-79.463918,37.77827],[-79.468711,37.775327],[-79.469486,37.774401],[-79.473027,37.772602],[-79.474977,37.772259],[-79.476195,37.773735],[-79.481287,37.773978],[-79.484633,37.773285],[-79.487913,37.772302],[-79.491685,37.772351],[-79.492592,37.771932],[-79.494922,37.769047],[-79.495486,37.767892],[-79.497117,37.766587],[-79.496538,37.764949],[-79.497043,37.763248],[-79.496703,37.761834],[-79.49538,37.760067],[-79.494479,37.759814],[-79.492069,37.760566],[-79.49114,37.759394],[-79.489328,37.758868],[-79.49042,37.756287],[-79.490427,37.755164],[-79.491795,37.753511],[-79.493771,37.751938],[-79.496112,37.749177],[-79.497527,37.749335],[-79.498924,37.750381],[-79.501408,37.749654],[-79.50339,37.746762],[-79.506044,37.745885],[-79.507457,37.744411],[-79.508424,37.744115],[-79.512568,37.74558],[-79.514032,37.745675],[-79.515231,37.745504],[-79.52513,37.746087],[-79.52596,37.745964],[-79.526453,37.745671],[-79.526484,37.74565],[-79.526595,37.745577],[-79.527478,37.745152],[-79.528661,37.744896],[-79.529284,37.744579],[-79.531086,37.74317],[-79.533122,37.742341],[-79.534952,37.742928],[-79.535408,37.743399],[-79.537833,37.743801],[-79.542629,37.742052],[-79.546653,37.739346],[-79.550837,37.736002],[-79.553257,37.733371],[-79.554113,37.731859],[-79.555056,37.717105],[-79.557835,37.713133],[-79.559898,37.71079],[-79.562604,37.708884],[-79.56525,37.707361],[-79.566199,37.706816],[-79.570484,37.703442],[-79.574124,37.698848],[-79.575353,37.695625],[-79.577792,37.690687],[-79.58003,37.686502],[-79.583012,37.684843],[-79.5864,37.683309],[-79.588056,37.68159],[-79.591558,37.680232],[-79.595099,37.678115],[-79.599898,37.67551],[-79.601602,37.673645],[-79.60378,37.670404],[-79.606981,37.669251],[-79.608966,37.66731],[-79.614479,37.664447],[-79.615601,37.663008],[-79.617828,37.661065],[-79.624762,37.655565],[-79.628567,37.651724],[-79.631472,37.648025],[-79.633282,37.645242],[-79.635363,37.641094],[-79.638821,37.634994],[-79.62821,37.62869],[-79.624596,37.626539],[-79.616329,37.621284],[-79.608748,37.616751],[-79.600054,37.611585],[-79.598976,37.610946],[-79.596522,37.609494],[-79.588922,37.604971],[-79.579026,37.599043],[-79.577842,37.598328],[-79.577608,37.598191],[-79.577474,37.598113],[-79.574137,37.596112],[-79.573917,37.595984],[-79.573231,37.595569],[-79.57421,37.594273],[-79.574125,37.594136],[-79.574106,37.59406],[-79.574154,37.593982],[-79.574184,37.593909],[-79.574274,37.593717],[-79.574315,37.593638],[-79.575073,37.591394],[-79.575324,37.588628],[-79.576265,37.584985],[-79.576667,37.58241],[-79.577972,37.580746],[-79.577692,37.580581],[-79.566132,37.573528],[-79.548151,37.562717],[-79.531891,37.552944],[-79.516836,37.543827],[-79.501224,37.534389],[-79.498699,37.532797],[-79.503174,37.529677],[-79.504926,37.529344],[-79.505567,37.52643],[-79.505383,37.524841],[-79.504425,37.521714],[-79.504681,37.520832],[-79.508091,37.517778],[-79.510581,37.517338],[-79.514217,37.516581],[-79.516717,37.513796],[-79.517334,37.511498],[-79.518941,37.508447],[-79.520529,37.508083],[-79.521857,37.507859],[-79.523262,37.507622],[-79.523818,37.507529],[-79.52469,37.507379],[-79.527523,37.505926],[-79.530941,37.506513],[-79.533122,37.505258],[-79.534317,37.501811],[-79.536937,37.5012],[-79.538261,37.498974],[-79.537905,37.497159],[-79.538645,37.495689],[-79.541095,37.494264],[-79.54307,37.492423],[-79.545551,37.489512],[-79.546351,37.489194],[-79.548907,37.492037],[-79.549148,37.492739],[-79.550197,37.495181],[-79.552252,37.495571],[-79.553993,37.497225],[-79.555176,37.499061],[-79.555992,37.498163],[-79.558956,37.496422],[-79.559979,37.49502],[-79.560457,37.493546],[-79.562027,37.493006],[-79.563141,37.490393],[-79.564739,37.489],[-79.567365,37.487717],[-79.568047,37.484997],[-79.569205,37.484141],[-79.569298,37.482844],[-79.573348,37.480359],[-79.575031,37.478418],[-79.578428,37.473548],[-79.580079,37.473291],[-79.581111,37.472396],[-79.580483,37.468634],[-79.580454,37.468117],[-79.582648,37.465445],[-79.583201,37.463466],[-79.581641,37.460822],[-79.581644,37.459428],[-79.582279,37.45844],[-79.580701,37.455603],[-79.58256,37.452831],[-79.582745,37.451878],[-79.58476,37.451067],[-79.586072,37.450977],[-79.588,37.449802],[-79.589738,37.449464],[-79.592017,37.449532],[-79.593707,37.448864],[-79.595518,37.449502],[-79.597393,37.450753],[-79.598881,37.451236],[-79.601592,37.453261],[-79.602178,37.453533],[-79.602597,37.455373],[-79.606836,37.455104],[-79.609316,37.455679],[-79.610104,37.456443],[-79.612119,37.456606],[-79.613999,37.456309],[-79.6163,37.45732],[-79.616778,37.457983],[-79.619678,37.457514],[-79.62365,37.455455],[-79.626124,37.455284],[-79.626582,37.454417],[-79.628162,37.453604],[-79.631533,37.455277],[-79.631948,37.456069],[-79.634206,37.457021],[-79.636517,37.460094],[-79.638409,37.461435],[-79.638059,37.462856],[-79.638987,37.464844],[-79.638605,37.465897],[-79.640013,37.467316],[-79.639407,37.468425],[-79.63977,37.471097],[-79.641697,37.472047],[-79.641796,37.472182],[-79.643039,37.4731],[-79.643541,37.474376],[-79.6457,37.475227],[-79.646402,37.476754],[-79.648393,37.477314],[-79.652032,37.480624],[-79.653258,37.481023],[-79.653498,37.481959],[-79.655866,37.482532],[-79.658798,37.48501],[-79.664882,37.483046],[-79.668672,37.483373],[-79.669037,37.48327],[-79.670884,37.483632],[-79.675038,37.483008],[-79.67662,37.483642],[-79.678222,37.482739],[-79.678696,37.481138],[-79.680489,37.480117],[-79.682911,37.479487],[-79.685719,37.478171],[-79.686238,37.477602],[-79.69006,37.476374],[-79.692093,37.474322],[-79.692145,37.474252],[-79.693965,37.472551],[-79.695164,37.470945],[-79.695172,37.470766],[-79.695178,37.470756],[-79.695179,37.470736],[-79.695271,37.470591],[-79.695353,37.470519],[-79.695695,37.470454],[-79.697574,37.468879],[-79.69826,37.467642],[-79.699674,37.46635],[-79.699712,37.466313],[-79.699853,37.466175],[-79.701982,37.464234],[-79.704588,37.462418],[-79.705774,37.460334],[-79.707789,37.459611],[-79.710147,37.459694],[-79.710788,37.458713],[-79.7103,37.456952],[-79.711362,37.455125],[-79.713919,37.452995],[-79.714142,37.452705],[-79.714253,37.452625],[-79.714557,37.452554],[-79.71489,37.452499],[-79.715065,37.452505],[-79.715907,37.452569],[-79.717199,37.451536],[-79.718515,37.450447],[-79.719076,37.448957],[-79.720973,37.44867],[-79.72633,37.445378],[-79.726332,37.445349],[-79.726371,37.445184],[-79.726404,37.445023],[-79.726411,37.444992],[-79.726674,37.444823],[-79.72727,37.444609],[-79.727836,37.444379],[-79.728098,37.444403],[-79.730935,37.443344],[-79.730872,37.442993],[-79.732068,37.44195],[-79.734448,37.441331],[-79.734605,37.441461],[-79.7349,37.441303],[-79.735015,37.441025],[-79.736278,37.440084],[-79.737986,37.437902],[-79.739757,37.437041],[-79.740721,37.437083],[-79.741119,37.436613],[-79.741661,37.435713],[-79.743474,37.434755],[-79.74518,37.434336],[-79.746856,37.432572],[-79.749095,37.431875],[-79.751801,37.431704],[-79.752313,37.43012],[-79.753881,37.428648],[-79.756185,37.425384],[-79.757369,37.424743],[-79.758745,37.423943],[-79.759801,37.423975],[-79.761241,37.424103],[-79.762841,37.423703],[-79.764153,37.423111],[-79.764825,37.422487],[-79.766057,37.421735],[-79.767161,37.420775],[-79.768185,37.419559],[-79.768713,37.419303],[-79.770905,37.418663],[-79.772153,37.417751],[-79.774329,37.416887],[-79.775321,37.416215],[-79.777722,37.415591],[-79.778777,37.415255],[-79.780074,37.414631],[-79.783161,37.412551],[-79.783834,37.412199],[-79.785434,37.411575],[-79.786615,37.410957],[-79.79049,37.40879],[-79.795946,37.408934],[-79.797562,37.409174],[-79.799434,37.408886],[-79.804074,37.407462],[-79.806218,37.407078],[-79.807498,37.405574],[-79.809418,37.40503],[-79.811179,37.405142],[-79.814203,37.403654],[-79.813451,37.401894],[-79.811322,37.400102],[-79.810106,37.399014],[-79.807813,37.397697],[-79.804618,37.39655],[-79.805018,37.394102],[-79.80473,37.392486],[-79.803369,37.390982],[-79.801706,37.39015],[-79.799129,37.386774],[-79.797685,37.385236],[-79.797385,37.385158],[-79.795577,37.384201],[-79.792809,37.383014],[-79.793401,37.381654],[-79.792185,37.380822],[-79.786073,37.382262],[-79.778616,37.381783],[-79.777304,37.381191],[-79.776488,37.380167],[-79.775352,37.377319],[-79.776208,37.375096],[-79.776056,37.374023],[-79.777672,37.372871],[-79.779208,37.370823],[-79.781048,37.370727],[-79.78332,37.36919],[-79.783472,37.367752],[-79.784623,37.365928],[-79.784399,37.364472],[-79.785023,37.363288],[-79.784568,37.362182],[-79.785799,37.36167],[-79.786655,37.359128],[-79.786207,37.357],[-79.786351,37.354569],[-79.787855,37.352457],[-79.788151,37.351116],[-79.788679,37.34935],[-79.791255,37.34759],[-79.795319,37.34503],[-79.797927,37.345078],[-79.801944,37.343414],[-79.804695,37.341126],[-79.805303,37.339958],[-79.807128,37.33935],[-79.810759,37.33527],[-79.812805,37.33449],[-79.813751,37.333622],[-79.820209,37.33103],[-79.821799,37.329957],[-79.824152,37.329253],[-79.830312,37.325349],[-79.832728,37.324965],[-79.835864,37.323157],[-79.8362,37.321925],[-79.837912,37.321669],[-79.840408,37.319365],[-79.841848,37.319109],[-79.844198,37.31775],[-79.844607,37.315177],[-79.845304,37.313877],[-79.844696,37.313029],[-79.845624,37.312133],[-79.847476,37.309352],[-79.857699,37.320408],[-79.858187,37.314627],[-79.859371,37.312432],[-79.861175,37.310907],[-79.865784,37.30741],[-79.867894,37.305159],[-79.869096,37.303423],[-79.870681,37.300406],[-79.872792,37.298557],[-79.873206,37.297072],[-79.879245,37.294973],[-79.87855,37.29189],[-79.880444,37.290579],[-79.880498,37.287843],[-79.882873,37.285843],[-79.884236,37.283686],[-79.884588,37.283748],[-79.887176,37.284208],[-79.889825,37.284262],[-79.889885,37.284269],[-79.890449,37.283929],[-79.891814,37.284061],[-79.894094,37.284912],[-79.894291,37.28497],[-79.896425,37.283436],[-79.89893,37.283172],[-79.900283,37.283964],[-79.901367,37.284604],[-79.90214,37.284061],[-79.902622,37.282428],[-79.903624,37.281651],[-79.903882,37.281965],[-79.904462,37.282671],[-79.905029,37.28336],[-79.905605,37.284062],[-79.906074,37.284593],[-79.907722,37.283551],[-79.908771,37.283223],[-79.909834,37.28288],[-79.909878,37.282884],[-79.910323,37.282917],[-79.910399,37.282462],[-79.91041,37.28241],[-79.910935,37.282462],[-79.912094,37.282011],[-79.914077,37.281511],[-79.915046,37.281314],[-79.915971,37.281077],[-79.916308,37.281108],[-79.917648,37.280756],[-79.917667,37.28075],[-79.917784,37.280719],[-79.917814,37.280626],[-79.917889,37.28043],[-79.917995,37.279714],[-79.917959,37.279503],[-79.917954,37.279469],[-79.917918,37.279267],[-79.917771,37.27909],[-79.917731,37.279071],[-79.917372,37.278906],[-79.917145,37.278964],[-79.915519,37.279479],[-79.912154,37.2781],[-79.910631,37.278289],[-79.909028,37.27759],[-79.908559,37.276523],[-79.907469,37.275463],[-79.907422,37.275336],[-79.907393,37.275258],[-79.906085,37.27347],[-79.905493,37.272775],[-79.904338,37.271087],[-79.9042,37.270513],[-79.904022,37.268789],[-79.903912,37.268426],[-79.904218,37.267371],[-79.904309,37.267212],[-79.904671,37.266607],[-79.904827,37.266354],[-79.904886,37.266259],[-79.905032,37.266023],[-79.90513,37.265862],[-79.905218,37.265722],[-79.901071,37.264831],[-79.901086,37.263039],[-79.902584,37.262086],[-79.905119,37.261927],[-79.906609,37.26284],[-79.907955,37.262407],[-79.908549,37.261624],[-79.90919,37.260776],[-79.906232,37.25883],[-79.90531,37.25818],[-79.903967,37.257351],[-79.903609,37.257394],[-79.901236,37.257842],[-79.900492,37.257573],[-79.900048,37.257297],[-79.901779,37.254523],[-79.903209,37.253063],[-79.903848,37.252095],[-79.905096,37.251825],[-79.905231,37.248691],[-79.905429,37.248208],[-79.90719,37.248472],[-79.907731,37.246583],[-79.905097,37.244633],[-79.911072,37.243183],[-79.912491,37.242846],[-79.913198,37.242686],[-79.917355,37.241737],[-79.919301,37.241295],[-79.919785,37.240761],[-79.921257,37.23895],[-79.920979,37.238644],[-79.921944,37.235517],[-79.921103,37.23509],[-79.921304,37.233919],[-79.922454,37.233485],[-79.920639,37.232713],[-79.920669,37.232647],[-79.921429,37.230749],[-79.921213,37.230085],[-79.922076,37.230235],[-79.923423,37.230085],[-79.924052,37.227057],[-79.924496,37.224634],[-79.925457,37.224347],[-79.926766,37.223885],[-79.926638,37.222856],[-79.929166,37.222245],[-79.929328,37.22302],[-79.92956,37.224011],[-79.932369,37.224122],[-79.93302,37.224373],[-79.932535,37.225429],[-79.936217,37.227136],[-79.938683,37.226649],[-79.94118,37.224805],[-79.942562,37.224231],[-79.945262,37.221731],[-79.946282,37.218171],[-79.945616,37.216205],[-79.946817,37.213037],[-79.949034,37.212279],[-79.954282,37.211899],[-79.955684,37.212817],[-79.957781,37.21272],[-79.958424,37.213501],[-79.958763,37.213916],[-79.958885,37.213853],[-79.960369,37.215448],[-79.963939,37.217843],[-79.966532,37.219848],[-79.967151,37.220596],[-79.967745,37.221571],[-79.968015,37.222202],[-79.968799,37.224123],[-79.96938,37.225468],[-79.97049,37.227799],[-79.971437,37.229567],[-79.973967,37.231265],[-79.976227,37.229396],[-79.976953,37.228829],[-79.977457,37.228453],[-79.978025,37.228046],[-79.979299,37.227179],[-79.979724,37.226888],[-79.981765,37.225141],[-79.982939,37.224329],[-79.984018,37.223922],[-79.984519,37.223814],[-79.984729,37.223168],[-79.985961,37.221874],[-79.986224,37.220553],[-79.986419,37.21919],[-79.985937,37.217326],[-79.987903,37.21737],[-79.988512,37.216489],[-79.993762,37.211592],[-79.994938,37.210447],[-79.995693,37.208904],[-79.998232,37.20095],[-79.998688,37.20075],[-79.999828,37.2028],[-80.000831,37.20422],[-80.00247,37.204173],[-80.005348,37.203516],[-80.007109,37.204032],[-80.008658,37.206],[-80.00967,37.208053],[-80.011094,37.209639],[-80.012925,37.211446],[-80.01387,37.213394],[-80.017026,37.212008],[-80.017848,37.211386],[-80.019555,37.212533],[-80.020285,37.212791],[-80.022493,37.210499],[-80.024513,37.207916],[-80.025788,37.204131],[-80.027657,37.202895],[-80.030985,37.202529],[-80.033831,37.20116],[-80.03363,37.200789],[-80.030011,37.199232],[-80.028846,37.198428],[-80.028116,37.197701],[-80.028059,37.195442],[-80.030976,37.195807],[-80.033988,37.194636],[-80.038103,37.192486],[-80.040349,37.19212],[-80.041458,37.191257],[-80.042794,37.186767],[-80.042978,37.184672],[-80.045386,37.183142],[-80.046246,37.181919],[-80.046335,37.181345],[-80.049836,37.179579],[-80.047674,37.179751],[-80.045489,37.177771],[-80.045491,37.175574],[-80.044944,37.173765],[-80.043887,37.173845],[-80.043682,37.171617],[-80.043153,37.172053],[-80.041238,37.171969],[-80.04108,37.170727],[-80.041832,37.17034],[-80.041577,37.169312],[-80.042664,37.169129],[-80.040421,37.168197],[-80.042668,37.16782],[-80.044211,37.167216],[-80.044604,37.166814],[-80.047204,37.166401],[-80.047841,37.166152],[-80.048925,37.166108],[-80.051327,37.165101],[-80.053241,37.165409],[-80.055059,37.164923],[-80.056657,37.165407],[-80.059499,37.16498],[-80.06105,37.165151],[-80.064007,37.164146],[-80.065612,37.163906],[-80.067523,37.162433],[-80.070274,37.161608],[-80.072358,37.161285],[-80.073511,37.159942],[-80.07383,37.157689],[-80.075107,37.157126],[-80.07739,37.15751],[-80.078363,37.159779],[-80.079184,37.161094],[-80.080322,37.161589],[-80.082765,37.160908],[-80.083665,37.16118],[-80.086024,37.162],[-80.088244,37.160322],[-80.088138,37.159048],[-80.090416,37.156957],[-80.090077,37.152811],[-80.090013,37.152616],[-80.090361,37.152571],[-80.092115,37.151821],[-80.094788,37.151434],[-80.09638,37.15162],[-80.098804,37.150002],[-80.100648,37.150755],[-80.101627,37.150948],[-80.103019,37.150126],[-80.104396,37.150326],[-80.105478,37.148583],[-80.107166,37.148045],[-80.107378,37.144111],[-80.108408,37.143213],[-80.10698,37.140924],[-80.106859,37.138266],[-80.107955,37.136992],[-80.11014,37.135886],[-80.111531,37.134552],[-80.112983,37.134322],[-80.115243,37.132976],[-80.117417,37.13206],[-80.11789,37.130554],[-80.12009,37.130871],[-80.122166,37.131736],[-80.122586,37.131414],[-80.121963,37.128814],[-80.122299,37.127841],[-80.125914,37.124498],[-80.126904,37.124414],[-80.128674,37.122901],[-80.127685,37.123084],[-80.1253,37.122507],[-80.123119,37.119707],[-80.122453,37.117219],[-80.123896,37.115342],[-80.123579,37.114041],[-80.121356,37.111678],[-80.121308,37.111137],[-80.122979,37.110447],[-80.124077,37.10882],[-80.12223,37.105997],[-80.120024,37.104562],[-80.11694,37.10097],[-80.114687,37.098977],[-80.113024,37.098109],[-80.112701,37.095419],[-80.112361,37.094848],[-80.112343,37.094843],[-80.112324,37.094838],[-80.112313,37.094835],[-80.112133,37.094785],[-80.112166,37.094672],[-80.112173,37.094649],[-80.112184,37.09461],[-80.112278,37.094601],[-80.11229,37.0946],[-80.112307,37.094598],[-80.112326,37.094596],[-80.112348,37.094594],[-80.112409,37.094588],[-80.112422,37.094587],[-80.11562,37.091335],[-80.115787,37.090198],[-80.113724,37.088747],[-80.113818,37.08798],[-80.112775,37.087009],[-80.109769,37.085829],[-80.111583,37.084152],[-80.111542,37.082088],[-80.11074,37.081389],[-80.108815,37.079922],[-80.10822,37.078006],[-80.108792,37.077359],[-80.109294,37.076888],[-80.108888,37.074607],[-80.107667,37.073256],[-80.108492,37.072847],[-80.109676,37.070653],[-80.111018,37.069718],[-80.111172,37.069611],[-80.112747,37.068456],[-80.112518,37.066145],[-80.112588,37.065665],[-80.112935,37.065471],[-80.113337,37.065247],[-80.114856,37.064591],[-80.115502,37.064667],[-80.117061,37.064871],[-80.118056,37.064306],[-80.119224,37.062666],[-80.122234,37.057624],[-80.122775,37.0561],[-80.122238,37.054526],[-80.120927,37.053634],[-80.119313,37.051981],[-80.120222,37.050946],[-80.120422,37.05075],[-80.120231,37.050257],[-80.119485,37.049507],[-80.117298,37.04875],[-80.116677,37.048963],[-80.116529,37.049014],[-80.115844,37.048835],[-80.11553,37.048652],[-80.115426,37.048536],[-80.114545,37.047552],[-80.114279,37.04756],[-80.114162,37.047564],[-80.112769,37.04724],[-80.111808,37.045874],[-80.113442,37.043526],[-80.113981,37.04152],[-80.114379,37.040378],[-80.112914,37.038485],[-80.111566,37.037496],[-80.111087,37.036438],[-80.111466,37.035155],[-80.111606,37.031163],[-80.109614,37.029292],[-80.109265,37.028989],[-80.10634,37.028601],[-80.105325,37.027719],[-80.104413,37.026449],[-80.105305,37.025539],[-80.106492,37.025292],[-80.110226,37.025307],[-80.110785,37.025306],[-80.113864,37.024998],[-80.117142,37.025145],[-80.116299,37.024206],[-80.11542,37.023675],[-80.11484,37.023338],[-80.113902,37.021059],[-80.112608,37.019336],[-80.112907,37.018255],[-80.114352,37.017621],[-80.116711,37.017822],[-80.116683,37.017337],[-80.112851,37.014759],[-80.112593,37.013822],[-80.116296,37.011354],[-80.115906,37.010586],[-80.114425,37.010324],[-80.113542,37.009215],[-80.115309,37.008938],[-80.115716,37.008132],[-80.11804,37.007226],[-80.120225,37.008144],[-80.121465,37.008261],[-80.122917,37.006198],[-80.123106,37.004779],[-80.124762,37.004954],[-80.126114,37.004273],[-80.128035,37.004557],[-80.130199,37.006738],[-80.133723,37.006061],[-80.135867,37.004085],[-80.134337,37.002422],[-80.135213,37.000448],[-80.135682,36.999187],[-80.135885,36.998003],[-80.135774,36.997069],[-80.135429,36.996213],[-80.134981,36.99632],[-80.134157,36.996823],[-80.133412,36.99703],[-80.132523,36.997053],[-80.131399,36.996864],[-80.130839,36.996153],[-80.13029,36.995911],[-80.129712,36.995817],[-80.128605,36.995818],[-80.126538,36.996131],[-80.125741,36.996365],[-80.125397,36.996286],[-80.124761,36.995742],[-80.124124,36.994855],[-80.123742,36.994416],[-80.123225,36.99386],[-80.122409,36.992953],[-80.122025,36.992544],[-80.121623,36.992108],[-80.121525,36.991054],[-80.123772,36.990168],[-80.128259,36.988984],[-80.128441,36.988924],[-80.130829,36.988034],[-80.132117,36.987059],[-80.134591,36.986674],[-80.137641,36.985811],[-80.138118,36.983876],[-80.137484,36.983079],[-80.13882,36.982715],[-80.140147,36.981393],[-80.142821,36.980637],[-80.143946,36.980188],[-80.143085,36.97898],[-80.142457,36.978502],[-80.141894,36.974311],[-80.140237,36.973269],[-80.138809,36.971787],[-80.139539,36.970786],[-80.138668,36.969266],[-80.136707,36.96781],[-80.136188,36.965481],[-80.13445,36.965085],[-80.13614,36.963459],[-80.138872,36.963843],[-80.139626,36.963912],[-80.139902,36.963849],[-80.139969,36.963648],[-80.13978,36.963397],[-80.139773,36.963387],[-80.139218,36.961267],[-80.142135,36.958715],[-80.143642,36.957736],[-80.144467,36.955738],[-80.145517,36.954635],[-80.145359,36.953279],[-80.143999,36.952417],[-80.143988,36.95132],[-80.144809,36.949532],[-80.145844,36.949578],[-80.14812,36.950891],[-80.149845,36.950977],[-80.151888,36.951709],[-80.153712,36.949903],[-80.153605,36.948977],[-80.155001,36.948323],[-80.158095,36.948636],[-80.158239,36.948672],[-80.158283,36.948683],[-80.158589,36.948846],[-80.158928,36.949122],[-80.159477,36.949709],[-80.159917,36.950313],[-80.160371,36.951021],[-80.160969,36.951888],[-80.161291,36.952245],[-80.161669,36.952447],[-80.161814,36.952613],[-80.16182,36.952948],[-80.16182,36.952963],[-80.16182,36.952975],[-80.161821,36.953013],[-80.161822,36.953044],[-80.161823,36.953079],[-80.161827,36.953262],[-80.161829,36.953508],[-80.161665,36.954805],[-80.16355,36.954307],[-80.165111,36.954897],[-80.169671,36.953775],[-80.172041,36.953449],[-80.173752,36.952409],[-80.175886,36.950246],[-80.178071,36.946769],[-80.177914,36.946369],[-80.177513,36.945646],[-80.179292,36.942332],[-80.180801,36.941853],[-80.181581,36.942215],[-80.181609,36.942216],[-80.181691,36.942196],[-80.181922,36.941861],[-80.182272,36.941573],[-80.182453,36.941488],[-80.182592,36.941391],[-80.183319,36.941512],[-80.184017,36.940192],[-80.184834,36.939707],[-80.184692,36.938439],[-80.184771,36.9374],[-80.184374,36.936808],[-80.182841,36.934745],[-80.184873,36.934068],[-80.186576,36.93349],[-80.186952,36.932246],[-80.187024,36.930265],[-80.189077,36.929898],[-80.189367,36.929795],[-80.189396,36.929784],[-80.189437,36.929769],[-80.189672,36.92958],[-80.189695,36.929517],[-80.1897,36.929503],[-80.189713,36.929468],[-80.189783,36.92928],[-80.189833,36.9288],[-80.189445,36.92664],[-80.19064,36.92532],[-80.190572,36.924048],[-80.191442,36.923274],[-80.191969,36.921756],[-80.194325,36.920697],[-80.197671,36.921199],[-80.197818,36.920693],[-80.198399,36.910161],[-80.198697,36.904748],[-80.198716,36.904341],[-80.198854,36.901524],[-80.206027,36.895824],[-80.223202,36.882144],[-80.223292,36.882071],[-80.225327,36.880444],[-80.231988,36.875134],[-80.235455,36.87213],[-80.238976,36.872078],[-80.239368,36.870493],[-80.242002,36.869915],[-80.245698,36.870458],[-80.246423,36.869993],[-80.248812,36.869917],[-80.251339,36.870664],[-80.253491,36.870565],[-80.254329,36.869045],[-80.253937,36.866532],[-80.255234,36.864671],[-80.26148,36.863903],[-80.263933,36.863426],[-80.264673,36.862131],[-80.268845,36.862826],[-80.269569,36.862081],[-80.270292,36.859893],[-80.271918,36.859255],[-80.27277,36.859436],[-80.274093,36.861831],[-80.277356,36.86162],[-80.27787,36.860908],[-80.279855,36.86094],[-80.279875,36.860363],[-80.280092,36.859695],[-80.280469,36.859386],[-80.280959,36.859247],[-80.2817,36.859299],[-80.286446,36.858209],[-80.286987,36.858158],[-80.287421,36.858542],[-80.287547,36.85893],[-80.287637,36.85917],[-80.287809,36.85925],[-80.288041,36.859233],[-80.288447,36.85877],[-80.288573,36.858621],[-80.28999,36.857579],[-80.291222,36.855863],[-80.291412,36.854821],[-80.29061,36.853681],[-80.291139,36.852356],[-80.292523,36.852108],[-80.293521,36.851842],[-80.292738,36.850009],[-80.294491,36.849975],[-80.294064,36.848229],[-80.294409,36.847652],[-80.295973,36.847831],[-80.296673,36.847156],[-80.29818,36.84627],[-80.300482,36.84585],[-80.30141,36.844601],[-80.304862,36.843158],[-80.305465,36.842141],[-80.305975,36.843098],[-80.307326,36.843642],[-80.307948,36.843794],[-80.309735,36.844277],[-80.311136,36.843843],[-80.311789,36.843554],[-80.3151,36.843596],[-80.315285,36.843733],[-80.317297,36.843729],[-80.317488,36.843663],[-80.317567,36.843589],[-80.318204,36.843],[-80.321006,36.84082],[-80.321496,36.837571],[-80.326273,36.836563],[-80.32692,36.836507],[-80.328187,36.833953],[-80.327605,36.833278],[-80.326919,36.83234],[-80.328395,36.830759],[-80.329781,36.830911],[-80.334282,36.83192],[-80.335125,36.83219],[-80.336062,36.832738],[-80.338181,36.832419],[-80.341953,36.833249],[-80.344295,36.832276],[-80.345263,36.831013],[-80.345825,36.830037],[-80.343596,36.828276],[-80.343429,36.825529],[-80.34185,36.823863],[-80.341635,36.820227],[-80.34309,36.817494],[-80.344456,36.815873],[-80.344442,36.813471],[-80.345776,36.81286],[-80.345953,36.812825],[-80.346156,36.812736],[-80.346285,36.812614],[-80.346304,36.812404],[-80.346322,36.812207],[-80.346707,36.811854],[-80.347049,36.811909],[-80.34899,36.811985],[-80.350245,36.810629],[-80.349951,36.808973],[-80.350905,36.808314],[-80.354247,36.807262],[-80.356145,36.805912],[-80.358355,36.805851],[-80.360351,36.805266],[-80.361599,36.80309],[-80.365044,36.804041],[-80.366193,36.804271],[-80.36813,36.803382],[-80.368454,36.803145],[-80.368685,36.803136],[-80.369248,36.803056],[-80.371032,36.80279],[-80.372483,36.803177],[-80.374332,36.804517],[-80.378677,36.802548],[-80.3796,36.801347],[-80.380896,36.799769],[-80.382269,36.799032],[-80.384627,36.798554],[-80.385373,36.798658],[-80.386909,36.797676],[-80.387062,36.796522],[-80.387908,36.795054],[-80.388162,36.794792],[-80.388075,36.793648],[-80.38895,36.792984],[-80.390928,36.792613],[-80.390508,36.789855],[-80.387787,36.787961],[-80.385421,36.785235],[-80.385605,36.783249],[-80.38735,36.78247],[-80.390254,36.780835],[-80.391672,36.77971],[-80.391998,36.77609],[-80.39099,36.774976],[-80.390542,36.774579],[-80.387834,36.773697],[-80.387884,36.773366],[-80.387766,36.772228],[-80.387778,36.771978],[-80.387263,36.770605],[-80.387659,36.769959],[-80.39098,36.768664],[-80.393139,36.767318],[-80.395165,36.765352],[-80.397377,36.764327],[-80.397703,36.762287],[-80.397357,36.761306],[-80.397722,36.758991],[-80.39748,36.75726],[-80.398443,36.75624],[-80.39708,36.755738],[-80.397272,36.753134],[-80.39647,36.751252],[-80.393797,36.749343],[-80.393179,36.74834],[-80.395791,36.746484],[-80.394658,36.744867],[-80.398426,36.742792],[-80.400163,36.742599],[-80.402124,36.743726],[-80.404334,36.744303],[-80.405752,36.743034],[-80.406129,36.74254],[-80.409332,36.742676],[-80.411719,36.741844],[-80.415083,36.742966],[-80.419622,36.742492],[-80.420726,36.743716],[-80.423409,36.743434],[-80.425766,36.744203],[-80.428115,36.743366],[-80.430724,36.74335],[-80.432544,36.743646],[-80.433608,36.745263],[-80.438846,36.74646],[-80.443055,36.747863],[-80.443794,36.747859],[-80.44705,36.745577],[-80.449264,36.745087],[-80.451812,36.743069],[-80.452709,36.741723],[-80.455672,36.73916],[-80.457761,36.739212],[-80.458572,36.738359],[-80.455546,36.735309],[-80.452688,36.733081],[-80.452573,36.732531],[-80.452542,36.731305],[-80.45344,36.72903],[-80.456376,36.729012],[-80.456339,36.727203],[-80.456863,36.726603],[-80.461502,36.72491],[-80.462564,36.717893],[-80.46404,36.716592],[-80.463803,36.713791],[-80.464061,36.712498],[-80.46418,36.708718],[-80.462496,36.707572],[-80.459159,36.707399],[-80.457063,36.706588],[-80.455244,36.705356],[-80.454626,36.70435],[-80.453879,36.700317],[-80.455959,36.699577],[-80.457187,36.698487],[-80.45811,36.696526],[-80.458197,36.694443],[-80.459908,36.693713],[-80.460343,36.692249],[-80.459977,36.690482],[-80.460104,36.688107],[-80.461459,36.686693],[-80.462029,36.684719],[-80.46373,36.681394],[-80.463304,36.679122],[-80.464856,36.677751],[-80.464898,36.677731],[-80.465106,36.677617],[-80.465244,36.67743],[-80.465351,36.677107],[-80.465428,36.676759],[-80.465484,36.676363],[-80.465559,36.675862],[-80.465692,36.675158],[-80.465785,36.674471],[-80.465788,36.674365],[-80.466011,36.673072],[-80.46705,36.672543],[-80.468166,36.672237],[-80.468386,36.672175],[-80.469502,36.671758],[-80.470356,36.670243],[-80.471294,36.669574],[-80.471318,36.669567],[-80.471686,36.669459],[-80.47183,36.669414],[-80.472114,36.669327],[-80.472472,36.669155],[-80.47274,36.669024],[-80.473068,36.66882],[-80.47314,36.668766],[-80.473252,36.668681],[-80.476898,36.667512],[-80.478673,36.667411],[-80.479213,36.666054],[-80.479722,36.66566],[-80.480635,36.664895],[-80.482157,36.665145],[-80.482758,36.665409],[-80.484429,36.665969],[-80.485052,36.665533],[-80.485826,36.664769],[-80.486677,36.663104],[-80.488421,36.662379],[-80.489307,36.661633],[-80.488875,36.659261],[-80.489638,36.657738],[-80.488714,36.655895],[-80.487709,36.655335],[-80.487336,36.653795],[-80.487852,36.651749],[-80.489105,36.650287],[-80.491216,36.652696],[-80.494043,36.652469],[-80.495101,36.652811],[-80.496655,36.654139],[-80.499228,36.655287],[-80.500701,36.656551],[-80.502468,36.656012],[-80.503333,36.655247],[-80.503537,36.65516],[-80.503591,36.655137],[-80.503633,36.655119],[-80.503907,36.655002],[-80.503997,36.654959],[-80.504007,36.654954],[-80.504049,36.654934],[-80.504115,36.654903],[-80.504512,36.654715],[-80.504769,36.654495],[-80.504786,36.654466],[-80.504955,36.654179],[-80.504932,36.653957],[-80.505461,36.652722],[-80.509105,36.651526],[-80.510362,36.651484],[-80.514174,36.648938],[-80.51657,36.649807],[-80.517239,36.649531],[-80.519144,36.647314],[-80.522109,36.646359],[-80.523354,36.645626],[-80.523893,36.645211],[-80.525801,36.644119],[-80.52696,36.644897],[-80.528136,36.645901],[-80.530237,36.645416],[-80.531357,36.645235],[-80.532919,36.64375],[-80.53425,36.643034],[-80.535763,36.642993],[-80.536632,36.642083],[-80.536842,36.641563],[-80.539047,36.641029],[-80.541149,36.641258],[-80.544644,36.64261],[-80.547617,36.642938],[-80.549872,36.642479],[-80.550099,36.64303],[-80.550994,36.644348],[-80.55008,36.646241],[-80.5498,36.646688],[-80.550175,36.648367],[-80.550533,36.648938],[-80.551433,36.649435],[-80.551456,36.649448],[-80.551655,36.649558],[-80.551765,36.649619],[-80.552007,36.649843],[-80.552021,36.649865],[-80.552028,36.649876],[-80.552044,36.649902],[-80.552054,36.649919],[-80.552073,36.64995],[-80.552109,36.650009],[-80.552312,36.650341],[-80.552497,36.650783],[-80.55251,36.650992],[-80.552432,36.651154],[-80.552382,36.651231],[-80.552375,36.651241],[-80.552353,36.651276],[-80.552282,36.651303],[-80.552272,36.651315],[-80.552383,36.652013],[-80.553479,36.652983],[-80.554589,36.653081],[-80.555403,36.653479],[-80.557711,36.651726],[-80.557882,36.651593],[-80.557892,36.651585],[-80.558131,36.651399],[-80.558312,36.651355],[-80.558328,36.651351],[-80.5584,36.651333],[-80.558534,36.651316],[-80.558558,36.651313],[-80.558679,36.651298],[-80.559109,36.651359],[-80.559297,36.65144],[-80.559314,36.651447],[-80.559345,36.65146],[-80.559362,36.651468],[-80.559376,36.651474],[-80.559474,36.651517],[-80.560958,36.65198],[-80.561488,36.651744],[-80.56489,36.652523],[-80.564001,36.653833],[-80.5655,36.655912],[-80.565591,36.656026],[-80.566438,36.657013],[-80.568322,36.657162],[-80.568844,36.65687],[-80.569797,36.656501],[-80.571965,36.657792],[-80.573652,36.658777],[-80.573757,36.658857],[-80.576894,36.66136],[-80.579055,36.662118],[-80.580036,36.662467],[-80.585568,36.662689],[-80.589431,36.662624],[-80.590255,36.66255],[-80.594947,36.661372],[-80.594566,36.660854],[-80.591767,36.657226],[-80.592857,36.65498],[-80.594976,36.654535],[-80.596707,36.652503],[-80.598708,36.651317],[-80.600517,36.651393],[-80.601779,36.652816],[-80.602708,36.652881],[-80.604125,36.650513],[-80.603775,36.648163],[-80.603872,36.647323],[-80.602914,36.642461],[-80.603511,36.638585],[-80.604573,36.636949],[-80.607183,36.63552],[-80.608395,36.63372],[-80.610978,36.632986],[-80.611182,36.631059],[-80.613046,36.628528],[-80.613432,36.627356],[-80.615129,36.625924],[-80.613935,36.62476],[-80.614251,36.623286],[-80.616544,36.623695],[-80.616836,36.623849],[-80.617355,36.623706],[-80.6176,36.623527],[-80.6178,36.623381],[-80.618004,36.623116],[-80.618008,36.622837],[-80.618019,36.622469],[-80.620675,36.620254],[-80.621751,36.619833],[-80.621787,36.619717],[-80.621888,36.619358],[-80.622242,36.6181],[-80.62208,36.617887],[-80.62206,36.617861],[-80.62115,36.615722],[-80.619335,36.613031],[-80.619507,36.611734],[-80.620273,36.611278],[-80.621229,36.610197],[-80.621829,36.608508],[-80.622895,36.607447],[-80.625311,36.606322],[-80.625602,36.60619],[-80.625704,36.604287],[-80.624477,36.600697],[-80.624433,36.598975],[-80.624316,36.597224],[-80.623225,36.593971],[-80.623223,36.592537],[-80.622002,36.591418],[-80.619099,36.591259],[-80.615107,36.588769],[-80.615444,36.585649],[-80.614525,36.584001],[-80.61495,36.581385],[-80.614535,36.578329],[-80.613726,36.577187],[-80.61268,36.574221],[-80.613545,36.570422],[-80.613093,36.568958],[-80.614071,36.567874],[-80.614625,36.566216],[-80.614315,36.565705],[-80.610857,36.5626],[-80.612594,36.561003],[-80.612108,36.558034],[-80.612057,36.557898],[-80.600387,36.557535],[-80.597654,36.557448],[-80.592671,36.55729],[-80.582744,36.556975],[-80.570707,36.556602],[-80.568477,36.556527],[-80.563473,36.556364],[-80.548112,36.555655],[-80.539786,36.555271],[-80.52818,36.554725],[-80.526028,36.554631],[-80.511481,36.553951],[-80.480257,36.552507],[-80.478478,36.552425],[-80.466697,36.551882],[-80.460948,36.551615],[-80.451329,36.551174],[-80.44034,36.550665],[-80.434762,36.550414],[-80.433685,36.550366],[-80.431092,36.550249],[-80.427402,36.550084],[-80.424094,36.549933],[-80.423888,36.549923],[-80.421742,36.549826],[-80.421568,36.549819],[-80.407995,36.549206],[-80.396122,36.548668],[-80.382529,36.548051],[-80.377984,36.547844],[-80.370186,36.547477],[-80.336972,36.545952],[-80.310931,36.544727],[-80.295128,36.544067],[-80.272119,36.54401],[-80.260849,36.543993],[-80.254718,36.543974],[-80.24373,36.543938],[-80.225339,36.543747],[-80.193226,36.543405],[-80.183822,36.543301],[-80.172967,36.543182],[-80.169814,36.543164],[-80.158604,36.543033],[-80.150229,36.542938],[-80.125703,36.542686],[-80.122173,36.54265],[-80.117069,36.542632],[-80.11334,36.542606],[-80.096736,36.542602],[-80.091157,36.542591],[-80.053459,36.542523],[-80.03765,36.542494],[-80.036041,36.542483],[-80.003338,36.54241],[-80.000493,36.542402],[-79.99223,36.542426],[-79.988026,36.542441],[-79.982822,36.542459],[-79.933269,36.542664],[-79.93084,36.542668],[-79.92008,36.542689],[-79.911192,36.542694],[-79.910928,36.542694],[-79.910606,36.542696],[-79.891668,36.542671],[-79.868158,36.542627],[-79.845543,36.542538],[-79.841428,36.542524],[-79.830592,36.542479],[-79.807716,36.542375],[-79.804568,36.542364],[-79.777038,36.54225],[-79.775078,36.542242],[-79.771486,36.542228],[-79.75882,36.542175],[-79.758648,36.542174],[-79.7583,36.542173],[-79.758229,36.542172],[-79.736235,36.542052],[-79.731892,36.542027],[-79.714849,36.541965],[-79.6908,36.541867],[-79.676884,36.541821],[-79.663932,36.541767],[-79.659591,36.541733],[-79.636672,36.541643],[-79.628863,36.541616],[-79.604774,36.541553],[-79.604442,36.541549],[-79.584734,36.54127],[-79.577819,36.541174],[-79.542165,36.540856],[-79.526165,36.540888],[-79.518402,36.540901],[-79.517825,36.540901],[-79.517385,36.540901],[-79.514561,36.540901],[-79.497084,36.540933],[-79.496459,36.540934],[-79.495596,36.540938],[-79.489835,36.540946],[-79.482377,36.540959],[-79.47667,36.540965],[-79.471339,36.54097],[-79.470057,36.540971],[-79.465726,36.540972],[-79.459683,36.54098],[-79.458079,36.540981],[-79.456725,36.541032],[-79.446048,36.541382],[-79.440274,36.541462],[-79.429889,36.541533],[-79.411904,36.541548],[-79.40079,36.541581],[-79.397155,36.54155],[-79.38801,36.541471],[-79.373447,36.541358],[-79.362911,36.541285],[-79.353154,36.54148],[-79.347268,36.541598],[-79.34343,36.541592],[-79.343117,36.54159],[-79.342738,36.54159],[-79.322358,36.541503],[-79.311167,36.54149],[-79.30693,36.541484],[-79.299027,36.541474],[-79.294024,36.541468],[-79.280504,36.541468],[-79.269063,36.541357],[-79.263058,36.54131],[-79.250474,36.541141],[-79.239187,36.541347],[-79.218456,36.541653],[-79.217627,36.541661],[-79.21621,36.541675],[-79.214098,36.541695],[-79.213585,36.5417],[-79.207267,36.541738],[-79.20693,36.54174],[-79.198295,36.541777],[-79.1877,36.541818],[-79.175916,36.541857],[-79.15501,36.541877],[-79.146773,36.541863],[-79.13832,36.541975],[-79.135462,36.541909],[-79.124735,36.541659],[-79.1119,36.541763],[-79.106151,36.541808],[-79.098829,36.541866],[-79.085342,36.541972],[-79.070063,36.542049],[-79.066325,36.542054],[-79.055922,36.542066],[-79.029872,36.542091],[-78.993342,36.542137],[-78.979175,36.542171],[-78.964605,36.542179],[-78.964393,36.542179],[-78.963324,36.54218],[-78.961942,36.54218],[-78.961584,36.542181],[-78.954524,36.542184],[-78.949445,36.542186],[-78.949199,36.542186],[-78.942186,36.542188],[-78.941835,36.542188],[-78.941456,36.542188],[-78.941205,36.542188],[-78.933599,36.54219],[-78.924637,36.542144],[-78.916925,36.542103],[-78.916829,36.542102],[-78.916488,36.542101],[-78.916147,36.542099],[-78.915806,36.542097],[-78.915465,36.542095],[-78.915124,36.542093],[-78.914783,36.542091],[-78.901665,36.542066],[-78.888079,36.542039],[-78.871663,36.542015],[-78.866217,36.542023],[-78.848199,36.542046],[-78.82082,36.541943],[-78.81859,36.541934],[-78.79635,36.541742],[-78.785057,36.541781],[-78.777566,36.541761],[-78.775833,36.541755],[-78.773529,36.54175],[-78.767108,36.541755],[-78.765145,36.541767],[-78.759147,36.541825],[-78.7422,36.541906],[-78.734122,36.541939]]]]}},{"type":"Feature","properties":{"id":6,"NAME":"6","TotalPop":723089,"PopDevPct":-0.07848258,"DemPct":0.35542966,"RepPct":0.62860236,"WhitePct":0.81642117,"MinorityPct":0.18357883,"BlackPct":0.07074842,"HispanicPct":0.07287849,"PacificPct":0.00138788,"AsianPct":0.02028828,"NativePct":0.01975664,"TotalVAP":569935,"Margin":-0.14457034,"color":"#960018","opacity":"0.5"},"geometry":{"type":"MultiPolygon","coordinates":[[[[-79.357937,37.853022],[-79.347884,37.858691],[-79.336691,37.865693],[-79.33186,37.868524],[-79.329303,37.869404],[-79.326268,37.869964],[-79.320889,37.870599],[-79.316617,37.871856],[-79.298077,37.880244],[-79.285608,37.885888],[-79.281434,37.888066],[-79.278866,37.889913],[-79.276006,37.892829],[-79.273365,37.896478],[-79.26985,37.90031],[-79.258121,37.910974],[-79.253148,37.915207],[-79.250524,37.91727],[-79.244064,37.921968],[-79.23976,37.924789],[-79.234853,37.927926],[-79.229341,37.931921],[-79.223947,37.936632],[-79.22342,37.936334],[-79.215716,37.932019],[-79.213099,37.930551],[-79.211992,37.929931],[-79.210304,37.928985],[-79.210085,37.928862],[-79.210017,37.928824],[-79.207044,37.927158],[-79.206604,37.926911],[-79.20624,37.926707],[-79.205773,37.926447],[-79.204637,37.925814],[-79.203182,37.925005],[-79.201303,37.923966],[-79.197214,37.92168],[-79.189182,37.917163],[-79.188868,37.916992],[-79.186763,37.915787],[-79.183978,37.914194],[-79.157432,37.891003],[-79.15739,37.891003],[-79.154742,37.891497],[-79.150635,37.892622],[-79.148877,37.89024],[-79.147473,37.890201],[-79.147494,37.889244],[-79.145936,37.888882],[-79.14224,37.890799],[-79.139495,37.891317],[-79.137467,37.891391],[-79.135754,37.892525],[-79.134002,37.892841],[-79.130494,37.894459],[-79.129917,37.895098],[-79.129576,37.895472],[-79.129352,37.895587],[-79.128405,37.89552],[-79.127315,37.895766],[-79.122698,37.895798],[-79.11875,37.900578],[-79.116086,37.90206],[-79.114026,37.902294],[-79.107916,37.903701],[-79.107226,37.903477],[-79.105948,37.902426],[-79.104306,37.902639],[-79.103065,37.903391],[-79.101301,37.903739],[-79.099674,37.904903],[-79.099745,37.906336],[-79.099121,37.907322],[-79.096279,37.908942],[-79.091223,37.910931],[-79.087708,37.911908],[-79.086578,37.91163],[-79.083525,37.912051],[-79.081724,37.913033],[-79.078307,37.913872],[-79.077263,37.914889],[-79.076887,37.915073],[-79.076401,37.915127],[-79.076006,37.914866],[-79.075039,37.914088],[-79.073572,37.913909],[-79.068848,37.913489],[-79.066915,37.9145],[-79.063807,37.917144],[-79.062283,37.91752],[-79.060002,37.915154],[-79.058378,37.914143],[-79.056808,37.912626],[-79.053138,37.912981],[-79.052255,37.912794],[-79.052233,37.910119],[-79.051364,37.908077],[-79.050342,37.907037],[-79.049511,37.903161],[-79.050182,37.899972],[-79.045688,37.897754],[-79.044919,37.895853],[-79.044436,37.892346],[-79.044552,37.890888],[-79.042986,37.891472],[-79.037824,37.891879],[-79.036537,37.892461],[-79.033404,37.892054],[-79.032169,37.892166],[-79.031412,37.892308],[-79.03062,37.892128],[-79.02996,37.892135],[-79.028283,37.892373],[-79.02748,37.892395],[-79.027136,37.89233],[-79.02555,37.892029],[-79.021943,37.892197],[-79.021636,37.892465],[-79.019519,37.893377],[-79.017225,37.89345],[-79.017624,37.892289],[-79.016334,37.889887],[-79.016472,37.888051],[-79.012833,37.88505],[-79.010099,37.88369],[-79.008082,37.882527],[-79.005129,37.88169],[-79.002997,37.884149],[-79.000789,37.885126],[-78.998447,37.888238],[-78.996078,37.888872],[-78.992864,37.891049],[-78.991618,37.892866],[-78.990046,37.894438],[-78.987469,37.895869],[-78.987246,37.898338],[-78.985157,37.901996],[-78.983333,37.903293],[-78.981119,37.90596],[-78.977207,37.908496],[-78.972784,37.91055],[-78.970807,37.912383],[-78.969046,37.913038],[-78.965528,37.913444],[-78.963482,37.914796],[-78.961868,37.915255],[-78.958918,37.91607],[-78.955927,37.916477],[-78.957552,37.918422],[-78.95879,37.919799],[-78.958986,37.920785],[-78.958273,37.922219],[-78.956942,37.924506],[-78.956982,37.925704],[-78.956001,37.926603],[-78.954652,37.92773],[-78.953521,37.928702],[-78.953412,37.928806],[-78.95339,37.928827],[-78.953375,37.928841],[-78.953212,37.929072],[-78.953131,37.929187],[-78.952992,37.929421],[-78.952976,37.929448],[-78.952957,37.929481],[-78.952942,37.929507],[-78.952874,37.929647],[-78.952796,37.929761],[-78.952773,37.929795],[-78.952741,37.929923],[-78.952654,37.930275],[-78.952544,37.930551],[-78.952447,37.930813],[-78.951957,37.931676],[-78.951437,37.932194],[-78.949405,37.933759],[-78.94901,37.934169],[-78.947107,37.935475],[-78.945466,37.937434],[-78.945099,37.937571],[-78.944944,37.937629],[-78.944868,37.937658],[-78.944822,37.937678],[-78.944793,37.937686],[-78.944724,37.9377],[-78.944656,37.937738],[-78.944318,37.937885],[-78.944049,37.937992],[-78.943669,37.938135],[-78.943362,37.93825],[-78.9433,37.938285],[-78.942875,37.938527],[-78.942687,37.938794],[-78.942544,37.938963],[-78.942525,37.939],[-78.942512,37.939052],[-78.942383,37.939474],[-78.942357,37.939561],[-78.942279,37.939824],[-78.94157,37.940574],[-78.937278,37.939973],[-78.933475,37.939886],[-78.932338,37.940132],[-78.929348,37.93986],[-78.925694,37.940303],[-78.922969,37.941548],[-78.92108,37.943203],[-78.921159,37.944571],[-78.919831,37.946268],[-78.916731,37.945894],[-78.915502,37.945289],[-78.912462,37.945876],[-78.910902,37.94526],[-78.907278,37.945959],[-78.905404,37.946983],[-78.903768,37.946973],[-78.901509,37.948184],[-78.899053,37.948862],[-78.900428,37.949245],[-78.900984,37.950398],[-78.902282,37.951402],[-78.901923,37.95325],[-78.901123,37.954636],[-78.901359,37.956452],[-78.902336,37.958233],[-78.900548,37.960048],[-78.900601,37.961607],[-78.899435,37.962393],[-78.900006,37.964272],[-78.899045,37.965038],[-78.896603,37.968426],[-78.896105,37.969526],[-78.894688,37.970548],[-78.894209,37.972068],[-78.892776,37.973825],[-78.89261,37.974964],[-78.893611,37.977148],[-78.900768,37.975602],[-78.903542,37.974788],[-78.905245,37.975654],[-78.907566,37.976066],[-78.907978,37.976783],[-78.90795,37.978818],[-78.907253,37.98129],[-78.906016,37.98448],[-78.906945,37.987538],[-78.904744,37.988818],[-78.904382,37.988999],[-78.904175,37.989239],[-78.90152,37.990774],[-78.900451,37.992273],[-78.900421,37.992393],[-78.900279,37.992563],[-78.900087,37.992741],[-78.899966,37.992895],[-78.899825,37.993024],[-78.899746,37.993173],[-78.89966,37.993297],[-78.899523,37.993502],[-78.89933,37.993682],[-78.899074,37.993951],[-78.898871,37.994101],[-78.898613,37.994259],[-78.898278,37.994572],[-78.897833,37.994888],[-78.89759,37.99501],[-78.897052,37.995222],[-78.896574,37.995345],[-78.896198,37.995387],[-78.895984,37.995355],[-78.893478,37.994621],[-78.891506,37.994526],[-78.889757,37.995045],[-78.887931,37.996621],[-78.887794,37.997507],[-78.88808,37.999644],[-78.88627,38.001473],[-78.885462,38.003447],[-78.884127,38.005541],[-78.882117,38.008],[-78.881756,38.009239],[-78.88225,38.012979],[-78.882335,38.01392],[-78.882366,38.014502],[-78.882363,38.014714],[-78.881951,38.018176],[-78.879702,38.019814],[-78.878036,38.021632],[-78.877527,38.024124],[-78.874772,38.027479],[-78.873692,38.028624],[-78.872186,38.029086],[-78.869625,38.02796],[-78.865396,38.028607],[-78.863806,38.028022],[-78.863756,38.027982],[-78.863706,38.027943],[-78.863559,38.027827],[-78.863529,38.027825],[-78.863187,38.0278],[-78.863009,38.027851],[-78.862647,38.027955],[-78.862606,38.02801],[-78.862577,38.028049],[-78.862531,38.02811],[-78.861884,38.028731],[-78.859832,38.028471],[-78.859147,38.028983],[-78.857882,38.030203],[-78.857834,38.030674],[-78.857783,38.03122],[-78.857692,38.031586],[-78.857495,38.032446],[-78.857456,38.03263],[-78.856246,38.034572],[-78.854106,38.036661],[-78.85033,38.037788],[-78.849141,38.038727],[-78.847065,38.04109],[-78.845193,38.042081],[-78.84216,38.044359],[-78.84038,38.046618],[-78.838874,38.04737],[-78.837013,38.048258],[-78.829927,38.054025],[-78.826512,38.054427],[-78.825203,38.05604],[-78.822221,38.057962],[-78.821691,38.059231],[-78.81862,38.059855],[-78.818112,38.059769],[-78.81735,38.05964],[-78.816228,38.060283],[-78.815923,38.060352],[-78.814401,38.060644],[-78.811857,38.061726],[-78.810497,38.061478],[-78.808242,38.062193],[-78.808016,38.063096],[-78.806482,38.063204],[-78.805067,38.064649],[-78.803998,38.065001],[-78.803562,38.065088],[-78.803218,38.065157],[-78.80232,38.06552],[-78.801844,38.065861],[-78.801617,38.066024],[-78.801041,38.066163],[-78.800371,38.066325],[-78.799482,38.066459],[-78.79937,38.066477],[-78.798851,38.066555],[-78.796309,38.067469],[-78.794761,38.068719],[-78.792788,38.069504],[-78.792228,38.071198],[-78.793104,38.072587],[-78.793148,38.072797],[-78.793156,38.072874],[-78.793029,38.07398],[-78.792841,38.076009],[-78.794019,38.076898],[-78.793647,38.077808],[-78.791606,38.078184],[-78.78884,38.079695],[-78.78807,38.080941],[-78.78603,38.08167],[-78.78224,38.080736],[-78.781078,38.080757],[-78.780813,38.08203],[-78.7792,38.08347],[-78.77891,38.084369],[-78.779247,38.088921],[-78.779228,38.089516],[-78.779069,38.089961],[-78.777688,38.091206],[-78.777309,38.092062],[-78.777203,38.093217],[-78.777887,38.094478],[-78.778527,38.094982],[-78.779569,38.095579],[-78.78094,38.096924],[-78.781173,38.097185],[-78.781181,38.097286],[-78.781209,38.097648],[-78.781152,38.097835],[-78.780703,38.098598],[-78.780703,38.098949],[-78.781409,38.099218],[-78.782744,38.099231],[-78.783201,38.09938],[-78.783749,38.099851],[-78.783819,38.100812],[-78.783672,38.101033],[-78.78295,38.101528],[-78.78256,38.102673],[-78.781657,38.102922],[-78.780863,38.103546],[-78.780155,38.104242],[-78.779766,38.104812],[-78.779211,38.106875],[-78.780972,38.107639],[-78.779988,38.109563],[-78.780654,38.112784],[-78.782742,38.113284],[-78.784367,38.114378],[-78.78579,38.114494],[-78.785853,38.116112],[-78.787544,38.117288],[-78.786896,38.118559],[-78.785311,38.119242],[-78.785356,38.120743],[-78.786792,38.121122],[-78.787187,38.121921],[-78.787288,38.125134],[-78.788073,38.126404],[-78.787805,38.127171],[-78.78594,38.129031],[-78.784904,38.129184],[-78.782192,38.129917],[-78.779496,38.132092],[-78.779232,38.134344],[-78.77946,38.137125],[-78.779075,38.139889],[-78.775432,38.141008],[-78.77411,38.145517],[-78.774141,38.149611],[-78.773503,38.151598],[-78.772112,38.153362],[-78.771478,38.155163],[-78.771943,38.155843],[-78.771333,38.158784],[-78.77039,38.161022],[-78.770577,38.163075],[-78.771769,38.166101],[-78.769785,38.168017],[-78.76817,38.17106],[-78.768637,38.171582],[-78.768331,38.173485],[-78.766994,38.175664],[-78.76603,38.175957],[-78.765079,38.177312],[-78.763426,38.178091],[-78.761957,38.180268],[-78.76188,38.182554],[-78.760223,38.183778],[-78.758995,38.18554],[-78.756822,38.187197],[-78.756625,38.189136],[-78.756494,38.190433],[-78.754943,38.192709],[-78.753185,38.193622],[-78.752308,38.194987],[-78.75279,38.197072],[-78.750933,38.198948],[-78.75229,38.201284],[-78.751859,38.202583],[-78.749396,38.206648],[-78.749339,38.206729],[-78.747585,38.209656],[-78.745174,38.214431],[-78.742136,38.21772],[-78.740543,38.218945],[-78.738658,38.219483],[-78.73764,38.219294],[-78.736386,38.220098],[-78.73414,38.222714],[-78.730498,38.225835],[-78.72986,38.227004],[-78.72791,38.228454],[-78.726905,38.228839],[-78.726443,38.229972],[-78.726519,38.230186],[-78.726272,38.231955],[-78.724745,38.232775],[-78.722638,38.232992],[-78.721251,38.233944],[-78.721097,38.234339],[-78.718086,38.2353],[-78.717683,38.235455],[-78.717388,38.235513],[-78.715574,38.235867],[-78.711239,38.238639],[-78.710618,38.240395],[-78.710624,38.240466],[-78.710006,38.242445],[-78.706735,38.24465],[-78.706566,38.246438],[-78.704336,38.246991],[-78.702277,38.246198],[-78.69922,38.245841],[-78.697744,38.245738],[-78.692865,38.247286],[-78.689787,38.248838],[-78.689616,38.249283],[-78.686691,38.251282],[-78.685286,38.252822],[-78.682488,38.254616],[-78.681032,38.254905],[-78.678039,38.254073],[-78.675913,38.252875],[-78.674483,38.250428],[-78.671603,38.247925],[-78.669806,38.247327],[-78.669484,38.249194],[-78.668725,38.250675],[-78.665093,38.251962],[-78.662188,38.253476],[-78.660079,38.255375],[-78.658975,38.258043],[-78.656532,38.259058],[-78.655149,38.260632],[-78.657236,38.260566],[-78.66042,38.262821],[-78.662158,38.263643],[-78.6625,38.264783],[-78.664857,38.265249],[-78.666398,38.266053],[-78.66374,38.267203],[-78.661186,38.269011],[-78.660758,38.270949],[-78.661902,38.271685],[-78.663898,38.276676],[-78.663145,38.277933],[-78.649898,38.273347],[-78.64755,38.272536],[-78.636279,38.268633],[-78.62477,38.264648],[-78.620785,38.263271],[-78.606539,38.258172],[-78.596734,38.254623],[-78.593696,38.253523],[-78.586098,38.251216],[-78.585394,38.251002],[-78.574797,38.247784],[-78.556103,38.241702],[-78.554501,38.24119],[-78.550959,38.240099],[-78.544122,38.237994],[-78.542088,38.237367],[-78.534755,38.234986],[-78.522374,38.231082],[-78.518031,38.229874],[-78.517778,38.229787],[-78.499909,38.224504],[-78.488745,38.22113],[-78.48394,38.219669],[-78.474119,38.216661],[-78.465449,38.214047],[-78.462017,38.213004],[-78.451119,38.209794],[-78.44242,38.207296],[-78.438379,38.205844],[-78.43838,38.205809],[-78.430471,38.203412],[-78.419161,38.200005],[-78.411009,38.197305],[-78.403077,38.194452],[-78.398052,38.192504],[-78.396706,38.192075],[-78.396421,38.192039],[-78.396281,38.192018],[-78.392446,38.191168],[-78.388811,38.190254],[-78.377436,38.186914],[-78.36902,38.184158],[-78.368984,38.184146],[-78.352149,38.179858],[-78.344725,38.177908],[-78.33796,38.17558],[-78.334384,38.174433],[-78.332451,38.173829],[-78.329993,38.172973],[-78.311355,38.166617],[-78.299653,38.162909],[-78.299464,38.162843],[-78.292945,38.160541],[-78.289001,38.159156],[-78.281118,38.156446],[-78.272871,38.153642],[-78.26979,38.152597],[-78.261957,38.149768],[-78.256818,38.147905],[-78.251898,38.146121],[-78.240784,38.142352],[-78.239629,38.141944],[-78.232831,38.139526],[-78.221767,38.13555],[-78.211796,38.13199],[-78.209384,38.131128],[-78.208217,38.130945],[-78.208082,38.130924],[-78.201388,38.129883],[-78.19947,38.129585],[-78.19881,38.129482],[-78.188899,38.127939],[-78.187257,38.127684],[-78.186101,38.12804],[-78.185137,38.12837],[-78.183768,38.128858],[-78.180783,38.130174],[-78.178317,38.129892],[-78.17526,38.13043],[-78.171423,38.129688],[-78.169607,38.13069],[-78.168232,38.133458],[-78.165205,38.135838],[-78.163174,38.136506],[-78.16128,38.13766],[-78.160332,38.137194],[-78.154408,38.136975],[-78.150192,38.138356],[-78.148793,38.138889],[-78.147593,38.138647],[-78.146597,38.14127],[-78.144145,38.142946],[-78.142911,38.141625],[-78.140987,38.141045],[-78.140472,38.141576],[-78.13847,38.141813],[-78.137036,38.141364],[-78.136252,38.140372],[-78.133967,38.138773],[-78.132,38.138715],[-78.13109,38.139112],[-78.127787,38.138707],[-78.123516,38.139421],[-78.122511,38.140255],[-78.121294,38.139677],[-78.117891,38.14021],[-78.116561,38.140046],[-78.116339,38.141277],[-78.114773,38.141298],[-78.113254,38.143416],[-78.112204,38.144373],[-78.111679,38.144868],[-78.11224,38.147654],[-78.10942,38.148711],[-78.108437,38.148974],[-78.105316,38.151309],[-78.103032,38.151979],[-78.101748,38.152567],[-78.098086,38.150905],[-78.095621,38.151116],[-78.095037,38.150791],[-78.093027,38.151595],[-78.090428,38.150509],[-78.087954,38.149099],[-78.087597,38.147352],[-78.085826,38.146634],[-78.081782,38.147175],[-78.0805,38.146623],[-78.081117,38.145518],[-78.079931,38.144261],[-78.078186,38.143909],[-78.076498,38.141577],[-78.074164,38.141178],[-78.070823,38.142703],[-78.070052,38.143193],[-78.069127,38.142439],[-78.067453,38.142419],[-78.064593,38.141066],[-78.064473,38.140198],[-78.061275,38.140804],[-78.058475,38.140649],[-78.057183,38.140044],[-78.056012,38.138795],[-78.055141,38.139306],[-78.052839,38.137992],[-78.051961,38.138049],[-78.049423,38.136418],[-78.048131,38.13662],[-78.047876,38.135883],[-78.0444,38.135723],[-78.042492,38.135922],[-78.042127,38.136672],[-78.039178,38.136709],[-78.039691,38.135152],[-78.039137,38.134808],[-78.035908,38.135464],[-78.034363,38.136315],[-78.033741,38.136086],[-78.031805,38.13728],[-78.030164,38.139666],[-78.028984,38.138829],[-78.02585,38.137632],[-78.024735,38.136473],[-78.022803,38.139814],[-78.022891,38.140593],[-78.021929,38.14204],[-78.020531,38.141046],[-78.018796,38.141908],[-78.017354,38.141468],[-78.017358,38.140321],[-78.012527,38.139135],[-78.011962,38.139956],[-78.010407,38.140204],[-78.007335,38.138786],[-78.006713,38.13906],[-78.005395,38.139277],[-78.0036,38.138252],[-78.00216,38.138571],[-78.002119,38.137885],[-77.996316,38.132127],[-77.993597,38.130035],[-77.992631,38.129932],[-77.992098,38.128914],[-77.990897,38.128837],[-77.989908,38.127882],[-77.989996,38.126052],[-77.990682,38.125162],[-77.989111,38.124469],[-77.987346,38.124725],[-77.986486,38.122911],[-77.984673,38.122163],[-77.984831,38.121471],[-77.984775,38.121366],[-77.984686,38.121267],[-77.984551,38.121188],[-77.984442,38.121111],[-77.984194,38.120961],[-77.984012,38.120856],[-77.983825,38.12077],[-77.983524,38.120667],[-77.983334,38.12064],[-77.983155,38.12062],[-77.982979,38.120571],[-77.982817,38.120485],[-77.982559,38.120387],[-77.982409,38.120344],[-77.982269,38.120289],[-77.982062,38.120241],[-77.981622,38.120078],[-77.981454,38.119988],[-77.98124,38.119806],[-77.980915,38.119662],[-77.980315,38.119501],[-77.979936,38.119533],[-77.979857,38.119574],[-77.979569,38.119812],[-77.979531,38.120147],[-77.979589,38.120369],[-77.979454,38.120424],[-77.979098,38.120287],[-77.978849,38.12023],[-77.97861,38.120261],[-77.978354,38.120333],[-77.978092,38.120277],[-77.977728,38.119978],[-77.977391,38.119867],[-77.977075,38.119948],[-77.976976,38.120241],[-77.977023,38.120567],[-77.976962,38.120694],[-77.976706,38.120835],[-77.976253,38.120763],[-77.976166,38.120786],[-77.976026,38.121076],[-77.975887,38.121253],[-77.975748,38.121314],[-77.975422,38.121258],[-77.974777,38.121043],[-77.974202,38.120744],[-77.973401,38.120496],[-77.973285,38.120412],[-77.972998,38.120426],[-77.972854,38.120493],[-77.972755,38.12063],[-77.972403,38.120873],[-77.972191,38.120943],[-77.971786,38.12112],[-77.971248,38.121416],[-77.971036,38.121516],[-77.970706,38.121753],[-77.97032,38.121912],[-77.969712,38.122058],[-77.969519,38.122123],[-77.969273,38.122316],[-77.969088,38.122365],[-77.968827,38.122388],[-77.968578,38.122354],[-77.967976,38.122179],[-77.967612,38.121998],[-77.967432,38.121798],[-77.967272,38.121454],[-77.966823,38.121184],[-77.966453,38.121006],[-77.965433,38.120348],[-77.964854,38.120105],[-77.964095,38.119762],[-77.963039,38.119236],[-77.962158,38.118744],[-77.961501,38.118531],[-77.960166,38.11818],[-77.959042,38.117998],[-77.958063,38.117985],[-77.957081,38.118159],[-77.955858,38.118356],[-77.954877,38.118375],[-77.953639,38.118501],[-77.952385,38.119657],[-77.944457,38.127011],[-77.939143,38.132149],[-77.93481,38.136163],[-77.933052,38.137753],[-77.9272,38.143097],[-77.925564,38.14459],[-77.915998,38.153335],[-77.909835,38.158969],[-77.907606,38.161013],[-77.902444,38.165689],[-77.899417,38.168496],[-77.8916,38.175731],[-77.889508,38.177601],[-77.875253,38.190319],[-77.865536,38.198994],[-77.851539,38.211472],[-77.844814,38.217462],[-77.842932,38.219141],[-77.838811,38.222815],[-77.83674,38.224653],[-77.832973,38.228005],[-77.825116,38.235002],[-77.815127,38.2439],[-77.812987,38.245801],[-77.806879,38.251259],[-77.798239,38.258946],[-77.789393,38.266818],[-77.78589,38.269931],[-77.783571,38.271994],[-77.777862,38.277071],[-77.772093,38.282199],[-77.769337,38.284794],[-77.758028,38.295466],[-77.750927,38.302176],[-77.747943,38.304837],[-77.746621,38.306034],[-77.74183,38.310354],[-77.738031,38.313699],[-77.730082,38.320682],[-77.72676,38.323612],[-77.726689,38.323905],[-77.726226,38.325302],[-77.726146,38.325562],[-77.725235,38.327527],[-77.723043,38.330761],[-77.722439,38.332905],[-77.721064,38.334114],[-77.719206,38.334654],[-77.719508,38.335672],[-77.717284,38.335579],[-77.715509,38.335609],[-77.714965,38.336977],[-77.715948,38.337162],[-77.71597,38.338041],[-77.717115,38.339049],[-77.718427,38.33926],[-77.719246,38.340264],[-77.718973,38.341568],[-77.717263,38.342452],[-77.715402,38.344346],[-77.713718,38.343814],[-77.712196,38.345851],[-77.713103,38.347362],[-77.714781,38.348031],[-77.715134,38.348924],[-77.713139,38.350217],[-77.712821,38.351411],[-77.711028,38.35085],[-77.711143,38.352539],[-77.709196,38.352469],[-77.708946,38.352435],[-77.708558,38.352352],[-77.708407,38.352331],[-77.708274,38.35232],[-77.708173,38.352321],[-77.708034,38.352351],[-77.707976,38.352377],[-77.707552,38.352606],[-77.707495,38.352655],[-77.707454,38.352711],[-77.707429,38.352767],[-77.707423,38.352815],[-77.707452,38.352865],[-77.707512,38.352893],[-77.707673,38.35294],[-77.707725,38.352973],[-77.707779,38.353041],[-77.707796,38.353087],[-77.707852,38.353334],[-77.707958,38.353826],[-77.708278,38.354238],[-77.708687,38.354482],[-77.70916,38.354662],[-77.709589,38.355108],[-77.709463,38.355325],[-77.709084,38.355523],[-77.708337,38.355429],[-77.708082,38.355409],[-77.707792,38.355393],[-77.707728,38.355385],[-77.707625,38.355345],[-77.707495,38.355256],[-77.707389,38.355212],[-77.70726,38.355185],[-77.70713,38.355184],[-77.707015,38.355206],[-77.706864,38.355265],[-77.706807,38.355276],[-77.706701,38.355275],[-77.706646,38.355259],[-77.706411,38.355148],[-77.706209,38.355058],[-77.705881,38.354925],[-77.705796,38.354899],[-77.705626,38.354867],[-77.705459,38.354851],[-77.705387,38.354856],[-77.705249,38.354899],[-77.705197,38.354932],[-77.705159,38.354977],[-77.705132,38.355034],[-77.705103,38.355153],[-77.705097,38.355234],[-77.705139,38.355315],[-77.705202,38.355415],[-77.705216,38.355489],[-77.705192,38.355549],[-77.705128,38.355617],[-77.705066,38.3557],[-77.705069,38.355761],[-77.705086,38.355817],[-77.705157,38.355922],[-77.705277,38.356052],[-77.705609,38.356173],[-77.705692,38.35628],[-77.705761,38.356438],[-77.705716,38.35656],[-77.705651,38.356655],[-77.705579,38.35673],[-77.705505,38.356783],[-77.705434,38.356893],[-77.705362,38.357024],[-77.705303,38.357194],[-77.705332,38.357264],[-77.705362,38.357304],[-77.705413,38.357318],[-77.705478,38.357312],[-77.705788,38.357232],[-77.706127,38.35717],[-77.706628,38.357119],[-77.706728,38.357174],[-77.706841,38.357266],[-77.706936,38.357331],[-77.70698,38.357382],[-77.707013,38.357447],[-77.70701,38.357504],[-77.707093,38.35759],[-77.707156,38.357682],[-77.707324,38.357862],[-77.707522,38.358033],[-77.707691,38.358172],[-77.707939,38.358362],[-77.708053,38.358531],[-77.708058,38.358641],[-77.707999,38.358738],[-77.707863,38.358824],[-77.70773,38.358883],[-77.70763,38.358912],[-77.707459,38.358907],[-77.707041,38.358852],[-77.70692,38.358825],[-77.706811,38.35879],[-77.706407,38.358634],[-77.706066,38.358471],[-77.705725,38.358354],[-77.705589,38.358337],[-77.705383,38.358345],[-77.705189,38.358467],[-77.705128,38.358514],[-77.705053,38.358549],[-77.70501,38.358596],[-77.704953,38.358628],[-77.704921,38.358689],[-77.70481,38.358706],[-77.704635,38.358724],[-77.704389,38.358656],[-77.704253,38.358639],[-77.704136,38.358614],[-77.703806,38.358523],[-77.703522,38.358467],[-77.703379,38.358453],[-77.703311,38.358482],[-77.70329,38.358539],[-77.703304,38.358585],[-77.703485,38.358805],[-77.703718,38.358974],[-77.703847,38.359074],[-77.703982,38.359163],[-77.704203,38.359238],[-77.704261,38.359317],[-77.704311,38.35941],[-77.704321,38.359592],[-77.704264,38.359684],[-77.70405,38.359859],[-77.703971,38.359984],[-77.703861,38.360095],[-77.70375,38.36022],[-77.703604,38.360352],[-77.703433,38.360455],[-77.7033,38.360516],[-77.703168,38.36056],[-77.703137,38.360588],[-77.703035,38.360706],[-77.702902,38.360799],[-77.702843,38.36084],[-77.701998,38.36036],[-77.701892,38.360339],[-77.701036,38.360062],[-77.700326,38.359578],[-77.69759,38.357069],[-77.697109,38.356723],[-77.696784,38.356647],[-77.695783,38.356465],[-77.695471,38.356421],[-77.694617,38.356493],[-77.694114,38.356621],[-77.693229,38.357117],[-77.692961,38.357343],[-77.691844,38.358152],[-77.690702,38.358722],[-77.69067,38.358713],[-77.688951,38.359181],[-77.688272,38.359261],[-77.688109,38.359345],[-77.687493,38.359361],[-77.687222,38.359502],[-77.686442,38.359421],[-77.685897,38.359614],[-77.679539,38.359908],[-77.678286,38.361137],[-77.678073,38.363287],[-77.677142,38.365292],[-77.674488,38.367037],[-77.672438,38.369927],[-77.669878,38.370741],[-77.667075,38.370464],[-77.665581,38.370784],[-77.663269,38.372199],[-77.660329,38.373301],[-77.656933,38.375396],[-77.653026,38.375389],[-77.647664,38.377779],[-77.645744,38.378107],[-77.641179,38.377163],[-77.639073,38.375064],[-77.637143,38.371873],[-77.638251,38.370658],[-77.639792,38.370527],[-77.642441,38.369364],[-77.643612,38.368086],[-77.644212,38.36665],[-77.644586,38.36387],[-77.644411,38.362445],[-77.643474,38.361011],[-77.639502,38.359029],[-77.635571,38.359308],[-77.633418,38.360183],[-77.631135,38.363619],[-77.630993,38.364362],[-77.628357,38.368072],[-77.626558,38.368855],[-77.624987,38.368363],[-77.622857,38.368452],[-77.619293,38.367962],[-77.618727,38.367835],[-77.618819,38.368189],[-77.619121,38.368696],[-77.619294,38.369412],[-77.61921,38.36974],[-77.61911,38.370438],[-77.619119,38.371139],[-77.619671,38.373431],[-77.618997,38.374974],[-77.618941,38.375158],[-77.619069,38.375921],[-77.619069,38.376773],[-77.619162,38.377381],[-77.619627,38.37811],[-77.620279,38.378816],[-77.620775,38.379594],[-77.62121,38.380713],[-77.62121,38.38137],[-77.621055,38.382026],[-77.621011,38.383072],[-77.620868,38.383948],[-77.620744,38.384994],[-77.620868,38.385675],[-77.621148,38.386477],[-77.621365,38.387377],[-77.621458,38.388107],[-77.621768,38.388909],[-77.62242,38.389615],[-77.623382,38.390515],[-77.624126,38.390782],[-77.625398,38.391025],[-77.625802,38.39122],[-77.626964,38.391742],[-77.630421,38.392438],[-77.632119,38.392777],[-77.632644,38.393006],[-77.633065,38.393737],[-77.633101,38.394537],[-77.633093,38.394965],[-77.632979,38.395375],[-77.632949,38.395849],[-77.63281,38.396127],[-77.63261,38.396327],[-77.63251,38.396527],[-77.63231,38.396727],[-77.632395,38.396984],[-77.632504,38.397178],[-77.633093,38.397761],[-77.633621,38.398151],[-77.633838,38.398438],[-77.634009,38.398752],[-77.634123,38.399273],[-77.633934,38.400679],[-77.63401,38.401627],[-77.63401,38.402027],[-77.633468,38.404285],[-77.633205,38.404995],[-77.633092,38.405199],[-77.632909,38.405923],[-77.632516,38.406961],[-77.632438,38.40737],[-77.632517,38.407637],[-77.632803,38.409023],[-77.63382,38.409883],[-77.634232,38.410028],[-77.634677,38.410002],[-77.634877,38.40996],[-77.63494,38.410218],[-77.636475,38.409676],[-77.637375,38.409554],[-77.639144,38.409725],[-77.640633,38.410405],[-77.642588,38.411281],[-77.644822,38.412253],[-77.646156,38.412764],[-77.648732,38.413906],[-77.650004,38.414514],[-77.651741,38.415535],[-77.653138,38.416313],[-77.654658,38.416872],[-77.65562,38.417091],[-77.657668,38.417821],[-77.659436,38.418404],[-77.660753,38.418733],[-77.662849,38.419255],[-77.664153,38.419474],[-77.664356,38.419447],[-77.665675,38.419739],[-77.66601,38.419805],[-77.666708,38.419887],[-77.667273,38.420013],[-77.667713,38.420184],[-77.668354,38.420353],[-77.669595,38.420862],[-77.672503,38.422868],[-77.673013,38.423085],[-77.673312,38.42325],[-77.673644,38.423395],[-77.674047,38.423543],[-77.674399,38.423628],[-77.674517,38.42371],[-77.674965,38.423905],[-77.675489,38.424034],[-77.676107,38.424111],[-77.677018,38.424137],[-77.677473,38.424096],[-77.677996,38.424017],[-77.678586,38.423973],[-77.67914,38.424014],[-77.680187,38.42411],[-77.681103,38.424248],[-77.681765,38.424401],[-77.682193,38.424482],[-77.682643,38.424657],[-77.683165,38.42491],[-77.683594,38.425167],[-77.683801,38.425323],[-77.684524,38.425789],[-77.685256,38.426229],[-77.686411,38.426583],[-77.687637,38.42679],[-77.688941,38.426917],[-77.689896,38.426963],[-77.690357,38.426997],[-77.691318,38.42695],[-77.69189,38.426873],[-77.692759,38.426627],[-77.693159,38.426472],[-77.693411,38.426423],[-77.693731,38.426301],[-77.694587,38.425921],[-77.695009,38.425744],[-77.695665,38.42561],[-77.696118,38.425614],[-77.696444,38.425657],[-77.696813,38.425751],[-77.697155,38.425812],[-77.697223,38.425819],[-77.697405,38.425825],[-77.697872,38.425744],[-77.698135,38.425654],[-77.698445,38.425445],[-77.698732,38.425107],[-77.698895,38.424785],[-77.698973,38.424479],[-77.699111,38.424159],[-77.699229,38.423969],[-77.699281,38.423704],[-77.69944,38.423308],[-77.69955,38.4231],[-77.699826,38.422672],[-77.700112,38.42239],[-77.700321,38.422232],[-77.700474,38.42206],[-77.70082,38.421783],[-77.701419,38.421475],[-77.701718,38.421377],[-77.702118,38.42131],[-77.702477,38.421312],[-77.702968,38.421247],[-77.703292,38.421242],[-77.703849,38.421269],[-77.704391,38.421369],[-77.70477,38.421399],[-77.70503,38.421456],[-77.705848,38.421546],[-77.706231,38.421614],[-77.706882,38.421829],[-77.70708,38.42195],[-77.707354,38.422063],[-77.709879,38.422849],[-77.711347,38.422979],[-77.715547,38.422005],[-77.716576,38.421712],[-77.720957,38.420421],[-77.725396,38.418862],[-77.726092,38.418243],[-77.726229,38.417986],[-77.726504,38.417401],[-77.727033,38.416319],[-77.727532,38.415659],[-77.729168,38.414059],[-77.729711,38.413568],[-77.730719,38.412993],[-77.732605,38.412889],[-77.733353,38.412867],[-77.734002,38.412826],[-77.734707,38.412904],[-77.735516,38.413116],[-77.735901,38.413458],[-77.736659,38.414824],[-77.736803,38.415294],[-77.737043,38.417333],[-77.73779,38.418287],[-77.738479,38.419446],[-77.738949,38.421545],[-77.739011,38.423279],[-77.739719,38.424701],[-77.741422,38.425706],[-77.742221,38.425821],[-77.742653,38.425896],[-77.743866,38.426051],[-77.7448,38.426206],[-77.745232,38.426302],[-77.746165,38.426536],[-77.746471,38.426593],[-77.74689,38.426638],[-77.747936,38.426712],[-77.748586,38.42669],[-77.749222,38.426621],[-77.749557,38.426608],[-77.750283,38.426662],[-77.750482,38.426684],[-77.75091,38.426768],[-77.752119,38.427321],[-77.753167,38.427928],[-77.755075,38.429398],[-77.75577,38.430206],[-77.756165,38.430883],[-77.756262,38.431807],[-77.756465,38.43231],[-77.757073,38.432958],[-77.759619,38.435411],[-77.760006,38.435769],[-77.760332,38.436316],[-77.761382,38.438609],[-77.76181,38.439864],[-77.761927,38.441074],[-77.76141,38.443144],[-77.761046,38.444302],[-77.760564,38.445498],[-77.760546,38.446211],[-77.761107,38.448169],[-77.761719,38.450366],[-77.761875,38.451863],[-77.761837,38.452582],[-77.761621,38.453377],[-77.761432,38.454227],[-77.761251,38.455649],[-77.761233,38.456568],[-77.761015,38.457581],[-77.761096,38.458148],[-77.761791,38.458818],[-77.763361,38.459351],[-77.766394,38.460529],[-77.768633,38.461326],[-77.769977,38.461955],[-77.77081,38.462103],[-77.772284,38.462135],[-77.773557,38.462622],[-77.774297,38.463036],[-77.775406,38.463926],[-77.776059,38.464638],[-77.77673,38.465597],[-77.777,38.466246],[-77.777643,38.467436],[-77.77819,38.46901],[-77.777248,38.470505],[-77.775324,38.47178],[-77.775316,38.473579],[-77.777294,38.475533],[-77.779462,38.476392],[-77.780446,38.477542],[-77.780735,38.478188],[-77.780646,38.47921],[-77.780807,38.481996],[-77.781248,38.483628],[-77.782151,38.485056],[-77.782137,38.485765],[-77.781466,38.488057],[-77.781486,38.488318],[-77.781867,38.488821],[-77.782816,38.489144],[-77.783938,38.489037],[-77.785903,38.488315],[-77.786901,38.488098],[-77.787635,38.488104],[-77.788004,38.488274],[-77.788324,38.488706],[-77.7883,38.489455],[-77.787526,38.49141],[-77.787422,38.492275],[-77.787845,38.493029],[-77.788978,38.493683],[-77.790295,38.494089],[-77.791763,38.494808],[-77.792421,38.495342],[-77.793263,38.495866],[-77.795279,38.497594],[-77.796265,38.498178],[-77.796919,38.49847],[-77.797792,38.49925],[-77.798405,38.500086],[-77.799588,38.501353],[-77.800574,38.502243],[-77.801134,38.503099],[-77.801334,38.503865],[-77.801379,38.505965],[-77.801343,38.507437],[-77.801134,38.508714],[-77.800781,38.509494],[-77.800582,38.510707],[-77.800286,38.510767],[-77.798313,38.511232],[-77.789165,38.512975],[-77.786292,38.515148],[-77.792078,38.518447],[-77.789905,38.521523],[-77.78817,38.525463],[-77.786179,38.527507],[-77.788841,38.533147],[-77.779008,38.539156],[-77.777865,38.539485],[-77.777993,38.539774],[-77.775015,38.541702],[-77.774308,38.542807],[-77.775338,38.543001],[-77.77649,38.544327],[-77.778748,38.544953],[-77.779362,38.546213],[-77.782371,38.547697],[-77.785255,38.549445],[-77.784199,38.550876],[-77.784284,38.55205],[-77.783095,38.553076],[-77.785727,38.553948],[-77.785876,38.553998],[-77.786967,38.552882],[-77.799758,38.561255],[-77.800557,38.562873],[-77.801056,38.56251],[-77.801349,38.562318],[-77.802273,38.581188],[-77.802468,38.585482],[-77.800773,38.599929],[-77.800441,38.602863],[-77.800511,38.607659],[-77.800662,38.61656],[-77.800726,38.620885],[-77.800525,38.620862],[-77.800651,38.62934],[-77.800688,38.631295],[-77.801091,38.634277],[-77.802897,38.638462],[-77.804669,38.643038],[-77.804677,38.643118],[-77.804687,38.643291],[-77.804696,38.643722],[-77.804696,38.644409],[-77.804677,38.644766],[-77.804636,38.645023],[-77.804576,38.645279],[-77.804498,38.645531],[-77.804445,38.645671],[-77.804179,38.646296],[-77.803976,38.646795],[-77.803645,38.647584],[-77.803607,38.647672],[-77.803037,38.649027],[-77.802582,38.650099],[-77.800517,38.654435],[-77.798524,38.658287],[-77.796094,38.664161],[-77.793244,38.671036],[-77.791134,38.673372],[-77.788765,38.675507],[-77.78733,38.677383],[-77.787095,38.67913],[-77.787413,38.683635],[-77.787114,38.686332],[-77.787322,38.686455],[-77.788096,38.687152],[-77.788383,38.687692],[-77.789089,38.689615],[-77.789236,38.690679],[-77.789227,38.691946],[-77.789155,38.692505],[-77.788648,38.693729],[-77.784659,38.694086],[-77.783469,38.693562],[-77.781436,38.696883],[-77.780854,38.698473],[-77.780614,38.698231],[-77.778909,38.69746],[-77.776655,38.697883],[-77.77505,38.696863],[-77.771955,38.692702],[-77.770782,38.690303],[-77.763753,38.684697],[-77.760058,38.68254],[-77.756797,38.685935],[-77.754961,38.688866],[-77.754645,38.695285],[-77.752398,38.695133],[-77.747732,38.695699],[-77.735125,38.698948],[-77.73267,38.699414],[-77.729325,38.698662],[-77.726981,38.698024],[-77.72248,38.69727],[-77.714587,38.696248],[-77.712402,38.696177],[-77.708662,38.697672],[-77.704776,38.702258],[-77.703435,38.702549],[-77.702029,38.702149],[-77.701778,38.702373],[-77.701212,38.703213],[-77.694842,38.703058],[-77.693315,38.703896],[-77.693307,38.706828],[-77.692625,38.708796],[-77.691609,38.711267],[-77.698348,38.713259],[-77.700872,38.714897],[-77.703717,38.717351],[-77.69564,38.724779],[-77.69143,38.728664],[-77.686948,38.732805],[-77.685456,38.734156],[-77.683942,38.735526],[-77.681707,38.737582],[-77.679045,38.739169],[-77.676158,38.739785],[-77.672585,38.740066],[-77.668078,38.741971],[-77.666023,38.742574],[-77.659511,38.745326],[-77.657967,38.745756],[-77.659016,38.747327],[-77.662635,38.752768],[-77.664129,38.755014],[-77.669725,38.763418],[-77.67515,38.771556],[-77.677405,38.774943],[-77.679735,38.77844],[-77.679854,38.77862],[-77.681244,38.780704],[-77.681351,38.780861],[-77.682137,38.782043],[-77.682305,38.782295],[-77.687637,38.790296],[-77.688062,38.790925],[-77.689518,38.793115],[-77.691864,38.796633],[-77.692038,38.796896],[-77.697167,38.804584],[-77.697218,38.80466],[-77.709503,38.823073],[-77.709962,38.823761],[-77.710051,38.823894],[-77.710264,38.824215],[-77.710659,38.824793],[-77.715715,38.832136],[-77.715176,38.83531],[-77.715658,38.836553],[-77.715936,38.841066],[-77.715667,38.843224],[-77.709688,38.843184],[-77.704931,38.843152],[-77.704052,38.84544],[-77.702746,38.847793],[-77.701554,38.851592],[-77.701538,38.853442],[-77.702183,38.853628],[-77.701608,38.854917],[-77.700946,38.857267],[-77.700697,38.860494],[-77.699948,38.861562],[-77.699628,38.863307],[-77.699676,38.863888],[-77.699207,38.865793],[-77.699429,38.867363],[-77.697989,38.871425],[-77.697969,38.872357],[-77.697913,38.875155],[-77.696092,38.878714],[-77.696113,38.879772],[-77.692622,38.887004],[-77.688608,38.889058],[-77.684766,38.891021],[-77.680402,38.893235],[-77.679432,38.895455],[-77.677818,38.897777],[-77.675608,38.9009],[-77.67343,38.904404],[-77.670636,38.908016],[-77.669006,38.910848],[-77.668714,38.911957],[-77.668692,38.912006],[-77.668685,38.912018],[-77.668653,38.912078],[-77.66862,38.912128],[-77.668613,38.912137],[-77.668578,38.91218],[-77.668528,38.912251],[-77.668524,38.912263],[-77.668502,38.912376],[-77.6685,38.912396],[-77.668506,38.912475],[-77.668492,38.912529],[-77.668449,38.912569],[-77.668382,38.912601],[-77.668309,38.912623],[-77.668275,38.912671],[-77.668272,38.912725],[-77.668299,38.912775],[-77.668347,38.912816],[-77.668388,38.912856],[-77.668391,38.912912],[-77.668423,38.912958],[-77.668449,38.91297],[-77.668488,38.912988],[-77.66853,38.913032],[-77.66854,38.913086],[-77.665797,38.915867],[-77.665221,38.916736],[-77.665289,38.918217],[-77.664697,38.91917],[-77.664513,38.919306],[-77.663791,38.920459],[-77.664066,38.921729],[-77.663334,38.924318],[-77.662522,38.925592],[-77.663658,38.926513],[-77.662449,38.929761],[-77.660864,38.931715],[-77.659932,38.933594],[-77.657622,38.934724],[-77.657558,38.935772],[-77.656668,38.936935],[-77.656758,38.939673],[-77.655169,38.942656],[-77.657581,38.943231],[-77.662929,38.944483],[-77.666817,38.945389],[-77.671858,38.946562],[-77.67342,38.946926],[-77.696529,38.952303],[-77.700271,38.953173],[-77.707533,38.954861],[-77.713736,38.956303],[-77.713804,38.956317],[-77.723177,38.958496],[-77.728134,38.959648],[-77.728978,38.959843],[-77.731708,38.960477],[-77.740496,38.962517],[-77.751976,38.965181],[-77.760002,38.967043],[-77.765853,38.968399],[-77.767179,38.968707],[-77.771195,38.969638],[-77.774096,38.97031],[-77.777515,38.971103],[-77.779,38.971446],[-77.781187,38.971952],[-77.784427,38.972702],[-77.791168,38.974266],[-77.792417,38.974555],[-77.792527,38.97458],[-77.794504,38.975038],[-77.797225,38.975667],[-77.820128,38.980967],[-77.820355,38.98102],[-77.820462,38.981045],[-77.822346,38.981481],[-77.829283,38.983084],[-77.83073,38.98342],[-77.830906,38.98346],[-77.843048,38.986266],[-77.85063,38.988018],[-77.866429,38.991666],[-77.874509,38.993531],[-77.87615,38.993915],[-77.880101,38.994821],[-77.887539,38.996537],[-77.889451,38.996978],[-77.913142,39.002437],[-77.921694,39.004408],[-77.936678,39.007858],[-77.950588,39.011058],[-77.962203,39.013733],[-77.962041,39.013934],[-77.956414,39.020898],[-77.947884,39.022007],[-77.942554,39.023178],[-77.941227,39.023474],[-77.93081,39.0297],[-77.929927,39.030239],[-77.926815,39.035296],[-77.917642,39.03907],[-77.913766,39.041473],[-77.906806,39.045783],[-77.902021,39.050174],[-77.901175,39.050982],[-77.901027,39.051124],[-77.900992,39.051156],[-77.900765,39.051365],[-77.900755,39.051372],[-77.900366,39.051735],[-77.899086,39.052917],[-77.893279,39.055425],[-77.892683,39.056441],[-77.891145,39.059026],[-77.890828,39.059553],[-77.887892,39.064463],[-77.885815,39.067224],[-77.881756,39.072589],[-77.879778,39.075175],[-77.877596,39.078042],[-77.873832,39.080157],[-77.87045,39.080409],[-77.862825,39.080979],[-77.861969,39.08243],[-77.86074,39.084478],[-77.858268,39.088639],[-77.855786,39.092805],[-77.855169,39.095284],[-77.854067,39.099729],[-77.853781,39.100862],[-77.853766,39.10093],[-77.853746,39.101004],[-77.853741,39.101025],[-77.8531,39.102242],[-77.852548,39.103273],[-77.845843,39.115892],[-77.845747,39.116073],[-77.845329,39.11686],[-77.844769,39.117915],[-77.843797,39.119747],[-77.83896,39.121814],[-77.835841,39.125719],[-77.832515,39.127519],[-77.828299,39.132426],[-77.828791,39.132763],[-77.834843,39.136658],[-77.849088,39.145823],[-77.860203,39.152981],[-77.860941,39.153456],[-77.861317,39.1537],[-77.874697,39.162277],[-77.883576,39.168039],[-77.885508,39.169287],[-77.892337,39.173699],[-77.892582,39.173858],[-77.914915,39.188319],[-77.915319,39.188581],[-77.919424,39.191193],[-77.928145,39.19685],[-77.935929,39.201901],[-77.940874,39.20511],[-77.955474,39.214583],[-77.957463,39.215874],[-77.967298,39.222212],[-77.974404,39.226793],[-77.975842,39.22772],[-77.991269,39.237662],[-77.99972,39.243146],[-78.007456,39.24791],[-78.021708,39.257163],[-78.030609,39.263048],[-78.032946,39.264462],[-78.033191,39.264612],[-78.054769,39.278061],[-78.06105,39.282099],[-78.067874,39.286532],[-78.069511,39.287595],[-78.074568,39.29088],[-78.079953,39.294363],[-78.081365,39.295255],[-78.08161,39.29541],[-78.093592,39.303093],[-78.100147,39.307147],[-78.108306,39.312187],[-78.123808,39.322677],[-78.135936,39.330518],[-78.14092,39.333745],[-78.14812,39.337763],[-78.150694,39.339328],[-78.158711,39.343767],[-78.171331,39.352964],[-78.171455,39.353054],[-78.176461,39.356429],[-78.184154,39.361801],[-78.18737,39.363989],[-78.197539,39.370235],[-78.206444,39.375793],[-78.219912,39.38511],[-78.237942,39.397581],[-78.244965,39.402438],[-78.249727,39.405153],[-78.251457,39.406367],[-78.258077,39.411016],[-78.258517,39.411325],[-78.262815,39.41434],[-78.271919,39.419553],[-78.274364,39.420952],[-78.28694,39.428148],[-78.28931,39.42958],[-78.300158,39.436321],[-78.303621,39.438444],[-78.307204,39.440641],[-78.307448,39.440791],[-78.33031,39.455332],[-78.344392,39.464348],[-78.347087,39.466012],[-78.349798,39.461807],[-78.349094,39.461759],[-78.345452,39.459907],[-78.345081,39.458487],[-78.345603,39.456732],[-78.345823,39.453499],[-78.347046,39.450236],[-78.347333,39.447659],[-78.346061,39.445613],[-78.346546,39.442616],[-78.347773,39.440583],[-78.353227,39.436792],[-78.350388,39.433323],[-78.347942,39.430879],[-78.347701,39.428718],[-78.346718,39.427618],[-78.348354,39.424431],[-78.350111,39.422562],[-78.351236,39.420595],[-78.357024,39.416638],[-78.356452,39.41543],[-78.359352,39.412534],[-78.359918,39.409028],[-78.358794,39.405631],[-78.357949,39.404192],[-78.356248,39.403301],[-78.355788,39.402509],[-78.349884,39.397939],[-78.349298,39.39657],[-78.349613,39.393879],[-78.351211,39.3914],[-78.35003,39.390657],[-78.346675,39.390556],[-78.344675,39.389106],[-78.343214,39.388807],[-78.346875,39.383306],[-78.347999,39.381363],[-78.350108,39.379144],[-78.351098,39.377661],[-78.352097,39.375098],[-78.355362,39.370985],[-78.357712,39.368387],[-78.358367,39.368134],[-78.361647,39.363903],[-78.364045,39.36153],[-78.366867,39.35929],[-78.362404,39.357834],[-78.357521,39.356933],[-78.351391,39.355202],[-78.348927,39.354713],[-78.340415,39.353628],[-78.34071,39.352233],[-78.339151,39.351949],[-78.339527,39.350802],[-78.338958,39.349889],[-78.339284,39.348605],[-78.341308,39.345555],[-78.343114,39.34683],[-78.344539,39.346277],[-78.346777,39.344266],[-78.347634,39.34272],[-78.345574,39.341228],[-78.346301,39.339108],[-78.348755,39.336121],[-78.350172,39.334672],[-78.350512,39.33309],[-78.351717,39.33145],[-78.353086,39.329746],[-78.353915,39.327919],[-78.355709,39.327144],[-78.355576,39.325726],[-78.356427,39.323722],[-78.358393,39.320189],[-78.360571,39.317597],[-78.362864,39.318957],[-78.364074,39.31882],[-78.364684,39.317312],[-78.363871,39.316253],[-78.364203,39.315218],[-78.365842,39.313983],[-78.367242,39.310148],[-78.367891,39.309485],[-78.370541,39.308401],[-78.374728,39.305136],[-78.377881,39.301862],[-78.378968,39.300202],[-78.380902,39.298512],[-78.385052,39.295664],[-78.387238,39.29343],[-78.387194,39.291444],[-78.388785,39.288572],[-78.391318,39.28548],[-78.392406,39.284788],[-78.393371,39.282988],[-78.396559,39.282078],[-78.397896,39.280562],[-78.399228,39.281519],[-78.400546,39.280922],[-78.402886,39.278624],[-78.402702,39.277456],[-78.401813,39.276754],[-78.402783,39.275471],[-78.407823,39.270454],[-78.408237,39.269545],[-78.409712,39.268409],[-78.414204,39.26391],[-78.415028,39.262504],[-78.417013,39.260867],[-78.418413,39.258501],[-78.419422,39.257476],[-78.418584,39.256065],[-78.41612,39.25541],[-78.414631,39.255733],[-78.409116,39.252564],[-78.406817,39.250575],[-78.405707,39.249056],[-78.40392,39.247643],[-78.403008,39.246417],[-78.399843,39.244254],[-78.399669,39.243874],[-78.404214,39.241214],[-78.404612,39.238873],[-78.404982,39.237611],[-78.404345,39.236095],[-78.404239,39.235405],[-78.405327,39.234178],[-78.406031,39.232931],[-78.405459,39.231698],[-78.405937,39.230847],[-78.407351,39.23015],[-78.409103,39.227467],[-78.413046,39.223132],[-78.415641,39.220709],[-78.41724,39.218329],[-78.420548,39.214798],[-78.423018,39.212575],[-78.424459,39.211803],[-78.427876,39.208764],[-78.428734,39.207374],[-78.429859,39.207],[-78.429896,39.20699],[-78.430363,39.206863],[-78.430818,39.206389],[-78.43117,39.205907],[-78.431168,39.2058],[-78.432188,39.204828],[-78.433293,39.202621],[-78.43568,39.200526],[-78.437606,39.199247],[-78.438695,39.198093],[-78.438218,39.197618],[-78.436662,39.196658],[-78.433779,39.19666],[-78.432817,39.196125],[-78.430846,39.196227],[-78.42962,39.193577],[-78.428676,39.192633],[-78.426024,39.19414],[-78.424292,39.192156],[-78.428697,39.187217],[-78.427705,39.185975],[-78.426932,39.185563],[-78.427041,39.184179],[-78.426315,39.182762],[-78.423989,39.182491],[-78.422853,39.180961],[-78.418944,39.177354],[-78.414844,39.177835],[-78.413725,39.17442],[-78.413131,39.173638],[-78.41074,39.171983],[-78.408106,39.171461],[-78.406966,39.170903],[-78.405246,39.168629],[-78.403907,39.167738],[-78.407229,39.164378],[-78.408622,39.163528],[-78.409698,39.162171],[-78.412599,39.160038],[-78.413943,39.158415],[-78.416849,39.157618],[-78.418377,39.156656],[-78.424561,39.154096],[-78.427294,39.152726],[-78.42875,39.151313],[-78.430075,39.1492],[-78.432661,39.145746],[-78.434095,39.144695],[-78.434811,39.143047],[-78.436658,39.141691],[-78.43687,39.139873],[-78.437732,39.13683],[-78.437771,39.135426],[-78.439429,39.132146],[-78.440387,39.131609],[-78.441948,39.129577],[-78.44656,39.125764],[-78.448296,39.124051],[-78.452221,39.120715],[-78.453802,39.120004],[-78.454787,39.118443],[-78.459311,39.114273],[-78.459869,39.113351],[-78.463813,39.113286],[-78.466662,39.112858],[-78.46953,39.111204],[-78.470149,39.110238],[-78.473209,39.108143],[-78.475103,39.10754],[-78.476058,39.107754],[-78.477832,39.109605],[-78.479597,39.109505],[-78.484283,39.107372],[-78.48976,39.103856],[-78.493734,39.10159],[-78.49516,39.100992],[-78.495984,39.09898],[-78.499731,39.095933],[-78.501728,39.094549],[-78.504384,39.091398],[-78.508132,39.08863],[-78.510485,39.085402],[-78.512103,39.084878],[-78.516479,39.081802],[-78.515955,39.080046],[-78.516789,39.077569],[-78.518112,39.076122],[-78.521561,39.073452],[-78.522714,39.071062],[-78.526543,39.068221],[-78.529125,39.067559],[-78.53223,39.06605],[-78.53458,39.064406],[-78.535108,39.062905],[-78.540216,39.060631],[-78.541403,39.059119],[-78.544182,39.056559],[-78.545679,39.055052],[-78.547734,39.054069],[-78.550297,39.051755],[-78.550755,39.050786],[-78.552741,39.04849],[-78.554263,39.048058],[-78.556748,39.044527],[-78.559997,39.041573],[-78.561609,39.040842],[-78.562643,39.039686],[-78.564604,39.038558],[-78.565358,39.037072],[-78.568037,39.035443],[-78.568926,39.034182],[-78.571901,39.031995],[-78.571062,39.03095],[-78.569046,39.029475],[-78.565837,39.026303],[-78.565073,39.025935],[-78.563294,39.026328],[-78.562085,39.025382],[-78.558948,39.024007],[-78.558166,39.022035],[-78.55738,39.021393],[-78.552457,39.018776],[-78.550467,39.018065],[-78.552321,39.016374],[-78.554919,39.015124],[-78.5594,39.011877],[-78.561711,39.009007],[-78.562628,39.007198],[-78.569029,39.002951],[-78.573388,38.998477],[-78.577917,38.993003],[-78.580465,38.990567],[-78.581981,38.988398],[-78.582928,38.985416],[-78.585972,38.982859],[-78.587653,38.980714],[-78.587321,38.979747],[-78.588704,38.978579],[-78.588929,38.976958],[-78.590827,38.975539],[-78.593261,38.971918],[-78.596015,38.970192],[-78.598894,38.969546],[-78.601399,38.96653],[-78.601655,38.964603],[-78.608369,38.969743],[-78.610197,38.970476],[-78.610574,38.975103],[-78.611184,38.976134],[-78.612588,38.976287],[-78.614312,38.97585],[-78.618676,38.974082],[-78.618749,38.975066],[-78.619982,38.977338],[-78.620191,38.979829],[-78.619914,38.981288],[-78.620453,38.982601],[-78.621784,38.982383],[-78.625672,38.982575],[-78.629553,38.980866],[-78.630846,38.979586],[-78.632452,38.976983],[-78.632471,38.974739],[-78.635371,38.970412],[-78.638423,38.966819],[-78.641995,38.967684],[-78.646589,38.968138],[-78.648265,38.966044],[-78.648258,38.965156],[-78.649335,38.9636],[-78.652352,38.960677],[-78.65305,38.95854],[-78.655043,38.953766],[-78.657463,38.950898],[-78.65905,38.947375],[-78.66037,38.946966],[-78.662083,38.945702],[-78.665886,38.941579],[-78.666594,38.9392],[-78.668257,38.937395],[-78.670679,38.9338],[-78.672495,38.932545],[-78.674272,38.930692],[-78.676253,38.929227],[-78.677449,38.927908],[-78.679381,38.92657],[-78.680456,38.925313],[-78.681617,38.92584],[-78.684904,38.925121],[-78.688266,38.92478],[-78.689608,38.923665],[-78.69145,38.922195],[-78.692714,38.91959],[-78.696135,38.917169],[-78.69738,38.915602],[-78.697623,38.914278],[-78.702237,38.915621],[-78.704323,38.915231],[-78.707475,38.912725],[-78.708941,38.911064],[-78.712622,38.908665],[-78.714969,38.906428],[-78.716168,38.90483],[-78.717178,38.904296],[-78.718647,38.904561],[-78.71992,38.906403],[-78.719901,38.908052],[-78.720931,38.91016],[-78.720646,38.9123],[-78.720466,38.914379],[-78.719348,38.915749],[-78.719823,38.916448],[-78.720149,38.916928],[-78.719288,38.920886],[-78.720073,38.923491],[-78.71962,38.92651],[-78.718352,38.930224],[-78.717076,38.936028],[-78.718483,38.934266],[-78.721052,38.932218],[-78.723584,38.931112],[-78.726222,38.930932],[-78.729156,38.930002],[-78.732148,38.929376],[-78.736971,38.92752],[-78.73868,38.927362],[-78.742115,38.924516],[-78.744943,38.921132],[-78.744433,38.920228],[-78.748112,38.917511],[-78.750517,38.916028],[-78.751156,38.91469],[-78.750357,38.911675],[-78.752085,38.910869],[-78.75369,38.909564],[-78.754658,38.907581],[-78.754516,38.905728],[-78.757592,38.902939],[-78.759085,38.900529],[-78.761768,38.899635],[-78.764309,38.898159],[-78.767425,38.89712],[-78.769358,38.897064],[-78.770725,38.896104],[-78.772793,38.893742],[-78.779198,38.892298],[-78.786025,38.887187],[-78.788031,38.885123],[-78.789306,38.882503],[-78.790078,38.880076],[-78.791065,38.879028],[-78.79161,38.877593],[-78.795136,38.875996],[-78.79633,38.875111],[-78.796657,38.873646],[-78.798816,38.870602],[-78.802272,38.864824],[-78.804771,38.861246],[-78.805046,38.859738],[-78.806025,38.857207],[-78.80818,38.856175],[-78.809426,38.853408],[-78.809559,38.852058],[-78.811223,38.848589],[-78.812771,38.846124],[-78.8149,38.842033],[-78.815996,38.839514],[-78.817663,38.837187],[-78.821167,38.830982],[-78.822872,38.828785],[-78.824253,38.826406],[-78.826138,38.824436],[-78.827026,38.822975],[-78.827262,38.82161],[-78.829056,38.818625],[-78.831659,38.814895],[-78.834881,38.812034],[-78.835493,38.809925],[-78.837776,38.808101],[-78.839708,38.805871],[-78.841559,38.803103],[-78.844698,38.799719],[-78.846311,38.797447],[-78.84663,38.796035],[-78.848187,38.794978],[-78.849814,38.793012],[-78.850566,38.791075],[-78.852791,38.788055],[-78.853376,38.786678],[-78.855191,38.784087],[-78.855203,38.783573],[-78.857236,38.781355],[-78.85981,38.777856],[-78.861482,38.775223],[-78.861668,38.774204],[-78.863684,38.7718],[-78.865221,38.767757],[-78.869261,38.76298],[-78.891402,38.778447],[-78.896011,38.781665],[-78.897406,38.782643],[-78.941433,38.813386],[-78.941966,38.813755],[-78.945651,38.816332],[-78.97728,38.83841],[-78.993761,38.850021],[-78.99645,38.848137],[-78.998171,38.847353],[-79.000252,38.845412],[-78.998863,38.840962],[-78.999014,38.840074],[-79.000952,38.837712],[-79.002352,38.836512],[-79.004852,38.830712],[-79.006352,38.826112],[-79.006137,38.824511],[-79.006946,38.823315],[-79.007952,38.822312],[-79.009745,38.821612],[-79.012652,38.820112],[-79.013585,38.820014],[-79.013615,38.820018],[-79.014152,38.820112],[-79.014656,38.820318],[-79.014728,38.820316],[-79.01655,38.820054],[-79.019534,38.817907],[-79.020153,38.816112],[-79.019632,38.814415],[-79.019842,38.811711],[-79.020762,38.811214],[-79.023653,38.809812],[-79.024253,38.807412],[-79.023453,38.806112],[-79.024453,38.803712],[-79.023453,38.802612],[-79.022953,38.800113],[-79.023041,38.798611],[-79.024253,38.797213],[-79.026153,38.793413],[-79.027253,38.792113],[-79.029253,38.791013],[-79.033153,38.791013],[-79.036853,38.791713],[-79.041653,38.791913],[-79.044454,38.791607],[-79.045758,38.792108],[-79.047349,38.79181],[-79.048954,38.790713],[-79.05287,38.787418],[-79.054954,38.785713],[-79.055642,38.783611],[-79.055354,38.782213],[-79.053954,38.780213],[-79.052454,38.779213],[-79.051654,38.778013],[-79.052054,38.775513],[-79.051268,38.773602],[-79.051554,38.772613],[-79.053754,38.772313],[-79.055654,38.770913],[-79.055777,38.768918],[-79.056554,38.767313],[-79.057354,38.761913],[-79.057254,38.760713],[-79.058954,38.759113],[-79.060954,38.756713],[-79.065654,38.754013],[-79.067573,38.752043],[-79.069144,38.75101],[-79.069754,38.749313],[-79.071454,38.748613],[-79.072555,38.747513],[-79.072655,38.745225],[-79.073855,38.742114],[-79.076555,38.739214],[-79.079055,38.737214],[-79.080355,38.732514],[-79.081555,38.731014],[-79.083155,38.727714],[-79.084255,38.726514],[-79.086255,38.722914],[-79.087255,38.719114],[-79.086455,38.717415],[-79.086555,38.716015],[-79.088055,38.712815],[-79.089255,38.709415],[-79.091066,38.706019],[-79.091755,38.703915],[-79.092955,38.702002],[-79.092447,38.699642],[-79.091355,38.698015],[-79.091355,38.694515],[-79.090955,38.692915],[-79.089655,38.691315],[-79.088055,38.690115],[-79.085547,38.688824],[-79.0843,38.686507],[-79.084655,38.684516],[-79.086255,38.682116],[-79.087055,38.677016],[-79.088255,38.672916],[-79.090655,38.669716],[-79.092246,38.668114],[-79.092947,38.664432],[-79.092839,38.661354],[-79.092955,38.659517],[-79.094455,38.658917],[-79.096555,38.659017],[-79.100656,38.657517],[-79.103356,38.657217],[-79.106118,38.656217],[-79.107056,38.656417],[-79.109671,38.658436],[-79.110956,38.659517],[-79.113256,38.659817],[-79.114337,38.659327],[-79.115955,38.658809],[-79.120256,38.660216],[-79.122256,38.659817],[-79.123257,38.658917],[-79.123454,38.656917],[-79.124356,38.655817],[-79.126356,38.655108],[-79.129455,38.655318],[-79.131056,38.653218],[-79.131117,38.651197],[-79.13125,38.650315],[-79.132557,38.649117],[-79.132657,38.647517],[-79.133457,38.646617],[-79.133557,38.645317],[-79.135643,38.643954],[-79.137348,38.640016],[-79.137557,38.638017],[-79.139657,38.637217],[-79.142657,38.634417],[-79.143651,38.632316],[-79.14395,38.630511],[-79.144657,38.630018],[-79.145957,38.626818],[-79.147057,38.625318],[-79.149087,38.623657],[-79.151457,38.620218],[-79.152557,38.616518],[-79.153957,38.614518],[-79.155559,38.610484],[-79.155557,38.609218],[-79.154657,38.607918],[-79.154656,38.605919],[-79.156657,38.604118],[-79.159158,38.601219],[-79.159258,38.599819],[-79.158657,38.597619],[-79.159558,38.594819],[-79.158257,38.593919],[-79.158257,38.593119],[-79.159858,38.590219],[-79.161658,38.588219],[-79.163442,38.582817],[-79.165357,38.58092],[-79.167558,38.579819],[-79.168101,38.578822],[-79.168158,38.577519],[-79.170858,38.574119],[-79.171658,38.57222],[-79.170859,38.57012],[-79.170954,38.568116],[-79.174112,38.566643],[-79.176658,38.56552],[-79.177258,38.56332],[-79.177958,38.56232],[-79.180858,38.55992],[-79.181658,38.55852],[-79.182058,38.55632],[-79.184258,38.55132],[-79.186158,38.55012],[-79.188958,38.54742],[-79.190058,38.54542],[-79.193458,38.542421],[-79.195359,38.539321],[-79.196159,38.537221],[-79.199059,38.535021],[-79.198859,38.532121],[-79.200659,38.529921],[-79.201459,38.527821],[-79.203059,38.526421],[-79.205859,38.524521],[-79.206459,38.522721],[-79.206359,38.520521],[-79.207159,38.517621],[-79.208859,38.514621],[-79.209759,38.511922],[-79.209759,38.510322],[-79.210959,38.507422],[-79.207159,38.503822],[-79.208083,38.499749],[-79.20849,38.496991],[-79.209703,38.495574],[-79.210591,38.492913],[-79.21241,38.491826],[-79.214747,38.490676],[-79.21569,38.488595],[-79.219067,38.487441],[-79.221406,38.484837],[-79.22131,38.483881],[-79.221009,38.482086],[-79.220961,38.48059],[-79.224583,38.477588],[-79.225669,38.476471],[-79.227689,38.476],[-79.229316,38.474818],[-79.230782,38.474489],[-79.235707,38.47241],[-79.2369,38.471455],[-79.239125,38.470741],[-79.239881,38.470079],[-79.240618,38.467877],[-79.241799,38.466212],[-79.242037,38.465051],[-79.241665,38.461926],[-79.241945,38.459791],[-79.241853,38.457101],[-79.242388,38.454486],[-79.242949,38.454023],[-79.245672,38.45338],[-79.247901,38.453401],[-79.248743,38.454002],[-79.251252,38.454645],[-79.253174,38.455835],[-79.254482,38.45593],[-79.255764,38.454276],[-79.256978,38.450567],[-79.25846,38.449429],[-79.261103,38.44807],[-79.262572,38.445843],[-79.262903,38.444652],[-79.263568,38.443687],[-79.265041,38.44269],[-79.265321,38.441835],[-79.266329,38.43944],[-79.267319,38.438274],[-79.26918,38.437379],[-79.271534,38.437499],[-79.274518,38.436358],[-79.275342,38.434992],[-79.277759,38.434402],[-79.279114,38.432837],[-79.282238,38.432091],[-79.28269,38.431086],[-79.282128,38.428631],[-79.280796,38.426868],[-79.279692,38.424211],[-79.280313,38.420361],[-79.28294,38.4181],[-79.285624,38.41925],[-79.286907,38.420566],[-79.28845,38.420966],[-79.290934,38.420926],[-79.292006,38.419736],[-79.293665,38.418682],[-79.296111,38.418349],[-79.297689,38.416446],[-79.300085,38.414891],[-79.304581,38.415511],[-79.306229,38.415075],[-79.307211,38.413865],[-79.30892,38.412746],[-79.310762,38.412628],[-79.312276,38.411876],[-79.325307,38.415269],[-79.337668,38.418593],[-79.370132,38.427197],[-79.396556,38.434609],[-79.398232,38.435077],[-79.407732,38.43774],[-79.422928,38.44199],[-79.430182,38.444041],[-79.450737,38.449874],[-79.476396,38.457159],[-79.476638,38.457228],[-79.496576,38.492168],[-79.496656,38.492308],[-79.498462,38.495465],[-79.501251,38.499837],[-79.504239,38.505235],[-79.506505,38.509004],[-79.510353,38.515409],[-79.516481,38.525612],[-79.521788,38.534323],[-79.523569,38.535018],[-79.524569,38.536118],[-79.526669,38.537118],[-79.52707,38.538317],[-79.52827,38.539117],[-79.52837,38.540217],[-79.53017,38.541817],[-79.53197,38.542417],[-79.53197,38.543117],[-79.53377,38.545217],[-79.53367,38.546617],[-79.53567,38.548317],[-79.53687,38.550917],[-79.53827,38.551817],[-79.54077,38.552117],[-79.54417,38.554017],[-79.54567,38.554517],[-79.554671,38.559917],[-79.558771,38.560917],[-79.562471,38.560917],[-79.565571,38.562317],[-79.569306,38.562917],[-79.572712,38.563463],[-79.573159,38.563626],[-79.597913,38.572752],[-79.597981,38.572781],[-79.647712,38.591018],[-79.649075,38.591515],[-79.650475,38.589115],[-79.651175,38.587215],[-79.653975,38.584715],[-79.655175,38.583116],[-79.655875,38.581416],[-79.655375,38.579316],[-79.656259,38.576011],[-79.657975,38.574516],[-79.658175,38.573016],[-79.660375,38.572516],[-79.662875,38.570416],[-79.662275,38.568016],[-79.661105,38.567131],[-79.660575,38.566716],[-79.660475,38.564516],[-79.659475,38.563516],[-79.659275,38.562416],[-79.661425,38.56096],[-79.662575,38.560516],[-79.665075,38.560916],[-79.665975,38.558216],[-79.665889,38.557384],[-79.667175,38.555016],[-79.667076,38.553785],[-79.667275,38.552616],[-79.669575,38.550816],[-79.669775,38.550116],[-79.668875,38.548516],[-79.669575,38.546816],[-79.669175,38.545316],[-79.669675,38.543416],[-79.670575,38.542216],[-79.670675,38.540316],[-79.668904,38.540046],[-79.666873,38.538616],[-79.667831,38.537321],[-79.668073,38.535516],[-79.670576,38.531817],[-79.671774,38.530717],[-79.672974,38.528717],[-79.671572,38.527514],[-79.670074,38.527117],[-79.668774,38.525317],[-79.666774,38.524317],[-79.664274,38.520117],[-79.662774,38.518317],[-79.662774,38.516817],[-79.662074,38.515517],[-79.663474,38.514117],[-79.665674,38.513817],[-79.668474,38.512317],[-79.669128,38.510952],[-79.670187,38.507755],[-79.67198,38.508589],[-79.674074,38.510417],[-79.677174,38.510217],[-79.680374,38.510617],[-79.681574,38.508217],[-79.681074,38.505317],[-79.683074,38.503617],[-79.682474,38.502517],[-79.682774,38.501617],[-79.688345,38.496183],[-79.691301,38.496768],[-79.692273,38.496474],[-79.69302,38.494917],[-79.694506,38.494232],[-79.695072,38.492281],[-79.696107,38.490636],[-79.695992,38.488237],[-79.697572,38.487223],[-79.696959,38.484574],[-79.695462,38.481454],[-79.693504,38.481244],[-79.693685,38.479461],[-79.69418,38.478311],[-79.69596,38.477657],[-79.698988,38.474988],[-79.699622,38.473967],[-79.69877,38.471984],[-79.69893,38.469869],[-79.695588,38.469058],[-79.693638,38.466072],[-79.693089,38.465034],[-79.691086,38.463743],[-79.690656,38.461906],[-79.688873,38.458693],[-79.688366,38.45687],[-79.688163,38.454319],[-79.688438,38.452915],[-79.688105,38.450444],[-79.688813,38.449579],[-79.691424,38.446812],[-79.690399,38.44435],[-79.689251,38.442029],[-79.691623,38.439356],[-79.691743,38.437064],[-79.69093,38.433995],[-79.689908,38.432864],[-79.689667,38.431462],[-79.690998,38.430496],[-79.692145,38.429954],[-79.694262,38.42788],[-79.696831,38.426757],[-79.695431,38.424874],[-79.695273,38.423685],[-79.699734,38.42187],[-79.700501,38.420297],[-79.702782,38.419357],[-79.70406,38.417577],[-79.706634,38.41573],[-79.709289,38.411236],[-79.708819,38.409963],[-79.709923,38.408238],[-79.712325,38.407396],[-79.712904,38.405034],[-79.714875,38.403256],[-79.717365,38.401562],[-79.717546,38.400484],[-79.719717,38.396431],[-79.721135,38.394892],[-79.720992,38.393508],[-79.722653,38.389517],[-79.72635,38.38707],[-79.727131,38.384821],[-79.726923,38.384016],[-79.728293,38.382058],[-79.729512,38.381194],[-79.730821,38.377749],[-79.730968,38.375754],[-79.731661,38.374143],[-79.731491,38.372997],[-79.730494,38.372217],[-79.727676,38.371701],[-79.72679,38.370832],[-79.726781,38.369032],[-79.725775,38.36654],[-79.725597,38.363828],[-79.727053,38.362233],[-79.729344,38.36183],[-79.732059,38.360168],[-79.73243,38.358737],[-79.7346,38.356728],[-79.734901,38.355548],[-79.736463,38.354841],[-79.737979,38.354965],[-79.742771,38.353367],[-79.74595,38.354358],[-79.747547,38.354328],[-79.748639,38.355415],[-79.750668,38.355907],[-79.753615,38.356128],[-79.75556,38.357372],[-79.757626,38.357566],[-79.761502,38.356856],[-79.764175,38.356634],[-79.767097,38.353628],[-79.765953,38.35209],[-79.76598,38.351291],[-79.768229,38.349203],[-79.770349,38.3478],[-79.7691,38.346528],[-79.76811,38.346233],[-79.767594,38.344302],[-79.769906,38.341843],[-79.770557,38.339868],[-79.772175,38.338479],[-79.77309,38.335529],[-79.774461,38.334325],[-79.776617,38.333373],[-79.778553,38.331937],[-79.780256,38.331395],[-79.783681,38.331909],[-79.785806,38.331095],[-79.786746,38.32871],[-79.788226,38.32799],[-79.789912,38.328295],[-79.790523,38.32737],[-79.794291,38.324439],[-79.796684,38.323303],[-79.797045,38.321642],[-79.797995,38.320548],[-79.798159,38.319161],[-79.799617,38.317149],[-79.802325,38.316264],[-79.805889,38.31188],[-79.808711,38.309429],[-79.810154,38.306707],[-79.809934,38.304681],[-79.807542,38.301694],[-79.804026,38.298622],[-79.803346,38.296682],[-79.802942,38.292748],[-79.802299,38.291829],[-79.797695,38.292004],[-79.795448,38.290228],[-79.794543,38.288078],[-79.791999,38.285187],[-79.789791,38.281167],[-79.790305,38.278256],[-79.790005,38.277351],[-79.787893,38.275414],[-79.786609,38.274884],[-79.788269,38.27188],[-79.788945,38.268703],[-79.790134,38.267654],[-79.791903,38.267376],[-79.795921,38.265552],[-79.79717,38.266154],[-79.798298,38.265957],[-79.801273,38.261473],[-79.802202,38.260817],[-79.805075,38.260006],[-79.806513,38.259202],[-79.811421,38.260386],[-79.812147,38.260252],[-79.813643,38.258853],[-79.81462,38.25726],[-79.815709,38.255067],[-79.815718,38.25365],[-79.814864,38.251569],[-79.817145,38.249509],[-79.819625,38.248232],[-79.82101,38.248279],[-79.825283,38.250488],[-79.828068,38.249828],[-79.830713,38.249713],[-79.831445,38.249109],[-79.832969,38.247557],[-79.834029,38.244956],[-79.834167,38.242911],[-79.835113,38.241897],[-79.837481,38.24128],[-79.843657,38.241505],[-79.843982,38.241459],[-79.844309,38.241321],[-79.844628,38.241263],[-79.844956,38.241197],[-79.845212,38.241074],[-79.845788,38.240653],[-79.846255,38.240276],[-79.846454,38.239989],[-79.846533,38.239578],[-79.847155,38.238312],[-79.850326,38.233324],[-79.856972,38.231067],[-79.860456,38.227097],[-79.860537,38.22568],[-79.862498,38.224195],[-79.864302,38.223503],[-79.866808,38.221186],[-79.867996,38.219442],[-79.870273,38.218365],[-79.873934,38.215385],[-79.874594,38.212976],[-79.877914,38.211318],[-79.87925,38.21092],[-79.880051,38.209576],[-79.88199,38.208257],[-79.882059,38.208118],[-79.88221,38.207908],[-79.882525,38.207452],[-79.882824,38.207098],[-79.883322,38.206843],[-79.88455,38.207957],[-79.886413,38.207953],[-79.888462,38.207093],[-79.888544,38.207039],[-79.889199,38.20646],[-79.890267,38.205891],[-79.891837,38.204322],[-79.892772,38.200174],[-79.893678,38.199415],[-79.894141,38.199346],[-79.894263,38.199266],[-79.894325,38.199145],[-79.894372,38.19879],[-79.894738,38.198446],[-79.897184,38.196169],[-79.897335,38.193381],[-79.89964,38.192459],[-79.901785,38.190924],[-79.903242,38.190629],[-79.907621,38.187946],[-79.910034,38.188183],[-79.911736,38.187647],[-79.91441,38.188418],[-79.916303,38.186336],[-79.916344,38.186278],[-79.916385,38.186004],[-79.916346,38.185746],[-79.916185,38.185278],[-79.916145,38.184972],[-79.91617,38.184488],[-79.916175,38.184387],[-79.916182,38.184223],[-79.916675,38.183813],[-79.91832,38.183477],[-79.920075,38.182529],[-79.921038,38.181105],[-79.921026,38.179954],[-79.919102,38.178909],[-79.917637,38.17865],[-79.916622,38.177994],[-79.916454,38.176817],[-79.916991,38.17507],[-79.917891,38.174021],[-79.918948,38.17189],[-79.918913,38.170439],[-79.917925,38.168399],[-79.916678,38.168401],[-79.915065,38.168088],[-79.914884,38.167524],[-79.916228,38.164988],[-79.915939,38.163658],[-79.916654,38.163006],[-79.919392,38.16285],[-79.919078,38.160102],[-79.919806,38.158797],[-79.918567,38.158062],[-79.919013,38.156161],[-79.918662,38.15479],[-79.919705,38.153519],[-79.92249,38.15184],[-79.923125,38.150874],[-79.925251,38.150465],[-79.926225,38.149404],[-79.926191,38.147696],[-79.927491,38.145708],[-79.928683,38.144928],[-79.929031,38.139771],[-79.930522,38.138154],[-79.9319,38.137334],[-79.932749,38.136159],[-79.934263,38.135065],[-79.937294,38.13478],[-79.939397,38.135107],[-79.941135,38.134345],[-79.942671,38.134328],[-79.942943,38.133533],[-79.945187,38.131989],[-79.944289,38.130166],[-79.944101,38.128643],[-79.941174,38.12527],[-79.941233,38.124576],[-79.943244,38.123147],[-79.940667,38.120873],[-79.940716,38.119021],[-79.941464,38.117369],[-79.939592,38.114362],[-79.938946,38.111628],[-79.937684,38.110813],[-79.935664,38.111153],[-79.93435,38.109722],[-79.932471,38.109728],[-79.928885,38.108877],[-79.92633,38.107147],[-79.927875,38.104454],[-79.931044,38.101373],[-79.933918,38.099115],[-79.934256,38.097676],[-79.93635,38.095594],[-79.938277,38.094745],[-79.939874,38.093084],[-79.942365,38.091589],[-79.946606,38.086951],[-79.947289,38.085046],[-79.949928,38.083812],[-79.951456,38.0825],[-79.953511,38.08148],[-79.954536,38.079745],[-79.954127,38.078763],[-79.95555,38.077618],[-79.957758,38.07205],[-79.959351,38.071167],[-79.959148,38.0701],[-79.960094,38.068675],[-79.961647,38.067415],[-79.961805,38.065875],[-79.959496,38.064297],[-79.960162,38.062547],[-79.961563,38.060582],[-79.962674,38.057666],[-79.963785,38.056623],[-79.963984,38.055287],[-79.965316,38.053408],[-79.96608,38.05082],[-79.967841,38.048858],[-79.968189,38.047709],[-79.971144,38.044648],[-79.973895,38.040004],[-79.973235,38.037737],[-79.971525,38.035449],[-79.973857,38.034567],[-79.97387,38.032308],[-79.975407,38.031391],[-79.975269,38.030075],[-79.977334,38.028713],[-79.978427,38.029082],[-79.98029,38.027596],[-79.980778,38.02611],[-79.983307,38.022794],[-79.983989,38.020737],[-79.985619,38.01916],[-79.985792,38.018089],[-79.984842,38.01661],[-79.986139,38.015424],[-79.986142,38.014182],[-79.988389,38.013919],[-79.990114,38.013246],[-79.991918,38.010526],[-79.993703,38.009346],[-79.995488,38.007125],[-79.995901,38.005791],[-79.994904,38.004077],[-79.996134,38.000996],[-79.997137,38.000124],[-79.998883,37.999477],[-79.998556,37.997729],[-79.999386,37.996552],[-79.999241,37.99519],[-80.001643,37.994368],[-80.002507,37.992767],[-80.006732,37.991403],[-80.007651,37.990609],[-80.008888,37.99083],[-80.010259,37.989336],[-80.011683,37.988914],[-80.012891,37.987443],[-80.012555,37.985999],[-80.013145,37.984253],[-80.015935,37.983085],[-80.017947,37.981271],[-80.020631,37.980748],[-80.021992,37.979068],[-80.022141,37.978021],[-80.024168,37.976907],[-80.024619,37.976248],[-80.02598,37.976252],[-80.026322,37.975052],[-80.027251,37.974266],[-80.029183,37.974054],[-80.030268,37.972647],[-80.034717,37.96893],[-80.03598,37.968249],[-80.036908,37.965907],[-80.040423,37.96562],[-80.040891,37.963744],[-80.041877,37.963473],[-80.044071,37.96161],[-80.044476,37.96008],[-80.046872,37.960055],[-80.04841,37.957481],[-80.051043,37.956852],[-80.053614,37.954628],[-80.054663,37.954204],[-80.056056,37.951959],[-80.056839,37.951833],[-80.059608,37.950302],[-80.06094,37.949983],[-80.062926,37.948748],[-80.063603,37.94763],[-80.065908,37.947459],[-80.069431,37.945463],[-80.070049,37.943885],[-80.07197,37.943391],[-80.074514,37.942221],[-80.07471,37.941557],[-80.075441,37.939629],[-80.077123,37.938239],[-80.079597,37.936981],[-80.080823,37.935526],[-80.084569,37.9334],[-80.085297,37.931992],[-80.086344,37.931632],[-80.086954,37.929547],[-80.088932,37.927811],[-80.091058,37.926906],[-80.09206,37.92541],[-80.092019,37.923516],[-80.094965,37.921009],[-80.095164,37.919825],[-80.096563,37.918112],[-80.099331,37.918369],[-80.100313,37.918864],[-80.102931,37.918911],[-80.103776,37.916278],[-80.105647,37.915726],[-80.107146,37.914239],[-80.107205,37.912442],[-80.109014,37.911955],[-80.109656,37.911264],[-80.112006,37.910109],[-80.113357,37.90755],[-80.116884,37.906292],[-80.117239,37.904278],[-80.118967,37.903614],[-80.119106,37.902018],[-80.117621,37.900791],[-80.117332,37.899605],[-80.117747,37.89772],[-80.120613,37.896735],[-80.12362,37.897943],[-80.125574,37.896463],[-80.127046,37.894808],[-80.129768,37.894159],[-80.130492,37.893492],[-80.129981,37.892773],[-80.131931,37.8895],[-80.133755,37.888282],[-80.135053,37.888239],[-80.135424,37.887386],[-80.137987,37.886284],[-80.140609,37.883932],[-80.141522,37.882436],[-80.142949,37.884119],[-80.145605,37.884129],[-80.148737,37.886955],[-80.149906,37.885138],[-80.149848,37.883364],[-80.153231,37.882257],[-80.155321,37.880548],[-80.158291,37.877706],[-80.162202,37.875122],[-80.162652,37.873614],[-80.163781,37.872979],[-80.165373,37.870867],[-80.165073,37.869025],[-80.165535,37.868515],[-80.167992,37.86796],[-80.168957,37.867116],[-80.169772,37.865396],[-80.172033,37.862144],[-80.172076,37.860066],[-80.171641,37.858966],[-80.173445,37.856845],[-80.176196,37.855265],[-80.176741,37.852757],[-80.179574,37.852465],[-80.181815,37.852724],[-80.183062,37.850646],[-80.183044,37.848625],[-80.183594,37.84784],[-80.183088,37.845613],[-80.181626,37.844028],[-80.180744,37.841594],[-80.179391,37.839751],[-80.181768,37.838343],[-80.185239,37.83811],[-80.18638,37.837741],[-80.187785,37.836371],[-80.190131,37.834841],[-80.192966,37.83475],[-80.193627,37.832853],[-80.195543,37.830844],[-80.201464,37.82581],[-80.202853,37.82424],[-80.206118,37.818203],[-80.206482,37.81597],[-80.210965,37.812598],[-80.216939,37.809505],[-80.218611,37.809783],[-80.222791,37.804247],[-80.225362,37.801097],[-80.225283,37.800268],[-80.227092,37.798886],[-80.229228,37.79466],[-80.229489,37.792331],[-80.227965,37.791714],[-80.226055,37.789835],[-80.226183,37.788425],[-80.224448,37.787495],[-80.224268,37.787432],[-80.222914,37.786273],[-80.224152,37.785628],[-80.224537,37.784595],[-80.224067,37.782988],[-80.222082,37.781769],[-80.220092,37.78316],[-80.219082,37.783368],[-80.215892,37.781989],[-80.216364,37.779401],[-80.215642,37.779003],[-80.215658,37.777481],[-80.216816,37.775863],[-80.217176,37.776505],[-80.21948,37.777198],[-80.221178,37.77812],[-80.222362,37.778208],[-80.223031,37.777278],[-80.225163,37.776917],[-80.226707,37.778694],[-80.227645,37.77887],[-80.23086,37.777996],[-80.230881,37.776998],[-80.232011,37.775621],[-80.234013,37.77448],[-80.235449,37.774437],[-80.235892,37.77313],[-80.240863,37.772442],[-80.241241,37.771795],[-80.241437,37.768058],[-80.244563,37.767005],[-80.246869,37.768035],[-80.248389,37.76825],[-80.248824,37.767256],[-80.250401,37.765819],[-80.251656,37.763247],[-80.250308,37.762149],[-80.250528,37.760893],[-80.250736,37.758864],[-80.249439,37.757774],[-80.250575,37.756369],[-80.250879,37.755516],[-80.253936,37.756176],[-80.25641,37.756372],[-80.257411,37.756084],[-80.258016,37.753419],[-80.259052,37.752517],[-80.258938,37.751082],[-80.260248,37.749763],[-80.259502,37.74947],[-80.259062,37.748276],[-80.259315,37.744961],[-80.261308,37.742291],[-80.262148,37.741646],[-80.261698,37.740039],[-80.262765,37.738336],[-80.2613,37.737166],[-80.260994,37.734404],[-80.259668,37.733031],[-80.255021,37.731416],[-80.252024,37.729825],[-80.252227,37.727261],[-80.258143,37.720612],[-80.259076,37.720087],[-80.263936,37.719137],[-80.26717,37.715689],[-80.267098,37.714916],[-80.268149,37.712883],[-80.269609,37.71191],[-80.27199,37.711532],[-80.274225,37.708916],[-80.276577,37.705549],[-80.280567,37.70263],[-80.283282,37.699781],[-80.285788,37.697576],[-80.288001,37.695965],[-80.29535,37.693408],[-80.296077,37.69173],[-80.29387,37.687177],[-80.290014,37.678826],[-80.279372,37.657077],[-80.27737,37.655098],[-80.270323,37.648982],[-80.267504,37.646156],[-80.267228,37.646011],[-80.264789,37.645515],[-80.254504,37.642372],[-80.240791,37.638324],[-80.239314,37.637683],[-80.238789,37.637375],[-80.23418,37.634951],[-80.221725,37.628174],[-80.220984,37.627767],[-80.219403,37.626925],[-80.21491,37.6235],[-80.206395,37.617199],[-80.206207,37.61706],[-80.205198,37.616293],[-80.196116,37.615667],[-80.187209,37.615303],[-80.185044,37.61534],[-80.184634,37.615342],[-80.184543,37.61518],[-80.184488,37.615103],[-80.184385,37.614999],[-80.18426,37.614911],[-80.184094,37.614812],[-80.183811,37.614658],[-80.183383,37.614438],[-80.183231,37.614334],[-80.182879,37.614037],[-80.18263,37.613884],[-80.182478,37.613823],[-80.182285,37.613768],[-80.182147,37.613746],[-80.182029,37.613741],[-80.181864,37.613752],[-80.181767,37.613774],[-80.180772,37.614235],[-80.180468,37.614306],[-80.180282,37.614383],[-80.179964,37.614548],[-80.179073,37.614834],[-80.178541,37.615048],[-80.178327,37.615163],[-80.178272,37.615163],[-80.178175,37.615134],[-80.177512,37.615125],[-80.175626,37.616987],[-80.173534,37.615905],[-80.171607,37.615696],[-80.170964,37.616322],[-80.168436,37.615376],[-80.16854,37.613327],[-80.167194,37.612047],[-80.167754,37.60886],[-80.166808,37.60753],[-80.165731,37.606992],[-80.160615,37.603285],[-80.155503,37.601401],[-80.154692,37.601099],[-80.150555,37.599615],[-80.146681,37.596616],[-80.144394,37.596627],[-80.140641,37.599769],[-80.138458,37.600518],[-80.137013,37.602132],[-80.134966,37.602259],[-80.133383,37.602899],[-80.131051,37.604546],[-80.128115,37.60601],[-80.12322,37.607384],[-80.120431,37.610247],[-80.117238,37.612584],[-80.115052,37.614622],[-80.111572,37.616524],[-80.110651,37.617646],[-80.108666,37.618951],[-80.107602,37.620234],[-80.104798,37.62269],[-80.101937,37.623137],[-80.099809,37.623869],[-80.09834,37.623782],[-80.092865,37.625872],[-80.087462,37.626671],[-80.085893,37.627688],[-80.084574,37.629411],[-80.083154,37.630041],[-80.078522,37.631237],[-80.076062,37.632147],[-80.074113,37.633633],[-80.069907,37.636083],[-80.069079,37.637401],[-80.069373,37.638566],[-80.068696,37.639763],[-80.065717,37.640369],[-80.059791,37.642877],[-80.05888,37.643994],[-80.056493,37.645193],[-80.050593,37.647258],[-80.045256,37.650221],[-80.04059,37.653438],[-80.036045,37.657967],[-80.032705,37.66029],[-80.026743,37.653955],[-80.020554,37.647442],[-80.018048,37.648714],[-80.016924,37.649759],[-80.009952,37.654575],[-80.005681,37.656918],[-80.003098,37.65776],[-79.998805,37.658199],[-79.996068,37.660047],[-79.990125,37.66464],[-79.988551,37.665556],[-79.986424,37.665622],[-79.984931,37.666737],[-79.982048,37.669581],[-79.979184,37.670707],[-79.971847,37.675911],[-79.968294,37.678572],[-79.963603,37.680407],[-79.957365,37.683782],[-79.954556,37.685778],[-79.95214,37.688336],[-79.951518,37.689922],[-79.948697,37.693306],[-79.94639,37.694832],[-79.941717,37.698951],[-79.935513,37.697313],[-79.933894,37.697263],[-79.928075,37.697695],[-79.924254,37.697663],[-79.922705,37.698358],[-79.92066,37.700804],[-79.91756,37.701848],[-79.91568,37.703774],[-79.91386,37.707379],[-79.91266,37.707882],[-79.910745,37.710809],[-79.910273,37.711982],[-79.910182,37.712176],[-79.907474,37.717439],[-79.905937,37.718239],[-79.904119,37.721785],[-79.903214,37.72278],[-79.901387,37.723642],[-79.900055,37.726028],[-79.899691,37.727773],[-79.896679,37.730197],[-79.893859,37.733492],[-79.890347,37.738063],[-79.889085,37.738786],[-79.88572,37.739807],[-79.882181,37.740627],[-79.874773,37.743573],[-79.86708,37.748685],[-79.864203,37.75156],[-79.861785,37.754803],[-79.860811,37.755276],[-79.859069,37.757125],[-79.854541,37.761014],[-79.852887,37.763372],[-79.85072,37.765075],[-79.848594,37.768408],[-79.849004,37.769296],[-79.846903,37.771725],[-79.845522,37.773842],[-79.844455,37.774588],[-79.843416,37.777271],[-79.843388,37.778448],[-79.844515,37.77955],[-79.845321,37.782314],[-79.843114,37.783313],[-79.841912,37.784398],[-79.833762,37.78908],[-79.831926,37.789573],[-79.823287,37.796141],[-79.822212,37.796808],[-79.820591,37.797858],[-79.816685,37.800964],[-79.804587,37.797773],[-79.794813,37.795196],[-79.793447,37.794836],[-79.788651,37.793575],[-79.787782,37.793346],[-79.786839,37.793098],[-79.785431,37.792712],[-79.784566,37.792482],[-79.784259,37.792401],[-79.783965,37.792323],[-79.777388,37.790574],[-79.770671,37.788778],[-79.770382,37.7887],[-79.770083,37.788619],[-79.769949,37.788583],[-79.76413,37.78701],[-79.763791,37.786919],[-79.760014,37.785894],[-79.749784,37.783244],[-79.749297,37.783001],[-79.748536,37.782712],[-79.738784,37.780137],[-79.735406,37.779244],[-79.734547,37.779017],[-79.734256,37.778941],[-79.702426,37.770535],[-79.70138,37.770237],[-79.689551,37.767123],[-79.674162,37.763093],[-79.675395,37.755584],[-79.676403,37.752581],[-79.677226,37.749065],[-79.680032,37.743838],[-79.681594,37.741968],[-79.681608,37.740433],[-79.683066,37.739716],[-79.684029,37.738517],[-79.686952,37.736485],[-79.68747,37.735398],[-79.68877,37.734747],[-79.686353,37.727845],[-79.679488,37.707881],[-79.676341,37.698803],[-79.674693,37.697967],[-79.674055,37.697575],[-79.672187,37.696422],[-79.667733,37.694509],[-79.668678,37.690429],[-79.668575,37.688701],[-79.670505,37.68458],[-79.670531,37.679584],[-79.671089,37.676599],[-79.671834,37.674304],[-79.673658,37.671589],[-79.674686,37.669453],[-79.675526,37.668434],[-79.678087,37.666747],[-79.681221,37.663021],[-79.683554,37.661763],[-79.675911,37.657174],[-79.673048,37.655446],[-79.671554,37.654551],[-79.670442,37.653882],[-79.653855,37.643936],[-79.652987,37.643424],[-79.638821,37.634994],[-79.635363,37.641094],[-79.633282,37.645242],[-79.631472,37.648025],[-79.628567,37.651724],[-79.624762,37.655565],[-79.617828,37.661065],[-79.615601,37.663008],[-79.614479,37.664447],[-79.608966,37.66731],[-79.606981,37.669251],[-79.60378,37.670404],[-79.601602,37.673645],[-79.599898,37.67551],[-79.595099,37.678115],[-79.591558,37.680232],[-79.588056,37.68159],[-79.5864,37.683309],[-79.583012,37.684843],[-79.58003,37.686502],[-79.577792,37.690687],[-79.575353,37.695625],[-79.574124,37.698848],[-79.570484,37.703442],[-79.566199,37.706816],[-79.56525,37.707361],[-79.562604,37.708884],[-79.559898,37.71079],[-79.557835,37.713133],[-79.555056,37.717105],[-79.554113,37.731859],[-79.553257,37.733371],[-79.550837,37.736002],[-79.546653,37.739346],[-79.542629,37.742052],[-79.537833,37.743801],[-79.535408,37.743399],[-79.534952,37.742928],[-79.533122,37.742341],[-79.531086,37.74317],[-79.529284,37.744579],[-79.528661,37.744896],[-79.527478,37.745152],[-79.526595,37.745577],[-79.526484,37.74565],[-79.526453,37.745671],[-79.52596,37.745964],[-79.52513,37.746087],[-79.515231,37.745504],[-79.514032,37.745675],[-79.512568,37.74558],[-79.508424,37.744115],[-79.507457,37.744411],[-79.506044,37.745885],[-79.50339,37.746762],[-79.501408,37.749654],[-79.498924,37.750381],[-79.497527,37.749335],[-79.496112,37.749177],[-79.493771,37.751938],[-79.491795,37.753511],[-79.490427,37.755164],[-79.49042,37.756287],[-79.489328,37.758868],[-79.49114,37.759394],[-79.492069,37.760566],[-79.494479,37.759814],[-79.49538,37.760067],[-79.496703,37.761834],[-79.497043,37.763248],[-79.496538,37.764949],[-79.497117,37.766587],[-79.495486,37.767892],[-79.494922,37.769047],[-79.492592,37.771932],[-79.491685,37.772351],[-79.487913,37.772302],[-79.484633,37.773285],[-79.481287,37.773978],[-79.476195,37.773735],[-79.474977,37.772259],[-79.473027,37.772602],[-79.469486,37.774401],[-79.468711,37.775327],[-79.463918,37.77827],[-79.456651,37.778406],[-79.455673,37.779482],[-79.460361,37.783445],[-79.461225,37.783197],[-79.461407,37.783144],[-79.461543,37.783105],[-79.461551,37.783725],[-79.46157,37.785409],[-79.461582,37.786356],[-79.458387,37.789369],[-79.457594,37.789157],[-79.45666,37.791063],[-79.455987,37.791014],[-79.455583,37.79088],[-79.45409,37.792403],[-79.453328,37.793157],[-79.451646,37.79195],[-79.451185,37.792276],[-79.450218,37.792363],[-79.449274,37.791449],[-79.447606,37.791344],[-79.444152,37.792372],[-79.437368,37.794773],[-79.437123,37.794748],[-79.435986,37.794012],[-79.433284,37.793606],[-79.433133,37.793658],[-79.431646,37.793563],[-79.430431,37.793867],[-79.429039,37.79364],[-79.428457,37.793125],[-79.428194,37.793053],[-79.427317,37.792008],[-79.426762,37.791769],[-79.425784,37.791563],[-79.423579,37.791224],[-79.423112,37.791233],[-79.42172,37.791005],[-79.421608,37.790881],[-79.420208,37.790689],[-79.419284,37.790454],[-79.419007,37.790235],[-79.417525,37.789995],[-79.416645,37.789706],[-79.416567,37.789839],[-79.416253,37.790514],[-79.414018,37.791838],[-79.412535,37.794088],[-79.409663,37.797076],[-79.409081,37.797917],[-79.408883,37.798404],[-79.407264,37.799987],[-79.406155,37.801703],[-79.404428,37.803112],[-79.403318,37.805028],[-79.401421,37.807537],[-79.401616,37.807668],[-79.400868,37.808533],[-79.397992,37.813061],[-79.392936,37.818379],[-79.388311,37.824126],[-79.38725,37.825131],[-79.380481,37.830436],[-79.378741,37.832065],[-79.377275,37.833938],[-79.375821,37.836349],[-79.375012,37.837603],[-79.374535,37.838086],[-79.373823,37.838589],[-79.371698,37.839569],[-79.369483,37.840555],[-79.36851,37.841223],[-79.365988,37.84417],[-79.364162,37.847893],[-79.362796,37.849703],[-79.360338,37.851688],[-79.357937,37.853022]]]]}},{"type":"Feature","properties":{"id":7,"NAME":"7","TotalPop":784312,"PopDevPct":-0.00045891,"DemPct":0.53192115,"RepPct":0.44871316,"WhitePct":0.71684081,"MinorityPct":0.28315919,"BlackPct":0.13648502,"HispanicPct":0.05358847,"PacificPct":0.00126916,"AsianPct":0.07547573,"NativePct":0.01612222,"TotalVAP":613005,"Margin":0.03192115,"color":"#7373ff","opacity":"0.5"},"geometry":{"type":"MultiPolygon","coordinates":[[[[-78.838874,38.04737],[-78.84038,38.046618],[-78.84216,38.044359],[-78.845193,38.042081],[-78.847065,38.04109],[-78.849141,38.038727],[-78.85033,38.037788],[-78.854106,38.036661],[-78.856246,38.034572],[-78.857456,38.03263],[-78.857495,38.032446],[-78.857692,38.031586],[-78.857783,38.03122],[-78.857834,38.030674],[-78.857882,38.030203],[-78.859147,38.028983],[-78.859832,38.028471],[-78.861884,38.028731],[-78.862531,38.02811],[-78.862577,38.028049],[-78.862606,38.02801],[-78.862647,38.027955],[-78.863009,38.027851],[-78.863187,38.0278],[-78.863529,38.027825],[-78.863559,38.027827],[-78.863706,38.027943],[-78.863756,38.027982],[-78.863806,38.028022],[-78.865396,38.028607],[-78.869625,38.02796],[-78.872186,38.029086],[-78.873692,38.028624],[-78.874772,38.027479],[-78.877527,38.024124],[-78.878036,38.021632],[-78.879702,38.019814],[-78.881951,38.018176],[-78.882363,38.014714],[-78.882366,38.014502],[-78.882335,38.01392],[-78.88225,38.012979],[-78.881756,38.009239],[-78.882117,38.008],[-78.884127,38.005541],[-78.885462,38.003447],[-78.88627,38.001473],[-78.88808,37.999644],[-78.887794,37.997507],[-78.887931,37.996621],[-78.889757,37.995045],[-78.891506,37.994526],[-78.893478,37.994621],[-78.895984,37.995355],[-78.896198,37.995387],[-78.896574,37.995345],[-78.897052,37.995222],[-78.89759,37.99501],[-78.897833,37.994888],[-78.898278,37.994572],[-78.898613,37.994259],[-78.898871,37.994101],[-78.899074,37.993951],[-78.89933,37.993682],[-78.899523,37.993502],[-78.89966,37.993297],[-78.899746,37.993173],[-78.899825,37.993024],[-78.899966,37.992895],[-78.900087,37.992741],[-78.900279,37.992563],[-78.900421,37.992393],[-78.900451,37.992273],[-78.90152,37.990774],[-78.904175,37.989239],[-78.904382,37.988999],[-78.904744,37.988818],[-78.906945,37.987538],[-78.906016,37.98448],[-78.907253,37.98129],[-78.90795,37.978818],[-78.907978,37.976783],[-78.907566,37.976066],[-78.905245,37.975654],[-78.903542,37.974788],[-78.900768,37.975602],[-78.893611,37.977148],[-78.89261,37.974964],[-78.892776,37.973825],[-78.894209,37.972068],[-78.894688,37.970548],[-78.896105,37.969526],[-78.896603,37.968426],[-78.899045,37.965038],[-78.900006,37.964272],[-78.899435,37.962393],[-78.900601,37.961607],[-78.900548,37.960048],[-78.902336,37.958233],[-78.901359,37.956452],[-78.901123,37.954636],[-78.901923,37.95325],[-78.902282,37.951402],[-78.900984,37.950398],[-78.900428,37.949245],[-78.899053,37.948862],[-78.901509,37.948184],[-78.903768,37.946973],[-78.905404,37.946983],[-78.907278,37.945959],[-78.910902,37.94526],[-78.912462,37.945876],[-78.915502,37.945289],[-78.916731,37.945894],[-78.919831,37.946268],[-78.921159,37.944571],[-78.92108,37.943203],[-78.922969,37.941548],[-78.925694,37.940303],[-78.929348,37.93986],[-78.932338,37.940132],[-78.933475,37.939886],[-78.937278,37.939973],[-78.94157,37.940574],[-78.942279,37.939824],[-78.942357,37.939561],[-78.942383,37.939474],[-78.942512,37.939052],[-78.942525,37.939],[-78.942544,37.938963],[-78.942687,37.938794],[-78.942875,37.938527],[-78.9433,37.938285],[-78.943362,37.93825],[-78.943669,37.938135],[-78.944049,37.937992],[-78.944318,37.937885],[-78.944656,37.937738],[-78.944724,37.9377],[-78.944793,37.937686],[-78.944822,37.937678],[-78.944868,37.937658],[-78.944944,37.937629],[-78.945099,37.937571],[-78.945466,37.937434],[-78.947107,37.935475],[-78.94901,37.934169],[-78.949405,37.933759],[-78.951437,37.932194],[-78.951957,37.931676],[-78.952447,37.930813],[-78.952544,37.930551],[-78.952654,37.930275],[-78.952741,37.929923],[-78.952773,37.929795],[-78.952796,37.929761],[-78.952874,37.929647],[-78.952942,37.929507],[-78.952957,37.929481],[-78.952976,37.929448],[-78.952992,37.929421],[-78.953131,37.929187],[-78.953212,37.929072],[-78.953375,37.928841],[-78.95339,37.928827],[-78.953412,37.928806],[-78.953521,37.928702],[-78.954652,37.92773],[-78.956001,37.926603],[-78.956982,37.925704],[-78.956942,37.924506],[-78.958273,37.922219],[-78.958986,37.920785],[-78.95879,37.919799],[-78.957552,37.918422],[-78.955927,37.916477],[-78.958918,37.91607],[-78.961868,37.915255],[-78.963482,37.914796],[-78.965528,37.913444],[-78.969046,37.913038],[-78.970807,37.912383],[-78.972784,37.91055],[-78.977207,37.908496],[-78.981119,37.90596],[-78.983333,37.903293],[-78.985157,37.901996],[-78.984979,37.901039],[-78.980835,37.902057],[-78.977324,37.903265],[-78.975613,37.904577],[-78.972559,37.904806],[-78.970261,37.904025],[-78.970797,37.902116],[-78.97143,37.901202],[-78.972378,37.898857],[-78.971948,37.896621],[-78.973289,37.895491],[-78.97377,37.894442],[-78.97299,37.889682],[-78.971714,37.888288],[-78.971508,37.885413],[-78.970548,37.883956],[-78.967821,37.882326],[-78.964261,37.88172],[-78.960929,37.879236],[-78.958445,37.878465],[-78.954345,37.879074],[-78.952876,37.878941],[-78.949304,37.878005],[-78.943536,37.876863],[-78.942401,37.87647],[-78.941737,37.876221],[-78.940645,37.875988],[-78.939418,37.875845],[-78.93873,37.875693],[-78.937396,37.875222],[-78.936328,37.87501],[-78.935295,37.874936],[-78.934421,37.874847],[-78.932473,37.874462],[-78.924487,37.872863],[-78.924418,37.872849],[-78.920058,37.872236],[-78.917838,37.872053],[-78.916304,37.871268],[-78.917837,37.869857],[-78.91883,37.867993],[-78.919293,37.86677],[-78.920704,37.862999],[-78.919902,37.860858],[-78.919469,37.857834],[-78.918672,37.856575],[-78.91749,37.855795],[-78.917109,37.854579],[-78.918457,37.854755],[-78.918109,37.853146],[-78.919679,37.852728],[-78.921114,37.853089],[-78.92215,37.852496],[-78.92282,37.851229],[-78.907378,37.852932],[-78.90637,37.852752],[-78.905902,37.849572],[-78.904525,37.848048],[-78.900551,37.842003],[-78.901255,37.842104],[-78.903617,37.8404],[-78.91326,37.837393],[-78.915142,37.835253],[-78.915423,37.833253],[-78.918746,37.817603],[-78.921566,37.80461],[-78.917258,37.804294],[-78.914899,37.803463],[-78.910539,37.80137],[-78.907556,37.800193],[-78.903342,37.798747],[-78.899349,37.798296],[-78.896398,37.79849],[-78.88957,37.797953],[-78.886985,37.798521],[-78.879248,37.804421],[-78.876864,37.807985],[-78.875465,37.810694],[-78.872776,37.814339],[-78.871486,37.815276],[-78.867889,37.816941],[-78.864676,37.818467],[-78.85963,37.821653],[-78.857868,37.822311],[-78.856261,37.821788],[-78.854794,37.821521],[-78.856387,37.819518],[-78.856811,37.816277],[-78.85493,37.814264],[-78.852955,37.814437],[-78.85215,37.814071],[-78.851981,37.813912],[-78.851911,37.812521],[-78.850345,37.811287],[-78.85006,37.809045],[-78.849023,37.808212],[-78.847123,37.808054],[-78.843777,37.809251],[-78.841396,37.808874],[-78.839862,37.809385],[-78.836095,37.811718],[-78.828093,37.815754],[-78.822932,37.816834],[-78.817869,37.819262],[-78.816472,37.82057],[-78.814474,37.820691],[-78.812794,37.821867],[-78.810826,37.822823],[-78.809114,37.823507],[-78.807525,37.825605],[-78.806543,37.825939],[-78.804411,37.825345],[-78.802447,37.825407],[-78.800745,37.825911],[-78.797123,37.827408],[-78.795815,37.828906],[-78.795434,37.830359],[-78.791174,37.832209],[-78.789031,37.832547],[-78.788867,37.834922],[-78.788337,37.835846],[-78.788209,37.835968],[-78.787977,37.836192],[-78.787754,37.835822],[-78.78764,37.834421],[-78.787091,37.833165],[-78.78695,37.832557],[-78.786962,37.831922],[-78.787481,37.830695],[-78.788159,37.829763],[-78.78843,37.829201],[-78.78847,37.828667],[-78.787974,37.828003],[-78.786906,37.827135],[-78.785506,37.826157],[-78.78405,37.825602],[-78.783464,37.825179],[-78.782921,37.824636],[-78.782371,37.823773],[-78.781589,37.823092],[-78.77987,37.822159],[-78.779201,37.822006],[-78.77871,37.822073],[-78.777779,37.822412],[-78.776602,37.822466],[-78.775559,37.822266],[-78.773806,37.821533],[-78.772651,37.820732],[-78.771933,37.820113],[-78.771731,37.819797],[-78.77165,37.819249],[-78.772154,37.818257],[-78.772139,37.817393],[-78.77157,37.816563],[-78.770918,37.816073],[-78.770284,37.815798],[-78.769663,37.815742],[-78.768977,37.815934],[-78.767694,37.816581],[-78.766949,37.816801],[-78.764534,37.8168],[-78.76382,37.816765],[-78.76298,37.816566],[-78.762302,37.816133],[-78.76146,37.815291],[-78.760329,37.814335],[-78.759682,37.813879],[-78.75836,37.813106],[-78.758031,37.812775],[-78.758051,37.812122],[-78.759172,37.810247],[-78.759798,37.809304],[-78.760632,37.808633],[-78.76196,37.80782],[-78.762238,37.807215],[-78.762124,37.806621],[-78.761657,37.805801],[-78.760962,37.805002],[-78.760243,37.804116],[-78.760033,37.803549],[-78.760038,37.803056],[-78.759642,37.802424],[-78.757947,37.801619],[-78.755072,37.800757],[-78.754255,37.800669],[-78.753644,37.800722],[-78.752671,37.802843],[-78.75266,37.805546],[-78.752912,37.807478],[-78.752879,37.808417],[-78.752189,37.811118],[-78.749362,37.814071],[-78.744889,37.81748],[-78.742898,37.819952],[-78.739651,37.823182],[-78.739261,37.823655],[-78.738306,37.82488],[-78.73822,37.825043],[-78.737926,37.825757],[-78.737697,37.829736],[-78.737334,37.832366],[-78.736466,37.834117],[-78.734551,37.837366],[-78.73333,37.839449],[-78.731604,37.841626],[-78.730076,37.844916],[-78.725983,37.854062],[-78.725856,37.85384],[-78.721301,37.846258],[-78.717596,37.84068],[-78.717323,37.840273],[-78.712079,37.831904],[-78.708046,37.825101],[-78.702257,37.815212],[-78.700901,37.812895],[-78.698905,37.809486],[-78.698094,37.808098],[-78.695231,37.80321],[-78.691501,37.796713],[-78.689482,37.789129],[-78.689438,37.788953],[-78.689409,37.788836],[-78.689004,37.788787],[-78.688498,37.788623],[-78.688298,37.788432],[-78.688222,37.788285],[-78.688221,37.788067],[-78.688283,37.787848],[-78.68842,37.78763],[-78.688439,37.787204],[-78.688321,37.786833],[-78.688093,37.786413],[-78.687804,37.786075],[-78.687566,37.785705],[-78.687202,37.784728],[-78.686885,37.784379],[-78.68568,37.784032],[-78.684991,37.783301],[-78.684019,37.782539],[-78.682986,37.78206],[-78.682379,37.781324],[-78.682571,37.780881],[-78.683607,37.780078],[-78.684287,37.7797],[-78.685216,37.779666],[-78.686631,37.779336],[-78.687429,37.779313],[-78.689077,37.778448],[-78.689667,37.777847],[-78.690338,37.776508],[-78.690825,37.776043],[-78.691717,37.775403],[-78.692163,37.774846],[-78.69271,37.773677],[-78.693358,37.771869],[-78.693336,37.771187],[-78.693129,37.771002],[-78.692366,37.770948],[-78.692009,37.771058],[-78.690798,37.77106],[-78.690242,37.771285],[-78.68979,37.771995],[-78.6892,37.772607],[-78.688315,37.773324],[-78.687038,37.773975],[-78.685786,37.774037],[-78.684307,37.773843],[-78.683667,37.773615],[-78.682951,37.773174],[-78.682839,37.772535],[-78.682438,37.771597],[-78.682067,37.771189],[-78.680998,37.770175],[-78.678938,37.768644],[-78.678194,37.767848],[-78.677228,37.766436],[-78.676518,37.765706],[-78.675243,37.764534],[-78.674299,37.763841],[-78.673907,37.763548],[-78.672984,37.762889],[-78.67202,37.762252],[-78.671173,37.761811],[-78.670864,37.761669],[-78.67021,37.761545],[-78.669942,37.761436],[-78.669715,37.761289],[-78.669418,37.76106],[-78.669094,37.7607],[-78.668846,37.760471],[-78.668482,37.760259],[-78.668144,37.760085],[-78.667803,37.759852],[-78.667586,37.759644],[-78.667455,37.759409],[-78.667427,37.759202],[-78.667454,37.758858],[-78.667439,37.758498],[-78.667459,37.758219],[-78.667576,37.757919],[-78.667747,37.757722],[-78.668097,37.757525],[-78.668544,37.757372],[-78.668929,37.757273],[-78.669169,37.75724],[-78.669437,37.757305],[-78.669747,37.757304],[-78.670324,37.757254],[-78.670606,37.757199],[-78.671025,37.757084],[-78.671651,37.757067],[-78.672441,37.757191],[-78.673253,37.757392],[-78.674705,37.757924],[-78.67478,37.757961],[-78.675042,37.758088],[-78.675332,37.758383],[-78.675379,37.758431],[-78.67653,37.759401],[-78.677225,37.759635],[-78.677948,37.759831],[-78.678525,37.759928],[-78.679234,37.759981],[-78.680189,37.76004],[-78.681083,37.760142],[-78.681675,37.76018],[-78.682603,37.760167],[-78.683104,37.759992],[-78.683406,37.759729],[-78.683721,37.759292],[-78.683954,37.758604],[-78.684117,37.757889],[-78.684288,37.757588],[-78.684514,37.75725],[-78.684678,37.756807],[-78.684745,37.756229],[-78.684757,37.755574],[-78.684708,37.75517],[-78.684583,37.75457],[-78.684521,37.754351],[-78.68421,37.753915],[-78.684017,37.753566],[-78.683782,37.752982],[-78.683574,37.752415],[-78.683463,37.751891],[-78.68351,37.751607],[-78.683633,37.75122],[-78.683893,37.750717],[-78.684084,37.750253],[-78.684166,37.749887],[-78.684144,37.749254],[-78.684205,37.74903],[-78.684417,37.748571],[-78.684525,37.747785],[-78.684578,37.746966],[-78.684452,37.746109],[-78.684341,37.745536],[-78.684264,37.744991],[-78.684263,37.744691],[-78.684372,37.744314],[-78.684597,37.743653],[-78.684905,37.74291],[-78.685281,37.742178],[-78.685514,37.741763],[-78.685843,37.741369],[-78.685986,37.740987],[-78.686088,37.74049],[-78.686148,37.739808],[-78.686172,37.73823],[-78.686087,37.737505],[-78.685887,37.73709],[-78.685783,37.736817],[-78.685549,37.736419],[-78.684453,37.735198],[-78.683909,37.734664],[-78.683117,37.734065],[-78.682401,37.733608],[-78.68152,37.733107],[-78.680866,37.732769],[-78.680337,37.73259],[-78.679848,37.732487],[-78.679202,37.732275],[-78.67883,37.732074],[-78.678479,37.731812],[-78.67832,37.731583],[-78.678099,37.731021],[-78.67792,37.730798],[-78.677589,37.730471],[-78.676991,37.730166],[-78.67653,37.729992],[-78.676124,37.729867],[-78.675258,37.729727],[-78.67477,37.729569],[-78.674405,37.729362],[-78.673785,37.72891],[-78.672911,37.728202],[-78.672373,37.727569],[-78.671877,37.727008],[-78.671368,37.726572],[-78.670514,37.725885],[-78.669688,37.725292],[-78.668862,37.724752],[-78.66856,37.724644],[-78.668298,37.7246],[-78.66768,37.724568],[-78.667123,37.724482],[-78.665686,37.723954],[-78.66451,37.723503],[-78.663272,37.723101],[-78.662295,37.722747],[-78.661993,37.722682],[-78.661697,37.722661],[-78.661017,37.722689],[-78.660598,37.722662],[-78.659615,37.722642],[-78.659326,37.722664],[-78.658777,37.722758],[-78.658578,37.722878],[-78.65842,37.72308],[-78.658311,37.723582],[-78.658272,37.724352],[-78.658294,37.725242],[-78.658275,37.725869],[-78.658228,37.72635],[-78.657976,37.727447],[-78.657662,37.728299],[-78.657388,37.729069],[-78.657107,37.729435],[-78.656784,37.729507],[-78.656523,37.729507],[-78.655856,37.729377],[-78.655307,37.729356],[-78.654702,37.729297],[-78.65455,37.729259],[-78.654379,37.729297],[-78.6542,37.72939],[-78.654098,37.729641],[-78.653769,37.73028],[-78.653461,37.73093],[-78.653189,37.731362],[-78.652897,37.731625],[-78.652578,37.731814],[-78.652162,37.732019],[-78.651799,37.73209],[-78.651132,37.732177],[-78.650377,37.732364],[-78.64997,37.732445],[-78.648463,37.732703],[-78.648311,37.732715],[-78.645809,37.732635],[-78.643918,37.733084],[-78.643702,37.733717],[-78.642722,37.735598],[-78.64167,37.73715],[-78.640531,37.738273],[-78.639363,37.739214],[-78.637639,37.7401],[-78.63526,37.741235],[-78.633821,37.741859],[-78.632297,37.742858],[-78.631001,37.744059],[-78.629193,37.746043],[-78.627997,37.747075],[-78.626658,37.748005],[-78.625489,37.748527],[-78.62395,37.749095],[-78.622311,37.749867],[-78.62053,37.750945],[-78.618422,37.752872],[-78.616798,37.754221],[-78.61563,37.75497],[-78.613919,37.755798],[-78.612023,37.756321],[-78.609613,37.75655],[-78.607131,37.756575],[-78.605434,37.756497],[-78.600997,37.756218],[-78.59485,37.756234],[-78.593394,37.75602],[-78.590426,37.755048],[-78.589385,37.754834],[-78.588514,37.754755],[-78.585448,37.754746],[-78.584406,37.754599],[-78.58141,37.754046],[-78.580797,37.754047],[-78.579499,37.754467],[-78.579028,37.754755],[-78.575259,37.7563],[-78.573711,37.756849],[-78.571237,37.757389],[-78.571158,37.757394],[-78.570146,37.757621],[-78.569416,37.757909],[-78.568789,37.758157],[-78.568693,37.758194],[-78.56507,37.759515],[-78.560307,37.760866],[-78.557089,37.762424],[-78.555694,37.7627],[-78.550138,37.763554],[-78.544774,37.763941],[-78.542249,37.762957],[-78.540593,37.762684],[-78.536571,37.762302],[-78.530322,37.759427],[-78.525543,37.758217],[-78.520337,37.758059],[-78.515701,37.757437],[-78.511991,37.757323],[-78.51048,37.757494],[-78.505516,37.758956],[-78.501537,37.76053],[-78.49954,37.761594],[-78.496601,37.764369],[-78.495431,37.767642],[-78.495388,37.772443],[-78.497114,37.779544],[-78.498612,37.784663],[-78.498783,37.789272],[-78.498394,37.790755],[-78.496659,37.794018],[-78.494996,37.795672],[-78.493726,37.796177],[-78.491345,37.796956],[-78.488687,37.796695],[-78.486435,37.795726],[-78.484161,37.792796],[-78.482268,37.78761],[-78.480656,37.783649],[-78.477904,37.778438],[-78.474577,37.773277],[-78.473728,37.771168],[-78.470155,37.765889],[-78.4677,37.763129],[-78.464149,37.7602],[-78.460201,37.7579],[-78.455752,37.756172],[-78.451728,37.754908],[-78.44903,37.752785],[-78.448729,37.752116],[-78.444811,37.750769],[-78.442599,37.749491],[-78.43818,37.748964],[-78.435801,37.746718],[-78.433768,37.745587],[-78.422111,37.740451],[-78.420555,37.740138],[-78.41855,37.740082],[-78.412991,37.738527],[-78.408549,37.73818],[-78.406931,37.736402],[-78.405596,37.735263],[-78.402919,37.734673],[-78.400295,37.73502],[-78.397217,37.734864],[-78.391529,37.735027],[-78.390643,37.734883],[-78.387657,37.734028],[-78.385096,37.733746],[-78.383837,37.733546],[-78.377787,37.734059],[-78.375762,37.733674],[-78.369467,37.731796],[-78.365616,37.731897],[-78.363991,37.731194],[-78.362662,37.729273],[-78.361334,37.728022],[-78.35843,37.727133],[-78.355803,37.725178],[-78.353906,37.723402],[-78.353787,37.723303],[-78.35365,37.723239],[-78.353109,37.722987],[-78.352496,37.722701],[-78.352166,37.722547],[-78.352077,37.722462],[-78.350885,37.721559],[-78.348777,37.720701],[-78.347042,37.720586],[-78.344228,37.718846],[-78.33981,37.717727],[-78.33605,37.716157],[-78.332344,37.715543],[-78.331025,37.715843],[-78.328825,37.715643],[-78.324226,37.714565],[-78.320925,37.713943],[-78.316825,37.712743],[-78.312925,37.711343],[-78.308424,37.710043],[-78.305223,37.709843],[-78.302422,37.710463],[-78.300757,37.710622],[-78.297857,37.710112],[-78.293024,37.709143],[-78.290043,37.708252],[-78.284124,37.705444],[-78.279924,37.702944],[-78.276223,37.700444],[-78.271233,37.697378],[-78.269305,37.695526],[-78.265493,37.693791],[-78.261569,37.692483],[-78.257724,37.691644],[-78.252823,37.691244],[-78.249723,37.691294],[-78.248207,37.69068],[-78.24091,37.690337],[-78.239748,37.690495],[-78.237494,37.691111],[-78.234491,37.692789],[-78.228936,37.69756],[-78.22846,37.698208],[-78.227114,37.701882],[-78.226233,37.707768],[-78.225302,37.711579],[-78.222767,37.715181],[-78.219644,37.717801],[-78.215546,37.720739],[-78.212374,37.723413],[-78.202394,37.729619],[-78.197749,37.731749],[-78.192186,37.735197],[-78.190352,37.736361],[-78.187407,37.738936],[-78.184987,37.742175],[-78.183465,37.743608],[-78.180188,37.745299],[-78.176392,37.746594],[-78.174103,37.747604],[-78.168695,37.748652],[-78.163851,37.749354],[-78.16185,37.749276],[-78.159326,37.748528],[-78.15493,37.746754],[-78.150017,37.744298],[-78.147151,37.742934],[-78.140886,37.741029],[-78.137657,37.739651],[-78.134689,37.738013],[-78.132157,37.735978],[-78.127419,37.73309],[-78.125879,37.731935],[-78.121033,37.727196],[-78.118625,37.724139],[-78.117031,37.722607],[-78.11462,37.721247],[-78.110974,37.720316],[-78.107978,37.720349],[-78.10408,37.718635],[-78.103902,37.717412],[-78.10066,37.714968],[-78.098895,37.714497],[-78.097709,37.713109],[-78.09275,37.708238],[-78.090994,37.705349],[-78.089786,37.701229],[-78.08978,37.699718],[-78.090345,37.697637],[-78.09148,37.695734],[-78.093987,37.693813],[-78.097766,37.690269],[-78.100406,37.687419],[-78.104081,37.684834],[-78.107637,37.682797],[-78.10949,37.680932],[-78.109587,37.680795],[-78.109823,37.680406],[-78.110438,37.677866],[-78.109948,37.674595],[-78.108165,37.672216],[-78.106826,37.671289],[-78.104716,37.670586],[-78.101193,37.670237],[-78.098419,37.670311],[-78.09647,37.67067],[-78.091896,37.670947],[-78.087549,37.669878],[-78.087284,37.669772],[-78.086927,37.669479],[-78.086755,37.669411],[-78.086476,37.669367],[-78.085789,37.669061],[-78.085509,37.669005],[-78.084829,37.668669],[-78.084594,37.668534],[-78.084238,37.668367],[-78.083958,37.668155],[-78.083525,37.66792],[-78.083046,37.667587],[-78.082297,37.667002],[-78.081663,37.666578],[-78.081234,37.666237],[-78.080979,37.666005],[-78.080414,37.665608],[-78.079689,37.665048],[-78.079125,37.664565],[-78.078849,37.66435],[-78.078546,37.664037],[-78.078165,37.663704],[-78.077478,37.663126],[-78.077029,37.662717],[-78.076913,37.662647],[-78.076539,37.662302],[-78.076097,37.661824],[-78.075834,37.661569],[-78.075364,37.661167],[-78.075174,37.660979],[-78.074959,37.660722],[-78.074545,37.660283],[-78.074111,37.659721],[-78.073728,37.659291],[-78.073488,37.658996],[-78.07322,37.658716],[-78.072989,37.658442],[-78.072804,37.658172],[-78.072327,37.657607],[-78.072179,37.657451],[-78.072174,37.657385],[-78.072107,37.65718],[-78.071898,37.657025],[-78.071641,37.656739],[-78.071394,37.656395],[-78.07106,37.656046],[-78.070781,37.655667],[-78.070507,37.655235],[-78.06985,37.654319],[-78.069352,37.65361],[-78.069115,37.653339],[-78.068537,37.652576],[-78.068255,37.652234],[-78.067662,37.651598],[-78.06757,37.651452],[-78.067215,37.651055],[-78.066523,37.650436],[-78.066212,37.650201],[-78.066015,37.650017],[-78.065764,37.649875],[-78.065477,37.649668],[-78.065104,37.649432],[-78.06495,37.649277],[-78.064653,37.649044],[-78.064385,37.648948],[-78.063677,37.648545],[-78.063288,37.648357],[-78.06288,37.648183],[-78.06246,37.648028],[-78.061487,37.647747],[-78.06048,37.647511],[-78.05977,37.647238],[-78.05928,37.647074],[-78.058307,37.646774],[-78.05762,37.646609],[-78.057218,37.646529],[-78.056939,37.646433],[-78.056243,37.646292],[-78.055555,37.646063],[-78.054022,37.645636],[-78.052792,37.645209],[-78.052552,37.645078],[-78.052341,37.645028],[-78.051563,37.644745],[-78.051189,37.644588],[-78.050725,37.644466],[-78.050803,37.644381],[-78.050637,37.644381],[-78.0498,37.644156],[-78.048749,37.643793],[-78.048315,37.643599],[-78.0477,37.643405],[-78.047406,37.643342],[-78.046165,37.643039],[-78.045233,37.642834],[-78.044657,37.642721],[-78.044462,37.642659],[-78.044205,37.64264],[-78.043292,37.642498],[-78.042815,37.642436],[-78.042239,37.642379],[-78.041928,37.64238],[-78.041662,37.64241],[-78.041563,37.64238],[-78.041158,37.642448],[-78.040195,37.642513],[-78.038897,37.642519],[-78.0384,37.642542],[-78.038041,37.642539],[-78.03719,37.642461],[-78.03622,37.642289],[-78.035822,37.642174],[-78.035503,37.642135],[-78.035007,37.642109],[-78.034542,37.64199],[-78.03435,37.641976],[-78.033571,37.641806],[-78.032906,37.641746],[-78.032602,37.641688],[-78.032123,37.641755],[-78.031959,37.641732],[-78.031263,37.64175],[-78.030837,37.641745],[-78.030744,37.641701],[-78.030614,37.641754],[-78.029358,37.64172],[-78.028793,37.641756],[-78.028473,37.641824],[-78.027509,37.64206],[-78.026924,37.642279],[-78.026313,37.642373],[-78.025985,37.642484],[-78.025658,37.642475],[-78.025588,37.642512],[-78.024688,37.642626],[-78.024149,37.642677],[-78.02341,37.642797],[-78.023,37.642844],[-78.022532,37.642869],[-78.021951,37.642873],[-78.0211,37.642949],[-78.020934,37.642951],[-78.017473,37.642564],[-78.014637,37.641663],[-78.012963,37.640812],[-78.008446,37.639136],[-78.006353,37.637934],[-78.002996,37.634856],[-77.998395,37.632138],[-77.993919,37.629692],[-77.98735,37.626415],[-77.982236,37.624279],[-77.978605,37.623685],[-77.975191,37.623578],[-77.971707,37.623953],[-77.971446,37.623985],[-77.966465,37.624771],[-77.962441,37.624995],[-77.958218,37.6249],[-77.956951,37.624938],[-77.95469,37.625969],[-77.950101,37.628414],[-77.946704,37.632017],[-77.944924,37.63464],[-77.943847,37.637582],[-77.943658,37.640744],[-77.94429,37.643772],[-77.945157,37.6458],[-77.946482,37.647801],[-77.949468,37.651553],[-77.95049,37.652897],[-77.952597,37.653976],[-77.954214,37.65591],[-77.955505,37.65855],[-77.956033,37.660812],[-77.955838,37.663418],[-77.955121,37.665447],[-77.953084,37.668907],[-77.949812,37.674449],[-77.947379,37.678087],[-77.946133,37.679416],[-77.943516,37.681279],[-77.939589,37.683399],[-77.935813,37.685064],[-77.932247,37.686902],[-77.92621,37.690349],[-77.923656,37.691219],[-77.921262,37.691657],[-77.918397,37.691673],[-77.915735,37.691365],[-77.913285,37.690666],[-77.910777,37.689289],[-77.909762,37.688127],[-77.908107,37.683997],[-77.906555,37.680789],[-77.902924,37.674422],[-77.900697,37.671179],[-77.897363,37.668236],[-77.895376,37.667008],[-77.889978,37.664245],[-77.878629,37.659349],[-77.875772,37.657834],[-77.872571,37.655547],[-77.870384,37.653283],[-77.867181,37.650406],[-77.863883,37.648046],[-77.861906,37.646828],[-77.861891,37.646821],[-77.861874,37.646811],[-77.861828,37.646784],[-77.8618,37.64677],[-77.861774,37.646757],[-77.86168,37.646713],[-77.861637,37.646691],[-77.86162,37.646682],[-77.861605,37.646672],[-77.861571,37.646647],[-77.86156,37.646638],[-77.861508,37.646576],[-77.861448,37.646537],[-77.8614,37.646511],[-77.861355,37.646491],[-77.861276,37.646452],[-77.861162,37.646394],[-77.861139,37.64638],[-77.86111,37.646362],[-77.861059,37.646329],[-77.861023,37.646304],[-77.861002,37.646284],[-77.860984,37.646257],[-77.860933,37.646179],[-77.860921,37.64616],[-77.860907,37.646143],[-77.860849,37.646087],[-77.860824,37.646064],[-77.860803,37.646046],[-77.860782,37.646028],[-77.860764,37.646014],[-77.860742,37.645998],[-77.860714,37.645979],[-77.860623,37.645917],[-77.860547,37.645867],[-77.860536,37.64586],[-77.860492,37.645832],[-77.860433,37.645796],[-77.860392,37.645768],[-77.860361,37.645749],[-77.860335,37.645733],[-77.860307,37.645718],[-77.860255,37.645695],[-77.860193,37.645661],[-77.860131,37.645629],[-77.860109,37.645619],[-77.860082,37.645608],[-77.860053,37.645597],[-77.86004,37.645592],[-77.860018,37.645581],[-77.860003,37.645573],[-77.859975,37.645555],[-77.859947,37.645535],[-77.859878,37.645484],[-77.859849,37.645463],[-77.85983,37.645444],[-77.859815,37.645431],[-77.859785,37.645409],[-77.859756,37.645388],[-77.85973,37.645372],[-77.854895,37.643133],[-77.849607,37.641439],[-77.846078,37.640511],[-77.844638,37.641095],[-77.84322,37.640519],[-77.836043,37.636917],[-77.834931,37.636121],[-77.830789,37.633202],[-77.829882,37.632386],[-77.826878,37.628985],[-77.826224,37.627947],[-77.823267,37.624811],[-77.82262,37.62155],[-77.823577,37.618995],[-77.824635,37.617115],[-77.825151,37.615324],[-77.824944,37.613629],[-77.823687,37.611374],[-77.822386,37.610052],[-77.81991,37.608635],[-77.814985,37.606603],[-77.812207,37.60688],[-77.807562,37.606938],[-77.805751,37.607361],[-77.802809,37.608719],[-77.799424,37.611035],[-77.797656,37.611641],[-77.792031,37.612726],[-77.789444,37.612864],[-77.789348,37.612858],[-77.783618,37.612698],[-77.780127,37.613021],[-77.776044,37.612911],[-77.773215,37.612772],[-77.76734,37.612843],[-77.765112,37.612546],[-77.760528,37.61113],[-77.758777,37.610275],[-77.756614,37.608402],[-77.75205,37.602774],[-77.748985,37.600141],[-77.746454,37.598389],[-77.738785,37.593809],[-77.737477,37.592819],[-77.735514,37.591328],[-77.732842,37.589958],[-77.727791,37.588275],[-77.723756,37.58761],[-77.720105,37.587383],[-77.716567,37.587686],[-77.712906,37.588254],[-77.710326,37.588852],[-77.707984,37.58925],[-77.705448,37.589144],[-77.699967,37.586372],[-77.698287,37.585817],[-77.693249,37.583617],[-77.689133,37.581586],[-77.684084,37.578035],[-77.679826,37.576088],[-77.679613,37.575986],[-77.673178,37.57305],[-77.667528,37.570144],[-77.659878,37.566767],[-77.656717,37.565016],[-77.655399,37.563986],[-77.6557,37.56287],[-77.655766,37.562626],[-77.656244,37.56085],[-77.663124,37.556131],[-77.665331,37.554548],[-77.668528,37.552044],[-77.669631,37.551265],[-77.672635,37.549132],[-77.676264,37.546678],[-77.67944,37.544245],[-77.683011,37.541783],[-77.687392,37.538672],[-77.68998,37.536808],[-77.691684,37.535577],[-77.694758,37.53332],[-77.696586,37.532046],[-77.6969,37.531822],[-77.706437,37.52496],[-77.70765,37.524069],[-77.712851,37.520144],[-77.715874,37.517862],[-77.723843,37.512146],[-77.724164,37.511915],[-77.732333,37.506239],[-77.732376,37.506209],[-77.732738,37.506021],[-77.739807,37.500818],[-77.742803,37.498611],[-77.74619,37.495983],[-77.747867,37.494682],[-77.749717,37.493785],[-77.757322,37.488281],[-77.762624,37.484492],[-77.762699,37.484437],[-77.769047,37.479836],[-77.775412,37.475213],[-77.777616,37.473619],[-77.787489,37.466461],[-77.79784,37.458961],[-77.79799,37.456719],[-77.797509,37.454423],[-77.797509,37.451041],[-77.798852,37.447505],[-77.798494,37.446308],[-77.798798,37.444886],[-77.802738,37.440009],[-77.803983,37.438797],[-77.804989,37.437633],[-77.805609,37.435711],[-77.804927,37.434679],[-77.805562,37.433652],[-77.806407,37.431703],[-77.808597,37.429847],[-77.807977,37.429529],[-77.807964,37.42742],[-77.809189,37.426108],[-77.809809,37.426095],[-77.812081,37.42585],[-77.81553,37.425048],[-77.817086,37.424181],[-77.819743,37.423829],[-77.823061,37.423016],[-77.826696,37.422445],[-77.830331,37.422395],[-77.833436,37.422723],[-77.835937,37.421306],[-77.83791,37.420246],[-77.840346,37.418198],[-77.84299,37.418949],[-77.845377,37.41695],[-77.846726,37.415121],[-77.848811,37.414862],[-77.851111,37.416152],[-77.850988,37.416932],[-77.853384,37.41855],[-77.85496,37.41838],[-77.855148,37.418363],[-77.85509,37.417846],[-77.856014,37.417113],[-77.856994,37.415407],[-77.858178,37.41475],[-77.85874,37.414544],[-77.859457,37.414652],[-77.860866,37.415156],[-77.861583,37.415265],[-77.863197,37.41569],[-77.864275,37.416217],[-77.866307,37.416944],[-77.866914,37.417197],[-77.867729,37.417284],[-77.868848,37.417271],[-77.869385,37.417352],[-77.869897,37.417539],[-77.87091,37.417765],[-77.871193,37.417905],[-77.871602,37.41816],[-77.871891,37.418371],[-77.872589,37.418491],[-77.873339,37.418277],[-77.874408,37.417711],[-77.874854,37.417386],[-77.875093,37.417137],[-77.875269,37.4168],[-77.875486,37.416015],[-77.875432,37.415953],[-77.875444,37.415336],[-77.875323,37.4147],[-77.875268,37.414546],[-77.875108,37.413686],[-77.874992,37.412491],[-77.874966,37.412184],[-77.874876,37.411675],[-77.87441,37.41055],[-77.87436,37.409998],[-77.874132,37.409418],[-77.873891,37.408509],[-77.873917,37.408404],[-77.873744,37.407978],[-77.873761,37.407908],[-77.873532,37.407328],[-77.873007,37.406631],[-77.872744,37.406191],[-77.872589,37.405786],[-77.872462,37.405639],[-77.872315,37.405108],[-77.872136,37.404136],[-77.872154,37.404066],[-77.872213,37.403639],[-77.87213,37.403408],[-77.872165,37.403268],[-77.87199,37.40266],[-77.871716,37.402073],[-77.87166,37.401737],[-77.871655,37.401191],[-77.871802,37.400596],[-77.87181,37.399434],[-77.8717,37.399126],[-77.871546,37.398883],[-77.871201,37.398324],[-77.870406,37.397404],[-77.869793,37.396875],[-77.867779,37.394498],[-77.867435,37.39401],[-77.867388,37.393821],[-77.867398,37.392841],[-77.867554,37.39221],[-77.868015,37.391753],[-77.868576,37.391456],[-77.86937,37.391249],[-77.870042,37.391351],[-77.871137,37.391807],[-77.871361,37.391841],[-77.871433,37.391924],[-77.871917,37.392034],[-77.872687,37.392114],[-77.872982,37.392049],[-77.873168,37.391859],[-77.873289,37.391369],[-77.8733,37.390571],[-77.873465,37.389905],[-77.874091,37.388872],[-77.874368,37.387751],[-77.874339,37.387492],[-77.874486,37.386896],[-77.874644,37.38663],[-77.875,37.386388],[-77.875392,37.386174],[-77.875892,37.386031],[-77.876266,37.385833],[-77.877038,37.38515],[-77.877826,37.384215],[-77.878232,37.383513],[-77.878422,37.382742],[-77.878271,37.381847],[-77.877527,37.37959],[-77.877127,37.378766],[-77.877153,37.378661],[-77.876835,37.378067],[-77.87674,37.377508],[-77.876744,37.376927],[-77.876672,37.376843],[-77.876793,37.376352],[-77.876856,37.375344],[-77.87698,37.375],[-77.877102,37.374867],[-77.877205,37.374446],[-77.877133,37.374363],[-77.877185,37.374152],[-77.877081,37.373446],[-77.877125,37.373362],[-77.87674,37.37125],[-77.876573,37.369479],[-77.876597,37.369192],[-77.876867,37.368288],[-77.877358,37.367235],[-77.877357,37.367053],[-77.877556,37.366247],[-77.877171,37.365171],[-77.8766,37.364285],[-77.87548,37.362989],[-77.87489,37.362565],[-77.873789,37.362384],[-77.872454,37.36259],[-77.871045,37.362778],[-77.868973,37.362941],[-77.867276,37.362997],[-77.86534,37.362962],[-77.863758,37.3629],[-77.862623,37.362747],[-77.86187,37.362597],[-77.861314,37.362404],[-77.860946,37.362203],[-77.859613,37.36102],[-77.859245,37.360818],[-77.8591,37.360651],[-77.85893,37.360589],[-77.858075,37.359914],[-77.857318,37.359218],[-77.856643,37.358753],[-77.855862,37.358344],[-77.854477,37.357371],[-77.853849,37.357094],[-77.853696,37.356961],[-77.852844,37.356651],[-77.852493,37.35638],[-77.852005,37.355724],[-77.851804,37.354867],[-77.851784,37.354684],[-77.851733,37.354192],[-77.851844,37.353555],[-77.852098,37.352902],[-77.852556,37.351045],[-77.852682,37.349973],[-77.852718,37.348888],[-77.852376,37.347637],[-77.851823,37.346681],[-77.851163,37.345781],[-77.850541,37.345105],[-77.849939,37.344723],[-77.848218,37.344172],[-77.846503,37.343221],[-77.844646,37.342467],[-77.843263,37.341676],[-77.842016,37.341087],[-77.841018,37.340427],[-77.840282,37.340025],[-77.839381,37.339161],[-77.838869,37.338793],[-77.838277,37.338558],[-77.837346,37.33838],[-77.835389,37.338411],[-77.832578,37.337949],[-77.828995,37.338169],[-77.82764,37.338582],[-77.825807,37.338485],[-77.822866,37.338549],[-77.82098,37.338481],[-77.8175,37.338098],[-77.816667,37.337899],[-77.815036,37.337361],[-77.81387,37.33682],[-77.812617,37.33663],[-77.811544,37.336649],[-77.809801,37.336566],[-77.809264,37.336485],[-77.808236,37.336511],[-77.807109,37.336376],[-77.806723,37.336245],[-77.806013,37.335737],[-77.805233,37.335328],[-77.804195,37.335207],[-77.803151,37.335484],[-77.802337,37.335397],[-77.800526,37.334649],[-77.798611,37.334322],[-77.797462,37.333712],[-77.796507,37.332694],[-77.79636,37.332163],[-77.796927,37.330249],[-77.797156,37.329884],[-77.798567,37.328498],[-77.798686,37.327644],[-77.798413,37.327057],[-77.797576,37.326312],[-77.796528,37.325953],[-77.796141,37.325548],[-77.795948,37.324828],[-77.796024,37.324331],[-77.796254,37.323966],[-77.796967,37.32371],[-77.798134,37.323124],[-77.798984,37.322126],[-77.799579,37.321598],[-77.800081,37.320693],[-77.800265,37.320139],[-77.800847,37.3191],[-77.801245,37.318616],[-77.801682,37.318445],[-77.802336,37.318454],[-77.803407,37.318508],[-77.804478,37.318307],[-77.806037,37.317634],[-77.80716,37.317223],[-77.808121,37.316714],[-77.808857,37.31599],[-77.809013,37.315359],[-77.808995,37.31412],[-77.808793,37.312308],[-77.80847,37.310987],[-77.807798,37.309576],[-77.807565,37.308268],[-77.807421,37.306973],[-77.807042,37.305316],[-77.80675,37.304526],[-77.80587,37.303865],[-77.80491,37.303429],[-77.804111,37.302907],[-77.803448,37.302589],[-77.802047,37.301685],[-77.79863,37.29993],[-77.797143,37.299376],[-77.796427,37.299268],[-77.79608,37.29936],[-77.793908,37.299321],[-77.79203,37.299036],[-77.790097,37.298597],[-77.789193,37.298314],[-77.788529,37.297995],[-77.787876,37.297823],[-77.785976,37.297061],[-77.785133,37.296533],[-77.784864,37.296492],[-77.783803,37.295531],[-77.782359,37.294802],[-77.781631,37.294182],[-77.780285,37.29325],[-77.779278,37.292443],[-77.778837,37.291976],[-77.777803,37.291091],[-77.775145,37.289087],[-77.773997,37.288476],[-77.772588,37.287607],[-77.771079,37.286396],[-77.770639,37.28611],[-77.769434,37.284982],[-77.769109,37.284423],[-77.768487,37.282438],[-77.768346,37.281325],[-77.76833,37.28045],[-77.768219,37.279779],[-77.768248,37.27891],[-77.768407,37.277335],[-77.76829,37.275935],[-77.767989,37.275089],[-77.766737,37.27359],[-77.766117,37.273095],[-77.764633,37.271597],[-77.763546,37.27074],[-77.762112,37.269976],[-77.760957,37.269582],[-77.759569,37.269007],[-77.75862,37.268717],[-77.753578,37.267913],[-77.752301,37.267827],[-77.75105,37.267818],[-77.750801,37.267889],[-77.748892,37.267688],[-77.747596,37.26749],[-77.745601,37.266932],[-77.744511,37.266838],[-77.743333,37.267095],[-77.742122,37.267492],[-77.741293,37.267838],[-77.73979,37.268664],[-77.738502,37.26974],[-77.738024,37.270358],[-77.737867,37.270989],[-77.737943,37.271618],[-77.738378,37.272485],[-77.738498,37.273121],[-77.738309,37.274256],[-77.737284,37.275954],[-77.736815,37.276537],[-77.736489,37.277288],[-77.736103,37.279592],[-77.735975,37.283282],[-77.735783,37.283871],[-77.735517,37.284194],[-77.734912,37.284575],[-77.733834,37.284992],[-77.732443,37.285362],[-77.730338,37.285804],[-77.729142,37.285949],[-77.727837,37.285786],[-77.72643,37.285099],[-77.725266,37.28474],[-77.722222,37.283548],[-77.721228,37.28325],[-77.720496,37.283211],[-77.720005,37.283318],[-77.718741,37.283925],[-77.717442,37.284855],[-77.716555,37.28581],[-77.715882,37.286653],[-77.715601,37.28741],[-77.715865,37.288214],[-77.71689,37.289316],[-77.717288,37.289958],[-77.717589,37.290986],[-77.71766,37.292379],[-77.71762,37.2931],[-77.717421,37.294088],[-77.716974,37.295429],[-77.716211,37.296878],[-77.715804,37.297375],[-77.715139,37.297982],[-77.713782,37.299034],[-77.712919,37.299455],[-77.711686,37.299826],[-77.708797,37.300082],[-77.707342,37.29997],[-77.706705,37.299807],[-77.705835,37.299471],[-77.704618,37.298678],[-77.703453,37.298205],[-77.701485,37.29613],[-77.701015,37.295144],[-77.700932,37.294971],[-77.700877,37.294856],[-77.700641,37.294361],[-77.699486,37.291989],[-77.698103,37.287703],[-77.693035,37.281556],[-77.690868,37.281814],[-77.687634,37.282135],[-77.685686,37.283496],[-77.683907,37.286002],[-77.683295,37.289583],[-77.682414,37.291752],[-77.680528,37.292402],[-77.675807,37.292751],[-77.672021,37.292492],[-77.669835,37.292771],[-77.668221,37.292808],[-77.666742,37.291668],[-77.664765,37.287776],[-77.662538,37.278713],[-77.661897,37.277082],[-77.660812,37.275652],[-77.657121,37.272346],[-77.655356,37.268696],[-77.654272,37.267282],[-77.6522,37.265822],[-77.65061,37.265112],[-77.646378,37.264701],[-77.643509,37.263695],[-77.64237,37.263975],[-77.637969,37.267137],[-77.634801,37.2688],[-77.632613,37.269659],[-77.630577,37.26988],[-77.629399,37.269547],[-77.62761,37.267978],[-77.624713,37.266875],[-77.620301,37.266779],[-77.618954,37.267793],[-77.617341,37.269961],[-77.615198,37.270839],[-77.613349,37.270877],[-77.610748,37.269092],[-77.60771,37.267793],[-77.603283,37.263913],[-77.602826,37.263035],[-77.60301,37.260895],[-77.602232,37.257611],[-77.600494,37.253683],[-77.595216,37.250985],[-77.592684,37.25015],[-77.591441,37.249402],[-77.59044,37.247192],[-77.589159,37.246285],[-77.5872,37.246012],[-77.583979,37.2461],[-77.580443,37.242939],[-77.579521,37.238773],[-77.57891,37.237927],[-77.576708,37.236773],[-77.573716,37.236367],[-77.57212,37.23712],[-77.570853,37.23891],[-77.569389,37.239903],[-77.568198,37.239343],[-77.567323,37.2379],[-77.567192,37.235991],[-77.567386,37.232007],[-77.565912,37.231286],[-77.564011,37.231529],[-77.562727,37.230751],[-77.561536,37.228655],[-77.5604,37.225661],[-77.558813,37.224642],[-77.557927,37.224614],[-77.556696,37.225718],[-77.554032,37.226353],[-77.549938,37.226478],[-77.547221,37.226933],[-77.543714,37.226196],[-77.542054,37.226381],[-77.539305,37.226151],[-77.536115,37.226335],[-77.526229,37.222756],[-77.524979,37.220453],[-77.524873,37.220262],[-77.523583,37.218031],[-77.522559,37.217142],[-77.519026,37.217351],[-77.514945,37.218084],[-77.511982,37.219339],[-77.509182,37.221048],[-77.507586,37.221239],[-77.507261,37.221205],[-77.50697,37.221175],[-77.506776,37.221241],[-77.505517,37.221573],[-77.505112,37.221528],[-77.505035,37.22152],[-77.504957,37.221511],[-77.504802,37.221494],[-77.50475,37.221502],[-77.504561,37.22153],[-77.504156,37.22169],[-77.504098,37.221713],[-77.504031,37.221715],[-77.501994,37.222334],[-77.500625,37.224087],[-77.499203,37.224228],[-77.49801,37.223426],[-77.496467,37.223343],[-77.495131,37.223897],[-77.493125,37.224822],[-77.4861,37.225353],[-77.479595,37.224534],[-77.475999,37.225036],[-77.471981,37.225612],[-77.469705,37.225218],[-77.46649,37.225274],[-77.463194,37.22455],[-77.459783,37.223532],[-77.453578,37.22271],[-77.451605,37.222658],[-77.4479,37.223018],[-77.447408,37.223066],[-77.442279,37.223433],[-77.442253,37.224265],[-77.442468,37.225967],[-77.443313,37.232647],[-77.442163,37.234265],[-77.443455,37.239299],[-77.443413,37.242292],[-77.441628,37.243648],[-77.443911,37.24432],[-77.447049,37.245192],[-77.450912,37.247822],[-77.45261,37.248548],[-77.454801,37.249283],[-77.458341,37.250879],[-77.465352,37.25311],[-77.46903,37.253388],[-77.47318,37.255546],[-77.474632,37.256024],[-77.481868,37.259529],[-77.483926,37.261265],[-77.479606,37.261823],[-77.476749,37.263773],[-77.474111,37.26633],[-77.472425,37.267514],[-77.469045,37.268816],[-77.466651,37.270136],[-77.461527,37.270682],[-77.456505,37.271325],[-77.451436,37.269212],[-77.449042,37.267886],[-77.444588,37.266467],[-77.439809,37.264784],[-77.436507,37.26471],[-77.433771,37.265656],[-77.433343,37.26594],[-77.43078,37.267583],[-77.426774,37.269139],[-77.429964,37.272627],[-77.431701,37.274541],[-77.431805,37.275645],[-77.431794,37.275912],[-77.432268,37.275986],[-77.432231,37.276191],[-77.432244,37.27704],[-77.431864,37.279761],[-77.429761,37.28238],[-77.429296,37.283905],[-77.429523,37.28496],[-77.431555,37.288598],[-77.431528,37.289893],[-77.431655,37.290293],[-77.433736,37.291818],[-77.434559,37.293505],[-77.436436,37.294491],[-77.438294,37.296266],[-77.440101,37.296797],[-77.444468,37.299451],[-77.445801,37.300951],[-77.447276,37.303444],[-77.449865,37.305667],[-77.452644,37.30915],[-77.45478,37.312266],[-77.455193,37.312937],[-77.45819,37.317541],[-77.459158,37.32033],[-77.459154,37.323751],[-77.459686,37.325088],[-77.460071,37.326189],[-77.459752,37.328516],[-77.459634,37.32924],[-77.459302,37.331801],[-77.459798,37.333567],[-77.460381,37.335108],[-77.461482,37.335683],[-77.463639,37.338024],[-77.46518,37.3393],[-77.467495,37.34062],[-77.467655,37.341704],[-77.468536,37.34458],[-77.468736,37.345195],[-77.469402,37.346755],[-77.470823,37.347787],[-77.471478,37.349458],[-77.471448,37.349639],[-77.471837,37.34968],[-77.472307,37.349746],[-77.47276,37.349825],[-77.47322,37.349921],[-77.473638,37.350021],[-77.473709,37.35004],[-77.473948,37.350103],[-77.474314,37.350209],[-77.474774,37.350356],[-77.475288,37.350544],[-77.475677,37.350687],[-77.476417,37.350971],[-77.476537,37.351018],[-77.480452,37.352476],[-77.483639,37.353179],[-77.485732,37.35329],[-77.490889,37.35309],[-77.493009,37.353426],[-77.494407,37.354105],[-77.494363,37.354172],[-77.494288,37.354349],[-77.494232,37.354431],[-77.494177,37.354492],[-77.493725,37.354925],[-77.493614,37.355068],[-77.493503,37.355245],[-77.493425,37.355405],[-77.493035,37.356362],[-77.492973,37.356516],[-77.492877,37.356719],[-77.492794,37.35685],[-77.492695,37.356974],[-77.49258,37.357089],[-77.492471,37.35718],[-77.492327,37.357283],[-77.491926,37.357517],[-77.491786,37.357608],[-77.491591,37.357758],[-77.491442,37.357893],[-77.491335,37.358004],[-77.491222,37.358161],[-77.491144,37.358288],[-77.491077,37.358418],[-77.491021,37.358555],[-77.490968,37.358743],[-77.490933,37.358933],[-77.490918,37.359124],[-77.490921,37.359271],[-77.490932,37.359392],[-77.490793,37.359405],[-77.49126,37.360527],[-77.492275,37.361845],[-77.492848,37.362618],[-77.493182,37.365395],[-77.49306,37.366749],[-77.493134,37.367859],[-77.493162,37.368173],[-77.493682,37.369939],[-77.494086,37.370924],[-77.495037,37.372019],[-77.49606,37.373987],[-77.498056,37.37381],[-77.49926,37.373703],[-77.49929,37.374267],[-77.499118,37.375921],[-77.502114,37.376651],[-77.501351,37.377605],[-77.500077,37.379533],[-77.499025,37.381172],[-77.497741,37.383272],[-77.497399,37.384243],[-77.497351,37.387283],[-77.50427,37.387324],[-77.504936,37.387331],[-77.510155,37.387381],[-77.510687,37.387307],[-77.510847,37.387293],[-77.511248,37.387271],[-77.511485,37.387273],[-77.512784,37.387281],[-77.513018,37.387278],[-77.513407,37.387263],[-77.513585,37.387249],[-77.513975,37.387217],[-77.515222,37.387102],[-77.515333,37.387105],[-77.515442,37.387123],[-77.515526,37.387147],[-77.515818,37.389193],[-77.515357,37.393137],[-77.515136,37.393722],[-77.515043,37.393952],[-77.514938,37.394173],[-77.514849,37.39434],[-77.514676,37.394621],[-77.514515,37.394849],[-77.514101,37.395472],[-77.513757,37.395966],[-77.513394,37.396506],[-77.512985,37.397107],[-77.512594,37.397653],[-77.51227,37.398085],[-77.512095,37.398304],[-77.51169,37.398793],[-77.511654,37.398833],[-77.51157,37.398925],[-77.511611,37.398949],[-77.511654,37.398991],[-77.51167,37.399027],[-77.511664,37.399084],[-77.511683,37.399109],[-77.51265,37.399637],[-77.513022,37.399744],[-77.513781,37.399729],[-77.514607,37.399361],[-77.518337,37.396827],[-77.518577,37.396775],[-77.518788,37.396746],[-77.518959,37.396733],[-77.519096,37.396728],[-77.519291,37.396729],[-77.519497,37.396745],[-77.5197,37.396776],[-77.519899,37.396821],[-77.52013,37.396888],[-77.520279,37.396942],[-77.520494,37.397037],[-77.520573,37.397079],[-77.520638,37.397118],[-77.520727,37.39717],[-77.520892,37.397287],[-77.531867,37.408116],[-77.533214,37.40913],[-77.534504,37.40924],[-77.537205,37.408029],[-77.540703,37.407879],[-77.543594,37.408723],[-77.549147,37.409573],[-77.552252,37.409818],[-77.553982,37.410839],[-77.550893,37.41291],[-77.547159,37.416099],[-77.543115,37.417095],[-77.541733,37.416789],[-77.538022,37.416872],[-77.536203,37.417759],[-77.536004,37.41797],[-77.535127,37.421415],[-77.534094,37.424874],[-77.533233,37.427739],[-77.532738,37.429356],[-77.530892,37.431492],[-77.530342,37.432716],[-77.528437,37.433741],[-77.526073,37.434557],[-77.52517,37.435895],[-77.524893,37.436556],[-77.524414,37.43996],[-77.523747,37.442399],[-77.522131,37.443489],[-77.521365,37.444528],[-77.520947,37.447688],[-77.518595,37.44985],[-77.52043,37.451726],[-77.521047,37.452382],[-77.521796,37.452848],[-77.524441,37.45338],[-77.526159,37.454137],[-77.52713,37.456123],[-77.527927,37.456865],[-77.532942,37.457889],[-77.532509,37.462239],[-77.53286,37.462796],[-77.533148,37.463609],[-77.533897,37.4647],[-77.534927,37.46408],[-77.538026,37.463964],[-77.538752,37.464478],[-77.538909,37.464626],[-77.535754,37.466531],[-77.536513,37.469616],[-77.535718,37.471253],[-77.535961,37.473547],[-77.536267,37.476407],[-77.536763,37.479191],[-77.537962,37.480367],[-77.538237,37.481229],[-77.53875,37.483071],[-77.539779,37.484029],[-77.539628,37.488347],[-77.539346,37.493676],[-77.539543,37.494692],[-77.539991,37.496477],[-77.540496,37.498456],[-77.545074,37.497434],[-77.545129,37.497614],[-77.545562,37.498587],[-77.54563,37.49873],[-77.545998,37.500197],[-77.545751,37.500869],[-77.546417,37.502607],[-77.549126,37.504732],[-77.549279,37.504971],[-77.549645,37.505565],[-77.547194,37.506371],[-77.546721,37.506549],[-77.546277,37.506728],[-77.545965,37.506872],[-77.545525,37.5071],[-77.545104,37.507336],[-77.544857,37.507483],[-77.544727,37.507568],[-77.544264,37.507869],[-77.542876,37.508811],[-77.542131,37.509297],[-77.541696,37.50957],[-77.540211,37.510504],[-77.539977,37.510651],[-77.539658,37.510867],[-77.539463,37.510999],[-77.539042,37.511318],[-77.538636,37.511648],[-77.538348,37.5119],[-77.538168,37.512072],[-77.538037,37.512197],[-77.53774,37.512504],[-77.537428,37.512846],[-77.537223,37.513088],[-77.537195,37.513121],[-77.536909,37.513497],[-77.536662,37.513845],[-77.536596,37.513947],[-77.53643,37.514206],[-77.536373,37.514304],[-77.536191,37.514615],[-77.536025,37.514934],[-77.535849,37.515312],[-77.535673,37.515721],[-77.534542,37.518332],[-77.534499,37.518438],[-77.532867,37.521605],[-77.531628,37.522862],[-77.528707,37.52529],[-77.528468,37.525476],[-77.528469,37.526235],[-77.52865,37.531859],[-77.528651,37.531931],[-77.528859,37.531875],[-77.534301,37.530593],[-77.545036,37.528101],[-77.54539,37.528731],[-77.547071,37.531813],[-77.550126,37.53741],[-77.550934,37.538922],[-77.552323,37.541514],[-77.55452,37.543028],[-77.555226,37.54224],[-77.556942,37.540647],[-77.559712,37.538893],[-77.562129,37.537549],[-77.562322,37.537444],[-77.563699,37.536676],[-77.564688,37.53613],[-77.565931,37.535499],[-77.567764,37.534844],[-77.570662,37.534162],[-77.573671,37.533388],[-77.576699,37.532628],[-77.57775,37.532378],[-77.579551,37.532177],[-77.581024,37.532321],[-77.58262,37.532556],[-77.585452,37.532973],[-77.588066,37.533373],[-77.589204,37.533479],[-77.58982,37.533482],[-77.591712,37.533211],[-77.591918,37.533139],[-77.592448,37.532949],[-77.593801,37.533925],[-77.596849,37.534652],[-77.596355,37.535942],[-77.597267,37.537319],[-77.597587,37.539071],[-77.599108,37.540714],[-77.59899,37.542827],[-77.601173,37.545161],[-77.600337,37.545276],[-77.595846,37.545857],[-77.595515,37.554322],[-77.595462,37.55575],[-77.593153,37.555881],[-77.590588,37.556401],[-77.58771,37.557693],[-77.585163,37.558399],[-77.581451,37.558915],[-77.578048,37.558984],[-77.575534,37.558499],[-77.573851,37.55857],[-77.570569,37.557935],[-77.570377,37.557879],[-77.563963,37.556115],[-77.56113,37.555545],[-77.559398,37.55569],[-77.557107,37.556565],[-77.555286,37.557669],[-77.550889,37.558637],[-77.547785,37.560122],[-77.544161,37.5604],[-77.541336,37.560197],[-77.538563,37.559548],[-77.537048,37.559338],[-77.536836,37.559236],[-77.534878,37.559177],[-77.532352,37.559232],[-77.531108,37.559368],[-77.529698,37.559186],[-77.529495,37.559656],[-77.52831,37.562344],[-77.52756,37.564027],[-77.527487,37.564191],[-77.527415,37.564352],[-77.526438,37.566927],[-77.525855,37.568235],[-77.52782,37.568118],[-77.531173,37.568147],[-77.53264,37.568098],[-77.534116,37.568158],[-77.535328,37.568324],[-77.536155,37.568644],[-77.536108,37.568699],[-77.536096,37.56881],[-77.536119,37.568849],[-77.536191,37.568892],[-77.536218,37.568911],[-77.536279,37.569041],[-77.536278,37.5691],[-77.536267,37.569141],[-77.536249,37.569195],[-77.536313,37.569438],[-77.536342,37.569529],[-77.536368,37.569637],[-77.536386,37.569715],[-77.536392,37.569726],[-77.536397,37.569798],[-77.536427,37.569859],[-77.536461,37.569903],[-77.536505,37.56996],[-77.536522,37.569996],[-77.536525,37.570043],[-77.536528,37.570086],[-77.536517,37.570135],[-77.536509,37.570181],[-77.536477,37.570237],[-77.536456,37.570272],[-77.536452,37.570305],[-77.536462,37.570345],[-77.536503,37.570406],[-77.536575,37.570437],[-77.536623,37.570463],[-77.536661,37.570486],[-77.536676,37.570515],[-77.536679,37.57054],[-77.536685,37.57055],[-77.536687,37.570566],[-77.536693,37.570628],[-77.536693,37.570669],[-77.536696,37.57069],[-77.536713,37.570713],[-77.536733,37.570762],[-77.53677,37.570802],[-77.536825,37.570859],[-77.536876,37.570917],[-77.536906,37.570966],[-77.536912,37.571032],[-77.536898,37.571073],[-77.536884,37.571097],[-77.536871,37.571119],[-77.536863,37.571134],[-77.536841,37.571175],[-77.536837,37.571222],[-77.536853,37.571251],[-77.536888,37.571295],[-77.536908,37.571332],[-77.536925,37.571382],[-77.536949,37.571438],[-77.536969,37.571481],[-77.536979,37.57151],[-77.536982,37.571548],[-77.536991,37.571596],[-77.536994,37.571633],[-77.536987,37.571665],[-77.536983,37.571702],[-77.536996,37.571746],[-77.53702,37.571795],[-77.537026,37.571832],[-77.537026,37.571877],[-77.537018,37.571953],[-77.53702,37.572058],[-77.537032,37.57217],[-77.537042,37.572245],[-77.537037,37.572304],[-77.537033,37.572365],[-77.537049,37.572421],[-77.537077,37.57248],[-77.53708,37.572511],[-77.537162,37.572525],[-77.539021,37.572863],[-77.539961,37.572426],[-77.540905,37.572161],[-77.542233,37.570748],[-77.544455,37.571331],[-77.547469,37.572535],[-77.547018,37.573534],[-77.546745,37.574987],[-77.546793,37.575224],[-77.544601,37.577453],[-77.543066,37.579089],[-77.541446,37.580238],[-77.541423,37.580327],[-77.543353,37.58106],[-77.543564,37.581554],[-77.539077,37.582787],[-77.537826,37.58136],[-77.536401,37.582223],[-77.535661,37.582877],[-77.534201,37.584185],[-77.532867,37.582126],[-77.53203,37.582571],[-77.532672,37.585559],[-77.533027,37.587077],[-77.532807,37.588796],[-77.532556,37.591659],[-77.532559,37.591783],[-77.532552,37.591855],[-77.532515,37.591995],[-77.532449,37.592247],[-77.532388,37.592484],[-77.532174,37.59234],[-77.532147,37.592322],[-77.531944,37.592186],[-77.531784,37.592079],[-77.531747,37.592054],[-77.531732,37.592036],[-77.531681,37.591985],[-77.531647,37.591951],[-77.530536,37.591137],[-77.53037,37.591026],[-77.529469,37.590421],[-77.527532,37.58912],[-77.525419,37.587678],[-77.523017,37.586069],[-77.522268,37.585622],[-77.521577,37.585144],[-77.520713,37.584545],[-77.519729,37.583864],[-77.517685,37.582497],[-77.516826,37.581952],[-77.515677,37.581991],[-77.513861,37.581899],[-77.512771,37.582275],[-77.511943,37.581835],[-77.511812,37.581751],[-77.510208,37.5809],[-77.510154,37.580862],[-77.509914,37.580733],[-77.509855,37.5807],[-77.506274,37.578794],[-77.503846,37.577483],[-77.503558,37.577325],[-77.500521,37.57572],[-77.500422,37.575681],[-77.500257,37.575581],[-77.500123,37.575503],[-77.499937,37.575397],[-77.499766,37.57561],[-77.499719,37.575676],[-77.49939,37.57605],[-77.499033,37.57643],[-77.498699,37.576776],[-77.498558,37.576915],[-77.49781,37.577705],[-77.497082,37.578483],[-77.496414,37.579195],[-77.495742,37.579913],[-77.495079,37.580629],[-77.494408,37.581346],[-77.4939,37.581893],[-77.49381,37.581987],[-77.49301,37.581873],[-77.492899,37.581786],[-77.490761,37.580101],[-77.488597,37.578346],[-77.486278,37.576411],[-77.483147,37.57379],[-77.482759,37.573464],[-77.482368,37.573138],[-77.477625,37.575819],[-77.477338,37.575987],[-77.477143,37.5761],[-77.476817,37.576292],[-77.474759,37.577427],[-77.47465,37.577487],[-77.473094,37.578331],[-77.472927,37.578422],[-77.472527,37.578747],[-77.47374,37.580474],[-77.473875,37.580738],[-77.474085,37.581815],[-77.475611,37.583823],[-77.478035,37.587292],[-77.478736,37.587626],[-77.479213,37.587698],[-77.479372,37.589202],[-77.479386,37.589726],[-77.479409,37.590585],[-77.479132,37.593099],[-77.478432,37.594889],[-77.477957,37.596065],[-77.47722,37.597871],[-77.478246,37.598573],[-77.478146,37.598892],[-77.474387,37.598511],[-77.470903,37.598396],[-77.468938,37.598594],[-77.468824,37.598605],[-77.468764,37.598616],[-77.468096,37.598762],[-77.467987,37.598779],[-77.466905,37.598975],[-77.466766,37.599047],[-77.466787,37.59931],[-77.465525,37.599465],[-77.465679,37.60077],[-77.465895,37.602631],[-77.466062,37.60404],[-77.466466,37.607549],[-77.467734,37.607465],[-77.467893,37.607455],[-77.46793,37.607761],[-77.468205,37.608664],[-77.468385,37.608847],[-77.468719,37.609139],[-77.468848,37.609285],[-77.468877,37.609321],[-77.469018,37.609527],[-77.469085,37.609662],[-77.469132,37.609775],[-77.469168,37.609897],[-77.469182,37.609931],[-77.469325,37.610525],[-77.469401,37.610825],[-77.469662,37.611877],[-77.469865,37.612708],[-77.470091,37.613604],[-77.470398,37.614848],[-77.470733,37.616857],[-77.470145,37.618229],[-77.46961,37.619203],[-77.470754,37.619903],[-77.472084,37.619551],[-77.472389,37.621047],[-77.47446,37.621306],[-77.475413,37.622868],[-77.477078,37.622315],[-77.478332,37.623796],[-77.478741,37.624253],[-77.479818,37.625427],[-77.481063,37.626826],[-77.481692,37.627547],[-77.482745,37.628821],[-77.483288,37.630106],[-77.48353,37.631588],[-77.48402,37.632414],[-77.484694,37.633374],[-77.48526,37.63418],[-77.486002,37.635216],[-77.488335,37.637373],[-77.489588,37.638456],[-77.491286,37.639844],[-77.491382,37.639928],[-77.494033,37.642313],[-77.495472,37.646069],[-77.496509,37.648579],[-77.496585,37.648781],[-77.496509,37.65013],[-77.49596,37.651154],[-77.49539,37.65243],[-77.493683,37.655582],[-77.491879,37.657386],[-77.489731,37.659471],[-77.487233,37.661959],[-77.486562,37.663342],[-77.486512,37.663441],[-77.48494,37.667007],[-77.484649,37.667611],[-77.482863,37.671396],[-77.482767,37.671301],[-77.482246,37.670776],[-77.48164,37.671148],[-77.481026,37.671541],[-77.480163,37.67225],[-77.479547,37.675537],[-77.478193,37.679419],[-77.478999,37.681269],[-77.479022,37.681373],[-77.479006,37.681396],[-77.478974,37.681369],[-77.478947,37.681341],[-77.47892,37.681312],[-77.478899,37.681284],[-77.478877,37.681253],[-77.478863,37.681223],[-77.478845,37.68119],[-77.478837,37.681159],[-77.478825,37.681137],[-77.478819,37.681113],[-77.47881,37.681087],[-77.478799,37.681063],[-77.47879,37.681038],[-77.478776,37.681014],[-77.478763,37.680993],[-77.478752,37.680981],[-77.478743,37.680966],[-77.478731,37.680958],[-77.478717,37.680947],[-77.478697,37.680932],[-77.478676,37.680921],[-77.478656,37.680908],[-77.478628,37.680897],[-77.478601,37.680882],[-77.478578,37.680875],[-77.478553,37.680865],[-77.478523,37.680858],[-77.478495,37.680852],[-77.478468,37.680846],[-77.47844,37.680842],[-77.478413,37.68084],[-77.478387,37.68084],[-77.47836,37.68084],[-77.478336,37.680841],[-77.478309,37.680845],[-77.478275,37.680845],[-77.478152,37.680844],[-77.478108,37.680845],[-77.478062,37.680848],[-77.478025,37.68085],[-77.477984,37.680853],[-77.477945,37.680853],[-77.477903,37.680852],[-77.477855,37.680854],[-77.477799,37.680859],[-77.477749,37.680864],[-77.4777,37.680869],[-77.477661,37.680878],[-77.477638,37.680879],[-77.477422,37.680971],[-77.477233,37.681183],[-77.477273,37.681333],[-77.477526,37.681466],[-77.47767,37.681592],[-77.477705,37.681711],[-77.477597,37.682027],[-77.477385,37.682391],[-77.477196,37.682923],[-77.47718,37.683209],[-77.47712,37.683402],[-77.477053,37.683768],[-77.476973,37.684023],[-77.476776,37.684311],[-77.476532,37.68462],[-77.476474,37.684817],[-77.47646,37.685148],[-77.476368,37.685379],[-77.476022,37.685576],[-77.475885,37.685613],[-77.475426,37.685511],[-77.475124,37.685511],[-77.47461,37.68555],[-77.474445,37.685689],[-77.474377,37.685854],[-77.474108,37.686302],[-77.473681,37.686715],[-77.473541,37.686805],[-77.473027,37.687002],[-77.472995,37.687019],[-77.472957,37.687036],[-77.472911,37.687058],[-77.472859,37.687082],[-77.472805,37.687104],[-77.472783,37.687114],[-77.472746,37.687127],[-77.472688,37.68715],[-77.472631,37.687172],[-77.47258,37.687192],[-77.47253,37.687212],[-77.472487,37.687231],[-77.472452,37.687249],[-77.472416,37.687268],[-77.47238,37.687291],[-77.472343,37.687314],[-77.472308,37.687338],[-77.472271,37.687365],[-77.472239,37.687389],[-77.472206,37.687411],[-77.472177,37.687432],[-77.47215,37.687452],[-77.472126,37.687468],[-77.472108,37.687485],[-77.472089,37.687498],[-77.47207,37.687511],[-77.472044,37.687529],[-77.472005,37.68755],[-77.471949,37.68757],[-77.471886,37.68759],[-77.471825,37.687607],[-77.471764,37.687624],[-77.471708,37.687636],[-77.471659,37.687646],[-77.471615,37.687654],[-77.471597,37.687656],[-77.471574,37.687659],[-77.471532,37.687662],[-77.471491,37.687664],[-77.471447,37.687666],[-77.471396,37.687666],[-77.471335,37.687663],[-77.471296,37.687659],[-77.471183,37.687637],[-77.471124,37.687619],[-77.471086,37.687602],[-77.471055,37.687586],[-77.47104,37.687583],[-77.471016,37.68757],[-77.470983,37.687561],[-77.470959,37.687553],[-77.470937,37.687548],[-77.470919,37.687543],[-77.4709,37.687536],[-77.470878,37.687529],[-77.470853,37.687521],[-77.470833,37.687512],[-77.47081,37.687506],[-77.470788,37.687499],[-77.470764,37.68749],[-77.470741,37.687481],[-77.470711,37.687472],[-77.470687,37.687462],[-77.470663,37.687451],[-77.470642,37.687444],[-77.470622,37.687435],[-77.470601,37.687426],[-77.470582,37.687417],[-77.470561,37.687408],[-77.470535,37.687395],[-77.470508,37.687382],[-77.47048,37.687368],[-77.470452,37.687355],[-77.470429,37.687345],[-77.470411,37.687336],[-77.470384,37.687325],[-77.470367,37.687318],[-77.470346,37.687309],[-77.470322,37.687299],[-77.469914,37.687096],[-77.469727,37.686961],[-77.469564,37.686784],[-77.469486,37.686617],[-77.469432,37.686162],[-77.46931,37.686041],[-77.468982,37.685969],[-77.468819,37.685905],[-77.46847,37.685698],[-77.46799,37.685265],[-77.467543,37.685023],[-77.467071,37.684588],[-77.466607,37.684098],[-77.46648,37.684022],[-77.46614,37.683925],[-77.465934,37.68374],[-77.465913,37.683674],[-77.465991,37.683378],[-77.466085,37.683197],[-77.466004,37.683082],[-77.465628,37.682929],[-77.465346,37.682715],[-77.464912,37.682434],[-77.464812,37.682391],[-77.464561,37.68216],[-77.464395,37.681866],[-77.464233,37.680653],[-77.461727,37.680213],[-77.461539,37.680272],[-77.461255,37.680264],[-77.460955,37.680383],[-77.460797,37.680333],[-77.460788,37.680072],[-77.460818,37.679841],[-77.460706,37.679372],[-77.460732,37.679155],[-77.460855,37.678884],[-77.461029,37.678679],[-77.461026,37.678608],[-77.460793,37.678409],[-77.460499,37.678287],[-77.460065,37.678181],[-77.45918,37.678286],[-77.457928,37.678041],[-77.457395,37.677826],[-77.456184,37.678126],[-77.454976,37.678896],[-77.454919,37.679107],[-77.455111,37.679332],[-77.455394,37.679427],[-77.455709,37.679592],[-77.455868,37.679727],[-77.455868,37.679889],[-77.455514,37.68008],[-77.455213,37.680192],[-77.454896,37.6804],[-77.454879,37.680412],[-77.454843,37.680435],[-77.454809,37.680459],[-77.454777,37.680477],[-77.45474,37.680495],[-77.454704,37.680508],[-77.454663,37.68052],[-77.454621,37.68053],[-77.454579,37.680538],[-77.454541,37.680544],[-77.454511,37.68055],[-77.454484,37.680555],[-77.454458,37.680558],[-77.454435,37.680563],[-77.454393,37.680567],[-77.454344,37.680567],[-77.45432,37.680565],[-77.454299,37.680565],[-77.454278,37.680562],[-77.454255,37.68056],[-77.454231,37.680556],[-77.454203,37.680552],[-77.454179,37.680548],[-77.454157,37.680543],[-77.454125,37.680535],[-77.454108,37.68053],[-77.454089,37.680523],[-77.454064,37.680514],[-77.45404,37.680505],[-77.454019,37.680496],[-77.453999,37.680485],[-77.453981,37.680472],[-77.453949,37.680445],[-77.453935,37.680432],[-77.453922,37.680419],[-77.453909,37.680406],[-77.453897,37.680392],[-77.453882,37.680378],[-77.453865,37.680363],[-77.453848,37.680347],[-77.453827,37.680325],[-77.453809,37.680307],[-77.453793,37.680289],[-77.453778,37.680273],[-77.453761,37.680254],[-77.453745,37.680235],[-77.453727,37.680216],[-77.45371,37.680198],[-77.45369,37.68018],[-77.453671,37.680162],[-77.453647,37.680142],[-77.453624,37.680122],[-77.453607,37.68011],[-77.453594,37.6801],[-77.453576,37.680089],[-77.453558,37.680075],[-77.453539,37.68006],[-77.453526,37.680046],[-77.453515,37.680037],[-77.453486,37.680011],[-77.453469,37.679998],[-77.45345,37.679981],[-77.453426,37.67996],[-77.453402,37.679939],[-77.453378,37.679918],[-77.453358,37.6799],[-77.453339,37.679884],[-77.453322,37.679869],[-77.453307,37.679855],[-77.453295,37.679843],[-77.453284,37.679834],[-77.453237,37.679791],[-77.453225,37.679781],[-77.45321,37.679772],[-77.453192,37.679759],[-77.45317,37.679745],[-77.453146,37.679729],[-77.453118,37.679717],[-77.45309,37.679708],[-77.453068,37.679705],[-77.45305,37.679704],[-77.453017,37.679705],[-77.452998,37.679703],[-77.452977,37.6797],[-77.452955,37.679697],[-77.45293,37.679692],[-77.452906,37.679688],[-77.452856,37.679682],[-77.452687,37.679679],[-77.452656,37.679681],[-77.45258,37.679681],[-77.452495,37.679681],[-77.452445,37.679682],[-77.45242,37.67968],[-77.452384,37.679679],[-77.45236,37.679675],[-77.452229,37.679662],[-77.452184,37.67966],[-77.452126,37.679665],[-77.452083,37.679668],[-77.452062,37.679669],[-77.45204,37.679671],[-77.452013,37.679671],[-77.451927,37.679682],[-77.451868,37.679696],[-77.4518,37.679713],[-77.45176,37.679725],[-77.451635,37.679761],[-77.45158,37.679775],[-77.451555,37.679783],[-77.451529,37.679791],[-77.45147,37.67981],[-77.451405,37.679834],[-77.451386,37.679842],[-77.451281,37.67988],[-77.451217,37.679904],[-77.451191,37.679917],[-77.45114,37.679939],[-77.451124,37.679944],[-77.451107,37.679951],[-77.45111,37.679983],[-77.451113,37.680005],[-77.451117,37.680049],[-77.451123,37.680093],[-77.451128,37.680137],[-77.451132,37.680181],[-77.451133,37.680225],[-77.451134,37.680247],[-77.451133,37.680272],[-77.450967,37.680479],[-77.450734,37.680744],[-77.451056,37.681815],[-77.450898,37.682548],[-77.450644,37.682858],[-77.449838,37.68334],[-77.449039,37.683924],[-77.448835,37.684357],[-77.448572,37.684445],[-77.445942,37.684092],[-77.445698,37.683661],[-77.445677,37.68362],[-77.445655,37.683589],[-77.445634,37.683565],[-77.445611,37.683548],[-77.445588,37.683534],[-77.445498,37.683489],[-77.445459,37.683473],[-77.445365,37.683438],[-77.445288,37.683402],[-77.44524,37.68337],[-77.445173,37.683311],[-77.445127,37.683284],[-77.445034,37.683221],[-77.445002,37.6832],[-77.444823,37.68309],[-77.444704,37.683026],[-77.444608,37.682984],[-77.444376,37.682908],[-77.444319,37.682895],[-77.444211,37.682876],[-77.444169,37.682861],[-77.444126,37.68284],[-77.44409,37.68282],[-77.443949,37.68273],[-77.44385,37.682672],[-77.443811,37.682656],[-77.44379,37.682644],[-77.443716,37.682599],[-77.443696,37.682584],[-77.443681,37.682568],[-77.443568,37.682391],[-77.443519,37.682328],[-77.443472,37.68228],[-77.443447,37.682259],[-77.443414,37.68224],[-77.443378,37.682223],[-77.44334,37.682206],[-77.443238,37.682172],[-77.443205,37.682157],[-77.443174,37.682139],[-77.443126,37.682097],[-77.443106,37.682056],[-77.443045,37.68183],[-77.441602,37.680119],[-77.440117,37.676877],[-77.440339,37.676244],[-77.440438,37.673381],[-77.440024,37.671491],[-77.439977,37.671105],[-77.439708,37.668652],[-77.439223,37.667645],[-77.439092,37.667501],[-77.436819,37.664863],[-77.436627,37.664468],[-77.436559,37.664096],[-77.436492,37.663983],[-77.43621,37.663747],[-77.435974,37.663619],[-77.435513,37.663313],[-77.435387,37.663325],[-77.434469,37.662496],[-77.433817,37.662113],[-77.432319,37.66036],[-77.430919,37.658367],[-77.430765,37.658127],[-77.430568,37.657652],[-77.430585,37.657325],[-77.43077,37.656975],[-77.430746,37.656834],[-77.43095,37.656548],[-77.431033,37.656149],[-77.430958,37.655948],[-77.431005,37.655782],[-77.431008,37.655591],[-77.43096,37.655488],[-77.430954,37.654998],[-77.430985,37.654701],[-77.430894,37.65447],[-77.430861,37.654054],[-77.430779,37.653749],[-77.430705,37.653623],[-77.430566,37.653263],[-77.430423,37.652585],[-77.43041,37.652444],[-77.430365,37.652288],[-77.430357,37.652262],[-77.430349,37.652245],[-77.430332,37.652134],[-77.430337,37.652098],[-77.430353,37.652017],[-77.430359,37.651988],[-77.430369,37.651866],[-77.430387,37.651739],[-77.430393,37.651695],[-77.430382,37.651616],[-77.430325,37.651509],[-77.430251,37.651419],[-77.430153,37.651338],[-77.43004,37.65128],[-77.429921,37.651226],[-77.429883,37.651211],[-77.429806,37.65118],[-77.429769,37.651165],[-77.429705,37.651137],[-77.429673,37.651122],[-77.429484,37.651098],[-77.429441,37.651098],[-77.429354,37.651083],[-77.429238,37.651036],[-77.429117,37.65097],[-77.42904,37.650922],[-77.428944,37.650864],[-77.428923,37.650835],[-77.42888,37.650806],[-77.428781,37.650781],[-77.428619,37.650764],[-77.428477,37.650763],[-77.428334,37.650785],[-77.428198,37.6508],[-77.428082,37.650793],[-77.427949,37.650772],[-77.427778,37.650696],[-77.427703,37.650617],[-77.427627,37.650558],[-77.427535,37.650507],[-77.42747,37.650454],[-77.427434,37.650432],[-77.427398,37.650411],[-77.427382,37.650409],[-77.427367,37.650402],[-77.427331,37.65039],[-77.427248,37.650368],[-77.427201,37.650355],[-77.427109,37.650335],[-77.427064,37.65033],[-77.426958,37.650316],[-77.426903,37.650303],[-77.426849,37.650292],[-77.426757,37.650263],[-77.426665,37.650223],[-77.426603,37.650172],[-77.42656,37.650062],[-77.426501,37.650003],[-77.426498,37.64998],[-77.426454,37.649928],[-77.426372,37.649878],[-77.426288,37.649817],[-77.42624,37.649795],[-77.4261,37.649763],[-77.425988,37.649751],[-77.42587,37.649747],[-77.425837,37.649746],[-77.425737,37.649733],[-77.42568,37.649716],[-77.425644,37.649703],[-77.425535,37.649653],[-77.425455,37.649592],[-77.425381,37.649513],[-77.425342,37.649453],[-77.425191,37.649337],[-77.425114,37.649233],[-77.425069,37.649188],[-77.424988,37.649137],[-77.424852,37.649041],[-77.424722,37.648987],[-77.424582,37.648918],[-77.42448,37.648859],[-77.424445,37.648824],[-77.424304,37.648704],[-77.424275,37.648667],[-77.424248,37.648626],[-77.424222,37.648565],[-77.42418,37.648464],[-77.424162,37.648421],[-77.424094,37.648268],[-77.424071,37.64822],[-77.424011,37.648052],[-77.423956,37.647893],[-77.423936,37.647849],[-77.423892,37.647755],[-77.423873,37.647704],[-77.42383,37.647555],[-77.423814,37.647507],[-77.423775,37.647394],[-77.423722,37.647281],[-77.423701,37.647242],[-77.423635,37.647129],[-77.423621,37.647106],[-77.423542,37.646973],[-77.423495,37.646832],[-77.423485,37.646786],[-77.423465,37.646694],[-77.42345,37.646653],[-77.42343,37.646543],[-77.423366,37.646444],[-77.423356,37.646423],[-77.423349,37.646411],[-77.423329,37.646338],[-77.423323,37.646298],[-77.423288,37.646164],[-77.423206,37.64602],[-77.423165,37.645872],[-77.423098,37.645732],[-77.423089,37.645712],[-77.423091,37.64568],[-77.423064,37.645585],[-77.422945,37.645455],[-77.422931,37.64543],[-77.422914,37.6454],[-77.422867,37.645281],[-77.422862,37.64526],[-77.422854,37.645221],[-77.422829,37.644994],[-77.422763,37.644888],[-77.422735,37.644861],[-77.422687,37.64479],[-77.422644,37.644716],[-77.422635,37.6447],[-77.422541,37.644586],[-77.422524,37.644554],[-77.422511,37.644496],[-77.42249,37.644441],[-77.422464,37.644335],[-77.422433,37.644252],[-77.422397,37.64412],[-77.422352,37.644011],[-77.422332,37.643942],[-77.422266,37.643711],[-77.42143,37.641682],[-77.421312,37.641453],[-77.41995,37.638108],[-77.420561,37.637221],[-77.420679,37.636503],[-77.419289,37.635679],[-77.418658,37.633946],[-77.418649,37.633924],[-77.418634,37.633887],[-77.418619,37.633853],[-77.418602,37.633824],[-77.418587,37.6338],[-77.41858,37.633791],[-77.418573,37.63378],[-77.418565,37.633767],[-77.418548,37.633737],[-77.418538,37.63372],[-77.41852,37.633686],[-77.418501,37.633652],[-77.418492,37.633635],[-77.418474,37.633602],[-77.418459,37.63357],[-77.418444,37.63354],[-77.418403,37.633455],[-77.418387,37.633425],[-77.418372,37.633393],[-77.418354,37.633359],[-77.418315,37.633282],[-77.418274,37.633202],[-77.418254,37.633166],[-77.418224,37.633137],[-77.418161,37.633087],[-77.418107,37.633044],[-77.418064,37.633014],[-77.417094,37.632526],[-77.415999,37.631417],[-77.414655,37.631098],[-77.413777,37.630269],[-77.411018,37.629257],[-77.410365,37.628037],[-77.408598,37.62748],[-77.408252,37.627344],[-77.407786,37.627149],[-77.406828,37.62728],[-77.405254,37.625798],[-77.405204,37.624722],[-77.40467,37.622605],[-77.405797,37.620478],[-77.40587,37.620384],[-77.405933,37.620307],[-77.405987,37.62024],[-77.406041,37.619528],[-77.40588,37.618979],[-77.407061,37.617595],[-77.407098,37.617559],[-77.407145,37.617514],[-77.407288,37.617357],[-77.407327,37.617305],[-77.407426,37.617154],[-77.408558,37.615087],[-77.408706,37.614656],[-77.407189,37.612524],[-77.406257,37.611851],[-77.405163,37.610948],[-77.404601,37.609524],[-77.40464,37.609324],[-77.404669,37.609178],[-77.404874,37.608628],[-77.405115,37.60817],[-77.405274,37.607699],[-77.405309,37.607378],[-77.405266,37.60715],[-77.405042,37.606555],[-77.404848,37.606275],[-77.40463,37.606058],[-77.404428,37.605905],[-77.404208,37.605804],[-77.403958,37.605528],[-77.403911,37.605322],[-77.40382,37.605222],[-77.403629,37.605117],[-77.4036,37.605105],[-77.40335,37.605102],[-77.403207,37.605153],[-77.403157,37.605189],[-77.403007,37.605305],[-77.402944,37.605342],[-77.40275,37.605406],[-77.402471,37.605482],[-77.402326,37.605515],[-77.402288,37.605523],[-77.402078,37.605571],[-77.402019,37.605584],[-77.401814,37.605628],[-77.401742,37.605643],[-77.401609,37.605679],[-77.401471,37.605713],[-77.401176,37.605983],[-77.400941,37.60611],[-77.400282,37.606171],[-77.399981,37.606141],[-77.399853,37.606068],[-77.399553,37.605559],[-77.399386,37.60531],[-77.399061,37.604999],[-77.398627,37.604541],[-77.397903,37.603843],[-77.397551,37.603425],[-77.397036,37.602622],[-77.396855,37.60243],[-77.396627,37.602267],[-77.396333,37.602014],[-77.396037,37.601913],[-77.395748,37.601948],[-77.395519,37.60202],[-77.395046,37.602106],[-77.394827,37.602066],[-77.394616,37.601987],[-77.394343,37.601822],[-77.394125,37.601735],[-77.393832,37.601567],[-77.393633,37.601399],[-77.393283,37.600933],[-77.392828,37.600497],[-77.392308,37.600248],[-77.392146,37.600137],[-77.392022,37.599987],[-77.391935,37.599783],[-77.391839,37.599218],[-77.391675,37.598863],[-77.391423,37.598543],[-77.391324,37.598339],[-77.391126,37.598094],[-77.390915,37.597979],[-77.390744,37.597934],[-77.390557,37.59798],[-77.39014,37.598191],[-77.389744,37.598239],[-77.389329,37.598143],[-77.389133,37.598149],[-77.38892,37.598341],[-77.388661,37.598433],[-77.388446,37.598383],[-77.388012,37.598108],[-77.387896,37.598078],[-77.387518,37.598156],[-77.38738,37.598145],[-77.387233,37.598054],[-77.38708,37.597788],[-77.386974,37.59767],[-77.386818,37.597615],[-77.386523,37.597629],[-77.386392,37.597592],[-77.385853,37.597323],[-77.385467,37.597045],[-77.384897,37.596545],[-77.382879,37.595247],[-77.382752,37.59514],[-77.382707,37.595102],[-77.382678,37.595084],[-77.382662,37.595074],[-77.38265,37.595064],[-77.382628,37.595051],[-77.382621,37.595034],[-77.382605,37.595021],[-77.382579,37.595002],[-77.382531,37.594966],[-77.382486,37.594931],[-77.382473,37.59492],[-77.382438,37.594895],[-77.382424,37.594886],[-77.382408,37.594879],[-77.382376,37.594862],[-77.382342,37.594842],[-77.382317,37.594828],[-77.382256,37.594796],[-77.382228,37.594784],[-77.382149,37.594739],[-77.382093,37.594708],[-77.382066,37.594692],[-77.382,37.594656],[-77.38194,37.594629],[-77.381859,37.594594],[-77.381823,37.594572],[-77.381782,37.594538],[-77.381755,37.594513],[-77.381732,37.594509],[-77.381598,37.594487],[-77.381545,37.594502],[-77.381459,37.594525],[-77.381446,37.594528],[-77.381432,37.594543],[-77.381278,37.594584],[-77.381164,37.594605],[-77.381122,37.594606],[-77.38105,37.594608],[-77.380824,37.594597],[-77.38059,37.594585],[-77.380431,37.59456],[-77.380202,37.594496],[-77.380006,37.594418],[-77.37999,37.594412],[-77.379922,37.594388],[-77.379815,37.594351],[-77.379666,37.59431],[-77.379556,37.594285],[-77.379454,37.594284],[-77.379323,37.594281],[-77.379276,37.594278],[-77.379174,37.594264],[-77.379131,37.59426],[-77.379094,37.594255],[-77.378979,37.594214],[-77.378942,37.594197],[-77.378905,37.594184],[-77.378858,37.594166],[-77.37881,37.59415],[-77.37868,37.594107],[-77.378637,37.594096],[-77.378542,37.594072],[-77.37849,37.594064],[-77.378337,37.594037],[-77.378284,37.594031],[-77.378214,37.594028],[-77.378144,37.594025],[-77.378093,37.594025],[-77.377965,37.594043],[-77.377812,37.594065],[-77.377758,37.594071],[-77.377609,37.594065],[-77.377554,37.594057],[-77.377452,37.59404],[-77.377338,37.594024],[-77.377235,37.594015],[-77.377192,37.594029],[-77.377031,37.594102],[-77.376912,37.594131],[-77.376875,37.594127],[-77.376783,37.594073],[-77.37676,37.59405],[-77.376699,37.593965],[-77.376678,37.593939],[-77.376592,37.593867],[-77.376558,37.593852],[-77.376432,37.593824],[-77.376392,37.593819],[-77.37638,37.593819],[-77.376355,37.593819],[-77.372506,37.593147],[-77.371949,37.592666],[-77.371843,37.59258],[-77.371685,37.592443],[-77.370945,37.591898],[-77.370534,37.591621],[-77.370199,37.591382],[-77.369528,37.590956],[-77.369344,37.590832],[-77.368753,37.590551],[-77.368528,37.590529],[-77.368245,37.590501],[-77.368084,37.590523],[-77.366592,37.590711],[-77.364639,37.589619],[-77.36368,37.589215],[-77.362672,37.588693],[-77.362638,37.588365],[-77.362797,37.587741],[-77.362669,37.587288],[-77.362624,37.587214],[-77.362484,37.587065],[-77.362313,37.586914],[-77.362255,37.586873],[-77.362062,37.586737],[-77.361888,37.586675],[-77.361833,37.586689],[-77.361669,37.586766],[-77.361508,37.586853],[-77.361307,37.586953],[-77.361245,37.586976],[-77.361189,37.586971],[-77.360707,37.58676],[-77.360216,37.585822],[-77.359585,37.585518],[-77.358492,37.584838],[-77.358415,37.584733],[-77.358431,37.584594],[-77.358443,37.584543],[-77.358453,37.584303],[-77.358483,37.584182],[-77.358519,37.584107],[-77.358489,37.584092],[-77.35812,37.583821],[-77.35807,37.583769],[-77.357965,37.58358],[-77.357937,37.583509],[-77.357897,37.583312],[-77.357913,37.583138],[-77.357887,37.583091],[-77.357731,37.582952],[-77.357493,37.582867],[-77.357351,37.582847],[-77.357331,37.582835],[-77.357168,37.582813],[-77.357001,37.582805],[-77.35695,37.582813],[-77.356834,37.582909],[-77.356688,37.583076],[-77.356652,37.583088],[-77.356476,37.58308],[-77.356153,37.583047],[-77.355876,37.582989],[-77.355659,37.582927],[-77.355431,37.582849],[-77.355313,37.582794],[-77.354785,37.582654],[-77.354428,37.582384],[-77.354395,37.582323],[-77.354344,37.582178],[-77.354336,37.582122],[-77.354334,37.581905],[-77.354275,37.581769],[-77.354205,37.581722],[-77.351852,37.580746],[-77.351722,37.580698],[-77.351689,37.580707],[-77.351679,37.5808],[-77.351699,37.580839],[-77.351674,37.580973],[-77.351624,37.580987],[-77.351518,37.580958],[-77.351462,37.580928],[-77.351289,37.580871],[-77.35124,37.58087],[-77.351048,37.580891],[-77.350986,37.580882],[-77.350813,37.580814],[-77.35063,37.580653],[-77.350581,37.58062],[-77.350461,37.580577],[-77.350386,37.580564],[-77.350214,37.580476],[-77.350185,37.580435],[-77.350185,37.580276],[-77.350209,37.580174],[-77.35022,37.580059],[-77.350207,37.580038],[-77.350028,37.579993],[-77.349825,37.579981],[-77.349752,37.579984],[-77.349543,37.579954],[-77.349299,37.579805],[-77.34901,37.579644],[-77.348802,37.579539],[-77.348728,37.579508],[-77.348582,37.57948],[-77.348499,37.579481],[-77.348259,37.579538],[-77.348172,37.579563],[-77.348013,37.579568],[-77.347937,37.579551],[-77.347751,37.579453],[-77.347676,37.579424],[-77.347461,37.579383],[-77.347158,37.579369],[-77.346912,37.579313],[-77.346749,37.579249],[-77.346464,37.579114],[-77.346326,37.579031],[-77.346073,37.578936],[-77.345977,37.578913],[-77.345744,37.578834],[-77.34569,37.57879],[-77.345593,37.578693],[-77.345539,37.578648],[-77.345347,37.578566],[-77.345284,37.578564],[-77.345055,37.578539],[-77.344974,37.57851],[-77.344841,37.578431],[-77.344623,37.57823],[-77.344568,37.578201],[-77.34441,37.578248],[-77.344364,37.578291],[-77.344234,37.57846],[-77.344055,37.578588],[-77.343991,37.578613],[-77.343769,37.578615],[-77.343476,37.578568],[-77.343401,37.578561],[-77.343068,37.578585],[-77.342874,37.578566],[-77.342772,37.578533],[-77.34247,37.578393],[-77.342158,37.578245],[-77.342046,37.578195],[-77.341813,37.57811],[-77.341705,37.578076],[-77.341163,37.577919],[-77.340916,37.577856],[-77.340637,37.577774],[-77.340575,37.57776],[-77.339842,37.577545],[-77.339559,37.577505],[-77.339471,37.577477],[-77.339279,37.577435],[-77.339033,37.57739],[-77.338917,37.577375],[-77.338419,37.5773],[-77.338169,37.577236],[-77.338096,37.577206],[-77.337954,37.577063],[-77.337419,37.57643],[-77.336967,37.575736],[-77.336925,37.575674],[-77.336203,37.575016],[-77.335756,37.574778],[-77.335229,37.574698],[-77.3348,37.574671],[-77.33407,37.574427],[-77.333126,37.574246],[-77.332474,37.574003],[-77.331515,37.573737],[-77.330722,37.573293],[-77.330415,37.572986],[-77.330344,37.572918],[-77.330297,37.572876],[-77.330226,37.572821],[-77.330178,37.572796],[-77.330143,37.572778],[-77.330087,37.572746],[-77.330022,37.572706],[-77.329941,37.57267],[-77.329886,37.572648],[-77.329805,37.572617],[-77.32971,37.572586],[-77.329616,37.572556],[-77.329517,37.572531],[-77.329408,37.572502],[-77.329282,37.57247],[-77.329144,37.572435],[-77.329022,37.572407],[-77.328965,37.572395],[-77.328861,37.572373],[-77.328768,37.572354],[-77.328687,37.572338],[-77.328574,37.572311],[-77.328486,37.572287],[-77.328391,37.572262],[-77.328294,37.572232],[-77.328199,37.572203],[-77.328153,37.572189],[-77.327994,37.572133],[-77.327894,37.572095],[-77.327789,37.572054],[-77.327668,37.572006],[-77.327522,37.57195],[-77.327415,37.57191],[-77.327367,37.571891],[-77.327279,37.571856],[-77.327205,37.571822],[-77.327147,37.571792],[-77.327123,37.571779],[-77.327082,37.571749],[-77.327024,37.571706],[-77.326953,37.571653],[-77.326877,37.571595],[-77.326802,37.571534],[-77.326734,37.571473],[-77.32669,37.571428],[-77.326638,37.571359],[-77.326622,37.571336],[-77.326592,37.571283],[-77.326561,37.571223],[-77.32653,37.571159],[-77.326504,37.571097],[-77.326494,37.571068],[-77.326486,37.571038],[-77.326482,37.571009],[-77.326476,37.570961],[-77.326478,37.57094],[-77.326483,37.570922],[-77.32649,37.57091],[-77.326578,37.570328],[-77.324779,37.56965],[-77.324089,37.569238],[-77.323915,37.569185],[-77.323628,37.569111],[-77.323391,37.569071],[-77.323071,37.568911],[-77.322819,37.568753],[-77.322603,37.568524],[-77.322379,37.568347],[-77.322075,37.568164],[-77.322032,37.568142],[-77.32125,37.567776],[-77.321026,37.567778],[-77.32095,37.567795],[-77.320754,37.567836],[-77.320547,37.567878],[-77.318935,37.567483],[-77.317842,37.567352],[-77.316714,37.567466],[-77.31606,37.567016],[-77.314926,37.5658],[-77.313405,37.564611],[-77.311946,37.564448],[-77.311586,37.564531],[-77.311057,37.564922],[-77.310581,37.564744],[-77.309864,37.564164],[-77.30829,37.563095],[-77.303961,37.567385],[-77.30354,37.567795],[-77.303227,37.5681],[-77.299826,37.571411],[-77.298002,37.573189],[-77.291458,37.577418],[-77.290818,37.57857],[-77.290789,37.582133],[-77.291641,37.58321],[-77.29251,37.584334],[-77.294537,37.586718],[-77.296508,37.587462],[-77.298567,37.58713],[-77.302038,37.586719],[-77.303611,37.586919],[-77.306809,37.586426],[-77.310951,37.587257],[-77.315799,37.589633],[-77.317352,37.590439],[-77.31549,37.59273],[-77.312007,37.595214],[-77.310663,37.596221],[-77.310583,37.597237],[-77.310797,37.598573],[-77.309663,37.602717],[-77.31089,37.603909],[-77.311259,37.606458],[-77.308996,37.607323],[-77.30599,37.608868],[-77.300438,37.612665],[-77.29938,37.614386],[-77.298748,37.617856],[-77.298831,37.619429],[-77.298889,37.62199],[-77.297712,37.625343],[-77.298062,37.627092],[-77.298092,37.627237],[-77.298325,37.630278],[-77.29881,37.636341],[-77.299273,37.637769],[-77.300232,37.639609],[-77.298295,37.639676],[-77.296076,37.639787],[-77.292542,37.640741],[-77.290831,37.642669],[-77.288106,37.643805],[-77.289808,37.648022],[-77.289338,37.64915],[-77.289619,37.652282],[-77.292639,37.656471],[-77.296158,37.65798],[-77.29855,37.659592],[-77.299222,37.660707],[-77.29916,37.66429],[-77.300614,37.665863],[-77.301001,37.667225],[-77.302983,37.668537],[-77.304849,37.668527],[-77.3063,37.667906],[-77.312994,37.668269],[-77.313664,37.667829],[-77.314362,37.667187],[-77.317402,37.667313],[-77.318846,37.667203],[-77.321278,37.668592],[-77.322156,37.669888],[-77.323206,37.670108],[-77.324035,37.67153],[-77.325404,37.672179],[-77.326875,37.673737],[-77.32804,37.674074],[-77.328883,37.675886],[-77.329693,37.675818],[-77.330483,37.677124],[-77.329387,37.677787],[-77.32827,37.677625],[-77.329523,37.680602],[-77.32859,37.681027],[-77.327181,37.682936],[-77.329176,37.684764],[-77.329015,37.686691],[-77.329894,37.687779],[-77.329913,37.689065],[-77.330057,37.689085],[-77.329643,37.693841],[-77.328587,37.694616],[-77.326417,37.697161],[-77.326804,37.698709],[-77.32731,37.699784],[-77.325064,37.699966],[-77.322617,37.699324],[-77.322092,37.698736],[-77.318719,37.700856],[-77.315063,37.703328],[-77.314869,37.704701],[-77.313867,37.706173],[-77.313909,37.707562],[-77.312658,37.708979],[-77.308336,37.708146],[-77.298889,37.713908],[-77.293812,37.710084],[-77.292008,37.71071],[-77.289453,37.712983],[-77.289165,37.715153],[-77.290782,37.714449],[-77.291435,37.714087],[-77.291967,37.713961],[-77.292404,37.714067],[-77.292628,37.714927],[-77.292437,37.715478],[-77.292478,37.716321],[-77.293087,37.718275],[-77.293344,37.719382],[-77.293538,37.719835],[-77.294628,37.7214],[-77.295172,37.722025],[-77.297181,37.724275],[-77.297265,37.724712],[-77.297153,37.726019],[-77.297254,37.726543],[-77.297324,37.729],[-77.297236,37.729944],[-77.29678,37.731],[-77.296233,37.731983],[-77.295412,37.732963],[-77.293595,37.734456],[-77.29354,37.734905],[-77.293631,37.735605],[-77.294191,37.737253],[-77.293763,37.738804],[-77.293463,37.739266],[-77.293509,37.739804],[-77.293983,37.73991],[-77.295503,37.739765],[-77.296506,37.739601],[-77.297937,37.739266],[-77.298795,37.738947],[-77.299417,37.738574],[-77.300593,37.73763],[-77.301886,37.736789],[-77.305849,37.735094],[-77.306138,37.735201],[-77.307247,37.735567],[-77.308013,37.735735],[-77.309263,37.735572],[-77.309628,37.735431],[-77.310345,37.73525],[-77.310895,37.735168],[-77.311977,37.735077],[-77.312745,37.735085],[-77.315486,37.734226],[-77.316167,37.733942],[-77.317509,37.733548],[-77.31802,37.733624],[-77.319043,37.734515],[-77.319608,37.734453],[-77.320992,37.7338],[-77.321768,37.733584],[-77.322496,37.733701],[-77.322662,37.734018],[-77.32251,37.734321],[-77.321245,37.735709],[-77.320645,37.736833],[-77.32082,37.737414],[-77.321359,37.738164],[-77.32102,37.739167],[-77.3209,37.740465],[-77.320939,37.742381],[-77.320949,37.743277],[-77.320521,37.743761],[-77.319232,37.743585],[-77.3184,37.743652],[-77.314106,37.744316],[-77.312146,37.744133],[-77.310531,37.743524],[-77.309373,37.742714],[-77.308864,37.742153],[-77.308515,37.741594],[-77.308024,37.741296],[-77.307418,37.74139],[-77.306837,37.741784],[-77.305293,37.743672],[-77.303874,37.74422],[-77.303757,37.744427],[-77.303962,37.745266],[-77.304165,37.745599],[-77.304109,37.746285],[-77.303279,37.747689],[-77.302408,37.748893],[-77.301598,37.749686],[-77.30122,37.750633],[-77.301224,37.75129],[-77.301969,37.752861],[-77.302371,37.753298],[-77.303265,37.75472],[-77.303586,37.755136],[-77.304123,37.755305],[-77.30675,37.754491],[-77.309745,37.754189],[-77.311191,37.754114],[-77.315112,37.753278],[-77.315947,37.752981],[-77.316796,37.752929],[-77.3173,37.753117],[-77.318308,37.753988],[-77.318885,37.754377],[-77.320069,37.754834],[-77.321709,37.755292],[-77.322227,37.755315],[-77.323494,37.755208],[-77.324936,37.75488],[-77.326172,37.754423],[-77.328507,37.753874],[-77.330232,37.753256],[-77.330788,37.753117],[-77.331652,37.753137],[-77.332575,37.753437],[-77.334409,37.754636],[-77.335543,37.756045],[-77.335603,37.758083],[-77.335974,37.759134],[-77.336094,37.759197],[-77.336639,37.76037],[-77.337908,37.761925],[-77.338283,37.76252],[-77.338456,37.763184],[-77.338227,37.763917],[-77.33739,37.764808],[-77.33595,37.765838],[-77.334853,37.766495],[-77.332566,37.767617],[-77.331898,37.767869],[-77.330794,37.767971],[-77.3288,37.767565],[-77.327187,37.767034],[-77.326432,37.76696],[-77.325114,37.767071],[-77.324102,37.767232],[-77.323287,37.767519],[-77.322958,37.767916],[-77.32274,37.768731],[-77.321719,37.769954],[-77.32203,37.770401],[-77.322623,37.770948],[-77.323892,37.771714],[-77.326046,37.773552],[-77.326438,37.773945],[-77.328305,37.776352],[-77.328806,37.776731],[-77.329474,37.777528],[-77.329683,37.777945],[-77.329673,37.778574],[-77.328584,37.779064],[-77.328419,37.779291],[-77.32841,37.779835],[-77.32878,37.78041],[-77.32977,37.781607],[-77.330097,37.782598],[-77.330013,37.783383],[-77.32938,37.785022],[-77.329365,37.786393],[-77.329238,37.787968],[-77.329508,37.789157],[-77.329963,37.789977],[-77.330546,37.790784],[-77.331753,37.791997],[-77.332199,37.792274],[-77.332847,37.792351],[-77.333971,37.791948],[-77.334662,37.791568],[-77.335857,37.791194],[-77.338172,37.790716],[-77.339253,37.790542],[-77.340036,37.790509],[-77.341367,37.790256],[-77.342818,37.789687],[-77.343934,37.789447],[-77.345223,37.789285],[-77.347517,37.789019],[-77.348493,37.788813],[-77.349339,37.788893],[-77.350268,37.789431],[-77.351171,37.790484],[-77.351574,37.791289],[-77.351725,37.792006],[-77.351738,37.793465],[-77.352208,37.794234],[-77.353066,37.795052],[-77.355535,37.796305],[-77.357474,37.796998],[-77.358,37.797055],[-77.35905,37.797148],[-77.359294,37.797157],[-77.359786,37.797229],[-77.360332,37.797271],[-77.360781,37.797371],[-77.361568,37.797386],[-77.361925,37.797459],[-77.36226,37.797653],[-77.36233,37.797661],[-77.362453,37.797429],[-77.362469,37.797088],[-77.36245,37.796533],[-77.362385,37.796224],[-77.362296,37.795938],[-77.362296,37.795782],[-77.362388,37.795425],[-77.362504,37.795232],[-77.362848,37.794958],[-77.36344,37.794724],[-77.363627,37.794681],[-77.364132,37.794504],[-77.364863,37.794191],[-77.365013,37.794144],[-77.365855,37.79379],[-77.366146,37.793595],[-77.36642,37.793311],[-77.366548,37.793086],[-77.366593,37.792928],[-77.366618,37.792576],[-77.366499,37.792063],[-77.366421,37.79185],[-77.366458,37.791482],[-77.366424,37.791204],[-77.366356,37.791011],[-77.366193,37.7909],[-77.365508,37.790764],[-77.365334,37.790828],[-77.364462,37.790941],[-77.36431,37.790945],[-77.364042,37.790896],[-77.363697,37.790776],[-77.363409,37.790434],[-77.363205,37.790348],[-77.362945,37.790121],[-77.362879,37.789887],[-77.362746,37.789559],[-77.362774,37.789184],[-77.362716,37.78901],[-77.362799,37.788753],[-77.363041,37.788586],[-77.3635,37.788452],[-77.363776,37.7884],[-77.364193,37.788383],[-77.364389,37.788331],[-77.36471,37.788463],[-77.365078,37.788683],[-77.36517,37.788789],[-77.36546,37.788736],[-77.365601,37.7887],[-77.365681,37.788694],[-77.365768,37.788704],[-77.365952,37.788731],[-77.366146,37.788773],[-77.366437,37.788816],[-77.366826,37.788879],[-77.367158,37.78888],[-77.367355,37.788905],[-77.367393,37.788895],[-77.36755,37.788875],[-77.36771,37.788885],[-77.367804,37.788907],[-77.368053,37.788943],[-77.368102,37.788942],[-77.36821,37.788939],[-77.368385,37.788952],[-77.368594,37.788952],[-77.368671,37.788938],[-77.368806,37.788917],[-77.368899,37.788912],[-77.369065,37.788894],[-77.369365,37.788813],[-77.369824,37.788672],[-77.369909,37.78865],[-77.37069,37.788242],[-77.371342,37.787213],[-77.371484,37.786682],[-77.370771,37.784255],[-77.370744,37.783599],[-77.371066,37.782173],[-77.371322,37.780614],[-77.371997,37.779482],[-77.372058,37.779405],[-77.372726,37.778549],[-77.373677,37.777013],[-77.374698,37.776365],[-77.375507,37.776168],[-77.376848,37.776169],[-77.378372,37.776307],[-77.378736,37.776482],[-77.37974,37.777366],[-77.380867,37.777786],[-77.382034,37.777828],[-77.382639,37.777748],[-77.383578,37.777414],[-77.384228,37.777319],[-77.385481,37.77742],[-77.386229,37.777789],[-77.386984,37.778474],[-77.387517,37.778749],[-77.388348,37.778854],[-77.389269,37.778794],[-77.390286,37.778574],[-77.391316,37.778229],[-77.392251,37.778001],[-77.393725,37.777799],[-77.394878,37.777422],[-77.396333,37.777209],[-77.397317,37.777289],[-77.398023,37.777457],[-77.398215,37.777831],[-77.398241,37.778322],[-77.398586,37.778915],[-77.399145,37.779504],[-77.399925,37.779714],[-77.40348,37.779361],[-77.404501,37.77977],[-77.405065,37.780177],[-77.405731,37.781355],[-77.405883,37.78206],[-77.405622,37.783252],[-77.403688,37.785925],[-77.403182,37.78622],[-77.402715,37.786268],[-77.401291,37.786126],[-77.399525,37.785824],[-77.399179,37.785736],[-77.3991,37.785715],[-77.398767,37.785638],[-77.398604,37.785576],[-77.398375,37.785487],[-77.398151,37.785425],[-77.397696,37.785288],[-77.397476,37.785219],[-77.397161,37.785082],[-77.396799,37.784883],[-77.396511,37.784716],[-77.396322,37.784627],[-77.396124,37.784543],[-77.395962,37.784498],[-77.395663,37.784453],[-77.395452,37.784436],[-77.395205,37.784413],[-77.394889,37.784395],[-77.394544,37.784357],[-77.394246,37.784353],[-77.394045,37.784353],[-77.393935,37.784372],[-77.393723,37.784385],[-77.393624,37.78438],[-77.393515,37.784389],[-77.393383,37.784416],[-77.393241,37.784488],[-77.393057,37.784553],[-77.392859,37.784741],[-77.392716,37.78487],[-77.392555,37.784988],[-77.392399,37.785118],[-77.392274,37.785243],[-77.392069,37.785427],[-77.392011,37.785498],[-77.391883,37.785734],[-77.391826,37.785835],[-77.39171,37.785959],[-77.391592,37.786086],[-77.391507,37.786207],[-77.391421,37.786309],[-77.391267,37.786426],[-77.39108,37.78655],[-77.391036,37.786585],[-77.390935,37.78689],[-77.39103,37.787006],[-77.39154,37.787252],[-77.391941,37.78738],[-77.392498,37.787506],[-77.392752,37.787582],[-77.393368,37.787925],[-77.393944,37.788171],[-77.394446,37.788365],[-77.39495,37.78852],[-77.395645,37.788801],[-77.395894,37.788874],[-77.396382,37.788973],[-77.397008,37.789138],[-77.397226,37.789236],[-77.397486,37.789458],[-77.397683,37.789585],[-77.397981,37.789878],[-77.398109,37.79015],[-77.398226,37.790321],[-77.398352,37.790799],[-77.398304,37.791239],[-77.398243,37.791517],[-77.398077,37.792012],[-77.397975,37.792464],[-77.397733,37.793248],[-77.397753,37.79338],[-77.397203,37.794673],[-77.397148,37.794928],[-77.396982,37.795498],[-77.396864,37.796108],[-77.396838,37.796463],[-77.396754,37.796655],[-77.396659,37.797165],[-77.396548,37.797575],[-77.396046,37.798858],[-77.395875,37.799196],[-77.395808,37.799388],[-77.395621,37.800102],[-77.395497,37.800941],[-77.395427,37.801288],[-77.395314,37.801695],[-77.395243,37.802442],[-77.395328,37.802877],[-77.395491,37.803238],[-77.395671,37.803502],[-77.395928,37.803832],[-77.3963,37.804193],[-77.396449,37.804302],[-77.396837,37.804434],[-77.397589,37.804342],[-77.398137,37.804385],[-77.398675,37.804504],[-77.399121,37.80463],[-77.39947,37.804756],[-77.399759,37.804933],[-77.400198,37.805308],[-77.400624,37.805526],[-77.40087,37.805561],[-77.401201,37.80565],[-77.402044,37.805734],[-77.402735,37.80565],[-77.403022,37.805568],[-77.403271,37.80544],[-77.403562,37.805233],[-77.403747,37.805037],[-77.403911,37.804761],[-77.404113,37.804194],[-77.404461,37.803726],[-77.405216,37.803071],[-77.405704,37.802869],[-77.406118,37.802812],[-77.40645,37.802837],[-77.406865,37.802981],[-77.407257,37.803073],[-77.407603,37.803218],[-77.407813,37.80333],[-77.408847,37.803083],[-77.409189,37.802915],[-77.409817,37.802095],[-77.410765,37.801133],[-77.412544,37.799814],[-77.415642,37.79897],[-77.418533,37.798534],[-77.420241,37.798591],[-77.421902,37.79931],[-77.422011,37.799414],[-77.422724,37.799733],[-77.423219,37.799802],[-77.423502,37.799819],[-77.424536,37.799879],[-77.424964,37.799627],[-77.425664,37.798203],[-77.426175,37.797579],[-77.426702,37.797384],[-77.427151,37.797426],[-77.430056,37.798305],[-77.431076,37.798897],[-77.432532,37.799481],[-77.434795,37.800511],[-77.435849,37.800721],[-77.435977,37.800948],[-77.435981,37.801622],[-77.43613,37.801879],[-77.436952,37.802249],[-77.437671,37.802292],[-77.43893,37.802113],[-77.440427,37.802227],[-77.441101,37.802418],[-77.441357,37.802911],[-77.44224,37.803619],[-77.442993,37.803866],[-77.443628,37.80386],[-77.445184,37.803459],[-77.446043,37.803327],[-77.44805,37.802922],[-77.449185,37.803087],[-77.450015,37.803357],[-77.452159,37.804299],[-77.453393,37.804976],[-77.455257,37.80628],[-77.45558,37.807162],[-77.456093,37.808114],[-77.457055,37.809025],[-77.457673,37.809725],[-77.458714,37.810272],[-77.45994,37.811097],[-77.460309,37.811422],[-77.460989,37.813317],[-77.463769,37.815451],[-77.464381,37.815578],[-77.46511,37.815563],[-77.466986,37.8151],[-77.46736,37.81497],[-77.467779,37.814754],[-77.468398,37.814186],[-77.469403,37.813082],[-77.47124,37.811597],[-77.471547,37.811288],[-77.471824,37.810801],[-77.471853,37.810339],[-77.471827,37.810188],[-77.471759,37.809793],[-77.471361,37.808961],[-77.471273,37.808592],[-77.471201,37.807576],[-77.47129,37.807375],[-77.471443,37.807244],[-77.471872,37.807134],[-77.472689,37.807154],[-77.472918,37.80716],[-77.473083,37.807144],[-77.474031,37.806984],[-77.474807,37.807177],[-77.475323,37.807472],[-77.475795,37.807907],[-77.476876,37.809099],[-77.478244,37.810199],[-77.47902,37.810484],[-77.479833,37.810396],[-77.481245,37.809986],[-77.482199,37.809932],[-77.483081,37.810206],[-77.484895,37.811659],[-77.485736,37.812082],[-77.486645,37.812318],[-77.488144,37.812431],[-77.489236,37.812351],[-77.491911,37.811995],[-77.493365,37.811862],[-77.49413,37.811511],[-77.494349,37.810578],[-77.494249,37.810086],[-77.494442,37.81003],[-77.495797,37.807981],[-77.496676,37.807888],[-77.497659,37.808886],[-77.496983,37.810611],[-77.49767,37.812977],[-77.496647,37.815152],[-77.498185,37.816217],[-77.499997,37.814365],[-77.502847,37.814249],[-77.50657,37.816485],[-77.505946,37.817539],[-77.507695,37.820692],[-77.510858,37.821314],[-77.511584,37.82222],[-77.512692,37.82178],[-77.514743,37.819679],[-77.516231,37.819065],[-77.517969,37.819043],[-77.520149,37.819593],[-77.52262,37.819742],[-77.523374,37.821093],[-77.522646,37.822603],[-77.523027,37.823317],[-77.524363,37.823531],[-77.525498,37.824581],[-77.525365,37.826673],[-77.524721,37.82787],[-77.525432,37.830923],[-77.527745,37.831187],[-77.530458,37.832297],[-77.531254,37.833203],[-77.53232,37.832874],[-77.532327,37.834241],[-77.531399,37.835027],[-77.532423,37.836234],[-77.534825,37.83696],[-77.538688,37.839349],[-77.539186,37.840903],[-77.538535,37.842237],[-77.541117,37.843191],[-77.542163,37.843309],[-77.542237,37.843307],[-77.542351,37.843202],[-77.542441,37.843251],[-77.542571,37.843434],[-77.54255,37.843543],[-77.542615,37.843729],[-77.54262,37.844048],[-77.54235,37.844533],[-77.542391,37.845873],[-77.544261,37.845681],[-77.547051,37.845873],[-77.546864,37.847488],[-77.548076,37.848421],[-77.550043,37.847949],[-77.552695,37.848548],[-77.553387,37.84997],[-77.556109,37.852397],[-77.557196,37.851365],[-77.556088,37.849646],[-77.556926,37.84924],[-77.557699,37.849947],[-77.560437,37.853891],[-77.558969,37.854753],[-77.559467,37.855604],[-77.561448,37.854939],[-77.561233,37.853287],[-77.56444,37.85148],[-77.565935,37.852853],[-77.56802,37.852732],[-77.568339,37.85316],[-77.567903,37.855356],[-77.56881,37.856399],[-77.56989,37.85473],[-77.570991,37.853972],[-77.571919,37.854291],[-77.57185,37.855306],[-77.573055,37.854861],[-77.576414,37.856431],[-77.577938,37.85675],[-77.579046,37.856228],[-77.582952,37.857699],[-77.583326,37.85716],[-77.58237,37.85548],[-77.58327,37.854497],[-77.585299,37.856259],[-77.587398,37.856215],[-77.588374,37.855221],[-77.588422,37.8542],[-77.589952,37.853925],[-77.590847,37.856736],[-77.592094,37.856763],[-77.594565,37.855675],[-77.595231,37.856537],[-77.595376,37.857201],[-77.596845,37.857887],[-77.597988,37.857777],[-77.598126,37.856991],[-77.600056,37.854575],[-77.602771,37.85341],[-77.604342,37.853272],[-77.605008,37.854029],[-77.607543,37.854704],[-77.608598,37.85534],[-77.609552,37.856328],[-77.611913,37.855701],[-77.612847,37.854564],[-77.615804,37.854579],[-77.617314,37.854133],[-77.619121,37.85422],[-77.620812,37.855114],[-77.622432,37.854301],[-77.624079,37.854075],[-77.625839,37.853272],[-77.628119,37.851],[-77.629241,37.850627],[-77.631457,37.850825],[-77.633396,37.850563],[-77.634948,37.849388],[-77.636457,37.849296],[-77.64012,37.850713],[-77.644282,37.849339],[-77.651401,37.847263],[-77.655778,37.844903],[-77.658196,37.84274],[-77.65931,37.841592],[-77.661998,37.840353],[-77.665252,37.84054],[-77.670028,37.842402],[-77.672916,37.843918],[-77.675976,37.844533],[-77.678379,37.847185],[-77.683579,37.849343],[-77.68747,37.848607],[-77.690303,37.847808],[-77.693155,37.847283],[-77.695959,37.847541],[-77.699394,37.847277],[-77.701277,37.847914],[-77.703729,37.849989],[-77.705799,37.85034],[-77.708874,37.850301],[-77.712163,37.851354],[-77.713265,37.852029],[-77.714553,37.852715],[-77.717801,37.853488],[-77.719714,37.853253],[-77.720882,37.853377],[-77.725821,37.854968],[-77.727379,37.855747],[-77.73121,37.858381],[-77.732458,37.860181],[-77.73338,37.861273],[-77.735777,37.862628],[-77.739126,37.864132],[-77.740428,37.864137],[-77.742336,37.8649],[-77.743844,37.865066],[-77.740288,37.874084],[-77.738662,37.878208],[-77.737112,37.882139],[-77.732485,37.893874],[-77.728259,37.904584],[-77.725995,37.910323],[-77.723788,37.915914],[-77.722007,37.920427],[-77.721962,37.920537],[-77.721904,37.920688],[-77.717722,37.931278],[-77.715564,37.936741],[-77.70988,37.951129],[-77.707689,37.956547],[-77.704863,37.963307],[-77.702553,37.969153],[-77.697793,37.981718],[-77.69436,37.990398],[-77.690537,38.000056],[-77.690023,38.001352],[-77.688448,38.005335],[-77.687469,38.007806],[-77.687417,38.007867],[-77.687294,38.008011],[-77.687458,38.008032],[-77.687665,38.008049],[-77.688641,38.008129],[-77.69206,38.007943],[-77.692355,38.007847],[-77.692616,38.007702],[-77.693228,38.007558],[-77.693893,38.00718],[-77.694159,38.007127],[-77.694546,38.007118],[-77.69457,38.007117],[-77.695549,38.0073],[-77.696025,38.007513],[-77.696979,38.008467],[-77.697342,38.008897],[-77.698204,38.009947],[-77.698852,38.011158],[-77.699321,38.011823],[-77.699362,38.011995],[-77.699666,38.012304],[-77.699998,38.012548],[-77.700242,38.012632],[-77.700403,38.012695],[-77.700859,38.012683],[-77.701339,38.012744],[-77.703301,38.012693],[-77.70388,38.012818],[-77.704227,38.012962],[-77.705298,38.013511],[-77.705606,38.013574],[-77.706684,38.013416],[-77.70815,38.013407],[-77.708604,38.013362],[-77.709064,38.013205],[-77.709868,38.012736],[-77.710292,38.012601],[-77.710519,38.012575],[-77.710576,38.012577],[-77.711021,38.012598],[-77.711525,38.012771],[-77.711698,38.012747],[-77.71189,38.012721],[-77.71188,38.012969],[-77.712026,38.013011],[-77.712078,38.013106],[-77.712468,38.013827],[-77.712573,38.014007],[-77.712864,38.014594],[-77.717012,38.016438],[-77.719312,38.016638],[-77.720012,38.018138],[-77.719212,38.019738],[-77.719312,38.020638],[-77.720412,38.021238],[-77.722212,38.023238],[-77.723412,38.023438],[-77.727112,38.022638],[-77.729712,38.021038],[-77.731513,38.021538],[-77.731012,38.024838],[-77.728312,38.026038],[-77.728312,38.027738],[-77.729812,38.028738],[-77.731013,38.031037],[-77.732313,38.031637],[-77.736313,38.032037],[-77.739513,38.033038],[-77.740713,38.031238],[-77.740713,38.029638],[-77.742313,38.027438],[-77.744513,38.025138],[-77.744913,38.023738],[-77.746913,38.023638],[-77.74767,38.024295],[-77.747613,38.026338],[-77.748513,38.028738],[-77.747713,38.033338],[-77.748813,38.035138],[-77.748813,38.036737],[-77.747913,38.037637],[-77.743413,38.039237],[-77.742713,38.037437],[-77.741313,38.037237],[-77.740913,38.038237],[-77.741613,38.039637],[-77.742913,38.040737],[-77.745713,38.040937],[-77.748213,38.042137],[-77.748413,38.043437],[-77.747513,38.045537],[-77.747813,38.047937],[-77.747213,38.049137],[-77.745213,38.050837],[-77.745513,38.051337],[-77.748613,38.052837],[-77.751413,38.051937],[-77.751613,38.051337],[-77.753613,38.050337],[-77.756113,38.048237],[-77.762514,38.050537],[-77.763314,38.051237],[-77.763314,38.052637],[-77.764024,38.053137],[-77.766114,38.053337],[-77.768514,38.051737],[-77.771414,38.053737],[-77.771714,38.054737],[-77.771014,38.056737],[-77.771914,38.057437],[-77.778514,38.058737],[-77.780214,38.060337],[-77.781714,38.062637],[-77.782614,38.063237],[-77.784514,38.063337],[-77.784914,38.065137],[-77.783114,38.066337],[-77.782514,38.067537],[-77.782914,38.069437],[-77.784173,38.070653],[-77.785114,38.073237],[-77.786614,38.076337],[-77.789314,38.075937],[-77.793715,38.078537],[-77.79819,38.078737],[-77.800115,38.078237],[-77.806515,38.078537],[-77.811121,38.079692],[-77.812616,38.081238],[-77.812417,38.084339],[-77.812893,38.085296],[-77.815317,38.08684],[-77.816917,38.08544],[-77.817617,38.08564],[-77.819717,38.08784],[-77.820297,38.089193],[-77.819716,38.092436],[-77.823416,38.093539],[-77.824316,38.095937],[-77.826517,38.097139],[-77.828917,38.097239],[-77.830316,38.097738],[-77.830917,38.099239],[-77.833217,38.100439],[-77.836217,38.101139],[-77.836317,38.104439],[-77.837216,38.104639],[-77.838217,38.106239],[-77.839717,38.106038],[-77.842117,38.105138],[-77.844917,38.104738],[-77.845517,38.104338],[-77.842917,38.101438],[-77.843317,38.100338],[-77.845417,38.098538],[-77.847017,38.098438],[-77.847816,38.099436],[-77.848416,38.101836],[-77.849717,38.102138],[-77.851516,38.103437],[-77.851218,38.104337],[-77.852617,38.104538],[-77.854517,38.103937],[-77.854817,38.102637],[-77.854417,38.100937],[-77.856117,38.099837],[-77.858117,38.100337],[-77.858817,38.101337],[-77.858217,38.103037],[-77.859816,38.105237],[-77.862316,38.105537],[-77.864516,38.106137],[-77.866616,38.106237],[-77.869117,38.105637],[-77.871717,38.106537],[-77.874217,38.106436],[-77.874717,38.107186],[-77.876317,38.107436],[-77.879017,38.108436],[-77.882317,38.108936],[-77.883117,38.110136],[-77.88545,38.110703],[-77.886529,38.112235],[-77.888416,38.113136],[-77.890416,38.112236],[-77.890516,38.111436],[-77.891916,38.111536],[-77.896516,38.110136],[-77.896916,38.111536],[-77.898316,38.111236],[-77.898416,38.109736],[-77.900217,38.109436],[-77.901817,38.108136],[-77.903017,38.108436],[-77.903517,38.109736],[-77.905017,38.110636],[-77.907117,38.111136],[-77.907717,38.111836],[-77.910318,38.112236],[-77.912518,38.111536],[-77.913018,38.112136],[-77.913118,38.114536],[-77.913718,38.115797],[-77.914118,38.117136],[-77.916918,38.118336],[-77.918218,38.117436],[-77.920318,38.116936],[-77.921918,38.115236],[-77.923718,38.114536],[-77.926059,38.115048],[-77.929741,38.113729],[-77.934717,38.114204],[-77.936654,38.116141],[-77.936905,38.116492],[-77.937204,38.11659],[-77.937303,38.116689],[-77.937601,38.116788],[-77.9379,38.116786],[-77.937999,38.116886],[-77.938497,38.117283],[-77.938895,38.11748],[-77.939492,38.117477],[-77.939591,38.117576],[-77.93979,38.117675],[-77.939889,38.117974],[-77.939889,38.118174],[-77.939988,38.118373],[-77.940187,38.118572],[-77.940486,38.11877],[-77.940585,38.118869],[-77.940983,38.118867],[-77.941363,38.118771],[-77.94168,38.118664],[-77.942277,38.118661],[-77.942576,38.118759],[-77.942775,38.118858],[-77.943073,38.118957],[-77.943471,38.118955],[-77.94367,38.119054],[-77.943769,38.119153],[-77.944167,38.119451],[-77.944366,38.11955],[-77.944765,38.119348],[-77.945163,38.119346],[-77.945461,38.119244],[-77.945859,38.119142],[-77.946243,38.119333],[-77.946755,38.119837],[-77.947054,38.120035],[-77.947552,38.119933],[-77.94795,38.119731],[-77.948249,38.11943],[-77.948249,38.118731],[-77.94815,38.118431],[-77.94825,38.118231],[-77.948449,38.11803],[-77.948748,38.117829],[-77.949146,38.117827],[-77.949544,38.117725],[-77.950141,38.117622],[-77.95034,38.117721],[-77.950638,38.117819],[-77.950738,38.117819],[-77.951036,38.118017],[-77.951733,38.118013],[-77.951832,38.118113],[-77.95223,38.118311],[-77.95223,38.11861],[-77.952628,38.118608],[-77.952728,38.118708],[-77.953325,38.118505],[-77.95336,38.118469],[-77.953639,38.118501],[-77.954877,38.118375],[-77.955858,38.118356],[-77.957081,38.118159],[-77.958063,38.117985],[-77.959042,38.117998],[-77.960166,38.11818],[-77.961501,38.118531],[-77.962158,38.118744],[-77.963039,38.119236],[-77.964095,38.119762],[-77.964854,38.120105],[-77.965433,38.120348],[-77.966453,38.121006],[-77.966823,38.121184],[-77.967272,38.121454],[-77.967432,38.121798],[-77.967612,38.121998],[-77.967976,38.122179],[-77.968578,38.122354],[-77.968827,38.122388],[-77.969088,38.122365],[-77.969273,38.122316],[-77.969519,38.122123],[-77.969712,38.122058],[-77.97032,38.121912],[-77.970706,38.121753],[-77.971036,38.121516],[-77.971248,38.121416],[-77.971786,38.12112],[-77.972191,38.120943],[-77.972403,38.120873],[-77.972755,38.12063],[-77.972854,38.120493],[-77.972998,38.120426],[-77.973285,38.120412],[-77.973401,38.120496],[-77.974202,38.120744],[-77.974777,38.121043],[-77.975422,38.121258],[-77.975748,38.121314],[-77.975887,38.121253],[-77.976026,38.121076],[-77.976166,38.120786],[-77.976253,38.120763],[-77.976706,38.120835],[-77.976962,38.120694],[-77.977023,38.120567],[-77.976976,38.120241],[-77.977075,38.119948],[-77.977391,38.119867],[-77.977728,38.119978],[-77.978092,38.120277],[-77.978354,38.120333],[-77.97861,38.120261],[-77.978849,38.12023],[-77.979098,38.120287],[-77.979454,38.120424],[-77.979589,38.120369],[-77.979531,38.120147],[-77.979569,38.119812],[-77.979857,38.119574],[-77.979936,38.119533],[-77.980315,38.119501],[-77.980915,38.119662],[-77.98124,38.119806],[-77.981454,38.119988],[-77.981622,38.120078],[-77.982062,38.120241],[-77.982269,38.120289],[-77.982409,38.120344],[-77.982559,38.120387],[-77.982817,38.120485],[-77.982979,38.120571],[-77.983155,38.12062],[-77.983334,38.12064],[-77.983524,38.120667],[-77.983825,38.12077],[-77.984012,38.120856],[-77.984194,38.120961],[-77.984442,38.121111],[-77.984551,38.121188],[-77.984686,38.121267],[-77.984775,38.121366],[-77.984831,38.121471],[-77.984673,38.122163],[-77.986486,38.122911],[-77.987346,38.124725],[-77.989111,38.124469],[-77.990682,38.125162],[-77.989996,38.126052],[-77.989908,38.127882],[-77.990897,38.128837],[-77.992098,38.128914],[-77.992631,38.129932],[-77.993597,38.130035],[-77.996316,38.132127],[-78.002119,38.137885],[-78.00216,38.138571],[-78.0036,38.138252],[-78.005395,38.139277],[-78.006713,38.13906],[-78.007335,38.138786],[-78.010407,38.140204],[-78.011962,38.139956],[-78.012527,38.139135],[-78.017358,38.140321],[-78.017354,38.141468],[-78.018796,38.141908],[-78.020531,38.141046],[-78.021929,38.14204],[-78.022891,38.140593],[-78.022803,38.139814],[-78.024735,38.136473],[-78.02585,38.137632],[-78.028984,38.138829],[-78.030164,38.139666],[-78.031805,38.13728],[-78.033741,38.136086],[-78.034363,38.136315],[-78.035908,38.135464],[-78.039137,38.134808],[-78.039691,38.135152],[-78.039178,38.136709],[-78.042127,38.136672],[-78.042492,38.135922],[-78.0444,38.135723],[-78.047876,38.135883],[-78.048131,38.13662],[-78.049423,38.136418],[-78.051961,38.138049],[-78.052839,38.137992],[-78.055141,38.139306],[-78.056012,38.138795],[-78.057183,38.140044],[-78.058475,38.140649],[-78.061275,38.140804],[-78.064473,38.140198],[-78.064593,38.141066],[-78.067453,38.142419],[-78.069127,38.142439],[-78.070052,38.143193],[-78.070823,38.142703],[-78.074164,38.141178],[-78.076498,38.141577],[-78.078186,38.143909],[-78.079931,38.144261],[-78.081117,38.145518],[-78.0805,38.146623],[-78.081782,38.147175],[-78.085826,38.146634],[-78.087597,38.147352],[-78.087954,38.149099],[-78.090428,38.150509],[-78.093027,38.151595],[-78.095037,38.150791],[-78.095621,38.151116],[-78.098086,38.150905],[-78.101748,38.152567],[-78.103032,38.151979],[-78.105316,38.151309],[-78.108437,38.148974],[-78.10942,38.148711],[-78.11224,38.147654],[-78.111679,38.144868],[-78.112204,38.144373],[-78.113254,38.143416],[-78.114773,38.141298],[-78.116339,38.141277],[-78.116561,38.140046],[-78.117891,38.14021],[-78.121294,38.139677],[-78.122511,38.140255],[-78.123516,38.139421],[-78.127787,38.138707],[-78.13109,38.139112],[-78.132,38.138715],[-78.133967,38.138773],[-78.136252,38.140372],[-78.137036,38.141364],[-78.13847,38.141813],[-78.140472,38.141576],[-78.140987,38.141045],[-78.142911,38.141625],[-78.144145,38.142946],[-78.146597,38.14127],[-78.147593,38.138647],[-78.148793,38.138889],[-78.150192,38.138356],[-78.154408,38.136975],[-78.160332,38.137194],[-78.16128,38.13766],[-78.163174,38.136506],[-78.165205,38.135838],[-78.168232,38.133458],[-78.169607,38.13069],[-78.171423,38.129688],[-78.17526,38.13043],[-78.178317,38.129892],[-78.180783,38.130174],[-78.183768,38.128858],[-78.185137,38.12837],[-78.186101,38.12804],[-78.187257,38.127684],[-78.188899,38.127939],[-78.19881,38.129482],[-78.19947,38.129585],[-78.201388,38.129883],[-78.208082,38.130924],[-78.208217,38.130945],[-78.209384,38.131128],[-78.211796,38.13199],[-78.221767,38.13555],[-78.232831,38.139526],[-78.239629,38.141944],[-78.240784,38.142352],[-78.251898,38.146121],[-78.256818,38.147905],[-78.261957,38.149768],[-78.26979,38.152597],[-78.272871,38.153642],[-78.281118,38.156446],[-78.289001,38.159156],[-78.292945,38.160541],[-78.299464,38.162843],[-78.299653,38.162909],[-78.311355,38.166617],[-78.329993,38.172973],[-78.332451,38.173829],[-78.334384,38.174433],[-78.33796,38.17558],[-78.344725,38.177908],[-78.352149,38.179858],[-78.368984,38.184146],[-78.36902,38.184158],[-78.377436,38.186914],[-78.388811,38.190254],[-78.392446,38.191168],[-78.396281,38.192018],[-78.396421,38.192039],[-78.396706,38.192075],[-78.398052,38.192504],[-78.403077,38.194452],[-78.411009,38.197305],[-78.419161,38.200005],[-78.430471,38.203412],[-78.43838,38.205809],[-78.438379,38.205844],[-78.44242,38.207296],[-78.451119,38.209794],[-78.462017,38.213004],[-78.465449,38.214047],[-78.474119,38.216661],[-78.48394,38.219669],[-78.488745,38.22113],[-78.499909,38.224504],[-78.517778,38.229787],[-78.518031,38.229874],[-78.522374,38.231082],[-78.534755,38.234986],[-78.542088,38.237367],[-78.544122,38.237994],[-78.550959,38.240099],[-78.554501,38.24119],[-78.556103,38.241702],[-78.574797,38.247784],[-78.585394,38.251002],[-78.586098,38.251216],[-78.593696,38.253523],[-78.596734,38.254623],[-78.606539,38.258172],[-78.620785,38.263271],[-78.62477,38.264648],[-78.636279,38.268633],[-78.64755,38.272536],[-78.649898,38.273347],[-78.663145,38.277933],[-78.663898,38.276676],[-78.661902,38.271685],[-78.660758,38.270949],[-78.661186,38.269011],[-78.66374,38.267203],[-78.666398,38.266053],[-78.664857,38.265249],[-78.6625,38.264783],[-78.662158,38.263643],[-78.66042,38.262821],[-78.657236,38.260566],[-78.655149,38.260632],[-78.656532,38.259058],[-78.658975,38.258043],[-78.660079,38.255375],[-78.662188,38.253476],[-78.665093,38.251962],[-78.668725,38.250675],[-78.669484,38.249194],[-78.669806,38.247327],[-78.671603,38.247925],[-78.674483,38.250428],[-78.675913,38.252875],[-78.678039,38.254073],[-78.681032,38.254905],[-78.682488,38.254616],[-78.685286,38.252822],[-78.686691,38.251282],[-78.689616,38.249283],[-78.689787,38.248838],[-78.692865,38.247286],[-78.697744,38.245738],[-78.69922,38.245841],[-78.702277,38.246198],[-78.704336,38.246991],[-78.706566,38.246438],[-78.706735,38.24465],[-78.710006,38.242445],[-78.710624,38.240466],[-78.710618,38.240395],[-78.711239,38.238639],[-78.715574,38.235867],[-78.717388,38.235513],[-78.717683,38.235455],[-78.718086,38.2353],[-78.721097,38.234339],[-78.721251,38.233944],[-78.722638,38.232992],[-78.724745,38.232775],[-78.726272,38.231955],[-78.726519,38.230186],[-78.726443,38.229972],[-78.726905,38.228839],[-78.72791,38.228454],[-78.72986,38.227004],[-78.730498,38.225835],[-78.73414,38.222714],[-78.736386,38.220098],[-78.73764,38.219294],[-78.738658,38.219483],[-78.740543,38.218945],[-78.742136,38.21772],[-78.745174,38.214431],[-78.747585,38.209656],[-78.749339,38.206729],[-78.749396,38.206648],[-78.751859,38.202583],[-78.75229,38.201284],[-78.750933,38.198948],[-78.75279,38.197072],[-78.752308,38.194987],[-78.753185,38.193622],[-78.754943,38.192709],[-78.756494,38.190433],[-78.756625,38.189136],[-78.756822,38.187197],[-78.758995,38.18554],[-78.760223,38.183778],[-78.76188,38.182554],[-78.761957,38.180268],[-78.763426,38.178091],[-78.765079,38.177312],[-78.76603,38.175957],[-78.766994,38.175664],[-78.768331,38.173485],[-78.768637,38.171582],[-78.76817,38.17106],[-78.769785,38.168017],[-78.771769,38.166101],[-78.770577,38.163075],[-78.77039,38.161022],[-78.771333,38.158784],[-78.771943,38.155843],[-78.771478,38.155163],[-78.772112,38.153362],[-78.773503,38.151598],[-78.774141,38.149611],[-78.77411,38.145517],[-78.775432,38.141008],[-78.779075,38.139889],[-78.77946,38.137125],[-78.779232,38.134344],[-78.779496,38.132092],[-78.782192,38.129917],[-78.784904,38.129184],[-78.78594,38.129031],[-78.787805,38.127171],[-78.788073,38.126404],[-78.787288,38.125134],[-78.787187,38.121921],[-78.786792,38.121122],[-78.785356,38.120743],[-78.785311,38.119242],[-78.786896,38.118559],[-78.787544,38.117288],[-78.785853,38.116112],[-78.78579,38.114494],[-78.784367,38.114378],[-78.782742,38.113284],[-78.780654,38.112784],[-78.779988,38.109563],[-78.780972,38.107639],[-78.779211,38.106875],[-78.779766,38.104812],[-78.780155,38.104242],[-78.780863,38.103546],[-78.781657,38.102922],[-78.78256,38.102673],[-78.78295,38.101528],[-78.783672,38.101033],[-78.783819,38.100812],[-78.783749,38.099851],[-78.783201,38.09938],[-78.782744,38.099231],[-78.781409,38.099218],[-78.780703,38.098949],[-78.780703,38.098598],[-78.781152,38.097835],[-78.781209,38.097648],[-78.781181,38.097286],[-78.781173,38.097185],[-78.78094,38.096924],[-78.779569,38.095579],[-78.778527,38.094982],[-78.777887,38.094478],[-78.777203,38.093217],[-78.777309,38.092062],[-78.777688,38.091206],[-78.779069,38.089961],[-78.779228,38.089516],[-78.779247,38.088921],[-78.77891,38.084369],[-78.7792,38.08347],[-78.780813,38.08203],[-78.781078,38.080757],[-78.78224,38.080736],[-78.78603,38.08167],[-78.78807,38.080941],[-78.78884,38.079695],[-78.791606,38.078184],[-78.793647,38.077808],[-78.794019,38.076898],[-78.792841,38.076009],[-78.793029,38.07398],[-78.793156,38.072874],[-78.793148,38.072797],[-78.793104,38.072587],[-78.792228,38.071198],[-78.792788,38.069504],[-78.794761,38.068719],[-78.796309,38.067469],[-78.798851,38.066555],[-78.79937,38.066477],[-78.799482,38.066459],[-78.800371,38.066325],[-78.801041,38.066163],[-78.801617,38.066024],[-78.801844,38.065861],[-78.80232,38.06552],[-78.803218,38.065157],[-78.803562,38.065088],[-78.803998,38.065001],[-78.805067,38.064649],[-78.806482,38.063204],[-78.808016,38.063096],[-78.808242,38.062193],[-78.810497,38.061478],[-78.811857,38.061726],[-78.814401,38.060644],[-78.815923,38.060352],[-78.816228,38.060283],[-78.81735,38.05964],[-78.818112,38.059769],[-78.81862,38.059855],[-78.821691,38.059231],[-78.822221,38.057962],[-78.825203,38.05604],[-78.826512,38.054427],[-78.829927,38.054025],[-78.837013,38.048258],[-78.838874,38.04737]]]]}},{"type":"Feature","properties":{"id":8,"NAME":"8","TotalPop":784638,"PopDevPct":-0.00004345,"DemPct":0.72546525,"RepPct":0.24099933,"WhitePct":0.53340899,"MinorityPct":0.46659101,"BlackPct":0.11452037,"HispanicPct":0.1649957,"PacificPct":0.00208851,"AsianPct":0.17701226,"NativePct":0.01778521,"TotalVAP":623889,"Margin":0.22546525,"color":"#00008b","opacity":"0.5"},"geometry":{"type":"MultiPolygon","coordinates":[[[[-77.04104,38.871779],[-77.042282,38.873051],[-77.043394,38.874159],[-77.043502,38.874237],[-77.043796,38.874269],[-77.045439,38.875431],[-77.046917,38.875284],[-77.04624,38.872455],[-77.046999,38.871798],[-77.049247,38.87131],[-77.050552,38.871982],[-77.051566,38.873581],[-77.051543,38.876587],[-77.054203,38.879769],[-77.054842,38.880174],[-77.057152,38.880314],[-77.057219,38.880305],[-77.057308,38.880293],[-77.0592,38.880985],[-77.061732,38.885077],[-77.064251,38.888956],[-77.064131,38.88991],[-77.064324,38.891407],[-77.064643,38.891715],[-77.064712,38.89214],[-77.065157,38.893605],[-77.067224,38.897161],[-77.067742,38.899535],[-77.070469,38.901104],[-77.0734,38.901128],[-77.076995,38.902095],[-77.079252,38.902459],[-77.082643,38.90228],[-77.086575,38.903013],[-77.090937,38.904713],[-77.093584,38.905968],[-77.101432,38.911549],[-77.103053,38.912752],[-77.104248,38.916136],[-77.105587,38.91763],[-77.107089,38.920165],[-77.1131,38.92524],[-77.115957,38.928165],[-77.116436,38.929571],[-77.119792,38.934374],[-77.124498,38.938448],[-77.1282,38.940874],[-77.130357,38.944684],[-77.131736,38.947513],[-77.132915,38.949204],[-77.134596,38.952383],[-77.135712,38.954031],[-77.138011,38.95582],[-77.139466,38.957416],[-77.140896,38.958404],[-77.142547,38.960521],[-77.145081,38.963146],[-77.146804,38.9642],[-77.150877,38.965662],[-77.156622,38.965961],[-77.156902,38.965822],[-77.160688,38.966191],[-77.162789,38.967242],[-77.165549,38.967764],[-77.168392,38.967064],[-77.169112,38.96631],[-77.17101,38.96649],[-77.171838,38.967067],[-77.172284,38.967452],[-77.175262,38.968118],[-77.177741,38.967987],[-77.179617,38.968301],[-77.179814,38.968328],[-77.1812,38.968765],[-77.183163,38.968647],[-77.18417,38.96785],[-77.189675,38.96757],[-77.19122,38.968059],[-77.194603,38.96777],[-77.197774,38.96674],[-77.202689,38.967701],[-77.20457,38.968423],[-77.206193,38.969589],[-77.20817,38.970252],[-77.210256,38.970054],[-77.21152,38.969344],[-77.21275,38.96958],[-77.21287,38.969711],[-77.2131,38.969795],[-77.21338,38.969769],[-77.213648,38.969796],[-77.213894,38.969884],[-77.214093,38.970021],[-77.214417,38.970359],[-77.214578,38.970459],[-77.21486,38.970556],[-77.215132,38.970581],[-77.215474,38.970577],[-77.215898,38.970681],[-77.216824,38.971054],[-77.217097,38.971089],[-77.217512,38.971098],[-77.217793,38.971158],[-77.218604,38.971491],[-77.21893,38.971574],[-77.219272,38.971589],[-77.219542,38.971552],[-77.219998,38.971432],[-77.220354,38.97136],[-77.22068,38.971321],[-77.221001,38.971325],[-77.221344,38.971377],[-77.222093,38.971612],[-77.223566,38.972047],[-77.223953,38.972219],[-77.225244,38.973099],[-77.225722,38.973462],[-77.226185,38.973891],[-77.226383,38.974105],[-77.226774,38.974647],[-77.226933,38.974918],[-77.227168,38.975399],[-77.227241,38.975609],[-77.227367,38.976111],[-77.227583,38.976703],[-77.228026,38.977563],[-77.228496,38.978329],[-77.228589,38.978499],[-77.228781,38.978746],[-77.229141,38.979083],[-77.229577,38.979516],[-77.229896,38.979693],[-77.230221,38.979752],[-77.230477,38.979726],[-77.230602,38.979645],[-77.23094,38.979283],[-77.231435,38.979255],[-77.231592,38.979313],[-77.231917,38.979304],[-77.232078,38.979344],[-77.23228,38.979311],[-77.232457,38.979166],[-77.232774,38.978717],[-77.232873,38.978291],[-77.233008,38.978136],[-77.233211,38.978053],[-77.233424,38.977854],[-77.233505,38.977722],[-77.233568,38.977401],[-77.233626,38.977333],[-77.23382,38.97726],[-77.234103,38.976801],[-77.234396,38.976392],[-77.234635,38.976145],[-77.234875,38.975976],[-77.23506,38.974903],[-77.237117,38.974464],[-77.238544,38.976147],[-77.241364,38.977183],[-77.243557,38.977116],[-77.244971,38.975652],[-77.245958,38.975786],[-77.246031,38.975802],[-77.24613,38.975827],[-77.246641,38.975937],[-77.247497,38.975971],[-77.248294,38.975868],[-77.249102,38.976009],[-77.249337,38.976368],[-77.249089,38.97803],[-77.2498,38.978214],[-77.251031,38.977984],[-77.252141,38.977403],[-77.252336,38.977011],[-77.253184,38.976566],[-77.254302,38.975813],[-77.254911,38.975175],[-77.254953,38.975139],[-77.255011,38.975084],[-77.255683,38.974043],[-77.25624,38.973974],[-77.257423,38.97479],[-77.257791,38.974769],[-77.25908,38.97445],[-77.259294,38.974049],[-77.259896,38.973696],[-77.260215,38.973372],[-77.260936,38.973113],[-77.261492,38.973119],[-77.262411,38.973366],[-77.26296,38.973232],[-77.262956,38.97286],[-77.263584,38.972048],[-77.264313,38.971489],[-77.265273,38.971229],[-77.266271,38.970721],[-77.267198,38.970882],[-77.267676,38.97079],[-77.268359,38.971015],[-77.268857,38.971308],[-77.269861,38.971541],[-77.269885,38.971544],[-77.26991,38.971547],[-77.270306,38.971564],[-77.270745,38.971636],[-77.271023,38.971642],[-77.271242,38.971687],[-77.271264,38.971593],[-77.271555,38.971564],[-77.271777,38.971442],[-77.272216,38.971249],[-77.272518,38.97118],[-77.272691,38.971066],[-77.273076,38.970935],[-77.273318,38.970801],[-77.273415,38.970829],[-77.273692,38.97112],[-77.273756,38.971303],[-77.273897,38.971404],[-77.274136,38.971468],[-77.274382,38.97163],[-77.274416,38.971882],[-77.274492,38.971929],[-77.27437,38.97201],[-77.27425,38.97228],[-77.274217,38.972549],[-77.27431,38.972623],[-77.274454,38.972877],[-77.274491,38.973012],[-77.274432,38.973109],[-77.274198,38.97321],[-77.274055,38.973413],[-77.274132,38.973594],[-77.274372,38.973783],[-77.274498,38.973824],[-77.274811,38.973823],[-77.275022,38.973759],[-77.275162,38.973626],[-77.275502,38.973438],[-77.275705,38.973359],[-77.275946,38.973386],[-77.276228,38.973308],[-77.276159,38.973133],[-77.276411,38.972842],[-77.276825,38.972501],[-77.276946,38.972363],[-77.276919,38.972159],[-77.276736,38.971995],[-77.276676,38.971749],[-77.276932,38.971628],[-77.277246,38.971607],[-77.277507,38.971489],[-77.277605,38.971288],[-77.27757,38.971107],[-77.27749,38.970952],[-77.277493,38.970747],[-77.277633,38.970662],[-77.277907,38.970656],[-77.278107,38.970752],[-77.278235,38.970856],[-77.278574,38.970986],[-77.278969,38.971163],[-77.279186,38.97149],[-77.279192,38.971629],[-77.279483,38.971683],[-77.279621,38.971668],[-77.280085,38.971534],[-77.280173,38.971451],[-77.28024,38.971194],[-77.28021,38.971099],[-77.279965,38.970796],[-77.279856,38.970716],[-77.27968,38.97046],[-77.279694,38.970334],[-77.279616,38.970143],[-77.27954,38.970072],[-77.279387,38.969807],[-77.279376,38.969675],[-77.279541,38.969549],[-77.279676,38.969274],[-77.279729,38.969082],[-77.279864,38.968809],[-77.280117,38.96862],[-77.280246,38.968658],[-77.280268,38.968787],[-77.28037,38.968798],[-77.28073,38.968519],[-77.281208,38.968477],[-77.281606,38.968775],[-77.281813,38.96884],[-77.282106,38.968857],[-77.282293,38.96878],[-77.282631,38.96881],[-77.282745,38.96879],[-77.28316,38.968587],[-77.283418,38.968549],[-77.283643,38.968474],[-77.283719,38.968367],[-77.283628,38.968141],[-77.283679,38.967764],[-77.283745,38.967628],[-77.284063,38.967546],[-77.284499,38.967562],[-77.284677,38.967692],[-77.28458,38.967957],[-77.284831,38.968073],[-77.285143,38.968016],[-77.285231,38.967937],[-77.285272,38.967543],[-77.285358,38.967414],[-77.285457,38.967153],[-77.285621,38.967011],[-77.285972,38.967041],[-77.286688,38.966752],[-77.28672,38.966633],[-77.286882,38.966544],[-77.287083,38.966535],[-77.287295,38.966577],[-77.287426,38.966522],[-77.287673,38.966326],[-77.287799,38.966075],[-77.285224,38.965158],[-77.283138,38.964171],[-77.279462,38.9615],[-77.276884,38.959624],[-77.274673,38.958018],[-77.27479,38.957961],[-77.269421,38.954434],[-77.268778,38.954021],[-77.266948,38.952846],[-77.264421,38.951268],[-77.262294,38.949819],[-77.25786,38.945453],[-77.25528,38.942849],[-77.251636,38.939109],[-77.248121,38.935513],[-77.247086,38.934432],[-77.246932,38.934274],[-77.252717,38.932812],[-77.252531,38.932579],[-77.252333,38.932332],[-77.251069,38.930653],[-77.251035,38.929373],[-77.253058,38.92892],[-77.252906,38.927419],[-77.253499,38.925606],[-77.254444,38.922619],[-77.252501,38.921824],[-77.255516,38.921359],[-77.254595,38.919451],[-77.257524,38.919264],[-77.257466,38.918845],[-77.257435,38.918603],[-77.257369,38.917742],[-77.257264,38.91695],[-77.257105,38.915753],[-77.257106,38.915219],[-77.257709,38.914468],[-77.257766,38.914427],[-77.258384,38.914763],[-77.259523,38.915351],[-77.261206,38.91372],[-77.262035,38.914366],[-77.26281,38.91509],[-77.264794,38.916382],[-77.265207,38.916751],[-77.266593,38.915866],[-77.266649,38.916006],[-77.267024,38.915678],[-77.268652,38.914412],[-77.270346,38.913059],[-77.271588,38.912122],[-77.27344,38.913769],[-77.273083,38.915787],[-77.272465,38.915641],[-77.27357,38.916273],[-77.274782,38.914763],[-77.27485,38.913797],[-77.276003,38.912352],[-77.273868,38.910224],[-77.27395,38.910159],[-77.274369,38.909823],[-77.275245,38.909829],[-77.27601,38.908825],[-77.27723,38.90902],[-77.278177,38.907532],[-77.279393,38.907413],[-77.279574,38.90706],[-77.279738,38.906843],[-77.278819,38.906081],[-77.278314,38.905829],[-77.27641,38.905039],[-77.275565,38.904677],[-77.274582,38.904327],[-77.274192,38.904192],[-77.27729,38.902287],[-77.277504,38.902164],[-77.277267,38.900306],[-77.277103,38.898021],[-77.277034,38.897488],[-77.277126,38.897409],[-77.277123,38.897367],[-77.277117,38.897291],[-77.277062,38.897249],[-77.277585,38.896835],[-77.276895,38.896307],[-77.276838,38.896262],[-77.276921,38.89619],[-77.27764,38.895865],[-77.276542,38.894481],[-77.275665,38.893406],[-77.275546,38.893251],[-77.272686,38.889831],[-77.273922,38.889153],[-77.270929,38.882354],[-77.267957,38.883013],[-77.267753,38.883035],[-77.266908,38.880882],[-77.263202,38.881839],[-77.260006,38.880988],[-77.253858,38.879376],[-77.267222,38.878596],[-77.26713,38.878381],[-77.267046,38.878192],[-77.264409,38.875168],[-77.264371,38.875096],[-77.264159,38.874759],[-77.264059,38.874581],[-77.263898,38.874227],[-77.263893,38.874202],[-77.263776,38.873739],[-77.263728,38.873581],[-77.263095,38.872264],[-77.263254,38.872226],[-77.264387,38.871974],[-77.266285,38.871545],[-77.268634,38.870867],[-77.268989,38.870677],[-77.269503,38.870289],[-77.272229,38.867848],[-77.273145,38.867185],[-77.273288,38.867084],[-77.27415,38.86631],[-77.273374,38.866261],[-77.272374,38.866197],[-77.27081,38.86609],[-77.270597,38.866075],[-77.26994,38.86504],[-77.269864,38.864865],[-77.268929,38.862795],[-77.268919,38.862775],[-77.268818,38.862017],[-77.268727,38.859563],[-77.269184,38.857896],[-77.269809,38.855593],[-77.268842,38.854415],[-77.269212,38.851987],[-77.270972,38.851304],[-77.271744,38.848488],[-77.270426,38.844683],[-77.269977,38.843339],[-77.270481,38.841077],[-77.27052,38.840902],[-77.271926,38.841101],[-77.272086,38.841112],[-77.278598,38.841977],[-77.278535,38.840676],[-77.280854,38.840995],[-77.284621,38.841519],[-77.286374,38.841717],[-77.28647,38.838617],[-77.287347,38.838631],[-77.287257,38.836122],[-77.287279,38.836122],[-77.288295,38.836235],[-77.288773,38.832452],[-77.28827,38.826483],[-77.288272,38.826365],[-77.29224,38.826469],[-77.294075,38.826522],[-77.294877,38.826511],[-77.295427,38.826474],[-77.295845,38.826424],[-77.296517,38.826326],[-77.296859,38.826311],[-77.297195,38.826307],[-77.297875,38.826292],[-77.29833,38.826299],[-77.298639,38.826283],[-77.298838,38.826278],[-77.299173,38.826266],[-77.299403,38.826236],[-77.299643,38.826208],[-77.299883,38.826163],[-77.300316,38.826055],[-77.300625,38.825959],[-77.300743,38.825918],[-77.300853,38.825882],[-77.30104,38.825808],[-77.301294,38.825679],[-77.303131,38.82488],[-77.303191,38.824864],[-77.305102,38.824389],[-77.306877,38.823976],[-77.30785,38.823944],[-77.308509,38.824043],[-77.308653,38.824067],[-77.308668,38.824069],[-77.308998,38.824123],[-77.30933,38.824196],[-77.310449,38.824387],[-77.310612,38.824419],[-77.31074,38.824453],[-77.311116,38.824579],[-77.31137,38.824687],[-77.311571,38.8248],[-77.311928,38.825023],[-77.312445,38.825364],[-77.312609,38.825462],[-77.313082,38.825787],[-77.313378,38.825991],[-77.313742,38.826219],[-77.314188,38.826433],[-77.314814,38.826702],[-77.316145,38.827257],[-77.316412,38.827361],[-77.31719,38.823145],[-77.318424,38.821019],[-77.319206,38.820005],[-77.319866,38.81895],[-77.321344,38.815802],[-77.320606,38.815392],[-77.320062,38.8151],[-77.317206,38.813551],[-77.31564,38.812692],[-77.31509,38.812429],[-77.314091,38.811891],[-77.3124,38.810955],[-77.310741,38.810093],[-77.309191,38.809372],[-77.309128,38.80934],[-77.304563,38.808213],[-77.302983,38.80785],[-77.301128,38.807459],[-77.297827,38.806757],[-77.297067,38.806069],[-77.297215,38.804298],[-77.296069,38.800821],[-77.29548,38.798982],[-77.298721,38.79853],[-77.301266,38.79752],[-77.299682,38.797431],[-77.284634,38.798232],[-77.284577,38.798235],[-77.279285,38.798517],[-77.276839,38.798352],[-77.273922,38.79716],[-77.274912,38.796269],[-77.27499,38.796241],[-77.275031,38.793001],[-77.273417,38.792549],[-77.273381,38.792654],[-77.273083,38.792569],[-77.272716,38.792289],[-77.272537,38.792097],[-77.272093,38.791813],[-77.271978,38.791769],[-77.271833,38.791614],[-77.271671,38.791644],[-77.271683,38.791528],[-77.271524,38.79147],[-77.271228,38.791291],[-77.271116,38.791001],[-77.271119,38.790812],[-77.271,38.790746],[-77.27088,38.79078],[-77.27072,38.790674],[-77.27056,38.790462],[-77.270409,38.790137],[-77.27013,38.789997],[-77.270084,38.789867],[-77.269977,38.789754],[-77.269949,38.789411],[-77.269744,38.789347],[-77.269593,38.789156],[-77.269451,38.788724],[-77.269509,38.788662],[-77.269745,38.788721],[-77.269803,38.788597],[-77.269417,38.788332],[-77.269253,38.788242],[-77.269069,38.788194],[-77.268909,38.788352],[-77.268777,38.788366],[-77.268635,38.788283],[-77.268406,38.788251],[-77.268278,38.788167],[-77.268191,38.787975],[-77.268015,38.78791],[-77.267849,38.787928],[-77.267778,38.787869],[-77.267343,38.787682],[-77.26719,38.78756],[-77.267157,38.787457],[-77.266983,38.787438],[-77.26659,38.787328],[-77.266576,38.787272],[-77.266274,38.78717],[-77.266081,38.78703],[-77.26577,38.786937],[-77.265636,38.786903],[-77.265326,38.786676],[-77.2649,38.786489],[-77.264752,38.786404],[-77.264158,38.786158],[-77.26343,38.785795],[-77.262894,38.785582],[-77.262625,38.785458],[-77.262267,38.785252],[-77.262028,38.785069],[-77.261122,38.785609],[-77.260268,38.785809],[-77.259397,38.786138],[-77.25885,38.785922],[-77.258646,38.785097],[-77.257874,38.784564],[-77.256328,38.784587],[-77.256131,38.784724],[-77.255809,38.784478],[-77.255298,38.784467],[-77.254229,38.784191],[-77.253965,38.784078],[-77.253791,38.783831],[-77.253793,38.783396],[-77.253914,38.783015],[-77.253903,38.782888],[-77.253812,38.782675],[-77.254093,38.782358],[-77.254086,38.782082],[-77.254149,38.781934],[-77.254162,38.781725],[-77.253945,38.781563],[-77.253711,38.781449],[-77.253546,38.781227],[-77.253429,38.780924],[-77.253309,38.780852],[-77.252989,38.780808],[-77.252788,38.780723],[-77.252512,38.780778],[-77.252142,38.780756],[-77.25188,38.780662],[-77.250631,38.781862],[-77.251355,38.783853],[-77.250303,38.785002],[-77.24892,38.786245],[-77.247948,38.787118],[-77.247742,38.787303],[-77.246566,38.788266],[-77.244851,38.788913],[-77.242727,38.789325],[-77.241731,38.789962],[-77.241124,38.790403],[-77.24027,38.791021],[-77.238935,38.791847],[-77.236855,38.792054],[-77.235017,38.791659],[-77.234299,38.79297],[-77.231794,38.793692],[-77.229204,38.792619],[-77.228318,38.792474],[-77.225346,38.792525],[-77.218947,38.792758],[-77.218782,38.792764],[-77.218725,38.792767],[-77.205702,38.793241],[-77.201698,38.794072],[-77.197722,38.795654],[-77.194209,38.797057],[-77.193856,38.797198],[-77.190389,38.796408],[-77.186133,38.795167],[-77.17904,38.792676],[-77.175279,38.791924],[-77.175063,38.791891],[-77.17564,38.791307],[-77.174869,38.790855],[-77.174945,38.790738],[-77.175091,38.790546],[-77.173597,38.790177],[-77.173232,38.790128],[-77.170962,38.789932],[-77.167544,38.79022],[-77.160858,38.791432],[-77.157786,38.792226],[-77.155354,38.792893],[-77.153082,38.793405],[-77.14499,38.794735],[-77.135521,38.796231],[-77.129111,38.797229],[-77.125404,38.798],[-77.120782,38.799211],[-77.112006,38.801614],[-77.112104,38.801809],[-77.112205,38.802071],[-77.108328,38.802983],[-77.102717,38.803512],[-77.099136,38.803397],[-77.094714,38.802871],[-77.09122,38.802462],[-77.087415,38.801999],[-77.084518,38.801654],[-77.084105,38.801605],[-77.077701,38.800837],[-77.077475,38.80081],[-77.071883,38.799748],[-77.071814,38.799729],[-77.068987,38.798769],[-77.063031,38.796424],[-77.063087,38.79632],[-77.063151,38.796203],[-77.063289,38.795947],[-77.063399,38.795745],[-77.063427,38.795692],[-77.063466,38.795622],[-77.063531,38.795503],[-77.063614,38.79535],[-77.062835,38.795084],[-77.062727,38.795048],[-77.062675,38.79503],[-77.062469,38.794959],[-77.061288,38.794558],[-77.061199,38.794528],[-77.060917,38.794432],[-77.060829,38.794402],[-77.060148,38.79417],[-77.05984,38.794048],[-77.056809,38.792591],[-77.056524,38.792465],[-77.052685,38.790764],[-77.051365,38.789938],[-77.041362,38.785415],[-77.04025,38.785216],[-77.040095,38.789912],[-77.039366,38.79159],[-77.03899,38.792415],[-77.038987,38.792552],[-77.038984,38.792767],[-77.038984,38.792915],[-77.039076,38.79699],[-77.039114,38.798169],[-77.039184,38.8003],[-77.038966,38.801677],[-77.038239,38.805088],[-77.037642,38.808574],[-77.037288,38.810527],[-77.037338,38.813405],[-77.037358,38.814477],[-77.038412,38.81609],[-77.038867,38.819329],[-77.040044,38.820653],[-77.039444,38.821456],[-77.040867,38.822236],[-77.041067,38.823257],[-77.038784,38.824473],[-77.037764,38.829213],[-77.037868,38.830539],[-77.039229,38.832194],[-77.041712,38.833634],[-77.042579,38.833332],[-77.041972,38.831519],[-77.043274,38.831509],[-77.044991,38.835294],[-77.045409,38.838746],[-77.046513,38.839894],[-77.045852,38.840011],[-77.04802,38.841261],[-77.045829,38.841051],[-77.044767,38.840221],[-77.043406,38.840558],[-77.043065,38.839795],[-77.039975,38.839277],[-77.036804,38.839405],[-77.034624,38.84006],[-77.033943,38.842646],[-77.033079,38.844516],[-77.03253,38.846855],[-77.032143,38.850287],[-77.032843,38.855027],[-77.035412,38.859773],[-77.037486,38.861181],[-77.038183,38.863354],[-77.039792,38.863219],[-77.04037,38.862375],[-77.042452,38.863945],[-77.040416,38.863696],[-77.038274,38.864021],[-77.037739,38.864781],[-77.038291,38.867442],[-77.039562,38.8699],[-77.04104,38.871779]]]]}},{"type":"Feature","properties":{"id":9,"NAME":"9","TotalPop":785220,"PopDevPct":0.00069827,"DemPct":0.31433981,"RepPct":0.67294254,"WhitePct":0.85354853,"MinorityPct":0.14645147,"BlackPct":0.07217915,"HispanicPct":0.02856543,"PacificPct":0.00093465,"AsianPct":0.02575523,"NativePct":0.01781152,"TotalVAP":638744,"Margin":-0.18566019,"color":"#960018","opacity":"0.5"},"geometry":{"type":"MultiPolygon","coordinates":[[[[-79.973967,37.231265],[-79.971437,37.229567],[-79.97049,37.227799],[-79.96938,37.225468],[-79.968799,37.224123],[-79.968015,37.222202],[-79.967745,37.221571],[-79.967151,37.220596],[-79.966532,37.219848],[-79.963939,37.217843],[-79.960369,37.215448],[-79.958885,37.213853],[-79.958763,37.213916],[-79.958424,37.213501],[-79.957781,37.21272],[-79.955684,37.212817],[-79.954282,37.211899],[-79.949034,37.212279],[-79.946817,37.213037],[-79.945616,37.216205],[-79.946282,37.218171],[-79.945262,37.221731],[-79.942562,37.224231],[-79.94118,37.224805],[-79.938683,37.226649],[-79.936217,37.227136],[-79.932535,37.225429],[-79.93302,37.224373],[-79.932369,37.224122],[-79.92956,37.224011],[-79.929328,37.22302],[-79.929166,37.222245],[-79.926638,37.222856],[-79.926766,37.223885],[-79.925457,37.224347],[-79.924496,37.224634],[-79.924052,37.227057],[-79.923423,37.230085],[-79.922076,37.230235],[-79.921213,37.230085],[-79.921429,37.230749],[-79.920669,37.232647],[-79.920639,37.232713],[-79.922454,37.233485],[-79.921304,37.233919],[-79.921103,37.23509],[-79.921944,37.235517],[-79.920979,37.238644],[-79.921257,37.23895],[-79.919785,37.240761],[-79.919301,37.241295],[-79.917355,37.241737],[-79.913198,37.242686],[-79.912491,37.242846],[-79.911072,37.243183],[-79.905097,37.244633],[-79.907731,37.246583],[-79.90719,37.248472],[-79.905429,37.248208],[-79.905231,37.248691],[-79.905096,37.251825],[-79.903848,37.252095],[-79.903209,37.253063],[-79.901779,37.254523],[-79.900048,37.257297],[-79.900492,37.257573],[-79.901236,37.257842],[-79.903609,37.257394],[-79.903967,37.257351],[-79.90531,37.25818],[-79.906232,37.25883],[-79.90919,37.260776],[-79.908549,37.261624],[-79.907955,37.262407],[-79.906609,37.26284],[-79.905119,37.261927],[-79.902584,37.262086],[-79.901086,37.263039],[-79.901071,37.264831],[-79.905218,37.265722],[-79.90513,37.265862],[-79.905032,37.266023],[-79.904886,37.266259],[-79.904827,37.266354],[-79.904671,37.266607],[-79.904309,37.267212],[-79.904218,37.267371],[-79.903912,37.268426],[-79.904022,37.268789],[-79.9042,37.270513],[-79.904338,37.271087],[-79.905493,37.272775],[-79.906085,37.27347],[-79.907393,37.275258],[-79.907422,37.275336],[-79.907469,37.275463],[-79.908559,37.276523],[-79.909028,37.27759],[-79.910631,37.278289],[-79.912154,37.2781],[-79.915519,37.279479],[-79.917145,37.278964],[-79.917372,37.278906],[-79.917731,37.279071],[-79.917771,37.27909],[-79.917918,37.279267],[-79.917954,37.279469],[-79.917959,37.279503],[-79.917995,37.279714],[-79.917889,37.28043],[-79.917814,37.280626],[-79.917784,37.280719],[-79.917667,37.28075],[-79.917648,37.280756],[-79.916308,37.281108],[-79.915971,37.281077],[-79.915046,37.281314],[-79.914077,37.281511],[-79.912094,37.282011],[-79.910935,37.282462],[-79.91041,37.28241],[-79.910399,37.282462],[-79.910323,37.282917],[-79.909878,37.282884],[-79.909834,37.28288],[-79.908771,37.283223],[-79.907722,37.283551],[-79.906074,37.284593],[-79.905605,37.284062],[-79.905029,37.28336],[-79.904462,37.282671],[-79.903882,37.281965],[-79.903624,37.281651],[-79.902622,37.282428],[-79.90214,37.284061],[-79.901367,37.284604],[-79.900283,37.283964],[-79.89893,37.283172],[-79.896425,37.283436],[-79.894291,37.28497],[-79.894094,37.284912],[-79.891814,37.284061],[-79.890449,37.283929],[-79.889885,37.284269],[-79.889825,37.284262],[-79.887176,37.284208],[-79.884588,37.283748],[-79.884236,37.283686],[-79.882873,37.285843],[-79.880498,37.287843],[-79.880444,37.290579],[-79.87855,37.29189],[-79.879245,37.294973],[-79.873206,37.297072],[-79.872792,37.298557],[-79.870681,37.300406],[-79.869096,37.303423],[-79.867894,37.305159],[-79.865784,37.30741],[-79.861175,37.310907],[-79.859371,37.312432],[-79.858187,37.314627],[-79.857699,37.320408],[-79.847476,37.309352],[-79.845624,37.312133],[-79.844696,37.313029],[-79.845304,37.313877],[-79.844607,37.315177],[-79.844198,37.31775],[-79.841848,37.319109],[-79.840408,37.319365],[-79.837912,37.321669],[-79.8362,37.321925],[-79.835864,37.323157],[-79.832728,37.324965],[-79.830312,37.325349],[-79.824152,37.329253],[-79.821799,37.329957],[-79.820209,37.33103],[-79.813751,37.333622],[-79.812805,37.33449],[-79.810759,37.33527],[-79.807128,37.33935],[-79.805303,37.339958],[-79.804695,37.341126],[-79.801944,37.343414],[-79.797927,37.345078],[-79.795319,37.34503],[-79.791255,37.34759],[-79.788679,37.34935],[-79.788151,37.351116],[-79.787855,37.352457],[-79.786351,37.354569],[-79.786207,37.357],[-79.786655,37.359128],[-79.785799,37.36167],[-79.784568,37.362182],[-79.785023,37.363288],[-79.784399,37.364472],[-79.784623,37.365928],[-79.783472,37.367752],[-79.78332,37.36919],[-79.781048,37.370727],[-79.779208,37.370823],[-79.777672,37.372871],[-79.776056,37.374023],[-79.776208,37.375096],[-79.775352,37.377319],[-79.776488,37.380167],[-79.777304,37.381191],[-79.778616,37.381783],[-79.786073,37.382262],[-79.792185,37.380822],[-79.793401,37.381654],[-79.792809,37.383014],[-79.795577,37.384201],[-79.797385,37.385158],[-79.797685,37.385236],[-79.799129,37.386774],[-79.801706,37.39015],[-79.803369,37.390982],[-79.80473,37.392486],[-79.805018,37.394102],[-79.804618,37.39655],[-79.807813,37.397697],[-79.810106,37.399014],[-79.811322,37.400102],[-79.813451,37.401894],[-79.814203,37.403654],[-79.811179,37.405142],[-79.809418,37.40503],[-79.807498,37.405574],[-79.806218,37.407078],[-79.804074,37.407462],[-79.799434,37.408886],[-79.797562,37.409174],[-79.795946,37.408934],[-79.79049,37.40879],[-79.786615,37.410957],[-79.785434,37.411575],[-79.783834,37.412199],[-79.783161,37.412551],[-79.780074,37.414631],[-79.778777,37.415255],[-79.777722,37.415591],[-79.775321,37.416215],[-79.774329,37.416887],[-79.772153,37.417751],[-79.770905,37.418663],[-79.768713,37.419303],[-79.768185,37.419559],[-79.767161,37.420775],[-79.766057,37.421735],[-79.764825,37.422487],[-79.764153,37.423111],[-79.762841,37.423703],[-79.761241,37.424103],[-79.759801,37.423975],[-79.758745,37.423943],[-79.757369,37.424743],[-79.756185,37.425384],[-79.753881,37.428648],[-79.752313,37.43012],[-79.751801,37.431704],[-79.749095,37.431875],[-79.746856,37.432572],[-79.74518,37.434336],[-79.743474,37.434755],[-79.741661,37.435713],[-79.741119,37.436613],[-79.740721,37.437083],[-79.739757,37.437041],[-79.737986,37.437902],[-79.736278,37.440084],[-79.735015,37.441025],[-79.7349,37.441303],[-79.734605,37.441461],[-79.734448,37.441331],[-79.732068,37.44195],[-79.730872,37.442993],[-79.730935,37.443344],[-79.728098,37.444403],[-79.727836,37.444379],[-79.72727,37.444609],[-79.726674,37.444823],[-79.726411,37.444992],[-79.726404,37.445023],[-79.726371,37.445184],[-79.726332,37.445349],[-79.72633,37.445378],[-79.720973,37.44867],[-79.719076,37.448957],[-79.718515,37.450447],[-79.717199,37.451536],[-79.715907,37.452569],[-79.715065,37.452505],[-79.71489,37.452499],[-79.714557,37.452554],[-79.714253,37.452625],[-79.714142,37.452705],[-79.713919,37.452995],[-79.711362,37.455125],[-79.7103,37.456952],[-79.710788,37.458713],[-79.710147,37.459694],[-79.707789,37.459611],[-79.705774,37.460334],[-79.704588,37.462418],[-79.701982,37.464234],[-79.699853,37.466175],[-79.699712,37.466313],[-79.699674,37.46635],[-79.69826,37.467642],[-79.697574,37.468879],[-79.695695,37.470454],[-79.695353,37.470519],[-79.695271,37.470591],[-79.695179,37.470736],[-79.695178,37.470756],[-79.695172,37.470766],[-79.695164,37.470945],[-79.693965,37.472551],[-79.692145,37.474252],[-79.692093,37.474322],[-79.69006,37.476374],[-79.686238,37.477602],[-79.685719,37.478171],[-79.682911,37.479487],[-79.680489,37.480117],[-79.678696,37.481138],[-79.678222,37.482739],[-79.67662,37.483642],[-79.675038,37.483008],[-79.670884,37.483632],[-79.669037,37.48327],[-79.668672,37.483373],[-79.664882,37.483046],[-79.658798,37.48501],[-79.655866,37.482532],[-79.653498,37.481959],[-79.653258,37.481023],[-79.652032,37.480624],[-79.648393,37.477314],[-79.646402,37.476754],[-79.6457,37.475227],[-79.643541,37.474376],[-79.643039,37.4731],[-79.641796,37.472182],[-79.641697,37.472047],[-79.63977,37.471097],[-79.639407,37.468425],[-79.640013,37.467316],[-79.638605,37.465897],[-79.638987,37.464844],[-79.638059,37.462856],[-79.638409,37.461435],[-79.636517,37.460094],[-79.634206,37.457021],[-79.631948,37.456069],[-79.631533,37.455277],[-79.628162,37.453604],[-79.626582,37.454417],[-79.626124,37.455284],[-79.62365,37.455455],[-79.619678,37.457514],[-79.616778,37.457983],[-79.6163,37.45732],[-79.613999,37.456309],[-79.612119,37.456606],[-79.610104,37.456443],[-79.609316,37.455679],[-79.606836,37.455104],[-79.602597,37.455373],[-79.602178,37.453533],[-79.601592,37.453261],[-79.598881,37.451236],[-79.597393,37.450753],[-79.595518,37.449502],[-79.593707,37.448864],[-79.592017,37.449532],[-79.589738,37.449464],[-79.588,37.449802],[-79.586072,37.450977],[-79.58476,37.451067],[-79.582745,37.451878],[-79.58256,37.452831],[-79.580701,37.455603],[-79.582279,37.45844],[-79.581644,37.459428],[-79.581641,37.460822],[-79.583201,37.463466],[-79.582648,37.465445],[-79.580454,37.468117],[-79.580483,37.468634],[-79.581111,37.472396],[-79.580079,37.473291],[-79.578428,37.473548],[-79.575031,37.478418],[-79.573348,37.480359],[-79.569298,37.482844],[-79.569205,37.484141],[-79.568047,37.484997],[-79.567365,37.487717],[-79.564739,37.489],[-79.563141,37.490393],[-79.562027,37.493006],[-79.560457,37.493546],[-79.559979,37.49502],[-79.558956,37.496422],[-79.555992,37.498163],[-79.555176,37.499061],[-79.553993,37.497225],[-79.552252,37.495571],[-79.550197,37.495181],[-79.549148,37.492739],[-79.548907,37.492037],[-79.546351,37.489194],[-79.545551,37.489512],[-79.54307,37.492423],[-79.541095,37.494264],[-79.538645,37.495689],[-79.537905,37.497159],[-79.538261,37.498974],[-79.536937,37.5012],[-79.534317,37.501811],[-79.533122,37.505258],[-79.530941,37.506513],[-79.527523,37.505926],[-79.52469,37.507379],[-79.523818,37.507529],[-79.523262,37.507622],[-79.521857,37.507859],[-79.520529,37.508083],[-79.518941,37.508447],[-79.517334,37.511498],[-79.516717,37.513796],[-79.514217,37.516581],[-79.510581,37.517338],[-79.508091,37.517778],[-79.504681,37.520832],[-79.504425,37.521714],[-79.505383,37.524841],[-79.505567,37.52643],[-79.504926,37.529344],[-79.503174,37.529677],[-79.498699,37.532797],[-79.501224,37.534389],[-79.516836,37.543827],[-79.531891,37.552944],[-79.548151,37.562717],[-79.566132,37.573528],[-79.577692,37.580581],[-79.577972,37.580746],[-79.576667,37.58241],[-79.576265,37.584985],[-79.575324,37.588628],[-79.575073,37.591394],[-79.574315,37.593638],[-79.574274,37.593717],[-79.574184,37.593909],[-79.574154,37.593982],[-79.574106,37.59406],[-79.574125,37.594136],[-79.57421,37.594273],[-79.573231,37.595569],[-79.573917,37.595984],[-79.574137,37.596112],[-79.577474,37.598113],[-79.577608,37.598191],[-79.577842,37.598328],[-79.579026,37.599043],[-79.588922,37.604971],[-79.596522,37.609494],[-79.598976,37.610946],[-79.600054,37.611585],[-79.608748,37.616751],[-79.616329,37.621284],[-79.624596,37.626539],[-79.62821,37.62869],[-79.638821,37.634994],[-79.652987,37.643424],[-79.653855,37.643936],[-79.670442,37.653882],[-79.671554,37.654551],[-79.673048,37.655446],[-79.675911,37.657174],[-79.683554,37.661763],[-79.681221,37.663021],[-79.678087,37.666747],[-79.675526,37.668434],[-79.674686,37.669453],[-79.673658,37.671589],[-79.671834,37.674304],[-79.671089,37.676599],[-79.670531,37.679584],[-79.670505,37.68458],[-79.668575,37.688701],[-79.668678,37.690429],[-79.667733,37.694509],[-79.672187,37.696422],[-79.674055,37.697575],[-79.674693,37.697967],[-79.676341,37.698803],[-79.679488,37.707881],[-79.686353,37.727845],[-79.68877,37.734747],[-79.68747,37.735398],[-79.686952,37.736485],[-79.684029,37.738517],[-79.683066,37.739716],[-79.681608,37.740433],[-79.681594,37.741968],[-79.680032,37.743838],[-79.677226,37.749065],[-79.676403,37.752581],[-79.675395,37.755584],[-79.674162,37.763093],[-79.689551,37.767123],[-79.70138,37.770237],[-79.702426,37.770535],[-79.734256,37.778941],[-79.734547,37.779017],[-79.735406,37.779244],[-79.738784,37.780137],[-79.748536,37.782712],[-79.749297,37.783001],[-79.749784,37.783244],[-79.760014,37.785894],[-79.763791,37.786919],[-79.76413,37.78701],[-79.769949,37.788583],[-79.770083,37.788619],[-79.770382,37.7887],[-79.770671,37.788778],[-79.777388,37.790574],[-79.783965,37.792323],[-79.784259,37.792401],[-79.784566,37.792482],[-79.785431,37.792712],[-79.786839,37.793098],[-79.787782,37.793346],[-79.788651,37.793575],[-79.793447,37.794836],[-79.794813,37.795196],[-79.804587,37.797773],[-79.816685,37.800964],[-79.820591,37.797858],[-79.822212,37.796808],[-79.823287,37.796141],[-79.831926,37.789573],[-79.833762,37.78908],[-79.841912,37.784398],[-79.843114,37.783313],[-79.845321,37.782314],[-79.844515,37.77955],[-79.843388,37.778448],[-79.843416,37.777271],[-79.844455,37.774588],[-79.845522,37.773842],[-79.846903,37.771725],[-79.849004,37.769296],[-79.848594,37.768408],[-79.85072,37.765075],[-79.852887,37.763372],[-79.854541,37.761014],[-79.859069,37.757125],[-79.860811,37.755276],[-79.861785,37.754803],[-79.864203,37.75156],[-79.86708,37.748685],[-79.874773,37.743573],[-79.882181,37.740627],[-79.88572,37.739807],[-79.889085,37.738786],[-79.890347,37.738063],[-79.893859,37.733492],[-79.896679,37.730197],[-79.899691,37.727773],[-79.900055,37.726028],[-79.901387,37.723642],[-79.903214,37.72278],[-79.904119,37.721785],[-79.905937,37.718239],[-79.907474,37.717439],[-79.910182,37.712176],[-79.910273,37.711982],[-79.910745,37.710809],[-79.91266,37.707882],[-79.91386,37.707379],[-79.91568,37.703774],[-79.91756,37.701848],[-79.92066,37.700804],[-79.922705,37.698358],[-79.924254,37.697663],[-79.928075,37.697695],[-79.933894,37.697263],[-79.935513,37.697313],[-79.941717,37.698951],[-79.94639,37.694832],[-79.948697,37.693306],[-79.951518,37.689922],[-79.95214,37.688336],[-79.954556,37.685778],[-79.957365,37.683782],[-79.963603,37.680407],[-79.968294,37.678572],[-79.971847,37.675911],[-79.979184,37.670707],[-79.982048,37.669581],[-79.984931,37.666737],[-79.986424,37.665622],[-79.988551,37.665556],[-79.990125,37.66464],[-79.996068,37.660047],[-79.998805,37.658199],[-80.003098,37.65776],[-80.005681,37.656918],[-80.009952,37.654575],[-80.016924,37.649759],[-80.018048,37.648714],[-80.020554,37.647442],[-80.026743,37.653955],[-80.032705,37.66029],[-80.036045,37.657967],[-80.04059,37.653438],[-80.045256,37.650221],[-80.050593,37.647258],[-80.056493,37.645193],[-80.05888,37.643994],[-80.059791,37.642877],[-80.065717,37.640369],[-80.068696,37.639763],[-80.069373,37.638566],[-80.069079,37.637401],[-80.069907,37.636083],[-80.074113,37.633633],[-80.076062,37.632147],[-80.078522,37.631237],[-80.083154,37.630041],[-80.084574,37.629411],[-80.085893,37.627688],[-80.087462,37.626671],[-80.092865,37.625872],[-80.09834,37.623782],[-80.099809,37.623869],[-80.101937,37.623137],[-80.104798,37.62269],[-80.107602,37.620234],[-80.108666,37.618951],[-80.110651,37.617646],[-80.111572,37.616524],[-80.115052,37.614622],[-80.117238,37.612584],[-80.120431,37.610247],[-80.12322,37.607384],[-80.128115,37.60601],[-80.131051,37.604546],[-80.133383,37.602899],[-80.134966,37.602259],[-80.137013,37.602132],[-80.138458,37.600518],[-80.140641,37.599769],[-80.144394,37.596627],[-80.146681,37.596616],[-80.150555,37.599615],[-80.154692,37.601099],[-80.155503,37.601401],[-80.160615,37.603285],[-80.165731,37.606992],[-80.166808,37.60753],[-80.167754,37.60886],[-80.167194,37.612047],[-80.16854,37.613327],[-80.168436,37.615376],[-80.170964,37.616322],[-80.171607,37.615696],[-80.173534,37.615905],[-80.175626,37.616987],[-80.177512,37.615125],[-80.178175,37.615134],[-80.178272,37.615163],[-80.178327,37.615163],[-80.178541,37.615048],[-80.179073,37.614834],[-80.179964,37.614548],[-80.180282,37.614383],[-80.180468,37.614306],[-80.180772,37.614235],[-80.181767,37.613774],[-80.181864,37.613752],[-80.182029,37.613741],[-80.182147,37.613746],[-80.182285,37.613768],[-80.182478,37.613823],[-80.18263,37.613884],[-80.182879,37.614037],[-80.183231,37.614334],[-80.183383,37.614438],[-80.183811,37.614658],[-80.184094,37.614812],[-80.18426,37.614911],[-80.184385,37.614999],[-80.184488,37.615103],[-80.184543,37.61518],[-80.184634,37.615342],[-80.185044,37.61534],[-80.187209,37.615303],[-80.196116,37.615667],[-80.205198,37.616293],[-80.206207,37.61706],[-80.206395,37.617199],[-80.21491,37.6235],[-80.219403,37.626925],[-80.220984,37.627767],[-80.222034,37.62669],[-80.223386,37.623185],[-80.226017,37.620059],[-80.231938,37.614802],[-80.236016,37.611745],[-80.236944,37.610028],[-80.240272,37.606961],[-80.240925,37.606689],[-80.242245,37.606283],[-80.243949,37.605068],[-80.24978,37.602117],[-80.253755,37.599447],[-80.258919,37.595499],[-80.26356,37.593374],[-80.266252,37.592764],[-80.268446,37.591666],[-80.270342,37.591149],[-80.272374,37.589995],[-80.274621,37.589226],[-80.277034,37.58782],[-80.280036,37.585437],[-80.283398,37.585178],[-80.289651,37.58144],[-80.294882,37.57877],[-80.301389,37.576625],[-80.310843,37.571758],[-80.315497,37.570315],[-80.318007,37.568577],[-80.328504,37.564315],[-80.313364,37.547327],[-80.31237,37.546225],[-80.312201,37.54622],[-80.312412,37.546103],[-80.31275,37.545821],[-80.31281,37.54554],[-80.312975,37.545416],[-80.312998,37.545311],[-80.313389,37.545],[-80.314026,37.544582],[-80.31447,37.544055],[-80.316972,37.54362],[-80.318152,37.543955],[-80.319482,37.542717],[-80.320999,37.542118],[-80.321488,37.541349],[-80.324001,37.541278],[-80.327491,37.54014],[-80.328392,37.538954],[-80.328377,37.537636],[-80.330368,37.536267],[-80.309347,37.52738],[-80.291625,37.536496],[-80.282391,37.533519],[-80.282568,37.53325],[-80.282892,37.532783],[-80.299789,37.508271],[-80.309833,37.503827],[-80.309528,37.503326],[-80.309333,37.502883],[-80.313335,37.501564],[-80.31676,37.500126],[-80.322249,37.498185],[-80.3271,37.495377],[-80.332034,37.493745],[-80.336942,37.492952],[-80.338863,37.492871],[-80.34378,37.492151],[-80.348672,37.490776],[-80.354824,37.488556],[-80.362491,37.486499],[-80.365785,37.484931],[-80.366837,37.484879],[-80.363171,37.480001],[-80.367409,37.477871],[-80.369451,37.476597],[-80.371951,37.474069],[-80.378282,37.471389],[-80.382508,37.470376],[-80.399846,37.462325],[-80.40278,37.460334],[-80.406355,37.458698],[-80.425629,37.449885],[-80.443009,37.438131],[-80.451355,37.434043],[-80.457304,37.43227],[-80.464816,37.426145],[-80.472782,37.42373],[-80.475796,37.423071],[-80.491608,37.432936],[-80.49486,37.435072],[-80.497279,37.44478],[-80.496805,37.446215],[-80.492981,37.457749],[-80.499784,37.466917],[-80.503963,37.472098],[-80.511391,37.481672],[-80.513409,37.479446],[-80.515139,37.478566],[-80.516366,37.478474],[-80.518642,37.479304],[-80.519657,37.479198],[-80.521607,37.47754],[-80.523481,37.476905],[-80.525403,37.476862],[-80.528349,37.477368],[-80.532372,37.477124],[-80.533449,37.476406],[-80.53441,37.474732],[-80.536889,37.474008],[-80.539786,37.474527],[-80.544836,37.474695],[-80.547451,37.473681],[-80.552036,37.473563],[-80.555138,37.471623],[-80.557969,37.471059],[-80.561442,37.469775],[-80.566297,37.466575],[-80.571283,37.464312],[-80.572636,37.463468],[-80.576255,37.462048],[-80.578025,37.460586],[-80.581463,37.459138],[-80.582884,37.456658],[-80.585856,37.456654],[-80.59024,37.453296],[-80.591377,37.45144],[-80.594148,37.449661],[-80.595378,37.449447],[-80.598965,37.447187],[-80.600204,37.446173],[-80.604331,37.444927],[-80.608254,37.443134],[-80.610109,37.441843],[-80.613856,37.440152],[-80.616802,37.439443],[-80.621375,37.436671],[-80.622117,37.435969],[-80.622664,37.433307],[-80.625289,37.432875],[-80.626365,37.433328],[-80.62862,37.43205],[-80.630698,37.432481],[-80.632365,37.432125],[-80.636848,37.430003],[-80.637554,37.428556],[-80.636947,37.427471],[-80.645893,37.422147],[-80.650188,37.421501],[-80.652426,37.420634],[-80.653589,37.419514],[-80.656687,37.417585],[-80.658382,37.417051],[-80.66217,37.415352],[-80.664112,37.41422],[-80.669997,37.411863],[-80.671577,37.410958],[-80.674249,37.410023],[-80.675303,37.40909],[-80.678094,37.407936],[-80.679249,37.407154],[-80.684576,37.40463],[-80.685107,37.404095],[-80.689817,37.402704],[-80.691709,37.401749],[-80.694179,37.399911],[-80.697474,37.399601],[-80.699435,37.398395],[-80.701248,37.396602],[-80.702579,37.396239],[-80.705203,37.394618],[-80.708399,37.393638],[-80.710501,37.392513],[-80.713545,37.3915],[-80.71596,37.390253],[-80.71652,37.388645],[-80.719524,37.389585],[-80.723101,37.388328],[-80.723925,37.387759],[-80.724285,37.386329],[-80.725702,37.385522],[-80.727804,37.386379],[-80.731589,37.38471],[-80.733166,37.383692],[-80.734801,37.383334],[-80.737429,37.383301],[-80.738652,37.382172],[-80.740973,37.381713],[-80.743391,37.379851],[-80.745904,37.380069],[-80.748722,37.38005],[-80.75103,37.378209],[-80.755254,37.37735],[-80.757556,37.375894],[-80.759886,37.374882],[-80.761938,37.374666],[-80.765628,37.373259],[-80.766944,37.37333],[-80.770082,37.372363],[-80.776649,37.383679],[-80.777306,37.38519],[-80.779308,37.386196],[-80.781098,37.388304],[-80.783021,37.390089],[-80.783324,37.392789],[-80.784188,37.394587],[-80.788446,37.395024],[-80.790317,37.395668],[-80.794052,37.39528],[-80.795426,37.395188],[-80.79769,37.39583],[-80.800508,37.395953],[-80.801353,37.397286],[-80.803525,37.398459],[-80.804585,37.397822],[-80.806266,37.398294],[-80.806259,37.399492],[-80.807044,37.401646],[-80.80619,37.403767],[-80.808229,37.405691],[-80.808587,37.406537],[-80.812097,37.407818],[-80.820228,37.413288],[-80.828313,37.418667],[-80.828824,37.419032],[-80.830851,37.420507],[-80.836408,37.423992],[-80.837678,37.425658],[-80.841025,37.426123],[-80.842159,37.425618],[-80.844213,37.423555],[-80.846325,37.423395],[-80.849367,37.425501],[-80.853163,37.426902],[-80.856278,37.426935],[-80.857359,37.427206],[-80.859457,37.429491],[-80.860705,37.428418],[-80.863575,37.424131],[-80.865143,37.420542],[-80.865568,37.417377],[-80.864794,37.414229],[-80.863003,37.411514],[-80.863176,37.41129],[-80.868143,37.404678],[-80.872266,37.399112],[-80.875467,37.394437],[-80.883247,37.383933],[-80.880477,37.380876],[-80.877622,37.377797],[-80.876248,37.376602],[-80.873645,37.373446],[-80.868903,37.368296],[-80.868376,37.367714],[-80.868271,37.3676],[-80.867857,37.367145],[-80.867209,37.366434],[-80.866901,37.366093],[-80.85881,37.357199],[-80.855679,37.353755],[-80.849451,37.346909],[-80.853375,37.345409],[-80.855921,37.344068],[-80.858059,37.343503],[-80.860803,37.341931],[-80.865862,37.340331],[-80.869137,37.338457],[-80.870913,37.336581],[-80.872913,37.335205],[-80.874801,37.333427],[-80.880103,37.328903],[-80.886914,37.32464],[-80.890597,37.321447],[-80.891203,37.321365],[-80.89805,37.316779],[-80.89916,37.315678],[-80.901566,37.314858],[-80.905092,37.312929],[-80.907951,37.311605],[-80.910389,37.311236],[-80.912153,37.310175],[-80.913562,37.308755],[-80.919259,37.306163],[-80.92704,37.303683],[-80.931118,37.302872],[-80.936964,37.300354],[-80.939346,37.29967],[-80.939824,37.298909],[-80.941327,37.298883],[-80.943156,37.298112],[-80.942973,37.297126],[-80.944173,37.296575],[-80.945488,37.296903],[-80.947896,37.295872],[-80.951018,37.29497],[-80.956115,37.294153],[-80.957595,37.293733],[-80.964879,37.292898],[-80.966556,37.292158],[-80.968368,37.29229],[-80.969958,37.291887],[-80.971875,37.292367],[-80.973889,37.291444],[-80.975421,37.292],[-80.977008,37.291807],[-80.977814,37.292348],[-80.980146,37.292743],[-80.981322,37.293465],[-80.981323,37.294554],[-80.982173,37.296023],[-80.980899,37.297341],[-80.980746,37.298541],[-80.979106,37.300581],[-80.979589,37.302279],[-80.980754,37.301961],[-80.981863,37.300883],[-80.983177,37.301228],[-80.985266,37.300564],[-80.985765,37.3014],[-80.987319,37.301359],[-80.993683,37.299626],[-80.996013,37.299545],[-80.999083,37.298141],[-81.00767,37.296428],[-81.01021,37.295776],[-81.015378,37.295221],[-81.016769,37.294826],[-81.021937,37.294143],[-81.029192,37.292193],[-81.032204,37.291654],[-81.036133,37.290252],[-81.03846,37.290315],[-81.0425,37.28938],[-81.048444,37.289114],[-81.052886,37.288607],[-81.058638,37.287365],[-81.071996,37.285686],[-81.075894,37.284887],[-81.077838,37.284984],[-81.084012,37.284401],[-81.092967,37.282835],[-81.09482,37.28264],[-81.096925,37.281866],[-81.098798,37.281672],[-81.104147,37.280605],[-81.107591,37.279709],[-81.110189,37.278788],[-81.114006,37.278125],[-81.116764,37.276995],[-81.12348,37.275353],[-81.123717,37.275307],[-81.130145,37.273213],[-81.133606,37.272417],[-81.137144,37.270863],[-81.142404,37.269165],[-81.145192,37.268663],[-81.151691,37.267104],[-81.154034,37.266345],[-81.158964,37.265382],[-81.164113,37.263659],[-81.167029,37.262881],[-81.173441,37.260298],[-81.179397,37.257313],[-81.182268,37.255623],[-81.183279,37.254488],[-81.184307,37.254323],[-81.188099,37.252194],[-81.192227,37.250354],[-81.19305,37.249663],[-81.198992,37.246423],[-81.200459,37.245288],[-81.204774,37.243013],[-81.209962,37.240953],[-81.211602,37.240481],[-81.218771,37.237652],[-81.222835,37.235737],[-81.225104,37.234874],[-81.234928,37.241705],[-81.236675,37.242665],[-81.236909,37.242789],[-81.237309,37.243054],[-81.24113,37.245846],[-81.24136,37.246],[-81.241981,37.246414],[-81.244903,37.248592],[-81.247513,37.250117],[-81.24982,37.251804],[-81.257544,37.256947],[-81.258232,37.257444],[-81.263157,37.260786],[-81.266815,37.263266],[-81.274444,37.268436],[-81.279048,37.271503],[-81.279139,37.271564],[-81.288915,37.278156],[-81.292192,37.280297],[-81.29591,37.282844],[-81.299265,37.285143],[-81.307225,37.290597],[-81.307281,37.290636],[-81.307365,37.290693],[-81.308129,37.291215],[-81.308507,37.291475],[-81.309768,37.292338],[-81.311358,37.293416],[-81.311874,37.293764],[-81.320105,37.299323],[-81.325337,37.304206],[-81.328887,37.307322],[-81.330828,37.30906],[-81.333134,37.311267],[-81.334228,37.312297],[-81.334725,37.312737],[-81.335221,37.313198],[-81.336152,37.314026],[-81.336475,37.314312],[-81.342863,37.320087],[-81.348792,37.325576],[-81.358594,37.334447],[-81.362156,37.337687],[-81.362961,37.338087],[-81.36543,37.337748],[-81.366625,37.335875],[-81.366645,37.334613],[-81.367643,37.332738],[-81.368428,37.332571],[-81.369238,37.332402],[-81.369494,37.331237],[-81.368318,37.329594],[-81.367536,37.3269],[-81.369443,37.324649],[-81.3714,37.324236],[-81.371597,37.322735],[-81.372499,37.320494],[-81.374906,37.318809],[-81.376931,37.318556],[-81.377578,37.317923],[-81.379413,37.317566],[-81.380853,37.318071],[-81.38469,37.318548],[-81.385823,37.320073],[-81.385789,37.320104],[-81.385653,37.32023],[-81.385674,37.32043],[-81.385784,37.32064],[-81.385988,37.320671],[-81.386312,37.320638],[-81.386602,37.320526],[-81.388057,37.319883],[-81.38899,37.319684],[-81.389883,37.318467],[-81.38958,37.31787],[-81.391702,37.316742],[-81.392682,37.316181],[-81.394287,37.316411],[-81.394515,37.315811],[-81.395341,37.31446],[-81.395296,37.312607],[-81.396462,37.311275],[-81.398055,37.310998],[-81.398687,37.309941],[-81.39805,37.309322],[-81.398702,37.307806],[-81.397357,37.306358],[-81.396817,37.304498],[-81.397531,37.304005],[-81.398185,37.302965],[-81.401782,37.301862],[-81.402422,37.300926],[-81.40506,37.298794],[-81.403764,37.296597],[-81.402291,37.296141],[-81.40418,37.293712],[-81.405801,37.293522],[-81.407521,37.288298],[-81.408829,37.287433],[-81.409719,37.284892],[-81.409575,37.284025],[-81.410733,37.28236],[-81.411593,37.28033],[-81.41287,37.279474],[-81.4141,37.279592],[-81.415954,37.278936],[-81.416785,37.277548],[-81.416027,37.276672],[-81.4158,37.274601],[-81.416663,37.273214],[-81.418629,37.273266],[-81.419455,37.272733],[-81.421812,37.272422],[-81.423522,37.271218],[-81.425237,37.271786],[-81.427946,37.271015],[-81.429358,37.271326],[-81.430894,37.272362],[-81.432225,37.272488],[-81.433499,37.273807],[-81.434939,37.273449],[-81.435596,37.274165],[-81.437158,37.274065],[-81.439127,37.272046],[-81.439507,37.270909],[-81.441363,37.271437],[-81.442634,37.271837],[-81.444528,37.271567],[-81.445438,37.272387],[-81.44832,37.272002],[-81.448285,37.270575],[-81.449068,37.269583],[-81.451173,37.269159],[-81.454438,37.266999],[-81.458966,37.26649],[-81.460554,37.265342],[-81.458873,37.262872],[-81.461119,37.262569],[-81.461267,37.261585],[-81.462283,37.261164],[-81.462107,37.259899],[-81.464425,37.259741],[-81.465557,37.258425],[-81.467998,37.258515],[-81.469204,37.257473],[-81.471418,37.256847],[-81.473283,37.257012],[-81.473622,37.256036],[-81.475162,37.25546],[-81.475868,37.255756],[-81.476699,37.254167],[-81.479797,37.252628],[-81.480144,37.251121],[-81.483559,37.250604],[-81.486153,37.25183],[-81.48843,37.251728],[-81.489445,37.250823],[-81.492287,37.25096],[-81.492702,37.25162],[-81.495496,37.252249],[-81.498045,37.254659],[-81.498445,37.256568],[-81.498038,37.258092],[-81.499472,37.257125],[-81.503131,37.253091],[-81.504449,37.248689],[-81.50652,37.245246],[-81.506722,37.242547],[-81.506228,37.241064],[-81.506234,37.239081],[-81.506865,37.234948],[-81.507509,37.233924],[-81.508097,37.233511],[-81.510097,37.232119],[-81.513561,37.231225],[-81.51464,37.230704],[-81.516338,37.228874],[-81.518847,37.228689],[-81.519614,37.227974],[-81.521397,37.226902],[-81.522565,37.227729],[-81.524159,37.227904],[-81.527513,37.225816],[-81.531073,37.225187],[-81.532991,37.223554],[-81.536385,37.223094],[-81.537306,37.221873],[-81.539127,37.221946],[-81.541361,37.219984],[-81.543924,37.220858],[-81.545696,37.22003],[-81.547085,37.216095],[-81.548398,37.2151],[-81.551311,37.211783],[-81.552781,37.210755],[-81.553812,37.208589],[-81.556762,37.207348],[-81.556828,37.207347],[-81.557,37.20733],[-81.55722,37.207325],[-81.557316,37.207342],[-81.557364,37.207365],[-81.557405,37.207398],[-81.557446,37.207448],[-81.557468,37.207488],[-81.557488,37.207524],[-81.557508,37.207585],[-81.557529,37.207673],[-81.557542,37.207787],[-81.557567,37.207904],[-81.557611,37.208112],[-81.557632,37.208172],[-81.557683,37.208249],[-81.557711,37.208299],[-81.557808,37.208382],[-81.557893,37.208442],[-81.558023,37.208541],[-81.558054,37.208565],[-81.558151,37.208481],[-81.558432,37.208239],[-81.56077,37.206656],[-81.562676,37.20657],[-81.575223,37.206003],[-81.616566,37.204135],[-81.616875,37.204148],[-81.635999,37.203348],[-81.636632,37.203321],[-81.663329,37.202141],[-81.678221,37.20154],[-81.678603,37.202467],[-81.681379,37.203634],[-81.683268,37.205649],[-81.683239,37.206725],[-81.683945,37.210323],[-81.683618,37.211625],[-81.686243,37.211755],[-81.686717,37.213105],[-81.688271,37.213506],[-81.691919,37.213142],[-81.694753,37.213366],[-81.696435,37.215509],[-81.696043,37.216989],[-81.698466,37.217858],[-81.699334,37.219921],[-81.700692,37.219926],[-81.701061,37.220897],[-81.702945,37.220753],[-81.704167,37.221973],[-81.703958,37.223269],[-81.706288,37.224347],[-81.708162,37.224179],[-81.70856,37.225303],[-81.710127,37.225519],[-81.71154,37.227442],[-81.712909,37.228213],[-81.71573,37.228771],[-81.715718,37.231068],[-81.716317,37.231452],[-81.716074,37.23295],[-81.716248,37.234321],[-81.718337,37.235461],[-81.71937,37.237211],[-81.719615,37.238471],[-81.72218,37.238615],[-81.723061,37.240493],[-81.725145,37.240546],[-81.727354,37.239927],[-81.729541,37.240235],[-81.731343,37.240028],[-81.733298,37.238128],[-81.734529,37.238092],[-81.736318,37.238714],[-81.73765,37.238038],[-81.738944,37.238388],[-81.740124,37.237752],[-81.740952,37.239364],[-81.740627,37.240507],[-81.741364,37.2419],[-81.743804,37.242365],[-81.74429,37.24418],[-81.743563,37.245952],[-81.743699,37.247616],[-81.743178,37.249657],[-81.741989,37.251218],[-81.740875,37.254224],[-81.741683,37.254867],[-81.743812,37.256023],[-81.744045,37.257853],[-81.745697,37.258185],[-81.745279,37.261037],[-81.746487,37.262209],[-81.746039,37.263398],[-81.747938,37.264256],[-81.749832,37.264081],[-81.750769,37.265002],[-81.752569,37.265757],[-81.752941,37.266716],[-81.755025,37.267715],[-81.755817,37.267451],[-81.757576,37.268552],[-81.757888,37.271584],[-81.757674,37.273697],[-81.756987,37.276073],[-81.758909,37.276098],[-81.759559,37.275257],[-81.761996,37.27582],[-81.766255,37.274462],[-81.767847,37.274211],[-81.768864,37.273306],[-81.76986,37.273528],[-81.769979,37.273693],[-81.772719,37.274314],[-81.772826,37.274217],[-81.773859,37.274416],[-81.77385,37.274506],[-81.773907,37.274724],[-81.774204,37.274827],[-81.774622,37.274711],[-81.777282,37.275764],[-81.777319,37.275873],[-81.777489,37.276285],[-81.77773,37.276584],[-81.778177,37.276814],[-81.779359,37.277416],[-81.779411,37.277541],[-81.77946,37.27766],[-81.779388,37.278168],[-81.779363,37.278308],[-81.779292,37.278972],[-81.779263,37.279345],[-81.779327,37.279754],[-81.779362,37.279982],[-81.779633,37.280297],[-81.779968,37.280459],[-81.780064,37.280506],[-81.780418,37.280678],[-81.780992,37.280768],[-81.781229,37.280775],[-81.782124,37.281942],[-81.782158,37.281982],[-81.782448,37.28232],[-81.783122,37.28258],[-81.783545,37.282581],[-81.783698,37.282538],[-81.783746,37.282524],[-81.783833,37.2825],[-81.785156,37.282634],[-81.785177,37.282681],[-81.785287,37.283004],[-81.785458,37.28323],[-81.786032,37.283256],[-81.786072,37.283249],[-81.786177,37.283231],[-81.786905,37.283697],[-81.786917,37.283951],[-81.787722,37.284098],[-81.788408,37.28435],[-81.789294,37.284416],[-81.790247,37.283964],[-81.790305,37.283696],[-81.790324,37.283606],[-81.790334,37.283483],[-81.790669,37.283113],[-81.791002,37.282904],[-81.791345,37.282792],[-81.791458,37.282674],[-81.791862,37.281665],[-81.793122,37.281168],[-81.793716,37.282065],[-81.793115,37.283538],[-81.793985,37.284799],[-81.794826,37.284617],[-81.795539,37.284995],[-81.796194,37.285126],[-81.798118,37.285251],[-81.798654,37.284873],[-81.799504,37.285004],[-81.799531,37.285102],[-81.799629,37.285327],[-81.799961,37.285489],[-81.800343,37.285635],[-81.800676,37.285676],[-81.80116,37.285467],[-81.801197,37.28537],[-81.801203,37.285355],[-81.802205,37.285386],[-81.80249,37.285672],[-81.803275,37.285916],[-81.804725,37.285926],[-81.805381,37.285621],[-81.805417,37.285464],[-81.807232,37.283175],[-81.811037,37.282853],[-81.812902,37.281972],[-81.81297,37.281236],[-81.814308,37.280975],[-81.814775,37.280748],[-81.815651,37.280726],[-81.815934,37.28058],[-81.816279,37.280009],[-81.817408,37.279802],[-81.818435,37.280006],[-81.81901,37.279563],[-81.819625,37.279411],[-81.820615,37.279403],[-81.821917,37.279733],[-81.821948,37.279748],[-81.822012,37.279779],[-81.822263,37.27986],[-81.822757,37.279894],[-81.823169,37.279792],[-81.823222,37.279779],[-81.823256,37.279758],[-81.824965,37.279549],[-81.825851,37.279311],[-81.826342,37.280715],[-81.827772,37.280783],[-81.828506,37.28147],[-81.830516,37.281047],[-81.83184,37.281502],[-81.833936,37.281522],[-81.83462,37.282071],[-81.833807,37.283639],[-81.833785,37.283702],[-81.833558,37.285012],[-81.836779,37.285764],[-81.838762,37.286343],[-81.840365,37.286088],[-81.842079,37.285221],[-81.843289,37.285558],[-81.846524,37.285155],[-81.846807,37.284649],[-81.848538,37.285394],[-81.849949,37.285227],[-81.849844,37.287186],[-81.850146,37.28755],[-81.853553,37.287706],[-81.854308,37.291919],[-81.853685,37.294147],[-81.852315,37.296687],[-81.85245,37.297356],[-81.852473,37.297439],[-81.852477,37.297564],[-81.852483,37.297705],[-81.852502,37.297802],[-81.852703,37.298004],[-81.852844,37.298109],[-81.853145,37.298197],[-81.853326,37.29827],[-81.853529,37.298272],[-81.853694,37.298161],[-81.85378,37.298062],[-81.853802,37.298038],[-81.854841,37.298031],[-81.855047,37.299458],[-81.854088,37.300398],[-81.853746,37.300767],[-81.853753,37.301229],[-81.853808,37.301521],[-81.853976,37.30192],[-81.853987,37.302293],[-81.853974,37.302537],[-81.854122,37.302691],[-81.854287,37.302883],[-81.854299,37.30492],[-81.85446,37.30657],[-81.855011,37.306749],[-81.855524,37.306769],[-81.855598,37.306772],[-81.856032,37.306742],[-81.856404,37.306584],[-81.856485,37.306546],[-81.859624,37.304765],[-81.860248,37.305395],[-81.862031,37.305648],[-81.865299,37.308711],[-81.865683,37.309484],[-81.863712,37.31223],[-81.859817,37.314142],[-81.860267,37.315715],[-81.860942,37.316161],[-81.862102,37.316307],[-81.862644,37.317364],[-81.864947,37.318869],[-81.864978,37.31889],[-81.865201,37.319038],[-81.865503,37.319336],[-81.865583,37.319514],[-81.865603,37.319691],[-81.865714,37.319788],[-81.866016,37.31978],[-81.86623,37.319804],[-81.866288,37.319748],[-81.866481,37.319756],[-81.867035,37.320228],[-81.867425,37.320838],[-81.869724,37.320495],[-81.870304,37.320794],[-81.871263,37.322296],[-81.872251,37.322201],[-81.872966,37.322968],[-81.872444,37.324197],[-81.872457,37.324241],[-81.872486,37.32434],[-81.87251,37.324424],[-81.872539,37.324523],[-81.873012,37.325001],[-81.873213,37.325066],[-81.873356,37.325112],[-81.874115,37.326645],[-81.873992,37.327578],[-81.874864,37.328151],[-81.875695,37.327604],[-81.87705,37.327855],[-81.878345,37.32883],[-81.878108,37.330239],[-81.877985,37.330473],[-81.877925,37.330588],[-81.87774,37.330809],[-81.877646,37.330904],[-81.877523,37.331029],[-81.877376,37.331209],[-81.877321,37.331419],[-81.877467,37.331618],[-81.877671,37.331735],[-81.877845,37.331789],[-81.878138,37.331691],[-81.878224,37.331662],[-81.879302,37.332454],[-81.880176,37.331219],[-81.881886,37.330255],[-81.883592,37.330058],[-81.884832,37.330534],[-81.886215,37.330334],[-81.888771,37.331653],[-81.891207,37.331592],[-81.893581,37.329845],[-81.895092,37.331469],[-81.895004,37.331526],[-81.894945,37.33158],[-81.89479,37.331774],[-81.894777,37.331803],[-81.89477,37.331855],[-81.894777,37.331896],[-81.894802,37.331943],[-81.894827,37.331968],[-81.894835,37.331978],[-81.894887,37.332009],[-81.894957,37.332034],[-81.895017,37.332044],[-81.895094,37.332045],[-81.895169,37.332031],[-81.895386,37.33195],[-81.897338,37.332469],[-81.897936,37.33367],[-81.896628,37.334457],[-81.897058,37.336758],[-81.898463,37.339283],[-81.899555,37.339504],[-81.899659,37.340896],[-81.899422,37.341413],[-81.899947,37.341903],[-81.900495,37.342072],[-81.90181,37.341979],[-81.90223,37.341873],[-81.903895,37.343226],[-81.905009,37.34271],[-81.907161,37.342636],[-81.908417,37.343842],[-81.908207,37.345381],[-81.909648,37.345455],[-81.909604,37.347816],[-81.91022,37.348955],[-81.911001,37.348718],[-81.912057,37.349345],[-81.915043,37.349574],[-81.91765,37.349153],[-81.91754,37.350998],[-81.918195,37.351438],[-81.918874,37.353158],[-81.920279,37.353402],[-81.920737,37.355401],[-81.921057,37.355838],[-81.921762,37.357073],[-81.923477,37.357937],[-81.923496,37.357955],[-81.923632,37.35817],[-81.923816,37.358272],[-81.924086,37.358204],[-81.92436,37.357918],[-81.924505,37.357535],[-81.924526,37.357411],[-81.925646,37.357313],[-81.926591,37.358707],[-81.927095,37.35975],[-81.928463,37.360871],[-81.927583,37.36276],[-81.927318,37.364125],[-81.92622,37.365189],[-81.926183,37.365211],[-81.926079,37.365271],[-81.926002,37.365377],[-81.92602,37.365434],[-81.926045,37.365513],[-81.926189,37.365632],[-81.926676,37.365761],[-81.927022,37.365809],[-81.927191,37.365807],[-81.927316,37.365799],[-81.927399,37.365793],[-81.93043,37.366784],[-81.931952,37.368551],[-81.933382,37.369341],[-81.93294,37.372085],[-81.934027,37.372865],[-81.933411,37.373953],[-81.931765,37.374551],[-81.93106,37.375466],[-81.931756,37.376997],[-81.933143,37.377839],[-81.934626,37.377841],[-81.935872,37.378554],[-81.936534,37.380161],[-81.93587,37.382856],[-81.932606,37.385178],[-81.931505,37.386594],[-81.933058,37.387976],[-81.933883,37.390652],[-81.932721,37.392036],[-81.929902,37.39288],[-81.928778,37.393845],[-81.929388,37.394625],[-81.928971,37.395659],[-81.93005,37.397124],[-81.92775,37.398795],[-81.930786,37.401656],[-81.930093,37.40379],[-81.930042,37.405291],[-81.928914,37.405554],[-81.927338,37.406844],[-81.924282,37.407316],[-81.924552,37.409986],[-81.923394,37.410459],[-81.922956,37.411389],[-81.925229,37.411807],[-81.92749,37.413251],[-81.928154,37.4145],[-81.929547,37.414462],[-81.932468,37.415217],[-81.934289,37.417405],[-81.934973,37.420017],[-81.93788,37.420086],[-81.937806,37.421184],[-81.938912,37.422002],[-81.93829,37.424047],[-81.939042,37.424948],[-81.940302,37.428421],[-81.940553,37.429058],[-81.938827,37.430574],[-81.937838,37.432111],[-81.935647,37.431999],[-81.937174,37.433995],[-81.936748,37.43611],[-81.935467,37.436317],[-81.935621,37.438397],[-81.93854,37.440344],[-81.941638,37.44041],[-81.942117,37.439472],[-81.942856,37.439929],[-81.945765,37.440214],[-81.945895,37.441705],[-81.947801,37.443067],[-81.947979,37.444099],[-81.949124,37.445575],[-81.954248,37.446477],[-81.956866,37.448263],[-81.957579,37.449123],[-81.958672,37.448045],[-81.960593,37.448215],[-81.96182,37.447596],[-81.964567,37.447592],[-81.965582,37.446918],[-81.967973,37.446593],[-81.970383,37.447688],[-81.97047,37.448567],[-81.968795,37.451496],[-81.972665,37.4534],[-81.973554,37.454873],[-81.973402,37.45619],[-81.974825,37.456095],[-81.976176,37.457186],[-81.980013,37.45721],[-81.98161,37.455968],[-81.985527,37.454328],[-81.987534,37.455336],[-81.987813,37.457461],[-81.987629,37.458661],[-81.989522,37.46067],[-81.99227,37.460916],[-81.99357,37.46463],[-81.992972,37.46845],[-81.994107,37.469191],[-81.995649,37.469833],[-81.996018,37.472043],[-81.995253,37.472305],[-81.995955,37.47444],[-81.996233,37.477059],[-81.995597,37.47788],[-81.992974,37.479797],[-81.992524,37.481825],[-81.992916,37.482969],[-81.991706,37.483329],[-81.989849,37.484879],[-81.987134,37.485174],[-81.985703,37.485681],[-81.983859,37.484971],[-81.980327,37.485447],[-81.979169,37.484604],[-81.977593,37.484603],[-81.976468,37.485465],[-81.975752,37.487689],[-81.970659,37.488468],[-81.97073,37.489904],[-81.967129,37.490743],[-81.966696,37.492351],[-81.964986,37.493488],[-81.963925,37.493493],[-81.957213,37.491504],[-81.953838,37.491502],[-81.952681,37.492274],[-81.952735,37.494162],[-81.954167,37.495302],[-81.954077,37.499822],[-81.953147,37.501314],[-81.951831,37.50205],[-81.949188,37.502376],[-81.945957,37.501901],[-81.943912,37.502929],[-81.943893,37.505676],[-81.944188,37.506976],[-81.943045,37.508609],[-81.941151,37.509483],[-81.940189,37.509209],[-81.938143,37.510107],[-81.935054,37.510505],[-81.931914,37.512204],[-81.927681,37.512113],[-81.926243,37.513574],[-81.927194,37.515332],[-81.930953,37.516739],[-81.933202,37.51937],[-81.934726,37.519261],[-81.936009,37.516882],[-81.936099,37.51542],[-81.937761,37.51358],[-81.939989,37.512591],[-81.942617,37.512623],[-81.944817,37.513739],[-81.945445,37.516222],[-81.945204,37.517134],[-81.943507,37.519788],[-81.94417,37.521942],[-81.946722,37.523793],[-81.947481,37.524958],[-81.947578,37.526798],[-81.945764,37.529199],[-81.943812,37.530397],[-81.944253,37.531441],[-81.946185,37.531974],[-81.948655,37.530974],[-81.952911,37.528314],[-81.955595,37.528308],[-81.957389,37.529605],[-81.957589,37.530934],[-81.957259,37.533462],[-81.956645,37.534418],[-81.957528,37.535505],[-81.96035,37.535269],[-81.964675,37.53352],[-81.966945,37.532916],[-81.968201,37.533454],[-81.969002,37.534629],[-81.968954,37.535673],[-81.968012,37.538035],[-81.979915,37.529658],[-82.002744,37.513739],[-82.018228,37.502882],[-82.023746,37.499036],[-82.043162,37.485748],[-82.050717,37.480578],[-82.062159,37.471544],[-82.062892,37.471027],[-82.062975,37.470969],[-82.063195,37.470816],[-82.079647,37.459285],[-82.087329,37.453902],[-82.096001,37.447781],[-82.110119,37.437805],[-82.111669,37.436721],[-82.117094,37.432932],[-82.123969,37.428049],[-82.136744,37.419175],[-82.142983,37.414842],[-82.16002,37.403288],[-82.173413,37.394071],[-82.184905,37.386261],[-82.189039,37.383444],[-82.21221,37.367534],[-82.21509,37.365496],[-82.217191,37.364008],[-82.21729,37.363937],[-82.217445,37.36383],[-82.21782,37.363565],[-82.218709,37.362932],[-82.231711,37.353722],[-82.241911,37.346571],[-82.242118,37.346428],[-82.246193,37.343565],[-82.24706,37.34296],[-82.268331,37.328],[-82.286445,37.315423],[-82.286792,37.315181],[-82.290547,37.312551],[-82.296825,37.308161],[-82.308452,37.300063],[-82.314195,37.296075],[-82.31436,37.295976],[-82.314628,37.295794],[-82.314853,37.295641],[-82.315623,37.295116],[-82.317266,37.293521],[-82.31756,37.291003],[-82.318854,37.289244],[-82.319126,37.28773],[-82.320185,37.286505],[-82.322546,37.285309],[-82.324725,37.283042],[-82.327744,37.282898],[-82.331732,37.282083],[-82.332283,37.281488],[-82.334459,37.281195],[-82.336632,37.281214],[-82.336473,37.279979],[-82.33791,37.279671],[-82.339423,37.280169],[-82.340235,37.281129],[-82.343825,37.28075],[-82.34383,37.279308],[-82.342924,37.277971],[-82.342965,37.27673],[-82.342066,37.274355],[-82.342467,37.273654],[-82.346084,37.272689],[-82.347611,37.272597],[-82.34907,37.271914],[-82.349425,37.26987],[-82.348726,37.268232],[-82.352218,37.266565],[-82.354632,37.265924],[-82.355689,37.265296],[-82.362571,37.264665],[-82.364781,37.264269],[-82.366755,37.263041],[-82.368961,37.262452],[-82.370241,37.262487],[-82.371386,37.26186],[-82.376771,37.259923],[-82.383473,37.260149],[-82.386079,37.259444],[-82.386837,37.258991],[-82.388727,37.259042],[-82.38996,37.258203],[-82.392716,37.257916],[-82.396581,37.256768],[-82.398521,37.255521],[-82.400616,37.255615],[-82.405358,37.254491],[-82.408511,37.253313],[-82.411919,37.253449],[-82.414936,37.252108],[-82.417184,37.251822],[-82.418819,37.250828],[-82.423804,37.248973],[-82.426661,37.248626],[-82.43011,37.246954],[-82.432908,37.246483],[-82.436105,37.246651],[-82.437033,37.24725],[-82.439515,37.247161],[-82.440209,37.246353],[-82.442584,37.245115],[-82.443329,37.243419],[-82.444995,37.243406],[-82.445856,37.244215],[-82.448205,37.244099],[-82.451946,37.242648],[-82.453036,37.24098],[-82.455098,37.240483],[-82.455629,37.239528],[-82.457244,37.238386],[-82.458925,37.238205],[-82.460255,37.238694],[-82.462985,37.238375],[-82.464668,37.235975],[-82.46531,37.235709],[-82.467806,37.236231],[-82.469022,37.235274],[-82.473049,37.235591],[-82.474922,37.234721],[-82.477116,37.234256],[-82.479975,37.233177],[-82.481232,37.232368],[-82.486471,37.231212],[-82.487391,37.23031],[-82.48669,37.229756],[-82.487416,37.227775],[-82.488361,37.227017],[-82.489717,37.226808],[-82.491711,37.225],[-82.495383,37.225556],[-82.496171,37.227436],[-82.498952,37.226924],[-82.499798,37.22632],[-82.50843,37.222625],[-82.508419,37.221913],[-82.508271,37.221077],[-82.509342,37.219549],[-82.510845,37.218332],[-82.513876,37.2169],[-82.51528,37.216568],[-82.517121,37.214567],[-82.520405,37.212864],[-82.520908,37.212173],[-82.522526,37.212539],[-82.523523,37.214444],[-82.524527,37.21492],[-82.526299,37.214596],[-82.530358,37.213262],[-82.531862,37.212433],[-82.532299,37.211157],[-82.532138,37.209682],[-82.530962,37.208473],[-82.533109,37.206594],[-82.537361,37.207107],[-82.538203,37.206485],[-82.53966,37.206971],[-82.541349,37.206618],[-82.54341,37.205374],[-82.544624,37.204026],[-82.546191,37.203077],[-82.547176,37.20365],[-82.54917,37.202813],[-82.550087,37.204602],[-82.550843,37.204481],[-82.553874,37.202833],[-82.558081,37.199793],[-82.558995,37.199713],[-82.56367,37.197069],[-82.565983,37.195489],[-82.56978,37.193565],[-82.57051,37.192788],[-82.572995,37.191746],[-82.574694,37.19054],[-82.57653,37.190007],[-82.579234,37.188453],[-82.58502,37.186183],[-82.586465,37.185798],[-82.587855,37.184766],[-82.589554,37.184355],[-82.59185,37.183256],[-82.593288,37.181951],[-82.593019,37.180464],[-82.595499,37.178338],[-82.597462,37.177045],[-82.599892,37.176547],[-82.602127,37.175419],[-82.603146,37.175475],[-82.604684,37.174201],[-82.606513,37.173989],[-82.606744,37.173258],[-82.608281,37.172939],[-82.611212,37.171007],[-82.612576,37.169727],[-82.614328,37.169542],[-82.616476,37.168685],[-82.619495,37.166749],[-82.620646,37.166438],[-82.623609,37.164438],[-82.62572,37.161992],[-82.627547,37.160567],[-82.630397,37.157348],[-82.632191,37.155948],[-82.6329,37.154916],[-82.63298,37.154801],[-82.633918,37.154179],[-82.637295,37.154045],[-82.640013,37.153645],[-82.642006,37.153006],[-82.644675,37.152181],[-82.645326,37.150792],[-82.647189,37.15016],[-82.648593,37.150332],[-82.649839,37.151865],[-82.651671,37.151783],[-82.65477,37.15031],[-82.655383,37.1474],[-82.656277,37.146627],[-82.655973,37.145674],[-82.656723,37.14472],[-82.657509,37.145053],[-82.660834,37.144085],[-82.663395,37.143792],[-82.664036,37.142446],[-82.665662,37.142614],[-82.668332,37.141405],[-82.67015,37.139438],[-82.672137,37.13804],[-82.67369,37.137998],[-82.673317,37.137],[-82.676828,37.134888],[-82.679156,37.135322],[-82.680607,37.137009],[-82.682892,37.136951],[-82.683938,37.135755],[-82.685034,37.135741],[-82.687993,37.13364],[-82.688722,37.133781],[-82.692635,37.132967],[-82.695003,37.132012],[-82.697055,37.130461],[-82.701927,37.1283],[-82.704344,37.128037],[-82.705325,37.126918],[-82.707901,37.125311],[-82.710067,37.125112],[-82.712776,37.123821],[-82.715149,37.121848],[-82.718211,37.122351],[-82.71888,37.121592],[-82.721413,37.12083],[-82.724117,37.117664],[-82.725985,37.115971],[-82.726688,37.114794],[-82.726502,37.112571],[-82.72601,37.111528],[-82.724319,37.109756],[-82.723675,37.108087],[-82.72239,37.10629],[-82.722094,37.10509],[-82.723403,37.103505],[-82.721679,37.101015],[-82.72189,37.09839],[-82.72249,37.096423],[-82.721927,37.095313],[-82.722376,37.09428],[-82.724914,37.092255],[-82.724819,37.091429],[-82.722728,37.089696],[-82.723525,37.088268],[-82.722844,37.084801],[-82.720899,37.083915],[-82.720841,37.082095],[-82.718471,37.080945],[-82.717181,37.079392],[-82.717053,37.078414],[-82.716655,37.077406],[-82.718078,37.075918],[-82.719714,37.076047],[-82.721765,37.075274],[-82.723596,37.075576],[-82.724725,37.074502],[-82.726486,37.073411],[-82.726683,37.072184],[-82.725668,37.069803],[-82.726083,37.066877],[-82.725624,37.065255],[-82.723717,37.062249],[-82.722888,37.062026],[-82.723075,37.059323],[-82.722232,37.058032],[-82.723156,37.055336],[-82.722783,37.049382],[-82.723071,37.047352],[-82.722433,37.044949],[-82.723629,37.044276],[-82.724206,37.042848],[-82.72502,37.042419],[-82.727331,37.042288],[-82.729849,37.042676],[-82.731383,37.043521],[-82.732891,37.043659],[-82.733506,37.044521],[-82.735946,37.043893],[-82.73787,37.043856],[-82.740909,37.042804],[-82.742759,37.042796],[-82.743724,37.040736],[-82.743895,37.036396],[-82.744651,37.034693],[-82.745771,37.03368],[-82.745288,37.031811],[-82.745928,37.029263],[-82.74767,37.026978],[-82.747813,37.024538],[-82.750121,37.023195],[-82.752352,37.026072],[-82.75461,37.026934],[-82.758976,37.027453],[-82.761179,37.02637],[-82.762404,37.024729],[-82.764819,37.024333],[-82.766409,37.023084],[-82.766945,37.021128],[-82.769255,37.019623],[-82.770201,37.017538],[-82.771099,37.017099],[-82.771853,37.015707],[-82.774352,37.015461],[-82.775955,37.015776],[-82.777324,37.015887],[-82.777434,37.015219],[-82.778402,37.013815],[-82.778344,37.012782],[-82.781467,37.009832],[-82.781479,37.009028],[-82.782863,37.007821],[-82.785102,37.008077],[-82.787063,37.008734],[-82.788498,37.008672],[-82.789587,37.007954],[-82.790893,37.006542],[-82.793665,37.005471],[-82.795377,37.006451],[-82.79692,37.009026],[-82.797625,37.009512],[-82.798936,37.008469],[-82.802633,37.007784],[-82.803945,37.007254],[-82.80663,37.007164],[-82.808104,37.006733],[-82.80941,37.007122],[-82.811012,37.006827],[-82.812461,37.005883],[-82.813804,37.005641],[-82.815592,37.006821],[-82.815865,37.007356],[-82.816112,37.007448],[-82.816286,37.007466],[-82.8165,37.00749],[-82.816862,37.007427],[-82.817087,37.007246],[-82.817097,37.007057],[-82.816999,37.006864],[-82.816965,37.006798],[-82.817698,37.005842],[-82.819191,37.006441],[-82.820641,37.005684],[-82.822253,37.004158],[-82.823528,37.004568],[-82.824319,37.005846],[-82.825984,37.006463],[-82.82872,37.005798],[-82.830086,37.003693],[-82.830569,37.000928],[-82.829305,36.999276],[-82.828989,36.997869],[-82.830126,36.995623],[-82.830066,36.994625],[-82.830842,36.993556],[-82.832696,36.992044],[-82.833894,36.992004],[-82.835528,36.99084],[-82.835763,36.989387],[-82.837683,36.987049],[-82.841004,36.987098],[-82.843124,36.985634],[-82.844952,36.983825],[-82.846706,36.984195],[-82.849081,36.983564],[-82.852672,36.985104],[-82.853759,36.985152],[-82.854777,36.983776],[-82.85636,36.982237],[-82.856981,36.978848],[-82.857721,36.978594],[-82.85883,36.9785],[-82.859187,36.978625],[-82.859508,36.978652],[-82.859812,36.978573],[-82.860025,36.978441],[-82.860682,36.978524],[-82.861253,36.97917],[-82.861922,36.980038],[-82.862308,36.980249],[-82.862586,36.980268],[-82.862861,36.98019],[-82.865472,36.978427],[-82.867082,36.978247],[-82.868551,36.97651],[-82.868735,36.974951],[-82.869607,36.973343],[-82.868629,36.971297],[-82.868967,36.969654],[-82.870982,36.968483],[-82.869927,36.964845],[-82.867709,36.964414],[-82.866824,36.961302],[-82.865621,36.960516],[-82.866144,36.958556],[-82.864956,36.957922],[-82.863688,36.958056],[-82.861357,36.957329],[-82.861083,36.956527],[-82.859125,36.955445],[-82.858165,36.953853],[-82.855877,36.95409],[-82.855912,36.953012],[-82.859882,36.949172],[-82.860707,36.94603],[-82.861668,36.944469],[-82.861584,36.942955],[-82.8623,36.941338],[-82.861687,36.939527],[-82.860554,36.938242],[-82.860113,36.933925],[-82.858186,36.932468],[-82.858241,36.930684],[-82.857644,36.92885],[-82.859016,36.927318],[-82.860056,36.925286],[-82.862798,36.923868],[-82.863753,36.921938],[-82.864883,36.921701],[-82.86545,36.920621],[-82.867329,36.918619],[-82.867198,36.917586],[-82.869384,36.916702],[-82.870978,36.914968],[-82.871819,36.913501],[-82.873157,36.913097],[-82.874263,36.911519],[-82.87599,36.910419],[-82.877379,36.908471],[-82.876955,36.907475],[-82.874483,36.906261],[-82.872703,36.903521],[-82.870301,36.901922],[-82.868628,36.901396],[-82.867978,36.900048],[-82.870624,36.897697],[-82.872771,36.8974],[-82.875743,36.896526],[-82.877412,36.89551],[-82.878467,36.894218],[-82.8784,36.892953],[-82.877861,36.891956],[-82.878355,36.889996],[-82.87908,36.889255],[-82.884461,36.888498],[-82.887985,36.886501],[-82.889343,36.884661],[-82.891184,36.883691],[-82.893972,36.883326],[-82.895151,36.882231],[-82.896822,36.881836],[-82.900526,36.881615],[-82.901802,36.88077],[-82.906085,36.879757],[-82.908007,36.878747],[-82.908054,36.877601],[-82.907392,36.875869],[-82.907823,36.874764],[-82.910276,36.874164],[-82.911751,36.87432],[-82.916195,36.873915],[-82.917611,36.873502],[-82.919884,36.873733],[-82.920801,36.873436],[-82.922747,36.873809],[-82.92487,36.872616],[-82.926279,36.87112],[-82.928307,36.870412],[-82.929895,36.870712],[-82.931894,36.870299],[-82.933486,36.870468],[-82.936622,36.869125],[-82.937678,36.867319],[-82.941327,36.867211],[-82.942686,36.866261],[-82.944539,36.866589],[-82.9464,36.865925],[-82.949154,36.866393],[-82.951754,36.866108],[-82.953602,36.864279],[-82.955741,36.863456],[-82.961435,36.86248],[-82.962756,36.861463],[-82.963968,36.861164],[-82.966652,36.85941],[-82.96802,36.859209],[-82.969243,36.858019],[-82.970792,36.857641],[-82.971977,36.857816],[-82.9733,36.859075],[-82.97568,36.859566],[-82.979502,36.859698],[-82.983788,36.858521],[-82.985454,36.858865],[-82.986678,36.858607],[-82.988996,36.859156],[-82.991838,36.857801],[-82.993246,36.857915],[-82.998587,36.856567],[-83.003345,36.852347],[-83.004255,36.850515],[-83.005108,36.849872],[-83.006577,36.847643],[-83.009242,36.847408],[-83.011096,36.847808],[-83.012437,36.84693],[-83.013543,36.847323],[-83.01576,36.848861],[-83.019933,36.850035],[-83.021913,36.84988],[-83.023734,36.851145],[-83.024628,36.851677],[-83.025852,36.853767],[-83.02631,36.855422],[-83.030201,36.85537],[-83.03281,36.85445],[-83.035704,36.854117],[-83.03689,36.854812],[-83.041028,36.855013],[-83.042817,36.854276],[-83.04529,36.852441],[-83.0478,36.85168],[-83.049666,36.852026],[-83.054235,36.852266],[-83.054573,36.852523],[-83.060749,36.853948],[-83.063356,36.85172],[-83.066854,36.851949],[-83.068492,36.853041],[-83.070778,36.853538],[-83.072836,36.854457],[-83.075849,36.850694],[-83.075123,36.849488],[-83.074979,36.848046],[-83.074067,36.845793],[-83.074291,36.843141],[-83.075253,36.840699],[-83.078113,36.840845],[-83.080967,36.840113],[-83.081993,36.839431],[-83.087459,36.838224],[-83.08828,36.837686],[-83.089481,36.83577],[-83.0909,36.834594],[-83.093105,36.833727],[-83.096286,36.832976],[-83.098684,36.832005],[-83.099904,36.831147],[-83.101936,36.828238],[-83.10208,36.827245],[-83.100446,36.825372],[-83.098607,36.823985],[-83.099224,36.822332],[-83.099261,36.819695],[-83.098954,36.816246],[-83.099142,36.815522],[-83.09848,36.813517],[-83.099752,36.812337],[-83.102564,36.81127],[-83.103339,36.809644],[-83.103311,36.807297],[-83.104331,36.803997],[-83.106056,36.802454],[-83.108157,36.801863],[-83.110649,36.800487],[-83.112366,36.79844],[-83.114578,36.796339],[-83.115162,36.794849],[-83.116471,36.793556],[-83.11893,36.789688],[-83.120708,36.788987],[-83.121436,36.787917],[-83.122221,36.787935],[-83.1237,36.786503],[-83.126057,36.786551],[-83.129127,36.785496],[-83.129834,36.785845],[-83.131782,36.785391],[-83.133231,36.784585],[-83.133043,36.782576],[-83.132253,36.781611],[-83.131267,36.779009],[-83.129595,36.776937],[-83.128987,36.775784],[-83.130119,36.773866],[-83.131454,36.773792],[-83.132965,36.771546],[-83.131752,36.771547],[-83.129828,36.770665],[-83.129542,36.76982],[-83.130337,36.768501],[-83.131088,36.768379],[-83.131142,36.766279],[-83.132362,36.765709],[-83.132324,36.76425],[-83.131204,36.76411],[-83.12906,36.762727],[-83.125573,36.761623],[-83.126973,36.76074],[-83.127397,36.759754],[-83.128569,36.759718],[-83.128895,36.757839],[-83.128359,36.756497],[-83.129018,36.752888],[-83.12781,36.751058],[-83.128397,36.750343],[-83.129971,36.750232],[-83.13013,36.749539],[-83.132161,36.75004],[-83.134315,36.74945],[-83.13381,36.746618],[-83.133023,36.746309],[-83.133959,36.744103],[-83.13512,36.742629],[-83.137116,36.743054],[-83.140366,36.742597],[-83.142422,36.741801],[-83.145208,36.741689],[-83.148518,36.742157],[-83.151473,36.742153],[-83.152224,36.742686],[-83.153773,36.741545],[-83.156499,36.741622],[-83.15981,36.740641],[-83.161245,36.73968],[-83.163124,36.739298],[-83.167128,36.73933],[-83.166603,36.739854],[-83.168024,36.740641],[-83.169923,36.740053],[-83.172437,36.740105],[-83.174935,36.739178],[-83.176314,36.739693],[-83.178035,36.739211],[-83.179716,36.739488],[-83.182371,36.739316],[-83.183649,36.73967],[-83.185045,36.739359],[-83.190459,36.739481],[-83.191347,36.739192],[-83.194252,36.739519],[-83.195831,36.738687],[-83.196963,36.738545],[-83.199748,36.737389],[-83.203013,36.736943],[-83.208439,36.734907],[-83.214796,36.73327],[-83.216242,36.733401],[-83.219572,36.731563],[-83.223719,36.730258],[-83.225875,36.730288],[-83.228479,36.729321],[-83.228879,36.728945],[-83.232249,36.728499],[-83.233204,36.727868],[-83.236179,36.726964],[-83.240064,36.726628],[-83.241517,36.725836],[-83.24548,36.72594],[-83.24792,36.725067],[-83.248936,36.724234],[-83.250984,36.72372],[-83.253957,36.723586],[-83.255969,36.722057],[-83.25927,36.722215],[-83.263623,36.720931],[-83.264364,36.721033],[-83.267803,36.71942],[-83.270037,36.718713],[-83.273652,36.71811],[-83.276167,36.717398],[-83.277633,36.716597],[-83.280339,36.715936],[-83.284579,36.715682],[-83.287038,36.714281],[-83.288296,36.71371],[-83.291357,36.712999],[-83.293916,36.712898],[-83.295901,36.713546],[-83.299529,36.712215],[-83.302352,36.711764],[-83.303653,36.71112],[-83.307191,36.711138],[-83.309711,36.710639],[-83.314624,36.708287],[-83.31786,36.707838],[-83.321011,36.706611],[-83.323129,36.706383],[-83.329504,36.704274],[-83.332268,36.703774],[-83.334967,36.702732],[-83.340035,36.701834],[-83.342012,36.701028],[-83.347635,36.700199],[-83.350388,36.697603],[-83.353382,36.696624],[-83.358281,36.693686],[-83.360369,36.693347],[-83.361678,36.694342],[-83.364973,36.694096],[-83.371092,36.690686],[-83.374047,36.690087],[-83.375266,36.690728],[-83.378819,36.689201],[-83.379107,36.688543],[-83.38069,36.688534],[-83.381238,36.687326],[-83.383244,36.68738],[-83.383816,36.686591],[-83.386809,36.686614],[-83.389958,36.68503],[-83.389353,36.683653],[-83.39265,36.682104],[-83.393387,36.68084],[-83.39587,36.679426],[-83.395214,36.678051],[-83.395555,36.677404],[-83.400701,36.675284],[-83.402689,36.67475],[-83.40429,36.673832],[-83.40763,36.672995],[-83.4088,36.672261],[-83.412278,36.67087],[-83.414829,36.670208],[-83.417378,36.669525],[-83.418682,36.668729],[-83.422228,36.668061],[-83.424713,36.66734],[-83.431969,36.666657],[-83.436354,36.666221],[-83.443545,36.667179],[-83.447834,36.665316],[-83.450544,36.665397],[-83.45369,36.664793],[-83.455362,36.664872],[-83.458344,36.665591],[-83.461498,36.664764],[-83.463108,36.664951],[-83.466611,36.664709],[-83.467989,36.66502],[-83.470473,36.664923],[-83.473262,36.665566],[-83.477793,36.665968],[-83.479609,36.66661],[-83.481328,36.665974],[-83.484809,36.667054],[-83.486463,36.667161],[-83.491157,36.668532],[-83.492805,36.670187],[-83.496739,36.670064],[-83.499219,36.670439],[-83.50083,36.669432],[-83.504243,36.669442],[-83.50575,36.668946],[-83.509259,36.668774],[-83.510758,36.669046],[-83.512108,36.669628],[-83.51306,36.669383],[-83.51401,36.668229],[-83.515584,36.667775],[-83.516854,36.668418],[-83.519022,36.667968],[-83.523664,36.666227],[-83.529437,36.665585],[-83.530146,36.666049],[-83.532404,36.664689],[-83.531833,36.663661],[-83.532057,36.662248],[-83.532832,36.661625],[-83.536392,36.66037],[-83.537376,36.65879],[-83.539695,36.65831],[-83.540719,36.657324],[-83.543857,36.655455],[-83.548117,36.653815],[-83.550573,36.653668],[-83.55218,36.654039],[-83.555045,36.65289],[-83.555964,36.652997],[-83.557774,36.652252],[-83.560094,36.651988],[-83.562426,36.651249],[-83.562633,36.649735],[-83.566051,36.647166],[-83.567853,36.646051],[-83.571645,36.644473],[-83.574334,36.644434],[-83.576657,36.642532],[-83.577607,36.64139],[-83.578467,36.64184],[-83.582544,36.641534],[-83.583124,36.641104],[-83.584574,36.641655],[-83.585956,36.643756],[-83.587419,36.64344],[-83.587296,36.642301],[-83.589856,36.641378],[-83.590938,36.641385],[-83.592913,36.64054],[-83.594297,36.640746],[-83.597868,36.638868],[-83.600432,36.637849],[-83.603068,36.637147],[-83.604102,36.637986],[-83.605901,36.637901],[-83.610076,36.636435],[-83.611068,36.635152],[-83.613896,36.63485],[-83.614992,36.633745],[-83.615148,36.632562],[-83.616863,36.631366],[-83.618261,36.628587],[-83.619274,36.627864],[-83.624017,36.625509],[-83.627299,36.624919],[-83.631876,36.623497],[-83.634932,36.622887],[-83.637004,36.624014],[-83.640727,36.624763],[-83.642758,36.623862],[-83.644051,36.624613],[-83.645551,36.623977],[-83.646463,36.622861],[-83.648086,36.622839],[-83.648536,36.619308],[-83.649313,36.616774],[-83.650966,36.616951],[-83.654196,36.61343],[-83.655126,36.612995],[-83.656993,36.613083],[-83.659435,36.610372],[-83.662041,36.608742],[-83.663548,36.606928],[-83.666144,36.605757],[-83.668804,36.605924],[-83.669778,36.605144],[-83.67296,36.604762],[-83.673899,36.603847],[-83.674719,36.603239],[-83.675395,36.600784],[-83.670141,36.600797],[-83.661989,36.600417],[-83.658539,36.600369],[-83.655641,36.600287],[-83.655402,36.600281],[-83.649722,36.600119],[-83.645586,36.600002],[-83.634096,36.599093],[-83.627199,36.598512],[-83.622051,36.597982],[-83.616534,36.597943],[-83.608747,36.597892],[-83.597637,36.597782],[-83.583326,36.597633],[-83.583143,36.597631],[-83.574311,36.597552],[-83.568871,36.597497],[-83.556922,36.597385],[-83.544642,36.597353],[-83.522593,36.597295],[-83.499909,36.597234],[-83.488813,36.597253],[-83.455508,36.597313],[-83.426611,36.597364],[-83.405614,36.597385],[-83.389938,36.597385],[-83.383873,36.597386],[-83.37032,36.597428],[-83.346816,36.597641],[-83.346786,36.597641],[-83.324965,36.59783],[-83.311186,36.597931],[-83.308535,36.597951],[-83.308288,36.597953],[-83.307953,36.597955],[-83.305657,36.597972],[-83.284904,36.598123],[-83.2763,36.598187],[-83.261099,36.593887],[-83.252629,36.593925],[-83.2502,36.593931],[-83.248933,36.593827],[-83.237295,36.59393],[-83.225444,36.593918],[-83.22299,36.59392],[-83.21481,36.593915],[-83.214446,36.593914],[-83.211582,36.593912],[-83.211133,36.593911],[-83.192562,36.593899],[-83.175839,36.59389],[-83.174533,36.593895],[-83.144667,36.594012],[-83.13949,36.594032],[-83.124893,36.594089],[-83.101524,36.594039],[-83.076275,36.593986],[-83.075828,36.593988],[-83.070916,36.59398],[-83.066846,36.593971],[-83.060181,36.593958],[-83.013169,36.593868],[-83.005301,36.593852],[-82.992282,36.593715],[-82.985124,36.593729],[-82.98499,36.593729],[-82.984726,36.593731],[-82.961741,36.593778],[-82.954494,36.593767],[-82.92977,36.59367],[-82.91369,36.59363],[-82.909617,36.59361],[-82.890439,36.593478],[-82.890113,36.593475],[-82.889199,36.593469],[-82.888924,36.593468],[-82.876121,36.593496],[-82.852315,36.593698],[-82.834653,36.593783],[-82.8283,36.59375],[-82.811862,36.593704],[-82.810051,36.593714],[-82.796805,36.593746],[-82.784857,36.593751],[-82.7796,36.593743],[-82.772585,36.593742],[-82.764519,36.593748],[-82.739682,36.593598],[-82.732545,36.593612],[-82.726968,36.593627],[-82.720928,36.593642],[-82.713487,36.593661],[-82.707918,36.593678],[-82.699545,36.593697],[-82.691803,36.593735],[-82.67988,36.593699],[-82.663491,36.593644],[-82.659945,36.593773],[-82.656247,36.593798],[-82.654051,36.593799],[-82.650857,36.593799],[-82.646478,36.593799],[-82.6327,36.593799],[-82.630501,36.593798],[-82.622603,36.593797],[-82.614711,36.59401],[-82.609599,36.594023],[-82.609476,36.59401],[-82.609254,36.59406],[-82.60906,36.594099],[-82.596876,36.594199],[-82.572244,36.594597],[-82.572134,36.594599],[-82.566621,36.594709],[-82.559678,36.594853],[-82.554001,36.594779],[-82.545583,36.594999],[-82.539632,36.595097],[-82.536154,36.595145],[-82.517271,36.595391],[-82.505241,36.595416],[-82.49581,36.595577],[-82.493818,36.595585],[-82.491658,36.595631],[-82.486994,36.595822],[-82.478673,36.595588],[-82.471864,36.594841],[-82.46564,36.594482],[-82.450763,36.594764],[-82.44187,36.594892],[-82.427954,36.595007],[-82.406018,36.595012],[-82.40038,36.595003],[-82.386909,36.595016],[-82.368468,36.595015],[-82.35625,36.595171],[-82.349707,36.595241],[-82.326477,36.595475],[-82.303915,36.595659],[-82.294134,36.595697],[-82.293814,36.595699],[-82.286003,36.595687],[-82.272647,36.595648],[-82.269467,36.595635],[-82.262139,36.595645],[-82.253669,36.595575],[-82.24409,36.595646],[-82.243382,36.595651],[-82.242904,36.595653],[-82.242063,36.595659],[-82.234437,36.595673],[-82.229767,36.595681],[-82.229342,36.595682],[-82.226865,36.595802],[-82.218359,36.595828],[-82.217537,36.595828],[-82.214553,36.595843],[-82.214276,36.595846],[-82.211297,36.595805],[-82.210836,36.595825],[-82.210716,36.595776],[-82.210431,36.595762],[-82.2094,36.595717],[-82.207481,36.595652],[-82.205341,36.5956],[-82.203599,36.595555],[-82.202875,36.595536],[-82.201814,36.595508],[-82.200745,36.59548],[-82.199124,36.595431],[-82.197118,36.595378],[-82.194277,36.5953],[-82.19274,36.595257],[-82.19258,36.595253],[-82.189886,36.595177],[-82.18974,36.595173],[-82.189323,36.595161],[-82.188819,36.595147],[-82.188674,36.595143],[-82.186424,36.595089],[-82.185609,36.595079],[-82.183348,36.595005],[-82.181875,36.594968],[-82.180957,36.594932],[-82.18082,36.594927],[-82.180083,36.594905],[-82.17915,36.594879],[-82.178392,36.594857],[-82.177404,36.594828],[-82.176097,36.594789],[-82.174281,36.594726],[-82.169912,36.594596],[-82.167949,36.594588],[-82.167354,36.594586],[-82.167133,36.594585],[-82.162116,36.594608],[-82.161314,36.594618],[-82.157427,36.594681],[-82.153634,36.594742],[-82.147375,36.594721],[-82.145573,36.594725],[-82.138616,36.594747],[-82.130707,36.594782],[-82.125665,36.594682],[-82.12458,36.594513],[-82.113398,36.594605],[-82.11238,36.594621],[-82.110791,36.594647],[-82.107743,36.594711],[-82.102171,36.594762],[-82.087375,36.594685],[-82.083407,36.594678],[-82.06454,36.594589],[-82.053649,36.594435],[-82.046794,36.594403],[-82.040257,36.594413],[-82.029095,36.594443],[-82.019365,36.594456],[-82.016321,36.59418],[-82.015642,36.594461],[-82.014228,36.594491],[-82.005657,36.594416],[-81.999018,36.594459],[-81.96996,36.594343],[-81.969718,36.594342],[-81.969113,36.59434],[-81.968287,36.594338],[-81.962465,36.594321],[-81.952644,36.594283],[-81.946269,36.594259],[-81.943495,36.594247],[-81.934144,36.594213],[-81.932293,36.597766],[-81.932153,36.598033],[-81.93072,36.60079],[-81.929496,36.603108],[-81.926371,36.609084],[-81.925754,36.610265],[-81.924031,36.61356],[-81.922644,36.616213],[-81.919729,36.616162],[-81.913205,36.616047],[-81.91004,36.615971],[-81.891389,36.615609],[-81.876893,36.615305],[-81.869386,36.615182],[-81.865684,36.615127],[-81.864969,36.615116],[-81.861358,36.615061],[-81.856742,36.614992],[-81.852917,36.614936],[-81.848894,36.614876],[-81.839158,36.614622],[-81.826642,36.614415],[-81.826742,36.614215],[-81.803951,36.613669],[-81.794356,36.613452],[-81.78905,36.613332],[-81.771415,36.612942],[-81.760994,36.61278],[-81.754568,36.612687],[-81.736895,36.612379],[-81.727741,36.612352],[-81.715644,36.612317],[-81.703916,36.612254],[-81.692986,36.612091],[-81.687172,36.612162],[-81.682289,36.612134],[-81.681725,36.61213],[-81.657858,36.611986],[-81.653628,36.611959],[-81.6469,36.611918],[-81.672442,36.592018],[-81.67749,36.588137],[-81.6693,36.588002],[-81.650527,36.587753],[-81.645294,36.587667],[-81.617905,36.587283],[-81.61746,36.587274],[-81.608188,36.587095],[-81.600455,36.586948],[-81.596748,36.586651],[-81.563495,36.583988],[-81.540012,36.58209],[-81.536476,36.581805],[-81.536264,36.581788],[-81.536036,36.58177],[-81.535697,36.581743],[-81.535358,36.581715],[-81.53422,36.581624],[-81.532837,36.581512],[-81.522795,36.580701],[-81.520758,36.580547],[-81.520347,36.580521],[-81.520018,36.580509],[-81.519676,36.580496],[-81.519334,36.580483],[-81.518955,36.580469],[-81.518521,36.580452],[-81.518174,36.580437],[-81.507422,36.580037],[-81.496676,36.579386],[-81.489516,36.579062],[-81.473433,36.578524],[-81.469543,36.578394],[-81.463028,36.578173],[-81.462339,36.578148],[-81.458411,36.578004],[-81.443849,36.576923],[-81.443047,36.576832],[-81.40282,36.57559],[-81.398167,36.575414],[-81.394785,36.575284],[-81.388554,36.575017],[-81.363281,36.574497],[-81.361494,36.574504],[-81.348367,36.574729],[-81.333642,36.57484],[-81.324358,36.574918],[-81.323581,36.574917],[-81.323313,36.574918],[-81.307963,36.574958],[-81.307437,36.574961],[-81.295812,36.574617],[-81.271646,36.574099],[-81.270658,36.574083],[-81.262375,36.573922],[-81.249012,36.573209],[-81.241889,36.57295],[-81.235401,36.572726],[-81.226724,36.572647],[-81.212322,36.572434],[-81.206838,36.572348],[-81.204372,36.572309],[-81.20397,36.572302],[-81.20367,36.572296],[-81.202563,36.572282],[-81.202071,36.572274],[-81.201947,36.572273],[-81.201381,36.572266],[-81.184072,36.572006],[-81.179905,36.571934],[-81.176933,36.571885],[-81.171045,36.570947],[-81.168993,36.570815],[-81.1644,36.570597],[-81.163797,36.570566],[-81.163236,36.570538],[-81.162771,36.570517],[-81.153583,36.570084],[-81.152431,36.570021],[-81.150168,36.569901],[-81.149935,36.569891],[-81.141087,36.569488],[-81.139877,36.569433],[-81.137799,36.569345],[-81.120144,36.569089],[-81.108082,36.568434],[-81.103894,36.568172],[-81.102268,36.568075],[-81.101918,36.568056],[-81.088426,36.567309],[-81.069613,36.567164],[-81.069061,36.567168],[-81.058601,36.567014],[-81.044851,36.566513],[-81.037473,36.565938],[-81.028872,36.565271],[-81.028373,36.565258],[-81.019119,36.564845],[-81.018482,36.564816],[-81.012468,36.564527],[-81.011754,36.564475],[-81.006923,36.563983],[-81.003808,36.563656],[-80.985318,36.563502],[-80.978559,36.563432],[-80.959827,36.563577],[-80.94981,36.563322],[-80.946127,36.563129],[-80.944228,36.563105],[-80.932938,36.562964],[-80.931725,36.562419],[-80.912639,36.562022],[-80.901722,36.561768],[-80.898453,36.561706],[-80.892254,36.561428],[-80.875091,36.560643],[-80.837954,36.559143],[-80.827194,36.559659],[-80.823895,36.559818],[-80.815766,36.560248],[-80.799492,36.561104],[-80.79272,36.560573],[-80.789656,36.560542],[-80.774027,36.560375],[-80.772746,36.560416],[-80.766864,36.560676],[-80.754311,36.561238],[-80.748549,36.561496],[-80.746798,36.561561],[-80.745052,36.561643],[-80.744733,36.561657],[-80.741328,36.561823],[-80.730361,36.562329],[-80.724445,36.56233],[-80.717324,36.562314],[-80.714184,36.562307],[-80.704601,36.562302],[-80.6962,36.561946],[-80.68965,36.561517],[-80.679245,36.560837],[-80.67666,36.560657],[-80.671855,36.560362],[-80.658476,36.559468],[-80.653387,36.559183],[-80.637653,36.558674],[-80.632962,36.558544],[-80.628833,36.558428],[-80.614847,36.55799],[-80.612057,36.557898],[-80.612108,36.558034],[-80.612594,36.561003],[-80.610857,36.5626],[-80.614315,36.565705],[-80.614625,36.566216],[-80.614071,36.567874],[-80.613093,36.568958],[-80.613545,36.570422],[-80.61268,36.574221],[-80.613726,36.577187],[-80.614535,36.578329],[-80.61495,36.581385],[-80.614525,36.584001],[-80.615444,36.585649],[-80.615107,36.588769],[-80.619099,36.591259],[-80.622002,36.591418],[-80.623223,36.592537],[-80.623225,36.593971],[-80.624316,36.597224],[-80.624433,36.598975],[-80.624477,36.600697],[-80.625704,36.604287],[-80.625602,36.60619],[-80.625311,36.606322],[-80.622895,36.607447],[-80.621829,36.608508],[-80.621229,36.610197],[-80.620273,36.611278],[-80.619507,36.611734],[-80.619335,36.613031],[-80.62115,36.615722],[-80.62206,36.617861],[-80.62208,36.617887],[-80.622242,36.6181],[-80.621888,36.619358],[-80.621787,36.619717],[-80.621751,36.619833],[-80.620675,36.620254],[-80.618019,36.622469],[-80.618008,36.622837],[-80.618004,36.623116],[-80.6178,36.623381],[-80.6176,36.623527],[-80.617355,36.623706],[-80.616836,36.623849],[-80.616544,36.623695],[-80.614251,36.623286],[-80.613935,36.62476],[-80.615129,36.625924],[-80.613432,36.627356],[-80.613046,36.628528],[-80.611182,36.631059],[-80.610978,36.632986],[-80.608395,36.63372],[-80.607183,36.63552],[-80.604573,36.636949],[-80.603511,36.638585],[-80.602914,36.642461],[-80.603872,36.647323],[-80.603775,36.648163],[-80.604125,36.650513],[-80.602708,36.652881],[-80.601779,36.652816],[-80.600517,36.651393],[-80.598708,36.651317],[-80.596707,36.652503],[-80.594976,36.654535],[-80.592857,36.65498],[-80.591767,36.657226],[-80.594566,36.660854],[-80.594947,36.661372],[-80.590255,36.66255],[-80.589431,36.662624],[-80.585568,36.662689],[-80.580036,36.662467],[-80.579055,36.662118],[-80.576894,36.66136],[-80.573757,36.658857],[-80.573652,36.658777],[-80.571965,36.657792],[-80.569797,36.656501],[-80.568844,36.65687],[-80.568322,36.657162],[-80.566438,36.657013],[-80.565591,36.656026],[-80.5655,36.655912],[-80.564001,36.653833],[-80.56489,36.652523],[-80.561488,36.651744],[-80.560958,36.65198],[-80.559474,36.651517],[-80.559376,36.651474],[-80.559362,36.651468],[-80.559345,36.65146],[-80.559314,36.651447],[-80.559297,36.65144],[-80.559109,36.651359],[-80.558679,36.651298],[-80.558558,36.651313],[-80.558534,36.651316],[-80.5584,36.651333],[-80.558328,36.651351],[-80.558312,36.651355],[-80.558131,36.651399],[-80.557892,36.651585],[-80.557882,36.651593],[-80.557711,36.651726],[-80.555403,36.653479],[-80.554589,36.653081],[-80.553479,36.652983],[-80.552383,36.652013],[-80.552272,36.651315],[-80.552282,36.651303],[-80.552353,36.651276],[-80.552375,36.651241],[-80.552382,36.651231],[-80.552432,36.651154],[-80.55251,36.650992],[-80.552497,36.650783],[-80.552312,36.650341],[-80.552109,36.650009],[-80.552073,36.64995],[-80.552054,36.649919],[-80.552044,36.649902],[-80.552028,36.649876],[-80.552021,36.649865],[-80.552007,36.649843],[-80.551765,36.649619],[-80.551655,36.649558],[-80.551456,36.649448],[-80.551433,36.649435],[-80.550533,36.648938],[-80.550175,36.648367],[-80.5498,36.646688],[-80.55008,36.646241],[-80.550994,36.644348],[-80.550099,36.64303],[-80.549872,36.642479],[-80.547617,36.642938],[-80.544644,36.64261],[-80.541149,36.641258],[-80.539047,36.641029],[-80.536842,36.641563],[-80.536632,36.642083],[-80.535763,36.642993],[-80.53425,36.643034],[-80.532919,36.64375],[-80.531357,36.645235],[-80.530237,36.645416],[-80.528136,36.645901],[-80.52696,36.644897],[-80.525801,36.644119],[-80.523893,36.645211],[-80.523354,36.645626],[-80.522109,36.646359],[-80.519144,36.647314],[-80.517239,36.649531],[-80.51657,36.649807],[-80.514174,36.648938],[-80.510362,36.651484],[-80.509105,36.651526],[-80.505461,36.652722],[-80.504932,36.653957],[-80.504955,36.654179],[-80.504786,36.654466],[-80.504769,36.654495],[-80.504512,36.654715],[-80.504115,36.654903],[-80.504049,36.654934],[-80.504007,36.654954],[-80.503997,36.654959],[-80.503907,36.655002],[-80.503633,36.655119],[-80.503591,36.655137],[-80.503537,36.65516],[-80.503333,36.655247],[-80.502468,36.656012],[-80.500701,36.656551],[-80.499228,36.655287],[-80.496655,36.654139],[-80.495101,36.652811],[-80.494043,36.652469],[-80.491216,36.652696],[-80.489105,36.650287],[-80.487852,36.651749],[-80.487336,36.653795],[-80.487709,36.655335],[-80.488714,36.655895],[-80.489638,36.657738],[-80.488875,36.659261],[-80.489307,36.661633],[-80.488421,36.662379],[-80.486677,36.663104],[-80.485826,36.664769],[-80.485052,36.665533],[-80.484429,36.665969],[-80.482758,36.665409],[-80.482157,36.665145],[-80.480635,36.664895],[-80.479722,36.66566],[-80.479213,36.666054],[-80.478673,36.667411],[-80.476898,36.667512],[-80.473252,36.668681],[-80.47314,36.668766],[-80.473068,36.66882],[-80.47274,36.669024],[-80.472472,36.669155],[-80.472114,36.669327],[-80.47183,36.669414],[-80.471686,36.669459],[-80.471318,36.669567],[-80.471294,36.669574],[-80.470356,36.670243],[-80.469502,36.671758],[-80.468386,36.672175],[-80.468166,36.672237],[-80.46705,36.672543],[-80.466011,36.673072],[-80.465788,36.674365],[-80.465785,36.674471],[-80.465692,36.675158],[-80.465559,36.675862],[-80.465484,36.676363],[-80.465428,36.676759],[-80.465351,36.677107],[-80.465244,36.67743],[-80.465106,36.677617],[-80.464898,36.677731],[-80.464856,36.677751],[-80.463304,36.679122],[-80.46373,36.681394],[-80.462029,36.684719],[-80.461459,36.686693],[-80.460104,36.688107],[-80.459977,36.690482],[-80.460343,36.692249],[-80.459908,36.693713],[-80.458197,36.694443],[-80.45811,36.696526],[-80.457187,36.698487],[-80.455959,36.699577],[-80.453879,36.700317],[-80.454626,36.70435],[-80.455244,36.705356],[-80.457063,36.706588],[-80.459159,36.707399],[-80.462496,36.707572],[-80.46418,36.708718],[-80.464061,36.712498],[-80.463803,36.713791],[-80.46404,36.716592],[-80.462564,36.717893],[-80.461502,36.72491],[-80.456863,36.726603],[-80.456339,36.727203],[-80.456376,36.729012],[-80.45344,36.72903],[-80.452542,36.731305],[-80.452573,36.732531],[-80.452688,36.733081],[-80.455546,36.735309],[-80.458572,36.738359],[-80.457761,36.739212],[-80.455672,36.73916],[-80.452709,36.741723],[-80.451812,36.743069],[-80.449264,36.745087],[-80.44705,36.745577],[-80.443794,36.747859],[-80.443055,36.747863],[-80.438846,36.74646],[-80.433608,36.745263],[-80.432544,36.743646],[-80.430724,36.74335],[-80.428115,36.743366],[-80.425766,36.744203],[-80.423409,36.743434],[-80.420726,36.743716],[-80.419622,36.742492],[-80.415083,36.742966],[-80.411719,36.741844],[-80.409332,36.742676],[-80.406129,36.74254],[-80.405752,36.743034],[-80.404334,36.744303],[-80.402124,36.743726],[-80.400163,36.742599],[-80.398426,36.742792],[-80.394658,36.744867],[-80.395791,36.746484],[-80.393179,36.74834],[-80.393797,36.749343],[-80.39647,36.751252],[-80.397272,36.753134],[-80.39708,36.755738],[-80.398443,36.75624],[-80.39748,36.75726],[-80.397722,36.758991],[-80.397357,36.761306],[-80.397703,36.762287],[-80.397377,36.764327],[-80.395165,36.765352],[-80.393139,36.767318],[-80.39098,36.768664],[-80.387659,36.769959],[-80.387263,36.770605],[-80.387778,36.771978],[-80.387766,36.772228],[-80.387884,36.773366],[-80.387834,36.773697],[-80.390542,36.774579],[-80.39099,36.774976],[-80.391998,36.77609],[-80.391672,36.77971],[-80.390254,36.780835],[-80.38735,36.78247],[-80.385605,36.783249],[-80.385421,36.785235],[-80.387787,36.787961],[-80.390508,36.789855],[-80.390928,36.792613],[-80.38895,36.792984],[-80.388075,36.793648],[-80.388162,36.794792],[-80.387908,36.795054],[-80.387062,36.796522],[-80.386909,36.797676],[-80.385373,36.798658],[-80.384627,36.798554],[-80.382269,36.799032],[-80.380896,36.799769],[-80.3796,36.801347],[-80.378677,36.802548],[-80.374332,36.804517],[-80.372483,36.803177],[-80.371032,36.80279],[-80.369248,36.803056],[-80.368685,36.803136],[-80.368454,36.803145],[-80.36813,36.803382],[-80.366193,36.804271],[-80.365044,36.804041],[-80.361599,36.80309],[-80.360351,36.805266],[-80.358355,36.805851],[-80.356145,36.805912],[-80.354247,36.807262],[-80.350905,36.808314],[-80.349951,36.808973],[-80.350245,36.810629],[-80.34899,36.811985],[-80.347049,36.811909],[-80.346707,36.811854],[-80.346322,36.812207],[-80.346304,36.812404],[-80.346285,36.812614],[-80.346156,36.812736],[-80.345953,36.812825],[-80.345776,36.81286],[-80.344442,36.813471],[-80.344456,36.815873],[-80.34309,36.817494],[-80.341635,36.820227],[-80.34185,36.823863],[-80.343429,36.825529],[-80.343596,36.828276],[-80.345825,36.830037],[-80.345263,36.831013],[-80.344295,36.832276],[-80.341953,36.833249],[-80.338181,36.832419],[-80.336062,36.832738],[-80.335125,36.83219],[-80.334282,36.83192],[-80.329781,36.830911],[-80.328395,36.830759],[-80.326919,36.83234],[-80.327605,36.833278],[-80.328187,36.833953],[-80.32692,36.836507],[-80.326273,36.836563],[-80.321496,36.837571],[-80.321006,36.84082],[-80.318204,36.843],[-80.317567,36.843589],[-80.317488,36.843663],[-80.317297,36.843729],[-80.315285,36.843733],[-80.3151,36.843596],[-80.311789,36.843554],[-80.311136,36.843843],[-80.309735,36.844277],[-80.307948,36.843794],[-80.307326,36.843642],[-80.305975,36.843098],[-80.305465,36.842141],[-80.304862,36.843158],[-80.30141,36.844601],[-80.300482,36.84585],[-80.29818,36.84627],[-80.296673,36.847156],[-80.295973,36.847831],[-80.294409,36.847652],[-80.294064,36.848229],[-80.294491,36.849975],[-80.292738,36.850009],[-80.293521,36.851842],[-80.292523,36.852108],[-80.291139,36.852356],[-80.29061,36.853681],[-80.291412,36.854821],[-80.291222,36.855863],[-80.28999,36.857579],[-80.288573,36.858621],[-80.288447,36.85877],[-80.288041,36.859233],[-80.287809,36.85925],[-80.287637,36.85917],[-80.287547,36.85893],[-80.287421,36.858542],[-80.286987,36.858158],[-80.286446,36.858209],[-80.2817,36.859299],[-80.280959,36.859247],[-80.280469,36.859386],[-80.280092,36.859695],[-80.279875,36.860363],[-80.279855,36.86094],[-80.27787,36.860908],[-80.277356,36.86162],[-80.274093,36.861831],[-80.27277,36.859436],[-80.271918,36.859255],[-80.270292,36.859893],[-80.269569,36.862081],[-80.268845,36.862826],[-80.264673,36.862131],[-80.263933,36.863426],[-80.26148,36.863903],[-80.255234,36.864671],[-80.253937,36.866532],[-80.254329,36.869045],[-80.253491,36.870565],[-80.251339,36.870664],[-80.248812,36.869917],[-80.246423,36.869993],[-80.245698,36.870458],[-80.242002,36.869915],[-80.239368,36.870493],[-80.238976,36.872078],[-80.235455,36.87213],[-80.231988,36.875134],[-80.225327,36.880444],[-80.223292,36.882071],[-80.223202,36.882144],[-80.206027,36.895824],[-80.198854,36.901524],[-80.198716,36.904341],[-80.198697,36.904748],[-80.198399,36.910161],[-80.197818,36.920693],[-80.197671,36.921199],[-80.194325,36.920697],[-80.191969,36.921756],[-80.191442,36.923274],[-80.190572,36.924048],[-80.19064,36.92532],[-80.189445,36.92664],[-80.189833,36.9288],[-80.189783,36.92928],[-80.189713,36.929468],[-80.1897,36.929503],[-80.189695,36.929517],[-80.189672,36.92958],[-80.189437,36.929769],[-80.189396,36.929784],[-80.189367,36.929795],[-80.189077,36.929898],[-80.187024,36.930265],[-80.186952,36.932246],[-80.186576,36.93349],[-80.184873,36.934068],[-80.182841,36.934745],[-80.184374,36.936808],[-80.184771,36.9374],[-80.184692,36.938439],[-80.184834,36.939707],[-80.184017,36.940192],[-80.183319,36.941512],[-80.182592,36.941391],[-80.182453,36.941488],[-80.182272,36.941573],[-80.181922,36.941861],[-80.181691,36.942196],[-80.181609,36.942216],[-80.181581,36.942215],[-80.180801,36.941853],[-80.179292,36.942332],[-80.177513,36.945646],[-80.177914,36.946369],[-80.178071,36.946769],[-80.175886,36.950246],[-80.173752,36.952409],[-80.172041,36.953449],[-80.169671,36.953775],[-80.165111,36.954897],[-80.16355,36.954307],[-80.161665,36.954805],[-80.161829,36.953508],[-80.161827,36.953262],[-80.161823,36.953079],[-80.161822,36.953044],[-80.161821,36.953013],[-80.16182,36.952975],[-80.16182,36.952963],[-80.16182,36.952948],[-80.161814,36.952613],[-80.161669,36.952447],[-80.161291,36.952245],[-80.160969,36.951888],[-80.160371,36.951021],[-80.159917,36.950313],[-80.159477,36.949709],[-80.158928,36.949122],[-80.158589,36.948846],[-80.158283,36.948683],[-80.158239,36.948672],[-80.158095,36.948636],[-80.155001,36.948323],[-80.153605,36.948977],[-80.153712,36.949903],[-80.151888,36.951709],[-80.149845,36.950977],[-80.14812,36.950891],[-80.145844,36.949578],[-80.144809,36.949532],[-80.143988,36.95132],[-80.143999,36.952417],[-80.145359,36.953279],[-80.145517,36.954635],[-80.144467,36.955738],[-80.143642,36.957736],[-80.142135,36.958715],[-80.139218,36.961267],[-80.139773,36.963387],[-80.13978,36.963397],[-80.139969,36.963648],[-80.139902,36.963849],[-80.139626,36.963912],[-80.138872,36.963843],[-80.13614,36.963459],[-80.13445,36.965085],[-80.136188,36.965481],[-80.136707,36.96781],[-80.138668,36.969266],[-80.139539,36.970786],[-80.138809,36.971787],[-80.140237,36.973269],[-80.141894,36.974311],[-80.142457,36.978502],[-80.143085,36.97898],[-80.143946,36.980188],[-80.142821,36.980637],[-80.140147,36.981393],[-80.13882,36.982715],[-80.137484,36.983079],[-80.138118,36.983876],[-80.137641,36.985811],[-80.134591,36.986674],[-80.132117,36.987059],[-80.130829,36.988034],[-80.128441,36.988924],[-80.128259,36.988984],[-80.123772,36.990168],[-80.121525,36.991054],[-80.121623,36.992108],[-80.122025,36.992544],[-80.122409,36.992953],[-80.123225,36.99386],[-80.123742,36.994416],[-80.124124,36.994855],[-80.124761,36.995742],[-80.125397,36.996286],[-80.125741,36.996365],[-80.126538,36.996131],[-80.128605,36.995818],[-80.129712,36.995817],[-80.13029,36.995911],[-80.130839,36.996153],[-80.131399,36.996864],[-80.132523,36.997053],[-80.133412,36.99703],[-80.134157,36.996823],[-80.134981,36.99632],[-80.135429,36.996213],[-80.135774,36.997069],[-80.135885,36.998003],[-80.135682,36.999187],[-80.135213,37.000448],[-80.134337,37.002422],[-80.135867,37.004085],[-80.133723,37.006061],[-80.130199,37.006738],[-80.128035,37.004557],[-80.126114,37.004273],[-80.124762,37.004954],[-80.123106,37.004779],[-80.122917,37.006198],[-80.121465,37.008261],[-80.120225,37.008144],[-80.11804,37.007226],[-80.115716,37.008132],[-80.115309,37.008938],[-80.113542,37.009215],[-80.114425,37.010324],[-80.115906,37.010586],[-80.116296,37.011354],[-80.112593,37.013822],[-80.112851,37.014759],[-80.116683,37.017337],[-80.116711,37.017822],[-80.114352,37.017621],[-80.112907,37.018255],[-80.112608,37.019336],[-80.113902,37.021059],[-80.11484,37.023338],[-80.11542,37.023675],[-80.116299,37.024206],[-80.117142,37.025145],[-80.113864,37.024998],[-80.110785,37.025306],[-80.110226,37.025307],[-80.106492,37.025292],[-80.105305,37.025539],[-80.104413,37.026449],[-80.105325,37.027719],[-80.10634,37.028601],[-80.109265,37.028989],[-80.109614,37.029292],[-80.111606,37.031163],[-80.111466,37.035155],[-80.111087,37.036438],[-80.111566,37.037496],[-80.112914,37.038485],[-80.114379,37.040378],[-80.113981,37.04152],[-80.113442,37.043526],[-80.111808,37.045874],[-80.112769,37.04724],[-80.114162,37.047564],[-80.114279,37.04756],[-80.114545,37.047552],[-80.115426,37.048536],[-80.11553,37.048652],[-80.115844,37.048835],[-80.116529,37.049014],[-80.116677,37.048963],[-80.117298,37.04875],[-80.119485,37.049507],[-80.120231,37.050257],[-80.120422,37.05075],[-80.120222,37.050946],[-80.119313,37.051981],[-80.120927,37.053634],[-80.122238,37.054526],[-80.122775,37.0561],[-80.122234,37.057624],[-80.119224,37.062666],[-80.118056,37.064306],[-80.117061,37.064871],[-80.115502,37.064667],[-80.114856,37.064591],[-80.113337,37.065247],[-80.112935,37.065471],[-80.112588,37.065665],[-80.112518,37.066145],[-80.112747,37.068456],[-80.111172,37.069611],[-80.111018,37.069718],[-80.109676,37.070653],[-80.108492,37.072847],[-80.107667,37.073256],[-80.108888,37.074607],[-80.109294,37.076888],[-80.108792,37.077359],[-80.10822,37.078006],[-80.108815,37.079922],[-80.11074,37.081389],[-80.111542,37.082088],[-80.111583,37.084152],[-80.109769,37.085829],[-80.112775,37.087009],[-80.113818,37.08798],[-80.113724,37.088747],[-80.115787,37.090198],[-80.11562,37.091335],[-80.112422,37.094587],[-80.112409,37.094588],[-80.112348,37.094594],[-80.112326,37.094596],[-80.112307,37.094598],[-80.11229,37.0946],[-80.112278,37.094601],[-80.112184,37.09461],[-80.112173,37.094649],[-80.112166,37.094672],[-80.112133,37.094785],[-80.112313,37.094835],[-80.112324,37.094838],[-80.112343,37.094843],[-80.112361,37.094848],[-80.112701,37.095419],[-80.113024,37.098109],[-80.114687,37.098977],[-80.11694,37.10097],[-80.120024,37.104562],[-80.12223,37.105997],[-80.124077,37.10882],[-80.122979,37.110447],[-80.121308,37.111137],[-80.121356,37.111678],[-80.123579,37.114041],[-80.123896,37.115342],[-80.122453,37.117219],[-80.123119,37.119707],[-80.1253,37.122507],[-80.127685,37.123084],[-80.128674,37.122901],[-80.126904,37.124414],[-80.125914,37.124498],[-80.122299,37.127841],[-80.121963,37.128814],[-80.122586,37.131414],[-80.122166,37.131736],[-80.12009,37.130871],[-80.11789,37.130554],[-80.117417,37.13206],[-80.115243,37.132976],[-80.112983,37.134322],[-80.111531,37.134552],[-80.11014,37.135886],[-80.107955,37.136992],[-80.106859,37.138266],[-80.10698,37.140924],[-80.108408,37.143213],[-80.107378,37.144111],[-80.107166,37.148045],[-80.105478,37.148583],[-80.104396,37.150326],[-80.103019,37.150126],[-80.101627,37.150948],[-80.100648,37.150755],[-80.098804,37.150002],[-80.09638,37.15162],[-80.094788,37.151434],[-80.092115,37.151821],[-80.090361,37.152571],[-80.090013,37.152616],[-80.090077,37.152811],[-80.090416,37.156957],[-80.088138,37.159048],[-80.088244,37.160322],[-80.086024,37.162],[-80.083665,37.16118],[-80.082765,37.160908],[-80.080322,37.161589],[-80.079184,37.161094],[-80.078363,37.159779],[-80.07739,37.15751],[-80.075107,37.157126],[-80.07383,37.157689],[-80.073511,37.159942],[-80.072358,37.161285],[-80.070274,37.161608],[-80.067523,37.162433],[-80.065612,37.163906],[-80.064007,37.164146],[-80.06105,37.165151],[-80.059499,37.16498],[-80.056657,37.165407],[-80.055059,37.164923],[-80.053241,37.165409],[-80.051327,37.165101],[-80.048925,37.166108],[-80.047841,37.166152],[-80.047204,37.166401],[-80.044604,37.166814],[-80.044211,37.167216],[-80.042668,37.16782],[-80.040421,37.168197],[-80.042664,37.169129],[-80.041577,37.169312],[-80.041832,37.17034],[-80.04108,37.170727],[-80.041238,37.171969],[-80.043153,37.172053],[-80.043682,37.171617],[-80.043887,37.173845],[-80.044944,37.173765],[-80.045491,37.175574],[-80.045489,37.177771],[-80.047674,37.179751],[-80.049836,37.179579],[-80.046335,37.181345],[-80.046246,37.181919],[-80.045386,37.183142],[-80.042978,37.184672],[-80.042794,37.186767],[-80.041458,37.191257],[-80.040349,37.19212],[-80.038103,37.192486],[-80.033988,37.194636],[-80.030976,37.195807],[-80.028059,37.195442],[-80.028116,37.197701],[-80.028846,37.198428],[-80.030011,37.199232],[-80.03363,37.200789],[-80.033831,37.20116],[-80.030985,37.202529],[-80.027657,37.202895],[-80.025788,37.204131],[-80.024513,37.207916],[-80.022493,37.210499],[-80.020285,37.212791],[-80.019555,37.212533],[-80.017848,37.211386],[-80.017026,37.212008],[-80.01387,37.213394],[-80.012925,37.211446],[-80.011094,37.209639],[-80.00967,37.208053],[-80.008658,37.206],[-80.007109,37.204032],[-80.005348,37.203516],[-80.00247,37.204173],[-80.000831,37.20422],[-79.999828,37.2028],[-79.998688,37.20075],[-79.998232,37.20095],[-79.995693,37.208904],[-79.994938,37.210447],[-79.993762,37.211592],[-79.988512,37.216489],[-79.987903,37.21737],[-79.985937,37.217326],[-79.986419,37.21919],[-79.986224,37.220553],[-79.985961,37.221874],[-79.984729,37.223168],[-79.984519,37.223814],[-79.984018,37.223922],[-79.982939,37.224329],[-79.981765,37.225141],[-79.979724,37.226888],[-79.979299,37.227179],[-79.978025,37.228046],[-79.977457,37.228453],[-79.976953,37.228829],[-79.976227,37.229396],[-79.973967,37.231265]]]]}},{"type":"Feature","properties":{"id":10,"NAME":"10","TotalPop":846046,"PopDevPct":0.078216,"DemPct":0.60731908,"RepPct":0.35677535,"WhitePct":0.52670208,"MinorityPct":0.47329792,"BlackPct":0.08623537,"HispanicPct":0.12926993,"PacificPct":0.00199476,"AsianPct":0.24639875,"NativePct":0.01466148,"TotalVAP":631655,"Margin":0.10731908,"color":"#00008b","opacity":"0.5"},"geometry":{"type":"MultiPolygon","coordinates":[[[[-77.527656,39.144632],[-77.527637,39.144732],[-77.527322,39.146961],[-77.525107,39.148449],[-77.524403,39.150028],[-77.521767,39.159435],[-77.521298,39.161873],[-77.52029,39.164011],[-77.520206,39.164205],[-77.517622,39.169417],[-77.513644,39.175222],[-77.510789,39.178777],[-77.507384,39.181442],[-77.503558,39.182599],[-77.500821,39.182984],[-77.489737,39.185554],[-77.486329,39.185913],[-77.481202,39.187909],[-77.480976,39.188431],[-77.478672,39.189671],[-77.476711,39.191747],[-77.47532,39.194926],[-77.474927,39.197391],[-77.475495,39.198793],[-77.475995,39.201827],[-77.475599,39.203353],[-77.474471,39.205557],[-77.474759,39.206545],[-77.474601,39.206628],[-77.472866,39.20948],[-77.470134,39.211983],[-77.466724,39.214444],[-77.461605,39.217577],[-77.459859,39.218887],[-77.458499,39.220817],[-77.457886,39.222432],[-77.45771,39.224979],[-77.458748,39.226845],[-77.460726,39.228799],[-77.468005,39.232618],[-77.470512,39.234056],[-77.471105,39.234303],[-77.474891,39.237332],[-77.476847,39.238501],[-77.478677,39.240032],[-77.481135,39.241853],[-77.482449,39.243813],[-77.484731,39.246052],[-77.486646,39.247281],[-77.488928,39.248199],[-77.489521,39.248581],[-77.490538,39.249112],[-77.496236,39.251054],[-77.498573,39.25161],[-77.504211,39.252311],[-77.50557,39.252254],[-77.510668,39.253256],[-77.515403,39.25578],[-77.519289,39.257238],[-77.520624,39.258413],[-77.524706,39.259843],[-77.528694,39.260499],[-77.530971,39.261102],[-77.533912,39.262411],[-77.53579,39.263032],[-77.538678,39.264707],[-77.54084,39.265269],[-77.543502,39.267292],[-77.544099,39.269435],[-77.546471,39.272228],[-77.54941,39.274846],[-77.550832,39.275688],[-77.55107,39.276254],[-77.551981,39.277385],[-77.553676,39.280761],[-77.554439,39.281629],[-77.557215,39.282732],[-77.560549,39.285741],[-77.561587,39.288002],[-77.562011,39.290846],[-77.561694,39.292866],[-77.562336,39.293589],[-77.56247,39.293698],[-77.562803,39.295458],[-77.562092,39.299274],[-77.561708,39.300305],[-77.562612,39.303039],[-77.56433,39.304724],[-77.566598,39.306047],[-77.568753,39.306447],[-77.574208,39.305465],[-77.578646,39.305167],[-77.582002,39.30414],[-77.583104,39.303454],[-77.588777,39.301591],[-77.593267,39.301199],[-77.59573,39.301639],[-77.599192,39.301885],[-77.604015,39.30293],[-77.604183,39.302969],[-77.606958,39.303682],[-77.608731,39.302446],[-77.611296,39.303406],[-77.612815,39.302873],[-77.615641,39.302559],[-77.617952,39.303123],[-77.623345,39.305019],[-77.624821,39.305138],[-77.628537,39.30621],[-77.631381,39.307766],[-77.633483,39.307605],[-77.639686,39.308273],[-77.642223,39.308763],[-77.643781,39.308705],[-77.643798,39.308785],[-77.644084,39.30875],[-77.647917,39.310082],[-77.650899,39.310846],[-77.655519,39.31351],[-77.662889,39.315899],[-77.666535,39.317635],[-77.668512,39.319226],[-77.670393,39.321275],[-77.673354,39.322806],[-77.675467,39.32436],[-77.67871,39.324342],[-77.681722,39.323888],[-77.6865,39.320199],[-77.690062,39.319343],[-77.692005,39.318612],[-77.69674,39.318546],[-77.702888,39.320128],[-77.707674,39.321728],[-77.709675,39.32147],[-77.712213,39.32139],[-77.71244,39.321381],[-77.715546,39.321183],[-77.716882,39.320803],[-77.719708,39.321088],[-77.720783,39.318977],[-77.722388,39.318142],[-77.72499,39.317548],[-77.725906,39.317675],[-77.728975,39.316058],[-77.730697,39.315603],[-77.732167,39.314116],[-77.734219,39.313054],[-77.735518,39.311871],[-77.73693,39.309627],[-77.73841,39.308191],[-77.739938,39.305585],[-77.740622,39.304668],[-77.742149,39.301365],[-77.747587,39.294834],[-77.750267,39.289284],[-77.751839,39.284903],[-77.752726,39.283373],[-77.753357,39.280331],[-77.753242,39.27942],[-77.75329,39.27891],[-77.753252,39.278401],[-77.753176,39.278283],[-77.752985,39.277768],[-77.753105,39.27734],[-77.753186,39.277208],[-77.754049,39.27603],[-77.754765,39.275693],[-77.755196,39.275217],[-77.755833,39.274705],[-77.756025,39.274569],[-77.756888,39.274061],[-77.757201,39.27361],[-77.757657,39.272847],[-77.757967,39.272252],[-77.758043,39.271819],[-77.758024,39.271436],[-77.758046,39.271388],[-77.758196,39.270303],[-77.758901,39.268131],[-77.758563,39.267637],[-77.758555,39.26702],[-77.758106,39.26615],[-77.75838,39.265086],[-77.758652,39.264658],[-77.759589,39.263759],[-77.759946,39.263583],[-77.761093,39.263796],[-77.761217,39.263721],[-77.761768,39.263031],[-77.761826,39.262814],[-77.76217,39.262042],[-77.762367,39.261371],[-77.762456,39.261275],[-77.763115,39.26013],[-77.762928,39.258273],[-77.763731,39.257951],[-77.767624,39.257778],[-77.768754,39.256439],[-77.770102,39.256369],[-77.770669,39.255262],[-77.770666,39.250812],[-77.770937,39.249446],[-77.767276,39.249751],[-77.767227,39.249009],[-77.768231,39.246699],[-77.76805,39.245541],[-77.769928,39.242936],[-77.770467,39.239104],[-77.771365,39.236493],[-77.77368,39.234466],[-77.773693,39.233731],[-77.776675,39.231316],[-77.777416,39.229702],[-77.778893,39.229919],[-77.780627,39.228906],[-77.781639,39.227192],[-77.781255,39.2268],[-77.7847,39.222776],[-77.786493,39.221435],[-77.785927,39.219666],[-77.78831,39.216168],[-77.788841,39.214865],[-77.791971,39.212253],[-77.793113,39.210295],[-77.792632,39.208998],[-77.79618,39.203469],[-77.798157,39.200703],[-77.798643,39.197481],[-77.798247,39.196528],[-77.798549,39.194873],[-77.797837,39.194071],[-77.798164,39.192518],[-77.799143,39.19179],[-77.80021,39.188821],[-77.801115,39.187786],[-77.801407,39.185405],[-77.802649,39.183571],[-77.803458,39.180882],[-77.804905,39.179051],[-77.804091,39.178552],[-77.804971,39.17698],[-77.804508,39.176196],[-77.805875,39.173117],[-77.806049,39.171737],[-77.809038,39.169342],[-77.810172,39.167611],[-77.81144,39.167045],[-77.812613,39.164224],[-77.813626,39.164418],[-77.817234,39.157145],[-77.818573,39.155097],[-77.821625,39.151868],[-77.821793,39.149593],[-77.82314,39.1475],[-77.822462,39.147138],[-77.823346,39.145625],[-77.823281,39.144358],[-77.82207,39.14271],[-77.822101,39.140105],[-77.82359,39.13884],[-77.824692,39.136628],[-77.825655,39.135668],[-77.827189,39.135235],[-77.827908,39.133585],[-77.828299,39.132426],[-77.832515,39.127519],[-77.835841,39.125719],[-77.83896,39.121814],[-77.843797,39.119747],[-77.844769,39.117915],[-77.845329,39.11686],[-77.845747,39.116073],[-77.845843,39.115892],[-77.852548,39.103273],[-77.8531,39.102242],[-77.853741,39.101025],[-77.853746,39.101004],[-77.853766,39.10093],[-77.853781,39.100862],[-77.854067,39.099729],[-77.855169,39.095284],[-77.855786,39.092805],[-77.858268,39.088639],[-77.86074,39.084478],[-77.861969,39.08243],[-77.862825,39.080979],[-77.87045,39.080409],[-77.873832,39.080157],[-77.877596,39.078042],[-77.879778,39.075175],[-77.881756,39.072589],[-77.885815,39.067224],[-77.887892,39.064463],[-77.890828,39.059553],[-77.891145,39.059026],[-77.892683,39.056441],[-77.893279,39.055425],[-77.899086,39.052917],[-77.900366,39.051735],[-77.900755,39.051372],[-77.900765,39.051365],[-77.900992,39.051156],[-77.901027,39.051124],[-77.901175,39.050982],[-77.902021,39.050174],[-77.906806,39.045783],[-77.913766,39.041473],[-77.917642,39.03907],[-77.926815,39.035296],[-77.929927,39.030239],[-77.93081,39.0297],[-77.941227,39.023474],[-77.942554,39.023178],[-77.947884,39.022007],[-77.956414,39.020898],[-77.962041,39.013934],[-77.962203,39.013733],[-77.950588,39.011058],[-77.936678,39.007858],[-77.921694,39.004408],[-77.913142,39.002437],[-77.889451,38.996978],[-77.887539,38.996537],[-77.880101,38.994821],[-77.87615,38.993915],[-77.874509,38.993531],[-77.866429,38.991666],[-77.85063,38.988018],[-77.843048,38.986266],[-77.830906,38.98346],[-77.83073,38.98342],[-77.829283,38.983084],[-77.822346,38.981481],[-77.820462,38.981045],[-77.820355,38.98102],[-77.820128,38.980967],[-77.797225,38.975667],[-77.794504,38.975038],[-77.792527,38.97458],[-77.792417,38.974555],[-77.791168,38.974266],[-77.784427,38.972702],[-77.781187,38.971952],[-77.779,38.971446],[-77.777515,38.971103],[-77.774096,38.97031],[-77.771195,38.969638],[-77.767179,38.968707],[-77.765853,38.968399],[-77.760002,38.967043],[-77.751976,38.965181],[-77.740496,38.962517],[-77.731708,38.960477],[-77.728978,38.959843],[-77.728134,38.959648],[-77.723177,38.958496],[-77.713804,38.956317],[-77.713736,38.956303],[-77.707533,38.954861],[-77.700271,38.953173],[-77.696529,38.952303],[-77.67342,38.946926],[-77.671858,38.946562],[-77.666817,38.945389],[-77.662929,38.944483],[-77.657581,38.943231],[-77.655169,38.942656],[-77.653613,38.942173],[-77.651941,38.94271],[-77.649745,38.94268],[-77.647451,38.94145],[-77.646055,38.941485],[-77.644185,38.942579],[-77.641618,38.942746],[-77.640027,38.942118],[-77.637149,38.941615],[-77.635671,38.939221],[-77.635182,38.939083],[-77.634692,38.938006],[-77.632604,38.936147],[-77.6324,38.935966],[-77.629395,38.933472],[-77.626196,38.933154],[-77.625044,38.931825],[-77.624699,38.931366],[-77.621108,38.930868],[-77.620932,38.930884],[-77.620424,38.931217],[-77.620042,38.931286],[-77.619793,38.931488],[-77.61889,38.931408],[-77.618654,38.931293],[-77.618467,38.931147],[-77.618407,38.930988],[-77.618283,38.930889],[-77.618077,38.930847],[-77.617739,38.930677],[-77.617628,38.930565],[-77.617579,38.930154],[-77.617465,38.93003],[-77.617383,38.929861],[-77.617425,38.929707],[-77.6172,38.929358],[-77.616969,38.929064],[-77.616974,38.928925],[-77.617097,38.928799],[-77.617225,38.928743],[-77.617304,38.92863],[-77.617274,38.928499],[-77.617139,38.928437],[-77.617121,38.928061],[-77.617068,38.927905],[-77.617013,38.927566],[-77.616962,38.927484],[-77.616732,38.927327],[-77.616569,38.927276],[-77.616411,38.92728],[-77.616175,38.927366],[-77.616053,38.927335],[-77.615968,38.927194],[-77.615997,38.926965],[-77.615875,38.926884],[-77.615878,38.926767],[-77.616005,38.926688],[-77.616018,38.926488],[-77.615825,38.926412],[-77.615592,38.926064],[-77.615374,38.925862],[-77.615143,38.925605],[-77.615101,38.925501],[-77.614784,38.925398],[-77.614441,38.925384],[-77.614289,38.925336],[-77.614195,38.925212],[-77.614088,38.924746],[-77.614006,38.924714],[-77.613668,38.924755],[-77.613509,38.924681],[-77.613484,38.92453],[-77.613286,38.924439],[-77.613057,38.92447],[-77.612933,38.924386],[-77.612934,38.924231],[-77.612791,38.924138],[-77.612758,38.924054],[-77.612764,38.923536],[-77.612981,38.923349],[-77.612888,38.922919],[-77.612687,38.922851],[-77.61259,38.92277],[-77.612626,38.922501],[-77.612503,38.922139],[-77.612382,38.922078],[-77.612394,38.921841],[-77.612049,38.921422],[-77.611797,38.921292],[-77.611706,38.921211],[-77.611678,38.921052],[-77.611828,38.92086],[-77.611836,38.920575],[-77.611717,38.920419],[-77.611698,38.920297],[-77.611514,38.919956],[-77.611361,38.919818],[-77.611301,38.91953],[-77.611355,38.919382],[-77.61157,38.919035],[-77.611549,38.918843],[-77.611804,38.918695],[-77.611823,38.918578],[-77.611598,38.918078],[-77.611545,38.91786],[-77.611597,38.91751],[-77.611332,38.917293],[-77.611027,38.917104],[-77.610965,38.916836],[-77.610699,38.916639],[-77.610599,38.91661],[-77.610316,38.916614],[-77.610245,38.916578],[-77.61021,38.916424],[-77.610245,38.916266],[-77.610373,38.916146],[-77.610233,38.915547],[-77.610185,38.915228],[-77.610067,38.915026],[-77.610012,38.914847],[-77.609867,38.914755],[-77.609646,38.914792],[-77.609575,38.914746],[-77.609529,38.914568],[-77.609324,38.91436],[-77.609297,38.914258],[-77.609332,38.914003],[-77.609037,38.913473],[-77.609005,38.91321],[-77.608383,38.912844],[-77.60802,38.912756],[-77.607811,38.91252],[-77.607717,38.912139],[-77.607591,38.912023],[-77.607246,38.911919],[-77.606911,38.911885],[-77.606465,38.911912],[-77.606236,38.911861],[-77.605767,38.911695],[-77.605523,38.911629],[-77.605033,38.911619],[-77.604774,38.911642],[-77.604398,38.911508],[-77.604027,38.911406],[-77.603557,38.911131],[-77.603189,38.91106],[-77.602918,38.910651],[-77.602902,38.910478],[-77.60294,38.91034],[-77.602927,38.910137],[-77.602829,38.909948],[-77.602606,38.909684],[-77.602411,38.90939],[-77.60213,38.909099],[-77.602,38.908821],[-77.601999,38.908508],[-77.601859,38.908372],[-77.601644,38.908301],[-77.601433,38.908189],[-77.601101,38.907861],[-77.601064,38.907741],[-77.601214,38.907552],[-77.601046,38.907354],[-77.600806,38.907279],[-77.600708,38.907152],[-77.600668,38.906941],[-77.600696,38.906729],[-77.600606,38.906442],[-77.600491,38.906299],[-77.60017,38.90615],[-77.600055,38.90607],[-77.599787,38.905805],[-77.599612,38.905596],[-77.599565,38.90549],[-77.59965,38.90529],[-77.599652,38.90517],[-77.59955,38.905066],[-77.599171,38.904822],[-77.598914,38.904685],[-77.598798,38.90456],[-77.598703,38.904376],[-77.598642,38.904101],[-77.598631,38.903599],[-77.598562,38.903403],[-77.598467,38.903265],[-77.598286,38.903111],[-77.598246,38.902791],[-77.597881,38.902718],[-77.597487,38.90269],[-77.59741,38.902663],[-77.597269,38.90247],[-77.597204,38.902221],[-77.597119,38.902073],[-77.596717,38.901866],[-77.596281,38.901585],[-77.595672,38.901134],[-77.595535,38.901054],[-77.595305,38.900995],[-77.594691,38.900907],[-77.59431,38.900815],[-77.594053,38.900833],[-77.593763,38.900773],[-77.593538,38.900641],[-77.593424,38.900486],[-77.59324,38.900374],[-77.593026,38.900335],[-77.592256,38.899841],[-77.59208,38.899662],[-77.591777,38.899412],[-77.591465,38.899197],[-77.591302,38.899027],[-77.591281,38.898764],[-77.591379,38.898592],[-77.591413,38.898359],[-77.591495,38.898065],[-77.59159,38.897909],[-77.591626,38.897549],[-77.591558,38.897455],[-77.591307,38.897439],[-77.591207,38.897345],[-77.591231,38.897228],[-77.5916,38.897175],[-77.591689,38.897025],[-77.591684,38.896852],[-77.591571,38.896657],[-77.591372,38.896591],[-77.590311,38.89637],[-77.589712,38.896359],[-77.589094,38.896293],[-77.588364,38.896273],[-77.588046,38.896235],[-77.587788,38.896158],[-77.587465,38.895979],[-77.587345,38.895839],[-77.586927,38.895656],[-77.586479,38.895405],[-77.586276,38.895324],[-77.585872,38.895245],[-77.585728,38.895163],[-77.585255,38.894605],[-77.584753,38.893865],[-77.584659,38.893544],[-77.584512,38.893439],[-77.584118,38.893261],[-77.583489,38.892878],[-77.583087,38.892848],[-77.582618,38.892512],[-77.582352,38.892248],[-77.582177,38.891897],[-77.582081,38.891401],[-77.581726,38.891139],[-77.581291,38.890998],[-77.581049,38.890978],[-77.580606,38.891002],[-77.580302,38.890969],[-77.580075,38.891005],[-77.579765,38.89112],[-77.579185,38.891418],[-77.579127,38.891498],[-77.578981,38.891546],[-77.578854,38.891528],[-77.578501,38.891402],[-77.578138,38.891309],[-77.57724,38.890901],[-77.576715,38.890627],[-77.576483,38.890544],[-77.575763,38.89038],[-77.575487,38.890342],[-77.575206,38.890258],[-77.57489,38.890249],[-77.574799,38.890347],[-77.574684,38.89066],[-77.57463,38.891065],[-77.574361,38.891234],[-77.57423,38.891255],[-77.573213,38.891038],[-77.572896,38.890948],[-77.572698,38.890842],[-77.572332,38.890401],[-77.572044,38.890219],[-77.571901,38.890167],[-77.571011,38.889944],[-77.570456,38.889765],[-77.57029,38.889756],[-77.57025,38.889582],[-77.570096,38.889614],[-77.569563,38.889388],[-77.569361,38.889253],[-77.569116,38.889022],[-77.568971,38.88879],[-77.568925,38.888546],[-77.568677,38.888151],[-77.568537,38.887809],[-77.568382,38.887655],[-77.567942,38.887437],[-77.567298,38.887259],[-77.566223,38.887112],[-77.56594,38.886992],[-77.565538,38.886867],[-77.56519,38.886813],[-77.564809,38.886725],[-77.564529,38.886628],[-77.564432,38.886492],[-77.564354,38.886267],[-77.564254,38.886171],[-77.564083,38.886136],[-77.563889,38.886181],[-77.563424,38.886392],[-77.562953,38.886551],[-77.562666,38.886673],[-77.562186,38.887013],[-77.56209,38.887151],[-77.562003,38.887182],[-77.561663,38.887195],[-77.561433,38.887153],[-77.561199,38.887012],[-77.560545,38.886781],[-77.560409,38.886813],[-77.560145,38.88698],[-77.559713,38.887316],[-77.559468,38.88757],[-77.559294,38.887687],[-77.559071,38.887748],[-77.558567,38.887816],[-77.558108,38.887951],[-77.557836,38.888068],[-77.557781,38.888195],[-77.557583,38.888361],[-77.557442,38.888452],[-77.557316,38.88852],[-77.557088,38.888579],[-77.556978,38.888598],[-77.556809,38.888606],[-77.556447,38.888636],[-77.556305,38.888641],[-77.556173,38.888636],[-77.555958,38.888592],[-77.555733,38.888529],[-77.555637,38.888491],[-77.555469,38.888414],[-77.555394,38.888353],[-77.555358,38.888302],[-77.55529,38.888143],[-77.555243,38.887971],[-77.55522,38.887829],[-77.555202,38.887767],[-77.555164,38.887724],[-77.555094,38.887682],[-77.554921,38.887669],[-77.554852,38.887654],[-77.55478,38.887624],[-77.554633,38.887527],[-77.554546,38.887481],[-77.554431,38.887442],[-77.554305,38.887417],[-77.553959,38.887363],[-77.553708,38.887298],[-77.553605,38.887249],[-77.553301,38.887085],[-77.553054,38.886928],[-77.552968,38.886854],[-77.55276,38.886598],[-77.55224,38.886588],[-77.552127,38.88647],[-77.552173,38.886292],[-77.552248,38.885324],[-77.552216,38.885107],[-77.552161,38.885004],[-77.551984,38.884835],[-77.551805,38.88475],[-77.551738,38.884587],[-77.551745,38.884291],[-77.551791,38.884038],[-77.551891,38.883711],[-77.551927,38.8833],[-77.551861,38.883026],[-77.551682,38.882848],[-77.551687,38.882722],[-77.55153,38.882247],[-77.55124,38.881689],[-77.551106,38.881497],[-77.550817,38.880998],[-77.550404,38.880384],[-77.549946,38.8798],[-77.54988,38.879637],[-77.549764,38.879141],[-77.549754,38.87836],[-77.549838,38.8779],[-77.549918,38.87767],[-77.55009,38.877352],[-77.550503,38.877168],[-77.550726,38.877106],[-77.550891,38.877008],[-77.551087,38.876688],[-77.551463,38.876028],[-77.551762,38.875643],[-77.552004,38.875485],[-77.551999,38.875211],[-77.551661,38.87483],[-77.551288,38.874528],[-77.551036,38.874164],[-77.550812,38.873703],[-77.5507,38.873366],[-77.550673,38.873209],[-77.550683,38.87287],[-77.550866,38.872398],[-77.551077,38.87216],[-77.551455,38.871826],[-77.551535,38.871682],[-77.551227,38.87113],[-77.551092,38.870939],[-77.551019,38.870657],[-77.550867,38.870407],[-77.550834,38.870198],[-77.550697,38.869926],[-77.550479,38.869734],[-77.55032,38.869487],[-77.550146,38.869162],[-77.54983,38.86897],[-77.549748,38.86859],[-77.549638,38.868404],[-77.549369,38.868163],[-77.549223,38.868074],[-77.549216,38.867872],[-77.549331,38.867728],[-77.549576,38.867551],[-77.549927,38.867183],[-77.550324,38.866942],[-77.550613,38.866739],[-77.550982,38.866513],[-77.551404,38.866278],[-77.551642,38.866093],[-77.552396,38.865407],[-77.552632,38.865089],[-77.552787,38.864789],[-77.552849,38.86456],[-77.552852,38.864296],[-77.552736,38.864087],[-77.552592,38.864056],[-77.552232,38.864247],[-77.551949,38.864335],[-77.551625,38.864393],[-77.551186,38.864384],[-77.550759,38.864325],[-77.55037,38.864195],[-77.550104,38.86402],[-77.550021,38.863932],[-77.549705,38.863749],[-77.549357,38.863579],[-77.548859,38.863306],[-77.548497,38.863132],[-77.548221,38.862971],[-77.548082,38.862852],[-77.548085,38.862701],[-77.548283,38.862424],[-77.548916,38.861815],[-77.549058,38.861621],[-77.549169,38.861365],[-77.549247,38.861109],[-77.549371,38.860867],[-77.549638,38.860483],[-77.550126,38.8602],[-77.550283,38.860089],[-77.551241,38.859262],[-77.551336,38.859197],[-77.551488,38.858991],[-77.551576,38.858816],[-77.551642,38.858489],[-77.551606,38.857997],[-77.551688,38.857674],[-77.551649,38.857541],[-77.551675,38.857388],[-77.551834,38.857243],[-77.552112,38.857192],[-77.552254,38.857026],[-77.552509,38.856447],[-77.552496,38.856318],[-77.551914,38.855928],[-77.551283,38.855601],[-77.550995,38.855426],[-77.550629,38.85536],[-77.550319,38.855273],[-77.549848,38.855069],[-77.549124,38.854718],[-77.548074,38.854269],[-77.547763,38.854107],[-77.547558,38.853937],[-77.547445,38.853755],[-77.547363,38.853533],[-77.547316,38.853135],[-77.5474,38.852783],[-77.547634,38.852447],[-77.547738,38.852352],[-77.547982,38.852042],[-77.54843,38.851323],[-77.549111,38.850492],[-77.549266,38.850285],[-77.549575,38.849976],[-77.550002,38.849502],[-77.550364,38.849028],[-77.550442,38.848814],[-77.550305,38.84848],[-77.550102,38.848242],[-77.549744,38.847699],[-77.54957,38.84729],[-77.549646,38.84706],[-77.549441,38.846704],[-77.549342,38.846644],[-77.549001,38.846553],[-77.548816,38.846554],[-77.548659,38.84681],[-77.548516,38.84695],[-77.548296,38.847007],[-77.547968,38.846924],[-77.547862,38.846842],[-77.547469,38.846412],[-77.547271,38.846258],[-77.547002,38.846213],[-77.546751,38.846251],[-77.54631,38.846403],[-77.545899,38.846592],[-77.545682,38.846771],[-77.545516,38.847053],[-77.545453,38.84731],[-77.545452,38.847648],[-77.545547,38.847777],[-77.545833,38.847853],[-77.546349,38.847946],[-77.546849,38.848087],[-77.547241,38.848082],[-77.547618,38.848239],[-77.547656,38.848398],[-77.547432,38.848777],[-77.547242,38.849052],[-77.547122,38.84908],[-77.547029,38.849021],[-77.546895,38.848806],[-77.546738,38.848749],[-77.546362,38.848862],[-77.54623,38.848984],[-77.546066,38.849227],[-77.545889,38.849411],[-77.545646,38.849603],[-77.545532,38.849836],[-77.545403,38.849958],[-77.544962,38.850167],[-77.544567,38.850255],[-77.544315,38.850278],[-77.54408,38.85025],[-77.543039,38.84979],[-77.542738,38.849632],[-77.54254,38.849349],[-77.542365,38.849219],[-77.541763,38.848969],[-77.541279,38.848837],[-77.54084,38.848677],[-77.539979,38.84833],[-77.539782,38.848221],[-77.539659,38.848053],[-77.539482,38.847995],[-77.539273,38.848088],[-77.539052,38.848056],[-77.538696,38.847862],[-77.53849,38.847714],[-77.538383,38.847685],[-77.537671,38.847802],[-77.537124,38.84771],[-77.536812,38.847685],[-77.536478,38.847607],[-77.535991,38.847368],[-77.535269,38.847211],[-77.535125,38.847155],[-77.534955,38.846994],[-77.534958,38.846787],[-77.535193,38.846367],[-77.535564,38.845872],[-77.535946,38.845255],[-77.536245,38.844705],[-77.53634,38.844561],[-77.536382,38.844478],[-77.536604,38.843934],[-77.536693,38.843721],[-77.536805,38.843415],[-77.536855,38.843273],[-77.536888,38.843142],[-77.536919,38.843014],[-77.536976,38.842752],[-77.537026,38.842569],[-77.536981,38.842335],[-77.53684,38.84197],[-77.536653,38.841565],[-77.536359,38.841118],[-77.53612,38.840686],[-77.535856,38.840486],[-77.535707,38.840335],[-77.535311,38.839789],[-77.534911,38.83935],[-77.534606,38.839183],[-77.534313,38.839138],[-77.533947,38.839163],[-77.533601,38.83909],[-77.533195,38.838943],[-77.532462,38.83863],[-77.531945,38.838361],[-77.531074,38.83783],[-77.530145,38.837228],[-77.530042,38.837147],[-77.529775,38.837039],[-77.529616,38.837011],[-77.529381,38.837042],[-77.528972,38.837162],[-77.528357,38.837306],[-77.527627,38.83744],[-77.526981,38.837336],[-77.525951,38.837206],[-77.525597,38.837177],[-77.525069,38.837167],[-77.524817,38.837133],[-77.524392,38.837023],[-77.523861,38.836939],[-77.523564,38.836937],[-77.522937,38.837061],[-77.522457,38.83717],[-77.521951,38.837311],[-77.521524,38.837467],[-77.5211,38.837649],[-77.520478,38.837865],[-77.519586,38.838268],[-77.519167,38.838406],[-77.518177,38.838708],[-77.516951,38.839213],[-77.5166,38.839382],[-77.516071,38.83959],[-77.515201,38.839958],[-77.514961,38.840048],[-77.513833,38.840333],[-77.513601,38.840327],[-77.513324,38.840366],[-77.512706,38.84053],[-77.512255,38.840664],[-77.511957,38.840797],[-77.511429,38.841234],[-77.511211,38.841368],[-77.510785,38.841493],[-77.510449,38.841547],[-77.510035,38.841537],[-77.509698,38.841478],[-77.50954,38.841364],[-77.508915,38.841144],[-77.508812,38.84107],[-77.508514,38.840772],[-77.508316,38.840441],[-77.508315,38.840258],[-77.508401,38.840127],[-77.508712,38.839877],[-77.508787,38.839781],[-77.508831,38.839528],[-77.508755,38.839208],[-77.508648,38.838957],[-77.508424,38.838626],[-77.507742,38.837869],[-77.50765,38.837746],[-77.507551,38.837518],[-77.507575,38.837265],[-77.507678,38.837048],[-77.508028,38.8368],[-77.508266,38.836743],[-77.508945,38.836643],[-77.509152,38.836666],[-77.509359,38.836732],[-77.509647,38.836731],[-77.510055,38.836622],[-77.510369,38.836572],[-77.510497,38.836522],[-77.510773,38.836276],[-77.510862,38.836136],[-77.510992,38.835633],[-77.510934,38.835296],[-77.510612,38.834669],[-77.510535,38.834468],[-77.510474,38.834153],[-77.510473,38.83382],[-77.510519,38.833548],[-77.510634,38.833193],[-77.510689,38.832872],[-77.510934,38.83241],[-77.511162,38.832155],[-77.511373,38.831966],[-77.511974,38.831476],[-77.512159,38.831293],[-77.51233,38.830985],[-77.51238,38.830563],[-77.512368,38.830403],[-77.512279,38.830238],[-77.511888,38.829839],[-77.511664,38.829654],[-77.511278,38.829416],[-77.510821,38.829173],[-77.510272,38.828826],[-77.510039,38.8287],[-77.5096,38.828392],[-77.509322,38.82816],[-77.50916,38.828059],[-77.508783,38.827915],[-77.508414,38.827733],[-77.507941,38.827448],[-77.507781,38.827437],[-77.507592,38.827354],[-77.507124,38.827076],[-77.506658,38.826893],[-77.505671,38.82645],[-77.505017,38.826099],[-77.504562,38.825957],[-77.504048,38.825713],[-77.50394,38.825639],[-77.503727,38.825395],[-77.503601,38.825294],[-77.503472,38.825078],[-77.503441,38.824776],[-77.503648,38.824359],[-77.503884,38.824179],[-77.503886,38.824041],[-77.505896,38.821935],[-77.506402,38.820765],[-77.505575,38.818769],[-77.505238,38.816448],[-77.505109,38.816231],[-77.503522,38.815301],[-77.502833,38.814801],[-77.50131,38.814002],[-77.499877,38.813573],[-77.497905,38.813393],[-77.49721,38.813259],[-77.494885,38.812517],[-77.493527,38.812259],[-77.49228,38.811656],[-77.491508,38.811491],[-77.491034,38.811217],[-77.490341,38.810254],[-77.490113,38.810033],[-77.489389,38.80912],[-77.489228,38.808505],[-77.489557,38.807345],[-77.489735,38.805862],[-77.490392,38.804804],[-77.491629,38.803285],[-77.492929,38.801853],[-77.493995,38.800755],[-77.494376,38.800002],[-77.494359,38.798917],[-77.494331,38.798651],[-77.494274,38.798515],[-77.494017,38.798193],[-77.493852,38.798083],[-77.493724,38.798071],[-77.493482,38.798135],[-77.493249,38.798044],[-77.493007,38.797757],[-77.492757,38.797663],[-77.49197,38.797627],[-77.491526,38.797581],[-77.491277,38.797515],[-77.490937,38.797492],[-77.490372,38.797397],[-77.490029,38.79728],[-77.489841,38.797245],[-77.488931,38.796996],[-77.488621,38.796885],[-77.488227,38.796862],[-77.487977,38.796892],[-77.487817,38.796853],[-77.487378,38.796667],[-77.486969,38.796547],[-77.486598,38.796508],[-77.486308,38.796544],[-77.48572,38.796652],[-77.485504,38.796764],[-77.484955,38.797096],[-77.48475,38.797106],[-77.484647,38.797067],[-77.484308,38.797015],[-77.484061,38.797038],[-77.483565,38.797138],[-77.483297,38.797156],[-77.482969,38.79711],[-77.482739,38.797034],[-77.482432,38.796849],[-77.482288,38.796794],[-77.4819,38.79673],[-77.481517,38.796631],[-77.481163,38.796516],[-77.480638,38.796484],[-77.480429,38.796569],[-77.480226,38.796991],[-77.480208,38.797106],[-77.480257,38.797337],[-77.480367,38.797616],[-77.480384,38.797879],[-77.480325,38.798138],[-77.480001,38.798765],[-77.479905,38.798896],[-77.479708,38.799025],[-77.479308,38.799112],[-77.478706,38.799068],[-77.478358,38.799129],[-77.477557,38.799235],[-77.477186,38.799267],[-77.476831,38.799366],[-77.476488,38.799334],[-77.476194,38.799228],[-77.475995,38.799065],[-77.475912,38.798874],[-77.475969,38.797923],[-77.475914,38.7977],[-77.475773,38.797506],[-77.47557,38.797364],[-77.475477,38.797392],[-77.475274,38.797313],[-77.475129,38.797204],[-77.475061,38.797072],[-77.47473,38.796787],[-77.474435,38.796614],[-77.473733,38.796412],[-77.47328,38.796389],[-77.472535,38.796431],[-77.472324,38.796426],[-77.471895,38.796355],[-77.471414,38.796168],[-77.47123,38.796065],[-77.470857,38.795914],[-77.47053,38.795739],[-77.470417,38.79571],[-77.470037,38.795803],[-77.469838,38.795899],[-77.469636,38.795922],[-77.469081,38.795913],[-77.468234,38.796299],[-77.466197,38.796621],[-77.466075,38.796623],[-77.465923,38.796613],[-77.464999,38.796468],[-77.464537,38.796342],[-77.464128,38.796171],[-77.463495,38.795854],[-77.463016,38.79565],[-77.462543,38.795518],[-77.46237,38.795492],[-77.462086,38.795514],[-77.461902,38.795558],[-77.46146,38.795723],[-77.461097,38.796022],[-77.460514,38.796391],[-77.46037,38.796523],[-77.460211,38.796734],[-77.460057,38.797018],[-77.459981,38.797268],[-77.459838,38.797447],[-77.459657,38.797582],[-77.459444,38.797664],[-77.459152,38.797702],[-77.458892,38.797698],[-77.458618,38.797654],[-77.458215,38.797497],[-77.457902,38.797331],[-77.457743,38.797291],[-77.457675,38.797291],[-77.457335,38.796839],[-77.457265,38.796277],[-77.456962,38.795909],[-77.456593,38.795862],[-77.455718,38.796125],[-77.454527,38.796016],[-77.452896,38.796151],[-77.45208,38.796492],[-77.451584,38.797131],[-77.45132,38.797646],[-77.45099,38.798727],[-77.45013,38.800082],[-77.450029,38.800561],[-77.450237,38.801119],[-77.450606,38.801582],[-77.450732,38.802008],[-77.450586,38.802227],[-77.449304,38.803073],[-77.449042,38.803087],[-77.448935,38.80317],[-77.449008,38.803309],[-77.449484,38.805213],[-77.448746,38.809753],[-77.448718,38.810009],[-77.44907,38.809882],[-77.449728,38.81],[-77.450751,38.810754],[-77.453576,38.811118],[-77.453099,38.81294],[-77.451651,38.814804],[-77.450414,38.815483],[-77.450157,38.816947],[-77.447401,38.819559],[-77.448025,38.820021],[-77.451364,38.821997],[-77.449667,38.822745],[-77.445853,38.820244],[-77.444928,38.819434],[-77.443282,38.822513],[-77.441293,38.825209],[-77.441146,38.826177],[-77.436801,38.827407],[-77.436441,38.827388],[-77.436091,38.827324],[-77.435734,38.827277],[-77.435499,38.827235],[-77.435008,38.827176],[-77.434777,38.827163],[-77.4345,38.827171],[-77.434035,38.827235],[-77.433982,38.827262],[-77.433553,38.827324],[-77.432524,38.827474],[-77.430996,38.827696],[-77.430617,38.827751],[-77.428308,38.82809],[-77.426294,38.82842],[-77.422622,38.828957],[-77.418677,38.829537],[-77.418622,38.829547],[-77.41278,38.830393],[-77.411928,38.830519],[-77.406516,38.829631],[-77.403381,38.829914],[-77.398327,38.830692],[-77.395653,38.830566],[-77.391437,38.82897],[-77.386402,38.827567],[-77.384496,38.827281],[-77.380381,38.827164],[-77.377003,38.827057],[-77.376679,38.827027],[-77.376253,38.826944],[-77.37596,38.826882],[-77.375119,38.826713],[-77.374577,38.826608],[-77.374299,38.826565],[-77.374094,38.826543],[-77.373851,38.826539],[-77.37371,38.826546],[-77.373479,38.826561],[-77.373255,38.826597],[-77.373074,38.82663],[-77.372756,38.826713],[-77.37241,38.826814],[-77.372048,38.826919],[-77.371123,38.827208],[-77.366849,38.828567],[-77.366572,38.828643],[-77.362277,38.830072],[-77.362092,38.830129],[-77.359755,38.830539],[-77.354085,38.830583],[-77.353738,38.83063],[-77.353299,38.830694],[-77.352906,38.830758],[-77.352047,38.830978],[-77.351778,38.831065],[-77.351188,38.831275],[-77.350786,38.831458],[-77.349874,38.831917],[-77.349022,38.832335],[-77.348486,38.832594],[-77.348284,38.832681],[-77.348063,38.832763],[-77.347925,38.832806],[-77.347904,38.833029],[-77.347802,38.833473],[-77.347757,38.833612],[-77.347669,38.833952],[-77.34762,38.834091],[-77.347551,38.834231],[-77.347477,38.834346],[-77.347382,38.834463],[-77.347011,38.83483],[-77.346814,38.834999],[-77.346513,38.835235],[-77.34619,38.8355],[-77.345428,38.83622],[-77.345359,38.836272],[-77.345253,38.836321],[-77.345149,38.836345],[-77.345067,38.836351],[-77.344957,38.836345],[-77.344865,38.836326],[-77.344706,38.836284],[-77.344861,38.833897],[-77.344765,38.833686],[-77.344495,38.833774],[-77.343576,38.834046],[-77.3434,38.834091],[-77.343261,38.834121],[-77.343145,38.834139],[-77.342719,38.834176],[-77.342528,38.834186],[-77.342322,38.834187],[-77.341982,38.834177],[-77.338829,38.833885],[-77.337737,38.833622],[-77.337201,38.833351],[-77.335877,38.832476],[-77.334339,38.831756],[-77.331706,38.831359],[-77.328983,38.830901],[-77.328783,38.830839],[-77.32857,38.83077],[-77.328135,38.830607],[-77.327467,38.830377],[-77.327103,38.830251],[-77.326764,38.830143],[-77.326412,38.830059],[-77.326192,38.830006],[-77.325942,38.82996],[-77.325676,38.82992],[-77.325484,38.829903],[-77.325284,38.829887],[-77.324963,38.829859],[-77.323961,38.829785],[-77.32165,38.82958],[-77.31977,38.828957],[-77.316594,38.827436],[-77.316412,38.827361],[-77.316145,38.827257],[-77.314814,38.826702],[-77.314188,38.826433],[-77.313742,38.826219],[-77.313378,38.825991],[-77.313082,38.825787],[-77.312609,38.825462],[-77.312445,38.825364],[-77.311928,38.825023],[-77.311571,38.8248],[-77.31137,38.824687],[-77.311116,38.824579],[-77.31074,38.824453],[-77.310612,38.824419],[-77.310449,38.824387],[-77.30933,38.824196],[-77.308998,38.824123],[-77.308668,38.824069],[-77.308653,38.824067],[-77.308509,38.824043],[-77.30785,38.823944],[-77.306877,38.823976],[-77.305102,38.824389],[-77.303191,38.824864],[-77.303131,38.82488],[-77.301294,38.825679],[-77.30104,38.825808],[-77.300853,38.825882],[-77.300743,38.825918],[-77.300625,38.825959],[-77.300316,38.826055],[-77.299883,38.826163],[-77.299643,38.826208],[-77.299403,38.826236],[-77.299173,38.826266],[-77.298838,38.826278],[-77.298639,38.826283],[-77.29833,38.826299],[-77.297875,38.826292],[-77.297195,38.826307],[-77.296859,38.826311],[-77.296517,38.826326],[-77.295845,38.826424],[-77.295427,38.826474],[-77.294877,38.826511],[-77.294075,38.826522],[-77.29224,38.826469],[-77.288272,38.826365],[-77.28827,38.826483],[-77.288773,38.832452],[-77.288295,38.836235],[-77.287279,38.836122],[-77.287257,38.836122],[-77.287347,38.838631],[-77.28647,38.838617],[-77.286374,38.841717],[-77.284621,38.841519],[-77.280854,38.840995],[-77.278535,38.840676],[-77.278598,38.841977],[-77.272086,38.841112],[-77.271926,38.841101],[-77.27052,38.840902],[-77.270481,38.841077],[-77.269977,38.843339],[-77.270426,38.844683],[-77.271744,38.848488],[-77.270972,38.851304],[-77.269212,38.851987],[-77.268842,38.854415],[-77.269809,38.855593],[-77.269184,38.857896],[-77.268727,38.859563],[-77.268818,38.862017],[-77.268919,38.862775],[-77.268929,38.862795],[-77.269864,38.864865],[-77.26994,38.86504],[-77.270597,38.866075],[-77.27081,38.86609],[-77.272374,38.866197],[-77.273374,38.866261],[-77.27415,38.86631],[-77.273288,38.867084],[-77.273145,38.867185],[-77.272229,38.867848],[-77.269503,38.870289],[-77.268989,38.870677],[-77.268634,38.870867],[-77.266285,38.871545],[-77.264387,38.871974],[-77.263254,38.872226],[-77.263095,38.872264],[-77.263728,38.873581],[-77.263776,38.873739],[-77.263893,38.874202],[-77.263898,38.874227],[-77.264059,38.874581],[-77.264159,38.874759],[-77.264371,38.875096],[-77.264409,38.875168],[-77.267046,38.878192],[-77.26713,38.878381],[-77.267222,38.878596],[-77.253858,38.879376],[-77.260006,38.880988],[-77.263202,38.881839],[-77.266908,38.880882],[-77.267753,38.883035],[-77.267957,38.883013],[-77.270929,38.882354],[-77.273922,38.889153],[-77.272686,38.889831],[-77.275546,38.893251],[-77.275665,38.893406],[-77.276542,38.894481],[-77.27764,38.895865],[-77.276921,38.89619],[-77.276838,38.896262],[-77.276895,38.896307],[-77.277585,38.896835],[-77.277062,38.897249],[-77.277117,38.897291],[-77.277123,38.897367],[-77.277126,38.897409],[-77.277034,38.897488],[-77.277103,38.898021],[-77.277267,38.900306],[-77.277504,38.902164],[-77.27729,38.902287],[-77.274192,38.904192],[-77.274582,38.904327],[-77.275565,38.904677],[-77.27641,38.905039],[-77.278314,38.905829],[-77.278819,38.906081],[-77.279738,38.906843],[-77.279574,38.90706],[-77.279393,38.907413],[-77.278177,38.907532],[-77.27723,38.90902],[-77.27601,38.908825],[-77.275245,38.909829],[-77.274369,38.909823],[-77.27395,38.910159],[-77.273868,38.910224],[-77.276003,38.912352],[-77.27485,38.913797],[-77.274782,38.914763],[-77.27357,38.916273],[-77.272465,38.915641],[-77.273083,38.915787],[-77.27344,38.913769],[-77.271588,38.912122],[-77.270346,38.913059],[-77.268652,38.914412],[-77.267024,38.915678],[-77.266649,38.916006],[-77.266593,38.915866],[-77.265207,38.916751],[-77.264794,38.916382],[-77.26281,38.91509],[-77.262035,38.914366],[-77.261206,38.91372],[-77.259523,38.915351],[-77.258384,38.914763],[-77.257766,38.914427],[-77.257709,38.914468],[-77.257106,38.915219],[-77.257105,38.915753],[-77.257264,38.91695],[-77.257369,38.917742],[-77.257435,38.918603],[-77.257466,38.918845],[-77.257524,38.919264],[-77.254595,38.919451],[-77.255516,38.921359],[-77.252501,38.921824],[-77.254444,38.922619],[-77.253499,38.925606],[-77.252906,38.927419],[-77.253058,38.92892],[-77.251035,38.929373],[-77.251069,38.930653],[-77.252333,38.932332],[-77.252531,38.932579],[-77.252717,38.932812],[-77.246932,38.934274],[-77.247086,38.934432],[-77.248121,38.935513],[-77.251636,38.939109],[-77.25528,38.942849],[-77.25786,38.945453],[-77.262294,38.949819],[-77.264421,38.951268],[-77.266948,38.952846],[-77.268778,38.954021],[-77.269421,38.954434],[-77.27479,38.957961],[-77.274673,38.958018],[-77.276884,38.959624],[-77.279462,38.9615],[-77.283138,38.964171],[-77.285224,38.965158],[-77.287799,38.966075],[-77.287673,38.966326],[-77.287426,38.966522],[-77.287295,38.966577],[-77.287083,38.966535],[-77.286882,38.966544],[-77.28672,38.966633],[-77.286688,38.966752],[-77.285972,38.967041],[-77.285621,38.967011],[-77.285457,38.967153],[-77.285358,38.967414],[-77.285272,38.967543],[-77.285231,38.967937],[-77.285143,38.968016],[-77.284831,38.968073],[-77.28458,38.967957],[-77.284677,38.967692],[-77.284499,38.967562],[-77.284063,38.967546],[-77.283745,38.967628],[-77.283679,38.967764],[-77.283628,38.968141],[-77.283719,38.968367],[-77.283643,38.968474],[-77.283418,38.968549],[-77.28316,38.968587],[-77.282745,38.96879],[-77.282631,38.96881],[-77.282293,38.96878],[-77.282106,38.968857],[-77.281813,38.96884],[-77.281606,38.968775],[-77.281208,38.968477],[-77.28073,38.968519],[-77.28037,38.968798],[-77.280268,38.968787],[-77.280246,38.968658],[-77.280117,38.96862],[-77.279864,38.968809],[-77.279729,38.969082],[-77.279676,38.969274],[-77.279541,38.969549],[-77.279376,38.969675],[-77.279387,38.969807],[-77.27954,38.970072],[-77.279616,38.970143],[-77.279694,38.970334],[-77.27968,38.97046],[-77.279856,38.970716],[-77.279965,38.970796],[-77.28021,38.971099],[-77.28024,38.971194],[-77.280173,38.971451],[-77.280085,38.971534],[-77.279621,38.971668],[-77.279483,38.971683],[-77.279192,38.971629],[-77.279186,38.97149],[-77.278969,38.971163],[-77.278574,38.970986],[-77.278235,38.970856],[-77.278107,38.970752],[-77.277907,38.970656],[-77.277633,38.970662],[-77.277493,38.970747],[-77.27749,38.970952],[-77.27757,38.971107],[-77.277605,38.971288],[-77.277507,38.971489],[-77.277246,38.971607],[-77.276932,38.971628],[-77.276676,38.971749],[-77.276736,38.971995],[-77.276919,38.972159],[-77.276946,38.972363],[-77.276825,38.972501],[-77.276411,38.972842],[-77.276159,38.973133],[-77.276228,38.973308],[-77.275946,38.973386],[-77.275705,38.973359],[-77.275502,38.973438],[-77.275162,38.973626],[-77.275022,38.973759],[-77.274811,38.973823],[-77.274498,38.973824],[-77.274372,38.973783],[-77.274132,38.973594],[-77.274055,38.973413],[-77.274198,38.97321],[-77.274432,38.973109],[-77.274491,38.973012],[-77.274454,38.972877],[-77.27431,38.972623],[-77.274217,38.972549],[-77.27425,38.97228],[-77.27437,38.97201],[-77.274492,38.971929],[-77.274416,38.971882],[-77.274382,38.97163],[-77.274136,38.971468],[-77.273897,38.971404],[-77.273756,38.971303],[-77.273692,38.97112],[-77.273415,38.970829],[-77.273318,38.970801],[-77.273076,38.970935],[-77.272691,38.971066],[-77.272518,38.97118],[-77.272216,38.971249],[-77.271777,38.971442],[-77.271555,38.971564],[-77.271264,38.971593],[-77.271242,38.971687],[-77.271023,38.971642],[-77.270745,38.971636],[-77.270306,38.971564],[-77.26991,38.971547],[-77.269885,38.971544],[-77.269861,38.971541],[-77.268857,38.971308],[-77.268359,38.971015],[-77.267676,38.97079],[-77.267198,38.970882],[-77.266271,38.970721],[-77.265273,38.971229],[-77.264313,38.971489],[-77.263584,38.972048],[-77.262956,38.97286],[-77.26296,38.973232],[-77.262411,38.973366],[-77.261492,38.973119],[-77.260936,38.973113],[-77.260215,38.973372],[-77.259896,38.973696],[-77.259294,38.974049],[-77.25908,38.97445],[-77.257791,38.974769],[-77.257423,38.97479],[-77.25624,38.973974],[-77.255683,38.974043],[-77.255011,38.975084],[-77.254953,38.975139],[-77.254911,38.975175],[-77.254302,38.975813],[-77.253184,38.976566],[-77.252336,38.977011],[-77.252141,38.977403],[-77.251031,38.977984],[-77.2498,38.978214],[-77.249089,38.97803],[-77.249337,38.976368],[-77.249102,38.976009],[-77.248294,38.975868],[-77.247497,38.975971],[-77.246641,38.975937],[-77.24613,38.975827],[-77.246031,38.975802],[-77.245958,38.975786],[-77.244971,38.975652],[-77.243557,38.977116],[-77.241364,38.977183],[-77.238544,38.976147],[-77.237117,38.974464],[-77.23506,38.974903],[-77.234875,38.975976],[-77.235502,38.976583],[-77.236209,38.976922],[-77.239902,38.980709],[-77.24155,38.981615],[-77.245067,38.982782],[-77.245322,38.984017],[-77.246785,38.987382],[-77.247013,38.987949],[-77.247083,38.988044],[-77.247147,38.988327],[-77.247286,38.988548],[-77.247383,38.988785],[-77.247469,38.989136],[-77.247711,38.989484],[-77.247865,38.989991],[-77.248018,38.990302],[-77.24821,38.990839],[-77.248229,38.991189],[-77.248543,38.992466],[-77.248654,38.99269],[-77.248895,38.992991],[-77.249331,38.993658],[-77.249526,38.993849],[-77.249917,38.994006],[-77.249958,38.994123],[-77.24986,38.994327],[-77.249862,38.994501],[-77.24998,38.994645],[-77.250339,38.994817],[-77.25066,38.994848],[-77.251538,38.994985],[-77.251753,38.995147],[-77.25248,38.995415],[-77.252794,38.995415],[-77.25294,38.995451],[-77.252972,38.995521],[-77.252913,38.995714],[-77.252923,38.995868],[-77.253063,38.996191],[-77.25325,38.99651],[-77.253496,38.996763],[-77.253523,38.996849],[-77.253464,38.997042],[-77.253544,38.997293],[-77.253581,38.997637],[-77.253633,38.997828],[-77.253712,38.997909],[-77.254034,38.998082],[-77.254222,38.998296],[-77.254268,38.998573],[-77.254527,38.998864],[-77.254725,38.999348],[-77.254746,38.999449],[-77.254634,38.999678],[-77.254623,38.999781],[-77.255025,39.000878],[-77.255172,39.001029],[-77.255507,39.001305],[-77.25568,39.001542],[-77.255751,39.001749],[-77.255759,39.001991],[-77.255505,39.00304],[-77.255476,39.003459],[-77.255426,39.003802],[-77.255274,39.004152],[-77.255235,39.004349],[-77.255335,39.004653],[-77.255324,39.004876],[-77.255059,39.005394],[-77.254923,39.005742],[-77.254783,39.005962],[-77.254545,39.006154],[-77.254402,39.006352],[-77.254333,39.006898],[-77.254265,39.00713],[-77.253259,39.009158],[-77.251434,39.011614],[-77.250065,39.012691],[-77.247908,39.013884],[-77.246868,39.014866],[-77.245347,39.018264],[-77.244841,39.020339],[-77.245093,39.022146],[-77.246317,39.024681],[-77.247698,39.026038],[-77.250509,39.027226],[-77.254378,39.029567],[-77.258361,39.030362],[-77.260337,39.031189],[-77.268076,39.032226],[-77.273191,39.033872],[-77.275037,39.034284],[-77.277637,39.035833],[-77.279215,39.037115],[-77.282661,39.03932],[-77.283246,39.039563],[-77.286073,39.041348],[-77.287715,39.042931],[-77.289859,39.044481],[-77.293066,39.046469],[-77.295141,39.047381],[-77.299772,39.048916],[-77.304662,39.05137],[-77.306969,39.052086],[-77.308861,39.052245],[-77.311157,39.051813],[-77.312931,39.051798],[-77.316945,39.05269],[-77.318527,39.053589],[-77.320171,39.053558],[-77.323014,39.055446],[-77.323903,39.055584],[-77.32688,39.057376],[-77.328318,39.057678],[-77.333791,39.059612],[-77.333956,39.059874],[-77.333951,39.060018],[-77.33388,39.060142],[-77.33388,39.060616],[-77.333906,39.060964],[-77.334063,39.061206],[-77.334191,39.061303],[-77.33465,39.061445],[-77.334902,39.061545],[-77.335664,39.061797],[-77.336272,39.061963],[-77.337137,39.062265],[-77.33786,39.062332],[-77.338366,39.062507],[-77.338626,39.06253],[-77.339457,39.062761],[-77.339724,39.062796],[-77.340144,39.062909],[-77.340777,39.06295],[-77.341726,39.062962],[-77.342108,39.062926],[-77.342642,39.062967],[-77.342809,39.063017],[-77.343151,39.063028],[-77.343349,39.063004],[-77.343594,39.062916],[-77.34441,39.06286],[-77.344799,39.062812],[-77.345431,39.062796],[-77.345796,39.062754],[-77.346321,39.062717],[-77.347136,39.062621],[-77.348624,39.062501],[-77.349033,39.06248],[-77.349842,39.062395],[-77.351231,39.062347],[-77.351709,39.06231],[-77.352412,39.062318],[-77.353064,39.062384],[-77.354716,39.062459],[-77.356119,39.062539],[-77.357245,39.062624],[-77.357613,39.062624],[-77.358153,39.062648],[-77.358822,39.062645],[-77.359299,39.062602],[-77.360811,39.06257],[-77.36134,39.062536],[-77.361917,39.06252],[-77.362289,39.06256],[-77.363026,39.06248],[-77.36349,39.062371],[-77.364136,39.062286],[-77.364907,39.062262],[-77.365098,39.06222],[-77.365531,39.06223],[-77.365685,39.062212],[-77.3659,39.062097],[-77.366347,39.062025],[-77.366726,39.062002],[-77.367245,39.061898],[-77.367555,39.061932],[-77.3679,39.061869],[-77.367952,39.06176],[-77.367949,39.061715],[-77.368153,39.06159],[-77.368159,39.061633],[-77.368267,39.061568],[-77.372467,39.061839],[-77.374178,39.061738],[-77.378433,39.062445],[-77.380763,39.062617],[-77.384367,39.062116],[-77.386818,39.062241],[-77.392545,39.063262],[-77.396903,39.064391],[-77.398968,39.064697],[-77.401645,39.064402],[-77.401903,39.064442],[-77.407422,39.06479],[-77.416125,39.066454],[-77.420734,39.066329],[-77.423227,39.067012],[-77.427661,39.067905],[-77.43076,39.069266],[-77.43734,39.070649],[-77.441698,39.071313],[-77.443625,39.07122],[-77.443736,39.071255],[-77.444029,39.071257],[-77.444551,39.071292],[-77.445118,39.07122],[-77.445418,39.071234],[-77.445944,39.071358],[-77.446043,39.071457],[-77.446336,39.071579],[-77.44694,39.071696],[-77.447582,39.071869],[-77.448261,39.072004],[-77.448852,39.072161],[-77.449616,39.072302],[-77.449869,39.072273],[-77.450261,39.072315],[-77.451862,39.072326],[-77.452544,39.072398],[-77.454729,39.072807],[-77.455592,39.073033],[-77.456162,39.073158],[-77.456971,39.073399],[-77.457007,39.073412],[-77.4572,39.073485],[-77.457354,39.073538],[-77.457508,39.073591],[-77.457718,39.073663],[-77.459015,39.074181],[-77.459544,39.074397],[-77.460005,39.07458],[-77.460282,39.074713],[-77.460602,39.074843],[-77.460726,39.074915],[-77.460971,39.075056],[-77.460982,39.075064],[-77.461473,39.075426],[-77.461988,39.075843],[-77.462223,39.076061],[-77.4625,39.076404],[-77.462607,39.076591],[-77.462616,39.076608],[-77.462879,39.077222],[-77.462964,39.077469],[-77.463063,39.077754],[-77.463159,39.078044],[-77.463271,39.078211],[-77.46338,39.078397],[-77.463473,39.078565],[-77.463838,39.079041],[-77.463882,39.079187],[-77.464043,39.079426],[-77.464105,39.07945],[-77.464899,39.080721],[-77.468747,39.085248],[-77.469097,39.086641],[-77.468302,39.088336],[-77.468909,39.089679],[-77.470128,39.090508],[-77.472831,39.093182],[-77.474356,39.095601],[-77.476196,39.099565],[-77.476799,39.100294],[-77.477167,39.100987],[-77.47895,39.10341],[-77.481015,39.105689],[-77.485401,39.10931],[-77.488205,39.110618],[-77.489835,39.111374],[-77.497644,39.113761],[-77.498776,39.113701],[-77.502081,39.114637],[-77.506935,39.11599],[-77.510305,39.117337],[-77.512207,39.118044],[-77.514285,39.1182],[-77.518447,39.119782],[-77.520202,39.120965],[-77.521354,39.122252],[-77.523781,39.126184],[-77.524664,39.12772],[-77.525503,39.13124],[-77.526946,39.135605],[-77.527222,39.138296],[-77.527221,39.140544],[-77.527656,39.144632]]]]}},{"type":"Feature","properties":{"id":11,"NAME":"11","TotalPop":784119,"PopDevPct":-0.00070487,"DemPct":0.63152282,"RepPct":0.3349279,"WhitePct":0.41496521,"MinorityPct":0.58503479,"BlackPct":0.20231832,"HispanicPct":0.23223265,"PacificPct":0.00309942,"AsianPct":0.14418571,"NativePct":0.02193557,"TotalVAP":584302,"Margin":0.13152282,"color":"#00008b","opacity":"0.5"},"geometry":{"type":"MultiPolygon","coordinates":[[[[-77.469081,38.795913],[-77.469636,38.795922],[-77.469838,38.795899],[-77.470037,38.795803],[-77.470417,38.79571],[-77.47053,38.795739],[-77.470857,38.795914],[-77.47123,38.796065],[-77.471414,38.796168],[-77.471895,38.796355],[-77.472324,38.796426],[-77.472535,38.796431],[-77.47328,38.796389],[-77.473733,38.796412],[-77.474435,38.796614],[-77.47473,38.796787],[-77.475061,38.797072],[-77.475129,38.797204],[-77.475274,38.797313],[-77.475477,38.797392],[-77.47557,38.797364],[-77.475773,38.797506],[-77.475914,38.7977],[-77.475969,38.797923],[-77.475912,38.798874],[-77.475995,38.799065],[-77.476194,38.799228],[-77.476488,38.799334],[-77.476831,38.799366],[-77.477186,38.799267],[-77.477557,38.799235],[-77.478358,38.799129],[-77.478706,38.799068],[-77.479308,38.799112],[-77.479708,38.799025],[-77.479905,38.798896],[-77.480001,38.798765],[-77.480325,38.798138],[-77.480384,38.797879],[-77.480367,38.797616],[-77.480257,38.797337],[-77.480208,38.797106],[-77.480226,38.796991],[-77.480429,38.796569],[-77.480638,38.796484],[-77.481163,38.796516],[-77.481517,38.796631],[-77.4819,38.79673],[-77.482288,38.796794],[-77.482432,38.796849],[-77.482739,38.797034],[-77.482969,38.79711],[-77.483297,38.797156],[-77.483565,38.797138],[-77.484061,38.797038],[-77.484308,38.797015],[-77.484647,38.797067],[-77.48475,38.797106],[-77.484955,38.797096],[-77.485504,38.796764],[-77.48572,38.796652],[-77.486308,38.796544],[-77.486598,38.796508],[-77.486969,38.796547],[-77.487378,38.796667],[-77.487817,38.796853],[-77.487977,38.796892],[-77.488227,38.796862],[-77.488621,38.796885],[-77.488931,38.796996],[-77.489841,38.797245],[-77.490029,38.79728],[-77.490372,38.797397],[-77.490937,38.797492],[-77.491277,38.797515],[-77.491526,38.797581],[-77.49197,38.797627],[-77.492757,38.797663],[-77.493007,38.797757],[-77.493249,38.798044],[-77.493482,38.798135],[-77.493724,38.798071],[-77.493852,38.798083],[-77.494017,38.798193],[-77.494274,38.798515],[-77.494331,38.798651],[-77.494359,38.798917],[-77.494376,38.800002],[-77.493995,38.800755],[-77.492929,38.801853],[-77.491629,38.803285],[-77.490392,38.804804],[-77.489735,38.805862],[-77.489557,38.807345],[-77.489228,38.808505],[-77.489389,38.80912],[-77.490113,38.810033],[-77.490164,38.810012],[-77.508249,38.802874],[-77.51275,38.801833],[-77.519676,38.801368],[-77.519913,38.801352],[-77.548972,38.799361],[-77.562842,38.798413],[-77.572027,38.797783],[-77.569502,38.795949],[-77.567209,38.794907],[-77.558619,38.79193],[-77.555111,38.790711],[-77.552776,38.789513],[-77.550678,38.787484],[-77.548964,38.785207],[-77.548575,38.785056],[-77.543812,38.783184],[-77.538712,38.781655],[-77.536616,38.780536],[-77.535346,38.779263],[-77.537246,38.775754],[-77.535531,38.773773],[-77.535142,38.771411],[-77.535006,38.77123],[-77.537361,38.770172],[-77.534784,38.766698],[-77.534689,38.766561],[-77.534903,38.766504],[-77.536931,38.765984],[-77.536302,38.764553],[-77.534277,38.761439],[-77.532724,38.758162],[-77.532519,38.756678],[-77.534039,38.753989],[-77.534779,38.752103],[-77.540629,38.752987],[-77.542499,38.752698],[-77.544172,38.751791],[-77.542929,38.748131],[-77.541978,38.746034],[-77.541325,38.746021],[-77.540927,38.745678],[-77.540578,38.74473],[-77.540526,38.744092],[-77.540681,38.744074],[-77.540683,38.743755],[-77.540363,38.743219],[-77.539872,38.742642],[-77.539559,38.742121],[-77.539357,38.741554],[-77.539112,38.741175],[-77.537877,38.740548],[-77.53767,38.740454],[-77.537119,38.739955],[-77.536807,38.739243],[-77.536628,38.738159],[-77.536113,38.737297],[-77.535664,38.737065],[-77.535185,38.737218],[-77.534545,38.737151],[-77.533041,38.735875],[-77.531981,38.734069],[-77.531209,38.730856],[-77.531164,38.728397],[-77.531692,38.726253],[-77.530557,38.725894],[-77.530295,38.725444],[-77.530454,38.724584],[-77.530319,38.723939],[-77.530004,38.723545],[-77.529602,38.723477],[-77.528945,38.723936],[-77.52835,38.724168],[-77.526958,38.724253],[-77.524369,38.723929],[-77.52436,38.723759],[-77.523344,38.723722],[-77.522666,38.723556],[-77.521516,38.722994],[-77.521245,38.722528],[-77.521226,38.722019],[-77.522348,38.719955],[-77.522771,38.719081],[-77.523891,38.718138],[-77.523858,38.717623],[-77.522513,38.717814],[-77.521102,38.717592],[-77.520143,38.717064],[-77.519216,38.716048],[-77.517962,38.71554],[-77.517223,38.715365],[-77.516088,38.715295],[-77.515412,38.715365],[-77.514913,38.715631],[-77.513714,38.715985],[-77.513241,38.716009],[-77.506239,38.706106],[-77.505942,38.707404],[-77.505445,38.708539],[-77.503979,38.709762],[-77.502518,38.712761],[-77.502526,38.715507],[-77.503486,38.716632],[-77.50584,38.718637],[-77.505434,38.720138],[-77.506326,38.720451],[-77.506664,38.720443],[-77.507359,38.719982],[-77.507464,38.720066],[-77.508995,38.721291],[-77.507772,38.722861],[-77.507611,38.72305],[-77.508221,38.723695],[-77.510055,38.726662],[-77.513345,38.731107],[-77.512623,38.731669],[-77.513416,38.732682],[-77.514999,38.735829],[-77.513196,38.73688],[-77.512998,38.736995],[-77.504977,38.729866],[-77.503192,38.728285],[-77.500001,38.725654],[-77.496303,38.723664],[-77.494107,38.722751],[-77.484612,38.718833],[-77.482404,38.718137],[-77.472838,38.715967],[-77.467193,38.715054],[-77.467194,38.714866],[-77.464575,38.714571],[-77.459498,38.71379],[-77.456843,38.71257],[-77.4548,38.711072],[-77.453624,38.710274],[-77.452367,38.709651],[-77.449168,38.708254],[-77.448798,38.708093],[-77.448594,38.707986],[-77.448277,38.707785],[-77.448083,38.707643],[-77.447888,38.707482],[-77.447751,38.707347],[-77.447366,38.70694],[-77.447095,38.706619],[-77.446285,38.705572],[-77.446202,38.705465],[-77.443946,38.70585],[-77.44277,38.705875],[-77.442227,38.705916],[-77.441292,38.705962],[-77.440075,38.705732],[-77.43836,38.705343],[-77.437556,38.70523],[-77.437032,38.705122],[-77.436515,38.704928],[-77.435966,38.704697],[-77.435279,38.704236],[-77.434965,38.703975],[-77.434304,38.703264],[-77.433865,38.702709],[-77.433357,38.702399],[-77.43306,38.702376],[-77.432856,38.702399],[-77.432672,38.702482],[-77.432378,38.702679],[-77.432145,38.703035],[-77.432197,38.703743],[-77.432167,38.704091],[-77.432058,38.70457],[-77.431927,38.704957],[-77.43132,38.705691],[-77.430927,38.705718],[-77.430034,38.705946],[-77.429505,38.705913],[-77.429216,38.70581],[-77.428842,38.705636],[-77.428298,38.705343],[-77.427315,38.704984],[-77.425584,38.704671],[-77.424371,38.704233],[-77.423069,38.703887],[-77.42232,38.703886],[-77.422099,38.703946],[-77.415409,38.705611],[-77.415166,38.706389],[-77.415954,38.707905],[-77.417471,38.709426],[-77.419547,38.710827],[-77.419738,38.712401],[-77.419729,38.712639],[-77.416237,38.712805],[-77.416049,38.712866],[-77.415141,38.712581],[-77.41494,38.712207],[-77.414791,38.711098],[-77.414507,38.710497],[-77.413068,38.70906],[-77.411814,38.708249],[-77.410971,38.708138],[-77.410509,38.708313],[-77.410151,38.710049],[-77.410068,38.710242],[-77.409867,38.710029],[-77.408715,38.708737],[-77.407992,38.70683],[-77.408018,38.705998],[-77.408247,38.704356],[-77.408196,38.703034],[-77.407888,38.701586],[-77.40745,38.700653],[-77.406577,38.699621],[-77.405737,38.698998],[-77.404566,38.698433],[-77.40337,38.698106],[-77.402201,38.697981],[-77.400201,38.697902],[-77.39904,38.697805],[-77.397525,38.697552],[-77.395393,38.696938],[-77.394534,38.696599],[-77.393265,38.695974],[-77.392201,38.695311],[-77.390866,38.694183],[-77.390352,38.693592],[-77.38977,38.692737],[-77.389403,38.691998],[-77.388703,38.690341],[-77.38828,38.689705],[-77.387282,38.688683],[-77.385866,38.687791],[-77.384409,38.687252],[-77.383323,38.687037],[-77.38203,38.686953],[-77.380313,38.687025],[-77.379379,38.687011],[-77.3782,38.686876],[-77.376716,38.6865],[-77.375182,38.685819],[-77.372006,38.684057],[-77.371278,38.683721],[-77.370139,38.683316],[-77.369201,38.683078],[-77.368101,38.682892],[-77.363369,38.682242],[-77.361579,38.68182],[-77.360047,38.681253],[-77.359853,38.681165],[-77.361476,38.679739],[-77.363761,38.678132],[-77.367046,38.676695],[-77.368605,38.676132],[-77.371303,38.675153],[-77.372285,38.674833],[-77.372612,38.674743],[-77.37297,38.674657],[-77.373333,38.674586],[-77.373859,38.674495],[-77.374164,38.674456],[-77.374697,38.674403],[-77.375075,38.674379],[-77.375544,38.674367],[-77.375904,38.674368],[-77.376352,38.674383],[-77.378976,38.674558],[-77.379744,38.674595],[-77.380741,38.674602],[-77.38154,38.67458],[-77.382356,38.674535],[-77.383046,38.674479],[-77.383125,38.67447],[-77.383318,38.674446],[-77.386517,38.673945],[-77.38993,38.673367],[-77.395924,38.672174],[-77.396108,38.672107],[-77.4008,38.669737],[-77.402553,38.669021],[-77.401802,38.667451],[-77.401462,38.666783],[-77.401368,38.666622],[-77.401238,38.666443],[-77.401127,38.666323],[-77.400559,38.665742],[-77.400449,38.665664],[-77.400262,38.665454],[-77.40008,38.665192],[-77.39994,38.664917],[-77.399853,38.664743],[-77.399771,38.66454],[-77.399665,38.664163],[-77.399632,38.663944],[-77.399598,38.663443],[-77.399527,38.662929],[-77.399451,38.662431],[-77.399398,38.662183],[-77.399336,38.661941],[-77.399265,38.661729],[-77.399177,38.661513],[-77.398987,38.661127],[-77.398045,38.659724],[-77.397663,38.659244],[-77.396752,38.657742],[-77.396065,38.656413],[-77.395053,38.654705],[-77.389072,38.651132],[-77.387732,38.650231],[-77.385912,38.648253],[-77.384629,38.645958],[-77.384748,38.645907],[-77.384366,38.643206],[-77.383198,38.641691],[-77.38227,38.641977],[-77.382175,38.642007],[-77.382153,38.642014],[-77.381187,38.640854],[-77.380246,38.639555],[-77.378776,38.637696],[-77.376946,38.635327],[-77.376387,38.634588],[-77.374788,38.632244],[-77.374501,38.63135],[-77.373959,38.629306],[-77.373833,38.628829],[-77.373644,38.628242],[-77.373375,38.627685],[-77.373051,38.627191],[-77.372437,38.626334],[-77.372241,38.62606],[-77.372145,38.625925],[-77.371983,38.625652],[-77.371763,38.625205],[-77.371653,38.624766],[-77.371615,38.624509],[-77.371773,38.621313],[-77.372255,38.619673],[-77.372346,38.619417],[-77.372465,38.619068],[-77.372538,38.61874],[-77.372548,38.618522],[-77.372538,38.618232],[-77.372489,38.617745],[-77.372401,38.617547],[-77.372273,38.617279],[-77.372013,38.616883],[-77.371699,38.616552],[-77.371346,38.616163],[-77.371096,38.615888],[-77.370963,38.615706],[-77.370888,38.615587],[-77.370801,38.615427],[-77.370686,38.615152],[-77.370628,38.614914],[-77.370553,38.614419],[-77.368795,38.613512],[-77.367896,38.611337],[-77.363443,38.609465],[-77.362937,38.609238],[-77.363047,38.60908],[-77.360654,38.607997],[-77.355889,38.605803],[-77.353138,38.6051],[-77.35481,38.600237],[-77.35531,38.599545],[-77.356545,38.600346],[-77.357727,38.60183],[-77.359503,38.601983],[-77.361125,38.603273],[-77.364746,38.604094],[-77.367359,38.604089],[-77.368485,38.602715],[-77.370606,38.601994],[-77.370916,38.60045],[-77.373923,38.596868],[-77.378998,38.589222],[-77.37998,38.586901],[-77.378892,38.585692],[-77.379061,38.585073],[-77.376498,38.582895],[-77.377284,38.581704],[-77.376165,38.58065],[-77.376441,38.579914],[-77.376004,38.577902],[-77.374982,38.576181],[-77.375177,38.575607],[-77.374336,38.573778],[-77.374866,38.572877],[-77.373542,38.571355],[-77.371991,38.571211],[-77.371798,38.572577],[-77.370135,38.572621],[-77.3694,38.571763],[-77.369519,38.570069],[-77.36701,38.56867],[-77.364481,38.567665],[-77.364338,38.566678],[-77.365015,38.56604],[-77.365743,38.563902],[-77.364671,38.56284],[-77.361976,38.562725],[-77.36087,38.561821],[-77.360133,38.560399],[-77.359915,38.558431],[-77.35877,38.55797],[-77.357733,38.55889],[-77.354964,38.559882],[-77.353177,38.559025],[-77.349718,38.558832],[-77.35004,38.557278],[-77.34954,38.555694],[-77.349847,38.555573],[-77.352464,38.554707],[-77.355243,38.553878],[-77.355867,38.552701],[-77.356819,38.552433],[-77.356471,38.552326],[-77.356537,38.551147],[-77.357286,38.550612],[-77.357527,38.545862],[-77.359831,38.531113],[-77.366986,38.525257],[-77.368017,38.524439],[-77.370611,38.522411],[-77.372027,38.521189],[-77.371078,38.520216],[-77.371042,38.520161],[-77.370366,38.519538],[-77.368163,38.519015],[-77.365651,38.519373],[-77.36441,38.520918],[-77.362075,38.520677],[-77.361215,38.520159],[-77.359068,38.519763],[-77.35844,38.518684],[-77.35709,38.517764],[-77.355674,38.517746],[-77.354675,38.518391],[-77.352301,38.517766],[-77.350747,38.516826],[-77.34796,38.516026],[-77.343289,38.515411],[-77.341599,38.514467],[-77.339686,38.51404],[-77.336816,38.514916],[-77.334446,38.514116],[-77.334234,38.512451],[-77.333461,38.510556],[-77.330734,38.50903],[-77.328187,38.507213],[-77.326436,38.506376],[-77.322652,38.505484],[-77.319764,38.505108],[-77.317341,38.503828],[-77.314537,38.502706],[-77.313278,38.5022],[-77.311538,38.501499],[-77.310838,38.501217],[-77.310048,38.500909],[-77.308264,38.500997],[-77.308003,38.501573],[-77.309516,38.502787],[-77.309737,38.502936],[-77.311113,38.504161],[-77.310965,38.504837],[-77.309438,38.50572],[-77.30865,38.506103],[-77.305139,38.506388],[-77.302226,38.504552],[-77.300559,38.504714],[-77.298675,38.505308],[-77.298312,38.505818],[-77.298492,38.50792],[-77.29999,38.509817],[-77.299997,38.510709],[-77.298065,38.512474],[-77.296851,38.511936],[-77.295406,38.509239],[-77.291088,38.515743],[-77.29072,38.515716],[-77.289738,38.518056],[-77.287121,38.520401],[-77.285309,38.519695],[-77.28553,38.520278],[-77.287472,38.520905],[-77.286113,38.522348],[-77.285791,38.523431],[-77.282759,38.525957],[-77.282715,38.527691],[-77.281803,38.529119],[-77.281195,38.530244],[-77.279793,38.532841],[-77.280129,38.533907],[-77.279262,38.534346],[-77.279013,38.536422],[-77.276339,38.539445],[-77.275723,38.543181],[-77.276397,38.544833],[-77.27636,38.546913],[-77.274463,38.548929],[-77.274033,38.550152],[-77.272948,38.551244],[-77.269902,38.552918],[-77.265332,38.555061],[-77.26338,38.555499],[-77.261543,38.556913],[-77.26159,38.558841],[-77.26032,38.559843],[-77.256953,38.560462],[-77.25703,38.561197],[-77.255703,38.563318],[-77.251759,38.575014],[-77.246903,38.589416],[-77.246596,38.590963],[-77.246362,38.593441],[-77.24448,38.594575],[-77.238103,38.598417],[-77.228807,38.603729],[-77.227336,38.60457],[-77.203696,38.618172],[-77.201734,38.617759],[-77.200264,38.618885],[-77.196981,38.61954],[-77.191648,38.619168],[-77.189304,38.62066],[-77.185209,38.621686],[-77.18261,38.621792],[-77.180207,38.623262],[-77.176794,38.623946],[-77.175945,38.624112],[-77.175219,38.624084],[-77.174731,38.624283],[-77.173149,38.624247],[-77.166365,38.625106],[-77.129682,38.634704],[-77.13009,38.635446],[-77.131092,38.636884],[-77.131529,38.638778],[-77.133507,38.642525],[-77.132812,38.644217],[-77.133397,38.645249],[-77.135279,38.646237],[-77.136293,38.647231],[-77.136421,38.650236],[-77.134732,38.660006],[-77.132439,38.674143],[-77.130164,38.675956],[-77.127318,38.678602],[-77.122632,38.685256],[-77.108675,38.694524],[-77.104308,38.697314],[-77.102379,38.698188],[-77.10102,38.698073],[-77.098546,38.698934],[-77.095247,38.701289],[-77.093298,38.702719],[-77.091013,38.703624],[-77.088961,38.705084],[-77.084851,38.706801],[-77.081614,38.707926],[-77.079928,38.709064],[-77.08083,38.710383],[-77.079814,38.712672],[-77.078269,38.713391],[-77.075093,38.712604],[-77.074186,38.712824],[-77.073157,38.710811],[-77.071433,38.709981],[-77.062196,38.709829],[-77.056508,38.710216],[-77.053017,38.709932],[-77.051896,38.711087],[-77.048315,38.712807],[-77.04599,38.714969],[-77.043338,38.718468],[-77.043722,38.71919],[-77.043187,38.71938],[-77.042612,38.721553],[-77.042021,38.724677],[-77.041469,38.725847],[-77.041658,38.729829],[-77.04159,38.736817],[-77.043421,38.739463],[-77.042282,38.741285],[-77.041848,38.751811],[-77.041514,38.761038],[-77.041364,38.768554],[-77.041362,38.785415],[-77.051365,38.789938],[-77.052685,38.790764],[-77.056524,38.792465],[-77.056809,38.792591],[-77.05984,38.794048],[-77.060148,38.79417],[-77.060829,38.794402],[-77.060917,38.794432],[-77.061199,38.794528],[-77.061288,38.794558],[-77.062469,38.794959],[-77.062675,38.79503],[-77.062727,38.795048],[-77.062835,38.795084],[-77.063614,38.79535],[-77.063531,38.795503],[-77.063466,38.795622],[-77.063427,38.795692],[-77.063399,38.795745],[-77.063289,38.795947],[-77.063151,38.796203],[-77.063087,38.79632],[-77.063031,38.796424],[-77.068987,38.798769],[-77.071814,38.799729],[-77.071883,38.799748],[-77.077475,38.80081],[-77.077701,38.800837],[-77.084105,38.801605],[-77.084518,38.801654],[-77.087415,38.801999],[-77.09122,38.802462],[-77.094714,38.802871],[-77.099136,38.803397],[-77.102717,38.803512],[-77.108328,38.802983],[-77.112205,38.802071],[-77.112104,38.801809],[-77.112006,38.801614],[-77.120782,38.799211],[-77.125404,38.798],[-77.129111,38.797229],[-77.135521,38.796231],[-77.14499,38.794735],[-77.153082,38.793405],[-77.155354,38.792893],[-77.157786,38.792226],[-77.160858,38.791432],[-77.167544,38.79022],[-77.170962,38.789932],[-77.173232,38.790128],[-77.173597,38.790177],[-77.175091,38.790546],[-77.174945,38.790738],[-77.174869,38.790855],[-77.17564,38.791307],[-77.175063,38.791891],[-77.175279,38.791924],[-77.17904,38.792676],[-77.186133,38.795167],[-77.190389,38.796408],[-77.193856,38.797198],[-77.194209,38.797057],[-77.197722,38.795654],[-77.201698,38.794072],[-77.205702,38.793241],[-77.218725,38.792767],[-77.218782,38.792764],[-77.218947,38.792758],[-77.225346,38.792525],[-77.228318,38.792474],[-77.229204,38.792619],[-77.231794,38.793692],[-77.234299,38.79297],[-77.235017,38.791659],[-77.236855,38.792054],[-77.238935,38.791847],[-77.24027,38.791021],[-77.241124,38.790403],[-77.241731,38.789962],[-77.242727,38.789325],[-77.244851,38.788913],[-77.246566,38.788266],[-77.247742,38.787303],[-77.247948,38.787118],[-77.24892,38.786245],[-77.250303,38.785002],[-77.251355,38.783853],[-77.250631,38.781862],[-77.25188,38.780662],[-77.252142,38.780756],[-77.252512,38.780778],[-77.252788,38.780723],[-77.252989,38.780808],[-77.253309,38.780852],[-77.253429,38.780924],[-77.253546,38.781227],[-77.253711,38.781449],[-77.253945,38.781563],[-77.254162,38.781725],[-77.254149,38.781934],[-77.254086,38.782082],[-77.254093,38.782358],[-77.253812,38.782675],[-77.253903,38.782888],[-77.253914,38.783015],[-77.253793,38.783396],[-77.253791,38.783831],[-77.253965,38.784078],[-77.254229,38.784191],[-77.255298,38.784467],[-77.255809,38.784478],[-77.256131,38.784724],[-77.256328,38.784587],[-77.257874,38.784564],[-77.258646,38.785097],[-77.25885,38.785922],[-77.259397,38.786138],[-77.260268,38.785809],[-77.261122,38.785609],[-77.262028,38.785069],[-77.262267,38.785252],[-77.262625,38.785458],[-77.262894,38.785582],[-77.26343,38.785795],[-77.264158,38.786158],[-77.264752,38.786404],[-77.2649,38.786489],[-77.265326,38.786676],[-77.265636,38.786903],[-77.26577,38.786937],[-77.266081,38.78703],[-77.266274,38.78717],[-77.266576,38.787272],[-77.26659,38.787328],[-77.266983,38.787438],[-77.267157,38.787457],[-77.26719,38.78756],[-77.267343,38.787682],[-77.267778,38.787869],[-77.267849,38.787928],[-77.268015,38.78791],[-77.268191,38.787975],[-77.268278,38.788167],[-77.268406,38.788251],[-77.268635,38.788283],[-77.268777,38.788366],[-77.268909,38.788352],[-77.269069,38.788194],[-77.269253,38.788242],[-77.269417,38.788332],[-77.269803,38.788597],[-77.269745,38.788721],[-77.269509,38.788662],[-77.269451,38.788724],[-77.269593,38.789156],[-77.269744,38.789347],[-77.269949,38.789411],[-77.269977,38.789754],[-77.270084,38.789867],[-77.27013,38.789997],[-77.270409,38.790137],[-77.27056,38.790462],[-77.27072,38.790674],[-77.27088,38.79078],[-77.271,38.790746],[-77.271119,38.790812],[-77.271116,38.791001],[-77.271228,38.791291],[-77.271524,38.79147],[-77.271683,38.791528],[-77.271671,38.791644],[-77.271833,38.791614],[-77.271978,38.791769],[-77.272093,38.791813],[-77.272537,38.792097],[-77.272716,38.792289],[-77.273083,38.792569],[-77.273381,38.792654],[-77.273417,38.792549],[-77.275031,38.793001],[-77.27499,38.796241],[-77.274912,38.796269],[-77.273922,38.79716],[-77.276839,38.798352],[-77.279285,38.798517],[-77.284577,38.798235],[-77.284634,38.798232],[-77.299682,38.797431],[-77.301266,38.79752],[-77.298721,38.79853],[-77.29548,38.798982],[-77.296069,38.800821],[-77.297215,38.804298],[-77.297067,38.806069],[-77.297827,38.806757],[-77.301128,38.807459],[-77.302983,38.80785],[-77.304563,38.808213],[-77.309128,38.80934],[-77.309191,38.809372],[-77.310741,38.810093],[-77.3124,38.810955],[-77.314091,38.811891],[-77.31509,38.812429],[-77.31564,38.812692],[-77.317206,38.813551],[-77.320062,38.8151],[-77.320606,38.815392],[-77.321344,38.815802],[-77.319866,38.81895],[-77.319206,38.820005],[-77.318424,38.821019],[-77.31719,38.823145],[-77.316412,38.827361],[-77.316594,38.827436],[-77.31977,38.828957],[-77.32165,38.82958],[-77.323961,38.829785],[-77.324963,38.829859],[-77.325284,38.829887],[-77.325484,38.829903],[-77.325676,38.82992],[-77.325942,38.82996],[-77.326192,38.830006],[-77.326412,38.830059],[-77.326764,38.830143],[-77.327103,38.830251],[-77.327467,38.830377],[-77.328135,38.830607],[-77.32857,38.83077],[-77.328783,38.830839],[-77.328983,38.830901],[-77.331706,38.831359],[-77.334339,38.831756],[-77.335877,38.832476],[-77.337201,38.833351],[-77.337737,38.833622],[-77.338829,38.833885],[-77.341982,38.834177],[-77.342322,38.834187],[-77.342528,38.834186],[-77.342719,38.834176],[-77.343145,38.834139],[-77.343261,38.834121],[-77.3434,38.834091],[-77.343576,38.834046],[-77.344495,38.833774],[-77.344765,38.833686],[-77.344861,38.833897],[-77.344706,38.836284],[-77.344865,38.836326],[-77.344957,38.836345],[-77.345067,38.836351],[-77.345149,38.836345],[-77.345253,38.836321],[-77.345359,38.836272],[-77.345428,38.83622],[-77.34619,38.8355],[-77.346513,38.835235],[-77.346814,38.834999],[-77.347011,38.83483],[-77.347382,38.834463],[-77.347477,38.834346],[-77.347551,38.834231],[-77.34762,38.834091],[-77.347669,38.833952],[-77.347757,38.833612],[-77.347802,38.833473],[-77.347904,38.833029],[-77.347925,38.832806],[-77.348063,38.832763],[-77.348284,38.832681],[-77.348486,38.832594],[-77.349022,38.832335],[-77.349874,38.831917],[-77.350786,38.831458],[-77.351188,38.831275],[-77.351778,38.831065],[-77.352047,38.830978],[-77.352906,38.830758],[-77.353299,38.830694],[-77.353738,38.83063],[-77.354085,38.830583],[-77.359755,38.830539],[-77.362092,38.830129],[-77.362277,38.830072],[-77.366572,38.828643],[-77.366849,38.828567],[-77.371123,38.827208],[-77.372048,38.826919],[-77.37241,38.826814],[-77.372756,38.826713],[-77.373074,38.82663],[-77.373255,38.826597],[-77.373479,38.826561],[-77.37371,38.826546],[-77.373851,38.826539],[-77.374094,38.826543],[-77.374299,38.826565],[-77.374577,38.826608],[-77.375119,38.826713],[-77.37596,38.826882],[-77.376253,38.826944],[-77.376679,38.827027],[-77.377003,38.827057],[-77.380381,38.827164],[-77.384496,38.827281],[-77.386402,38.827567],[-77.391437,38.82897],[-77.395653,38.830566],[-77.398327,38.830692],[-77.403381,38.829914],[-77.406516,38.829631],[-77.411928,38.830519],[-77.41278,38.830393],[-77.418622,38.829547],[-77.418677,38.829537],[-77.422622,38.828957],[-77.426294,38.82842],[-77.428308,38.82809],[-77.430617,38.827751],[-77.430996,38.827696],[-77.432524,38.827474],[-77.433553,38.827324],[-77.433982,38.827262],[-77.434035,38.827235],[-77.4345,38.827171],[-77.434777,38.827163],[-77.435008,38.827176],[-77.435499,38.827235],[-77.435734,38.827277],[-77.436091,38.827324],[-77.436441,38.827388],[-77.436801,38.827407],[-77.441146,38.826177],[-77.441293,38.825209],[-77.443282,38.822513],[-77.444928,38.819434],[-77.445853,38.820244],[-77.449667,38.822745],[-77.451364,38.821997],[-77.448025,38.820021],[-77.447401,38.819559],[-77.450157,38.816947],[-77.450414,38.815483],[-77.451651,38.814804],[-77.453099,38.81294],[-77.453576,38.811118],[-77.450751,38.810754],[-77.449728,38.81],[-77.44907,38.809882],[-77.448718,38.810009],[-77.448746,38.809753],[-77.449484,38.805213],[-77.449008,38.803309],[-77.448935,38.80317],[-77.449042,38.803087],[-77.449304,38.803073],[-77.450586,38.802227],[-77.450732,38.802008],[-77.450606,38.801582],[-77.450237,38.801119],[-77.450029,38.800561],[-77.45013,38.800082],[-77.45099,38.798727],[-77.45132,38.797646],[-77.451584,38.797131],[-77.45208,38.796492],[-77.452896,38.796151],[-77.454527,38.796016],[-77.455718,38.796125],[-77.456593,38.795862],[-77.456962,38.795909],[-77.457265,38.796277],[-77.457335,38.796839],[-77.457675,38.797291],[-77.457743,38.797291],[-77.457902,38.797331],[-77.458215,38.797497],[-77.458618,38.797654],[-77.458892,38.797698],[-77.459152,38.797702],[-77.459444,38.797664],[-77.459657,38.797582],[-77.459838,38.797447],[-77.459981,38.797268],[-77.460057,38.797018],[-77.460211,38.796734],[-77.46037,38.796523],[-77.460514,38.796391],[-77.461097,38.796022],[-77.46146,38.795723],[-77.461902,38.795558],[-77.462086,38.795514],[-77.46237,38.795492],[-77.462543,38.795518],[-77.463016,38.79565],[-77.463495,38.795854],[-77.464128,38.796171],[-77.464537,38.796342],[-77.464999,38.796468],[-77.465923,38.796613],[-77.466075,38.796623],[-77.466197,38.796621],[-77.468234,38.796299],[-77.469081,38.795913]]]]}}],"labels":{"type":"FeatureCollection","features":[{"type":"Feature","properties":{"id":"1","NAME":"1","featureLabel":{"left":-76.81117498989104,"right":-76.81117498989104,"top":37.77855378670503,"bottom":37.77855378670503},"text-field":"1"},"geometry":{"type":"Point","coordinates":[-76.81117498989104,37.77855378670503]}},{"type":"Feature","properties":{"id":"2","NAME":"2","featureLabel":{"left":-75.85273389768216,"right":-75.85273389768216,"top":37.614624961418144,"bottom":37.614624961418144},"text-field":"2"},"geometry":{"type":"Point","coordinates":[-75.85273389768216,37.614624961418144]}},{"type":"Feature","properties":{"id":"3","NAME":"3","featureLabel":{"left":-76.41933034664918,"right":-76.41933034664918,"top":36.849685183013925,"bottom":36.849685183013925},"text-field":"3"},"geometry":{"type":"Point","coordinates":[-76.41933034664918,36.849685183013925]}},{"type":"Feature","properties":{"id":"4","NAME":"4","featureLabel":{"left":-77.04326310931779,"right":-77.04326310931779,"top":36.94610626361464,"bottom":36.94610626361464},"text-field":"4"},"geometry":{"type":"Point","coordinates":[-77.04326310931779,36.94610626361464]}},{"type":"Feature","properties":{"id":"5","NAME":"5","featureLabel":{"left":-78.97890087255855,"right":-78.97890087255855,"top":37.17273130908203,"bottom":37.17273130908203},"text-field":"5"},"geometry":{"type":"Point","coordinates":[-78.97890087255855,37.17273130908203]}},{"type":"Feature","properties":{"id":"6","NAME":"6","featureLabel":{"left":-78.26904270471952,"right":-78.26904270471952,"top":38.639469038581844,"bottom":38.639469038581844},"text-field":"6"},"geometry":{"type":"Point","coordinates":[-78.26904270471952,38.639469038581844]}},{"type":"Feature","properties":{"id":"7","NAME":"7","featureLabel":{"left":-78.56394272089769,"right":-78.56394272089769,"top":38.00937252828597,"bottom":38.00937252828597},"text-field":"7"},"geometry":{"type":"Point","coordinates":[-78.56394272089769,38.00937252828597]}},{"type":"Feature","properties":{"id":"8","NAME":"8","featureLabel":{"left":-77.17449932806394,"right":-77.17449932806394,"top":38.874343906433104,"bottom":38.874343906433104},"text-field":"8"},"geometry":{"type":"Point","coordinates":[-77.17449932806394,38.874343906433104]}},{"type":"Feature","properties":{"id":"9","NAME":"9","featureLabel":{"left":-82.08608345103455,"right":-82.08608345103455,"top":36.98020395332337,"bottom":36.98020395332337},"text-field":"9"},"geometry":{"type":"Point","coordinates":[-82.08608345103455,36.98020395332337]}},{"type":"Feature","properties":{"id":"10","NAME":"10","featureLabel":{"left":-77.67328496813965,"right":-77.67328496813965,"top":39.1012276727295,"bottom":39.1012276727295},"text-field":"10"},"geometry":{"type":"Point","coordinates":[-77.67328496813965,39.1012276727295]}},{"type":"Feature","properties":{"id":"11","NAME":"11","featureLabel":{"left":-77.26720861886598,"right":-77.26720861886598,"top":38.688883662017815,"bottom":38.688883662017815},"text-field":"11"},"geometry":{"type":"Point","coordinates":[-77.26720861886598,38.688883662017815]}}]}}