{"type":"FeatureCollection","features":[{"type":"Feature","properties":{"id":1,"NAME":"1","TotalPop":713072,"PopDevPct":-0.00033611,"DemPct":0.79357392,"RepPct":0.17676246,"WhitePct":0.62088064,"MinorityPct":0.37911936,"BlackPct":0.15217708,"HispanicPct":0.08394953,"PacificPct":0.00173128,"AsianPct":0.12014476,"NativePct":0.0272153,"TotalVAP":562588,"Margin":0.29357392,"color":"#00008b","opacity":"1"},"geometry":{"type":"MultiPolygon","coordinates":[[[[-93.172102,44.887399],[-93.168176,44.888551],[-93.164346,44.89034],[-93.157037,44.891828],[-93.1539,44.892898],[-93.153032,44.8936],[-93.149921,44.896581],[-93.146682,44.899307],[-93.139085,44.904227],[-93.138879,44.904359],[-93.136493,44.906102],[-93.133671,44.910265],[-93.132788,44.912406],[-93.131941,44.916025],[-93.128629,44.919648],[-93.127047,44.919649],[-93.121213,44.919676],[-93.120404,44.91968],[-93.120092,44.919682],[-93.115917,44.919706],[-93.115748,44.919707],[-93.115446,44.919709],[-93.115334,44.91971],[-93.114479,44.919715],[-93.111282,44.919732],[-93.10988,44.91974],[-93.107027,44.919756],[-93.105835,44.919748],[-93.104608,44.919739],[-93.103219,44.91973],[-93.101812,44.91972],[-93.100587,44.919711],[-93.09989,44.919705],[-93.098108,44.919693],[-93.097628,44.91969],[-93.096352,44.919681],[-93.096024,44.919679],[-93.096026,44.919859],[-93.09604,44.920704],[-93.096048,44.921691],[-93.096052,44.921917],[-93.096065,44.92268],[-93.096067,44.92285],[-93.096041,44.923287],[-93.09432,44.923279],[-93.092222,44.92327],[-93.090935,44.923236],[-93.090928,44.922206],[-93.090923,44.921472],[-93.09091,44.919687],[-93.090225,44.919666],[-93.089462,44.919665],[-93.088016,44.919662],[-93.086548,44.919658],[-93.085829,44.919657],[-93.085072,44.919651],[-93.083725,44.91964],[-93.083605,44.919639],[-93.082151,44.919627],[-93.080674,44.919615],[-93.076465,44.919581],[-93.074673,44.91957],[-93.073012,44.919562],[-93.072895,44.919562],[-93.071588,44.919556],[-93.070954,44.919553],[-93.069108,44.919544],[-93.067831,44.919538],[-93.066884,44.919534],[-93.065388,44.919527],[-93.064881,44.919526],[-93.064646,44.919526],[-93.063209,44.919523],[-93.059647,44.919515],[-93.059018,44.919514],[-93.058318,44.919513],[-93.053573,44.919505],[-93.052835,44.919504],[-93.051642,44.919502],[-93.050757,44.91852],[-93.045179,44.912307],[-93.042125,44.905101],[-93.036938,44.899999],[-93.034733,44.897831],[-93.024607,44.894074],[-93.020044,44.89075],[-93.017548,44.890752],[-93.00853,44.890763],[-93.007417,44.890763],[-93.006773,44.890765],[-93.006725,44.890764],[-93.006634,44.890763],[-93.006513,44.890765],[-93.006491,44.890765],[-93.006336,44.890765],[-93.006267,44.890765],[-93.006237,44.890765],[-93.005381,44.890766],[-93.005038,44.890766],[-93.004424,44.890767],[-93.000099,44.890773],[-92.999786,44.89078],[-92.994282,44.890792],[-92.984192,44.890814],[-92.98421,44.894594],[-92.984261,44.900942],[-92.984323,44.903867],[-92.984291,44.904793],[-92.984289,44.905911],[-92.984394,44.909482],[-92.984399,44.910786],[-92.984398,44.911147],[-92.984396,44.911812],[-92.984394,44.912521],[-92.98439,44.913679],[-92.984421,44.917646],[-92.984429,44.918723],[-92.984441,44.919568],[-92.98441,44.920646],[-92.984449,44.923343],[-92.984452,44.924249],[-92.984457,44.925754],[-92.984459,44.927907],[-92.984459,44.928024],[-92.984478,44.932187],[-92.984513,44.93881],[-92.984502,44.941422],[-92.984541,44.943137],[-92.984588,44.944457],[-92.984597,44.944974],[-92.984594,44.945186],[-92.98462,44.946114],[-92.984611,44.947035],[-92.984641,44.947422],[-92.984655,44.948344],[-92.98466,44.948522],[-92.984663,44.948993],[-92.984705,44.953488],[-92.984697,44.953777],[-92.984678,44.955745],[-92.984678,44.955856],[-92.984695,44.957775],[-92.984748,44.959079],[-92.984761,44.959605],[-92.984769,44.961302],[-92.984765,44.961427],[-92.984735,44.963252],[-92.98474,44.964316],[-92.984748,44.965277],[-92.984759,44.965663],[-92.984792,44.966865],[-92.984841,44.968668],[-92.984833,44.970473],[-92.984821,44.972029],[-92.984801,44.973713],[-92.984763,44.975676],[-92.984742,44.976656],[-92.984706,44.977756],[-92.9847,44.980286],[-92.984703,44.981387],[-92.984707,44.985313],[-92.984707,44.987081],[-92.984705,44.987605],[-92.984696,44.992273],[-92.984716,44.994798],[-92.984687,44.99717],[-92.984686,44.997399],[-92.984702,44.999563],[-92.984713,45.001486],[-92.984738,45.006735],[-92.984743,45.007649],[-92.984744,45.008027],[-92.984744,45.008546],[-92.984744,45.009465],[-92.984744,45.010361],[-92.984744,45.011271],[-92.984747,45.013092],[-92.984749,45.013977],[-92.984757,45.014894],[-92.984774,45.015813],[-92.984786,45.016445],[-92.984791,45.016743],[-92.984803,45.017559],[-92.984793,45.018519],[-92.984787,45.019058],[-92.98478,45.019744],[-92.984777,45.020009],[-92.984774,45.020311],[-92.984769,45.021184],[-92.984764,45.022175],[-92.984758,45.023197],[-92.984768,45.024207],[-92.984763,45.026149],[-92.984757,45.026303],[-92.98477,45.027057],[-92.984771,45.029051],[-92.984766,45.029312],[-92.984741,45.029934],[-92.984761,45.03022],[-92.984775,45.031466],[-92.984776,45.031636],[-92.984777,45.031818],[-92.984784,45.033066],[-92.984791,45.034049],[-92.991161,45.03497],[-93.000604,45.035995],[-93.005171,45.036493],[-93.01169,45.037089],[-93.017701,45.037178],[-93.026977,45.037085],[-93.036188,45.037285],[-93.036467,45.036048],[-93.036793,45.035796],[-93.043508,45.035829],[-93.04381,45.035831],[-93.047201,45.035845],[-93.048582,45.03585],[-93.0548,45.035872],[-93.056231,45.035876],[-93.058815,45.035878],[-93.062703,45.035881],[-93.06519,45.035882],[-93.066492,45.035883],[-93.067838,45.035884],[-93.069459,45.035886],[-93.072116,45.03589],[-93.074253,45.035893],[-93.07667,45.035883],[-93.079976,45.035906],[-93.082258,45.035913],[-93.08684,45.035927],[-93.086832,45.038198],[-93.08682,45.042124],[-93.086819,45.042375],[-93.086816,45.043148],[-93.088531,45.043154],[-93.088803,45.043154],[-93.093617,45.043142],[-93.097119,45.043132],[-93.102438,45.043117],[-93.103008,45.043116],[-93.103307,45.043115],[-93.106285,45.043105],[-93.106284,45.04307],[-93.108398,45.043084],[-93.108347,45.043006],[-93.108099,45.042613],[-93.108433,45.042613],[-93.108734,45.043104],[-93.116406,45.043091],[-93.116839,45.043092],[-93.117466,45.043094],[-93.119114,45.043085],[-93.120934,45.043136],[-93.121862,45.043105],[-93.122806,45.043089],[-93.124929,45.043087],[-93.127741,45.042949],[-93.127823,45.043221],[-93.12914,45.043066],[-93.131704,45.043056],[-93.131774,45.043055],[-93.132915,45.043051],[-93.132864,45.043105],[-93.136818,45.043079],[-93.140406,45.04302],[-93.14701,45.042991],[-93.147007,45.042566],[-93.146993,45.040792],[-93.146982,45.039251],[-93.14698,45.038925],[-93.146973,45.03802],[-93.147079,45.035757],[-93.148994,45.03576],[-93.157064,45.035742],[-93.158334,45.035739],[-93.159676,45.035747],[-93.162363,45.035735],[-93.162652,45.035728],[-93.163043,45.035727],[-93.164755,45.035726],[-93.166289,45.03572],[-93.167203,45.035715],[-93.169131,45.035718],[-93.169334,45.035719],[-93.170301,45.035722],[-93.173735,45.035729],[-93.17522,45.035732],[-93.175812,45.035733],[-93.177497,45.035737],[-93.177613,45.035736],[-93.179131,45.035738],[-93.18072,45.03574],[-93.182563,45.035742],[-93.183971,45.035743],[-93.185037,45.035744],[-93.187706,45.035747],[-93.190318,45.035742],[-93.190647,45.035742],[-93.192569,45.035739],[-93.194318,45.035725],[-93.194916,45.035737],[-93.196861,45.035734],[-93.197149,45.035734],[-93.197892,45.035731],[-93.199169,45.035733],[-93.20322,45.035739],[-93.203631,45.035741],[-93.203781,45.035741],[-93.20744,45.035747],[-93.208092,45.035744],[-93.208097,45.03504],[-93.208107,45.033573],[-93.208076,45.032234],[-93.208061,45.03141],[-93.208048,45.030611],[-93.208029,45.029587],[-93.207949,45.027802],[-93.207926,45.027561],[-93.207866,45.024616],[-93.207861,45.024323],[-93.207802,45.020584],[-93.207718,45.013364],[-93.207647,45.007094],[-93.207642,45.006732],[-93.207636,45.006205],[-93.207638,45.005977],[-93.207602,45.000643],[-93.207602,45.000549],[-93.207596,44.998862],[-93.207558,44.991684],[-93.207566,44.990425],[-93.207587,44.988071],[-93.207612,44.98476],[-93.207649,44.980331],[-93.20767,44.977227],[-93.207672,44.976326],[-93.207681,44.975208],[-93.207684,44.974746],[-93.207687,44.974285],[-93.218355,44.977442],[-93.222382,44.979675],[-93.22603,44.98168],[-93.226021,44.980502],[-93.229873,44.980508],[-93.227257,44.980008],[-93.226867,44.978548],[-93.227033,44.978509],[-93.226337,44.978012],[-93.227104,44.977039],[-93.226232,44.976258],[-93.226622,44.975525],[-93.225685,44.975147],[-93.224525,44.974678],[-93.223618,44.974316],[-93.223919,44.973634],[-93.225678,44.973637],[-93.227104,44.973664],[-93.228677,44.973682],[-93.230311,44.973664],[-93.230263,44.972557],[-93.230347,44.97034],[-93.230349,44.969126],[-93.230351,44.968177],[-93.234673,44.969064],[-93.236452,44.969455],[-93.238548,44.97104],[-93.239264,44.973136],[-93.239268,44.973257],[-93.239627,44.976467],[-93.24124,44.977812],[-93.242866,44.978482],[-93.244009,44.978864],[-93.245026,44.978882],[-93.24539,44.978888],[-93.245408,44.978851],[-93.24787,44.978863],[-93.251424,44.979665],[-93.253725,44.980617],[-93.257124,44.981865],[-93.259985,44.983041],[-93.261463,44.982523],[-93.26191,44.982313],[-93.262444,44.98196],[-93.263237,44.980995],[-93.264072,44.979996],[-93.264893,44.979012],[-93.265709,44.978043],[-93.267075,44.978622],[-93.26845,44.979212],[-93.269257,44.978233],[-93.270058,44.977261],[-93.270866,44.976291],[-93.27224,44.976868],[-93.274818,44.977978],[-93.275955,44.978828],[-93.277357,44.979461],[-93.277787,44.980145],[-93.278006,44.980292],[-93.278648,44.980755],[-93.279688,44.981616],[-93.277458,44.983105],[-93.276414,44.983848],[-93.277271,44.984308],[-93.277078,44.984426],[-93.276895,44.984541],[-93.278183,44.985245],[-93.279335,44.984444],[-93.282643,44.984212],[-93.283822,44.984445],[-93.28553,44.984456],[-93.28755,44.984467],[-93.287861,44.984458],[-93.288192,44.984467],[-93.288647,44.984466],[-93.291221,44.984461],[-93.293881,44.984461],[-93.294151,44.984455],[-93.295553,44.984469],[-93.298195,44.984471],[-93.300598,44.984511],[-93.303238,44.984487],[-93.304512,44.984511],[-93.305779,44.984543],[-93.308288,44.984511],[-93.309672,44.984553],[-93.311055,44.984535],[-93.312111,44.984471],[-93.313377,44.984314],[-93.316562,44.984023],[-93.318468,44.984051],[-93.318469,44.983936],[-93.318504,44.980747],[-93.31852,44.978947],[-93.318407,44.977158],[-93.325932,44.977186],[-93.32615,44.977185],[-93.327763,44.977188],[-93.328654,44.977142],[-93.328687,44.97027],[-93.328689,44.970136],[-93.328691,44.97002],[-93.328672,44.969872],[-93.32868,44.969643],[-93.328686,44.968243],[-93.328686,44.968117],[-93.328692,44.966484],[-93.328697,44.965038],[-93.328702,44.964528],[-93.328715,44.961843],[-93.328717,44.961382],[-93.328725,44.960122],[-93.328731,44.959332],[-93.328738,44.958365],[-93.328745,44.957359],[-93.328751,44.956373],[-93.328768,44.953674],[-93.32878,44.952063],[-93.328786,44.95133],[-93.328748,44.949763],[-93.32885,44.948483],[-93.32885,44.948294],[-93.328853,44.947897],[-93.328854,44.947864],[-93.32888,44.946621],[-93.328826,44.945808],[-93.329124,44.943611],[-93.329163,44.941422],[-93.329139,44.940591],[-93.329112,44.940428],[-93.329018,44.935989],[-93.329025,44.93417],[-93.329025,44.934063],[-93.329041,44.932362],[-93.329056,44.930587],[-93.329071,44.928753],[-93.329086,44.926937],[-93.329092,44.925099],[-93.329096,44.923668],[-93.329097,44.923378],[-93.3291,44.922634],[-93.329102,44.922543],[-93.329102,44.921992],[-93.329102,44.921936],[-93.329102,44.921532],[-93.329109,44.91972],[-93.329094,44.917915],[-93.329071,44.916126],[-93.329056,44.91433],[-93.329048,44.913452],[-93.329033,44.912529],[-93.329025,44.910725],[-93.329025,44.910702],[-93.329018,44.908924],[-93.329018,44.908905],[-93.32901,44.907112],[-93.328995,44.905308],[-93.327705,44.905299],[-93.326454,44.905291],[-93.325172,44.905281],[-93.323914,44.905273],[-93.322624,44.905262],[-93.321358,44.905256],[-93.320811,44.905252],[-93.320114,44.905247],[-93.318817,44.905239],[-93.318825,44.90345],[-93.318825,44.903427],[-93.318825,44.901619],[-93.318825,44.899818],[-93.318832,44.897999],[-93.318829,44.896202],[-93.318825,44.894398],[-93.318825,44.892601],[-93.318825,44.890854],[-93.318825,44.890752],[-93.313751,44.890715],[-93.308661,44.890605],[-93.30505,44.890596],[-93.295966,44.890171],[-93.295793,44.890146],[-93.294074,44.889851],[-93.293629,44.889787],[-93.292107,44.890057],[-93.288353,44.890083],[-93.28321,44.890059],[-93.278108,44.890164],[-93.276824,44.890554],[-93.275119,44.890564],[-93.27442,44.890569],[-93.267831,44.890625],[-93.261689,44.890518],[-93.259238,44.890437],[-93.258364,44.890481],[-93.257167,44.890715],[-93.256764,44.890707],[-93.255463,44.890713],[-93.254181,44.890713],[-93.252899,44.890717],[-93.252892,44.890945],[-93.252838,44.892441],[-93.253593,44.892525],[-93.254101,44.89256],[-93.254126,44.892717],[-93.254097,44.892872],[-93.254158,44.894501],[-93.254646,44.894329],[-93.254608,44.895423],[-93.255287,44.895439],[-93.255251,44.89701],[-93.254639,44.89793],[-93.25396,44.89793],[-93.252678,44.897934],[-93.251416,44.897937],[-93.248314,44.897945],[-93.247748,44.897641],[-93.247363,44.897641],[-93.247161,44.897643],[-93.247176,44.89698],[-93.247144,44.896014],[-93.245775,44.896011],[-93.244988,44.895992],[-93.24501,44.89616],[-93.245071,44.896613],[-93.245054,44.897241],[-93.243806,44.897339],[-93.242531,44.897676],[-93.242531,44.897],[-93.240678,44.896973],[-93.239979,44.896935],[-93.23747,44.896953],[-93.23238,44.896869],[-93.232382,44.896454],[-93.232384,44.896111],[-93.233673,44.896101],[-93.234947,44.896091],[-93.234955,44.895115],[-93.233681,44.895126],[-93.232393,44.895469],[-93.232391,44.895626],[-93.231764,44.89562],[-93.231765,44.896087],[-93.231763,44.896468],[-93.231759,44.896864],[-93.228094,44.897103],[-93.222961,44.897152],[-93.220347,44.897133],[-93.219018,44.897903],[-93.219024,44.896742],[-93.222588,44.896821],[-93.222634,44.896113],[-93.222638,44.896048],[-93.220372,44.894897],[-93.219033,44.894897],[-93.219028,44.896118],[-93.217919,44.896127],[-93.217189,44.896144],[-93.217173,44.89451],[-93.216266,44.893086],[-93.210893,44.893092],[-93.210782,44.895339],[-93.210746,44.896135],[-93.210753,44.896313],[-93.210205,44.896314],[-93.208939,44.896313],[-93.207687,44.896317],[-93.207672,44.898125],[-93.207667,44.898354],[-93.207664,44.898496],[-93.207664,44.898666],[-93.207652,44.899963],[-93.207634,44.901798],[-93.207619,44.903591],[-93.207596,44.905392],[-93.206314,44.905396],[-93.205048,44.905399],[-93.203381,44.905404],[-93.203331,44.905405],[-93.202492,44.905407],[-93.20007,44.905398],[-93.199357,44.905396],[-93.199135,44.905396],[-93.198449,44.905409],[-93.198089,44.905888],[-93.201986,44.907893],[-93.205583,44.909386],[-93.208143,44.911541],[-93.212487,44.915489],[-93.213233,44.916559],[-93.211342,44.917606],[-93.210137,44.917656],[-93.207629,44.918636],[-93.206512,44.918928],[-93.20462,44.917847],[-93.203059,44.917816],[-93.201207,44.917803],[-93.200367,44.909625],[-93.198737,44.907761],[-93.194042,44.905414],[-93.192689,44.904653],[-93.192214,44.904376],[-93.190676,44.901217],[-93.190848,44.899878],[-93.190385,44.897987],[-93.18739,44.89512],[-93.181676,44.894263],[-93.181529,44.894259],[-93.178522,44.894179],[-93.177361,44.893459],[-93.177999,44.891176],[-93.177964,44.889641],[-93.178539,44.888338],[-93.175689,44.887405],[-93.173053,44.887401],[-93.172102,44.887399]]]]}},{"type":"Feature","properties":{"id":2,"NAME":"2","TotalPop":713366,"PopDevPct":0.00007605,"DemPct":0.70778835,"RepPct":0.26386799,"WhitePct":0.6637363,"MinorityPct":0.3362637,"BlackPct":0.15294967,"HispanicPct":0.07990913,"PacificPct":0.00154477,"AsianPct":0.08221648,"NativePct":0.0227314,"TotalVAP":561250,"Margin":0.20778835,"color":"#00008b","opacity":"1"},"geometry":{"type":"MultiPolygon","coordinates":[[[[-93.187706,45.035747],[-93.185037,45.035744],[-93.183971,45.035743],[-93.182563,45.035742],[-93.18072,45.03574],[-93.179131,45.035738],[-93.177613,45.035736],[-93.177497,45.035737],[-93.175812,45.035733],[-93.17522,45.035732],[-93.173735,45.035729],[-93.170301,45.035722],[-93.169334,45.035719],[-93.169131,45.035718],[-93.167203,45.035715],[-93.166289,45.03572],[-93.164755,45.035726],[-93.163043,45.035727],[-93.162652,45.035728],[-93.162363,45.035735],[-93.159676,45.035747],[-93.158334,45.035739],[-93.157064,45.035742],[-93.148994,45.03576],[-93.147079,45.035757],[-93.146973,45.03802],[-93.14698,45.038925],[-93.146982,45.039251],[-93.146993,45.040792],[-93.147007,45.042566],[-93.14701,45.042991],[-93.147022,45.04439],[-93.147038,45.046521],[-93.147067,45.05022],[-93.147077,45.051049],[-93.147111,45.053841],[-93.147154,45.057462],[-93.147173,45.059533],[-93.147175,45.059774],[-93.147188,45.06122],[-93.14722,45.064704],[-93.147233,45.066715],[-93.147257,45.070055],[-93.14727,45.071928],[-93.147279,45.073277],[-93.147285,45.074237],[-93.147302,45.076893],[-93.147377,45.079219],[-93.147378,45.079386],[-93.147342,45.081348],[-93.147399,45.086382],[-93.147434,45.089565],[-93.14745,45.090943],[-93.147496,45.094553],[-93.147547,45.097533],[-93.147566,45.098636],[-93.147584,45.099744],[-93.147609,45.101297],[-93.147656,45.105309],[-93.147689,45.108074],[-93.150673,45.108067],[-93.158111,45.108052],[-93.161392,45.108033],[-93.163652,45.10802],[-93.166871,45.108001],[-93.168149,45.107993],[-93.172621,45.108005],[-93.177073,45.108018],[-93.178351,45.108021],[-93.185108,45.107973],[-93.185241,45.107972],[-93.185384,45.107971],[-93.185754,45.107968],[-93.186666,45.107962],[-93.188241,45.10795],[-93.188521,45.107946],[-93.19366,45.108058],[-93.195356,45.108058],[-93.197035,45.108058],[-93.198774,45.108059],[-93.199513,45.108058],[-93.200727,45.108058],[-93.202611,45.108056],[-93.20388,45.108055],[-93.203864,45.107231],[-93.203838,45.105729],[-93.203817,45.104425],[-93.205043,45.102922],[-93.205284,45.102789],[-93.208937,45.104952],[-93.211152,45.106265],[-93.213419,45.107623],[-93.215206,45.107001],[-93.219204,45.107861],[-93.221078,45.107826],[-93.222345,45.107797],[-93.223091,45.10778],[-93.224203,45.10756],[-93.225133,45.107243],[-93.227828,45.107038],[-93.230371,45.107369],[-93.232984,45.107707],[-93.234076,45.107713],[-93.235342,45.107727],[-93.238114,45.107739],[-93.239536,45.107739],[-93.242605,45.107844],[-93.243577,45.107857],[-93.243873,45.107857],[-93.244859,45.107869],[-93.246525,45.107868],[-93.247804,45.10786],[-93.248441,45.107825],[-93.249698,45.107825],[-93.250277,45.10783],[-93.250976,45.107839],[-93.251536,45.107846],[-93.252229,45.107855],[-93.252797,45.107875],[-93.253516,45.107869],[-93.254679,45.107875],[-93.255157,45.107877],[-93.258628,45.107895],[-93.260894,45.107745],[-93.263264,45.107269],[-93.263557,45.107208],[-93.263916,45.107132],[-93.265134,45.106875],[-93.267394,45.106328],[-93.268593,45.105671],[-93.271036,45.104294],[-93.272654,45.107855],[-93.27436,45.111437],[-93.274375,45.111469],[-93.277313,45.111464],[-93.278933,45.111453],[-93.279306,45.111468],[-93.279548,45.111478],[-93.280324,45.111496],[-93.282194,45.111507],[-93.283233,45.111496],[-93.28352,45.111488],[-93.285737,45.111438],[-93.285999,45.111417],[-93.28669,45.11111],[-93.287946,45.110736],[-93.284779,45.1086],[-93.286294,45.108611],[-93.288742,45.108624],[-93.289146,45.108631],[-93.290291,45.108627],[-93.291512,45.108635],[-93.293419,45.10865],[-93.2957,45.108669],[-93.296516,45.108677],[-93.298688,45.108685],[-93.301163,45.108825],[-93.30142,45.10883],[-93.305219,45.108831],[-93.308364,45.10888],[-93.31151,45.108912],[-93.315392,45.108943],[-93.318781,45.108977],[-93.321101,45.108992],[-93.324759,45.108973],[-93.327459,45.108958],[-93.328713,45.108938],[-93.332451,45.108937],[-93.336566,45.108923],[-93.33731,45.108914],[-93.341284,45.108909],[-93.341397,45.108909],[-93.34643,45.108893],[-93.350748,45.108884],[-93.352253,45.108879],[-93.356511,45.108879],[-93.35669,45.108879],[-93.358889,45.1089],[-93.361612,45.108899],[-93.36674,45.108938],[-93.369123,45.10898],[-93.372618,45.10902],[-93.376799,45.109038],[-93.376967,45.109038],[-93.380263,45.109055],[-93.381989,45.109055],[-93.382884,45.109032],[-93.384344,45.109026],[-93.386992,45.109026],[-93.391414,45.109007],[-93.391716,45.109011],[-93.39451,45.108973],[-93.394795,45.10897],[-93.396721,45.108845],[-93.397498,45.10971],[-93.398366,45.110681],[-93.402282,45.110686],[-93.402294,45.109643],[-93.402343,45.108785],[-93.402308,45.106576],[-93.402092,45.100399],[-93.402135,45.099494],[-93.402178,45.098593],[-93.40224,45.094582],[-93.402213,45.086721],[-93.402046,45.083189],[-93.402035,45.082903],[-93.401811,45.078594],[-93.401331,45.072978],[-93.401261,45.072315],[-93.401034,45.06936],[-93.400695,45.065736],[-93.400769,45.058022],[-93.400796,45.050944],[-93.40079,45.048924],[-93.400781,45.043889],[-93.40069,45.040495],[-93.400715,45.033314],[-93.400692,45.029265],[-93.4007,45.022029],[-93.400639,45.016666],[-93.400813,45.007478],[-93.400873,45.002053],[-93.400855,45.000848],[-93.400796,44.99661],[-93.400704,44.99292],[-93.400675,44.991747],[-93.400584,44.983263],[-93.400579,44.983041],[-93.40046,44.979514],[-93.400437,44.979113],[-93.400419,44.978502],[-93.400575,44.978502],[-93.402412,44.978513],[-93.403629,44.978519],[-93.408236,44.97852],[-93.410466,44.978553],[-93.410922,44.978558],[-93.411799,44.978565],[-93.415677,44.978582],[-93.420753,44.978672],[-93.423302,44.978714],[-93.425835,44.978756],[-93.427301,44.978781],[-93.429245,44.978813],[-93.430893,44.97884],[-93.435349,44.978794],[-93.436478,44.978783],[-93.436821,44.978779],[-93.440952,44.978737],[-93.444786,44.978717],[-93.446083,44.978718],[-93.447617,44.978703],[-93.450603,44.978609],[-93.456294,44.978572],[-93.459972,44.97855],[-93.460083,44.975567],[-93.460283,44.971191],[-93.460288,44.971015],[-93.460196,44.967728],[-93.459348,44.952696],[-93.459311,44.952437],[-93.45866,44.949886],[-93.45843,44.949323],[-93.456169,44.943783],[-93.456246,44.941071],[-93.456285,44.940796],[-93.456323,44.940529],[-93.456619,44.938202],[-93.456329,44.936447],[-93.455399,44.934578],[-93.452744,44.930195],[-93.453053,44.930176],[-93.453812,44.930027],[-93.453949,44.927425],[-93.460602,44.927258],[-93.461243,44.927242],[-93.462463,44.927212],[-93.462944,44.927212],[-93.467506,44.927219],[-93.467789,44.923157],[-93.467858,44.922054],[-93.467868,44.921902],[-93.462756,44.922708],[-93.459086,44.923272],[-93.458669,44.923348],[-93.451686,44.92481],[-93.451415,44.924872],[-93.450531,44.9175],[-93.449415,44.914516],[-93.44915,44.913212],[-93.448921,44.908396],[-93.447883,44.904764],[-93.445479,44.898816],[-93.444458,44.896378],[-93.443347,44.891754],[-93.441488,44.891745],[-93.439251,44.891754],[-93.438895,44.891748],[-93.437583,44.891758],[-93.432909,44.891778],[-93.429741,44.891792],[-93.42185,44.891825],[-93.42002,44.891951],[-93.418347,44.891895],[-93.418259,44.891933],[-93.413483,44.892208],[-93.412951,44.89223],[-93.412079,44.892265],[-93.408411,44.892085],[-93.405837,44.891922],[-93.401622,44.891642],[-93.401168,44.891638],[-93.399521,44.891608],[-93.39931,44.891605],[-93.399289,44.890918],[-93.3952,44.890616],[-93.388953,44.889849],[-93.386953,44.88965],[-93.381627,44.889086],[-93.368967,44.887469],[-93.368991,44.887309],[-93.368931,44.885074],[-93.368784,44.884683],[-93.369286,44.883553],[-93.367989,44.883568],[-93.36805,44.883213],[-93.368217,44.882668],[-93.368484,44.881779],[-93.368629,44.88089],[-93.368622,44.880028],[-93.368599,44.878822],[-93.368576,44.877556],[-93.368553,44.876423],[-93.364647,44.876427],[-93.363419,44.876432],[-93.36203,44.876091],[-93.360464,44.875707],[-93.355355,44.875199],[-93.353447,44.875145],[-93.352185,44.875865],[-93.351303,44.876083],[-93.350631,44.876252],[-93.350503,44.871515],[-93.350174,44.864147],[-93.350174,44.862066],[-93.350304,44.858945],[-93.350316,44.858755],[-93.3503,44.855065],[-93.350329,44.854563],[-93.350332,44.851736],[-93.350227,44.848715],[-93.350234,44.846069],[-93.350098,44.843315],[-93.350085,44.841474],[-93.350169,44.838905],[-93.350186,44.838775],[-93.350296,44.837597],[-93.350388,44.833434],[-93.350388,44.830582],[-93.350388,44.827812],[-93.350388,44.825905],[-93.350403,44.823246],[-93.350403,44.823219],[-93.35041,44.818918],[-93.350418,44.815655],[-93.350426,44.812828],[-93.350426,44.811939],[-93.350432,44.807917],[-93.350433,44.80777],[-93.350441,44.80579],[-93.350449,44.804642],[-93.350457,44.802914],[-93.350464,44.801128],[-93.350487,44.797974],[-93.350494,44.79652],[-93.35059,44.794817],[-93.351112,44.794212],[-93.352066,44.793205],[-93.355194,44.791931],[-93.355385,44.791519],[-93.352429,44.790124],[-93.351825,44.790064],[-93.349445,44.791402],[-93.346902,44.791041],[-93.34485,44.789043],[-93.341181,44.787215],[-93.337348,44.786346],[-93.33505,44.786986],[-93.33057,44.790598],[-93.329615,44.791086],[-93.329589,44.791099],[-93.325729,44.792666],[-93.319407,44.792817],[-93.314122,44.792471],[-93.304735,44.79433],[-93.298178,44.797425],[-93.294105,44.79902],[-93.290358,44.800034],[-93.290006,44.800129],[-93.289828,44.800177],[-93.286387,44.801353],[-93.285301,44.802067],[-93.284118,44.804473],[-93.283091,44.805489],[-93.280817,44.806354],[-93.27246,44.806874],[-93.268436,44.807644],[-93.261714,44.809262],[-93.255406,44.810607],[-93.252687,44.811186],[-93.251197,44.812],[-93.249026,44.814463],[-93.24685,44.815942],[-93.243184,44.817812],[-93.239351,44.820199],[-93.23492,44.824611],[-93.232065,44.826709],[-93.231562,44.827039],[-93.231196,44.827278],[-93.227461,44.829086],[-93.220525,44.831053],[-93.219063,44.832238],[-93.221254,44.835446],[-93.221915,44.83696],[-93.221108,44.838477],[-93.219002,44.838931],[-93.216487,44.838706],[-93.211437,44.839742],[-93.209065,44.841951],[-93.207756,44.843626],[-93.205797,44.847994],[-93.203406,44.852356],[-93.1983,44.858164],[-93.19728,44.860114],[-93.197814,44.861752],[-93.19794,44.862],[-93.197165,44.862004],[-93.18916,44.861985],[-93.187779,44.861978],[-93.187221,44.861987],[-93.18453,44.861975],[-93.175714,44.861958],[-93.175369,44.861949],[-93.167233,44.861941],[-93.167026,44.861941],[-93.162713,44.861937],[-93.159774,44.861709],[-93.155103,44.861711],[-93.15133,44.861928],[-93.150266,44.861927],[-93.150039,44.861924],[-93.145635,44.861925],[-93.14528,44.861924],[-93.129463,44.861912],[-93.129589,44.862538],[-93.129647,44.862826],[-93.129858,44.86586],[-93.129263,44.867935],[-93.128299,44.870228],[-93.127425,44.87188],[-93.126804,44.872777],[-93.126515,44.873358],[-93.126441,44.874137],[-93.126441,44.874389],[-93.124224,44.87436],[-93.121441,44.873282],[-93.11987,44.87228],[-93.118344,44.871796],[-93.117103,44.87213],[-93.11647,44.872329],[-93.116548,44.873679],[-93.115464,44.874517],[-93.112715,44.875452],[-93.111408,44.876308],[-93.105956,44.87639],[-93.105933,44.883385],[-93.099869,44.883368],[-93.096619,44.883361],[-93.095381,44.883353],[-93.092685,44.882978],[-93.087326,44.880754],[-93.083114,44.878466],[-93.080623,44.877333],[-93.080617,44.87524],[-93.08066,44.872994],[-93.080657,44.872445],[-93.080422,44.872661],[-93.079181,44.873702],[-93.077675,44.874563],[-93.075411,44.875118],[-93.074085,44.8752],[-93.067466,44.874781],[-93.064564,44.874715],[-93.060845,44.87467],[-93.060752,44.874675],[-93.060664,44.874673],[-93.060539,44.874672],[-93.052608,44.874661],[-93.045006,44.874595],[-93.045487,44.874281],[-93.045481,44.873892],[-93.044978,44.873884],[-93.04498,44.8728],[-93.045439,44.870903],[-93.045415,44.869101],[-93.044948,44.867298],[-93.045009,44.865495],[-93.043725,44.865491],[-93.042458,44.865444],[-93.041169,44.865476],[-93.03993,44.865499],[-93.039955,44.863845],[-93.038851,44.863839],[-93.03597,44.863812],[-93.036064,44.858912],[-93.036104,44.856771],[-93.037576,44.856752],[-93.037589,44.855323],[-93.034141,44.855297],[-93.034106,44.853415],[-93.031995,44.853406],[-93.031915,44.850108],[-93.03149,44.849808],[-93.031476,44.84814],[-93.028565,44.848124],[-93.027788,44.848146],[-93.027756,44.849803],[-93.02775,44.850057],[-93.028795,44.850069],[-93.028851,44.85168],[-93.02969,44.851698],[-93.029308,44.853411],[-93.029612,44.855271],[-93.029693,44.859387],[-93.029712,44.860298],[-93.026492,44.860306],[-93.025557,44.860327],[-93.024584,44.860332],[-93.025281,44.861736],[-93.026603,44.861718],[-93.029818,44.861739],[-93.029856,44.864136],[-93.023931,44.864122],[-93.023451,44.86412],[-93.023407,44.864119],[-93.023244,44.864119],[-93.022352,44.864119],[-93.021978,44.864117],[-93.017621,44.864105],[-93.016947,44.864103],[-93.015604,44.8641],[-93.015253,44.866891],[-93.011531,44.866928],[-93.012639,44.869102],[-93.015966,44.882825],[-93.016044,44.883133],[-93.016466,44.884611],[-93.020044,44.89075],[-93.024607,44.894074],[-93.034733,44.897831],[-93.036938,44.899999],[-93.042125,44.905101],[-93.045179,44.912307],[-93.050757,44.91852],[-93.051642,44.919502],[-93.052835,44.919504],[-93.053573,44.919505],[-93.058318,44.919513],[-93.059018,44.919514],[-93.059647,44.919515],[-93.063209,44.919523],[-93.064646,44.919526],[-93.064881,44.919526],[-93.065388,44.919527],[-93.066884,44.919534],[-93.067831,44.919538],[-93.069108,44.919544],[-93.070954,44.919553],[-93.071588,44.919556],[-93.072895,44.919562],[-93.073012,44.919562],[-93.074673,44.91957],[-93.076465,44.919581],[-93.080674,44.919615],[-93.082151,44.919627],[-93.083605,44.919639],[-93.083725,44.91964],[-93.085072,44.919651],[-93.085829,44.919657],[-93.086548,44.919658],[-93.088016,44.919662],[-93.089462,44.919665],[-93.090225,44.919666],[-93.09091,44.919687],[-93.090923,44.921472],[-93.090928,44.922206],[-93.090935,44.923236],[-93.092222,44.92327],[-93.09432,44.923279],[-93.096041,44.923287],[-93.096067,44.92285],[-93.096065,44.92268],[-93.096052,44.921917],[-93.096048,44.921691],[-93.09604,44.920704],[-93.096026,44.919859],[-93.096024,44.919679],[-93.096352,44.919681],[-93.097628,44.91969],[-93.098108,44.919693],[-93.09989,44.919705],[-93.100587,44.919711],[-93.101812,44.91972],[-93.103219,44.91973],[-93.104608,44.919739],[-93.105835,44.919748],[-93.107027,44.919756],[-93.10988,44.91974],[-93.111282,44.919732],[-93.114479,44.919715],[-93.115334,44.91971],[-93.115446,44.919709],[-93.115748,44.919707],[-93.115917,44.919706],[-93.120092,44.919682],[-93.120404,44.91968],[-93.121213,44.919676],[-93.127047,44.919649],[-93.128629,44.919648],[-93.131941,44.916025],[-93.132788,44.912406],[-93.133671,44.910265],[-93.136493,44.906102],[-93.138879,44.904359],[-93.139085,44.904227],[-93.146682,44.899307],[-93.149921,44.896581],[-93.153032,44.8936],[-93.1539,44.892898],[-93.157037,44.891828],[-93.164346,44.89034],[-93.168176,44.888551],[-93.172102,44.887399],[-93.173053,44.887401],[-93.175689,44.887405],[-93.178539,44.888338],[-93.177964,44.889641],[-93.177999,44.891176],[-93.177361,44.893459],[-93.178522,44.894179],[-93.181529,44.894259],[-93.181676,44.894263],[-93.18739,44.89512],[-93.190385,44.897987],[-93.190848,44.899878],[-93.190676,44.901217],[-93.192214,44.904376],[-93.192689,44.904653],[-93.194042,44.905414],[-93.198737,44.907761],[-93.200367,44.909625],[-93.201207,44.917803],[-93.203059,44.917816],[-93.20462,44.917847],[-93.206512,44.918928],[-93.207629,44.918636],[-93.210137,44.917656],[-93.211342,44.917606],[-93.213233,44.916559],[-93.212487,44.915489],[-93.208143,44.911541],[-93.205583,44.909386],[-93.201986,44.907893],[-93.198089,44.905888],[-93.198449,44.905409],[-93.199135,44.905396],[-93.199357,44.905396],[-93.20007,44.905398],[-93.202492,44.905407],[-93.203331,44.905405],[-93.203381,44.905404],[-93.205048,44.905399],[-93.206314,44.905396],[-93.207596,44.905392],[-93.207619,44.903591],[-93.207634,44.901798],[-93.207652,44.899963],[-93.207664,44.898666],[-93.207664,44.898496],[-93.207667,44.898354],[-93.207672,44.898125],[-93.207687,44.896317],[-93.208939,44.896313],[-93.210205,44.896314],[-93.210753,44.896313],[-93.210746,44.896135],[-93.210782,44.895339],[-93.210893,44.893092],[-93.216266,44.893086],[-93.217173,44.89451],[-93.217189,44.896144],[-93.217919,44.896127],[-93.219028,44.896118],[-93.219033,44.894897],[-93.220372,44.894897],[-93.222638,44.896048],[-93.222634,44.896113],[-93.222588,44.896821],[-93.219024,44.896742],[-93.219018,44.897903],[-93.220347,44.897133],[-93.222961,44.897152],[-93.228094,44.897103],[-93.231759,44.896864],[-93.231763,44.896468],[-93.231765,44.896087],[-93.231764,44.89562],[-93.232391,44.895626],[-93.232393,44.895469],[-93.233681,44.895126],[-93.234955,44.895115],[-93.234947,44.896091],[-93.233673,44.896101],[-93.232384,44.896111],[-93.232382,44.896454],[-93.23238,44.896869],[-93.23747,44.896953],[-93.239979,44.896935],[-93.240678,44.896973],[-93.242531,44.897],[-93.242531,44.897676],[-93.243806,44.897339],[-93.245054,44.897241],[-93.245071,44.896613],[-93.24501,44.89616],[-93.244988,44.895992],[-93.245775,44.896011],[-93.247144,44.896014],[-93.247176,44.89698],[-93.247161,44.897643],[-93.247363,44.897641],[-93.247748,44.897641],[-93.248314,44.897945],[-93.251416,44.897937],[-93.252678,44.897934],[-93.25396,44.89793],[-93.254639,44.89793],[-93.255251,44.89701],[-93.255287,44.895439],[-93.254608,44.895423],[-93.254646,44.894329],[-93.254158,44.894501],[-93.254097,44.892872],[-93.254126,44.892717],[-93.254101,44.89256],[-93.253593,44.892525],[-93.252838,44.892441],[-93.252892,44.890945],[-93.252899,44.890717],[-93.254181,44.890713],[-93.255463,44.890713],[-93.256764,44.890707],[-93.257167,44.890715],[-93.258364,44.890481],[-93.259238,44.890437],[-93.261689,44.890518],[-93.267831,44.890625],[-93.27442,44.890569],[-93.275119,44.890564],[-93.276824,44.890554],[-93.278108,44.890164],[-93.28321,44.890059],[-93.288353,44.890083],[-93.292107,44.890057],[-93.293629,44.889787],[-93.294074,44.889851],[-93.295793,44.890146],[-93.295966,44.890171],[-93.30505,44.890596],[-93.308661,44.890605],[-93.313751,44.890715],[-93.318825,44.890752],[-93.318825,44.890854],[-93.318825,44.892601],[-93.318825,44.894398],[-93.318829,44.896202],[-93.318832,44.897999],[-93.318825,44.899818],[-93.318825,44.901619],[-93.318825,44.903427],[-93.318825,44.90345],[-93.318817,44.905239],[-93.320114,44.905247],[-93.320811,44.905252],[-93.321358,44.905256],[-93.322624,44.905262],[-93.323914,44.905273],[-93.325172,44.905281],[-93.326454,44.905291],[-93.327705,44.905299],[-93.328995,44.905308],[-93.32901,44.907112],[-93.329018,44.908905],[-93.329018,44.908924],[-93.329025,44.910702],[-93.329025,44.910725],[-93.329033,44.912529],[-93.329048,44.913452],[-93.329056,44.91433],[-93.329071,44.916126],[-93.329094,44.917915],[-93.329109,44.91972],[-93.329102,44.921532],[-93.329102,44.921936],[-93.329102,44.921992],[-93.329102,44.922543],[-93.3291,44.922634],[-93.329097,44.923378],[-93.329096,44.923668],[-93.329092,44.925099],[-93.329086,44.926937],[-93.329071,44.928753],[-93.329056,44.930587],[-93.329041,44.932362],[-93.329025,44.934063],[-93.329025,44.93417],[-93.329018,44.935989],[-93.329112,44.940428],[-93.329139,44.940591],[-93.329163,44.941422],[-93.329124,44.943611],[-93.328826,44.945808],[-93.32888,44.946621],[-93.328854,44.947864],[-93.328853,44.947897],[-93.32885,44.948294],[-93.32885,44.948483],[-93.328748,44.949763],[-93.328786,44.95133],[-93.32878,44.952063],[-93.328768,44.953674],[-93.328751,44.956373],[-93.328745,44.957359],[-93.328738,44.958365],[-93.328731,44.959332],[-93.328725,44.960122],[-93.328717,44.961382],[-93.328715,44.961843],[-93.328702,44.964528],[-93.328697,44.965038],[-93.328692,44.966484],[-93.328686,44.968117],[-93.328686,44.968243],[-93.32868,44.969643],[-93.328672,44.969872],[-93.328691,44.97002],[-93.328689,44.970136],[-93.328687,44.97027],[-93.328654,44.977142],[-93.327763,44.977188],[-93.32615,44.977185],[-93.325932,44.977186],[-93.318407,44.977158],[-93.31852,44.978947],[-93.318504,44.980747],[-93.318469,44.983936],[-93.318468,44.984051],[-93.316562,44.984023],[-93.313377,44.984314],[-93.312111,44.984471],[-93.311055,44.984535],[-93.309672,44.984553],[-93.308288,44.984511],[-93.305779,44.984543],[-93.304512,44.984511],[-93.303238,44.984487],[-93.300598,44.984511],[-93.298195,44.984471],[-93.295553,44.984469],[-93.294151,44.984455],[-93.293881,44.984461],[-93.291221,44.984461],[-93.288647,44.984466],[-93.288192,44.984467],[-93.287861,44.984458],[-93.28755,44.984467],[-93.28553,44.984456],[-93.283822,44.984445],[-93.282643,44.984212],[-93.279335,44.984444],[-93.278183,44.985245],[-93.276895,44.984541],[-93.277078,44.984426],[-93.277271,44.984308],[-93.276414,44.983848],[-93.277458,44.983105],[-93.279688,44.981616],[-93.278648,44.980755],[-93.278006,44.980292],[-93.277787,44.980145],[-93.277357,44.979461],[-93.275955,44.978828],[-93.274818,44.977978],[-93.27224,44.976868],[-93.270866,44.976291],[-93.270058,44.977261],[-93.269257,44.978233],[-93.26845,44.979212],[-93.267075,44.978622],[-93.265709,44.978043],[-93.264893,44.979012],[-93.264072,44.979996],[-93.263237,44.980995],[-93.262444,44.98196],[-93.26191,44.982313],[-93.261463,44.982523],[-93.259985,44.983041],[-93.257124,44.981865],[-93.253725,44.980617],[-93.251424,44.979665],[-93.24787,44.978863],[-93.245408,44.978851],[-93.24539,44.978888],[-93.245026,44.978882],[-93.244009,44.978864],[-93.242866,44.978482],[-93.24124,44.977812],[-93.239627,44.976467],[-93.239268,44.973257],[-93.239264,44.973136],[-93.238548,44.97104],[-93.236452,44.969455],[-93.234673,44.969064],[-93.230351,44.968177],[-93.230349,44.969126],[-93.230347,44.97034],[-93.230263,44.972557],[-93.230311,44.973664],[-93.228677,44.973682],[-93.227104,44.973664],[-93.225678,44.973637],[-93.223919,44.973634],[-93.223618,44.974316],[-93.224525,44.974678],[-93.225685,44.975147],[-93.226622,44.975525],[-93.226232,44.976258],[-93.227104,44.977039],[-93.226337,44.978012],[-93.227033,44.978509],[-93.226867,44.978548],[-93.227257,44.980008],[-93.229873,44.980508],[-93.226021,44.980502],[-93.22603,44.98168],[-93.222382,44.979675],[-93.218355,44.977442],[-93.207687,44.974285],[-93.207684,44.974746],[-93.207681,44.975208],[-93.207672,44.976326],[-93.20767,44.977227],[-93.207649,44.980331],[-93.207612,44.98476],[-93.207587,44.988071],[-93.207566,44.990425],[-93.207558,44.991684],[-93.207596,44.998862],[-93.207602,45.000549],[-93.207602,45.000643],[-93.207638,45.005977],[-93.207636,45.006205],[-93.207642,45.006732],[-93.207647,45.007094],[-93.207718,45.013364],[-93.207802,45.020584],[-93.207861,45.024323],[-93.207866,45.024616],[-93.207926,45.027561],[-93.207949,45.027802],[-93.208029,45.029587],[-93.208048,45.030611],[-93.208061,45.03141],[-93.208076,45.032234],[-93.208107,45.033573],[-93.208097,45.03504],[-93.208092,45.035744],[-93.20744,45.035747],[-93.203781,45.035741],[-93.203631,45.035741],[-93.20322,45.035739],[-93.199169,45.035733],[-93.197892,45.035731],[-93.197149,45.035734],[-93.196861,45.035734],[-93.194916,45.035737],[-93.194318,45.035725],[-93.192569,45.035739],[-93.190647,45.035742],[-93.190318,45.035742],[-93.187706,45.035747]]]]}},{"type":"Feature","properties":{"id":3,"NAME":"3","TotalPop":713799,"PopDevPct":0.00068308,"DemPct":0.41294894,"RepPct":0.56707339,"WhitePct":0.89169744,"MinorityPct":0.10830256,"BlackPct":0.01800334,"HispanicPct":0.01910296,"PacificPct":0.00109425,"AsianPct":0.0106064,"NativePct":0.05336456,"TotalVAP":559285,"Margin":-0.08705106,"color":"#ff2020","opacity":"1"},"geometry":{"type":"MultiPolygon","coordinates":[[[[-96.796616,46.803378],[-96.795585,46.801194],[-96.796596,46.79922],[-96.801243,46.798093],[-96.802196,46.797334],[-96.80135,46.796313],[-96.797024,46.796622],[-96.795627,46.796233],[-96.794396,46.795091],[-96.794397,46.794108],[-96.796693,46.792783],[-96.796992,46.791572],[-96.796195,46.789881],[-96.795096,46.788806],[-96.793477,46.788383],[-96.789568,46.789562],[-96.790234,46.788029],[-96.7899,46.787023],[-96.788002,46.786497],[-96.787136,46.785651],[-96.788214,46.783686],[-96.791282,46.781953],[-96.793322,46.779923],[-96.796722,46.777464],[-96.795924,46.776285],[-96.794444,46.775834],[-96.791379,46.776168],[-96.788145,46.77803],[-96.785886,46.778547],[-96.784192,46.778407],[-96.783095,46.776396],[-96.784294,46.774312],[-96.785923,46.773993],[-96.788882,46.775002],[-96.790079,46.774569],[-96.789549,46.771759],[-96.78802,46.769976],[-96.786059,46.76913],[-96.778976,46.76842],[-96.776183,46.767802],[-96.775686,46.766043],[-96.776817,46.764969],[-96.778797,46.764533],[-96.780992,46.765312],[-96.785689,46.76623],[-96.788853,46.766458],[-96.78912,46.764858],[-96.785397,46.763258],[-96.78297,46.762892],[-96.779645,46.763051],[-96.778249,46.762433],[-96.778217,46.760422],[-96.781076,46.7604],[-96.783469,46.761772],[-96.786395,46.761864],[-96.787294,46.760356],[-96.785831,46.759488],[-96.783604,46.759076],[-96.78294,46.756745],[-96.784769,46.756403],[-96.787129,46.757774],[-96.789389,46.757501],[-96.789789,46.756609],[-96.787235,46.755095],[-96.784329,46.754985],[-96.782988,46.754516],[-96.782708,46.75305],[-96.784171,46.752439],[-96.788383,46.752858],[-96.789377,46.751999],[-96.784663,46.751424],[-96.782783,46.750409],[-96.782599,46.74916],[-96.784465,46.748684],[-96.787474,46.748976],[-96.787128,46.747694],[-96.784312,46.746505],[-96.780834,46.745963],[-96.780737,46.744178],[-96.782105,46.743935],[-96.785206,46.744618],[-96.786475,46.744513],[-96.787353,46.74314],[-96.786321,46.74256],[-96.781215,46.742392],[-96.780352,46.741423],[-96.782661,46.740772],[-96.782864,46.740291],[-96.780939,46.738421],[-96.781513,46.737207],[-96.783091,46.735955],[-96.780897,46.734565],[-96.78184,46.733125],[-96.784546,46.732705],[-96.784225,46.730976],[-96.783016,46.728994],[-96.781976,46.728844],[-96.779971,46.730136],[-96.779321,46.729567],[-96.779136,46.726642],[-96.779988,46.725752],[-96.78203,46.725193],[-96.77981,46.723688],[-96.7811,46.722048],[-96.786348,46.719902],[-96.790267,46.71965],[-96.791232,46.718004],[-96.790169,46.717453],[-96.787772,46.718158],[-96.783781,46.717807],[-96.782252,46.717117],[-96.782344,46.716405],[-96.784411,46.715918],[-96.787468,46.713998],[-96.786877,46.713084],[-96.784001,46.712202],[-96.783971,46.711125],[-96.786231,46.710411],[-96.789188,46.709946],[-96.788619,46.708392],[-96.785526,46.707508],[-96.783859,46.706442],[-96.784505,46.705585],[-96.785922,46.705547],[-96.789503,46.704684],[-96.791204,46.703747],[-96.789807,46.702304],[-96.785779,46.702115],[-96.784514,46.70177],[-96.784415,46.700853],[-96.787578,46.700927],[-96.788079,46.70024],[-96.786418,46.69813],[-96.78519,46.695792],[-96.784925,46.694372],[-96.787292,46.693],[-96.786095,46.691463],[-96.789625,46.690666],[-96.790625,46.689957],[-96.789795,46.688422],[-96.787866,46.687823],[-96.784703,46.687384],[-96.783928,46.685729],[-96.784503,46.684813],[-96.785707,46.684615],[-96.787607,46.685203],[-96.787557,46.682973],[-96.788434,46.681691],[-96.789703,46.681885],[-96.791298,46.68309],[-96.793499,46.683566],[-96.794799,46.683297],[-96.793903,46.681423],[-96.787696,46.678223],[-96.787597,46.676989],[-96.788825,46.676555],[-96.792145,46.676555],[-96.793142,46.677173],[-96.793672,46.678864],[-96.795166,46.679549],[-96.7967,46.678714],[-96.798842,46.678647],[-96.79946,46.677807],[-96.79951,46.675245],[-96.798879,46.674032],[-96.796731,46.673172],[-96.79327,46.674089],[-96.791354,46.672817],[-96.791947,46.671648],[-96.794172,46.671575],[-96.793511,46.669772],[-96.794072,46.667972],[-96.795034,46.667228],[-96.797117,46.668567],[-96.798823,46.669018],[-96.801962,46.668175],[-96.801653,46.666985],[-96.799831,46.666452],[-96.79756,46.667011],[-96.795503,46.666601],[-96.795511,46.665854],[-96.798601,46.665272],[-96.798477,46.664234],[-96.797222,46.662282],[-96.799648,46.661401],[-96.799857,46.660613],[-96.79718,46.659935],[-96.796996,46.659223],[-96.799037,46.657596],[-96.79895,46.654112],[-96.79507,46.652492],[-96.790653,46.649066],[-96.791134,46.647616],[-96.793854,46.646899],[-96.794158,46.646447],[-96.791245,46.644292],[-96.790826,46.64256],[-96.789461,46.641642],[-96.786615,46.641129],[-96.786075,46.640133],[-96.790782,46.638669],[-96.791568,46.636162],[-96.792964,46.634258],[-96.79604,46.63318],[-96.798178,46.63022],[-96.798069,46.629226],[-96.796322,46.628709],[-96.795681,46.629509],[-96.796041,46.631209],[-96.795064,46.631557],[-96.793559,46.63064],[-96.78958,46.629247],[-96.788204,46.629322],[-96.784993,46.631266],[-96.783258,46.631703],[-96.782068,46.631178],[-96.784381,46.630504],[-96.785241,46.629866],[-96.78563,46.627509],[-96.787468,46.626386],[-96.790976,46.625565],[-96.791261,46.624907],[-96.788431,46.623951],[-96.786409,46.624064],[-96.784517,46.624929],[-96.780829,46.625775],[-96.778332,46.625428],[-96.778179,46.624504],[-96.781102,46.624424],[-96.785378,46.622995],[-96.786521,46.622226],[-96.787537,46.620053],[-96.786518,46.618898],[-96.78504,46.619137],[-96.784636,46.621516],[-96.783354,46.622153],[-96.782283,46.621551],[-96.780812,46.61969],[-96.779112,46.619542],[-96.776744,46.620938],[-96.775142,46.620845],[-96.774835,46.617787],[-96.776759,46.61687],[-96.780831,46.617247],[-96.781305,46.615518],[-96.780289,46.614578],[-96.777883,46.613822],[-96.776177,46.614345],[-96.77458,46.615842],[-96.772805,46.616414],[-96.770754,46.615103],[-96.77126,46.614254],[-96.77395,46.613761],[-96.77447,46.611018],[-96.772435,46.609785],[-96.773771,46.608702],[-96.777878,46.608077],[-96.778818,46.60753],[-96.778304,46.606437],[-96.776445,46.605427],[-96.76949,46.606756],[-96.768205,46.605932],[-96.769317,46.604859],[-96.772223,46.603865],[-96.770138,46.602485],[-96.770461,46.601806],[-96.772529,46.600718],[-96.771914,46.599007],[-96.771639,46.596311],[-96.769879,46.595838],[-96.769586,46.597718],[-96.76818,46.598655],[-96.766543,46.598831],[-96.765471,46.598024],[-96.76408,46.5948],[-96.762782,46.594066],[-96.761255,46.594194],[-96.757254,46.595524],[-96.75544,46.594907],[-96.756101,46.592375],[-96.757617,46.591479],[-96.761015,46.59211],[-96.76296,46.591379],[-96.762608,46.589324],[-96.759185,46.587324],[-96.757236,46.586858],[-96.753901,46.588178],[-96.752244,46.588148],[-96.750889,46.586108],[-96.751234,46.584709],[-96.754859,46.583867],[-96.760094,46.58362],[-96.761159,46.582649],[-96.760518,46.581508],[-96.757667,46.582327],[-96.755223,46.582098],[-96.753009,46.583314],[-96.75097,46.583767],[-96.749132,46.583674],[-96.74763,46.582657],[-96.747237,46.580959],[-96.748803,46.580665],[-96.750557,46.581887],[-96.752447,46.581652],[-96.752863,46.579086],[-96.754067,46.57817],[-96.757179,46.578158],[-96.755889,46.574324],[-96.753637,46.576046],[-96.75174,46.576366],[-96.747425,46.576008],[-96.746285,46.575058],[-96.747014,46.573434],[-96.750741,46.573612],[-96.752779,46.572385],[-96.752462,46.571005],[-96.751657,46.57077],[-96.748938,46.571451],[-96.745697,46.571027],[-96.745172,46.569607],[-96.746807,46.568506],[-96.747016,46.567157],[-96.74384,46.567162],[-96.743241,46.565483],[-96.741887,46.56423],[-96.742578,46.563471],[-96.745362,46.56527],[-96.745996,46.565085],[-96.746301,46.563268],[-96.747072,46.562418],[-96.750615,46.562831],[-96.751806,46.562698],[-96.752465,46.561786],[-96.748518,46.560517],[-96.746734,46.559097],[-96.747598,46.558414],[-96.750539,46.558357],[-96.75335,46.557927],[-96.754298,46.55654],[-96.751753,46.555532],[-96.748097,46.5562],[-96.746043,46.556084],[-96.745944,46.555212],[-96.747896,46.551579],[-96.749208,46.550087],[-96.748871,46.549375],[-96.746028,46.550625],[-96.744531,46.550343],[-96.741062,46.54778],[-96.740701,46.545641],[-96.742322,46.545688],[-96.744197,46.548191],[-96.745536,46.547998],[-96.748281,46.545522],[-96.750503,46.544722],[-96.750448,46.544048],[-96.744995,46.543038],[-96.741797,46.543916],[-96.739706,46.543873],[-96.738897,46.542461],[-96.740422,46.541077],[-96.742103,46.54075],[-96.745136,46.542046],[-96.748401,46.541688],[-96.750088,46.540901],[-96.748944,46.539707],[-96.746955,46.538879],[-96.745499,46.539215],[-96.744011,46.540349],[-96.738727,46.539613],[-96.738687,46.538925],[-96.742126,46.538652],[-96.742568,46.537751],[-96.741629,46.537004],[-96.738144,46.535735],[-96.738616,46.534594],[-96.742295,46.535437],[-96.746041,46.53511],[-96.745787,46.534399],[-96.743662,46.533941],[-96.742985,46.533154],[-96.74205,46.529291],[-96.743716,46.52626],[-96.745481,46.525326],[-96.744768,46.524711],[-96.741881,46.524838],[-96.73888,46.525499],[-96.737173,46.525074],[-96.736741,46.52413],[-96.737436,46.521948],[-96.740361,46.521599],[-96.742237,46.520489],[-96.744593,46.52067],[-96.74523,46.520209],[-96.743656,46.519251],[-96.742294,46.519215],[-96.741002,46.520225],[-96.739825,46.519903],[-96.737478,46.51756],[-96.738014,46.515659],[-96.737749,46.514674],[-96.736389,46.51336],[-96.734421,46.512452],[-96.734213,46.51173],[-96.735259,46.510723],[-96.737083,46.510832],[-96.74,46.51153],[-96.740374,46.510786],[-96.738571,46.508744],[-96.735325,46.507531],[-96.733991,46.506436],[-96.733305,46.504632],[-96.733482,46.503467],[-96.734396,46.503798],[-96.734423,46.504941],[-96.736083,46.505031],[-96.740148,46.501499],[-96.742141,46.500477],[-96.741519,46.49922],[-96.740613,46.500615],[-96.737344,46.501302],[-96.736559,46.500351],[-96.738508,46.498866],[-96.738186,46.497752],[-96.734704,46.497768],[-96.733393,46.496983],[-96.734948,46.49496],[-96.733188,46.492934],[-96.733715,46.492397],[-96.73598,46.492303],[-96.736703,46.491063],[-96.734136,46.488948],[-96.734698,46.488124],[-96.7382,46.48822],[-96.739578,46.48717],[-96.739544,46.486253],[-96.738223,46.485317],[-96.735406,46.484889],[-96.732486,46.483222],[-96.733273,46.482197],[-96.736417,46.481635],[-96.73888,46.479204],[-96.738092,46.477812],[-96.736001,46.477497],[-96.735253,46.478332],[-96.735699,46.479579],[-96.735054,46.48057],[-96.732848,46.479863],[-96.732781,46.478534],[-96.731903,46.478163],[-96.730716,46.478794],[-96.72957,46.477169],[-96.726677,46.476157],[-96.727208,46.472419],[-96.726422,46.47168],[-96.723114,46.470763],[-96.721423,46.470933],[-96.720966,46.472513],[-96.719943,46.47335],[-96.715254,46.472545],[-96.714114,46.471412],[-96.714797,46.4705],[-96.717305,46.470757],[-96.719225,46.470901],[-96.722731,46.469013],[-96.722896,46.466344],[-96.721468,46.465226],[-96.71852,46.467814],[-96.716186,46.466394],[-96.713985,46.466661],[-96.712871,46.466159],[-96.713672,46.465012],[-96.717174,46.463566],[-96.718539,46.462327],[-96.718282,46.461425],[-96.712861,46.460749],[-96.711614,46.459532],[-96.712233,46.458466],[-96.712127,46.456318],[-96.71222,46.455446],[-96.7141,46.454953],[-96.715812,46.455921],[-96.717372,46.455216],[-96.717569,46.453776],[-96.716897,46.453027],[-96.714424,46.452713],[-96.713513,46.452045],[-96.71308,46.450232],[-96.714457,46.449517],[-96.716353,46.449344],[-96.72042,46.449534],[-96.721645,46.449123],[-96.721565,46.448151],[-96.720358,46.446701],[-96.717816,46.446033],[-96.715363,46.446747],[-96.715036,46.448406],[-96.713347,46.448761],[-96.71127,46.446705],[-96.712287,46.446081],[-96.715294,46.445271],[-96.716216,46.444166],[-96.712342,46.441922],[-96.712487,46.441121],[-96.716582,46.441877],[-96.718273,46.441825],[-96.721557,46.440671],[-96.721809,46.439764],[-96.71898,46.439941],[-96.71763,46.438996],[-96.717407,46.436416],[-96.716053,46.434121],[-96.714496,46.433974],[-96.713771,46.435026],[-96.716176,46.436649],[-96.71573,46.437318],[-96.714308,46.437225],[-96.712783,46.437883],[-96.712478,46.436608],[-96.71143,46.435649],[-96.707754,46.435903],[-96.704603,46.438178],[-96.703127,46.436774],[-96.704396,46.435184],[-96.704339,46.434032],[-96.706633,46.43252],[-96.707655,46.430963],[-96.707592,46.42965],[-96.706751,46.428975],[-96.704811,46.428976],[-96.702969,46.430126],[-96.701466,46.43031],[-96.700874,46.429293],[-96.701987,46.428175],[-96.704222,46.427159],[-96.704148,46.426233],[-96.70042,46.427249],[-96.699023,46.426785],[-96.699305,46.425934],[-96.701358,46.425878],[-96.702108,46.425078],[-96.702623,46.422036],[-96.704391,46.419883],[-96.70483,46.418728],[-96.704001,46.417497],[-96.702642,46.417656],[-96.700066,46.419042],[-96.697709,46.419919],[-96.693927,46.422081],[-96.692834,46.421879],[-96.693102,46.419743],[-96.691957,46.416568],[-96.693178,46.415555],[-96.694373,46.415627],[-96.69699,46.417122],[-96.698525,46.417234],[-96.701011,46.416789],[-96.701831,46.416072],[-96.701496,46.415002],[-96.699146,46.413088],[-96.697814,46.412623],[-96.695831,46.41275],[-96.692688,46.413988],[-96.686211,46.41457],[-96.685173,46.413994],[-96.684941,46.412394],[-96.688914,46.410404],[-96.689907,46.409494],[-96.688994,46.406634],[-96.68738,46.405569],[-96.682344,46.407515],[-96.681038,46.40745],[-96.679875,46.406525],[-96.678215,46.404304],[-96.676056,46.399556],[-96.674402,46.397958],[-96.672486,46.39528],[-96.672515,46.394174],[-96.674996,46.39213],[-96.675144,46.39106],[-96.673801,46.390536],[-96.66956,46.391581],[-96.667528,46.390908],[-96.668094,46.389942],[-96.670693,46.389982],[-96.670474,46.388972],[-96.668552,46.387998],[-96.668357,46.386528],[-96.669471,46.385159],[-96.669259,46.383484],[-96.667989,46.382043],[-96.666818,46.379889],[-96.667422,46.376117],[-96.666632,46.37508],[-96.664277,46.374325],[-96.658071,46.374526],[-96.658024,46.373357],[-96.660386,46.371634],[-96.659466,46.370815],[-96.656647,46.369542],[-96.655477,46.366518],[-96.653786,46.365086],[-96.649103,46.363062],[-96.64441,46.362554],[-96.643149,46.361232],[-96.644464,46.360226],[-96.647605,46.359089],[-96.64845,46.358081],[-96.648124,46.356668],[-96.645604,46.351086],[-96.644185,46.350122],[-96.641973,46.350256],[-96.640405,46.351448],[-96.636789,46.35248],[-96.633834,46.352656],[-96.632342,46.353086],[-96.630809,46.354205],[-96.629039,46.353974],[-96.629392,46.351567],[-96.628622,46.349987],[-96.627443,46.349254],[-96.621219,46.347628],[-96.61772,46.347725],[-96.616674,46.347388],[-96.616432,46.345575],[-96.618147,46.344296],[-96.620158,46.34178],[-96.620414,46.340423],[-96.619719,46.339956],[-96.61652,46.339462],[-96.614985,46.337899],[-96.612995,46.336989],[-96.6113,46.336874],[-96.608954,46.335639],[-96.608471,46.333456],[-96.607603,46.332211],[-96.605892,46.331083],[-96.602578,46.331171],[-96.59966,46.330481],[-96.599583,46.329411],[-96.60081,46.328763],[-96.604378,46.328034],[-96.606114,46.326746],[-96.605669,46.32596],[-96.601036,46.327008],[-96.600027,46.326817],[-96.599907,46.325259],[-96.600904,46.323714],[-96.600599,46.322218],[-96.60123,46.319638],[-96.599951,46.318552],[-96.597349,46.317853],[-96.597054,46.315994],[-96.598132,46.314899],[-96.598405,46.311226],[-96.600275,46.308838],[-96.599957,46.306285],[-96.60044,46.304823],[-96.603047,46.303244],[-96.603575,46.302386],[-96.602618,46.301288],[-96.597966,46.298862],[-96.59719,46.298088],[-96.598437,46.296819],[-96.600818,46.296285],[-96.604516,46.294987],[-96.605845,46.293583],[-96.605332,46.293034],[-96.602042,46.292413],[-96.597573,46.291937],[-96.596292,46.291103],[-96.595932,46.290008],[-96.595923,46.289812],[-96.595875,46.289316],[-96.596287,46.288019],[-96.597964,46.287611],[-96.60133,46.287396],[-96.602366,46.286552],[-96.601968,46.285904],[-96.599843,46.28571],[-96.596288,46.286591],[-96.595181,46.286499],[-96.594841,46.286147],[-96.595247,46.285323],[-96.598049,46.283901],[-96.599665,46.282528],[-96.600451,46.280634],[-96.599656,46.279596],[-96.598388,46.279295],[-96.596331,46.277741],[-96.595406,46.27558],[-96.59566,46.273568],[-96.597202,46.273081],[-96.596184,46.271307],[-96.597612,46.270006],[-96.596916,46.267784],[-96.598736,46.265283],[-96.598911,46.264105],[-96.599085,46.263775],[-96.599779,46.262841],[-96.600371,46.261645],[-96.596764,46.260759],[-96.594369,46.259179],[-96.592727,46.256984],[-96.593497,46.254967],[-96.595291,46.253787],[-96.595091,46.252907],[-96.592844,46.250772],[-96.591056,46.24966],[-96.588525,46.249605],[-96.585073,46.250517],[-96.583857,46.250152],[-96.584188,46.248675],[-96.585442,46.247395],[-96.589835,46.24536],[-96.59149,46.245039],[-96.593859,46.24554],[-96.594855,46.24436],[-96.598646,46.242598],[-96.597966,46.238259],[-96.598961,46.236149],[-96.598741,46.235077],[-96.597157,46.233296],[-96.596865,46.232266],[-96.597792,46.22888],[-96.597103,46.226484],[-96.594943,46.224057],[-96.594683,46.222932],[-96.595823,46.219929],[-96.594926,46.219273],[-96.591987,46.21847],[-96.591595,46.216164],[-96.592889,46.214297],[-96.592227,46.213552],[-96.589304,46.213333],[-96.588501,46.212524],[-96.589523,46.210853],[-96.591162,46.209118],[-96.589988,46.208562],[-96.587056,46.209967],[-96.583842,46.208375],[-96.584549,46.207298],[-96.587113,46.207173],[-96.587895,46.206721],[-96.588942,46.204522],[-96.5873,46.204163],[-96.58496,46.204395],[-96.584378,46.203539],[-96.587064,46.202125],[-96.587016,46.201315],[-96.584204,46.201447],[-96.583677,46.200735],[-96.585047,46.197106],[-96.588988,46.196994],[-96.591166,46.195932],[-96.59081,46.195274],[-96.585993,46.19507],[-96.585313,46.193998],[-96.587362,46.194002],[-96.587667,46.191908],[-96.59044,46.190638],[-96.590453,46.190057],[-96.588586,46.189735],[-96.587386,46.187995],[-96.589568,46.187199],[-96.589004,46.186386],[-96.587428,46.185801],[-96.591277,46.185063],[-96.590727,46.183987],[-96.588574,46.183406],[-96.587247,46.183044],[-96.586559,46.182775],[-96.586182,46.182342],[-96.586151,46.181812],[-96.586551,46.181479],[-96.587234,46.181296],[-96.588467,46.181675],[-96.589233,46.181395],[-96.589128,46.181183],[-96.588387,46.179084],[-96.591665,46.178496],[-96.591847,46.176948],[-96.592682,46.175211],[-96.592044,46.174603],[-96.590163,46.174905],[-96.588884,46.176235],[-96.58748,46.176361],[-96.585627,46.175417],[-96.585619,46.177344],[-96.579926,46.177229],[-96.579141,46.176832],[-96.582292,46.174918],[-96.583779,46.173563],[-96.583522,46.172663],[-96.581617,46.173932],[-96.580044,46.173363],[-96.577822,46.174376],[-96.576636,46.173944],[-96.577011,46.171546],[-96.578159,46.171281],[-96.580147,46.171719],[-96.583476,46.171149],[-96.583179,46.169838],[-96.579654,46.169725],[-96.577601,46.170382],[-96.575706,46.169696],[-96.57529,46.168486],[-96.576742,46.167972],[-96.579202,46.168173],[-96.580608,46.167648],[-96.580573,46.166811],[-96.57702,46.166036],[-96.577854,46.164827],[-96.577289,46.162899],[-96.579917,46.161481],[-96.576265,46.159582],[-96.578394,46.1561],[-96.578253,46.153576],[-96.579337,46.152397],[-96.580273,46.151076],[-96.579276,46.149352],[-96.579119,46.147304],[-96.577481,46.146467],[-96.576838,46.144653],[-96.574732,46.143584],[-96.574746,46.141937],[-96.572934,46.140719],[-96.572921,46.139044],[-96.57199,46.137811],[-96.571211,46.13661],[-96.571864,46.135156],[-96.568875,46.133417],[-96.568632,46.132303],[-96.571047,46.131401],[-96.57134,46.130819],[-96.56858,46.130352],[-96.570016,46.128716],[-96.569679,46.126061],[-96.571299,46.125911],[-96.572181,46.12491],[-96.571523,46.124209],[-96.568418,46.123308],[-96.567447,46.119964],[-96.566086,46.119384],[-96.563554,46.119652],[-96.562253,46.119318],[-96.560234,46.116568],[-96.562815,46.116251],[-96.56692,46.11475],[-96.564938,46.110934],[-96.563129,46.110055],[-96.563217,46.109011],[-96.56307,46.108289],[-96.561179,46.107147],[-96.559037,46.104868],[-96.559046,46.103489],[-96.557885,46.102201],[-96.558731,46.100962],[-96.556735,46.096954],[-96.557358,46.095242],[-96.556531,46.094511],[-96.556427,46.091721],[-96.557363,46.090555],[-96.557185,46.087405],[-96.555921,46.086567],[-96.554436,46.084186],[-96.555592,46.081795],[-96.555721,46.079672],[-96.557202,46.077833],[-96.55723,46.076702],[-96.556408,46.075067],[-96.557728,46.073245],[-96.557797,46.071387],[-96.556781,46.069309],[-96.556807,46.064713],[-96.558198,46.063634],[-96.558142,46.061948],[-96.559112,46.060095],[-96.559108,46.058523],[-96.560563,46.05573],[-96.56198,46.054351],[-96.566051,46.051832],[-96.566349,46.051119],[-96.566561,46.050348],[-96.571799,46.040707],[-96.574223,46.03706],[-96.577058,46.029655],[-96.577875,46.027034],[-96.577073,46.022974],[-96.576564,46.021848],[-96.55544,46.02203],[-96.53467,46.02194],[-96.51394,46.02184],[-96.49346,46.02171],[-96.47269,46.02168],[-96.45191,46.02163],[-96.43106,46.0216],[-96.410714,46.021541],[-96.38967,46.02156],[-96.36981,46.02165],[-96.36288,46.021642],[-96.348856,46.021754],[-96.333954,46.02165],[-96.33331,46.021646],[-96.333048,46.021644],[-96.3283,46.021645],[-96.316123,46.021531],[-96.30767,46.02165],[-96.28694,46.02163],[-96.26614,46.02161],[-96.26614,46.0272],[-96.26597,46.03586],[-96.265974,46.036232],[-96.26614,46.05059],[-96.26608,46.05796],[-96.26576,46.06513],[-96.26574,46.06532],[-96.265367,46.07963],[-96.265398,46.094133],[-96.265366,46.10861],[-96.24541,46.1086],[-96.225138,46.108631],[-96.22473,46.1086],[-96.219268,46.108615],[-96.19367,46.10856],[-96.183306,46.108522],[-96.17297,46.10843],[-96.162325,46.10846],[-96.152121,46.108408],[-96.142125,46.10839],[-96.14185,46.10839],[-96.12219,46.10842],[-96.1015,46.10844],[-96.0808,46.10843],[-96.06014,46.10845],[-96.03944,46.10846],[-96.01876,46.10848],[-95.99852,46.10842],[-95.9778,46.10841],[-95.962151,46.108444],[-95.95696,46.10842],[-95.947363,46.10839],[-95.941342,46.108405],[-95.93611,46.10837],[-95.932847,46.10837],[-95.929623,46.108415],[-95.89892,46.10831],[-95.896677,46.108332],[-95.89629,46.108336],[-95.89457,46.1083],[-95.87432,46.10817],[-95.85349,46.10803],[-95.833819,46.107954],[-95.833681,46.107991],[-95.832748,46.107933],[-95.831889,46.107928],[-95.822826,46.107851],[-95.81162,46.10776],[-95.801513,46.107743],[-95.786053,46.107644],[-95.76975,46.10745],[-95.749484,46.107458],[-95.728656,46.107416],[-95.712325,46.107419],[-95.703826,46.107415],[-95.699865,46.107437],[-95.694572,46.107403],[-95.677926,46.107464],[-95.666145,46.107396],[-95.645319,46.107435],[-95.625753,46.107549],[-95.614651,46.107614],[-95.604208,46.107707],[-95.58259,46.107776],[-95.572283,46.107823],[-95.562517,46.107888],[-95.542268,46.107966],[-95.536823,46.107997],[-95.531209,46.108028],[-95.524956,46.108063],[-95.520734,46.108082],[-95.51133,46.108098],[-95.49609,46.108113],[-95.485303,46.108155],[-95.459205,46.10815],[-95.448774,46.108143],[-95.438376,46.107977],[-95.417501,46.108011],[-95.396616,46.107991],[-95.376095,46.107867],[-95.367875,46.1077],[-95.355112,46.107689],[-95.344284,46.107792],[-95.334222,46.107784],[-95.323773,46.107622],[-95.308548,46.107592],[-95.30737,46.107594],[-95.303837,46.107567],[-95.297534,46.107572],[-95.292913,46.107562],[-95.271575,46.107508],[-95.250846,46.107234],[-95.229925,46.10712],[-95.213474,46.107147],[-95.198516,46.107035],[-95.196285,46.10701],[-95.188011,46.107081],[-95.166851,46.10695],[-95.14588,46.106761],[-95.14604,46.121309],[-95.146125,46.125071],[-95.146008,46.131521],[-95.14608,46.1359],[-95.146209,46.150687],[-95.146221,46.157708],[-95.146273,46.164968],[-95.146385,46.179582],[-95.146337,46.194073],[-95.146337,46.194183],[-95.146372,46.208642],[-95.146138,46.216167],[-95.14592,46.223148],[-95.146427,46.237653],[-95.146108,46.252212],[-95.145746,46.266771],[-95.145669,46.273998],[-95.145791,46.282368],[-95.154256,46.282428],[-95.154566,46.29688],[-95.154933,46.310903],[-95.155168,46.325591],[-95.155362,46.339892],[-95.15551,46.347225],[-95.155517,46.354389],[-95.15557,46.36888],[-95.150134,46.368844],[-95.14303,46.36881],[-95.13483,46.3688],[-95.124348,46.368796],[-95.11402,46.36875],[-95.098007,46.368755],[-95.09295,46.36877],[-95.077237,46.368784],[-95.072,46.36879],[-95.068995,46.36879],[-95.05103,46.36879],[-95.03007,46.36876],[-95.024953,46.368889],[-95.009373,46.368596],[-94.98839,46.368778],[-94.96438,46.368827],[-94.951436,46.368738],[-94.946567,46.368894],[-94.945573,46.368878],[-94.94123,46.368798],[-94.93953,46.36878],[-94.936051,46.36875],[-94.92022,46.36878],[-94.91271,46.36877],[-94.905499,46.36876],[-94.904368,46.368748],[-94.9014,46.368719],[-94.898877,46.368694],[-94.883638,46.368544],[-94.862671,46.368448],[-94.854324,46.368427],[-94.831243,46.36837],[-94.824841,46.368356],[-94.799743,46.36849],[-94.7972,46.36847],[-94.79596,46.36847],[-94.79449,46.36848],[-94.79289,46.36844],[-94.79113,46.36843],[-94.78926,46.36843],[-94.785177,46.368432],[-94.778864,46.368444],[-94.776419,46.368448],[-94.76854,46.36846],[-94.75798,46.36851],[-94.74752,46.36855],[-94.73714,46.36859],[-94.731801,46.368603],[-94.731442,46.368605],[-94.731885,46.366906],[-94.731672,46.36418],[-94.730136,46.361776],[-94.728074,46.359699],[-94.726621,46.356523],[-94.722769,46.352321],[-94.719981,46.350974],[-94.717922,46.350791],[-94.716264,46.351944],[-94.714809,46.352254],[-94.708448,46.351219],[-94.702835,46.350004],[-94.69944,46.349981],[-94.697337,46.349425],[-94.693788,46.349653],[-94.68713,46.351038],[-94.684704,46.350842],[-94.682034,46.350027],[-94.679703,46.350093],[-94.676136,46.350662],[-94.67562,46.351223],[-94.675413,46.353374],[-94.673823,46.35821],[-94.672221,46.359754],[-94.6705,46.360558],[-94.668645,46.360621],[-94.6662,46.359051],[-94.665841,46.358041],[-94.66481,46.352143],[-94.663509,46.350236],[-94.662477,46.350034],[-94.659961,46.351932],[-94.658485,46.35212],[-94.656825,46.351178],[-94.653462,46.348678],[-94.650791,46.347043],[-94.646379,46.343286],[-94.644554,46.34209],[-94.642308,46.341358],[-94.638833,46.341719],[-94.637279,46.341423],[-94.634521,46.339308],[-94.632295,46.337059],[-94.632171,46.336938],[-94.629434,46.334262],[-94.625291,46.330401],[-94.624185,46.328912],[-94.623505,46.327604],[-94.622852,46.326665],[-94.622062,46.326405],[-94.621109,46.326769],[-94.620129,46.327318],[-94.61883,46.32776],[-94.617722,46.32756],[-94.616969,46.325676],[-94.616064,46.324814],[-94.614168,46.324549],[-94.612254,46.325051],[-94.610868,46.326227],[-94.609169,46.3284],[-94.607545,46.329468],[-94.605758,46.329951],[-94.604213,46.330051],[-94.603286,46.329552],[-94.602434,46.32885],[-94.601929,46.328134],[-94.600951,46.327217],[-94.59748,46.326553],[-94.594391,46.326784],[-94.591816,46.326113],[-94.585557,46.324378],[-94.581724,46.322126],[-94.577071,46.31885],[-94.572971,46.31594],[-94.568938,46.314334],[-94.56795,46.313941],[-94.561223,46.312424],[-94.559094,46.311203],[-94.557941,46.309627],[-94.557405,46.307735],[-94.556183,46.307136],[-94.553634,46.307115],[-94.551821,46.307501],[-94.550436,46.307532],[-94.548259,46.306706],[-94.545061,46.304756],[-94.540523,46.303504],[-94.534724,46.302797],[-94.517229,46.308816],[-94.513392,46.308195],[-94.511465,46.30863],[-94.510251,46.309431],[-94.507885,46.312863],[-94.505381,46.313468],[-94.501878,46.313519],[-94.4976,46.31521],[-94.495266,46.315011],[-94.492602,46.314252],[-94.490026,46.313898],[-94.487726,46.314268],[-94.483826,46.315805],[-94.482731,46.316738],[-94.482123,46.318502],[-94.482104,46.320247],[-94.481072,46.321473],[-94.47894,46.32153],[-94.476399,46.320351],[-94.474644,46.320406],[-94.473268,46.320594],[-94.469284,46.321958],[-94.467386,46.322569],[-94.46568,46.32573],[-94.46341,46.327783],[-94.460459,46.331163],[-94.45762,46.331406],[-94.456393,46.33079],[-94.454764,46.328468],[-94.453527,46.327995],[-94.453115,46.327934],[-94.451725,46.328305],[-94.45053,46.329442],[-94.449432,46.330295],[-94.448292,46.33085],[-94.445111,46.331791],[-94.443179,46.33187],[-94.440911,46.331605],[-94.439111,46.331344],[-94.435902,46.330598],[-94.4347,46.330522],[-94.432845,46.3314],[-94.432606,46.331661],[-94.430306,46.332414],[-94.428585,46.332587],[-94.426529,46.332336],[-94.42478,46.331765],[-94.423789,46.330743],[-94.42368,46.330106],[-94.423843,46.329111],[-94.423823,46.328271],[-94.423099,46.327697],[-94.419943,46.327216],[-94.41773,46.326789],[-94.415973,46.325872],[-94.413806,46.325363],[-94.411691,46.32508],[-94.410315,46.32453],[-94.407332,46.32298],[-94.40457,46.322437],[-94.402291,46.321566],[-94.400965,46.320733],[-94.400156,46.319991],[-94.400001,46.318821],[-94.400065,46.316519],[-94.399653,46.315296],[-94.397646,46.313806],[-94.396165,46.313031],[-94.392909,46.312801],[-94.390964,46.312798],[-94.389668,46.312659],[-94.389232,46.312446],[-94.387419,46.311061],[-94.386844,46.31034],[-94.386968,46.309119],[-94.388143,46.308032],[-94.389433,46.307477],[-94.390584,46.306858],[-94.391231,46.306124],[-94.391386,46.305241],[-94.391187,46.304161],[-94.390147,46.303494],[-94.388504,46.303439],[-94.387365,46.303542],[-94.38583,46.304156],[-94.384241,46.305482],[-94.383889,46.305898],[-94.38357,46.306709],[-94.383073,46.308451],[-94.38259,46.309224],[-94.38192,46.309457],[-94.381181,46.309239],[-94.380285,46.308232],[-94.378752,46.305826],[-94.377633,46.304223],[-94.374996,46.302292],[-94.374536,46.30127],[-94.373812,46.299208],[-94.373125,46.297881],[-94.371994,46.297139],[-94.370736,46.297166],[-94.368344,46.298334],[-94.366227,46.299201],[-94.363923,46.299988],[-94.362388,46.300154],[-94.360673,46.300008],[-94.358804,46.299063],[-94.356237,46.298139],[-94.353912,46.297051],[-94.351314,46.295643],[-94.350529,46.295407],[-94.349411,46.293381],[-94.348548,46.292597],[-94.346041,46.291074],[-94.34434,46.288254],[-94.343936,46.287813],[-94.343673,46.286628],[-94.344746,46.285264],[-94.346036,46.284223],[-94.348088,46.283008],[-94.348769,46.28245],[-94.349412,46.281502],[-94.350356,46.28051],[-94.350635,46.279859],[-94.34986,46.278367],[-94.347788,46.27728],[-94.346415,46.276616],[-94.343413,46.276931],[-94.341679,46.277705],[-94.339097,46.276458],[-94.338022,46.275562],[-94.337739,46.273972],[-94.338164,46.272912],[-94.33977,46.270087],[-94.34135,46.269223],[-94.347679,46.268193],[-94.350526,46.267175],[-94.353142,46.265618],[-94.354783,46.264214],[-94.355549,46.262705],[-94.353616,46.259941],[-94.35356,46.258689],[-94.354387,46.256032],[-94.355302,46.255095],[-94.360467,46.253516],[-94.363479,46.251971],[-94.365598,46.249967],[-94.371183,46.244011],[-94.372702,46.242954],[-94.378834,46.240462],[-94.384737,46.240205],[-94.387721,46.239009],[-94.388922,46.238166],[-94.38979,46.236058],[-94.388978,46.234367],[-94.388981,46.233166],[-94.390133,46.231863],[-94.392726,46.230749],[-94.394384,46.228711],[-94.395049,46.220838],[-94.394897,46.217265],[-94.395718,46.211859],[-94.394831,46.209394],[-94.393672,46.207866],[-94.391839,46.206292],[-94.389406,46.20505],[-94.387843,46.203846],[-94.386947,46.201793],[-94.386141,46.197723],[-94.385044,46.196702],[-94.380431,46.194456],[-94.375281,46.190316],[-94.373918,46.188082],[-94.371785,46.185804],[-94.368837,46.182658],[-94.368354,46.182235],[-94.365758,46.179502],[-94.365651,46.178212],[-94.366475,46.177018],[-94.370125,46.175603],[-94.371644,46.173991],[-94.372028,46.172081],[-94.372055,46.169261],[-94.370961,46.164919],[-94.371357,46.163226],[-94.372962,46.161314],[-94.374731,46.157842],[-94.374592,46.157093],[-94.37384,46.157095],[-94.372154,46.157102],[-94.36857,46.15715],[-94.365857,46.157142],[-94.36499,46.157135],[-94.360355,46.157146],[-94.35719,46.15717],[-94.35676,46.15716],[-94.355423,46.157145],[-94.350169,46.15711],[-94.342106,46.15704],[-94.33461,46.1571],[-94.32912,46.156847],[-94.313706,46.15711],[-94.31369,46.15713],[-94.302549,46.157184],[-94.29207,46.15717],[-94.29178,46.15717],[-94.2711,46.15729],[-94.25035,46.15714],[-94.246378,46.157128],[-94.245376,46.157181],[-94.242947,46.157299],[-94.241766,46.157224],[-94.237718,46.157025],[-94.236928,46.156992],[-94.236294,46.156989],[-94.232887,46.156976],[-94.229687,46.156978],[-94.215223,46.157049],[-94.202601,46.156975],[-94.18839,46.15705],[-94.166917,46.156599],[-94.165766,46.156393],[-94.150723,46.156042],[-94.141628,46.155917],[-94.12497,46.155992],[-94.10382,46.15601],[-94.092641,46.156127],[-94.082276,46.156243],[-94.076564,46.156376],[-94.07295,46.15645],[-94.06241,46.15639],[-94.049721,46.156445],[-94.042084,46.156475],[-94.04002,46.15648],[-94.039775,46.156488],[-94.033173,46.156431],[-94.011347,46.156352],[-94.000264,46.156474],[-93.98234,46.15653],[-93.978702,46.156544],[-93.970212,46.156571],[-93.957347,46.156551],[-93.955051,46.15654],[-93.944342,46.156565],[-93.941704,46.156648],[-93.941679,46.156649],[-93.937295,46.156576],[-93.936534,46.156576],[-93.923286,46.156673],[-93.91514,46.156775],[-93.915,46.156777],[-93.914964,46.156778],[-93.914582,46.156777],[-93.914443,46.156777],[-93.914262,46.156776],[-93.913721,46.156774],[-93.913541,46.156774],[-93.909886,46.156831],[-93.90554,46.1569],[-93.902799,46.15691],[-93.89648,46.15678],[-93.89237,46.15685],[-93.875256,46.156544],[-93.8664,46.156558],[-93.860674,46.156539],[-93.851583,46.156519],[-93.828072,46.156497],[-93.810362,46.156585],[-93.810328,46.172989],[-93.810245,46.178713],[-93.810524,46.184466],[-93.810422,46.193694],[-93.810398,46.19889],[-93.810395,46.199115],[-93.810394,46.199151],[-93.810394,46.199936],[-93.810394,46.200198],[-93.810407,46.202072],[-93.810447,46.203709],[-93.810527,46.213049],[-93.8106,46.214486],[-93.810751,46.229173],[-93.810873,46.240489],[-93.810912,46.243128],[-93.808338,46.243105],[-93.807673,46.243102],[-93.80498,46.243115],[-93.804479,46.243119],[-93.799308,46.24317],[-93.797548,46.243176],[-93.796281,46.243199],[-93.796149,46.243205],[-93.774981,46.243453],[-93.766212,46.243646],[-93.753283,46.243811],[-93.75025,46.243771],[-93.73434,46.243973],[-93.706791,46.244446],[-93.685322,46.244762],[-93.669497,46.245041],[-93.659881,46.245143],[-93.634499,46.245582],[-93.618259,46.245763],[-93.559303,46.246698],[-93.553305,46.246816],[-93.545326,46.246973],[-93.533936,46.24715],[-93.5305,46.247116],[-93.528773,46.24714],[-93.526801,46.247132],[-93.526076,46.247134],[-93.50968,46.24699],[-93.493177,46.246784],[-93.485322,46.246839],[-93.472324,46.246759],[-93.430648,46.246412],[-93.430458,46.23655],[-93.430406,46.225538],[-93.430422,46.220294],[-93.43017,46.21546],[-93.43017,46.211211],[-93.429795,46.194926],[-93.42963,46.18171],[-93.430079,46.167721],[-93.43034,46.161778],[-93.430313,46.161526],[-93.431831,46.153991],[-93.431835,46.153881],[-93.419687,46.154272],[-93.409434,46.154614],[-93.308263,46.158863],[-93.304882,46.158971],[-93.304782,46.158975],[-93.295488,46.159165],[-93.282889,46.15942],[-93.277668,46.159349],[-93.275249,46.159366],[-93.26466,46.15946],[-93.261837,46.159134],[-93.24705,46.15893],[-93.246909,46.158928],[-93.246741,46.158926],[-93.233412,46.15874],[-93.220598,46.15856],[-93.178986,46.158602],[-93.155475,46.15848],[-93.13969,46.15839],[-93.13784,46.158387],[-93.136383,46.15838],[-93.11591,46.158399],[-93.074721,46.158295],[-93.0618,46.158227],[-93.056967,46.15827],[-93.053984,46.158256],[-93.053941,46.158531],[-93.053884,46.165916],[-93.05389,46.1694],[-93.053901,46.176013],[-93.054073,46.184547],[-93.05418,46.192912],[-93.054255,46.198105],[-93.054244,46.198534],[-93.054082,46.206495],[-93.054224,46.208049],[-93.05411,46.21314],[-93.05405,46.21623],[-93.054,46.223617],[-93.054,46.226727],[-93.054157,46.245243],[-93.054275,46.249945],[-93.054186,46.25933],[-93.054067,46.281928],[-93.054024,46.288437],[-93.05374,46.31797],[-93.053712,46.332076],[-93.053811,46.344914],[-93.054073,46.367586],[-93.054163,46.3836],[-93.05412,46.39021],[-93.054847,46.419269],[-93.055092,46.428789],[-93.055319,46.438055],[-93.055325,46.447001],[-93.055211,46.467528],[-93.05535,46.467724],[-93.055017,46.499945],[-93.055168,46.506888],[-93.05533,46.52746],[-93.055455,46.534905],[-93.055506,46.538763],[-93.0556,46.547718],[-93.055844,46.579055],[-93.055015,46.589946],[-93.054765,46.593239],[-93.062678,46.59331],[-93.064008,46.629113],[-93.063896,46.629859],[-93.06384,46.630121],[-93.06385,46.63295],[-93.064075,46.633816],[-93.06444,46.652753],[-93.064606,46.662519],[-93.064843,46.676443],[-93.064867,46.677801],[-93.064696,46.680088],[-93.064572,46.683666],[-93.064319,46.690014],[-93.063909,46.6944],[-93.0635,46.70887],[-93.06305,46.731414],[-93.062856,46.737693],[-93.062684,46.743264],[-93.062466,46.749948],[-93.061529,46.76655],[-93.061332,46.76655],[-93.061334,46.766431],[-93.030352,46.766692],[-92.999546,46.766813],[-92.977789,46.766453],[-92.956756,46.766158],[-92.935844,46.766122],[-92.935645,46.766121],[-92.914111,46.766059],[-92.893322,46.766528],[-92.891857,46.766521],[-92.882715,46.766448],[-92.850022,46.766119],[-92.849114,46.766117],[-92.824154,46.766051],[-92.808648,46.766032],[-92.80817,46.766036],[-92.787607,46.766328],[-92.766489,46.767058],[-92.745351,46.767659],[-92.734689,46.767816],[-92.73289,46.767854],[-92.711899,46.768314],[-92.701493,46.76852],[-92.680571,46.769029],[-92.680344,46.769028],[-92.673071,46.768979],[-92.659172,46.769061],[-92.638476,46.767162],[-92.6178,46.766562],[-92.596849,46.766546],[-92.575723,46.766212],[-92.561057,46.766122],[-92.554964,46.76609],[-92.554964,46.766106],[-92.533867,46.765878],[-92.52287,46.765817],[-92.512609,46.765774],[-92.501519,46.765702],[-92.494336,46.765329],[-92.493611,46.765298],[-92.492777,46.765262],[-92.490926,46.765222],[-92.48087,46.76558],[-92.470609,46.765527],[-92.463087,46.765602],[-92.460015,46.765634],[-92.451725,46.765606],[-92.451326,46.765607],[-92.449539,46.765601],[-92.439,46.76526],[-92.428463,46.764827],[-92.428515,46.776462],[-92.428514,46.779185],[-92.428559,46.794081],[-92.428553,46.794382],[-92.428552,46.794448],[-92.428539,46.795169],[-92.428536,46.79535],[-92.428529,46.795741],[-92.428519,46.796314],[-92.428509,46.796889],[-92.428504,46.797154],[-92.428488,46.798058],[-92.428476,46.798734],[-92.428441,46.802285],[-92.428443,46.807865],[-92.428423,46.810692],[-92.428358,46.819698],[-92.428236,46.836781],[-92.428186,46.84428],[-92.428146,46.849061],[-92.428149,46.851319],[-92.427402,46.851235],[-92.423096,46.851256],[-92.420639,46.851237],[-92.417107,46.851204],[-92.411802,46.851249],[-92.408942,46.851269],[-92.404569,46.851252],[-92.3999,46.85118],[-92.396329,46.851151],[-92.380102,46.851236],[-92.375304,46.851296],[-92.364716,46.851286],[-92.354248,46.851102],[-92.354135,46.8511],[-92.347854,46.850912],[-92.343618,46.850969],[-92.331365,46.850687],[-92.322672,46.850732],[-92.312249,46.850785],[-92.301757,46.850807],[-92.284969,46.850963],[-92.280409,46.850935],[-92.275212,46.850923],[-92.274774,46.850921],[-92.269818,46.850905],[-92.243432,46.850961],[-92.238137,46.850969],[-92.238194,46.843805],[-92.238221,46.83983],[-92.238379,46.836641],[-92.238373,46.836486],[-92.238358,46.826032],[-92.238381,46.825246],[-92.238372,46.822059],[-92.238348,46.818454],[-92.238308,46.810056],[-92.238295,46.807607],[-92.227728,46.807642],[-92.217092,46.807649],[-92.206482,46.807685],[-92.200258,46.807687],[-92.195918,46.807679],[-92.194112,46.807684],[-92.185302,46.807693],[-92.174767,46.807582],[-92.174791,46.793067],[-92.174794,46.789267],[-92.174798,46.785826],[-92.174783,46.782184],[-92.174775,46.781305],[-92.17475,46.778571],[-92.17471,46.773869],[-92.17471,46.771922],[-92.174706,46.771339],[-92.174652,46.767409],[-92.174715,46.764124],[-92.176906,46.764123],[-92.185277,46.764118],[-92.189487,46.764117],[-92.189626,46.762893],[-92.191063,46.762398],[-92.191153,46.761526],[-92.190087,46.759444],[-92.191197,46.757586],[-92.190638,46.756522],[-92.189174,46.755546],[-92.189007,46.754963],[-92.188,46.753999],[-92.187663,46.753129],[-92.187108,46.752497],[-92.185841,46.751387],[-92.185796,46.750536],[-92.185354,46.749849],[-92.185264,46.749696],[-92.184896,46.748741],[-92.185247,46.748366],[-92.18526,46.748329],[-92.185286,46.748295],[-92.185382,46.748162],[-92.185454,46.74805],[-92.185518,46.747901],[-92.185534,46.747794],[-92.185459,46.747677],[-92.18536,46.747562],[-92.185243,46.747481],[-92.184891,46.746],[-92.183633,46.744953],[-92.185284,46.744434],[-92.18688,46.743512],[-92.190649,46.739989],[-92.196418,46.737028],[-92.198238,46.735622],[-92.200324,46.732829],[-92.200711,46.732273],[-92.198177,46.733501],[-92.193036,46.735748],[-92.189203,46.736788],[-92.18446,46.738911],[-92.182055,46.7389],[-92.180072,46.738368],[-92.177479,46.73711],[-92.177457,46.736393],[-92.177398,46.735212],[-92.177397,46.733972],[-92.177407,46.733159],[-92.177396,46.732017],[-92.177389,46.731261],[-92.177406,46.729994],[-92.177409,46.728709],[-92.177414,46.728425],[-92.175946,46.728304],[-92.172015,46.72796],[-92.172013,46.728462],[-92.168054,46.728507],[-92.161533,46.728222],[-92.159078,46.727326],[-92.150112,46.72044],[-92.145893,46.717128],[-92.14527,46.718845],[-92.141522,46.725285],[-92.143387,46.72843],[-92.143339,46.73146],[-92.143338,46.731596],[-92.14329,46.73464],[-92.140867,46.736838],[-92.13789,46.73954],[-92.12529,46.74494],[-92.11739,46.7483],[-92.11659,46.74864],[-92.11224,46.748873],[-92.108767,46.748939],[-92.10869,46.74894],[-92.107388,46.74913],[-92.101138,46.749059],[-92.100965,46.749061],[-92.090099,46.749224],[-92.089493,46.749237],[-92.071388,46.73584],[-92.059494,46.727341],[-92.042892,46.71524],[-92.033989,46.708939],[-92.020294,46.704041],[-92.016471,46.705884],[-92.006739,46.710583],[-92.001741,46.713011],[-91.981341,46.723091],[-91.941253,46.738275],[-91.886395,46.759056],[-91.875186,46.763303],[-91.79633,46.794838],[-91.750182,46.813219],[-91.625181,46.862259],[-91.609212,46.868381],[-91.592141,46.87494],[-91.550575,46.892727],[-91.500181,46.91332],[-91.464071,46.93064],[-91.37518,46.973279],[-91.319638,46.999929],[-91.255749,47.029894],[-91.064085,47.119791],[-91.000181,47.149766],[-90.925836,47.184],[-90.875176,47.207331],[-90.795189,47.244299],[-90.774703,47.253782],[-90.750049,47.265336],[-90.65466,47.309822],[-90.625156,47.308731],[-90.500151,47.306329],[-90.421624,47.304413],[-90.375249,47.303181],[-90.25014,47.299891],[-90.2114,47.298873],[-90.125136,47.296608],[-90.043361,47.29424],[-90.000139,47.292989],[-89.957102,47.291103],[-89.916572,47.352842],[-89.889159,47.394604],[-89.837315,47.473583],[-89.820034,47.49991],[-89.792278,47.542907],[-89.750109,47.608235],[-89.739071,47.624903],[-89.708644,47.671657],[-89.68073,47.714552],[-89.657447,47.749896],[-89.64102,47.77511],[-89.625167,47.799549],[-89.575522,47.874883],[-89.548165,47.916362],[-89.500087,47.988543],[-89.492137,47.999886],[-89.488857,48.005575],[-89.483385,48.013716],[-89.489226,48.014528],[-89.500086,48.013148],[-89.52832,48.008654],[-89.564288,48.00293],[-89.56819,47.999885],[-89.569023,47.998925],[-89.572898,47.997479],[-89.577224,47.997183],[-89.580973,47.995939],[-89.583742,47.997681],[-89.58552,47.999863],[-89.58524,48.001439],[-89.588121,48.00245],[-89.591065,48.002629],[-89.592811,48.004022],[-89.595757,48.004734],[-89.597489,48.004328],[-89.598236,48.005112],[-89.601045,48.005101],[-89.60334,48.006109],[-89.606638,48.006261],[-89.608148,48.006932],[-89.610481,48.010076],[-89.608962,48.011151],[-89.608552,48.012692],[-89.609787,48.015058],[-89.609254,48.016759],[-89.610696,48.017927],[-89.61162,48.017812],[-89.612212,48.016424],[-89.61493,48.014851],[-89.616051,48.012704],[-89.618433,48.010876],[-89.619789,48.010706],[-89.622843,48.011766],[-89.625541,48.011712],[-89.628166,48.011189],[-89.629333,48.010461],[-89.633044,48.009725],[-89.637168,48.009446],[-89.638452,48.008455],[-89.637636,48.00741],[-89.636657,48.004903],[-89.637057,48.00414],[-89.638748,48.003564],[-89.639886,48.003858],[-89.641428,48.005674],[-89.642929,48.006334],[-89.645875,48.006261],[-89.647018,48.005884],[-89.648341,48.004056],[-89.650871,48.003617],[-89.65303,48.004255],[-89.656108,48.008103],[-89.656807,48.009874],[-89.657678,48.010362],[-89.661952,48.010767],[-89.663134,48.010405],[-89.663775,48.008698],[-89.666794,48.007295],[-89.669023,48.008123],[-89.672908,48.011567],[-89.676126,48.011289],[-89.680108,48.010191],[-89.685756,48.009778],[-89.686386,48.010722],[-89.688112,48.0109],[-89.68966,48.010209],[-89.692041,48.009813],[-89.695002,48.008725],[-89.698769,48.0077],[-89.701028,48.006539],[-89.702409,48.006358],[-89.704405,48.00721],[-89.705583,48.007833],[-89.708296,48.010482],[-89.712739,48.010209],[-89.715351,48.009336],[-89.716731,48.010312],[-89.716211,48.013051],[-89.71661,48.0143],[-89.716243,48.016866],[-89.717914,48.017313],[-89.718532,48.017244],[-89.719242,48.016847],[-89.720009,48.015156],[-89.720773,48.014533],[-89.721737,48.014131],[-89.722604,48.013552],[-89.723695,48.013464],[-89.724177,48.013761],[-89.723923,48.015208],[-89.724551,48.016126],[-89.723949,48.017161],[-89.72265,48.017575],[-89.720623,48.01737],[-89.719806,48.017865],[-89.7195,48.018484],[-89.720117,48.019339],[-89.721079,48.020002],[-89.723704,48.020792],[-89.724323,48.020867],[-89.724059,48.020148],[-89.723613,48.019303],[-89.727298,48.018916],[-89.72947,48.0192],[-89.73254,48.018988],[-89.732874,48.019644],[-89.73173,48.020444],[-89.73399,48.022],[-89.736285,48.021738],[-89.737973,48.020677],[-89.74267,48.020014],[-89.744806,48.022494],[-89.746354,48.022055],[-89.748149,48.023294],[-89.750065,48.023564],[-89.751436,48.022504],[-89.752949,48.022172],[-89.754695,48.023027],[-89.756504,48.023252],[-89.760141,48.02255],[-89.764347,48.023065],[-89.767595,48.022695],[-89.770085,48.021886],[-89.77234,48.020742],[-89.774364,48.021031],[-89.774213,48.022513],[-89.775716,48.02273],[-89.776308,48.021562],[-89.779094,48.018503],[-89.781292,48.018446],[-89.782298,48.017855],[-89.785547,48.017755],[-89.788776,48.018315],[-89.791738,48.018468],[-89.794969,48.017595],[-89.796846,48.014859],[-89.799686,48.014912],[-89.80158,48.014176],[-89.805415,48.014067],[-89.806553,48.014734],[-89.807375,48.017587],[-89.809329,48.016714],[-89.811114,48.016812],[-89.818195,48.015443],[-89.8196,48.01563],[-89.820753,48.014894],[-89.820966,48.012789],[-89.823863,48.011434],[-89.822201,48.011072],[-89.822773,48.009211],[-89.824664,48.00832],[-89.825588,48.0067],[-89.829084,48.005083],[-89.828631,48.003842],[-89.829633,48.001531],[-89.831319,47.999604],[-89.834392,47.99982],[-89.838129,48.002171],[-89.843433,48.003545],[-89.844814,48.003069],[-89.844012,48.002217],[-89.842092,48.001668],[-89.842549,48.000165],[-89.84247,47.997251],[-89.844036,47.997114],[-89.844492,47.995774],[-89.845738,47.994936],[-89.846098,47.993237],[-89.84721,47.992626],[-89.851017,47.992239],[-89.859188,47.990891],[-89.862056,47.990736],[-89.865634,47.990095],[-89.868206,47.99019],[-89.868876,47.989732],[-89.870043,47.987393],[-89.871351,47.985853],[-89.872668,47.985451],[-89.877932,47.986763],[-89.883815,47.986387],[-89.886823,47.986706],[-89.889547,47.987698],[-89.892283,47.98806],[-89.895496,47.987325],[-89.898814,47.988049],[-89.90083,47.989193],[-89.903004,47.991434],[-89.904325,47.992159],[-89.911733,47.993436],[-89.915043,47.994703],[-89.91606,47.996637],[-89.917348,47.997259],[-89.922131,47.997167],[-89.922802,47.998948],[-89.921849,48.000108],[-89.926672,48.002034],[-89.928066,48.002187],[-89.92568,48.00404],[-89.925856,48.006306],[-89.926871,48.007009],[-89.929702,48.007451],[-89.931514,48.008909],[-89.932812,48.011117],[-89.932842,48.012962],[-89.933783,48.013501],[-89.933798,48.015137],[-89.934576,48.015817],[-89.940901,48.015348],[-89.94109,48.014562],[-89.94412,48.014444],[-89.948783,48.016037],[-89.950972,48.015965],[-89.951109,48.015209],[-89.950015,48.014003],[-89.950055,48.01289],[-89.951268,48.011162],[-89.953107,48.01082],[-89.955839,48.012258],[-89.95998,48.013665],[-89.961255,48.01371],[-89.963987,48.015049],[-89.968261,48.014672],[-89.969517,48.016442],[-89.971676,48.017972],[-89.971783,48.019483],[-89.973728,48.020843],[-89.974705,48.023117],[-89.979505,48.023861],[-89.982266,48.024636],[-89.985647,48.02628],[-89.987106,48.025364],[-89.988914,48.025669],[-89.990081,48.026741],[-89.989196,48.028045],[-89.990728,48.028664],[-89.993825,48.028091],[-89.99491,48.029316],[-89.994559,48.031192],[-89.997098,48.035319],[-89.996456,48.039143],[-89.996114,48.04232],[-89.993842,48.049304],[-89.998099,48.057929],[-90.004538,48.064448],[-90.004432,48.065241],[-90.006431,48.065492],[-90.007245,48.067069],[-90.008728,48.068548],[-90.009849,48.068991],[-90.010811,48.06793],[-90.014845,48.067136],[-90.018781,48.07195],[-90.023331,48.084748],[-90.029365,48.087512],[-90.037986,48.08932],[-90.039071,48.089961],[-90.041374,48.089339],[-90.043267,48.090392],[-90.045494,48.091338],[-90.048781,48.091845],[-90.057472,48.096364],[-90.066435,48.098458],[-90.074112,48.10122],[-90.091606,48.104605],[-90.115989,48.104164],[-90.122439,48.105703],[-90.123627,48.107259],[-90.125739,48.108041],[-90.128378,48.108506],[-90.129333,48.109738],[-90.132567,48.111671],[-90.140825,48.112555],[-90.144217,48.112605],[-90.144965,48.111643],[-90.146659,48.111121],[-90.150873,48.110373],[-90.164269,48.109707],[-90.17649,48.112393],[-90.188622,48.108026],[-90.195029,48.108333],[-90.210679,48.106347],[-90.21649,48.106511],[-90.225168,48.108224],[-90.233962,48.107238],[-90.253821,48.102244],[-90.260741,48.102726],[-90.264457,48.103396],[-90.274529,48.103181],[-90.289246,48.099071],[-90.292838,48.098999],[-90.29812,48.102544],[-90.303841,48.103948],[-90.305792,48.105149],[-90.310045,48.105556],[-90.313909,48.105129],[-90.317383,48.103751],[-90.322456,48.102929],[-90.325807,48.102877],[-90.330062,48.102285],[-90.336944,48.099574],[-90.338074,48.096152],[-90.343026,48.095509],[-90.343588,48.09459],[-90.345984,48.093968],[-90.353819,48.094979],[-90.357397,48.094424],[-90.358856,48.094852],[-90.367445,48.094699],[-90.368949,48.093952],[-90.371789,48.093589],[-90.373428,48.094021],[-90.373703,48.093291],[-90.372718,48.091258],[-90.374769,48.090954],[-90.378043,48.092391],[-90.379823,48.092327],[-90.382202,48.09322],[-90.384725,48.094672],[-90.385656,48.095943],[-90.386207,48.098147],[-90.388123,48.09856],[-90.39012,48.100044],[-90.393241,48.10022],[-90.396308,48.101406],[-90.403153,48.105095],[-90.410665,48.105052],[-90.438452,48.098677],[-90.443358,48.100624],[-90.447439,48.103454],[-90.452272,48.105068],[-90.46199,48.106507],[-90.465303,48.108569],[-90.467391,48.108744],[-90.471237,48.105914],[-90.477607,48.105243],[-90.480215,48.101993],[-90.483587,48.10009],[-90.486694,48.099052],[-90.489846,48.098994],[-90.493599,48.101359],[-90.495606,48.099593],[-90.496107,48.098597],[-90.502355,48.099135],[-90.504876,48.099785],[-90.507712,48.099102],[-90.510316,48.097289],[-90.516935,48.099314],[-90.556701,48.095931],[-90.56446,48.098814],[-90.567435,48.101593],[-90.569737,48.10683],[-90.555512,48.116924],[-90.559103,48.12173],[-90.565429,48.122477],[-90.571779,48.121063],[-90.57576,48.120624],[-90.576964,48.12115],[-90.57968,48.123797],[-90.582053,48.123619],[-90.585869,48.121978],[-90.586775,48.12086],[-90.590302,48.119547],[-90.590652,48.119071],[-90.591285,48.11745],[-90.60613,48.115837],[-90.612694,48.113266],[-90.613457,48.113131],[-90.61508,48.112694],[-90.616074,48.112174],[-90.617637,48.112335],[-90.618177,48.112232],[-90.619238,48.111697],[-90.627058,48.11177],[-90.641495,48.103516],[-90.686278,48.100428],[-90.702916,48.096027],[-90.741459,48.094563],[-90.751577,48.090987],[-90.761399,48.098457],[-90.761291,48.099975],[-90.767127,48.110588],[-90.766944,48.112265],[-90.766707,48.114428],[-90.768749,48.116586],[-90.769941,48.116644],[-90.772628,48.117608],[-90.774122,48.11864],[-90.774097,48.119225],[-90.774252,48.12008],[-90.775948,48.122399],[-90.776398,48.123994],[-90.781834,48.125762],[-90.783475,48.126819],[-90.783604,48.127899],[-90.786562,48.127644],[-90.787039,48.1277],[-90.78723,48.128136],[-90.788336,48.128822],[-90.789786,48.130145],[-90.787977,48.132705],[-90.78697,48.133],[-90.784891,48.13323],[-90.783469,48.132649],[-90.781743,48.135216],[-90.782217,48.135861],[-90.782728,48.135997],[-90.78511,48.135345],[-90.785893,48.13525],[-90.786382,48.135521],[-90.786979,48.135644],[-90.787671,48.135963],[-90.788786,48.13636],[-90.790959,48.135814],[-90.795242,48.13549],[-90.798224,48.136889],[-90.796753,48.139377],[-90.792243,48.141269],[-90.791562,48.141874],[-90.789329,48.143856],[-90.7843,48.14616],[-90.780829,48.145874],[-90.778828,48.14708],[-90.777845,48.148289],[-90.779012,48.150532],[-90.776175,48.161888],[-90.778461,48.16409],[-90.781914,48.164505],[-90.783448,48.163833],[-90.785941,48.160991],[-90.79035,48.15995],[-90.793089,48.1614],[-90.794495,48.160061],[-90.796431,48.159207],[-90.797612,48.160649],[-90.79753,48.161522],[-90.800742,48.163177],[-90.801895,48.167708],[-90.801728,48.170716],[-90.802367,48.171806],[-90.802985,48.17255],[-90.804083,48.177818],[-90.809852,48.179688],[-90.810585,48.179692],[-90.817529,48.179402],[-90.818792,48.181178],[-90.819244,48.182652],[-90.82102,48.18468],[-90.824273,48.18365],[-90.825773,48.183574],[-90.825379,48.18153],[-90.823958,48.179607],[-90.823447,48.178069],[-90.824701,48.176841],[-90.826141,48.177074],[-90.832543,48.173508],[-90.836402,48.177028],[-90.834204,48.186538],[-90.834839,48.201798],[-90.836496,48.218163],[-90.836251,48.218793],[-90.836341,48.21917],[-90.83696,48.220181],[-90.837248,48.225066],[-90.837586,48.226539],[-90.839667,48.227654],[-90.839812,48.228268],[-90.839754,48.228813],[-90.838462,48.231606],[-90.837706,48.234734],[-90.839296,48.239559],[-90.843123,48.241204],[-90.84384,48.243694],[-90.847678,48.244529],[-90.866937,48.238221],[-90.87509,48.23784],[-90.881523,48.240513],[-90.885757,48.245953],[-90.898923,48.240673],[-90.906853,48.237491],[-90.915091,48.230751],[-90.917319,48.231044],[-90.918426,48.230724],[-90.926408,48.229794],[-90.976981,48.219555],[-91.004103,48.203025],[-91.002816,48.200733],[-91.012297,48.198459],[-91.015197,48.196183],[-91.01976,48.194111],[-91.020117,48.193028],[-91.022094,48.192833],[-91.023695,48.19043],[-91.031089,48.18882],[-91.032059,48.188933],[-91.034712,48.189244],[-91.035501,48.189819],[-91.036393,48.19012],[-91.0456,48.189453],[-91.048675,48.188755],[-91.049896,48.188781],[-91.051981,48.188056],[-91.055426,48.188312],[-91.056046,48.188076],[-91.05751,48.187058],[-91.059218,48.18533],[-91.062792,48.185528],[-91.065484,48.181404],[-91.075898,48.179362],[-91.078857,48.179523],[-91.079689,48.17989],[-91.080629,48.18005],[-91.081344,48.180851],[-91.082473,48.181152],[-91.088005,48.178306],[-91.091959,48.173656],[-91.097139,48.171597],[-91.108849,48.168696],[-91.114737,48.166489],[-91.118028,48.162093],[-91.119859,48.160682],[-91.132529,48.157288],[-91.135788,48.156612],[-91.138937,48.15574],[-91.1426,48.154606],[-91.140459,48.152843],[-91.140425,48.152241],[-91.140129,48.151699],[-91.138068,48.151951],[-91.137835,48.151101],[-91.137329,48.149251],[-91.156301,48.14051],[-91.176605,48.125538],[-91.181266,48.123527],[-91.182882,48.122193],[-91.184692,48.122532],[-91.190054,48.125106],[-91.214904,48.102859],[-91.228044,48.099223],[-91.234888,48.096142],[-91.249695,48.084092],[-91.266775,48.078831],[-91.275917,48.078784],[-91.289728,48.074176],[-91.306121,48.072887],[-91.30687,48.072826],[-91.307822,48.072884],[-91.308807,48.072768],[-91.310861,48.072831],[-91.31127,48.073146],[-91.31475,48.073567],[-91.315391,48.073565],[-91.317352,48.073242],[-91.317964,48.073073],[-91.319199,48.073234],[-91.324469,48.07294],[-91.32611,48.072276],[-91.328484,48.071093],[-91.32878,48.070576],[-91.329368,48.069979],[-91.331275,48.069618],[-91.332001,48.070111],[-91.333427,48.069923],[-91.334654,48.069492],[-91.336356,48.06969],[-91.336386,48.071071],[-91.33998,48.073556],[-91.348563,48.072181],[-91.349708,48.071644],[-91.350212,48.071956],[-91.351998,48.071411],[-91.353342,48.070915],[-91.364982,48.06712],[-91.370827,48.069732],[-91.378394,48.065903],[-91.390885,48.057164],[-91.413582,48.053681],[-91.422691,48.050925],[-91.427154,48.050011],[-91.429571,48.048653],[-91.437246,48.049468],[-91.437734,48.049901],[-91.438108,48.051174],[-91.43778,48.052464],[-91.44664,48.063041],[-91.446219,48.067748],[-91.450003,48.06907],[-91.451111,48.068903],[-91.464736,48.066852],[-91.488184,48.068378],[-91.541658,48.053856],[-91.56751,48.043789],[-91.57546,48.048939],[-91.572721,48.057388],[-91.575384,48.06671],[-91.569444,48.09369],[-91.552834,48.103237],[-91.559112,48.108593],[-91.575578,48.106915],[-91.58882,48.102474],[-91.614858,48.102268],[-91.639921,48.09711],[-91.641027,48.098166],[-91.64697,48.103836],[-91.648018,48.10583],[-91.649603,48.107323],[-91.653098,48.109799],[-91.651146,48.11301],[-91.651807,48.113956],[-91.653237,48.114391],[-91.655121,48.113713],[-91.661858,48.111924],[-91.662634,48.109153],[-91.665082,48.107147],[-91.667365,48.108692],[-91.671065,48.108662],[-91.676786,48.107497],[-91.680894,48.108306],[-91.681808,48.109806],[-91.687574,48.1119],[-91.683569,48.117706],[-91.682111,48.122502],[-91.690673,48.120289],[-91.692116,48.119741],[-91.691186,48.118122],[-91.692177,48.116886],[-91.696715,48.115894],[-91.703351,48.11372],[-91.711751,48.11465],[-91.712576,48.115513],[-91.711194,48.117946],[-91.709371,48.119395],[-91.707846,48.123401],[-91.703796,48.124841],[-91.700546,48.130666],[-91.699517,48.131962],[-91.69947,48.137475],[-91.697776,48.141598],[-91.698125,48.144081],[-91.699166,48.145042],[-91.702293,48.144799],[-91.703225,48.1452],[-91.706892,48.150353],[-91.708115,48.153],[-91.706917,48.153759],[-91.705072,48.157982],[-91.704667,48.160042],[-91.705133,48.164002],[-91.704826,48.170712],[-91.709394,48.172902],[-91.717034,48.171864],[-91.723036,48.168973],[-91.724357,48.170533],[-91.722975,48.173512],[-91.722321,48.178506],[-91.721342,48.180264],[-91.712258,48.18752],[-91.710374,48.192543],[-91.710344,48.193886],[-91.713134,48.198014],[-91.715364,48.199504],[-91.725341,48.201337],[-91.737168,48.204182],[-91.74208,48.204616],[-91.741538,48.199334],[-91.743851,48.198734],[-91.748404,48.198681],[-91.753523,48.200859],[-91.755914,48.205998],[-91.760742,48.204807],[-91.762748,48.201713],[-91.764214,48.20062],[-91.78067,48.200737],[-91.786149,48.196176],[-91.788649,48.196343],[-91.791075,48.202507],[-91.797278,48.202683],[-91.798249,48.202969],[-91.809455,48.206275],[-91.814118,48.208382],[-91.815452,48.211814],[-91.83254,48.209374],[-91.835901,48.210293],[-91.845369,48.208779],[-91.86011,48.207357],[-91.864358,48.206947],[-91.867567,48.219184],[-91.874851,48.222767],[-91.884323,48.227425],[-91.893105,48.23798],[-91.90235,48.237111],[-91.905822,48.237228],[-91.907629,48.238336],[-91.91069,48.238106],[-91.914877,48.238918],[-91.916793,48.23859],[-91.921134,48.236798],[-91.928819,48.235894],[-91.937584,48.234207],[-91.942078,48.230362],[-91.945108,48.230389],[-91.951255,48.233398],[-91.952477,48.233054],[-91.958352,48.233135],[-91.959769,48.236816],[-91.957048,48.238854],[-91.958289,48.243836],[-91.949601,48.24451],[-91.948029,48.245931],[-91.954047,48.249462],[-91.954074,48.2499],[-91.954171,48.251457],[-91.954102,48.252262],[-91.957038,48.252309],[-91.959022,48.253658],[-91.969978,48.25377],[-91.971826,48.252831],[-91.97245,48.250232],[-91.970039,48.248704],[-91.970407,48.247803],[-91.973503,48.246616],[-91.97564,48.244324],[-91.977577,48.245926],[-91.976944,48.246751],[-91.979149,48.247455],[-91.98059,48.247924],[-91.989151,48.260281],[-92.006525,48.265411],[-92.007263,48.280555],[-92.012024,48.286996],[-92.012985,48.297444],[-92.000115,48.321096],[-92.011964,48.322949],[-92.030792,48.325695],[-92.037674,48.333061],[-92.046944,48.334772],[-92.047843,48.343591],[-92.045107,48.345727],[-92.045877,48.34784],[-92.04885,48.348572],[-92.055221,48.359364],[-92.067002,48.359449],[-92.078164,48.358021],[-92.083552,48.353708],[-92.09089,48.354497],[-92.143702,48.356022],[-92.14489,48.365688],[-92.162002,48.363304],[-92.177407,48.357137],[-92.17911,48.354889],[-92.178529,48.351802],[-92.19281,48.348716],[-92.194544,48.348748],[-92.195083,48.350452],[-92.203896,48.351838],[-92.207717,48.347882],[-92.206536,48.347226],[-92.206718,48.345646],[-92.216959,48.344957],[-92.219712,48.348077],[-92.221612,48.348855],[-92.262549,48.354913],[-92.288835,48.342812],[-92.295443,48.32385],[-92.304476,48.322827],[-92.306175,48.316246],[-92.294549,48.306225],[-92.30143,48.288297],[-92.29573,48.27812],[-92.295174,48.2762],[-92.293725,48.276627],[-92.293168,48.275978],[-92.294562,48.271214],[-92.290177,48.265056],[-92.273637,48.256516],[-92.269578,48.248185],[-92.280389,48.244365],[-92.314886,48.240502],[-92.322142,48.237224],[-92.325181,48.237015],[-92.327017,48.236815],[-92.329248,48.235046],[-92.332099,48.233906],[-92.33448,48.234359],[-92.336258,48.235668],[-92.338691,48.235004],[-92.340897,48.233634],[-92.341424,48.231881],[-92.343985,48.232082],[-92.349473,48.231223],[-92.353553,48.230076],[-92.354493,48.228534],[-92.360307,48.225505],[-92.362198,48.222671],[-92.363669,48.222831],[-92.36621,48.2239],[-92.368712,48.223671],[-92.366868,48.222275],[-92.369125,48.220179],[-92.369917,48.220279],[-92.369994,48.221782],[-92.370805,48.223812],[-92.372636,48.223529],[-92.373489,48.224942],[-92.375161,48.225951],[-92.375838,48.228287],[-92.377441,48.229248],[-92.378541,48.23119],[-92.378128,48.232979],[-92.379188,48.234271],[-92.378966,48.235832],[-92.381117,48.236963],[-92.383307,48.239273],[-92.3844,48.241332],[-92.383817,48.24456],[-92.384687,48.244873],[-92.387259,48.244335],[-92.388176,48.246434],[-92.386353,48.247498],[-92.386865,48.249192],[-92.384695,48.249179],[-92.385895,48.251335],[-92.386733,48.251748],[-92.390732,48.250663],[-92.392365,48.251163],[-92.39222,48.25304],[-92.390142,48.252731],[-92.389189,48.253681],[-92.392135,48.256756],[-92.393434,48.257576],[-92.392876,48.259372],[-92.393118,48.260021],[-92.401786,48.27137],[-92.415634,48.295087],[-92.420462,48.298951],[-92.425627,48.304622],[-92.427328,48.305276],[-92.428993,48.305916],[-92.431844,48.305171],[-92.436708,48.308902],[-92.43862,48.311164],[-92.440076,48.314325],[-92.441158,48.315687],[-92.452378,48.328026],[-92.453697,48.329852],[-92.458301,48.336224],[-92.468685,48.350591],[-92.470211,48.353387],[-92.476504,48.371909],[-92.456399,48.401105],[-92.456429,48.413399],[-92.456431,48.414083],[-92.475451,48.418621],[-92.478852,48.423241],[-92.481003,48.425212],[-92.480744,48.426304],[-92.482009,48.428292],[-92.483789,48.429131],[-92.489352,48.430259],[-92.494279,48.435901],[-92.500153,48.441285],[-92.50747,48.447979],[-92.515025,48.44831],[-92.534357,48.447806],[-92.536952,48.447738],[-92.576542,48.440595],[-92.625154,48.438082],[-92.656223,48.436474],[-92.663511,48.44003],[-92.688116,48.443707],[-92.712682,48.462982],[-92.708523,48.470312],[-92.709255,48.472864],[-92.703614,48.481113],[-92.701185,48.484665],[-92.700737,48.486481],[-92.698675,48.49484],[-92.685757,48.497399],[-92.661467,48.496308],[-92.654097,48.501687],[-92.64702,48.499867],[-92.640044,48.499845],[-92.637099,48.499329],[-92.630649,48.500772],[-92.627011,48.503273],[-92.629659,48.505729],[-92.631915,48.506715],[-92.631214,48.508264],[-92.630872,48.509137],[-92.628094,48.510751],[-92.625074,48.512909],[-92.626926,48.514157],[-92.625524,48.517891],[-92.628208,48.522202],[-92.634886,48.542557],[-92.657847,48.546219],[-92.728412,48.539372],[-92.875128,48.588513],[-92.894505,48.594982],[-92.910069,48.596387],[-92.929556,48.60693],[-92.950009,48.608349],[-92.949845,48.62489],[-92.949791,48.63033],[-92.954788,48.63154],[-92.980346,48.624915],[-92.984573,48.623819],[-93.088564,48.62771],[-93.090338,48.627776],[-93.125131,48.625998],[-93.153068,48.624564],[-93.178376,48.623258],[-93.184006,48.628183],[-93.207529,48.642505],[-93.254654,48.642814],[-93.348665,48.626454],[-93.350413,48.622161],[-93.353333,48.614891],[-93.352691,48.613484],[-93.35508,48.611398],[-93.36199,48.614026],[-93.36728,48.608112],[-93.371454,48.605854],[-93.383727,48.605954],[-93.395377,48.603795],[-93.398635,48.604404],[-93.401483,48.607792],[-93.40156,48.607785],[-93.402953,48.607659],[-93.403134,48.608439],[-93.403489,48.609971],[-93.405664,48.609826],[-93.414412,48.606319],[-93.414889,48.605739],[-93.415284,48.605258],[-93.419304,48.603561],[-93.422669,48.603175],[-93.429839,48.599655],[-93.431812,48.597946],[-93.434784,48.595371],[-93.439841,48.593684],[-93.454735,48.592617],[-93.462707,48.592689],[-93.465469,48.591635],[-93.465628,48.589962],[-93.467171,48.588404],[-93.46192,48.573089],[-93.457536,48.567131],[-93.457679,48.559722],[-93.459687,48.553672],[-93.462576,48.549735],[-93.467378,48.546451],[-93.482953,48.54368],[-93.485481,48.54323],[-93.495292,48.542513],[-93.501096,48.541327],[-93.517157,48.534788],[-93.526915,48.534013],[-93.536614,48.531892],[-93.542504,48.529981],[-93.547697,48.529341],[-93.560262,48.529641],[-93.576199,48.526991],[-93.581039,48.527086],[-93.586596,48.529109],[-93.589065,48.530008],[-93.590132,48.530397],[-93.591897,48.529886],[-93.596272,48.528619],[-93.605177,48.52308],[-93.612257,48.522397],[-93.613695,48.52282],[-93.616673,48.523698],[-93.621185,48.526353],[-93.625677,48.531434],[-93.62846,48.531873],[-93.631178,48.531262],[-93.635764,48.528412],[-93.639532,48.521777],[-93.643361,48.518956],[-93.647314,48.517665],[-93.659314,48.516413],[-93.677845,48.5168],[-93.686605,48.515392],[-93.693038,48.515193],[-93.706105,48.518108],[-93.710851,48.518548],[-93.71817,48.517835],[-93.720608,48.517597],[-93.731024,48.518422],[-93.739064,48.518475],[-93.753493,48.515734],[-93.761743,48.51656],[-93.767997,48.516299],[-93.787992,48.515849],[-93.793369,48.516311],[-93.803022,48.521965],[-93.811124,48.524648],[-93.816158,48.528494],[-93.818489,48.531413],[-93.818008,48.534906],[-93.810987,48.540924],[-93.810249,48.544422],[-93.811995,48.550289],[-93.808049,48.556847],[-93.805168,48.56437],[-93.804159,48.570213],[-93.806349,48.579507],[-93.813086,48.587968],[-93.817517,48.59697],[-93.821427,48.609163],[-93.824508,48.612993],[-93.829298,48.617606],[-93.833443,48.625593],[-93.836509,48.627562],[-93.844351,48.630222],[-93.848045,48.630753],[-93.869881,48.631087],[-93.87573,48.631828],[-93.884413,48.631719],[-93.894894,48.632358],[-93.90573,48.634554],[-93.913488,48.635227],[-93.916959,48.632854],[-93.934064,48.632628],[-93.953017,48.634127],[-93.959691,48.637171],[-93.968009,48.638431],[-93.977768,48.638475],[-93.984084,48.640104],[-93.9897,48.640502],[-94.000759,48.64282],[-94.006957,48.643283],[-94.029549,48.640878],[-94.035615,48.64104],[-94.043242,48.643459],[-94.052519,48.643998],[-94.060295,48.643094],[-94.064279,48.643718],[-94.065878,48.646145],[-94.071451,48.645885],[-94.076738,48.64417],[-94.08499,48.644066],[-94.091264,48.643651],[-94.099938,48.645858],[-94.110017,48.644267],[-94.115032,48.64429],[-94.12607,48.644338],[-94.139159,48.645989],[-94.152214,48.645492],[-94.157486,48.645725],[-94.167826,48.648145],[-94.188644,48.650378],[-94.199662,48.650938],[-94.214486,48.649335],[-94.224205,48.649457],[-94.23355,48.652302],[-94.244515,48.653461],[-94.246794,48.654174],[-94.250152,48.656377],[-94.250948,48.656899],[-94.254668,48.661441],[-94.254838,48.663967],[-94.25306,48.66925],[-94.250741,48.67812],[-94.251435,48.683612],[-94.252969,48.686343],[-94.258086,48.691708],[-94.261092,48.696597],[-94.264495,48.69899],[-94.274569,48.699868],[-94.282929,48.705616],[-94.291194,48.707812],[-94.308817,48.710273],[-94.328751,48.704456],[-94.343139,48.703404],[-94.353341,48.704113],[-94.368791,48.706473],[-94.380182,48.711001],[-94.384073,48.711821],[-94.388964,48.711943],[-94.406028,48.710482],[-94.415832,48.710971],[-94.418915,48.710247],[-94.421378,48.708579],[-94.424163,48.705272],[-94.43027,48.700924],[-94.438829,48.694828],[-94.446587,48.692917],[-94.452379,48.692401],[-94.456872,48.693263],[-94.463173,48.695198],[-94.470664,48.696583],[-94.486388,48.697917],[-94.499605,48.697964],[-94.509316,48.700503],[-94.517395,48.700699],[-94.524765,48.701556],[-94.532951,48.701217],[-94.538515,48.702701],[-94.545739,48.712393],[-94.549035,48.714743],[-94.550589,48.715084],[-94.55584,48.716236],[-94.568545,48.715523],[-94.587653,48.717578],[-94.589583,48.718628],[-94.590487,48.719119],[-94.591384,48.719607],[-94.596292,48.724751],[-94.601195,48.728213],[-94.610641,48.731796],[-94.611355,48.732254],[-94.619162,48.737263],[-94.629986,48.738954],[-94.641288,48.741217],[-94.645365,48.744017],[-94.645377,48.749066],[-94.652023,48.756145],[-94.65857,48.759511],[-94.660317,48.76041],[-94.667198,48.76617],[-94.676857,48.771652],[-94.687081,48.775138],[-94.690902,48.777999],[-94.694402,48.789444],[-94.694907,48.792701],[-94.695983,48.799644],[-94.695837,48.801308],[-94.695122,48.809154],[-94.704291,48.824217],[-94.702009,48.831824],[-94.697508,48.835489],[-94.690324,48.838236],[-94.685583,48.840049],[-94.689322,48.846733],[-94.693061,48.853416],[-94.690213,48.863554],[-94.692396,48.869014],[-94.684295,48.872351],[-94.684108,48.874981],[-94.683457,48.88412],[-94.74965,49.09874],[-94.772784,49.120507],[-94.797976,49.19786],[-94.797327,49.214345],[-94.825535,49.294354],[-94.824352,49.308952],[-94.816264,49.321399],[-94.836401,49.324276],[-94.842658,49.3243],[-94.854055,49.324341],[-94.878277,49.333368],[-94.90652,49.348374],[-94.909101,49.350144],[-94.952069,49.368733],[-94.957394,49.370198],[-94.972968,49.367902],[-94.974294,49.367707],[-94.989,49.368942],[-95.014201,49.356476],[-95.049521,49.353112],[-95.058302,49.353253],[-95.059022,49.353435],[-95.08977,49.361184],[-95.092812,49.361717],[-95.103138,49.363526],[-95.103198,49.365116],[-95.109806,49.366385],[-95.115936,49.366598],[-95.125236,49.369403],[-95.128713,49.370452],[-95.132735,49.373576],[-95.139783,49.376121],[-95.141902,49.378315],[-95.145062,49.378303],[-95.14671,49.380126],[-95.149808,49.38065],[-95.15031,49.382991],[-95.153395,49.384479],[-95.153394,49.383097],[-95.153386,49.369266],[-95.153386,49.367574],[-95.153378,49.349349],[-95.153375,49.345102],[-95.153363,49.32287],[-95.153356,49.309308],[-95.153355,49.308395],[-95.153343,49.288092],[-95.153322,49.247857],[-95.153323,49.245738],[-95.153312,49.221975],[-95.153291,49.193109],[-95.153284,49.18053],[-95.153287,49.17811],[-95.153281,49.174341],[-95.153191,48.99887],[-95.281132,48.998871],[-95.296923,48.998889],[-95.308319,48.998906],[-95.317469,48.99892],[-95.319888,48.998923],[-95.375445,48.999008],[-95.376189,48.99901],[-95.42453,48.999082],[-95.474115,48.999158],[-95.48436,48.999173],[-95.642876,48.999414],[-95.661469,48.999436],[-95.76642,48.999601],[-95.87705,48.999758],[-95.978235,48.999907],[-96.008418,48.999941],[-96.045061,48.999952],[-96.140198,48.999983],[-96.208832,49.000004],[-96.405411,49.000074],[-96.449369,49.000092],[-96.497934,49.00011],[-96.498841,49.000111],[-96.502055,49.000114],[-96.502614,49.000114],[-96.505835,49.000117],[-96.50634,49.000117],[-96.536151,49.00014],[-96.589466,49.000135],[-96.669164,49.000154],[-96.734727,49.000173],[-96.800272,49.000187],[-96.80117,49.000188],[-96.842612,49.000228],[-96.930981,49.00027],[-97.019218,49.000318],[-97.062273,49.000344],[-97.10613,49.000385],[-97.150695,49.000405],[-97.203177,49.000438],[-97.20413,49.000438],[-97.227538,49.000453],[-97.228961,49.000454],[-97.233524,48.998171],[-97.234273,48.996901],[-97.233626,48.995508],[-97.23257,48.995032],[-97.228923,48.994905],[-97.226526,48.993744],[-97.226769,48.992829],[-97.228113,48.991898],[-97.232764,48.989857],[-97.235712,48.987506],[-97.237617,48.985145],[-97.238346,48.98111],[-97.238022,48.977466],[-97.237786,48.973699],[-97.238039,48.971759],[-97.239063,48.9692],[-97.238881,48.967035],[-97.237243,48.965482],[-97.234514,48.964672],[-97.230399,48.964366],[-97.228731,48.96385],[-97.227512,48.962401],[-97.228094,48.960759],[-97.229374,48.959521],[-97.230761,48.958078],[-97.231686,48.95616],[-97.232648,48.952436],[-97.234027,48.949348],[-97.234128,48.947898],[-97.232306,48.946379],[-97.227641,48.946616],[-97.226624,48.945826],[-97.226527,48.943741],[-97.227004,48.941917],[-97.227077,48.939443],[-97.225837,48.935329],[-97.224542,48.933745],[-97.222031,48.93253],[-97.21707,48.932705],[-97.214618,48.931934],[-97.214755,48.929874],[-97.217515,48.927287],[-97.219317,48.924365],[-97.219806,48.922146],[-97.219476,48.92112],[-97.217026,48.919171],[-97.213096,48.918152],[-97.211374,48.916961],[-97.210534,48.914958],[-97.211074,48.912752],[-97.212258,48.910568],[-97.212654,48.908956],[-97.212096,48.906665],[-97.210151,48.904243],[-97.206882,48.902331],[-97.198777,48.900294],[-97.193266,48.898336],[-97.191555,48.897135],[-97.189873,48.895203],[-97.190313,48.892756],[-97.191721,48.891827],[-97.19405,48.891347],[-97.195705,48.891469],[-97.198371,48.892399],[-97.200495,48.892548],[-97.201722,48.891651],[-97.200463,48.890275],[-97.1988,48.889209],[-97.197368,48.887527],[-97.197475,48.88645],[-97.199155,48.88439],[-97.199891,48.88259],[-97.199394,48.881113],[-97.196657,48.879102],[-97.19071,48.876845],[-97.188325,48.87641],[-97.186177,48.876471],[-97.183267,48.877118],[-97.180855,48.877226],[-97.178677,48.876668],[-97.177979,48.874609],[-97.17934,48.873135],[-97.184964,48.869292],[-97.188412,48.867438],[-97.190357,48.865502],[-97.190582,48.864388],[-97.189077,48.863114],[-97.186692,48.86314],[-97.183678,48.863901],[-97.18015,48.863508],[-97.178779,48.8619],[-97.179352,48.858222],[-97.178834,48.856661],[-97.176729,48.854843],[-97.174579,48.853696],[-97.173052,48.851675],[-97.173423,48.84997],[-97.175272,48.848666],[-97.17764,48.848206],[-97.181242,48.848105],[-97.182788,48.847445],[-97.182806,48.846597],[-97.181021,48.845937],[-97.17823,48.845806],[-97.176385,48.845249],[-97.174732,48.843525],[-97.173886,48.840568],[-97.173884,48.837993],[-97.174524,48.836788],[-97.176412,48.835603],[-97.178317,48.835025],[-97.181433,48.834961],[-97.183816,48.834224],[-97.184761,48.831835],[-97.183312,48.829622],[-97.179099,48.826716],[-97.177965,48.825115],[-97.177894,48.823229],[-97.178678,48.821267],[-97.180522,48.819379],[-97.184259,48.817786],[-97.188768,48.816898],[-97.190278,48.815857],[-97.189077,48.814305],[-97.186694,48.81435],[-97.1846,48.815004],[-97.181958,48.815298],[-97.178482,48.814505],[-97.173876,48.812057],[-97.172061,48.81152],[-97.16913,48.811304],[-97.164865,48.812027],[-97.160761,48.811548],[-97.15866,48.810904],[-97.15772,48.809568],[-97.157548,48.807876],[-97.158307,48.806762],[-97.161004,48.805639],[-97.166642,48.804882],[-97.170429,48.803723],[-97.173855,48.802396],[-97.179831,48.800783],[-97.181048,48.800017],[-97.181705,48.798655],[-97.180064,48.797257],[-97.177204,48.79712],[-97.175553,48.797782],[-97.171767,48.800588],[-97.169392,48.80131],[-97.166453,48.801454],[-97.163178,48.800533],[-97.162043,48.79953],[-97.161851,48.797113],[-97.163805,48.796066],[-97.165576,48.796067],[-97.169824,48.796679],[-97.172597,48.796178],[-97.174188,48.794561],[-97.173556,48.793315],[-97.17123,48.791984],[-97.1645,48.790911],[-97.159824,48.791525],[-97.158622,48.791341],[-97.156858,48.789941],[-97.157625,48.787544],[-97.159549,48.785607],[-97.159754,48.784311],[-97.158924,48.783257],[-97.155321,48.782279],[-97.150559,48.782562],[-97.149139,48.78241],[-97.147469,48.781441],[-97.147523,48.780047],[-97.150272,48.778606],[-97.156601,48.777209],[-97.15853,48.776322],[-97.158927,48.774542],[-97.157178,48.773158],[-97.154105,48.772827],[-97.151733,48.771932],[-97.150064,48.769322],[-97.145945,48.765634],[-97.145597,48.763453],[-97.147737,48.761331],[-97.152435,48.759751],[-97.153711,48.758974],[-97.154823,48.756471],[-97.153795,48.753993],[-97.151464,48.751314],[-97.14843,48.750208],[-97.145572,48.750257],[-97.142504,48.75091],[-97.140258,48.750898],[-97.138248,48.750235],[-97.136935,48.748673],[-97.136242,48.746398],[-97.136744,48.742304],[-97.138385,48.740196],[-97.141723,48.738024],[-97.142133,48.736172],[-97.140015,48.734623],[-97.137713,48.734205],[-97.132313,48.734504],[-97.129616,48.73392],[-97.128352,48.7317],[-97.128887,48.73049],[-97.131564,48.729175],[-97.1361,48.728614],[-97.137589,48.727569],[-97.136403,48.725733],[-97.125827,48.720703],[-97.124186,48.719055],[-97.123024,48.717143],[-97.121509,48.713627],[-97.118977,48.711346],[-97.116877,48.710478],[-97.112514,48.70938],[-97.110189,48.708074],[-97.110599,48.706063],[-97.112721,48.705414],[-97.116348,48.705134],[-97.119081,48.704586],[-97.120692,48.703528],[-97.120572,48.702196],[-97.119195,48.700564],[-97.115165,48.697642],[-97.11308,48.695485],[-97.110694,48.692496],[-97.108677,48.690991],[-97.105442,48.689648],[-97.097158,48.687684],[-97.091896,48.685982],[-97.090369,48.684655],[-97.090439,48.683356],[-97.092414,48.682117],[-97.094967,48.682224],[-97.097987,48.683374],[-97.099993,48.683243],[-97.101482,48.682044],[-97.101861,48.680764],[-97.101023,48.677377],[-97.100082,48.671089],[-97.100178,48.669351],[-97.100859,48.66794],[-97.102758,48.666606],[-97.107955,48.665175],[-97.109022,48.664583],[-97.108851,48.663188],[-97.107321,48.662503],[-97.10243,48.662841],[-97.100319,48.662631],[-97.098731,48.661284],[-97.098902,48.659919],[-97.09991,48.658522],[-97.104349,48.655084],[-97.105902,48.653562],[-97.10664,48.652161],[-97.107438,48.648485],[-97.109055,48.646955],[-97.111303,48.645986],[-97.114343,48.645559],[-97.115636,48.644702],[-97.115581,48.643519],[-97.111508,48.640663],[-97.110525,48.639626],[-97.10947,48.637383],[-97.108972,48.633733],[-97.109349,48.632637],[-97.111966,48.630758],[-97.114684,48.630342],[-97.116939,48.630869],[-97.122104,48.633393],[-97.12424,48.633973],[-97.127668,48.633893],[-97.130622,48.632361],[-97.131226,48.630825],[-97.13081,48.629228],[-97.129057,48.627456],[-97.124667,48.625084],[-97.120142,48.62168],[-97.1194,48.620659],[-97.119206,48.618986],[-97.120408,48.618017],[-97.123737,48.618102],[-97.125497,48.619006],[-97.127958,48.621321],[-97.130939,48.622806],[-97.134631,48.622529],[-97.135229,48.620738],[-97.130814,48.618062],[-97.128788,48.61541],[-97.129233,48.613971],[-97.131042,48.613194],[-97.132587,48.613162],[-97.138126,48.614664],[-97.141926,48.614888],[-97.145272,48.614587],[-97.14805,48.613838],[-97.150649,48.611676],[-97.150679,48.610344],[-97.14926,48.60879],[-97.147217,48.608082],[-97.143698,48.608026],[-97.137706,48.608882],[-97.134766,48.608113],[-97.134315,48.607001],[-97.135056,48.606129],[-97.137639,48.604721],[-97.139473,48.603244],[-97.141737,48.600237],[-97.143822,48.598359],[-97.146615,48.597765],[-97.150104,48.598149],[-97.152172,48.597686],[-97.152876,48.596263],[-97.154027,48.595406],[-97.152637,48.593919],[-97.150962,48.593745],[-97.145852,48.594113],[-97.144261,48.593848],[-97.14206,48.592282],[-97.141872,48.590728],[-97.142405,48.585694],[-97.143059,48.583325],[-97.144627,48.581587],[-97.14717,48.580967],[-97.149275,48.581216],[-97.154333,48.582652],[-97.156043,48.582723],[-97.159306,48.581984],[-97.160555,48.58111],[-97.160185,48.57906],[-97.158486,48.578138],[-97.153054,48.577948],[-97.150444,48.577438],[-97.148132,48.575632],[-97.147943,48.572479],[-97.14917,48.570014],[-97.150699,48.568313],[-97.152596,48.567212],[-97.154465,48.566673],[-97.167964,48.565522],[-97.171971,48.56495],[-97.174498,48.563673],[-97.175423,48.561957],[-97.174884,48.560679],[-97.17139,48.558785],[-97.167469,48.557531],[-97.164405,48.557047],[-97.151147,48.557435],[-97.145791,48.557311],[-97.141751,48.556608],[-97.139364,48.555455],[-97.138156,48.554017],[-97.138924,48.552002],[-97.141799,48.551262],[-97.149443,48.551538],[-97.154811,48.551088],[-97.15724,48.551481],[-97.161579,48.55396],[-97.164714,48.553741],[-97.165936,48.552718],[-97.166271,48.551065],[-97.165278,48.546956],[-97.163355,48.543967],[-97.162435,48.543044],[-97.161025,48.542009],[-97.159651,48.541358],[-97.158226,48.540875],[-97.155795,48.540252],[-97.150497,48.539453],[-97.148069,48.538757],[-97.145608,48.5381],[-97.144052,48.537432],[-97.142437,48.536529],[-97.141358,48.535452],[-97.14097,48.534225],[-97.141162,48.533202],[-97.142176,48.53224],[-97.143854,48.531557],[-97.148176,48.531424],[-97.149946,48.531231],[-97.15133,48.530867],[-97.152765,48.530285],[-97.153597,48.529508],[-97.154382,48.528424],[-97.154897,48.526532],[-97.154773,48.524163],[-97.154034,48.521669],[-97.152423,48.520364],[-97.150628,48.519453],[-97.14884,48.518849],[-97.147367,48.518768],[-97.145406,48.518735],[-97.142687,48.519406],[-97.141167,48.520164],[-97.138552,48.521385],[-97.13662,48.522068],[-97.133975,48.52266],[-97.130777,48.522668],[-97.129038,48.522248],[-97.127593,48.521395],[-97.126758,48.520157],[-97.127085,48.518927],[-97.128114,48.517755],[-97.132891,48.514572],[-97.133806,48.513803],[-97.136619,48.512183],[-97.139009,48.511663],[-97.142061,48.511517],[-97.147706,48.512301],[-97.149195,48.512338],[-97.149949,48.511986],[-97.150267,48.5116],[-97.150215,48.510512],[-97.14975,48.509576],[-97.149541,48.508512],[-97.149598,48.507408],[-97.149827,48.506055],[-97.149909,48.503348],[-97.149774,48.501986],[-97.14919,48.50084],[-97.147853,48.49947],[-97.145338,48.497878],[-97.144463,48.497554],[-97.142522,48.497102],[-97.140872,48.496663],[-97.136767,48.495301],[-97.134588,48.494238],[-97.133464,48.493481],[-97.132239,48.492378],[-97.131611,48.491552],[-97.131175,48.490685],[-97.131243,48.489613],[-97.1315,48.489006],[-97.13224,48.488436],[-97.134039,48.487766],[-97.135105,48.487729],[-97.136064,48.488011],[-97.136783,48.488393],[-97.138059,48.489681],[-97.138299,48.490348],[-97.139049,48.491196],[-97.139955,48.491963],[-97.140685,48.492344],[-97.141535,48.492588],[-97.14232,48.492541],[-97.143017,48.492334],[-97.143313,48.491913],[-97.143364,48.491308],[-97.140806,48.489151],[-97.140146,48.488697],[-97.139665,48.488056],[-97.139339,48.487277],[-97.139276,48.48631],[-97.1396,48.485372],[-97.140291,48.484722],[-97.141117,48.484216],[-97.142416,48.483786],[-97.145593,48.482963],[-97.148259,48.482702],[-97.150744,48.4824],[-97.154616,48.482006],[-97.157448,48.481573],[-97.159205,48.481107],[-97.160285,48.480647],[-97.161625,48.479839],[-97.162351,48.479164],[-97.162668,48.477783],[-97.162219,48.476908],[-97.161665,48.476227],[-97.160982,48.475805],[-97.15858,48.475147],[-97.156982,48.474951],[-97.154916,48.474911],[-97.153069,48.47499],[-97.151128,48.475191],[-97.149308,48.475479],[-97.146188,48.476075],[-97.144817,48.476473],[-97.141953,48.477213],[-97.140628,48.477465],[-97.138441,48.477576],[-97.136499,48.477626],[-97.134601,48.477536],[-97.132434,48.477238],[-97.130882,48.476855],[-97.129787,48.476308],[-97.12892,48.475742],[-97.128163,48.474362],[-97.128115,48.473596],[-97.128321,48.472837],[-97.128924,48.471946],[-97.129485,48.47149],[-97.130604,48.471215],[-97.132477,48.471265],[-97.134066,48.471745],[-97.135272,48.472396],[-97.137961,48.473697],[-97.14073,48.474691],[-97.141916,48.474787],[-97.143257,48.474776],[-97.144535,48.474565],[-97.146133,48.474052],[-97.147418,48.472753],[-97.147782,48.472081],[-97.148244,48.47074],[-97.148063,48.469935],[-97.147484,48.4684],[-97.147049,48.46763],[-97.145549,48.465915],[-97.144409,48.464812],[-97.143017,48.463823],[-97.14208,48.463347],[-97.140794,48.462986],[-97.139561,48.462924],[-97.138076,48.462976],[-97.135991,48.463323],[-97.133439,48.463818],[-97.131904,48.463701],[-97.130632,48.46342],[-97.129851,48.462919],[-97.128877,48.461556],[-97.128544,48.460301],[-97.128854,48.458412],[-97.129105,48.457475],[-97.129174,48.456575],[-97.129331,48.454048],[-97.130692,48.452207],[-97.135315,48.448883],[-97.137783,48.447679],[-97.140184,48.446676],[-97.146275,48.444735],[-97.148111,48.444052],[-97.149236,48.443358],[-97.150159,48.442173],[-97.150633,48.440816],[-97.150349,48.439641],[-97.149811,48.439153],[-97.147794,48.438299],[-97.146414,48.438068],[-97.145171,48.438078],[-97.142881,48.438288],[-97.141087,48.438584],[-97.139864,48.439166],[-97.138037,48.440495],[-97.136572,48.441828],[-97.135511,48.442699],[-97.13453,48.443335],[-97.132823,48.4438],[-97.131414,48.444012],[-97.129579,48.44401],[-97.128041,48.443708],[-97.126572,48.443131],[-97.124824,48.441896],[-97.124347,48.441254],[-97.123388,48.438266],[-97.123448,48.437018],[-97.123667,48.436034],[-97.124645,48.433614],[-97.125347,48.432879],[-97.126777,48.431804],[-97.127818,48.431256],[-97.129071,48.431061],[-97.130506,48.431025],[-97.131546,48.431146],[-97.133218,48.431585],[-97.136679,48.432928],[-97.138475,48.433519],[-97.141242,48.433771],[-97.142061,48.433644],[-97.144021,48.433128],[-97.145183,48.432564],[-97.14555,48.432134],[-97.145873,48.431148],[-97.145751,48.43027],[-97.144609,48.429014],[-97.142597,48.42765],[-97.140695,48.426886],[-97.139091,48.42642],[-97.137594,48.426392],[-97.134657,48.426108],[-97.133215,48.425773],[-97.131238,48.425095],[-97.128605,48.42414],[-97.126819,48.423372],[-97.124664,48.422216],[-97.123399,48.421201],[-97.122739,48.420327],[-97.122369,48.419492],[-97.122453,48.418276],[-97.122796,48.417526],[-97.123668,48.416692],[-97.124425,48.416357],[-97.125347,48.416145],[-97.126044,48.41612],[-97.127446,48.416789],[-97.128513,48.41762],[-97.130115,48.418977],[-97.132464,48.420373],[-97.133558,48.420916],[-97.135042,48.421278],[-97.136719,48.421544],[-97.138396,48.421647],[-97.140377,48.421574],[-97.142144,48.421441],[-97.144305,48.421071],[-97.146614,48.420577],[-97.148898,48.420035],[-97.150943,48.41948],[-97.152775,48.418779],[-97.153994,48.418121],[-97.154845,48.417463],[-97.155413,48.416741],[-97.155452,48.415004],[-97.155084,48.41429],[-97.154362,48.413533],[-97.153284,48.413051],[-97.152104,48.412879],[-97.15053,48.412742],[-97.148904,48.412896],[-97.147859,48.413227],[-97.146711,48.413941],[-97.145324,48.415902],[-97.144505,48.417214],[-97.143479,48.418035],[-97.142099,48.418525],[-97.140654,48.418685],[-97.13988,48.418487],[-97.139351,48.418031],[-97.13888,48.417162],[-97.138822,48.416302],[-97.138454,48.414548],[-97.137372,48.413436],[-97.13628,48.412584],[-97.134844,48.411922],[-97.13344,48.411148],[-97.132282,48.410362],[-97.131631,48.409527],[-97.131297,48.408925],[-97.131015,48.407855],[-97.131479,48.406586],[-97.132336,48.40587],[-97.133425,48.405273],[-97.134922,48.404544],[-97.136985,48.403794],[-97.139274,48.402809],[-97.139956,48.402449],[-97.141421,48.40122],[-97.142746,48.39951],[-97.144557,48.398045],[-97.145693,48.397431],[-97.146761,48.397036],[-97.148155,48.396759],[-97.149928,48.396745],[-97.151992,48.396817],[-97.153429,48.396967],[-97.155199,48.396783],[-97.158648,48.396344],[-97.160764,48.39553],[-97.162103,48.394761],[-97.163135,48.39364],[-97.163376,48.392857],[-97.16329,48.391987],[-97.161701,48.391403],[-97.160843,48.391245],[-97.159705,48.391157],[-97.158659,48.39125],[-97.157681,48.391161],[-97.15676,48.390887],[-97.156366,48.39039],[-97.15657,48.389534],[-97.157743,48.387388],[-97.157692,48.386486],[-97.15721,48.385732],[-97.156054,48.385024],[-97.153866,48.383897],[-97.153279,48.383394],[-97.151993,48.38288],[-97.14906,48.381888],[-97.147027,48.381396],[-97.145483,48.381409],[-97.144315,48.3816],[-97.142998,48.382213],[-97.140637,48.383223],[-97.138935,48.383675],[-97.137418,48.383881],[-97.136247,48.383933],[-97.135414,48.383719],[-97.134419,48.383267],[-97.133821,48.382788],[-97.133341,48.382196],[-97.133443,48.381719],[-97.133915,48.381079],[-97.13449,48.380776],[-97.135569,48.380429],[-97.137942,48.380225],[-97.139518,48.380027],[-97.140381,48.37969],[-97.140977,48.379211],[-97.141351,48.378458],[-97.141242,48.377677],[-97.139865,48.375897],[-97.137647,48.373565],[-97.137304,48.372997],[-97.137205,48.372369],[-97.13736,48.371757],[-97.137853,48.371224],[-97.138611,48.370699],[-97.139286,48.3704],[-97.140226,48.37025],[-97.141047,48.370187],[-97.143341,48.370231],[-97.147664,48.370913],[-97.15125,48.371211],[-97.152456,48.370974],[-97.154806,48.36997],[-97.155824,48.368019],[-97.156276,48.366198],[-97.156261,48.365578],[-97.155931,48.364548],[-97.155481,48.363768],[-97.153498,48.362718],[-97.151793,48.361909],[-97.150149,48.361236],[-97.148482,48.360717],[-97.14772,48.360235],[-97.146861,48.359553],[-97.145952,48.358524],[-97.145005,48.357077],[-97.144273,48.355034],[-97.143534,48.35427],[-97.141517,48.353719],[-97.138209,48.353146],[-97.137328,48.352882],[-97.136554,48.352514],[-97.136203,48.352184],[-97.135909,48.350937],[-97.136004,48.350437],[-97.136857,48.349574],[-97.138614,48.348434],[-97.140504,48.347078],[-97.140804,48.346731],[-97.14103,48.345813],[-97.140774,48.345226],[-97.1396,48.344246],[-97.138347,48.343939],[-97.137256,48.343853],[-97.133459,48.343832],[-97.132011,48.343932],[-97.130937,48.343781],[-97.129754,48.34347],[-97.127604,48.342677],[-97.126745,48.34214],[-97.12592,48.340579],[-97.125852,48.338373],[-97.126369,48.337824],[-97.127529,48.335108],[-97.128417,48.333592],[-97.129041,48.33289],[-97.130863,48.331976],[-97.132695,48.331586],[-97.134705,48.331461],[-97.137806,48.330809],[-97.139031,48.330373],[-97.140872,48.329362],[-97.141605,48.328644],[-97.14224,48.327507],[-97.142273,48.326653],[-97.141715,48.325729],[-97.141063,48.325384],[-97.139795,48.325089],[-97.139011,48.325099],[-97.137639,48.325673],[-97.135329,48.327296],[-97.134342,48.327677],[-97.132667,48.328075],[-97.131136,48.328215],[-97.129206,48.328131],[-97.125348,48.327656],[-97.123053,48.327474],[-97.120301,48.327098],[-97.118764,48.326565],[-97.11754,48.325901],[-97.116215,48.324747],[-97.115581,48.323928],[-97.115741,48.322978],[-97.116468,48.322105],[-97.117319,48.321579],[-97.119735,48.320788],[-97.125348,48.319556],[-97.128235,48.319404],[-97.130249,48.319577],[-97.13125,48.319543],[-97.132599,48.319145],[-97.133597,48.318475],[-97.134078,48.318039],[-97.134318,48.317611],[-97.134854,48.315903],[-97.135154,48.315411],[-97.136714,48.313355],[-97.137627,48.312427],[-97.137926,48.311984],[-97.138094,48.310566],[-97.137749,48.309729],[-97.137206,48.309328],[-97.13659,48.309056],[-97.135095,48.308811],[-97.134335,48.308826],[-97.133166,48.309103],[-97.131818,48.309814],[-97.129822,48.311091],[-97.128956,48.311487],[-97.127613,48.311806],[-97.126406,48.311889],[-97.125355,48.311723],[-97.124166,48.311142],[-97.122201,48.30987],[-97.1221,48.309403],[-97.122202,48.308702],[-97.123004,48.308015],[-97.124166,48.307294],[-97.125348,48.306656],[-97.126344,48.305808],[-97.126687,48.304004],[-97.125348,48.302887],[-97.124158,48.302141],[-97.120068,48.301092],[-97.114808,48.298933],[-97.113086,48.297757],[-97.112231,48.296472],[-97.112377,48.295344],[-97.113801,48.294227],[-97.115316,48.293859],[-97.11919,48.294242],[-97.121319,48.295438],[-97.124154,48.298357],[-97.125348,48.298853],[-97.128296,48.298822],[-97.130665,48.297207],[-97.132321,48.295247],[-97.134412,48.29347],[-97.136457,48.292411],[-97.13809,48.290846],[-97.138383,48.288655],[-97.137899,48.287883],[-97.135546,48.287059],[-97.132261,48.288361],[-97.129582,48.290775],[-97.128042,48.291519],[-97.12534,48.291764],[-97.12216,48.290056],[-97.117726,48.283488],[-97.117086,48.28219],[-97.11657,48.279661],[-97.117543,48.278023],[-97.119801,48.27685],[-97.124029,48.277],[-97.125651,48.275736],[-97.123754,48.27241],[-97.12408,48.27125],[-97.125345,48.270421],[-97.127208,48.269844],[-97.131443,48.269948],[-97.136138,48.271033],[-97.140365,48.271096],[-97.143096,48.27044],[-97.145032,48.268766],[-97.144856,48.266793],[-97.143864,48.265749],[-97.140658,48.265337],[-97.135059,48.265825],[-97.125348,48.264042],[-97.123763,48.2632],[-97.123142,48.261174],[-97.125348,48.260008],[-97.127294,48.260012],[-97.129233,48.259895],[-97.129883,48.259772],[-97.130363,48.259465],[-97.130602,48.258982],[-97.130623,48.258056],[-97.13003,48.257203],[-97.126759,48.25502],[-97.125348,48.253695],[-97.124873,48.253164],[-97.124813,48.253039],[-97.124578,48.252553],[-97.124368,48.251918],[-97.124325,48.251258],[-97.124489,48.250702],[-97.124548,48.25062],[-97.12475,48.250347],[-97.125108,48.249983],[-97.126399,48.249726],[-97.127441,48.249437],[-97.129128,48.249435],[-97.12993,48.249731],[-97.133434,48.249873],[-97.134534,48.249737],[-97.135575,48.249488],[-97.137752,48.248435],[-97.138786,48.247838],[-97.139969,48.247345],[-97.143148,48.246708],[-97.144496,48.246131],[-97.146092,48.245187],[-97.146744,48.244484],[-97.14717,48.242966],[-97.147076,48.242201],[-97.14593,48.24162],[-97.144444,48.241182],[-97.142238,48.241196],[-97.140546,48.241472],[-97.138533,48.241488],[-97.135737,48.240893],[-97.134604,48.240249],[-97.133735,48.239075],[-97.133968,48.238183],[-97.134399,48.237704],[-97.135835,48.236919],[-97.137766,48.236758],[-97.139913,48.236655],[-97.141603,48.236467],[-97.143008,48.23606],[-97.14434,48.235049],[-97.144584,48.234262],[-97.144645,48.233562],[-97.143582,48.231767],[-97.14238,48.230993],[-97.139311,48.230187],[-97.135127,48.229743],[-97.130333,48.229672],[-97.127824,48.229217],[-97.125349,48.228657],[-97.12347,48.228018],[-97.122512,48.227496],[-97.121675,48.226936],[-97.120749,48.225826],[-97.12069,48.224754],[-97.121074,48.224123],[-97.121684,48.223568],[-97.122296,48.223303],[-97.123317,48.223076],[-97.124508,48.223174],[-97.125349,48.223346],[-97.126637,48.223839],[-97.127661,48.224435],[-97.129094,48.22509],[-97.131731,48.226424],[-97.133288,48.226943],[-97.135791,48.227084],[-97.137191,48.226951],[-97.138556,48.226728],[-97.140819,48.226199],[-97.14362,48.225201],[-97.146528,48.224258],[-97.148345,48.223742],[-97.149657,48.223149],[-97.151097,48.222098],[-97.151712,48.221395],[-97.152176,48.220433],[-97.15219,48.219636],[-97.151746,48.218932],[-97.150902,48.218306],[-97.149774,48.218088],[-97.148288,48.218317],[-97.147122,48.218847],[-97.145817,48.220133],[-97.144834,48.2208],[-97.143604,48.221523],[-97.141714,48.222086],[-97.140605,48.222142],[-97.139055,48.221952],[-97.135056,48.220648],[-97.132161,48.219579],[-97.128901,48.218739],[-97.127297,48.218453],[-97.125349,48.217753],[-97.124842,48.21741],[-97.122884,48.216494],[-97.120863,48.214974],[-97.119491,48.213519],[-97.118959,48.212867],[-97.118118,48.211404],[-97.117905,48.210603],[-97.117838,48.209764],[-97.118301,48.20857],[-97.118943,48.207822],[-97.120493,48.207289],[-97.122925,48.207381],[-97.12452,48.207961],[-97.125349,48.209206],[-97.126091,48.210009],[-97.12655,48.211228],[-97.127862,48.214417],[-97.129247,48.215732],[-97.130235,48.216352],[-97.131363,48.217182],[-97.132861,48.217597],[-97.134435,48.217794],[-97.13547,48.217851],[-97.137376,48.217681],[-97.138953,48.217075],[-97.139296,48.216755],[-97.139497,48.214391],[-97.138257,48.213061],[-97.136449,48.211856],[-97.135408,48.211501],[-97.131837,48.211191],[-97.130155,48.210765],[-97.129199,48.209938],[-97.129277,48.208377],[-97.129585,48.207977],[-97.130122,48.207636],[-97.13165,48.20711],[-97.134069,48.206728],[-97.137554,48.206223],[-97.139091,48.205841],[-97.14091,48.20452],[-97.141148,48.203999],[-97.14124,48.202953],[-97.140106,48.201792],[-97.139664,48.201477],[-97.136796,48.19952],[-97.135672,48.197126],[-97.136508,48.196264],[-97.140933,48.194368],[-97.141139,48.193841],[-97.142329,48.191621],[-97.142922,48.190996],[-97.144921,48.189471],[-97.147503,48.187842],[-97.149755,48.185824],[-97.14981,48.183498],[-97.148458,48.182433],[-97.146768,48.182058],[-97.145547,48.18233],[-97.14324,48.182762],[-97.141697,48.182988],[-97.140601,48.182942],[-97.138386,48.182304],[-97.13668,48.180866],[-97.135994,48.178897],[-97.13601,48.17674],[-97.136582,48.175763],[-97.137131,48.175357],[-97.13895,48.174656],[-97.141732,48.174501],[-97.143444,48.174338],[-97.145243,48.174046],[-97.146703,48.173223],[-97.147511,48.172407],[-97.14751,48.170572],[-97.146331,48.168583],[-97.145426,48.167465],[-97.145199,48.166706],[-97.144384,48.163288],[-97.144242,48.162491],[-97.143138,48.161065],[-97.14195,48.160202],[-97.140347,48.159755],[-97.13856,48.159459],[-97.136376,48.159771],[-97.134502,48.160295],[-97.13223,48.161387],[-97.13056,48.161929],[-97.128552,48.162515],[-97.127392,48.162748],[-97.125351,48.16282],[-97.124759,48.162775],[-97.123361,48.16241],[-97.122447,48.162048],[-97.121467,48.161478],[-97.121035,48.160738],[-97.120968,48.159552],[-97.121165,48.158725],[-97.121713,48.158226],[-97.122551,48.157682],[-97.124481,48.15655],[-97.126343,48.155923],[-97.128162,48.155133],[-97.130525,48.154251],[-97.132862,48.153433],[-97.137118,48.152236],[-97.139176,48.151529],[-97.140295,48.150894],[-97.141321,48.150033],[-97.143594,48.147476],[-97.144717,48.146575],[-97.145887,48.145104],[-97.146531,48.144055],[-97.146667,48.143203],[-97.146505,48.14222],[-97.146122,48.141649],[-97.145464,48.141294],[-97.144493,48.141054],[-97.143569,48.140997],[-97.142674,48.141212],[-97.141572,48.141673],[-97.140708,48.142206],[-97.139301,48.142862],[-97.137911,48.143237],[-97.136768,48.143292],[-97.134753,48.142978],[-97.131914,48.142392],[-97.129419,48.14201],[-97.126626,48.14152],[-97.125351,48.141091],[-97.123992,48.140548],[-97.122876,48.13975],[-97.122382,48.139066],[-97.122416,48.138091],[-97.123044,48.136996],[-97.124149,48.136384],[-97.125351,48.136078],[-97.126705,48.136056],[-97.127652,48.136193],[-97.130328,48.137132],[-97.13198,48.137572],[-97.13252,48.137641],[-97.133468,48.137101],[-97.133238,48.136504],[-97.131451,48.134984],[-97.130051,48.133975],[-97.129453,48.133133],[-97.129028,48.130804],[-97.128882,48.129],[-97.128279,48.127185],[-97.126862,48.124277],[-97.126124,48.12326],[-97.125626,48.122324],[-97.125351,48.122235],[-97.121586,48.116925],[-97.120702,48.114987],[-97.120592,48.113365],[-97.12104,48.112281],[-97.12202,48.110848],[-97.123135,48.109497],[-97.123666,48.108004],[-97.123614,48.107781],[-97.123202,48.10665],[-97.12182,48.10589],[-97.120841,48.105592],[-97.119773,48.105381],[-97.116938,48.105619],[-97.114874,48.106042],[-97.113194,48.106188],[-97.112417,48.106145],[-97.11147,48.105913],[-97.110794,48.105558],[-97.109535,48.104723],[-97.109097,48.103778],[-97.108895,48.102726],[-97.108959,48.101616],[-97.108691,48.100257],[-97.108051,48.099509],[-97.107429,48.099157],[-97.106086,48.098607],[-97.104183,48.097901],[-97.102983,48.097276],[-97.102249,48.096694],[-97.101876,48.095896],[-97.102058,48.095248],[-97.102558,48.094503],[-97.103195,48.094084],[-97.104027,48.093806],[-97.106913,48.093447],[-97.108894,48.092873],[-97.109521,48.092512],[-97.109857,48.091395],[-97.109418,48.090901],[-97.108046,48.090537],[-97.104736,48.090103],[-97.103498,48.08971],[-97.102165,48.089122],[-97.101263,48.088335],[-97.100163,48.086827],[-97.099798,48.085884],[-97.099433,48.083708],[-97.099431,48.082106],[-97.099862,48.07987],[-97.100155,48.078757],[-97.100768,48.077453],[-97.104154,48.074578],[-97.104516,48.073935],[-97.104697,48.073094],[-97.104483,48.072428],[-97.103867,48.071898],[-97.103052,48.071669],[-97.101287,48.071497],[-97.099786,48.071525],[-97.098829,48.071477],[-97.097772,48.07108],[-97.097261,48.070584],[-97.095828,48.06761],[-97.095153,48.066837],[-97.093232,48.065236],[-97.092034,48.064385],[-97.090818,48.063035],[-97.089282,48.061],[-97.088527,48.059865],[-97.087829,48.05902],[-97.086986,48.058222],[-97.08594,48.057455],[-97.084145,48.05642],[-97.078252,48.053997],[-97.075641,48.052725],[-97.074026,48.051209],[-97.071288,48.045797],[-97.070411,48.041765],[-97.069792,48.033351],[-97.069175,48.031258],[-97.068713,48.027694],[-97.068988,48.026267],[-97.071304,48.022757],[-97.072184,48.020638],[-97.071785,48.018057],[-97.070654,48.016918],[-97.068519,48.015932],[-97.064927,48.015658],[-97.063289,48.014989],[-97.063012,48.013179],[-97.066577,48.010365],[-97.066744,48.008841],[-97.064513,48.003399],[-97.064416,47.998892],[-97.062881,47.996412],[-97.060897,47.995228],[-97.056161,47.993564],[-97.053553,47.991612],[-97.053089,47.990444],[-97.053543,47.987951],[-97.054945,47.984844],[-97.056709,47.98],[-97.059255,47.975324],[-97.059075,47.973177],[-97.057234,47.970597],[-97.058115,47.968635],[-97.060763,47.966656],[-97.061656,47.965549],[-97.061411,47.963596],[-97.059028,47.962008],[-97.055367,47.960533],[-97.052826,47.958253],[-97.052253,47.955874],[-97.052681,47.954422],[-97.055302,47.950488],[-97.055597,47.949129],[-97.054874,47.946629],[-97.053274,47.944881],[-97.051587,47.943728],[-97.048222,47.942036],[-97.043708,47.94082],[-97.038796,47.940531],[-97.036149,47.939392],[-97.035524,47.937928],[-97.035573,47.936266],[-97.037324,47.933246],[-97.037336,47.933166],[-97.037232,47.931916],[-97.036103,47.930495],[-97.034353,47.929337],[-97.028467,47.92692],[-97.026034,47.925272],[-97.022734,47.922886],[-97.021541,47.922425],[-97.020909,47.92178],[-97.018107,47.920228],[-97.017588,47.918924],[-97.018442,47.918153],[-97.02214,47.917011],[-97.023732,47.915545],[-97.019646,47.914291],[-97.017038,47.912828],[-97.016204,47.91178],[-97.014904,47.908576],[-97.015544,47.906459],[-97.017039,47.905719],[-97.019842,47.905956],[-97.022826,47.908236],[-97.025002,47.908129],[-97.025227,47.907258],[-97.024416,47.905583],[-97.022985,47.904105],[-97.020523,47.902459],[-97.019905,47.900831],[-97.020738,47.899674],[-97.024392,47.897775],[-97.024922,47.897101],[-97.024855,47.894896],[-97.023487,47.893797],[-97.019605,47.891863],[-97.018873,47.891091],[-97.019228,47.889623],[-97.023234,47.888042],[-97.024635,47.887222],[-97.02544,47.885935],[-97.025064,47.883794],[-97.023788,47.882413],[-97.019963,47.880524],[-97.018014,47.878651],[-97.019058,47.876721],[-97.022431,47.875461],[-97.023275,47.87478],[-97.0229,47.873702],[-97.021065,47.872526],[-97.016547,47.871346],[-97.010118,47.871148],[-97.005447,47.87024],[-97.003715,47.869548],[-97.001828,47.868134],[-97.001505,47.866869],[-97.002199,47.866208],[-97.005813,47.865029],[-97.005409,47.86387],[-97.000862,47.861394],[-96.998328,47.859191],[-96.997236,47.856626],[-96.996799,47.852306],[-96.997538,47.8495],[-96.997016,47.84817],[-96.994931,47.846994],[-96.994189,47.84532],[-96.996591,47.844374],[-96.998045,47.843015],[-96.99789,47.841578],[-96.996451,47.841699],[-96.993788,47.842733],[-96.992384,47.841939],[-96.994047,47.839585],[-96.993965,47.838408],[-96.991369,47.837776],[-96.98809,47.838102],[-96.986729,47.8376],[-96.985757,47.835899],[-96.9849,47.833138],[-96.981878,47.830641],[-96.981558,47.829486],[-96.983421,47.827839],[-96.987236,47.826139],[-96.986758,47.825317],[-96.985193,47.825189],[-96.981878,47.825638],[-96.978768,47.82561],[-96.976607,47.825267],[-96.974222,47.823682],[-96.974394,47.822609],[-96.976707,47.822084],[-96.979059,47.822611],[-96.980556,47.821642],[-96.980373,47.816541],[-96.979871,47.814511],[-96.978161,47.812357],[-96.978006,47.810899],[-96.979816,47.809298],[-96.98186,47.809016],[-96.987994,47.809943],[-96.990091,47.809811],[-96.991616,47.808797],[-96.990763,47.807533],[-96.986803,47.807064],[-96.984765,47.806273],[-96.982773,47.804987],[-96.979643,47.80409],[-96.974478,47.803639],[-96.97287,47.803187],[-96.972687,47.801833],[-96.976285,47.801542],[-96.977158,47.798753],[-96.976254,47.797768],[-96.973278,47.797776],[-96.968751,47.799526],[-96.96712,47.799852],[-96.966114,47.799005],[-96.965636,47.796427],[-96.963806,47.794761],[-96.958695,47.79272],[-96.957051,47.791007],[-96.957613,47.789908],[-96.961735,47.78866],[-96.964738,47.78589],[-96.965358,47.783985],[-96.9636,47.782955],[-96.961716,47.783264],[-96.958765,47.785512],[-96.957976,47.785658],[-96.957529,47.78446],[-96.959405,47.781193],[-96.957535,47.779882],[-96.953025,47.779934],[-96.952692,47.778765],[-96.95603,47.776607],[-96.956643,47.775779],[-96.955858,47.774815],[-96.95397,47.774503],[-96.949765,47.775223],[-96.947619,47.775294],[-96.946326,47.774842],[-96.94578,47.772729],[-96.943016,47.771165],[-96.939696,47.768698],[-96.938266,47.768092],[-96.935556,47.767659],[-96.934707,47.766794],[-96.935273,47.765825],[-96.938196,47.763229],[-96.938353,47.761054],[-96.938184,47.760716],[-96.936835,47.759085],[-96.934268,47.757784],[-96.929615,47.756362],[-96.928827,47.755795],[-96.929612,47.754875],[-96.932178,47.754742],[-96.936998,47.756312],[-96.93899,47.756205],[-96.939706,47.755506],[-96.93847,47.75388],[-96.934596,47.753048],[-96.930277,47.751276],[-96.928642,47.749498],[-96.928416,47.748316],[-96.928521,47.744489],[-96.929577,47.742483],[-96.932085,47.74083],[-96.933052,47.739249],[-96.932904,47.737734],[-96.930926,47.73492],[-96.927278,47.73153],[-96.924975,47.729726],[-96.924432,47.726611],[-96.923052,47.725711],[-96.918931,47.724808],[-96.918757,47.723175],[-96.921187,47.721334],[-96.924631,47.719803],[-96.928628,47.718684],[-96.930435,47.717847],[-96.930973,47.715547],[-96.929164,47.714331],[-96.927604,47.714351],[-96.926239,47.715018],[-96.924005,47.717294],[-96.921636,47.717865],[-96.919799,47.716928],[-96.918886,47.715143],[-96.920187,47.712522],[-96.920353,47.711363],[-96.919691,47.710095],[-96.91684,47.708696],[-96.912985,47.708406],[-96.911864,47.706925],[-96.912546,47.705226],[-96.914836,47.703481],[-96.918134,47.70324],[-96.920873,47.701305],[-96.920998,47.700146],[-96.920093,47.699346],[-96.917186,47.699476],[-96.914017,47.701803],[-96.913054,47.701943],[-96.91157,47.701062],[-96.909092,47.696865],[-96.907689,47.69569],[-96.907263,47.693635],[-96.909763,47.691709],[-96.909771,47.689496],[-96.907869,47.688505],[-96.905768,47.688896],[-96.90357,47.691105],[-96.901676,47.691681],[-96.900431,47.691097],[-96.899237,47.689579],[-96.899128,47.685665],[-96.897515,47.681329],[-96.895971,47.677855],[-96.896598,47.67533],[-96.896125,47.674075],[-96.893784,47.673074],[-96.890397,47.673304],[-96.886706,47.674255],[-96.885091,47.673757],[-96.886038,47.672445],[-96.888604,47.671308],[-96.889834,47.670345],[-96.889335,47.668405],[-96.886785,47.666149],[-96.885419,47.663884],[-96.88577,47.661361],[-96.887291,47.659291],[-96.887518,47.657935],[-96.886693,47.655582],[-96.886845,47.653671],[-96.886174,47.652305],[-96.882477,47.650053],[-96.882118,47.648083],[-96.882859,47.644266],[-96.882571,47.641883],[-96.88437,47.640583],[-96.888092,47.639648],[-96.887631,47.637723],[-96.882058,47.633127],[-96.88148,47.63003],[-96.87935,47.628711],[-96.875967,47.62887],[-96.874529,47.628171],[-96.874331,47.627264],[-96.875357,47.626554],[-96.879223,47.626713],[-96.880487,47.626016],[-96.879867,47.624779],[-96.877516,47.62445],[-96.87586,47.623449],[-96.876277,47.622069],[-96.879705,47.620255],[-96.878982,47.618812],[-96.875433,47.619065],[-96.871411,47.618359],[-96.870832,47.617127],[-96.874005,47.614891],[-96.873952,47.61374],[-96.872049,47.613606],[-96.87003,47.61474],[-96.868302,47.614469],[-96.866602,47.612835],[-96.864709,47.61233],[-96.859551,47.612028],[-96.857082,47.610745],[-96.855933,47.609714],[-96.855073,47.607888],[-96.854993,47.605784],[-96.856904,47.603099],[-96.856812,47.601832],[-96.855876,47.600966],[-96.852099,47.599717],[-96.850993,47.598189],[-96.851281,47.597274],[-96.853181,47.596034],[-96.858147,47.596236],[-96.858887,47.595103],[-96.857853,47.594401],[-96.854417,47.593122],[-96.852306,47.592833],[-96.850575,47.592047],[-96.849908,47.590754],[-96.85121,47.5879],[-96.851558,47.585955],[-96.853252,47.583634],[-96.853003,47.580333],[-96.853739,47.57885],[-96.855401,47.577365],[-96.859084,47.575473],[-96.860273,47.575381],[-96.860215,47.574408],[-96.853715,47.571941],[-96.852362,47.571031],[-96.851419,47.569113],[-96.851905,47.568335],[-96.854904,47.567337],[-96.857307,47.567121],[-96.859835,47.567395],[-96.86194,47.568519],[-96.866145,47.569605],[-96.868236,47.568544],[-96.868885,47.567687],[-96.86865,47.566157],[-96.866817,47.564138],[-96.864434,47.562791],[-96.861735,47.562616],[-96.859456,47.563371],[-96.855486,47.565117],[-96.851855,47.565712],[-96.849497,47.566722],[-96.847499,47.566226],[-96.847615,47.564651],[-96.853743,47.560597],[-96.856361,47.559972],[-96.859408,47.560644],[-96.861375,47.560117],[-96.861707,47.559028],[-96.859075,47.556241],[-96.85784,47.555404],[-96.855913,47.554987],[-96.851744,47.554648],[-96.850223,47.553829],[-96.850431,47.551779],[-96.854918,47.54859],[-96.859585,47.547105],[-96.860509,47.546192],[-96.858285,47.544943],[-96.851156,47.543408],[-96.848509,47.542533],[-96.846337,47.540991],[-96.845323,47.538752],[-96.84672,47.537404],[-96.849259,47.537329],[-96.850982,47.538529],[-96.852151,47.540344],[-96.854257,47.541644],[-96.855996,47.542226],[-96.857651,47.542191],[-96.86175,47.541398],[-96.863205,47.540589],[-96.86357,47.539369],[-96.860914,47.537321],[-96.858493,47.537214],[-96.854673,47.538281],[-96.853677,47.537914],[-96.853534,47.536213],[-96.856866,47.533876],[-96.858928,47.530934],[-96.860925,47.529365],[-96.862485,47.528966],[-96.869047,47.528906],[-96.870908,47.528027],[-96.871111,47.527115],[-96.870058,47.526263],[-96.867346,47.525787],[-96.866526,47.525015],[-96.865715,47.52239],[-96.864022,47.520693],[-96.863578,47.518007],[-96.862627,47.516457],[-96.86112,47.515556],[-96.858088,47.514747],[-96.853924,47.514414],[-96.852168,47.514772],[-96.847339,47.516725],[-96.844093,47.516873],[-96.842268,47.516032],[-96.842022,47.514591],[-96.8439,47.512601],[-96.846041,47.512284],[-96.85077,47.513565],[-96.853217,47.512681],[-96.853552,47.511185],[-96.852183,47.509803],[-96.849688,47.509669],[-96.846935,47.510382],[-96.8439,47.510217],[-96.842492,47.509371],[-96.842447,47.508219],[-96.843332,47.507554],[-96.846112,47.506614],[-96.849076,47.506444],[-96.851211,47.507487],[-96.853017,47.506897],[-96.852887,47.505057],[-96.85366,47.502247],[-96.852584,47.500623],[-96.848923,47.498991],[-96.848771,47.498084],[-96.849368,47.497585],[-96.850846,47.496908],[-96.853584,47.49605],[-96.855011,47.495262],[-96.855681,47.494572],[-96.855922,47.49402],[-96.856424,47.493607],[-96.859572,47.492618],[-96.860914,47.492123],[-96.862121,47.492051],[-96.862725,47.492425],[-96.863302,47.492579],[-96.863966,47.492561],[-96.864403,47.492355],[-96.864969,47.491824],[-96.865087,47.491328],[-96.864718,47.490453],[-96.86369,47.489791],[-96.863001,47.489704],[-96.86169,47.48926],[-96.858129,47.48842],[-96.856565,47.488121],[-96.85522,47.487949],[-96.853637,47.487562],[-96.852677,47.487121],[-96.852158,47.486351],[-96.85234,47.485278],[-96.852616,47.484731],[-96.853301,47.484011],[-96.854147,47.483471],[-96.855181,47.483206],[-96.856333,47.483158],[-96.857213,47.483271],[-96.858414,47.48359],[-96.858936,47.483579],[-96.860066,47.483869],[-96.86094,47.48424],[-96.861883,47.484237],[-96.862747,47.484078],[-96.863392,47.483663],[-96.864064,47.482643],[-96.864987,47.481507],[-96.865921,47.480505],[-96.866452,47.480106],[-96.867833,47.479512],[-96.868329,47.479142],[-96.868519,47.478473],[-96.86849,47.477579],[-96.867818,47.477073],[-96.867073,47.476738],[-96.866081,47.476697],[-96.864916,47.476894],[-96.8641,47.477401],[-96.863209,47.478252],[-96.862413,47.479143],[-96.860543,47.480656],[-96.859793,47.480916],[-96.858459,47.481125],[-96.857199,47.481152],[-96.856915,47.481243],[-96.856085,47.48115],[-96.854334,47.480763],[-96.85342,47.480484],[-96.852652,47.47999],[-96.852025,47.479228],[-96.851888,47.47837],[-96.852088,47.477697],[-96.852445,47.477107],[-96.853232,47.476339],[-96.855188,47.474972],[-96.856143,47.47446],[-96.857937,47.473726],[-96.858609,47.473923],[-96.859293,47.4739],[-96.860172,47.473676],[-96.860748,47.473209],[-96.860977,47.472768],[-96.860954,47.471793],[-96.860583,47.470406],[-96.860515,47.469267],[-96.860065,47.467707],[-96.859215,47.46623],[-96.858514,47.46526],[-96.857825,47.464501],[-96.857272,47.464065],[-96.855312,47.462784],[-96.854323,47.461987],[-96.853841,47.461149],[-96.853792,47.460754],[-96.854019,47.460239],[-96.854923,47.459399],[-96.855863,47.459484],[-96.858094,47.458462],[-96.859042,47.458249],[-96.859776,47.458205],[-96.861792,47.458317],[-96.862516,47.458217],[-96.863115,47.457868],[-96.863604,47.457154],[-96.863495,47.456439],[-96.863244,47.456164],[-96.862272,47.455504],[-96.861768,47.455408],[-96.859624,47.455275],[-96.85844,47.455443],[-96.856921,47.455522],[-96.855644,47.45532],[-96.854483,47.454816],[-96.854455,47.454795],[-96.854431,47.454772],[-96.854359,47.454675],[-96.854298,47.454575],[-96.854232,47.454406],[-96.854219,47.454189],[-96.854218,47.45408],[-96.85423,47.453972],[-96.854286,47.453795],[-96.854384,47.453589],[-96.854469,47.453457],[-96.854582,47.453335],[-96.854784,47.453168],[-96.854931,47.453064],[-96.855082,47.452964],[-96.855123,47.452941],[-96.855343,47.452843],[-96.855667,47.452723],[-96.855865,47.452673],[-96.855967,47.452655],[-96.857116,47.452564],[-96.85774,47.452501],[-96.857894,47.452477],[-96.858153,47.452446],[-96.858255,47.45243],[-96.858505,47.452374],[-96.8586,47.452343],[-96.858738,47.45229],[-96.858781,47.452269],[-96.858969,47.452143],[-96.859072,47.452061],[-96.859136,47.452004],[-96.859161,47.451972],[-96.85923,47.451835],[-96.859258,47.451728],[-96.859246,47.451584],[-96.85921,47.451405],[-96.859177,47.451336],[-96.859135,47.45127],[-96.859006,47.451112],[-96.858845,47.450969],[-96.858704,47.450862],[-96.858272,47.450497],[-96.857959,47.450207],[-96.857907,47.450144],[-96.857665,47.449907],[-96.857587,47.449813],[-96.857453,47.449701],[-96.857367,47.449611],[-96.857242,47.449494],[-96.857133,47.449371],[-96.857066,47.449272],[-96.857034,47.449203],[-96.857012,47.449036],[-96.857049,47.448847],[-96.857188,47.448653],[-96.857252,47.448554],[-96.857307,47.448452],[-96.857373,47.448354],[-96.857452,47.448261],[-96.857576,47.448101],[-96.857746,47.447938],[-96.85787,47.447818],[-96.858097,47.447651],[-96.859106,47.447037],[-96.859447,47.446675],[-96.859621,47.446042],[-96.859424,47.445521],[-96.858668,47.444373],[-96.858422,47.443266],[-96.857734,47.442254],[-96.856548,47.44115],[-96.855915,47.440041],[-96.855801,47.439506],[-96.856021,47.438952],[-96.85685,47.438257],[-96.85758,47.437974],[-96.858829,47.43787],[-96.859294,47.437929],[-96.860606,47.437881],[-96.861942,47.43757],[-96.862555,47.437127],[-96.862859,47.436403],[-96.862451,47.435521],[-96.861619,47.434969],[-96.859991,47.434312],[-96.858795,47.434037],[-96.856972,47.433863],[-96.855037,47.433536],[-96.853859,47.433146],[-96.852991,47.432623],[-96.852811,47.432247],[-96.852947,47.431749],[-96.853699,47.431437],[-96.854703,47.43154],[-96.856188,47.432224],[-96.857148,47.432365],[-96.858214,47.432073],[-96.858781,47.431696],[-96.86003,47.430536],[-96.860772,47.430028],[-96.86221,47.429588],[-96.863873,47.428972],[-96.864644,47.428267],[-96.864749,47.427733],[-96.864471,47.427243],[-96.863342,47.426601],[-96.862482,47.426455],[-96.861155,47.426629],[-96.859498,47.42716],[-96.858298,47.427259],[-96.857301,47.427232],[-96.856596,47.427087],[-96.855571,47.426719],[-96.854703,47.426254],[-96.854371,47.425807],[-96.85443,47.425059],[-96.855511,47.424181],[-96.856166,47.42388],[-96.857866,47.42351],[-96.8589,47.423394],[-96.860973,47.422885],[-96.86207,47.42246],[-96.862922,47.421978],[-96.86446,47.420939],[-96.865068,47.420729],[-96.866329,47.420519],[-96.869516,47.420279],[-96.870285,47.420169],[-96.871041,47.419919],[-96.871546,47.419554],[-96.871761,47.419187],[-96.87159,47.418629],[-96.871093,47.418258],[-96.869842,47.418081],[-96.868761,47.418293],[-96.867284,47.418844],[-96.866637,47.418991],[-96.865852,47.418975],[-96.864969,47.41866],[-96.86366,47.418067],[-96.86158,47.417869],[-96.86083,47.417516],[-96.860889,47.417199],[-96.861631,47.416085],[-96.861883,47.415387],[-96.861678,47.414394],[-96.861334,47.413989],[-96.860314,47.413104],[-96.859703,47.412473],[-96.858334,47.410482],[-96.857795,47.410042],[-96.85642,47.409577],[-96.855005,47.4095],[-96.85391,47.4096],[-96.852376,47.409848],[-96.850665,47.410203],[-96.847301,47.411123],[-96.845292,47.411826],[-96.844287,47.412035],[-96.842725,47.412033],[-96.842101,47.411758],[-96.841813,47.411063],[-96.842251,47.410295],[-96.842898,47.409872],[-96.844444,47.409261],[-96.847285,47.407902],[-96.848341,47.407688],[-96.851141,47.40739],[-96.851873,47.407202],[-96.852512,47.406773],[-96.852744,47.406454],[-96.85269,47.406023],[-96.852123,47.405309],[-96.851345,47.404823],[-96.84991,47.404306],[-96.8471,47.403709],[-96.845874,47.403384],[-96.845049,47.403068],[-96.844598,47.402718],[-96.843625,47.401689],[-96.842147,47.400717],[-96.841307,47.400357],[-96.840101,47.400002],[-96.839363,47.39966],[-96.839119,47.399091],[-96.839474,47.398534],[-96.840186,47.398054],[-96.841716,47.397421],[-96.843016,47.396751],[-96.843882,47.3965],[-96.84632,47.39623],[-96.847841,47.395745],[-96.848307,47.395455],[-96.848824,47.394789],[-96.849128,47.393998],[-96.848755,47.393425],[-96.847654,47.392996],[-96.846077,47.392512],[-96.844885,47.39223],[-96.844003,47.392145],[-96.84307,47.392226],[-96.842335,47.392501],[-96.841205,47.393249],[-96.840316,47.393193],[-96.839626,47.392652],[-96.839234,47.391974],[-96.838081,47.3906],[-96.837496,47.389633],[-96.837444,47.389274],[-96.837653,47.388716],[-96.838172,47.38818],[-96.838721,47.387969],[-96.840606,47.387526],[-96.841832,47.38692],[-96.84217,47.386169],[-96.841767,47.385654],[-96.840646,47.385056],[-96.839749,47.38468],[-96.838934,47.384225],[-96.838268,47.383491],[-96.837974,47.38273],[-96.838154,47.382209],[-96.838561,47.381666],[-96.839244,47.381165],[-96.840115,47.380836],[-96.841094,47.380702],[-96.842718,47.380729],[-96.844308,47.381195],[-96.846051,47.382293],[-96.846861,47.382625],[-96.847992,47.382743],[-96.8492,47.382418],[-96.849806,47.381969],[-96.85012,47.381287],[-96.850015,47.380938],[-96.849264,47.380126],[-96.848272,47.379598],[-96.846706,47.379088],[-96.844724,47.378271],[-96.843999,47.377799],[-96.843313,47.376991],[-96.843289,47.376451],[-96.843544,47.375902],[-96.844517,47.375203],[-96.845792,47.374785],[-96.846625,47.374729],[-96.848308,47.374756],[-96.850358,47.375099],[-96.852871,47.375009],[-96.853924,47.374687],[-96.854609,47.374105],[-96.854382,47.372968],[-96.853958,47.372605],[-96.85277,47.372227],[-96.851526,47.371687],[-96.850744,47.371203],[-96.849457,47.370719],[-96.848364,47.370463],[-96.847016,47.370265],[-96.846281,47.370294],[-96.844831,47.370701],[-96.843901,47.371338],[-96.842992,47.372134],[-96.841988,47.372822],[-96.841111,47.373216],[-96.840224,47.373443],[-96.839294,47.373552],[-96.838404,47.373497],[-96.837218,47.373129],[-96.836691,47.372605],[-96.836706,47.372028],[-96.837141,47.371291],[-96.837967,47.370686],[-96.838671,47.37037],[-96.840591,47.369704],[-96.841504,47.369218],[-96.842541,47.36855],[-96.843369,47.368169],[-96.844591,47.367993],[-96.847895,47.368573],[-96.849741,47.36933],[-96.850642,47.369578],[-96.852304,47.369739],[-96.854707,47.369574],[-96.856469,47.369216],[-96.85717,47.368969],[-96.858014,47.36824],[-96.858198,47.36771],[-96.858072,47.367144],[-96.857541,47.366653],[-96.856665,47.366203],[-96.85542,47.36607],[-96.854581,47.366093],[-96.852109,47.366434],[-96.850807,47.366406],[-96.849793,47.365964],[-96.848867,47.365179],[-96.848362,47.36462],[-96.847969,47.363874],[-96.847941,47.363264],[-96.848386,47.362536],[-96.848817,47.362219],[-96.85121,47.360808],[-96.851685,47.360471],[-96.852314,47.359525],[-96.852375,47.358985],[-96.852175,47.358388],[-96.851756,47.357888],[-96.85054,47.357091],[-96.848635,47.356583],[-96.846547,47.356418],[-96.843237,47.356399],[-96.841244,47.35633],[-96.839878,47.356336],[-96.838991,47.356265],[-96.837932,47.355957],[-96.83731,47.355474],[-96.837044,47.354527],[-96.837258,47.354009],[-96.838008,47.353514],[-96.83925,47.353404],[-96.839974,47.353492],[-96.841082,47.353914],[-96.8423,47.354539],[-96.843258,47.354719],[-96.843921,47.354615],[-96.844588,47.354271],[-96.845051,47.353631],[-96.844847,47.353005],[-96.844366,47.35258],[-96.843138,47.351501],[-96.842889,47.350921],[-96.843024,47.350613],[-96.843782,47.350237],[-96.845199,47.35021],[-96.84692,47.349784],[-96.847312,47.349411],[-96.847436,47.348696],[-96.847114,47.347711],[-96.846271,47.346675],[-96.844831,47.345676],[-96.843407,47.345174],[-96.842754,47.344656],[-96.842257,47.34402],[-96.841518,47.34212],[-96.84099,47.341378],[-96.84016,47.34083],[-96.839655,47.340639],[-96.838575,47.340503],[-96.837799,47.340591],[-96.836261,47.340949],[-96.834954,47.341007],[-96.833405,47.340695],[-96.831936,47.340065],[-96.831214,47.339591],[-96.830643,47.338786],[-96.830618,47.338014],[-96.831272,47.336872],[-96.832226,47.33575],[-96.83355,47.333747],[-96.834165,47.33295],[-96.835364,47.332202],[-96.836597,47.331896],[-96.837855,47.331894],[-96.840817,47.332215],[-96.841868,47.332204],[-96.842894,47.332058],[-96.844153,47.331614],[-96.845566,47.330648],[-96.846138,47.329762],[-96.846159,47.328861],[-96.845855,47.328134],[-96.845465,47.327665],[-96.844364,47.326946],[-96.843759,47.326732],[-96.841993,47.326501],[-96.841314,47.326551],[-96.840183,47.326836],[-96.838915,47.327533],[-96.838154,47.328224],[-96.837116,47.329721],[-96.836694,47.330134],[-96.835823,47.330709],[-96.835159,47.330923],[-96.8338,47.330909],[-96.832878,47.330771],[-96.831472,47.330378],[-96.830932,47.330155],[-96.829713,47.329311],[-96.829013,47.328506],[-96.828764,47.327995],[-96.82909,47.326944],[-96.829573,47.326477],[-96.8301,47.326181],[-96.831243,47.32575],[-96.833443,47.325769],[-96.835375,47.325651],[-96.836462,47.325226],[-96.837033,47.324509],[-96.836884,47.323267],[-96.834662,47.320672],[-96.835128,47.319297],[-96.837012,47.318386],[-96.83999,47.318577],[-96.840934,47.318554],[-96.842763,47.318243],[-96.843895,47.317866],[-96.846066,47.316991],[-96.846728,47.316528],[-96.846985,47.31569],[-96.846638,47.315096],[-96.846026,47.314758],[-96.844392,47.314507],[-96.843452,47.314215],[-96.842702,47.313764],[-96.842201,47.313057],[-96.842339,47.312223],[-96.843272,47.311221],[-96.843892,47.310388],[-96.843927,47.309856],[-96.843712,47.309335],[-96.842835,47.308719],[-96.841917,47.308609],[-96.841052,47.30876],[-96.840297,47.309143],[-96.839955,47.309507],[-96.838969,47.310894],[-96.838292,47.311344],[-96.837662,47.311522],[-96.836828,47.311526],[-96.835741,47.311108],[-96.834708,47.310023],[-96.833607,47.308386],[-96.832444,47.307504],[-96.830932,47.30661],[-96.83066,47.306066],[-96.830818,47.305181],[-96.831665,47.304596],[-96.833429,47.303934],[-96.834612,47.303281],[-96.835044,47.302831],[-96.835624,47.301222],[-96.83652,47.299642],[-96.837488,47.298699],[-96.838672,47.297735],[-96.839056,47.297638],[-96.840925,47.296274],[-96.842038,47.295288],[-96.843265,47.293901],[-96.843857,47.292939],[-96.844032,47.291463],[-96.843937,47.290489],[-96.843421,47.288387],[-96.842638,47.286548],[-96.841519,47.284367],[-96.841126,47.283243],[-96.840973,47.281116],[-96.840926,47.279745],[-96.840301,47.277587],[-96.84009,47.276551],[-96.840137,47.275362],[-96.840757,47.274333],[-96.841491,47.273876],[-96.842246,47.273626],[-96.843303,47.273416],[-96.845016,47.27325],[-96.846227,47.272916],[-96.847224,47.272238],[-96.847517,47.271776],[-96.847681,47.270886],[-96.847302,47.27016],[-96.846077,47.26927],[-96.844926,47.268775],[-96.843446,47.26855],[-96.84193,47.268549],[-96.840706,47.268745],[-96.83934,47.269113],[-96.838415,47.269231],[-96.837065,47.269121],[-96.836014,47.268799],[-96.8353,47.268321],[-96.834675,47.267441],[-96.834577,47.266699],[-96.834705,47.266155],[-96.835042,47.26567],[-96.835806,47.265177],[-96.836753,47.264794],[-96.837656,47.264608],[-96.839488,47.264553],[-96.841242,47.264902],[-96.841877,47.265152],[-96.842959,47.265424],[-96.843945,47.265513],[-96.84496,47.265299],[-96.845987,47.264589],[-96.847048,47.263304],[-96.847382,47.262545],[-96.84734,47.261472],[-96.846836,47.261016],[-96.84626,47.260819],[-96.845426,47.260834],[-96.844598,47.261057],[-96.84397,47.26144],[-96.842839,47.262292],[-96.841816,47.262645],[-96.839631,47.262829],[-96.838402,47.263015],[-96.837566,47.26306],[-96.836532,47.262901],[-96.835917,47.262461],[-96.83545,47.261394],[-96.835433,47.260709],[-96.835654,47.259969],[-96.836,47.259328],[-96.836998,47.258593],[-96.837694,47.258344],[-96.838633,47.258312],[-96.839902,47.258529],[-96.841641,47.259031],[-96.842873,47.259196],[-96.843815,47.259181],[-96.844593,47.258977],[-96.845293,47.258405],[-96.845209,47.257734],[-96.844411,47.25729],[-96.843524,47.25726],[-96.841426,47.25758],[-96.840069,47.257537],[-96.839485,47.257379],[-96.838836,47.256915],[-96.83859,47.256439],[-96.838593,47.255939],[-96.838962,47.255265],[-96.839896,47.254492],[-96.841566,47.253809],[-96.842655,47.253461],[-96.84409,47.252054],[-96.844422,47.251227],[-96.844206,47.250558],[-96.843675,47.249853],[-96.843025,47.249496],[-96.841989,47.249404],[-96.840812,47.249659],[-96.840146,47.250211],[-96.839837,47.250968],[-96.839777,47.251833],[-96.839313,47.252667],[-96.838495,47.253028],[-96.837403,47.253051],[-96.837067,47.252882],[-96.836529,47.252181],[-96.835244,47.250128],[-96.834091,47.249195],[-96.833213,47.24868],[-96.832321,47.247748],[-96.83215,47.247333],[-96.832274,47.246658],[-96.833371,47.245745],[-96.834566,47.245271],[-96.835591,47.244999],[-96.837315,47.244698],[-96.838888,47.244298],[-96.840706,47.243587],[-96.84164,47.243063],[-96.842864,47.242174],[-96.843299,47.241684],[-96.843698,47.240903],[-96.843782,47.240328],[-96.843662,47.239613],[-96.842836,47.238981],[-96.841528,47.238766],[-96.840751,47.238958],[-96.840291,47.239351],[-96.84001,47.239892],[-96.839756,47.240778],[-96.83931,47.241624],[-96.838521,47.242246],[-96.837941,47.242488],[-96.836908,47.242518],[-96.835939,47.241936],[-96.83576,47.241559],[-96.835249,47.239642],[-96.834847,47.239121],[-96.833348,47.238012],[-96.832606,47.237612],[-96.831552,47.237014],[-96.830673,47.236395],[-96.829126,47.234723],[-96.828734,47.233826],[-96.828762,47.232567],[-96.828998,47.232053],[-96.829388,47.231716],[-96.830341,47.231346],[-96.83164,47.231307],[-96.83217,47.231443],[-96.832627,47.23179],[-96.833837,47.233183],[-96.834465,47.233805],[-96.835408,47.234483],[-96.835969,47.234749],[-96.837054,47.234995],[-96.838327,47.234799],[-96.839711,47.234289],[-96.841469,47.233208],[-96.842479,47.232056],[-96.842691,47.231649],[-96.842787,47.231004],[-96.842448,47.230291],[-96.841441,47.229508],[-96.840672,47.229223],[-96.839858,47.22909],[-96.838709,47.229098],[-96.836471,47.229471],[-96.835739,47.229449],[-96.834857,47.229282],[-96.832878,47.228624],[-96.831855,47.227956],[-96.831463,47.227251],[-96.831454,47.226711],[-96.831759,47.226175],[-96.832728,47.225632],[-96.834136,47.22524],[-96.837035,47.224748],[-96.83838,47.224444],[-96.841491,47.223537],[-96.843303,47.222815],[-96.844313,47.222301],[-96.845154,47.221706],[-96.845704,47.220972],[-96.845788,47.22011],[-96.845587,47.219261],[-96.84504,47.21861],[-96.843967,47.217926],[-96.84328,47.217752],[-96.842393,47.217749],[-96.841187,47.218083],[-96.840541,47.218552],[-96.840184,47.219336],[-96.840168,47.221104],[-96.839941,47.221881],[-96.839621,47.222294],[-96.838574,47.222868],[-96.837874,47.223009],[-96.837035,47.223018],[-96.835568,47.222759],[-96.83471,47.222412],[-96.833996,47.221934],[-96.833217,47.221038],[-96.832899,47.219984],[-96.833198,47.219185],[-96.834048,47.21841],[-96.834971,47.217939],[-96.836464,47.217342],[-96.836838,47.21709],[-96.837298,47.216376],[-96.837053,47.21564],[-96.836661,47.215172],[-96.835351,47.214239],[-96.832897,47.213068],[-96.831745,47.212385],[-96.830787,47.211719],[-96.830285,47.210931],[-96.830321,47.210248],[-96.830777,47.209483],[-96.831654,47.208977],[-96.832859,47.208738],[-96.835685,47.208646],[-96.836366,47.208469],[-96.837163,47.207684],[-96.83713,47.207218],[-96.8366,47.206737],[-96.835281,47.206219],[-96.834018,47.20587],[-96.831474,47.20503],[-96.830284,47.204441],[-96.828987,47.203601],[-96.827873,47.202618],[-96.827181,47.201532],[-96.827256,47.200962],[-96.827795,47.200233],[-96.828625,47.200048],[-96.829291,47.200134],[-96.829817,47.200428],[-96.83033,47.201092],[-96.830681,47.201998],[-96.831256,47.202964],[-96.831838,47.203425],[-96.832778,47.203728],[-96.833406,47.203735],[-96.834438,47.203259],[-96.836194,47.201464],[-96.837226,47.200334],[-96.839189,47.198553],[-96.839767,47.198089],[-96.841885,47.196695],[-96.843077,47.195835],[-96.844397,47.194786],[-96.844715,47.194294],[-96.844847,47.19358],[-96.844711,47.192902],[-96.844123,47.191866],[-96.843206,47.191224],[-96.842535,47.190947],[-96.841191,47.190817],[-96.840527,47.190917],[-96.839774,47.191349],[-96.839507,47.191967],[-96.839679,47.192856],[-96.840365,47.194176],[-96.84047,47.194783],[-96.840336,47.195534],[-96.840018,47.195945],[-96.839359,47.196357],[-96.838822,47.196494],[-96.838039,47.196481],[-96.836863,47.196095],[-96.834786,47.194775],[-96.833967,47.194456],[-96.831572,47.193733],[-96.829822,47.193271],[-96.828405,47.192731],[-96.826594,47.191636],[-96.825926,47.190847],[-96.82573,47.190398],[-96.825762,47.189642],[-96.82592,47.189375],[-96.826722,47.188759],[-96.827314,47.188539],[-96.828872,47.18823],[-96.830839,47.188029],[-96.832244,47.187743],[-96.833391,47.187394],[-96.834856,47.186697],[-96.835414,47.186317],[-96.835975,47.185628],[-96.835919,47.184775],[-96.835592,47.184284],[-96.834561,47.183678],[-96.833649,47.183413],[-96.832554,47.183374],[-96.830681,47.183702],[-96.828446,47.184399],[-96.826812,47.18511],[-96.826414,47.185192],[-96.825621,47.185605],[-96.824376,47.185869],[-96.823203,47.185738],[-96.822062,47.185175],[-96.821555,47.184314],[-96.821639,47.18345],[-96.821987,47.182888],[-96.822681,47.182398],[-96.823657,47.18217],[-96.824591,47.182201],[-96.82617,47.182446],[-96.826641,47.182439],[-96.827419,47.182098],[-96.827597,47.181762],[-96.827462,47.181382],[-96.826937,47.181033],[-96.825099,47.180347],[-96.824674,47.180082],[-96.82431,47.179567],[-96.824253,47.178782],[-96.824463,47.178338],[-96.825014,47.177859],[-96.825608,47.177569],[-96.827106,47.177258],[-96.828927,47.177307],[-96.831001,47.177691],[-96.832044,47.177713],[-96.832632,47.1776],[-96.8332,47.177287],[-96.833458,47.176896],[-96.833383,47.176328],[-96.832778,47.175656],[-96.831724,47.174901],[-96.830883,47.174413],[-96.82974,47.174061],[-96.828862,47.173955],[-96.827766,47.173978],[-96.825447,47.174256],[-96.824389,47.174218],[-96.823239,47.173888],[-96.822685,47.173411],[-96.82243,47.172723],[-96.82312,47.171441],[-96.824168,47.170282],[-96.825006,47.169226],[-96.825176,47.168848],[-96.825242,47.167769],[-96.824975,47.166998],[-96.82413,47.166276],[-96.823278,47.166013],[-96.820776,47.165899],[-96.819944,47.165685],[-96.8191,47.165207],[-96.81895,47.164901],[-96.819009,47.164293],[-96.819297,47.163792],[-96.820071,47.162891],[-96.821066,47.162206],[-96.822602,47.16146],[-96.82323,47.16128],[-96.824501,47.161071],[-96.826584,47.160943],[-96.828678,47.16097],[-96.830136,47.160885],[-96.830826,47.160719],[-96.831534,47.160296],[-96.831922,47.159788],[-96.831873,47.158897],[-96.831229,47.158381],[-96.830328,47.158201],[-96.829545,47.15818],[-96.825933,47.158583],[-96.824529,47.158561],[-96.823324,47.15821],[-96.822434,47.157659],[-96.822176,47.157152],[-96.822359,47.156341],[-96.823077,47.155598],[-96.82428,47.1551],[-96.82533,47.154805],[-96.826771,47.154666],[-96.827868,47.154639],[-96.830259,47.154806],[-96.831788,47.155044],[-96.833151,47.155493],[-96.83472,47.15639],[-96.835998,47.156669],[-96.836391,47.156583],[-96.836887,47.156146],[-96.836799,47.155541],[-96.836138,47.153986],[-96.83627,47.153318],[-96.83678,47.152962],[-96.837474,47.152806],[-96.839508,47.152728],[-96.840719,47.152524],[-96.841135,47.152203],[-96.841216,47.151641],[-96.840959,47.151209],[-96.840122,47.150475],[-96.8375,47.148811],[-96.836083,47.1485],[-96.833315,47.14972],[-96.8317,47.149447],[-96.828648,47.146419],[-96.829073,47.14529],[-96.832693,47.144985],[-96.834626,47.143958],[-96.833403,47.142091],[-96.8302,47.14148],[-96.828562,47.139836],[-96.827598,47.136769],[-96.82633,47.134941],[-96.826466,47.133871],[-96.827604,47.132914],[-96.829979,47.131823],[-96.830884,47.129931],[-96.830417,47.129224],[-96.82838,47.128513],[-96.826373,47.128668],[-96.821858,47.130851],[-96.820689,47.130049],[-96.821159,47.129343],[-96.824136,47.127615],[-96.824773,47.1265],[-96.824871,47.12429],[-96.826712,47.12285],[-96.829861,47.122827],[-96.834919,47.123764],[-96.836661,47.123443],[-96.837564,47.12198],[-96.83676,47.121477],[-96.833076,47.120404],[-96.828956,47.120906],[-96.827717,47.120221],[-96.826578,47.11851],[-96.823301,47.117499],[-96.821192,47.115754],[-96.820614,47.113751],[-96.822174,47.111717],[-96.822666,47.109664],[-96.820255,47.107989],[-96.816823,47.10912],[-96.816191,47.108481],[-96.815659,47.104662],[-96.816804,47.103613],[-96.819447,47.102402],[-96.82102,47.100894],[-96.820466,47.099312],[-96.817929,47.098597],[-96.81722,47.097857],[-96.817586,47.094006],[-96.817091,47.09271],[-96.817989,47.091405],[-96.821183,47.090776],[-96.825385,47.090252],[-96.826292,47.088663],[-96.824897,47.088136],[-96.821691,47.089474],[-96.819492,47.089739],[-96.816449,47.088776],[-96.815527,47.087906],[-96.816184,47.086808],[-96.819795,47.084653],[-96.820382,47.08379],[-96.819946,47.082242],[-96.818786,47.081253],[-96.815778,47.080064],[-96.815751,47.078987],[-96.816713,47.078455],[-96.821204,47.077919],[-96.826147,47.076497],[-96.829276,47.07462],[-96.828076,47.07289],[-96.826778,47.072598],[-96.824057,47.075764],[-96.82093,47.07609],[-96.81963,47.075342],[-96.820224,47.073478],[-96.82162,47.072746],[-96.824115,47.072377],[-96.824546,47.071534],[-96.823241,47.068946],[-96.8235,47.065967],[-96.821708,47.063975],[-96.820432,47.063132],[-96.819739,47.061729],[-96.822213,47.060847],[-96.827177,47.062077],[-96.82942,47.061607],[-96.830386,47.060823],[-96.82887,47.059412],[-96.826323,47.059106],[-96.823043,47.059674],[-96.8217,47.059177],[-96.821862,47.058123],[-96.823935,47.057425],[-96.825102,47.056456],[-96.825063,47.055564],[-96.819928,47.053762],[-96.817708,47.052309],[-96.817737,47.051118],[-96.819963,47.049264],[-96.823702,47.047509],[-96.826563,47.046945],[-96.827559,47.046332],[-96.826862,47.045244],[-96.824704,47.046218],[-96.820455,47.047577],[-96.817865,47.047077],[-96.817834,47.045285],[-96.822549,47.038865],[-96.822716,47.036937],[-96.821488,47.035802],[-96.819464,47.035847],[-96.818435,47.036731],[-96.817173,47.038908],[-96.814385,47.039883],[-96.813023,47.039246],[-96.812991,47.037772],[-96.816343,47.033788],[-96.81878,47.033105],[-96.823301,47.033754],[-96.826572,47.032948],[-96.827225,47.03093],[-96.825143,47.030055],[-96.821233,47.030638],[-96.819183,47.029397],[-96.817998,47.02769],[-96.8149,47.025247],[-96.815456,47.023754],[-96.81685,47.023765],[-96.819609,47.024502],[-96.827386,47.022901],[-96.830039,47.020944],[-96.830634,47.018909],[-96.831302,47.018315],[-96.834776,47.017446],[-96.834408,47.016715],[-96.832303,47.015184],[-96.833939,47.012762],[-96.83337,47.010407],[-96.833971,47.00979],[-96.837712,47.008808],[-96.839515,47.007162],[-96.838111,47.006065],[-96.834839,47.007254],[-96.833903,47.00682],[-96.833769,47.005106],[-96.832967,47.00417],[-96.830228,47.005267],[-96.828258,47.004627],[-96.82819,47.002274],[-96.826353,47.001726],[-96.823181,47.003668],[-96.821076,47.003486],[-96.821076,47.002823],[-96.82338,47.000881],[-96.82223,46.999261],[-96.819478,46.998413],[-96.819478,46.997373],[-96.820454,46.997181],[-96.822902,46.997821],[-96.823926,46.997437],[-96.82447,46.996173],[-96.824598,46.993309],[-96.822694,46.991501],[-96.822345,46.990591],[-96.823465,46.989311],[-96.826348,46.988446],[-96.826156,46.987485],[-96.822604,46.985914],[-96.820113,46.979378],[-96.820037,46.976818],[-96.820953,46.975504],[-96.821391,46.972841],[-96.823175,46.971482],[-96.822664,46.97002],[-96.819555,46.967415],[-96.815575,46.966958],[-96.81328,46.966152],[-96.81216,46.964609],[-96.809786,46.963835],[-96.807601,46.964636],[-96.806969,46.967299],[-96.804819,46.967295],[-96.80313,46.964518],[-96.801599,46.964209],[-96.801191,46.965231],[-96.802153,46.966467],[-96.80159,46.968287],[-96.798272,46.967478],[-96.795391,46.96614],[-96.795693,46.96426],[-96.798053,46.962204],[-96.79879,46.9603],[-96.79991,46.959228],[-96.803494,46.958428],[-96.803622,46.957068],[-96.802534,46.95598],[-96.799606,46.954316],[-96.798965,46.951148],[-96.799516,46.949334],[-96.80119,46.948557],[-96.803888,46.947813],[-96.803977,46.946533],[-96.800448,46.944676],[-96.798805,46.944206],[-96.796341,46.945013],[-96.795697,46.946433],[-96.794067,46.946933],[-96.792962,46.946604],[-96.791569,46.944948],[-96.791372,46.943593],[-96.792158,46.940564],[-96.791873,46.939528],[-96.790447,46.938404],[-96.789888,46.93705],[-96.791321,46.935321],[-96.791333,46.933853],[-96.790931,46.930618],[-96.791812,46.928751],[-96.791074,46.927315],[-96.789145,46.927489],[-96.787377,46.930103],[-96.785735,46.929917],[-96.784803,46.928464],[-96.785596,46.925266],[-96.785177,46.9244],[-96.783765,46.924382],[-96.782152,46.925831],[-96.780986,46.927571],[-96.779711,46.928327],[-96.778326,46.927717],[-96.777852,46.925694],[-96.776681,46.925721],[-96.774893,46.927827],[-96.775454,46.929619],[-96.774893,46.930546],[-96.770249,46.931667],[-96.767586,46.932984],[-96.764472,46.933754],[-96.763335,46.934677],[-96.761693,46.934558],[-96.761089,46.931899],[-96.757457,46.930763],[-96.756402,46.929547],[-96.756725,46.927996],[-96.75808,46.927425],[-96.759604,46.927764],[-96.762355,46.929245],[-96.764694,46.928925],[-96.765382,46.927615],[-96.763731,46.926197],[-96.761741,46.925753],[-96.756662,46.925499],[-96.753257,46.924563],[-96.752654,46.923543],[-96.754249,46.922641],[-96.756937,46.922514],[-96.76026,46.923869],[-96.762922,46.92354],[-96.76299,46.921562],[-96.76009,46.918724],[-96.75683,46.91728],[-96.755134,46.915968],[-96.754494,46.91504],[-96.755014,46.913813],[-96.757223,46.914044],[-96.759014,46.916435],[-96.760097,46.915084],[-96.762537,46.914217],[-96.764082,46.912138],[-96.763374,46.909655],[-96.765086,46.905377],[-96.767063,46.904833],[-96.769571,46.906405],[-96.770751,46.906521],[-96.773557,46.904204],[-96.773398,46.90281],[-96.770485,46.901492],[-96.771271,46.899873],[-96.773738,46.899587],[-96.775502,46.898694],[-96.776633,46.895872],[-96.77571,46.894162],[-96.771523,46.893904],[-96.769745,46.893214],[-96.770022,46.891388],[-96.774485,46.889843],[-96.774114,46.885744],[-96.773054,46.884379],[-96.771499,46.884183],[-96.768669,46.885073],[-96.767779,46.884735],[-96.76729,46.883472],[-96.768429,46.879508],[-96.769499,46.877732],[-96.770651,46.877275],[-96.771976,46.878238],[-96.771314,46.880592],[-96.772886,46.881332],[-96.775473,46.879067],[-96.778188,46.879349],[-96.780338,46.880291],[-96.781362,46.87921],[-96.78019,46.877039],[-96.779373,46.87622],[-96.776408,46.875037],[-96.776208,46.87386],[-96.780919,46.872063],[-96.782022,46.87078],[-96.780457,46.868527],[-96.780689,46.867179],[-96.783972,46.863034],[-96.783959,46.861663],[-96.782418,46.860059],[-96.779515,46.858656],[-96.777646,46.857479],[-96.776079,46.855533],[-96.775854,46.854601],[-96.777667,46.853782],[-96.783742,46.855727],[-96.785326,46.855154],[-96.785469,46.853414],[-96.784579,46.852052],[-96.7825,46.851017],[-96.780503,46.85112],[-96.776591,46.852482],[-96.774144,46.852205],[-96.773247,46.851272],[-96.774303,46.849789],[-96.779484,46.84855],[-96.780496,46.8478],[-96.780717,46.84765],[-96.781827,46.845641],[-96.780108,46.843754],[-96.776284,46.841784],[-96.774848,46.840331],[-96.775015,46.839046],[-96.775918,46.838666],[-96.778321,46.838959],[-96.781894,46.840864],[-96.785785,46.841341],[-96.787532,46.840912],[-96.788087,46.839991],[-96.787103,46.838816],[-96.784102,46.837863],[-96.782887,46.836283],[-96.783834,46.834092],[-96.785095,46.832774],[-96.786862,46.832468],[-96.792052,46.83428],[-96.79379,46.833892],[-96.793959,46.833064],[-96.791881,46.831833],[-96.787579,46.830576],[-96.783077,46.82806],[-96.780647,46.826366],[-96.780252,46.825688],[-96.781679,46.82479],[-96.783503,46.826224],[-96.788085,46.82691],[-96.791581,46.827733],[-96.793096,46.826014],[-96.792083,46.823816],[-96.792395,46.823037],[-96.79428,46.822367],[-96.797444,46.822398],[-96.799112,46.821432],[-96.80016,46.819664],[-96.800111,46.818299],[-96.799562,46.81662],[-96.799773,46.814307],[-96.802609,46.812108],[-96.802604,46.811194],[-96.801224,46.810042],[-96.797578,46.809259],[-96.795964,46.808228],[-96.796027,46.806828],[-96.79821,46.806128],[-96.80292,46.805589],[-96.803163,46.804476],[-96.801681,46.804121],[-96.798287,46.804651],[-96.796616,46.803378]]]]}},{"type":"Feature","properties":{"id":4,"NAME":"4","TotalPop":713690,"PopDevPct":0.00053027,"DemPct":0.43525902,"RepPct":0.54348612,"WhitePct":0.8644972,"MinorityPct":0.1355028,"BlackPct":0.03439423,"HispanicPct":0.02731732,"PacificPct":0.001137,"AsianPct":0.04132442,"NativePct":0.02443815,"TotalVAP":545295,"Margin":-0.06474098,"color":"#ff2020","opacity":"1"},"geometry":{"type":"MultiPolygon","coordinates":[[[[-93.036188,45.037285],[-93.026977,45.037085],[-93.017701,45.037178],[-93.01169,45.037089],[-93.005171,45.036493],[-93.000604,45.035995],[-92.991161,45.03497],[-92.984791,45.034049],[-92.984784,45.033066],[-92.984777,45.031818],[-92.984776,45.031636],[-92.984775,45.031466],[-92.984761,45.03022],[-92.984741,45.029934],[-92.984766,45.029312],[-92.984771,45.029051],[-92.98477,45.027057],[-92.984757,45.026303],[-92.984763,45.026149],[-92.984768,45.024207],[-92.984758,45.023197],[-92.984764,45.022175],[-92.984769,45.021184],[-92.984774,45.020311],[-92.984777,45.020009],[-92.98478,45.019744],[-92.984787,45.019058],[-92.984793,45.018519],[-92.984803,45.017559],[-92.984791,45.016743],[-92.984786,45.016445],[-92.984774,45.015813],[-92.984757,45.014894],[-92.984749,45.013977],[-92.984747,45.013092],[-92.984744,45.011271],[-92.984744,45.010361],[-92.984744,45.009465],[-92.984744,45.008546],[-92.984744,45.008027],[-92.984743,45.007649],[-92.984738,45.006735],[-92.984713,45.001486],[-92.984702,44.999563],[-92.984686,44.997399],[-92.984687,44.99717],[-92.984716,44.994798],[-92.984696,44.992273],[-92.984705,44.987605],[-92.984707,44.987081],[-92.984707,44.985313],[-92.984703,44.981387],[-92.9847,44.980286],[-92.984706,44.977756],[-92.984742,44.976656],[-92.984763,44.975676],[-92.984801,44.973713],[-92.984821,44.972029],[-92.984833,44.970473],[-92.984841,44.968668],[-92.984792,44.966865],[-92.984759,44.965663],[-92.984748,44.965277],[-92.98474,44.964316],[-92.984735,44.963252],[-92.984765,44.961427],[-92.984769,44.961302],[-92.984761,44.959605],[-92.984748,44.959079],[-92.984695,44.957775],[-92.984678,44.955856],[-92.984678,44.955745],[-92.984697,44.953777],[-92.984705,44.953488],[-92.984663,44.948993],[-92.98466,44.948522],[-92.984655,44.948344],[-92.984641,44.947422],[-92.984611,44.947035],[-92.98462,44.946114],[-92.984594,44.945186],[-92.984597,44.944974],[-92.984588,44.944457],[-92.984541,44.943137],[-92.984502,44.941422],[-92.984513,44.93881],[-92.984478,44.932187],[-92.984459,44.928024],[-92.984459,44.927907],[-92.984457,44.925754],[-92.984452,44.924249],[-92.984449,44.923343],[-92.98441,44.920646],[-92.984441,44.919568],[-92.984429,44.918723],[-92.984421,44.917646],[-92.98439,44.913679],[-92.984394,44.912521],[-92.984396,44.911812],[-92.984398,44.911147],[-92.984399,44.910786],[-92.984394,44.909482],[-92.984289,44.905911],[-92.984291,44.904793],[-92.984323,44.903867],[-92.984261,44.900942],[-92.98421,44.894594],[-92.984192,44.890814],[-92.994282,44.890792],[-92.999786,44.89078],[-93.000099,44.890773],[-93.004424,44.890767],[-93.005038,44.890766],[-93.005381,44.890766],[-93.006237,44.890765],[-93.006267,44.890765],[-93.006336,44.890765],[-93.006491,44.890765],[-93.006513,44.890765],[-93.006634,44.890763],[-93.006725,44.890764],[-93.006773,44.890765],[-93.007417,44.890763],[-93.00853,44.890763],[-93.017548,44.890752],[-93.020044,44.89075],[-93.016466,44.884611],[-93.016044,44.883133],[-93.015966,44.882825],[-93.012639,44.869102],[-93.011531,44.866928],[-93.010076,44.863787],[-93.008844,44.861846],[-93.008428,44.858711],[-93.008564,44.855157],[-93.008641,44.853079],[-93.009473,44.84792],[-93.010032,44.845989],[-93.011215,44.841906],[-93.011791,44.837379],[-93.011059,44.83354],[-93.005709,44.81818],[-93.004711,44.814873],[-93.005103,44.813505],[-93.00711,44.811988],[-93.015473,44.802625],[-93.018382,44.798497],[-93.020352,44.794229],[-93.021395,44.789707],[-93.021521,44.786753],[-93.019718,44.781721],[-93.017869,44.778021],[-93.015961,44.775564],[-93.012932,44.773761],[-93.005978,44.771685],[-93.000729,44.771914],[-92.994771,44.774701],[-92.99155,44.775331],[-92.986071,44.775312],[-92.984629,44.775028],[-92.981317,44.774325],[-92.974799,44.772315],[-92.973951,44.772303],[-92.963848,44.770063],[-92.954078,44.771154],[-92.939733,44.775671],[-92.937473,44.778019],[-92.934989,44.779768],[-92.93204,44.781095],[-92.928629,44.781417],[-92.925359,44.780784],[-92.922894,44.779635],[-92.919966,44.777814],[-92.913316,44.774695],[-92.908257,44.773872],[-92.905102,44.773599],[-92.898119,44.773683],[-92.892027,44.774443],[-92.886252,44.774587],[-92.882559,44.774107],[-92.879826,44.773058],[-92.872642,44.76745],[-92.866558,44.760775],[-92.866618,44.760284],[-92.86631,44.760428],[-92.863942,44.757742],[-92.863155,44.757746],[-92.860923,44.755765],[-92.858707,44.753021],[-92.8553,44.747715],[-92.853047,44.747182],[-92.852896,44.747151],[-92.849934,44.746524],[-92.847749,44.746636],[-92.839255,44.747061],[-92.836037,44.747368],[-92.834633,44.748069],[-92.829341,44.75001],[-92.827111,44.750435],[-92.825184,44.750243],[-92.812634,44.747252],[-92.808088,44.74701],[-92.802017,44.745673],[-92.803943,44.747864],[-92.804463,44.748885],[-92.805473,44.749773],[-92.807428,44.750476],[-92.808415,44.751604],[-92.808105,44.756953],[-92.807454,44.760434],[-92.805562,44.768383],[-92.804445,44.77076],[-92.80051,44.777439],[-92.796184,44.782128],[-92.792107,44.785166],[-92.787613,44.789208],[-92.785622,44.791887],[-92.7836,44.796479],[-92.78302,44.798945],[-92.781792,44.809025],[-92.780754,44.8123],[-92.779289,44.814462],[-92.77549,44.818474],[-92.772911,44.821503],[-92.772201,44.82305],[-92.77298,44.82604],[-92.772438,44.82819],[-92.769517,44.831848],[-92.76637,44.83501],[-92.7656,44.837201],[-92.765668,44.84101],[-92.766283,44.843596],[-92.768443,44.850548],[-92.76939,44.855852],[-92.769623,44.860124],[-92.769501,44.862001],[-92.768839,44.86402],[-92.767356,44.866658],[-92.76464,44.870646],[-92.763422,44.872867],[-92.763411,44.87414],[-92.764133,44.875905],[-92.765781,44.877798],[-92.769603,44.882967],[-92.773946,44.889997],[-92.774907,44.892797],[-92.774968,44.895086],[-92.774022,44.900083],[-92.773103,44.901367],[-92.767932,44.904021],[-92.761341,44.906904],[-92.759556,44.907857],[-92.757557,44.911214],[-92.755484,44.918631],[-92.752102,44.930867],[-92.750645,44.937299],[-92.750802,44.941567],[-92.753575,44.952558],[-92.754743,44.955952],[-92.757465,44.959562],[-92.759464,44.962575],[-92.759582,44.962804],[-92.7607,44.964979],[-92.767218,44.968084],[-92.768545,44.969839],[-92.769445,44.97215],[-92.769504,44.974267],[-92.770304,44.978967],[-92.770308,44.980346],[-92.770346,44.983328],[-92.769104,44.987467],[-92.769277,44.989293],[-92.770391,44.992409],[-92.770834,44.994131],[-92.771307,44.999494],[-92.771231,45.001378],[-92.768804,45.007667],[-92.764929,45.015249],[-92.761953,45.0221],[-92.76206,45.02432],[-92.76476,45.028886],[-92.770362,45.033803],[-92.773978,45.036359],[-92.778815,45.039327],[-92.784768,45.042174],[-92.784936,45.042249],[-92.786142,45.042793],[-92.78791,45.043516],[-92.793282,45.047178],[-92.797081,45.050648],[-92.800485,45.054806],[-92.801789,45.05692],[-92.802713,45.059364],[-92.803079,45.060978],[-92.802911,45.065403],[-92.802163,45.067555],[-92.800073,45.07037],[-92.797235,45.072705],[-92.794457,45.076519],[-92.792319,45.078944],[-92.792076,45.07916],[-92.790338,45.080555],[-92.784802,45.083494],[-92.780159,45.085781],[-92.77401,45.089138],[-92.771996,45.091],[-92.765602,45.09573],[-92.76136,45.0985],[-92.756477,45.10101],[-92.754387,45.103146],[-92.750205,45.105679],[-92.746749,45.107051],[-92.744938,45.108309],[-92.742581,45.111236],[-92.740509,45.113396],[-92.739527,45.116515],[-92.74061,45.118454],[-92.742924,45.119918],[-92.745665,45.123073],[-92.746489,45.125852],[-92.746814,45.127808],[-92.747242,45.129747],[-92.747906,45.131824],[-92.748,45.132887],[-92.748229,45.133973],[-92.748584,45.135068],[-92.749201,45.137459],[-92.749423,45.13812],[-92.749737,45.138539],[-92.750202,45.138813],[-92.751957,45.141502],[-92.752196,45.142495],[-92.751944,45.143469],[-92.75108,45.145697],[-92.750521,45.146425],[-92.749368,45.147638],[-92.749055,45.148666],[-92.749185,45.150083],[-92.749183,45.151221],[-92.749654,45.153395],[-92.74987,45.153992],[-92.750983,45.158159],[-92.750606,45.159345],[-92.750496,45.160246],[-92.750335,45.160636],[-92.749839,45.162433],[-92.749753,45.162985],[-92.749951,45.163766],[-92.750297,45.164369],[-92.751436,45.165431],[-92.752424,45.166159],[-92.752867,45.16711],[-92.752709,45.16771],[-92.752594,45.169115],[-92.752195,45.169948],[-92.75193,45.171318],[-92.751968,45.172019],[-92.752404,45.173916],[-92.753207,45.174766],[-92.757107,45.177466],[-92.764872,45.182812],[-92.766808,45.185466],[-92.767408,45.190166],[-92.76713,45.194165],[-92.765708,45.199766],[-92.763908,45.204866],[-92.762108,45.207166],[-92.758008,45.209566],[-92.754364,45.212481],[-92.754005,45.212769],[-92.753687,45.213538],[-92.752308,45.216866],[-92.751708,45.218666],[-92.752608,45.221766],[-92.753931,45.222905],[-92.755732,45.225949],[-92.757456,45.230526],[-92.757609,45.233044],[-92.757289,45.236126],[-92.757503,45.238308],[-92.759105,45.244442],[-92.759309,45.246766],[-92.760249,45.2496],[-92.760264,45.251717],[-92.758836,45.254427],[-92.755583,45.257053],[-92.753621,45.259419],[-92.751949,45.263806],[-92.75192,45.265877],[-92.75282,45.268811],[-92.753844,45.270959],[-92.755743,45.272884],[-92.756784,45.273892],[-92.757502,45.27443],[-92.759785,45.277434],[-92.761178,45.280583],[-92.761955,45.285034],[-92.762004,45.288213],[-92.760387,45.289916],[-92.75871,45.290965],[-92.751735,45.292667],[-92.747793,45.294985],[-92.745683,45.296042],[-92.745548,45.296127],[-92.740018,45.299639],[-92.737121,45.300459],[-92.735471,45.301567],[-92.731601,45.305141],[-92.727737,45.309288],[-92.720396,45.31384],[-92.714779,45.318426],[-92.709961,45.321377],[-92.706085,45.325252],[-92.704794,45.326526],[-92.701962,45.331107],[-92.699956,45.333716],[-92.698967,45.336374],[-92.698928,45.339198],[-92.699523,45.342421],[-92.703262,45.351168],[-92.704054,45.35366],[-92.703707,45.356333],[-92.702723,45.358468],[-92.700901,45.360202],[-92.696505,45.363524],[-92.692138,45.36542],[-92.688528,45.368429],[-92.680887,45.371767],[-92.678225,45.373607],[-92.678659,45.376662],[-92.676963,45.380144],[-92.674543,45.382868],[-92.672737,45.384983],[-92.672511,45.385261],[-92.672076,45.385798],[-92.672062,45.385815],[-92.670707,45.38774],[-92.669511,45.389104],[-92.664104,45.393308],[-92.661343,45.394837],[-92.658486,45.396059],[-92.651241,45.398145],[-92.650284,45.398769],[-92.650474,45.401921],[-92.650568,45.403311],[-92.648536,45.405828],[-92.648157,45.407423],[-92.648459,45.411022],[-92.647116,45.41209],[-92.646943,45.414265],[-92.649467,45.416408],[-92.650269,45.419168],[-92.649628,45.423938],[-92.648502,45.427486],[-92.649152,45.429618],[-92.64875,45.431666],[-92.646768,45.437929],[-92.646602,45.441635],[-92.647629,45.444133],[-92.649671,45.447771],[-92.650828,45.450804],[-92.652003,45.452637],[-92.652698,45.454527],[-92.653549,45.455346],[-92.656047,45.456595],[-92.659688,45.457646],[-92.661624,45.458558],[-92.668618,45.460162],[-92.673281,45.461862],[-92.677219,45.462864],[-92.680234,45.464344],[-92.681098,45.465602],[-92.681475,45.467747],[-92.682474,45.469704],[-92.683594,45.470687],[-92.686793,45.472271],[-92.690962,45.475442],[-92.692138,45.477061],[-92.694176,45.481693],[-92.696422,45.484537],[-92.700899,45.491609],[-92.706356,45.497501],[-92.707785,45.499348],[-92.709162,45.49996],[-92.71189,45.503281],[-92.712863,45.504849],[-92.715814,45.506676],[-92.720426,45.509858],[-92.724337,45.512223],[-92.726677,45.514462],[-92.727744,45.518811],[-92.728023,45.525652],[-92.727384,45.527438],[-92.726126,45.531743],[-92.726431,45.534261],[-92.724974,45.535879],[-92.724762,45.538617],[-92.726082,45.541112],[-92.729989,45.543791],[-92.732529,45.544609],[-92.736486,45.547062],[-92.73914,45.549054],[-92.743147,45.551339],[-92.745591,45.553016],[-92.749485,45.554681],[-92.750212,45.554643],[-92.754628,45.556793],[-92.756906,45.557499],[-92.759019,45.558854],[-92.762646,45.561733],[-92.764574,45.563592],[-92.770223,45.566939],[-92.773412,45.568235],[-92.778423,45.568477],[-92.785741,45.567888],[-92.787747,45.56719],[-92.790143,45.566915],[-92.794983,45.565336],[-92.801503,45.562854],[-92.812083,45.561122],[-92.816551,45.560956],[-92.823309,45.560934],[-92.834155,45.563096],[-92.843782,45.566135],[-92.846447,45.566515],[-92.853588,45.566579],[-92.861257,45.567011],[-92.865131,45.567476],[-92.868908,45.567249],[-92.872215,45.568013],[-92.875213,45.570526],[-92.877303,45.571725],[-92.881136,45.573409],[-92.883749,45.575483],[-92.884954,45.578818],[-92.884651,45.58199],[-92.883306,45.588753],[-92.883277,45.589831],[-92.886421,45.594881],[-92.886442,45.598679],[-92.885965,45.600387],[-92.8849,45.605001],[-92.882529,45.610216],[-92.88297,45.613738],[-92.885249,45.617029],[-92.886669,45.61976],[-92.886989,45.621923],[-92.888035,45.624959],[-92.888114,45.628377],[-92.887264,45.630601],[-92.886827,45.633403],[-92.886963,45.636777],[-92.887929,45.639006],[-92.889132,45.640067],[-92.88898,45.642475],[-92.887142,45.644066],[-92.887067,45.644148],[-92.885903,45.645541],[-92.885228,45.648973],[-92.884106,45.652309],[-92.883795,45.655475],[-92.882715,45.657522],[-92.882504,45.659471],[-92.881777,45.661019],[-92.878932,45.665606],[-92.87845,45.668844],[-92.877374,45.672309],[-92.876732,45.675949],[-92.8767,45.68083],[-92.87611,45.682602],[-92.876108,45.685864],[-92.875488,45.689014],[-92.870025,45.697272],[-92.871576,45.699145],[-92.871709,45.70061],[-92.870965,45.70388],[-92.870007,45.706715],[-92.869969,45.709272],[-92.868862,45.711993],[-92.868861,45.713159],[-92.869689,45.715142],[-92.869193,45.717568],[-92.865688,45.720623],[-92.862598,45.722241],[-92.860152,45.722631],[-92.851821,45.723377],[-92.850537,45.724376],[-92.850388,45.727576],[-92.848851,45.728751],[-92.843079,45.729163],[-92.841051,45.730024],[-92.835917,45.732802],[-92.830685,45.73312],[-92.828981,45.733714],[-92.827169,45.735755],[-92.824916,45.737263],[-92.822395,45.738167],[-92.82209,45.738728],[-92.818862,45.740215],[-92.815909,45.742338],[-92.812939,45.742709],[-92.80945,45.744463],[-92.80732,45.746515],[-92.805347,45.747491],[-92.80263,45.751888],[-92.798645,45.753654],[-92.790379,45.759992],[-92.788063,45.762107],[-92.784617,45.764199],[-92.782931,45.767992],[-92.781328,45.773348],[-92.780339,45.779643],[-92.779612,45.782576],[-92.777004,45.787804],[-92.776727,45.788574],[-92.776482,45.790004],[-92.774301,45.792481],[-92.772065,45.79523],[-92.76843,45.79801],[-92.766485,45.798803],[-92.761833,45.801258],[-92.75901,45.803965],[-92.757815,45.806574],[-92.757614,45.80852],[-92.757947,45.811216],[-92.758402,45.812346],[-92.758566,45.812475],[-92.75878,45.812652],[-92.758959,45.8128],[-92.759141,45.813377],[-92.759226,45.813643],[-92.759491,45.814558],[-92.759938,45.815648],[-92.760909,45.81664],[-92.761904,45.817869],[-92.762171,45.818492],[-92.762644,45.819125],[-92.763194,45.821383],[-92.764571,45.824225],[-92.765681,45.827252],[-92.765146,45.830183],[-92.763671,45.832063],[-92.761712,45.833861],[-92.759458,45.835341],[-92.754141,45.838027],[-92.751084,45.840617],[-92.750203,45.840602],[-92.745557,45.841455],[-92.743202,45.844229],[-92.739991,45.846283],[-92.739278,45.84758],[-92.739482,45.848681],[-92.738297,45.851427],[-92.73749,45.855321],[-92.73665,45.857368],[-92.736117,45.859129],[-92.738444,45.861371],[-92.736484,45.863356],[-92.734039,45.868108],[-92.732869,45.869744],[-92.730561,45.871522],[-92.728382,45.874952],[-92.727479,45.875987],[-92.726405,45.876452],[-92.725362,45.877723],[-92.72501,45.879358],[-92.723956,45.880379],[-92.722924,45.881609],[-92.722717,45.882292],[-92.722209,45.883001],[-92.721128,45.883805],[-92.719869,45.884116],[-92.717694,45.885956],[-92.716973,45.887308],[-92.714924,45.889205],[-92.714497,45.889268],[-92.713627,45.890314],[-92.713267,45.891054],[-92.712503,45.891705],[-92.710689,45.892313],[-92.709844,45.892867],[-92.708894,45.894057],[-92.707702,45.894901],[-92.706372,45.895445],[-92.705484,45.895532],[-92.704478,45.895884],[-92.703265,45.896155],[-92.702203,45.896217],[-92.700692,45.89606],[-92.699815,45.896147],[-92.698983,45.896451],[-92.697513,45.897229],[-92.696137,45.897749],[-92.694795,45.898705],[-92.693881,45.899202],[-92.692553,45.899537],[-92.690601,45.900184],[-92.689661,45.90115],[-92.688859,45.901442],[-92.687326,45.902395],[-92.686099,45.902787],[-92.680293,45.905445],[-92.677352,45.905818],[-92.675737,45.907478],[-92.676807,45.91093],[-92.676167,45.912072],[-92.671884,45.914663],[-92.670352,45.916247],[-92.666303,45.918041],[-92.660756,45.922061],[-92.659549,45.922937],[-92.655558,45.924586],[-92.648585,45.924477],[-92.643261,45.924615],[-92.640284,45.924292],[-92.63912,45.924558],[-92.638474,45.925971],[-92.640017,45.931398],[-92.639936,45.933541],[-92.639409,45.933837],[-92.636316,45.934634],[-92.634413,45.934176],[-92.632086,45.933025],[-92.62926,45.932404],[-92.627723,45.932682],[-92.625196,45.933864],[-92.62272,45.935186],[-92.621097,45.93527],[-92.615739,45.934351],[-92.613068,45.934963],[-92.609434,45.937116],[-92.608329,45.938112],[-92.60246,45.940815],[-92.600728,45.941166],[-92.595834,45.941336],[-92.589528,45.941782],[-92.585266,45.94427],[-92.580565,45.94625],[-92.573528,45.948408],[-92.571048,45.948043],[-92.566921,45.948806],[-92.561256,45.951006],[-92.554794,45.951224],[-92.551933,45.951651],[-92.551186,45.95224],[-92.549858,45.957039],[-92.549895,45.958593],[-92.550672,45.960759],[-92.54987,45.964844],[-92.549806,45.967986],[-92.548459,45.969056],[-92.545682,45.970118],[-92.541413,45.97396],[-92.540344,45.975575],[-92.537709,45.977818],[-92.533198,45.980196],[-92.530516,45.981918],[-92.526066,45.98357],[-92.522032,45.984203],[-92.516964,45.983364],[-92.502535,45.979995],[-92.497917,45.978231],[-92.49207,45.975791],[-92.490142,45.975458],[-92.485937,45.975926],[-92.483975,45.97568],[-92.480637,45.973997],[-92.477714,45.97398],[-92.474872,45.973124],[-92.472761,45.972952],[-92.469765,45.973569],[-92.464481,45.976267],[-92.461584,45.978894],[-92.461138,45.980216],[-92.463429,45.981507],[-92.464584,45.983605],[-92.464512,45.985038],[-92.463485,45.986737],[-92.462477,45.98785],[-92.459154,45.989033],[-92.457028,45.98992],[-92.456494,45.990243],[-92.454259,45.991938],[-92.453373,45.992913],[-92.453426,45.994055],[-92.453635,45.996171],[-92.452952,45.997782],[-92.451795,45.999946],[-92.451627,46.000441],[-92.450492,46.001583],[-92.44963,46.002252],[-92.448525,46.003683],[-92.446732,46.005721],[-92.445803,46.006969],[-92.444294,46.009161],[-92.444112,46.009723],[-92.444419,46.010699],[-92.444356,46.011777],[-92.443933,46.012576],[-92.443285,46.014648],[-92.442259,46.016177],[-92.439631,46.018505],[-92.435627,46.021232],[-92.431891,46.023005],[-92.421564,46.026502],[-92.420039,46.026836],[-92.415615,46.027001],[-92.411896,46.027478],[-92.410014,46.027251],[-92.404653,46.025007],[-92.402296,46.024341],[-92.398188,46.022023],[-92.392681,46.01954],[-92.386754,46.018074],[-92.383801,46.017776],[-92.381707,46.017034],[-92.375993,46.015907],[-92.372717,46.014198],[-92.366054,46.01361],[-92.362141,46.013103],[-92.3606,46.013486],[-92.357965,46.013413],[-92.35176,46.015685],[-92.350407,46.016368],[-92.349904,46.017624],[-92.350319,46.01898],[-92.349817,46.020148],[-92.350004,46.021888],[-92.349281,46.023624],[-92.346345,46.025429],[-92.344244,46.02743],[-92.342653,46.031981],[-92.342429,46.034541],[-92.343174,46.036979],[-92.343604,46.040917],[-92.343156,46.043622],[-92.33926,46.047337],[-92.338733,46.048126],[-92.338239,46.052149],[-92.33722,46.054187],[-92.335335,46.059422],[-92.332912,46.062697],[-92.329806,46.065216],[-92.326877,46.066618],[-92.323504,46.06738],[-92.319329,46.069289],[-92.316077,46.069835],[-92.31409,46.069584],[-92.31274,46.070007],[-92.30867,46.071936],[-92.30464,46.072672],[-92.301621,46.072634],[-92.297484,46.073055],[-92.294033,46.074377],[-92.294036,46.074728],[-92.29412,46.084639],[-92.29389,46.09159],[-92.293714,46.099933],[-92.29371,46.10983],[-92.29357,46.122463],[-92.293656,46.143961],[-92.293705,46.157058],[-92.29346,46.16631],[-92.293051,46.170367],[-92.293065,46.174814],[-92.293319,46.184469],[-92.293319,46.188459],[-92.293059,46.204979],[-92.29313,46.21815],[-92.29304,46.22791],[-92.29306,46.23637],[-92.29323,46.23784],[-92.29327,46.24392],[-92.29357,46.251409],[-92.293117,46.283731],[-92.29307,46.294931],[-92.292868,46.295728],[-92.2925,46.30461],[-92.292586,46.312433],[-92.29242,46.31406],[-92.292998,46.324283],[-92.292995,46.331148],[-92.293017,46.374988],[-92.29286,46.41722],[-92.292618,46.423871],[-92.292585,46.432029],[-92.292683,46.441283],[-92.29224,46.478493],[-92.29228,46.48935],[-92.292331,46.49643],[-92.291976,46.503997],[-92.291794,46.547241],[-92.291753,46.564354],[-92.291735,46.572485],[-92.291693,46.590741],[-92.291679,46.59535],[-92.291664,46.598846],[-92.291642,46.606996],[-92.291584,46.634086],[-92.291872,46.65279],[-92.291969,46.654894],[-92.291976,46.655134],[-92.29222,46.663279],[-92.292261,46.66393],[-92.292226,46.665678],[-92.291107,46.668103],[-92.287977,46.667462],[-92.287367,46.666969],[-92.287326,46.666364],[-92.287206,46.66455],[-92.287166,46.663946],[-92.286192,46.660342],[-92.284294,46.659102],[-92.284031,46.658842],[-92.283899,46.65871],[-92.283307,46.658573],[-92.278491,46.658641],[-92.274392,46.657441],[-92.273591,46.654942],[-92.272791,46.652842],[-92.270592,46.650741],[-92.265993,46.651041],[-92.262346,46.654553],[-92.259692,46.657141],[-92.256592,46.658741],[-92.254548,46.658453],[-92.252309,46.657069],[-92.249933,46.655299],[-92.248693,46.653441],[-92.242493,46.649241],[-92.235592,46.650041],[-92.228492,46.652941],[-92.22628,46.652808],[-92.223492,46.652641],[-92.216392,46.649841],[-92.212392,46.649941],[-92.207092,46.651941],[-92.202292,46.655041],[-92.201605,46.656689],[-92.201951,46.659251],[-92.204169,46.662417],[-92.205492,46.664741],[-92.204092,46.666941],[-92.199492,46.670241],[-92.195892,46.673941],[-92.192492,46.676741],[-92.187592,46.678941],[-92.181359,46.680241],[-92.177436,46.683499],[-92.175875,46.686466],[-92.176259,46.690473],[-92.177685,46.692125],[-92.182999,46.695652],[-92.189363,46.696004],[-92.192526,46.695752],[-92.198491,46.696141],[-92.205192,46.698341],[-92.205692,46.702541],[-92.204691,46.704041],[-92.202484,46.705458],[-92.197391,46.707641],[-92.193291,46.711241],[-92.191587,46.715953],[-92.191491,46.716241],[-92.189091,46.717541],[-92.178891,46.716741],[-92.174291,46.717241],[-92.173133,46.717845],[-92.170628,46.718921],[-92.167923,46.719748],[-92.167291,46.719941],[-92.155191,46.71594],[-92.14869,46.71514],[-92.146292,46.716032],[-92.145893,46.717128],[-92.150112,46.72044],[-92.159078,46.727326],[-92.161533,46.728222],[-92.168054,46.728507],[-92.172013,46.728462],[-92.172015,46.72796],[-92.175946,46.728304],[-92.177414,46.728425],[-92.177409,46.728709],[-92.177406,46.729994],[-92.177389,46.731261],[-92.177396,46.732017],[-92.177407,46.733159],[-92.177397,46.733972],[-92.177398,46.735212],[-92.177457,46.736393],[-92.177479,46.73711],[-92.180072,46.738368],[-92.182055,46.7389],[-92.18446,46.738911],[-92.189203,46.736788],[-92.193036,46.735748],[-92.198177,46.733501],[-92.200711,46.732273],[-92.200324,46.732829],[-92.198238,46.735622],[-92.196418,46.737028],[-92.190649,46.739989],[-92.18688,46.743512],[-92.185284,46.744434],[-92.183633,46.744953],[-92.184891,46.746],[-92.185243,46.747481],[-92.18536,46.747562],[-92.185459,46.747677],[-92.185534,46.747794],[-92.185518,46.747901],[-92.185454,46.74805],[-92.185382,46.748162],[-92.185286,46.748295],[-92.18526,46.748329],[-92.185247,46.748366],[-92.184896,46.748741],[-92.185264,46.749696],[-92.185354,46.749849],[-92.185796,46.750536],[-92.185841,46.751387],[-92.187108,46.752497],[-92.187663,46.753129],[-92.188,46.753999],[-92.189007,46.754963],[-92.189174,46.755546],[-92.190638,46.756522],[-92.191197,46.757586],[-92.190087,46.759444],[-92.191153,46.761526],[-92.191063,46.762398],[-92.189626,46.762893],[-92.189487,46.764117],[-92.185277,46.764118],[-92.176906,46.764123],[-92.174715,46.764124],[-92.174652,46.767409],[-92.174706,46.771339],[-92.17471,46.771922],[-92.17471,46.773869],[-92.17475,46.778571],[-92.174775,46.781305],[-92.174783,46.782184],[-92.174798,46.785826],[-92.174794,46.789267],[-92.174791,46.793067],[-92.174767,46.807582],[-92.185302,46.807693],[-92.194112,46.807684],[-92.195918,46.807679],[-92.200258,46.807687],[-92.206482,46.807685],[-92.217092,46.807649],[-92.227728,46.807642],[-92.238295,46.807607],[-92.238308,46.810056],[-92.238348,46.818454],[-92.238372,46.822059],[-92.238381,46.825246],[-92.238358,46.826032],[-92.238373,46.836486],[-92.238379,46.836641],[-92.238221,46.83983],[-92.238194,46.843805],[-92.238137,46.850969],[-92.243432,46.850961],[-92.269818,46.850905],[-92.274774,46.850921],[-92.275212,46.850923],[-92.280409,46.850935],[-92.284969,46.850963],[-92.301757,46.850807],[-92.312249,46.850785],[-92.322672,46.850732],[-92.331365,46.850687],[-92.343618,46.850969],[-92.347854,46.850912],[-92.354135,46.8511],[-92.354248,46.851102],[-92.364716,46.851286],[-92.375304,46.851296],[-92.380102,46.851236],[-92.396329,46.851151],[-92.3999,46.85118],[-92.404569,46.851252],[-92.408942,46.851269],[-92.411802,46.851249],[-92.417107,46.851204],[-92.420639,46.851237],[-92.423096,46.851256],[-92.427402,46.851235],[-92.428149,46.851319],[-92.428146,46.849061],[-92.428186,46.84428],[-92.428236,46.836781],[-92.428358,46.819698],[-92.428423,46.810692],[-92.428443,46.807865],[-92.428441,46.802285],[-92.428476,46.798734],[-92.428488,46.798058],[-92.428504,46.797154],[-92.428509,46.796889],[-92.428519,46.796314],[-92.428529,46.795741],[-92.428536,46.79535],[-92.428539,46.795169],[-92.428552,46.794448],[-92.428553,46.794382],[-92.428559,46.794081],[-92.428514,46.779185],[-92.428515,46.776462],[-92.428463,46.764827],[-92.439,46.76526],[-92.449539,46.765601],[-92.451326,46.765607],[-92.451725,46.765606],[-92.460015,46.765634],[-92.463087,46.765602],[-92.470609,46.765527],[-92.48087,46.76558],[-92.490926,46.765222],[-92.492777,46.765262],[-92.493611,46.765298],[-92.494336,46.765329],[-92.501519,46.765702],[-92.512609,46.765774],[-92.52287,46.765817],[-92.533867,46.765878],[-92.554964,46.766106],[-92.554964,46.76609],[-92.561057,46.766122],[-92.575723,46.766212],[-92.596849,46.766546],[-92.6178,46.766562],[-92.638476,46.767162],[-92.659172,46.769061],[-92.673071,46.768979],[-92.680344,46.769028],[-92.680571,46.769029],[-92.701493,46.76852],[-92.711899,46.768314],[-92.73289,46.767854],[-92.734689,46.767816],[-92.745351,46.767659],[-92.766489,46.767058],[-92.787607,46.766328],[-92.80817,46.766036],[-92.808648,46.766032],[-92.824154,46.766051],[-92.849114,46.766117],[-92.850022,46.766119],[-92.882715,46.766448],[-92.891857,46.766521],[-92.893322,46.766528],[-92.914111,46.766059],[-92.935645,46.766121],[-92.935844,46.766122],[-92.956756,46.766158],[-92.977789,46.766453],[-92.999546,46.766813],[-93.030352,46.766692],[-93.061334,46.766431],[-93.061332,46.76655],[-93.061529,46.76655],[-93.062466,46.749948],[-93.062684,46.743264],[-93.062856,46.737693],[-93.06305,46.731414],[-93.0635,46.70887],[-93.063909,46.6944],[-93.064319,46.690014],[-93.064572,46.683666],[-93.064696,46.680088],[-93.064867,46.677801],[-93.064843,46.676443],[-93.064606,46.662519],[-93.06444,46.652753],[-93.064075,46.633816],[-93.06385,46.63295],[-93.06384,46.630121],[-93.063896,46.629859],[-93.064008,46.629113],[-93.062678,46.59331],[-93.054765,46.593239],[-93.055015,46.589946],[-93.055844,46.579055],[-93.0556,46.547718],[-93.055506,46.538763],[-93.055455,46.534905],[-93.05533,46.52746],[-93.055168,46.506888],[-93.055017,46.499945],[-93.05535,46.467724],[-93.055211,46.467528],[-93.055325,46.447001],[-93.055319,46.438055],[-93.055092,46.428789],[-93.054847,46.419269],[-93.05412,46.39021],[-93.054163,46.3836],[-93.054073,46.367586],[-93.053811,46.344914],[-93.053712,46.332076],[-93.05374,46.31797],[-93.054024,46.288437],[-93.054067,46.281928],[-93.054186,46.25933],[-93.054275,46.249945],[-93.054157,46.245243],[-93.054,46.226727],[-93.054,46.223617],[-93.05405,46.21623],[-93.05411,46.21314],[-93.054224,46.208049],[-93.054082,46.206495],[-93.054244,46.198534],[-93.054255,46.198105],[-93.05418,46.192912],[-93.054073,46.184547],[-93.053901,46.176013],[-93.05389,46.1694],[-93.053884,46.165916],[-93.053941,46.158531],[-93.053984,46.158256],[-93.056967,46.15827],[-93.0618,46.158227],[-93.074721,46.158295],[-93.11591,46.158399],[-93.136383,46.15838],[-93.13784,46.158387],[-93.13969,46.15839],[-93.155475,46.15848],[-93.178986,46.158602],[-93.220598,46.15856],[-93.233412,46.15874],[-93.246741,46.158926],[-93.246909,46.158928],[-93.24705,46.15893],[-93.261837,46.159134],[-93.26466,46.15946],[-93.275249,46.159366],[-93.277668,46.159349],[-93.282889,46.15942],[-93.295488,46.159165],[-93.304782,46.158975],[-93.304882,46.158971],[-93.308263,46.158863],[-93.409434,46.154614],[-93.419687,46.154272],[-93.431835,46.153881],[-93.431831,46.153991],[-93.430313,46.161526],[-93.43034,46.161778],[-93.430079,46.167721],[-93.42963,46.18171],[-93.429795,46.194926],[-93.43017,46.211211],[-93.43017,46.21546],[-93.430422,46.220294],[-93.430406,46.225538],[-93.430458,46.23655],[-93.430648,46.246412],[-93.472324,46.246759],[-93.485322,46.246839],[-93.493177,46.246784],[-93.50968,46.24699],[-93.526076,46.247134],[-93.526801,46.247132],[-93.528773,46.24714],[-93.5305,46.247116],[-93.533936,46.24715],[-93.545326,46.246973],[-93.553305,46.246816],[-93.559303,46.246698],[-93.618259,46.245763],[-93.634499,46.245582],[-93.659881,46.245143],[-93.669497,46.245041],[-93.685322,46.244762],[-93.706791,46.244446],[-93.73434,46.243973],[-93.75025,46.243771],[-93.753283,46.243811],[-93.766212,46.243646],[-93.774981,46.243453],[-93.796149,46.243205],[-93.796281,46.243199],[-93.797548,46.243176],[-93.799308,46.24317],[-93.804479,46.243119],[-93.80498,46.243115],[-93.807673,46.243102],[-93.808338,46.243105],[-93.810912,46.243128],[-93.810873,46.240489],[-93.810751,46.229173],[-93.8106,46.214486],[-93.810527,46.213049],[-93.810447,46.203709],[-93.810407,46.202072],[-93.810394,46.200198],[-93.810394,46.199936],[-93.810394,46.199151],[-93.810395,46.199115],[-93.810398,46.19889],[-93.810422,46.193694],[-93.810524,46.184466],[-93.810245,46.178713],[-93.810328,46.172989],[-93.810362,46.156585],[-93.828072,46.156497],[-93.851583,46.156519],[-93.860674,46.156539],[-93.8664,46.156558],[-93.875256,46.156544],[-93.89237,46.15685],[-93.89648,46.15678],[-93.902799,46.15691],[-93.90554,46.1569],[-93.909886,46.156831],[-93.913541,46.156774],[-93.913721,46.156774],[-93.914262,46.156776],[-93.914443,46.156777],[-93.914582,46.156777],[-93.914964,46.156778],[-93.915,46.156777],[-93.91514,46.156775],[-93.923286,46.156673],[-93.936534,46.156576],[-93.937295,46.156576],[-93.941679,46.156649],[-93.941704,46.156648],[-93.944342,46.156565],[-93.955051,46.15654],[-93.957347,46.156551],[-93.970212,46.156571],[-93.978702,46.156544],[-93.98234,46.15653],[-94.000264,46.156474],[-94.011347,46.156352],[-94.033173,46.156431],[-94.039775,46.156488],[-94.04002,46.15648],[-94.042084,46.156475],[-94.049721,46.156445],[-94.06241,46.15639],[-94.07295,46.15645],[-94.076564,46.156376],[-94.082276,46.156243],[-94.092641,46.156127],[-94.10382,46.15601],[-94.12497,46.155992],[-94.141628,46.155917],[-94.150723,46.156042],[-94.165766,46.156393],[-94.166917,46.156599],[-94.18839,46.15705],[-94.202601,46.156975],[-94.215223,46.157049],[-94.229687,46.156978],[-94.232887,46.156976],[-94.236294,46.156989],[-94.236928,46.156992],[-94.237718,46.157025],[-94.241766,46.157224],[-94.242947,46.157299],[-94.245376,46.157181],[-94.246378,46.157128],[-94.25035,46.15714],[-94.2711,46.15729],[-94.29178,46.15717],[-94.29207,46.15717],[-94.302549,46.157184],[-94.31369,46.15713],[-94.313706,46.15711],[-94.32912,46.156847],[-94.33461,46.1571],[-94.342106,46.15704],[-94.350169,46.15711],[-94.355423,46.157145],[-94.35676,46.15716],[-94.35719,46.15717],[-94.360355,46.157146],[-94.36499,46.157135],[-94.365857,46.157142],[-94.36857,46.15715],[-94.372154,46.157102],[-94.37384,46.157095],[-94.374592,46.157093],[-94.374731,46.157842],[-94.372962,46.161314],[-94.371357,46.163226],[-94.370961,46.164919],[-94.372055,46.169261],[-94.372028,46.172081],[-94.371644,46.173991],[-94.370125,46.175603],[-94.366475,46.177018],[-94.365651,46.178212],[-94.365758,46.179502],[-94.368354,46.182235],[-94.368837,46.182658],[-94.371785,46.185804],[-94.373918,46.188082],[-94.375281,46.190316],[-94.380431,46.194456],[-94.385044,46.196702],[-94.386141,46.197723],[-94.386947,46.201793],[-94.387843,46.203846],[-94.389406,46.20505],[-94.391839,46.206292],[-94.393672,46.207866],[-94.394831,46.209394],[-94.395718,46.211859],[-94.394897,46.217265],[-94.395049,46.220838],[-94.394384,46.228711],[-94.392726,46.230749],[-94.390133,46.231863],[-94.388981,46.233166],[-94.388978,46.234367],[-94.38979,46.236058],[-94.388922,46.238166],[-94.387721,46.239009],[-94.384737,46.240205],[-94.378834,46.240462],[-94.372702,46.242954],[-94.371183,46.244011],[-94.365598,46.249967],[-94.363479,46.251971],[-94.360467,46.253516],[-94.355302,46.255095],[-94.354387,46.256032],[-94.35356,46.258689],[-94.353616,46.259941],[-94.355549,46.262705],[-94.354783,46.264214],[-94.353142,46.265618],[-94.350526,46.267175],[-94.347679,46.268193],[-94.34135,46.269223],[-94.33977,46.270087],[-94.338164,46.272912],[-94.337739,46.273972],[-94.338022,46.275562],[-94.339097,46.276458],[-94.341679,46.277705],[-94.343413,46.276931],[-94.346415,46.276616],[-94.347788,46.27728],[-94.34986,46.278367],[-94.350635,46.279859],[-94.350356,46.28051],[-94.349412,46.281502],[-94.348769,46.28245],[-94.348088,46.283008],[-94.346036,46.284223],[-94.344746,46.285264],[-94.343673,46.286628],[-94.343936,46.287813],[-94.34434,46.288254],[-94.346041,46.291074],[-94.348548,46.292597],[-94.349411,46.293381],[-94.350529,46.295407],[-94.351314,46.295643],[-94.353912,46.297051],[-94.356237,46.298139],[-94.358804,46.299063],[-94.360673,46.300008],[-94.362388,46.300154],[-94.363923,46.299988],[-94.366227,46.299201],[-94.368344,46.298334],[-94.370736,46.297166],[-94.371994,46.297139],[-94.373125,46.297881],[-94.373812,46.299208],[-94.374536,46.30127],[-94.374996,46.302292],[-94.377633,46.304223],[-94.378752,46.305826],[-94.380285,46.308232],[-94.381181,46.309239],[-94.38192,46.309457],[-94.38259,46.309224],[-94.383073,46.308451],[-94.38357,46.306709],[-94.383889,46.305898],[-94.384241,46.305482],[-94.38583,46.304156],[-94.387365,46.303542],[-94.388504,46.303439],[-94.390147,46.303494],[-94.391187,46.304161],[-94.391386,46.305241],[-94.391231,46.306124],[-94.390584,46.306858],[-94.389433,46.307477],[-94.388143,46.308032],[-94.386968,46.309119],[-94.386844,46.31034],[-94.387419,46.311061],[-94.389232,46.312446],[-94.389668,46.312659],[-94.390964,46.312798],[-94.392909,46.312801],[-94.396165,46.313031],[-94.397646,46.313806],[-94.399653,46.315296],[-94.400065,46.316519],[-94.400001,46.318821],[-94.400156,46.319991],[-94.400965,46.320733],[-94.402291,46.321566],[-94.40457,46.322437],[-94.407332,46.32298],[-94.410315,46.32453],[-94.411691,46.32508],[-94.413806,46.325363],[-94.415973,46.325872],[-94.41773,46.326789],[-94.419943,46.327216],[-94.423099,46.327697],[-94.423823,46.328271],[-94.423843,46.329111],[-94.42368,46.330106],[-94.423789,46.330743],[-94.42478,46.331765],[-94.426529,46.332336],[-94.428585,46.332587],[-94.430306,46.332414],[-94.432606,46.331661],[-94.432845,46.3314],[-94.4347,46.330522],[-94.435902,46.330598],[-94.439111,46.331344],[-94.440911,46.331605],[-94.443179,46.33187],[-94.445111,46.331791],[-94.448292,46.33085],[-94.449432,46.330295],[-94.45053,46.329442],[-94.451725,46.328305],[-94.453115,46.327934],[-94.453527,46.327995],[-94.454764,46.328468],[-94.456393,46.33079],[-94.45762,46.331406],[-94.460459,46.331163],[-94.46341,46.327783],[-94.46568,46.32573],[-94.467386,46.322569],[-94.469284,46.321958],[-94.473268,46.320594],[-94.474644,46.320406],[-94.476399,46.320351],[-94.47894,46.32153],[-94.481072,46.321473],[-94.482104,46.320247],[-94.482123,46.318502],[-94.482731,46.316738],[-94.483826,46.315805],[-94.487726,46.314268],[-94.490026,46.313898],[-94.492602,46.314252],[-94.495266,46.315011],[-94.4976,46.31521],[-94.501878,46.313519],[-94.505381,46.313468],[-94.507885,46.312863],[-94.510251,46.309431],[-94.511465,46.30863],[-94.513392,46.308195],[-94.517229,46.308816],[-94.534724,46.302797],[-94.540523,46.303504],[-94.545061,46.304756],[-94.548259,46.306706],[-94.550436,46.307532],[-94.551821,46.307501],[-94.553634,46.307115],[-94.556183,46.307136],[-94.557405,46.307735],[-94.557941,46.309627],[-94.559094,46.311203],[-94.561223,46.312424],[-94.56795,46.313941],[-94.568938,46.314334],[-94.572971,46.31594],[-94.577071,46.31885],[-94.581724,46.322126],[-94.585557,46.324378],[-94.591816,46.326113],[-94.594391,46.326784],[-94.59748,46.326553],[-94.600951,46.327217],[-94.601929,46.328134],[-94.602434,46.32885],[-94.603286,46.329552],[-94.604213,46.330051],[-94.605758,46.329951],[-94.607545,46.329468],[-94.609169,46.3284],[-94.610868,46.326227],[-94.612254,46.325051],[-94.614168,46.324549],[-94.616064,46.324814],[-94.616969,46.325676],[-94.617722,46.32756],[-94.61883,46.32776],[-94.620129,46.327318],[-94.621109,46.326769],[-94.622062,46.326405],[-94.622852,46.326665],[-94.623505,46.327604],[-94.624185,46.328912],[-94.625291,46.330401],[-94.629434,46.334262],[-94.632171,46.336938],[-94.632295,46.337059],[-94.634521,46.339308],[-94.637279,46.341423],[-94.638833,46.341719],[-94.642308,46.341358],[-94.644554,46.34209],[-94.646379,46.343286],[-94.650791,46.347043],[-94.653462,46.348678],[-94.653461,46.348232],[-94.653461,46.346501],[-94.653464,46.341886],[-94.653397,46.340577],[-94.653404,46.340421],[-94.653416,46.34031],[-94.653429,46.3388],[-94.653261,46.337416],[-94.653277,46.3295],[-94.653399,46.326051],[-94.653406,46.325167],[-94.653398,46.324823],[-94.653375,46.323865],[-94.653371,46.323734],[-94.653361,46.323264],[-94.65319,46.318733],[-94.653304,46.282632],[-94.647909,46.282439],[-94.648039,46.278969],[-94.647625,46.252454],[-94.647815,46.242598],[-94.647436,46.23773],[-94.64741,46.235053],[-94.647412,46.225059],[-94.647927,46.220637],[-94.647911,46.220201],[-94.647883,46.219417],[-94.64782,46.217307],[-94.647817,46.216555],[-94.647795,46.209554],[-94.647808,46.207998],[-94.647727,46.194809],[-94.647721,46.194148],[-94.647767,46.187542],[-94.647595,46.184983],[-94.647664,46.1807],[-94.647634,46.179939],[-94.647608,46.176428],[-94.64767,46.165973],[-94.647671,46.164168],[-94.647587,46.162378],[-94.647554,46.158746],[-94.647563,46.154307],[-94.647683,46.136857],[-94.647654,46.13286],[-94.647785,46.116349],[-94.647787,46.107816],[-94.6479,46.100511],[-94.647899,46.093301],[-94.647906,46.091693],[-94.647888,46.089561],[-94.647887,46.085267],[-94.647954,46.071484],[-94.647928,46.064216],[-94.647918,46.062385],[-94.647881,46.056862],[-94.647862,46.05318],[-94.647907,46.049641],[-94.647864,46.046049],[-94.647879,46.035915],[-94.648217,46.020416],[-94.648147,46.018356],[-94.64812,46.013037],[-94.648061,45.990753],[-94.648321,45.976668],[-94.648389,45.961956],[-94.648393,45.961726],[-94.648572,45.947453],[-94.648807,45.932897],[-94.64525,45.932849],[-94.643596,45.932852],[-94.643602,45.931976],[-94.643545,45.9209],[-94.643492,45.917991],[-94.643574,45.916594],[-94.643598,45.915687],[-94.643624,45.914613],[-94.64364,45.913558],[-94.643673,45.912555],[-94.643752,45.911273],[-94.643641,45.908088],[-94.643647,45.907273],[-94.643632,45.905953],[-94.643645,45.903785],[-94.643667,45.88942],[-94.643693,45.870877],[-94.643737,45.860361],[-94.643724,45.856729],[-94.643757,45.853048],[-94.643746,45.852346],[-94.643747,45.84673],[-94.643905,45.845703],[-94.643965,45.831634],[-94.644034,45.816629],[-94.644052,45.813062],[-94.644066,45.80979],[-94.644096,45.804163],[-94.644042,45.802924],[-94.643939,45.795923],[-94.643903,45.791714],[-94.643902,45.787617],[-94.643924,45.78466],[-94.643949,45.781201],[-94.64399,45.77395],[-94.635945,45.774013],[-94.630093,45.774077],[-94.624725,45.774135],[-94.616569,45.77417],[-94.61134,45.77417],[-94.605723,45.774202],[-94.597256,45.774303],[-94.58558,45.77425],[-94.58325,45.77422],[-94.57281,45.77428],[-94.56496,45.77408],[-94.54954,45.77401],[-94.544368,45.774147],[-94.53397,45.77442],[-94.527551,45.774379],[-94.518593,45.77437],[-94.5133,45.77438],[-94.50799,45.77447],[-94.4922,45.77471],[-94.48162,45.77498],[-94.481063,45.774989],[-94.47643,45.77509],[-94.46694,45.775259],[-94.45034,45.7753],[-94.44637,45.7753],[-94.43034,45.775246],[-94.429801,45.775242],[-94.40892,45.77522],[-94.38812,45.77526],[-94.36732,45.7752],[-94.3467,45.77517],[-94.33243,45.775163],[-94.32606,45.77519],[-94.320861,45.775191],[-94.315098,45.77521],[-94.30526,45.7752],[-94.28454,45.77511],[-94.28189,45.77514],[-94.273098,45.775206],[-94.271776,45.775208],[-94.273952,45.776609],[-94.27691,45.777073],[-94.278843,45.777788],[-94.281854,45.779557],[-94.284899,45.780456],[-94.288405,45.78044],[-94.291803,45.781551],[-94.294915,45.783498],[-94.299817,45.784828],[-94.305489,45.785261],[-94.308122,45.786995],[-94.312007,45.790589],[-94.312827,45.792053],[-94.313521,45.79536],[-94.312861,45.797531],[-94.31323,45.800071],[-94.314758,45.801064],[-94.317357,45.801041],[-94.319441,45.800076],[-94.322844,45.797782],[-94.324499,45.797713],[-94.327853,45.79861],[-94.33006,45.800748],[-94.334582,45.802754],[-94.337668,45.805667],[-94.340875,45.808322],[-94.344945,45.811314],[-94.349205,45.81583],[-94.352016,45.819787],[-94.353165,45.822131],[-94.351738,45.822159],[-94.35159,45.822158],[-94.350849,45.822145],[-94.347985,45.822091],[-94.325202,45.822324],[-94.323942,45.822333],[-94.303882,45.822483],[-94.293574,45.822559],[-94.288247,45.822599],[-94.287895,45.822602],[-94.287374,45.822606],[-94.287076,45.822608],[-94.285624,45.822619],[-94.28456,45.822628],[-94.284206,45.822615],[-94.283,45.822599],[-94.280323,45.822649],[-94.277694,45.822664],[-94.261702,45.822826],[-94.240652,45.822825],[-94.219498,45.823006],[-94.208651,45.823096],[-94.198502,45.823184],[-94.177437,45.823363],[-94.16168,45.823315],[-94.135353,45.823298],[-94.129628,45.823272],[-94.124801,45.823225],[-94.124123,45.823216],[-94.094358,45.823389],[-94.073327,45.823511],[-94.06857,45.823541],[-94.052206,45.823645],[-94.041984,45.823684],[-94.020942,45.823881],[-94.010432,45.823981],[-94.000614,45.824131],[-93.990534,45.824252],[-93.969609,45.824188],[-93.948508,45.823944],[-93.938176,45.823982],[-93.927742,45.823601],[-93.906884,45.823346],[-93.885971,45.823126],[-93.880537,45.822894],[-93.875254,45.822921],[-93.867039,45.822549],[-93.85468,45.822624],[-93.846335,45.82267],[-93.835583,45.822402],[-93.825558,45.822117],[-93.820323,45.822123],[-93.816026,45.822131],[-93.78397,45.822178],[-93.763948,45.822143],[-93.763303,45.81575],[-93.763079,45.807736],[-93.762938,45.799443],[-93.762601,45.793195],[-93.762469,45.788693],[-93.762195,45.778693],[-93.761937,45.773529],[-93.76177,45.764195],[-93.762042,45.749658],[-93.76222,45.73522],[-93.76209,45.728064],[-93.761919,45.720001],[-93.761814,45.709456],[-93.761776,45.706664],[-93.761695,45.703027],[-93.761605,45.699415],[-93.761507,45.692204],[-93.761062,45.677745],[-93.760712,45.66325],[-93.760619,45.656515],[-93.760502,45.648783],[-93.760459,45.644555],[-93.760352,45.633561],[-93.760302,45.630065],[-93.76025,45.62617],[-93.760115,45.618774],[-93.760264,45.616768],[-93.759955,45.588879],[-93.759875,45.581991],[-93.759435,45.559646],[-93.756809,45.559643],[-93.738406,45.559599],[-93.681395,45.55977],[-93.655591,45.559793],[-93.652664,45.559743],[-93.645239,45.559732],[-93.634887,45.559612],[-93.634855,45.559612],[-93.622053,45.559386],[-93.614351,45.559326],[-93.613997,45.559323],[-93.601931,45.559267],[-93.594944,45.559224],[-93.594426,45.559221],[-93.593294,45.559211],[-93.590203,45.559178],[-93.588781,45.559125],[-93.584306,45.559071],[-93.583325,45.559059],[-93.582062,45.559025],[-93.58156,45.559071],[-93.578595,45.559039],[-93.572958,45.558979],[-93.572281,45.558977],[-93.572166,45.558977],[-93.57204,45.558977],[-93.571919,45.558977],[-93.571781,45.558976],[-93.566591,45.558957],[-93.565131,45.558951],[-93.564668,45.558949],[-93.562532,45.558941],[-93.561939,45.558942],[-93.55746,45.558932],[-93.555039,45.55907],[-93.552633,45.558934],[-93.55216,45.558939],[-93.543604,45.558822],[-93.531415,45.5589],[-93.521095,45.55885],[-93.510704,45.558772],[-93.510715,45.551858],[-93.510704,45.546884],[-93.510704,45.546771],[-93.510703,45.546658],[-93.510703,45.546583],[-93.510702,45.546507],[-93.510691,45.544438],[-93.51069,45.544415],[-93.510688,45.54434],[-93.510688,45.544288],[-93.510688,45.544178],[-93.510679,45.542739],[-93.510675,45.541942],[-93.510648,45.53735],[-93.510561,45.522768],[-93.510519,45.51551],[-93.510473,45.507127],[-93.510633,45.493653],[-93.510549,45.487098],[-93.510544,45.486223],[-93.510538,45.484092],[-93.510611,45.478992],[-93.510597,45.472169],[-93.510589,45.471879],[-93.510475,45.451056],[-93.510354,45.450569],[-93.510432,45.443443],[-93.510247,45.436196],[-93.510191,45.432701],[-93.510111,45.429014],[-93.510093,45.418075],[-93.51007,45.414798],[-93.510003,45.406953],[-93.509983,45.405153],[-93.509981,45.404676],[-93.509961,45.400643],[-93.509919,45.396543],[-93.509832,45.389902],[-93.509806,45.389187],[-93.509794,45.385613],[-93.509933,45.375242],[-93.509994,45.371694],[-93.510103,45.364367],[-93.510197,45.356112],[-93.510283,45.349823],[-93.51027,45.342549],[-93.510553,45.332107],[-93.51062,45.328326],[-93.510417,45.327457],[-93.510865,45.307467],[-93.510889,45.306465],[-93.510992,45.299346],[-93.511266,45.298157],[-93.511077,45.296337],[-93.511311,45.291182],[-93.511834,45.27636],[-93.512041,45.270028],[-93.512072,45.268285],[-93.512327,45.262001],[-93.512363,45.261431],[-93.512457,45.2599],[-93.512403,45.256306],[-93.512482,45.253237],[-93.512511,45.251791],[-93.512522,45.25144],[-93.512608,45.246591],[-93.51219,45.245683],[-93.502681,45.242224],[-93.501598,45.241594],[-93.500234,45.240565],[-93.498571,45.237796],[-93.496892,45.234264],[-93.492315,45.230144],[-93.487523,45.226985],[-93.485469,45.225678],[-93.48174,45.224971],[-93.47707,45.225108],[-93.47028,45.225942],[-93.46764,45.225787],[-93.464405,45.22462],[-93.460072,45.221362],[-93.457362,45.220139],[-93.450718,45.219478],[-93.44405,45.216632],[-93.442249,45.216358],[-93.438824,45.216816],[-93.436539,45.217567],[-93.433732,45.218065],[-93.427732,45.215565],[-93.426409,45.214903],[-93.424915,45.214099],[-93.422453,45.211423],[-93.418495,45.205536],[-93.415232,45.200665],[-93.412032,45.198164],[-93.407748,45.196387],[-93.407058,45.197268],[-93.40609,45.198472],[-93.405029,45.199741],[-93.404213,45.200767],[-93.403201,45.20035],[-93.402165,45.201631],[-93.39909,45.20112],[-93.399087,45.201927],[-93.399064,45.202725],[-93.399026,45.203611],[-93.399645,45.204103],[-93.400632,45.205657],[-93.396939,45.205104],[-93.389794,45.204946],[-93.386883,45.204876],[-93.386412,45.204866],[-93.387219,45.203629],[-93.389824,45.202071],[-93.391275,45.19841],[-93.391358,45.198276],[-93.391465,45.198102],[-93.391548,45.197966],[-93.391886,45.197613],[-93.392341,45.197137],[-93.392879,45.196576],[-93.392901,45.196048],[-93.39284,45.195926],[-93.392617,45.195483],[-93.392467,45.195471],[-93.39139,45.195459],[-93.390679,45.195457],[-93.389392,45.195456],[-93.387189,45.195441],[-93.38542,45.195432],[-93.383601,45.195432],[-93.383593,45.196025],[-93.383581,45.19668],[-93.383581,45.196916],[-93.383586,45.197963],[-93.381127,45.197782],[-93.378543,45.197721],[-93.375867,45.197644],[-93.374743,45.197622],[-93.373507,45.197604],[-93.370694,45.197568],[-93.3682,45.19746],[-93.368146,45.19746],[-93.367955,45.19746],[-93.366529,45.197467],[-93.361956,45.197414],[-93.361379,45.197417],[-93.361599,45.197551],[-93.362846,45.198309],[-93.362847,45.201044],[-93.365267,45.201068],[-93.365293,45.202804],[-93.367162,45.202814],[-93.367143,45.204154],[-93.367141,45.204403],[-93.367137,45.20462],[-93.367136,45.204799],[-93.365388,45.204773],[-93.36491,45.210169],[-93.362459,45.211796],[-93.362444,45.212315],[-93.357611,45.212282],[-93.357412,45.212284],[-93.351681,45.212285],[-93.350093,45.212294],[-93.347454,45.212417],[-93.346677,45.212407],[-93.34154,45.212325],[-93.340782,45.212351],[-93.34006,45.212331],[-93.339252,45.212341],[-93.33865,45.212348],[-93.33729,45.212365],[-93.332369,45.212367],[-93.327181,45.212393],[-93.326233,45.212381],[-93.324885,45.212364],[-93.324272,45.212356],[-93.32278,45.212337],[-93.320906,45.212529],[-93.31895,45.212884],[-93.318382,45.212787],[-93.31788,45.212628],[-93.316017,45.212216],[-93.315021,45.212215],[-93.312957,45.212172],[-93.311565,45.212099],[-93.308995,45.2121],[-93.307437,45.212134],[-93.306397,45.212124],[-93.3062,45.212119],[-93.304401,45.212107],[-93.303138,45.212084],[-93.302448,45.212076],[-93.30237,45.212075],[-93.30119,45.212061],[-93.299304,45.212038],[-93.29715,45.212012],[-93.29709,45.211985],[-93.297033,45.211959],[-93.296981,45.211898],[-93.29302,45.211872],[-93.290874,45.211857],[-93.283373,45.211783],[-93.278869,45.211719],[-93.274055,45.211643],[-93.267114,45.211539],[-93.265859,45.211519],[-93.255007,45.211497],[-93.25138,45.21149],[-93.234853,45.211442],[-93.234575,45.211442],[-93.234207,45.211441],[-93.23277,45.211437],[-93.229535,45.211432],[-93.219168,45.211419],[-93.214072,45.211425],[-93.190463,45.211335],[-93.177865,45.211253],[-93.173393,45.211225],[-93.16293,45.211159],[-93.142341,45.210951],[-93.138615,45.211041],[-93.121559,45.210991],[-93.112216,45.210961],[-93.097868,45.210951],[-93.093646,45.210948],[-93.088341,45.210821],[-93.074127,45.210788],[-93.073006,45.210779],[-93.070933,45.210735],[-93.069569,45.210788],[-93.061834,45.210774],[-93.059037,45.210768],[-93.053906,45.210764],[-93.039703,45.21076],[-93.039337,45.21076],[-93.034955,45.210766],[-93.029498,45.210762],[-93.029023,45.210766],[-93.026218,45.210741],[-93.019747,45.210741],[-93.020008,45.196448],[-93.019991,45.194387],[-93.020023,45.189248],[-93.020069,45.183876],[-93.020106,45.182301],[-93.020112,45.182081],[-93.020166,45.17846],[-93.020212,45.174266],[-93.020284,45.165529],[-93.020303,45.164222],[-93.020308,45.164118],[-93.020345,45.159054],[-93.020368,45.15358],[-93.020313,45.146796],[-93.02033,45.14675],[-93.020368,45.146471],[-93.020421,45.144053],[-93.020414,45.142339],[-93.020384,45.141592],[-93.020404,45.135597],[-93.020409,45.134116],[-93.020441,45.126896],[-93.020518,45.123866],[-93.020086,45.123848],[-93.015525,45.123796],[-93.013695,45.123783],[-93.007836,45.123788],[-93.003849,45.123753],[-93.003517,45.123753],[-93.00317,45.123754],[-93.003037,45.123754],[-92.99784,45.123767],[-92.994465,45.12376],[-92.992649,45.123751],[-92.990632,45.123762],[-92.989277,45.12376],[-92.984619,45.123622],[-92.98458,45.121376],[-92.984572,45.118838],[-92.984549,45.115937],[-92.984514,45.106652],[-92.984515,45.106515],[-92.984515,45.106375],[-92.984517,45.106125],[-92.984518,45.106032],[-92.984518,45.105987],[-92.984537,45.103049],[-92.984546,45.099947],[-92.984532,45.09841],[-92.984523,45.097199],[-92.984517,45.096734],[-92.987463,45.097735],[-92.991147,45.097332],[-92.991081,45.097927],[-92.991742,45.098677],[-92.992501,45.099554],[-92.991824,45.099966],[-92.992531,45.099981],[-92.99253,45.100265],[-92.991989,45.100273],[-92.991845,45.100275],[-92.991845,45.100389],[-92.991846,45.100502],[-92.991846,45.100618],[-92.991847,45.100727],[-92.991848,45.100852],[-92.991851,45.100953],[-92.99253,45.100958],[-92.993893,45.100945],[-92.994832,45.101898],[-92.997693,45.101224],[-93.002705,45.099715],[-93.003008,45.099621],[-93.003528,45.099447],[-93.005258,45.098923],[-93.005259,45.099505],[-93.006887,45.09866],[-93.009989,45.097643],[-93.01539,45.09602],[-93.017984,45.095366],[-93.0226,45.094548],[-93.025624,45.0939],[-93.026535,45.093744],[-93.030731,45.093758],[-93.03073,45.093151],[-93.035828,45.09227],[-93.035828,45.092138],[-93.035826,45.091839],[-93.036125,45.091787],[-93.036624,45.091701],[-93.037362,45.091573],[-93.038183,45.091431],[-93.044427,45.09035],[-93.044727,45.090299],[-93.045599,45.090148],[-93.045656,45.090138],[-93.045852,45.090137],[-93.046201,45.090137],[-93.046189,45.08908],[-93.046059,45.087121],[-93.045923,45.086042],[-93.04641,45.08624],[-93.04766,45.086505],[-93.048493,45.086504],[-93.052542,45.086496],[-93.05282,45.086496],[-93.053451,45.086495],[-93.055518,45.086491],[-93.05618,45.08649],[-93.056157,45.083349],[-93.056135,45.080445],[-93.056126,45.079352],[-93.056126,45.079252],[-93.058434,45.079253],[-93.064287,45.07921],[-93.065698,45.079225],[-93.069547,45.079264],[-93.072079,45.07927],[-93.075309,45.079214],[-93.075619,45.079212],[-93.076556,45.079204],[-93.080086,45.079194],[-93.086768,45.079173],[-93.094414,45.079208],[-93.106532,45.079104],[-93.109006,45.079174],[-93.111673,45.079263],[-93.114377,45.079327],[-93.117154,45.079339],[-93.117217,45.079475],[-93.122856,45.079451],[-93.126843,45.079462],[-93.132682,45.079497],[-93.135528,45.079305],[-93.139061,45.07924],[-93.143281,45.079382],[-93.147378,45.079386],[-93.147377,45.079219],[-93.147302,45.076893],[-93.147285,45.074237],[-93.147279,45.073277],[-93.14727,45.071928],[-93.147257,45.070055],[-93.147233,45.066715],[-93.14722,45.064704],[-93.147188,45.06122],[-93.147175,45.059774],[-93.147173,45.059533],[-93.147154,45.057462],[-93.147111,45.053841],[-93.147077,45.051049],[-93.147067,45.05022],[-93.147038,45.046521],[-93.147022,45.04439],[-93.14701,45.042991],[-93.140406,45.04302],[-93.136818,45.043079],[-93.132864,45.043105],[-93.132915,45.043051],[-93.131774,45.043055],[-93.131704,45.043056],[-93.12914,45.043066],[-93.127823,45.043221],[-93.127741,45.042949],[-93.124929,45.043087],[-93.122806,45.043089],[-93.121862,45.043105],[-93.120934,45.043136],[-93.119114,45.043085],[-93.117466,45.043094],[-93.116839,45.043092],[-93.116406,45.043091],[-93.108734,45.043104],[-93.108433,45.042613],[-93.108099,45.042613],[-93.108347,45.043006],[-93.108398,45.043084],[-93.106284,45.04307],[-93.106285,45.043105],[-93.103307,45.043115],[-93.103008,45.043116],[-93.102438,45.043117],[-93.097119,45.043132],[-93.093617,45.043142],[-93.088803,45.043154],[-93.088531,45.043154],[-93.086816,45.043148],[-93.086819,45.042375],[-93.08682,45.042124],[-93.086832,45.038198],[-93.08684,45.035927],[-93.082258,45.035913],[-93.079976,45.035906],[-93.07667,45.035883],[-93.074253,45.035893],[-93.072116,45.03589],[-93.069459,45.035886],[-93.067838,45.035884],[-93.066492,45.035883],[-93.06519,45.035882],[-93.062703,45.035881],[-93.058815,45.035878],[-93.056231,45.035876],[-93.0548,45.035872],[-93.048582,45.03585],[-93.047201,45.035845],[-93.04381,45.035831],[-93.043508,45.035829],[-93.036793,45.035796],[-93.036467,45.036048],[-93.036188,45.037285]]]]}},{"type":"Feature","properties":{"id":5,"NAME":"5","TotalPop":713756,"PopDevPct":0.0006228,"DemPct":0.44888592,"RepPct":0.52653286,"WhitePct":0.82731435,"MinorityPct":0.17268565,"BlackPct":0.0659679,"HispanicPct":0.03192948,"PacificPct":0.00114459,"AsianPct":0.05310618,"NativePct":0.01644227,"TotalVAP":538186,"Margin":-0.05111408,"color":"#ff7979","opacity":"1"},"geometry":{"type":"MultiPolygon","coordinates":[[[[-93.147609,45.101297],[-93.147584,45.099744],[-93.147566,45.098636],[-93.147547,45.097533],[-93.147496,45.094553],[-93.14745,45.090943],[-93.147434,45.089565],[-93.147399,45.086382],[-93.147342,45.081348],[-93.147378,45.079386],[-93.143281,45.079382],[-93.139061,45.07924],[-93.135528,45.079305],[-93.132682,45.079497],[-93.126843,45.079462],[-93.122856,45.079451],[-93.117217,45.079475],[-93.117154,45.079339],[-93.114377,45.079327],[-93.111673,45.079263],[-93.109006,45.079174],[-93.106532,45.079104],[-93.094414,45.079208],[-93.086768,45.079173],[-93.080086,45.079194],[-93.076556,45.079204],[-93.075619,45.079212],[-93.075309,45.079214],[-93.072079,45.07927],[-93.069547,45.079264],[-93.065698,45.079225],[-93.064287,45.07921],[-93.058434,45.079253],[-93.056126,45.079252],[-93.056126,45.079352],[-93.056135,45.080445],[-93.056157,45.083349],[-93.05618,45.08649],[-93.055518,45.086491],[-93.053451,45.086495],[-93.05282,45.086496],[-93.052542,45.086496],[-93.048493,45.086504],[-93.04766,45.086505],[-93.04641,45.08624],[-93.045923,45.086042],[-93.046059,45.087121],[-93.046189,45.08908],[-93.046201,45.090137],[-93.045852,45.090137],[-93.045656,45.090138],[-93.045599,45.090148],[-93.044727,45.090299],[-93.044427,45.09035],[-93.038183,45.091431],[-93.037362,45.091573],[-93.036624,45.091701],[-93.036125,45.091787],[-93.035826,45.091839],[-93.035828,45.092138],[-93.035828,45.09227],[-93.03073,45.093151],[-93.030731,45.093758],[-93.026535,45.093744],[-93.025624,45.0939],[-93.0226,45.094548],[-93.017984,45.095366],[-93.01539,45.09602],[-93.009989,45.097643],[-93.006887,45.09866],[-93.005259,45.099505],[-93.005258,45.098923],[-93.003528,45.099447],[-93.003008,45.099621],[-93.002705,45.099715],[-92.997693,45.101224],[-92.994832,45.101898],[-92.993893,45.100945],[-92.99253,45.100958],[-92.991851,45.100953],[-92.991848,45.100852],[-92.991847,45.100727],[-92.991846,45.100618],[-92.991846,45.100502],[-92.991845,45.100389],[-92.991845,45.100275],[-92.991989,45.100273],[-92.99253,45.100265],[-92.992531,45.099981],[-92.991824,45.099966],[-92.992501,45.099554],[-92.991742,45.098677],[-92.991081,45.097927],[-92.991147,45.097332],[-92.987463,45.097735],[-92.984517,45.096734],[-92.984523,45.097199],[-92.984532,45.09841],[-92.984546,45.099947],[-92.984537,45.103049],[-92.984518,45.105987],[-92.984518,45.106032],[-92.984517,45.106125],[-92.984515,45.106375],[-92.984515,45.106515],[-92.984514,45.106652],[-92.984549,45.115937],[-92.984572,45.118838],[-92.98458,45.121376],[-92.984619,45.123622],[-92.989277,45.12376],[-92.990632,45.123762],[-92.992649,45.123751],[-92.994465,45.12376],[-92.99784,45.123767],[-93.003037,45.123754],[-93.00317,45.123754],[-93.003517,45.123753],[-93.003849,45.123753],[-93.007836,45.123788],[-93.013695,45.123783],[-93.015525,45.123796],[-93.020086,45.123848],[-93.020518,45.123866],[-93.020441,45.126896],[-93.020409,45.134116],[-93.020404,45.135597],[-93.020384,45.141592],[-93.020414,45.142339],[-93.020421,45.144053],[-93.020368,45.146471],[-93.02033,45.14675],[-93.020313,45.146796],[-93.020368,45.15358],[-93.020345,45.159054],[-93.020308,45.164118],[-93.020303,45.164222],[-93.020284,45.165529],[-93.020212,45.174266],[-93.020166,45.17846],[-93.020112,45.182081],[-93.020106,45.182301],[-93.020069,45.183876],[-93.020023,45.189248],[-93.019991,45.194387],[-93.020008,45.196448],[-93.019747,45.210741],[-93.026218,45.210741],[-93.029023,45.210766],[-93.029498,45.210762],[-93.034955,45.210766],[-93.039337,45.21076],[-93.039703,45.21076],[-93.053906,45.210764],[-93.059037,45.210768],[-93.061834,45.210774],[-93.069569,45.210788],[-93.070933,45.210735],[-93.073006,45.210779],[-93.074127,45.210788],[-93.088341,45.210821],[-93.093646,45.210948],[-93.097868,45.210951],[-93.112216,45.210961],[-93.121559,45.210991],[-93.138615,45.211041],[-93.142341,45.210951],[-93.16293,45.211159],[-93.173393,45.211225],[-93.177865,45.211253],[-93.190463,45.211335],[-93.214072,45.211425],[-93.219168,45.211419],[-93.229535,45.211432],[-93.23277,45.211437],[-93.234207,45.211441],[-93.234575,45.211442],[-93.234853,45.211442],[-93.25138,45.21149],[-93.255007,45.211497],[-93.265859,45.211519],[-93.267114,45.211539],[-93.274055,45.211643],[-93.278869,45.211719],[-93.283373,45.211783],[-93.290874,45.211857],[-93.29302,45.211872],[-93.296981,45.211898],[-93.297033,45.211959],[-93.29709,45.211985],[-93.29715,45.212012],[-93.299304,45.212038],[-93.30119,45.212061],[-93.30237,45.212075],[-93.302448,45.212076],[-93.303138,45.212084],[-93.304401,45.212107],[-93.3062,45.212119],[-93.306397,45.212124],[-93.307437,45.212134],[-93.308995,45.2121],[-93.311565,45.212099],[-93.312957,45.212172],[-93.315021,45.212215],[-93.316017,45.212216],[-93.31788,45.212628],[-93.318382,45.212787],[-93.31895,45.212884],[-93.320906,45.212529],[-93.32278,45.212337],[-93.324272,45.212356],[-93.324885,45.212364],[-93.326233,45.212381],[-93.327181,45.212393],[-93.332369,45.212367],[-93.33729,45.212365],[-93.33865,45.212348],[-93.339252,45.212341],[-93.34006,45.212331],[-93.340782,45.212351],[-93.34154,45.212325],[-93.346677,45.212407],[-93.347454,45.212417],[-93.350093,45.212294],[-93.351681,45.212285],[-93.357412,45.212284],[-93.357611,45.212282],[-93.362444,45.212315],[-93.362459,45.211796],[-93.36491,45.210169],[-93.365388,45.204773],[-93.367136,45.204799],[-93.367137,45.20462],[-93.367141,45.204403],[-93.367143,45.204154],[-93.367162,45.202814],[-93.365293,45.202804],[-93.365267,45.201068],[-93.362847,45.201044],[-93.362846,45.198309],[-93.361599,45.197551],[-93.361379,45.197417],[-93.361956,45.197414],[-93.366529,45.197467],[-93.367955,45.19746],[-93.368146,45.19746],[-93.3682,45.19746],[-93.370694,45.197568],[-93.373507,45.197604],[-93.374743,45.197622],[-93.375867,45.197644],[-93.378543,45.197721],[-93.381127,45.197782],[-93.383586,45.197963],[-93.383581,45.196916],[-93.383581,45.19668],[-93.383593,45.196025],[-93.383601,45.195432],[-93.38542,45.195432],[-93.387189,45.195441],[-93.389392,45.195456],[-93.390679,45.195457],[-93.39139,45.195459],[-93.392467,45.195471],[-93.392617,45.195483],[-93.39284,45.195926],[-93.392901,45.196048],[-93.392879,45.196576],[-93.392341,45.197137],[-93.391886,45.197613],[-93.391548,45.197966],[-93.391465,45.198102],[-93.391358,45.198276],[-93.391275,45.19841],[-93.389824,45.202071],[-93.387219,45.203629],[-93.386412,45.204866],[-93.386883,45.204876],[-93.389794,45.204946],[-93.396939,45.205104],[-93.400632,45.205657],[-93.399645,45.204103],[-93.399026,45.203611],[-93.399064,45.202725],[-93.399087,45.201927],[-93.39909,45.20112],[-93.402165,45.201631],[-93.403201,45.20035],[-93.404213,45.200767],[-93.405029,45.199741],[-93.40609,45.198472],[-93.407058,45.197268],[-93.407748,45.196387],[-93.412032,45.198164],[-93.415232,45.200665],[-93.418495,45.205536],[-93.422453,45.211423],[-93.424915,45.214099],[-93.426409,45.214903],[-93.427732,45.215565],[-93.433732,45.218065],[-93.436539,45.217567],[-93.438824,45.216816],[-93.442249,45.216358],[-93.44405,45.216632],[-93.450718,45.219478],[-93.457362,45.220139],[-93.460072,45.221362],[-93.464405,45.22462],[-93.46764,45.225787],[-93.47028,45.225942],[-93.47707,45.225108],[-93.48174,45.224971],[-93.485469,45.225678],[-93.487523,45.226985],[-93.492315,45.230144],[-93.496892,45.234264],[-93.498571,45.237796],[-93.500234,45.240565],[-93.501598,45.241594],[-93.502681,45.242224],[-93.51219,45.245683],[-93.512608,45.246591],[-93.512522,45.25144],[-93.512511,45.251791],[-93.512482,45.253237],[-93.512403,45.256306],[-93.512457,45.2599],[-93.512363,45.261431],[-93.512327,45.262001],[-93.512072,45.268285],[-93.512041,45.270028],[-93.511834,45.27636],[-93.511311,45.291182],[-93.511077,45.296337],[-93.511266,45.298157],[-93.510992,45.299346],[-93.510889,45.306465],[-93.510865,45.307467],[-93.510417,45.327457],[-93.51062,45.328326],[-93.510553,45.332107],[-93.51027,45.342549],[-93.510283,45.349823],[-93.510197,45.356112],[-93.510103,45.364367],[-93.509994,45.371694],[-93.509933,45.375242],[-93.509794,45.385613],[-93.509806,45.389187],[-93.509832,45.389902],[-93.509919,45.396543],[-93.509961,45.400643],[-93.509981,45.404676],[-93.509983,45.405153],[-93.510003,45.406953],[-93.51007,45.414798],[-93.510093,45.418075],[-93.510111,45.429014],[-93.510191,45.432701],[-93.510247,45.436196],[-93.510432,45.443443],[-93.510354,45.450569],[-93.510475,45.451056],[-93.510589,45.471879],[-93.510597,45.472169],[-93.510611,45.478992],[-93.510538,45.484092],[-93.510544,45.486223],[-93.510549,45.487098],[-93.510633,45.493653],[-93.510473,45.507127],[-93.510519,45.51551],[-93.510561,45.522768],[-93.510648,45.53735],[-93.510675,45.541942],[-93.510679,45.542739],[-93.510688,45.544178],[-93.510688,45.544288],[-93.510688,45.54434],[-93.51069,45.544415],[-93.510691,45.544438],[-93.510702,45.546507],[-93.510703,45.546583],[-93.510703,45.546658],[-93.510704,45.546771],[-93.510704,45.546884],[-93.510715,45.551858],[-93.510704,45.558772],[-93.521095,45.55885],[-93.531415,45.5589],[-93.543604,45.558822],[-93.55216,45.558939],[-93.552633,45.558934],[-93.555039,45.55907],[-93.55746,45.558932],[-93.561939,45.558942],[-93.562532,45.558941],[-93.564668,45.558949],[-93.565131,45.558951],[-93.566591,45.558957],[-93.571781,45.558976],[-93.571919,45.558977],[-93.57204,45.558977],[-93.572166,45.558977],[-93.572281,45.558977],[-93.572958,45.558979],[-93.578595,45.559039],[-93.58156,45.559071],[-93.582062,45.559025],[-93.583325,45.559059],[-93.584306,45.559071],[-93.588781,45.559125],[-93.590203,45.559178],[-93.593294,45.559211],[-93.594426,45.559221],[-93.594944,45.559224],[-93.601931,45.559267],[-93.613997,45.559323],[-93.614351,45.559326],[-93.622053,45.559386],[-93.634855,45.559612],[-93.634887,45.559612],[-93.645239,45.559732],[-93.652664,45.559743],[-93.655591,45.559793],[-93.681395,45.55977],[-93.738406,45.559599],[-93.756809,45.559643],[-93.759435,45.559646],[-93.759875,45.581991],[-93.759955,45.588879],[-93.760264,45.616768],[-93.760115,45.618774],[-93.76025,45.62617],[-93.760302,45.630065],[-93.760352,45.633561],[-93.760459,45.644555],[-93.760502,45.648783],[-93.760619,45.656515],[-93.760712,45.66325],[-93.761062,45.677745],[-93.761507,45.692204],[-93.761605,45.699415],[-93.761695,45.703027],[-93.761776,45.706664],[-93.761814,45.709456],[-93.761919,45.720001],[-93.76209,45.728064],[-93.76222,45.73522],[-93.762042,45.749658],[-93.76177,45.764195],[-93.761937,45.773529],[-93.762195,45.778693],[-93.762469,45.788693],[-93.762601,45.793195],[-93.762938,45.799443],[-93.763079,45.807736],[-93.763303,45.81575],[-93.763948,45.822143],[-93.78397,45.822178],[-93.816026,45.822131],[-93.820323,45.822123],[-93.825558,45.822117],[-93.835583,45.822402],[-93.846335,45.82267],[-93.85468,45.822624],[-93.867039,45.822549],[-93.875254,45.822921],[-93.880537,45.822894],[-93.885971,45.823126],[-93.906884,45.823346],[-93.927742,45.823601],[-93.938176,45.823982],[-93.948508,45.823944],[-93.969609,45.824188],[-93.990534,45.824252],[-94.000614,45.824131],[-94.010432,45.823981],[-94.020942,45.823881],[-94.041984,45.823684],[-94.052206,45.823645],[-94.06857,45.823541],[-94.073327,45.823511],[-94.094358,45.823389],[-94.124123,45.823216],[-94.124801,45.823225],[-94.129628,45.823272],[-94.135353,45.823298],[-94.16168,45.823315],[-94.177437,45.823363],[-94.198502,45.823184],[-94.208651,45.823096],[-94.219498,45.823006],[-94.240652,45.822825],[-94.261702,45.822826],[-94.277694,45.822664],[-94.280323,45.822649],[-94.283,45.822599],[-94.284206,45.822615],[-94.28456,45.822628],[-94.285624,45.822619],[-94.287076,45.822608],[-94.287374,45.822606],[-94.287895,45.822602],[-94.288247,45.822599],[-94.293574,45.822559],[-94.303882,45.822483],[-94.323942,45.822333],[-94.325202,45.822324],[-94.347985,45.822091],[-94.350849,45.822145],[-94.35159,45.822158],[-94.351738,45.822159],[-94.353165,45.822131],[-94.352016,45.819787],[-94.349205,45.81583],[-94.344945,45.811314],[-94.340875,45.808322],[-94.337668,45.805667],[-94.334582,45.802754],[-94.33006,45.800748],[-94.327853,45.79861],[-94.324499,45.797713],[-94.322844,45.797782],[-94.319441,45.800076],[-94.317357,45.801041],[-94.314758,45.801064],[-94.31323,45.800071],[-94.312861,45.797531],[-94.313521,45.79536],[-94.312827,45.792053],[-94.312007,45.790589],[-94.308122,45.786995],[-94.305489,45.785261],[-94.299817,45.784828],[-94.294915,45.783498],[-94.291803,45.781551],[-94.288405,45.78044],[-94.284899,45.780456],[-94.281854,45.779557],[-94.278843,45.777788],[-94.27691,45.777073],[-94.273952,45.776609],[-94.271776,45.775208],[-94.273098,45.775206],[-94.28189,45.77514],[-94.28454,45.77511],[-94.30526,45.7752],[-94.315098,45.77521],[-94.320861,45.775191],[-94.32606,45.77519],[-94.33243,45.775163],[-94.3467,45.77517],[-94.36732,45.7752],[-94.38812,45.77526],[-94.40892,45.77522],[-94.429801,45.775242],[-94.43034,45.775246],[-94.44637,45.7753],[-94.45034,45.7753],[-94.46694,45.775259],[-94.47643,45.77509],[-94.481063,45.774989],[-94.48162,45.77498],[-94.4922,45.77471],[-94.50799,45.77447],[-94.5133,45.77438],[-94.518593,45.77437],[-94.527551,45.774379],[-94.53397,45.77442],[-94.544368,45.774147],[-94.54954,45.77401],[-94.56496,45.77408],[-94.57281,45.77428],[-94.58325,45.77422],[-94.58558,45.77425],[-94.597256,45.774303],[-94.605723,45.774202],[-94.61134,45.77417],[-94.616569,45.77417],[-94.624725,45.774135],[-94.630093,45.774077],[-94.635945,45.774013],[-94.64399,45.77395],[-94.664413,45.773733],[-94.667902,45.773698],[-94.674953,45.773622],[-94.67726,45.77377],[-94.68533,45.77365],[-94.70563,45.77364],[-94.710505,45.773677],[-94.72089,45.773627],[-94.734419,45.773564],[-94.73602,45.773565],[-94.750293,45.773692],[-94.766899,45.773911],[-94.766917,45.773294],[-94.766904,45.772713],[-94.767379,45.7647],[-94.76752,45.75945],[-94.76757,45.74508],[-94.76769,45.732006],[-94.767496,45.728714],[-94.76743,45.71611],[-94.76741,45.70932],[-94.76755,45.70745],[-94.7674,45.69829],[-94.7674,45.68715],[-94.76739,45.6841],[-94.767357,45.683506],[-94.767077,45.680766],[-94.76701,45.678452],[-94.767034,45.677705],[-94.767067,45.677491],[-94.767166,45.676851],[-94.7672,45.676638],[-94.767389,45.675356],[-94.767406,45.67277],[-94.790713,45.67272],[-94.792824,45.67272],[-94.792449,45.671326],[-94.792425,45.666759],[-94.79244,45.665981],[-94.788343,45.665839],[-94.788345,45.665597],[-94.788349,45.665391],[-94.788364,45.663005],[-94.79126,45.66185],[-94.79179,45.66069],[-94.79223,45.66087],[-94.792484,45.663801],[-94.793394,45.663804],[-94.793494,45.665263],[-94.797617,45.665411],[-94.808821,45.665372],[-94.80883,45.66518],[-94.808842,45.663724],[-94.812776,45.663681],[-94.81481,45.66241],[-94.81765,45.66061],[-94.81901,45.65952],[-94.819295,45.65812],[-94.8193,45.65796],[-94.824393,45.657904],[-94.824382,45.661775],[-94.824352,45.665185],[-94.829485,45.665132],[-94.829475,45.672697],[-94.829747,45.672857],[-94.83162,45.67286],[-94.83678,45.67285],[-94.839334,45.67285],[-94.840723,45.672858],[-94.85011,45.67287],[-94.86567,45.67288],[-94.87095,45.67287],[-94.87297,45.67284],[-94.881152,45.67276],[-94.883031,45.672746],[-94.891488,45.67271],[-94.895683,45.672716],[-94.90719,45.672699],[-94.918791,45.672681],[-94.93285,45.67262],[-94.94612,45.67268],[-94.95352,45.67263],[-94.958019,45.672619],[-94.96918,45.67259],[-94.977457,45.672554],[-94.995119,45.672534],[-95.001346,45.672643],[-95.00924,45.672648],[-95.015561,45.672603],[-95.01557,45.66107],[-95.01558,45.6579],[-95.015543,45.652229],[-95.01546,45.64314],[-95.015223,45.623737],[-95.015257,45.622785],[-95.015149,45.614439],[-95.015287,45.610756],[-95.0154,45.60782],[-95.015525,45.600236],[-95.01553,45.59987],[-95.015316,45.592204],[-95.015327,45.589338],[-95.01532,45.58535],[-95.008305,45.585336],[-95.008224,45.582669],[-95.00789,45.57093],[-95.0081,45.55664],[-95.00831,45.53493],[-95.00836,45.52043],[-95.00836,45.519841],[-95.00835,45.51875],[-95.00838,45.516383],[-95.00842,45.49883],[-94.9871,45.49878],[-94.970885,45.498976],[-94.96803,45.49901],[-94.95252,45.49904],[-94.92697,45.49916],[-94.89875,45.49921],[-94.89158,45.49935],[-94.88601,45.49932],[-94.886,45.492244],[-94.88599,45.4849],[-94.885982,45.47774],[-94.885956,45.470527],[-94.885742,45.454733],[-94.886,45.45106],[-94.886139,45.440848],[-94.886282,45.422408],[-94.88636,45.416589],[-94.886368,45.416151],[-94.886398,45.412959],[-94.877285,45.412987],[-94.875999,45.412991],[-94.871947,45.412992],[-94.86572,45.41299],[-94.851253,45.412952],[-94.8456,45.412934],[-94.825034,45.412915],[-94.80439,45.412877],[-94.783779,45.412831],[-94.783196,45.412829],[-94.77332,45.412908],[-94.762934,45.412861],[-94.763154,45.406805],[-94.763132,45.39118],[-94.763144,45.387606],[-94.763145,45.386808],[-94.763137,45.381008],[-94.763191,45.377355],[-94.763204,45.365399],[-94.763176,45.361747],[-94.763172,45.361546],[-94.763171,45.36149],[-94.763116,45.357968],[-94.763109,45.35506],[-94.76308,45.333331],[-94.76308,45.3261],[-94.763105,45.318864],[-94.763103,45.317644],[-94.763117,45.314072],[-94.763156,45.304457],[-94.763185,45.297306],[-94.76327,45.290001],[-94.76337,45.28275],[-94.76336,45.27935],[-94.763343,45.27541],[-94.76334,45.268189],[-94.763417,45.253646],[-94.763456,45.246187],[-94.763488,45.245155],[-94.76351,45.239089],[-94.757542,45.239098],[-94.75744,45.233023],[-94.757434,45.225571],[-94.757439,45.21134],[-94.75738,45.196794],[-94.757364,45.182353],[-94.757111,45.167562],[-94.756904,45.153424],[-94.745067,45.153349],[-94.737179,45.153285],[-94.711472,45.153101],[-94.708248,45.153071],[-94.705616,45.15305],[-94.701084,45.153027],[-94.689574,45.152972],[-94.687143,45.153002],[-94.685888,45.152197],[-94.685904,45.153097],[-94.686076,45.160091],[-94.68102,45.160073],[-94.68089,45.154983],[-94.679394,45.154472],[-94.675811,45.154448],[-94.675783,45.152844],[-94.670834,45.152864],[-94.653985,45.152677],[-94.645041,45.152569],[-94.634693,45.152524],[-94.630593,45.152509],[-94.615124,45.152538],[-94.584515,45.15254],[-94.568517,45.152605],[-94.545513,45.152612],[-94.542595,45.152625],[-94.541797,45.152629],[-94.538367,45.152642],[-94.522945,45.1527],[-94.507916,45.152666],[-94.502302,45.152647],[-94.492444,45.152618],[-94.482084,45.152625],[-94.451039,45.152386],[-94.43209,45.152377],[-94.426531,45.152382],[-94.420271,45.152399],[-94.410028,45.152409],[-94.409294,45.1524],[-94.401462,45.152306],[-94.379012,45.152357],[-94.364111,45.152485],[-94.357759,45.152541],[-94.347679,45.152592],[-94.34322,45.152625],[-94.328431,45.152597],[-94.317427,45.152712],[-94.313984,45.152718],[-94.313778,45.152717],[-94.313627,45.152717],[-94.306386,45.152751],[-94.302645,45.152734],[-94.302578,45.152649],[-94.296113,45.152678],[-94.282304,45.152669],[-94.28187,45.152761],[-94.2791,45.152773],[-94.278613,45.152771],[-94.270179,45.152697],[-94.269095,45.152694],[-94.255775,45.152642],[-94.25579,45.159832],[-94.255905,45.162026],[-94.255743,45.166889],[-94.255741,45.167149],[-94.255714,45.181653],[-94.255811,45.199894],[-94.255807,45.202632],[-94.255922,45.206751],[-94.256004,45.211059],[-94.25597,45.211299],[-94.255946,45.212558],[-94.256121,45.21383],[-94.256086,45.215085],[-94.256228,45.220812],[-94.256688,45.231361],[-94.256723,45.232421],[-94.256751,45.239272],[-94.257568,45.239283],[-94.260289,45.239272],[-94.25991,45.24029],[-94.26044,45.243164],[-94.260674,45.249875],[-94.260795,45.256258],[-94.261049,45.275702],[-94.261076,45.278603],[-94.261131,45.283941],[-94.260821,45.283941],[-94.260984,45.287201],[-94.26152,45.297688],[-94.260819,45.298247],[-94.260787,45.298645],[-94.256389,45.29947],[-94.254635,45.300658],[-94.255006,45.302225],[-94.257115,45.3057],[-94.256658,45.306473],[-94.252612,45.308305],[-94.250265,45.308797],[-94.247562,45.308806],[-94.244248,45.308082],[-94.242668,45.308223],[-94.240556,45.309589],[-94.239737,45.310179],[-94.238307,45.309682],[-94.234773,45.310374],[-94.230953,45.310617],[-94.226089,45.311618],[-94.224276,45.311371],[-94.221338,45.312089],[-94.219834,45.314113],[-94.218181,45.315597],[-94.214756,45.316224],[-94.212803,45.316995],[-94.211129,45.316259],[-94.209545,45.317326],[-94.20814,45.31679],[-94.208412,45.315825],[-94.207077,45.315528],[-94.20572,45.315758],[-94.203373,45.317301],[-94.199812,45.317729],[-94.198211,45.317179],[-94.19698,45.317443],[-94.195459,45.318774],[-94.194296,45.318948],[-94.190953,45.317791],[-94.187262,45.318278],[-94.185436,45.316965],[-94.185166,45.315993],[-94.181647,45.313743],[-94.17989,45.313151],[-94.179458,45.311397],[-94.17751,45.310143],[-94.178424,45.309401],[-94.177574,45.308827],[-94.177521,45.307368],[-94.176189,45.306404],[-94.176585,45.303284],[-94.17542,45.302473],[-94.174911,45.302116],[-94.173419,45.301422],[-94.171938,45.301277],[-94.171245,45.301301],[-94.170358,45.301523],[-94.169359,45.301916],[-94.168202,45.302116],[-94.1665,45.301985],[-94.165535,45.301759],[-94.163946,45.301171],[-94.163186,45.301122],[-94.161892,45.301233],[-94.161302,45.301409],[-94.161006,45.302011],[-94.161088,45.303494],[-94.160763,45.304134],[-94.159628,45.304481],[-94.158699,45.304423],[-94.157717,45.303903],[-94.157231,45.303794],[-94.154946,45.304947],[-94.137881,45.315294],[-94.120819,45.325627],[-94.116323,45.325633],[-94.115222,45.325634],[-94.11323,45.32564],[-94.111019,45.32561],[-94.109633,45.325605],[-94.106686,45.325864],[-94.104899,45.325813],[-94.096573,45.325674],[-94.094184,45.325643],[-94.091336,45.325578],[-94.075919,45.32561],[-94.055599,45.325467],[-94.055627,45.325427],[-94.046382,45.325275],[-94.041984,45.325426],[-94.039288,45.325388],[-94.037566,45.325407],[-94.027876,45.325592],[-94.016761,45.325704],[-94.014141,45.325728],[-94.014135,45.325693],[-94.014049,45.327728],[-94.014077,45.335003],[-94.014085,45.340003],[-94.014111,45.343821],[-94.014136,45.347435],[-94.014163,45.351052],[-94.014189,45.354672],[-94.014196,45.359844],[-94.014164,45.361934],[-94.014011,45.36921],[-94.004576,45.369343],[-93.999403,45.369419],[-93.994253,45.369495],[-93.989076,45.369543],[-93.984905,45.369475],[-93.983343,45.369522],[-93.982816,45.369552],[-93.97353,45.36957],[-93.973526,45.37044],[-93.973527,45.37122],[-93.973545,45.381641],[-93.973576,45.384938],[-93.973592,45.386241],[-93.97362,45.388153],[-93.973642,45.38881],[-93.970057,45.386975],[-93.966733,45.384727],[-93.961131,45.380522],[-93.957401,45.377949],[-93.954648,45.377649],[-93.953743,45.37793],[-93.949747,45.380255],[-93.946816,45.384208],[-93.945644,45.38498],[-93.943837,45.385196],[-93.940421,45.384149],[-93.937447,45.383951],[-93.93205,45.384455],[-93.929022,45.385609],[-93.926929,45.38572],[-93.922316,45.385021],[-93.918525,45.384373],[-93.914285,45.382565],[-93.911864,45.380293],[-93.910604,45.374968],[-93.909854,45.373345],[-93.907281,45.37118],[-93.901809,45.368551],[-93.895869,45.366574],[-93.890819,45.364284],[-93.888878,45.363053],[-93.887743,45.361289],[-93.887701,45.358978],[-93.887185,45.356734],[-93.884998,45.352887],[-93.882212,45.349376],[-93.879098,45.346561],[-93.877063,45.345226],[-93.87281,45.343002],[-93.86759,45.339281],[-93.865053,45.338646],[-93.861034,45.33828],[-93.857773,45.337749],[-93.856656,45.337819],[-93.855041,45.337758],[-93.852489,45.337058],[-93.852162,45.336999],[-93.851181,45.336823],[-93.850854,45.336765],[-93.850805,45.336761],[-93.850659,45.33675],[-93.850611,45.336747],[-93.848389,45.336339],[-93.84586,45.336515],[-93.841083,45.33647],[-93.834876,45.335399],[-93.831139,45.334779],[-93.82957,45.33397],[-93.828435,45.330772],[-93.825785,45.328048],[-93.820179,45.324495],[-93.816109,45.321875],[-93.814836,45.320446],[-93.813963,45.318195],[-93.807632,45.314006],[-93.806179,45.312962],[-93.802793,45.31106],[-93.799622,45.310244],[-93.7959,45.309577],[-93.791585,45.308357],[-93.789155,45.307656],[-93.783842,45.30485],[-93.779276,45.302989],[-93.771589,45.298643],[-93.766919,45.297053],[-93.762369,45.296454],[-93.757787,45.294892],[-93.755365,45.294679],[-93.752736,45.294807],[-93.750828,45.295337],[-93.747586,45.297053],[-93.744843,45.298128],[-93.740171,45.299266],[-93.735646,45.299886],[-93.730013,45.300094],[-93.723957,45.299981],[-93.718989,45.299591],[-93.71678,45.299396],[-93.714714,45.299188],[-93.705992,45.297769],[-93.70439,45.297723],[-93.704381,45.29671],[-93.704397,45.291493],[-93.704439,45.285218],[-93.704476,45.281625],[-93.704481,45.281061],[-93.704559,45.273797],[-93.704578,45.266726],[-93.70966,45.266627],[-93.714778,45.266646],[-93.714775,45.26617],[-93.714763,45.265101],[-93.714795,45.263915],[-93.704431,45.258281],[-93.704426,45.257988],[-93.70441,45.257373],[-93.704365,45.256509],[-93.70424,45.251755],[-93.704324,45.246717],[-93.704325,45.245131],[-93.704318,45.244309],[-93.704256,45.237936],[-93.694716,45.23794],[-93.693823,45.237955],[-93.684682,45.238001],[-93.683912,45.23801],[-93.683866,45.241457],[-93.683817,45.245115],[-93.683778,45.248331],[-93.683785,45.248569],[-93.683793,45.248835],[-93.683751,45.252307],[-93.673511,45.252434],[-93.670103,45.252471],[-93.663302,45.252546],[-93.661165,45.252526],[-93.65881,45.252505],[-93.653084,45.252455],[-93.645669,45.252497],[-93.642955,45.252492],[-93.642843,45.248813],[-93.642797,45.245355],[-93.642765,45.2432],[-93.642595,45.240827],[-93.646227,45.240812],[-93.646224,45.23811],[-93.644136,45.238019],[-93.640509,45.237968],[-93.633793,45.237985],[-93.633857,45.234992],[-93.633928,45.230947],[-93.633932,45.230708],[-93.633935,45.23045],[-93.634043,45.224347],[-93.639024,45.224289],[-93.643756,45.224233],[-93.644038,45.224229],[-93.646815,45.22428],[-93.649504,45.224329],[-93.649837,45.223678],[-93.652049,45.223456],[-93.652106,45.220813],[-93.660175,45.220841],[-93.664528,45.220857],[-93.664546,45.220038],[-93.664572,45.218853],[-93.664581,45.218461],[-93.664622,45.2166],[-93.664684,45.213776],[-93.664686,45.213673],[-93.664739,45.211324],[-93.664765,45.210148],[-93.664773,45.208838],[-93.664783,45.207342],[-93.664799,45.204934],[-93.664802,45.204429],[-93.664812,45.202941],[-93.664831,45.201906],[-93.66485,45.20094],[-93.664881,45.199364],[-93.664953,45.195703],[-93.66514,45.19027],[-93.66518,45.189102],[-93.665284,45.186091],[-93.665386,45.183125],[-93.665577,45.177591],[-93.6657,45.173995],[-93.663688,45.174007],[-93.662343,45.174018],[-93.658588,45.174043],[-93.655466,45.174064],[-93.640151,45.174156],[-93.63909,45.174163],[-93.638653,45.174161],[-93.638211,45.17416],[-93.629934,45.174176],[-93.630377,45.166952],[-93.630432,45.163761],[-93.630434,45.163675],[-93.630457,45.162424],[-93.630466,45.161949],[-93.630502,45.159689],[-93.630432,45.154466],[-93.630425,45.153939],[-93.630424,45.152557],[-93.635376,45.152542],[-93.635506,45.145287],[-93.645998,45.145239],[-93.645976,45.138006],[-93.645992,45.124967],[-93.64591,45.123488],[-93.645912,45.116716],[-93.64591,45.10902],[-93.645917,45.094555],[-93.645855,45.087454],[-93.64579,45.080009],[-93.645822,45.076473],[-93.64584,45.072872],[-93.645828,45.065765],[-93.644053,45.065563],[-93.635567,45.06546],[-93.630562,45.065449],[-93.620016,45.065641],[-93.613476,45.065601],[-93.612156,45.065575],[-93.604732,45.065612],[-93.599595,45.065615],[-93.594422,45.065619],[-93.589248,45.065621],[-93.585692,45.065623],[-93.57367,45.065686],[-93.563184,45.065751],[-93.558022,45.065704],[-93.556358,45.065708],[-93.551598,45.065712],[-93.55035,45.065709],[-93.546532,45.065701],[-93.543573,45.065689],[-93.542587,45.065685],[-93.533806,45.065647],[-93.530609,45.065636],[-93.522079,45.065559],[-93.518428,45.065341],[-93.517726,45.065063],[-93.517349,45.064895],[-93.517358,45.065495],[-93.517357,45.06561],[-93.502083,45.065577],[-93.497201,45.065615],[-93.481702,45.065753],[-93.466525,45.065745],[-93.463188,45.065739],[-93.461494,45.065741],[-93.44839,45.065679],[-93.448079,45.065677],[-93.446617,45.066387],[-93.444092,45.06543],[-93.441332,45.064701],[-93.440497,45.06586],[-93.439625,45.065866],[-93.439622,45.065639],[-93.432996,45.065631],[-93.432693,45.065631],[-93.438395,45.062765],[-93.434464,45.061714],[-93.431169,45.060249],[-93.428642,45.058926],[-93.425613,45.058456],[-93.420715,45.058464],[-93.420738,45.057045],[-93.420815,45.052921],[-93.420853,45.050751],[-93.420781,45.049764],[-93.420974,45.047315],[-93.420942,45.044721],[-93.420947,45.043799],[-93.42096,45.043597],[-93.42109,45.042266],[-93.421149,45.041265],[-93.420883,45.038132],[-93.420853,45.033138],[-93.420739,45.031443],[-93.420839,45.028606],[-93.420776,45.026024],[-93.420761,45.024975],[-93.420753,45.023491],[-93.420746,45.021931],[-93.425232,45.021931],[-93.433402,45.021856],[-93.433922,45.021858],[-93.433838,45.019077],[-93.432129,45.017979],[-93.433625,45.016577],[-93.436253,45.019763],[-93.437743,45.02241],[-93.439325,45.022817],[-93.439105,45.021795],[-93.442314,45.021752],[-93.442215,45.021187],[-93.441895,45.018272],[-93.442307,45.017227],[-93.441017,45.016674],[-93.438624,45.013831],[-93.435844,45.011578],[-93.434807,45.010609],[-93.434448,45.010197],[-93.434245,45.009937],[-93.43354,45.008801],[-93.433311,45.008461],[-93.432175,45.007435],[-93.431953,45.00724],[-93.430824,45.006119],[-93.430611,45.003723],[-93.430574,45.003626],[-93.431402,45.002221],[-93.431716,45.001019],[-93.430183,44.999828],[-93.429856,44.999721],[-93.430003,44.999429],[-93.430642,44.998863],[-93.433266,44.998386],[-93.434952,44.998383],[-93.436943,44.998291],[-93.439145,44.997273],[-93.43945,44.997104],[-93.439636,44.99696],[-93.441986,44.999508],[-93.444382,45.002666],[-93.446571,45.00552],[-93.448326,45.006977],[-93.450974,45.008202],[-93.457169,45.010773],[-93.45712,45.002779],[-93.458003,44.996663],[-93.458832,44.991332],[-93.459572,44.987013],[-93.459708,44.9836],[-93.459719,44.983396],[-93.459972,44.97855],[-93.456294,44.978572],[-93.450603,44.978609],[-93.447617,44.978703],[-93.446083,44.978718],[-93.444786,44.978717],[-93.440952,44.978737],[-93.436821,44.978779],[-93.436478,44.978783],[-93.435349,44.978794],[-93.430893,44.97884],[-93.429245,44.978813],[-93.427301,44.978781],[-93.425835,44.978756],[-93.423302,44.978714],[-93.420753,44.978672],[-93.415677,44.978582],[-93.411799,44.978565],[-93.410922,44.978558],[-93.410466,44.978553],[-93.408236,44.97852],[-93.403629,44.978519],[-93.402412,44.978513],[-93.400575,44.978502],[-93.400419,44.978502],[-93.400437,44.979113],[-93.40046,44.979514],[-93.400579,44.983041],[-93.400584,44.983263],[-93.400675,44.991747],[-93.400704,44.99292],[-93.400796,44.99661],[-93.400855,45.000848],[-93.400873,45.002053],[-93.400813,45.007478],[-93.400639,45.016666],[-93.4007,45.022029],[-93.400692,45.029265],[-93.400715,45.033314],[-93.40069,45.040495],[-93.400781,45.043889],[-93.40079,45.048924],[-93.400796,45.050944],[-93.400769,45.058022],[-93.400695,45.065736],[-93.401034,45.06936],[-93.401261,45.072315],[-93.401331,45.072978],[-93.401811,45.078594],[-93.402035,45.082903],[-93.402046,45.083189],[-93.402213,45.086721],[-93.40224,45.094582],[-93.402178,45.098593],[-93.402135,45.099494],[-93.402092,45.100399],[-93.402308,45.106576],[-93.402343,45.108785],[-93.402294,45.109643],[-93.402282,45.110686],[-93.398366,45.110681],[-93.397498,45.10971],[-93.396721,45.108845],[-93.394795,45.10897],[-93.39451,45.108973],[-93.391716,45.109011],[-93.391414,45.109007],[-93.386992,45.109026],[-93.384344,45.109026],[-93.382884,45.109032],[-93.381989,45.109055],[-93.380263,45.109055],[-93.376967,45.109038],[-93.376799,45.109038],[-93.372618,45.10902],[-93.369123,45.10898],[-93.36674,45.108938],[-93.361612,45.108899],[-93.358889,45.1089],[-93.35669,45.108879],[-93.356511,45.108879],[-93.352253,45.108879],[-93.350748,45.108884],[-93.34643,45.108893],[-93.341397,45.108909],[-93.341284,45.108909],[-93.33731,45.108914],[-93.336566,45.108923],[-93.332451,45.108937],[-93.328713,45.108938],[-93.327459,45.108958],[-93.324759,45.108973],[-93.321101,45.108992],[-93.318781,45.108977],[-93.315392,45.108943],[-93.31151,45.108912],[-93.308364,45.10888],[-93.305219,45.108831],[-93.30142,45.10883],[-93.301163,45.108825],[-93.298688,45.108685],[-93.296516,45.108677],[-93.2957,45.108669],[-93.293419,45.10865],[-93.291512,45.108635],[-93.290291,45.108627],[-93.289146,45.108631],[-93.288742,45.108624],[-93.286294,45.108611],[-93.284779,45.1086],[-93.287946,45.110736],[-93.28669,45.11111],[-93.285999,45.111417],[-93.285737,45.111438],[-93.28352,45.111488],[-93.283233,45.111496],[-93.282194,45.111507],[-93.280324,45.111496],[-93.279548,45.111478],[-93.279306,45.111468],[-93.278933,45.111453],[-93.277313,45.111464],[-93.274375,45.111469],[-93.27436,45.111437],[-93.272654,45.107855],[-93.271036,45.104294],[-93.268593,45.105671],[-93.267394,45.106328],[-93.265134,45.106875],[-93.263916,45.107132],[-93.263557,45.107208],[-93.263264,45.107269],[-93.260894,45.107745],[-93.258628,45.107895],[-93.255157,45.107877],[-93.254679,45.107875],[-93.253516,45.107869],[-93.252797,45.107875],[-93.252229,45.107855],[-93.251536,45.107846],[-93.250976,45.107839],[-93.250277,45.10783],[-93.249698,45.107825],[-93.248441,45.107825],[-93.247804,45.10786],[-93.246525,45.107868],[-93.244859,45.107869],[-93.243873,45.107857],[-93.243577,45.107857],[-93.242605,45.107844],[-93.239536,45.107739],[-93.238114,45.107739],[-93.235342,45.107727],[-93.234076,45.107713],[-93.232984,45.107707],[-93.230371,45.107369],[-93.227828,45.107038],[-93.225133,45.107243],[-93.224203,45.10756],[-93.223091,45.10778],[-93.222345,45.107797],[-93.221078,45.107826],[-93.219204,45.107861],[-93.215206,45.107001],[-93.213419,45.107623],[-93.211152,45.106265],[-93.208937,45.104952],[-93.205284,45.102789],[-93.205043,45.102922],[-93.203817,45.104425],[-93.203838,45.105729],[-93.203864,45.107231],[-93.20388,45.108055],[-93.202611,45.108056],[-93.200727,45.108058],[-93.199513,45.108058],[-93.198774,45.108059],[-93.197035,45.108058],[-93.195356,45.108058],[-93.19366,45.108058],[-93.188521,45.107946],[-93.188241,45.10795],[-93.186666,45.107962],[-93.185754,45.107968],[-93.185384,45.107971],[-93.185241,45.107972],[-93.185108,45.107973],[-93.178351,45.108021],[-93.177073,45.108018],[-93.172621,45.108005],[-93.168149,45.107993],[-93.166871,45.108001],[-93.163652,45.10802],[-93.161392,45.108033],[-93.158111,45.108052],[-93.150673,45.108067],[-93.147689,45.108074],[-93.147656,45.105309],[-93.147609,45.101297]]]]}},{"type":"Feature","properties":{"id":6,"NAME":"6","TotalPop":713046,"PopDevPct":-0.00037256,"DemPct":0.44482709,"RepPct":0.53157098,"WhitePct":0.86365953,"MinorityPct":0.13634047,"BlackPct":0.029636,"HispanicPct":0.04200944,"PacificPct":0.00149761,"AsianPct":0.04551814,"NativePct":0.01303761,"TotalVAP":537522,"Margin":-0.05517291,"color":"#ff6e6e","opacity":"1"},"geometry":{"type":"MultiPolygon","coordinates":[[[[-95.146337,46.194183],[-95.146337,46.194073],[-95.146385,46.179582],[-95.146273,46.164968],[-95.146221,46.157708],[-95.146209,46.150687],[-95.14608,46.1359],[-95.146008,46.131521],[-95.146125,46.125071],[-95.14604,46.121309],[-95.14588,46.106761],[-95.166851,46.10695],[-95.188011,46.107081],[-95.196285,46.10701],[-95.198516,46.107035],[-95.213474,46.107147],[-95.229925,46.10712],[-95.250846,46.107234],[-95.271575,46.107508],[-95.292913,46.107562],[-95.297534,46.107572],[-95.303837,46.107567],[-95.30737,46.107594],[-95.308548,46.107592],[-95.323773,46.107622],[-95.334222,46.107784],[-95.344284,46.107792],[-95.355112,46.107689],[-95.367875,46.1077],[-95.376095,46.107867],[-95.396616,46.107991],[-95.417501,46.108011],[-95.438376,46.107977],[-95.448774,46.108143],[-95.459205,46.10815],[-95.485303,46.108155],[-95.49609,46.108113],[-95.51133,46.108098],[-95.520734,46.108082],[-95.524956,46.108063],[-95.531209,46.108028],[-95.536823,46.107997],[-95.542268,46.107966],[-95.562517,46.107888],[-95.572283,46.107823],[-95.58259,46.107776],[-95.604208,46.107707],[-95.614651,46.107614],[-95.625753,46.107549],[-95.645319,46.107435],[-95.666145,46.107396],[-95.677926,46.107464],[-95.694572,46.107403],[-95.699865,46.107437],[-95.703826,46.107415],[-95.712325,46.107419],[-95.728656,46.107416],[-95.749484,46.107458],[-95.76975,46.10745],[-95.786053,46.107644],[-95.801513,46.107743],[-95.81162,46.10776],[-95.822826,46.107851],[-95.831889,46.107928],[-95.832748,46.107933],[-95.833681,46.107991],[-95.833819,46.107954],[-95.85349,46.10803],[-95.87432,46.10817],[-95.89457,46.1083],[-95.89629,46.108336],[-95.896677,46.108332],[-95.89892,46.10831],[-95.929623,46.108415],[-95.932847,46.10837],[-95.93611,46.10837],[-95.941342,46.108405],[-95.947363,46.10839],[-95.95696,46.10842],[-95.962151,46.108444],[-95.9778,46.10841],[-95.99852,46.10842],[-96.01876,46.10848],[-96.03944,46.10846],[-96.06014,46.10845],[-96.0808,46.10843],[-96.1015,46.10844],[-96.12219,46.10842],[-96.14185,46.10839],[-96.142125,46.10839],[-96.152121,46.108408],[-96.162325,46.10846],[-96.17297,46.10843],[-96.183306,46.108522],[-96.19367,46.10856],[-96.219268,46.108615],[-96.22473,46.1086],[-96.225138,46.108631],[-96.24541,46.1086],[-96.265366,46.10861],[-96.265398,46.094133],[-96.265367,46.07963],[-96.26574,46.06532],[-96.26576,46.06513],[-96.26608,46.05796],[-96.26614,46.05059],[-96.265974,46.036232],[-96.26597,46.03586],[-96.26614,46.0272],[-96.26614,46.02161],[-96.28694,46.02163],[-96.30767,46.02165],[-96.316123,46.021531],[-96.3283,46.021645],[-96.333048,46.021644],[-96.33331,46.021646],[-96.333954,46.02165],[-96.348856,46.021754],[-96.36288,46.021642],[-96.36981,46.02165],[-96.38967,46.02156],[-96.410714,46.021541],[-96.43106,46.0216],[-96.45191,46.02163],[-96.47269,46.02168],[-96.49346,46.02171],[-96.51394,46.02184],[-96.53467,46.02194],[-96.55544,46.02203],[-96.576564,46.021848],[-96.57469,46.018091],[-96.574216,46.01576],[-96.574821,46.013643],[-96.575869,46.007999],[-96.573835,46.003589],[-96.573408,45.999959],[-96.572942,45.992707],[-96.572483,45.989577],[-96.572319,45.981945],[-96.572491,45.97705],[-96.57122,45.9705],[-96.570912,45.966681],[-96.57035,45.963595],[-96.569137,45.960647],[-96.567859,45.958477],[-96.565334,45.957326],[-96.565431,45.953506],[-96.564803,45.950348],[-96.562136,45.947716],[-96.561334,45.945655],[-96.561566,45.944213],[-96.561983,45.940528],[-96.562804,45.937095],[-96.563672,45.935245],[-96.564192,45.933975],[-96.564961,45.930076],[-96.564594,45.926902],[-96.564785,45.924531],[-96.563975,45.920324],[-96.565157,45.919288],[-96.566562,45.916931],[-96.569099,45.917037],[-96.569127,45.915303],[-96.569996,45.913524],[-96.569877,45.911458],[-96.56794,45.912096],[-96.565512,45.910681],[-96.564719,45.909184],[-96.565968,45.908937],[-96.567366,45.904149],[-96.568184,45.903451],[-96.568555,45.901045],[-96.568274,45.897968],[-96.568941,45.89525],[-96.568321,45.891409],[-96.568866,45.888023],[-96.571008,45.887076],[-96.571527,45.885958],[-96.570907,45.883872],[-96.571,45.882421],[-96.572488,45.878696],[-96.572651,45.876474],[-96.571823,45.873337],[-96.572229,45.870935],[-96.574667,45.866816],[-96.574417,45.86501],[-96.573079,45.861524],[-96.573517,45.854747],[-96.574249,45.846582],[-96.574517,45.844044],[-96.575836,45.841384],[-96.577534,45.83793],[-96.577276,45.833721],[-96.578246,45.831552],[-96.57974,45.82582],[-96.58117,45.823015],[-96.583085,45.820024],[-96.584778,45.818146],[-96.588532,45.815663],[-96.593216,45.813873],[-96.596704,45.811801],[-96.601863,45.806343],[-96.603867,45.803594],[-96.609209,45.797353],[-96.613858,45.793434],[-96.619713,45.790313],[-96.625347,45.787924],[-96.627778,45.786239],[-96.629426,45.784211],[-96.630345,45.78238],[-96.630542,45.780998],[-96.630073,45.779745],[-96.630144,45.779431],[-96.630318,45.779303],[-96.630561,45.779232],[-96.630951,45.779226],[-96.631333,45.779067],[-96.63174,45.77874],[-96.632126,45.778277],[-96.632577,45.778004],[-96.632876,45.777908],[-96.633797,45.777946],[-96.634062,45.777916],[-96.634203,45.777699],[-96.63439,45.776739],[-96.634374,45.776408],[-96.633858,45.775964],[-96.633612,45.775659],[-96.633796,45.77514],[-96.634147,45.774562],[-96.634368,45.7745],[-96.634693,45.774527],[-96.635106,45.774508],[-96.635557,45.774358],[-96.636337,45.774023],[-96.637183,45.773342],[-96.638309,45.772611],[-96.638777,45.772366],[-96.639222,45.772096],[-96.639533,45.771592],[-96.639717,45.771152],[-96.639474,45.770806],[-96.638847,45.770209],[-96.638773,45.769968],[-96.638895,45.76968],[-96.63905,45.769523],[-96.639121,45.76907],[-96.63918,45.767112],[-96.640153,45.76392],[-96.642164,45.75964],[-96.646525,45.755436],[-96.647423,45.754339],[-96.649469,45.750765],[-96.652226,45.746809],[-96.657378,45.742601],[-96.662595,45.738682],[-96.670625,45.733523],[-96.672665,45.732336],[-96.687224,45.725931],[-96.701481,45.72125],[-96.707663,45.719007],[-96.711157,45.717561],[-96.726821,45.710347],[-96.738243,45.704663],[-96.745086,45.701576],[-96.75035,45.698782],[-96.755506,45.693135],[-96.757174,45.690957],[-96.759312,45.688744],[-96.762062,45.686882],[-96.776765,45.68005],[-96.789756,45.673177],[-96.791775,45.671724],[-96.795432,45.669991],[-96.800156,45.668355],[-96.804255,45.666329],[-96.813786,45.660914],[-96.82118,45.656922],[-96.825336,45.654999],[-96.827428,45.653067],[-96.829332,45.652345],[-96.832659,45.651716],[-96.838648,45.647509],[-96.840746,45.645294],[-96.842271,45.6431],[-96.844211,45.639583],[-96.845671,45.636149],[-96.848613,45.62827],[-96.850163,45.62496],[-96.850059,45.623594],[-96.851598,45.619755],[-96.851501,45.617951],[-96.852439,45.61511],[-96.856191,45.609864],[-96.856402,45.608465],[-96.856536,45.607817],[-96.856715,45.606512],[-96.856834,45.605378],[-96.85047,45.59966],[-96.846825,45.596552],[-96.8424,45.592585],[-96.8414,45.591448],[-96.835451,45.586129],[-96.811709,45.564408],[-96.804469,45.557804],[-96.804027,45.557391],[-96.801591,45.555251],[-96.799102,45.554225],[-96.79384,45.550724],[-96.784863,45.5413],[-96.781036,45.535972],[-96.776315,45.531588],[-96.772374,45.528941],[-96.770976,45.526426],[-96.768351,45.523934],[-96.763432,45.520007],[-96.760591,45.514895],[-96.752865,45.502163],[-96.751886,45.499961],[-96.750347,45.497375],[-96.748107,45.493363],[-96.746739,45.491106],[-96.745487,45.488712],[-96.744475,45.48618],[-96.743683,45.484439],[-96.743544,45.482891],[-96.74359,45.481746],[-96.743486,45.480649],[-96.742509,45.478723],[-96.741281,45.477022],[-96.740064,45.475619],[-96.738916,45.474402],[-96.738446,45.473499],[-96.738055,45.472064],[-96.737618,45.469403],[-96.736837,45.466775],[-96.735643,45.463945],[-96.734449,45.461599],[-96.732739,45.458737],[-96.731396,45.45702],[-96.728184,45.454795],[-96.726211,45.45328],[-96.72425,45.451482],[-96.722529,45.449499],[-96.720545,45.447508],[-96.713092,45.439478],[-96.710786,45.43693],[-96.708562,45.434221],[-96.70423,45.428674],[-96.702006,45.426247],[-96.699256,45.423489],[-96.697377,45.421506],[-96.695738,45.420014],[-96.692541,45.417338],[-96.690043,45.415491],[-96.68664,45.413266],[-96.683753,45.411556],[-96.680454,45.410499],[-96.675447,45.410216],[-96.670301,45.410545],[-96.667046,45.410068],[-96.663885,45.409197],[-96.662258,45.409011],[-96.657113,45.409315],[-96.653514,45.40983],[-96.65043,45.410298],[-96.648952,45.41031],[-96.647886,45.410123],[-96.646375,45.409498],[-96.644462,45.408892],[-96.643007,45.408948],[-96.640623,45.409228],[-96.637757,45.409767],[-96.635889,45.409943],[-96.63362,45.409813],[-96.631204,45.409239],[-96.627905,45.408729],[-96.625648,45.408542],[-96.621913,45.409096],[-96.619752,45.408884],[-96.617726,45.408092],[-96.616296,45.407606],[-96.609485,45.405431],[-96.60118,45.403181],[-96.596006,45.400947],[-96.591117,45.398558],[-96.584764,45.395705],[-96.581362,45.393465],[-96.578879,45.392295],[-96.574845,45.391001],[-96.568081,45.388849],[-96.562142,45.38609],[-96.552091,45.383172],[-96.545973,45.38105],[-96.539722,45.380338],[-96.530944,45.378495],[-96.521787,45.375645],[-96.516086,45.372666],[-96.510531,45.368498],[-96.506321,45.36732],[-96.502006,45.365473],[-96.492493,45.359223],[-96.489065,45.357071],[-96.48792,45.355296],[-96.485907,45.350634],[-96.484396,45.348269],[-96.482024,45.34555],[-96.480258,45.340739],[-96.478135,45.338507],[-96.476598,45.336351],[-96.474542,45.33232],[-96.469918,45.325827],[-96.468864,45.323626],[-96.468756,45.320564],[-96.468027,45.318619],[-96.465596,45.316376],[-96.463753,45.31542],[-96.46191,45.313884],[-96.457489,45.307307],[-96.45726,45.304722],[-96.456514,45.303326],[-96.454275,45.301747],[-96.454048,45.301631],[-96.453097,45.300751],[-96.453046,45.298375],[-96.452988,45.29457],[-96.452997,45.293553],[-96.453091,45.291639],[-96.453072,45.290436],[-96.45301,45.283424],[-96.452995,45.277438],[-96.452947,45.268925],[-96.44831,45.269107],[-96.430717,45.269351],[-96.430451,45.268654],[-96.427875,45.267541],[-96.427153,45.268425],[-96.425905,45.26846],[-96.423592,45.267113],[-96.422214,45.267914],[-96.419613,45.267207],[-96.418965,45.267714],[-96.41753,45.266516],[-96.418604,45.265269],[-96.41528,45.263025],[-96.416505,45.262479],[-96.414964,45.262198],[-96.413922,45.262619],[-96.414681,45.261257],[-96.413974,45.260761],[-96.412397,45.260991],[-96.410468,45.260139],[-96.409664,45.25799],[-96.408067,45.258364],[-96.406964,45.25652],[-96.405814,45.257452],[-96.403722,45.256486],[-96.401029,45.25676],[-96.400228,45.257533],[-96.398007,45.257184],[-96.397158,45.258026],[-96.39488,45.257667],[-96.393945,45.258243],[-96.391423,45.257924],[-96.387358,45.25844],[-96.386535,45.258872],[-96.385296,45.25774],[-96.383867,45.257645],[-96.383354,45.258456],[-96.381472,45.258471],[-96.380728,45.259746],[-96.377477,45.259775],[-96.377483,45.260784],[-96.37612,45.260897],[-96.375214,45.260281],[-96.37433,45.260748],[-96.37202,45.26035],[-96.370687,45.258919],[-96.369136,45.258975],[-96.368768,45.257651],[-96.368642,45.257589],[-96.367753,45.257149],[-96.365112,45.257224],[-96.363622,45.257736],[-96.361141,45.257225],[-96.357778,45.258295],[-96.356784,45.258021],[-96.355218,45.256445],[-96.352842,45.255689],[-96.349997,45.255365],[-96.34762,45.256739],[-96.346271,45.256942],[-96.343932,45.256111],[-96.342509,45.255889],[-96.339257,45.25606],[-96.337862,45.255962],[-96.334987,45.254713],[-96.333075,45.253275],[-96.328374,45.251918],[-96.328104,45.25057],[-96.326885,45.250158],[-96.324933,45.250722],[-96.322236,45.250771],[-96.322155,45.252299],[-96.320408,45.251391],[-96.320023,45.24945],[-96.319071,45.249315],[-96.318861,45.250658],[-96.317245,45.250735],[-96.317135,45.252115],[-96.31641,45.252374],[-96.314798,45.250617],[-96.313579,45.2508],[-96.312422,45.251808],[-96.311142,45.251075],[-96.313307,45.249908],[-96.313405,45.247447],[-96.311866,45.248025],[-96.309143,45.247094],[-96.30796,45.247403],[-96.307378,45.249999],[-96.304415,45.24915],[-96.301968,45.24994],[-96.299897,45.249409],[-96.298337,45.248982],[-96.293653,45.248411],[-96.292438,45.249327],[-96.290876,45.248865],[-96.28932,45.247333],[-96.287966,45.24776],[-96.286256,45.246828],[-96.28347,45.246972],[-96.283734,45.244927],[-96.285288,45.243505],[-96.284275,45.242671],[-96.285838,45.242493],[-96.287862,45.241516],[-96.287644,45.240349],[-96.288834,45.238733],[-96.288206,45.23721],[-96.286818,45.236894],[-96.284595,45.236694],[-96.282345,45.236914],[-96.280344,45.236101],[-96.280316,45.23554],[-96.282461,45.234617],[-96.282111,45.23375],[-96.280515,45.232892],[-96.281068,45.230849],[-96.279401,45.229714],[-96.277847,45.226361],[-96.275356,45.226614],[-96.276767,45.224347],[-96.276619,45.223647],[-96.274612,45.223745],[-96.275106,45.22286],[-96.27264,45.222952],[-96.272032,45.223739],[-96.269552,45.223115],[-96.268993,45.222121],[-96.267682,45.221725],[-96.265546,45.222398],[-96.262914,45.221394],[-96.263264,45.222419],[-96.262102,45.223283],[-96.259667,45.222581],[-96.259054,45.223645],[-96.258197,45.223536],[-96.256705,45.221171],[-96.254805,45.221412],[-96.251861,45.219804],[-96.252616,45.218866],[-96.251873,45.218342],[-96.250676,45.219029],[-96.248014,45.219095],[-96.246579,45.218408],[-96.244751,45.218824],[-96.242796,45.217778],[-96.24094,45.21808],[-96.239626,45.219779],[-96.23754,45.21979],[-96.232974,45.21816],[-96.230328,45.218128],[-96.226171,45.219492],[-96.224445,45.220724],[-96.219981,45.219502],[-96.217996,45.218384],[-96.217248,45.21743],[-96.216319,45.216776],[-96.213313,45.214769],[-96.211944,45.213962],[-96.211105,45.213236],[-96.210372,45.211974],[-96.210001,45.210472],[-96.209628,45.20982],[-96.209029,45.209272],[-96.208203,45.208732],[-96.206501,45.208001],[-96.206553,45.207772],[-96.20736,45.207138],[-96.205828,45.206413],[-96.204855,45.205744],[-96.204098,45.205454],[-96.203163,45.205415],[-96.20234,45.205977],[-96.201537,45.205975],[-96.198473,45.203653],[-96.197736,45.203394],[-96.197249,45.203353],[-96.195823,45.203484],[-96.195126,45.203388],[-96.194346,45.203103],[-96.193428,45.202491],[-96.192618,45.201158],[-96.192239,45.20087],[-96.190241,45.200312],[-96.189467,45.19988],[-96.188675,45.19925],[-96.187793,45.1988],[-96.187109,45.19871],[-96.186272,45.198928],[-96.185646,45.198687],[-96.185432,45.198125],[-96.185148,45.197896],[-96.183449,45.197659],[-96.18089,45.196774],[-96.179654,45.196522],[-96.178598,45.195703],[-96.17642,45.195066],[-96.175448,45.194916],[-96.174402,45.194514],[-96.173421,45.193741],[-96.173033,45.192862],[-96.172398,45.192739],[-96.171794,45.192783],[-96.169292,45.192503],[-96.168644,45.192544],[-96.167701,45.192843],[-96.165972,45.192426],[-96.164903,45.19262],[-96.163779,45.193532],[-96.163268,45.193541],[-96.162789,45.192848],[-96.162197,45.192461],[-96.161502,45.191664],[-96.16107,45.191455],[-96.16049,45.191423],[-96.159911,45.191633],[-96.156533,45.191394],[-96.152789,45.191023],[-96.149623,45.190682],[-96.146392,45.191136],[-96.144339,45.192474],[-96.141157,45.193286],[-96.138165,45.193286],[-96.132102,45.191918],[-96.123841,45.188843],[-96.114794,45.186088],[-96.107596,45.18319],[-96.1061,45.181414],[-96.105742,45.180853],[-96.105654,45.178926],[-96.105315,45.17766],[-96.104731,45.177026],[-96.103829,45.176742],[-96.103614,45.176675],[-96.097279,45.174507],[-96.09418,45.171176],[-96.0929,45.169148],[-96.090015,45.167915],[-96.088971,45.16727],[-96.087714,45.167244],[-96.086441,45.167598],[-96.086068,45.167611],[-96.085557,45.167283],[-96.085471,45.166365],[-96.085308,45.166064],[-96.084646,45.165762],[-96.0819,45.165769],[-96.080602,45.165363],[-96.079795,45.165331],[-96.078385,45.165892],[-96.077199,45.165977],[-96.075686,45.165935],[-96.075111,45.1658],[-96.074699,45.165537],[-96.074388,45.164485],[-96.074067,45.164124],[-96.073314,45.163825],[-96.071593,45.163405],[-96.069479,45.1632],[-96.068449,45.163041],[-96.068118,45.162728],[-96.068013,45.162269],[-96.067647,45.161915],[-96.067054,45.161692],[-96.065907,45.161696],[-96.064543,45.161382],[-96.063933,45.161023],[-96.063612,45.160274],[-96.061825,45.159559],[-96.060038,45.158985],[-96.058628,45.158748],[-96.05798,45.158831],[-96.056892,45.158573],[-96.056808,45.158553],[-96.056716,45.158392],[-96.056841,45.158239],[-96.056918,45.158218],[-96.057169,45.158149],[-96.057499,45.158101],[-96.057521,45.158099],[-96.057585,45.158064],[-96.057786,45.157411],[-96.057654,45.157216],[-96.057398,45.157039],[-96.057377,45.157025],[-96.057143,45.156963],[-96.056908,45.156877],[-96.05482,45.156288],[-96.053511,45.156453],[-96.052791,45.157672],[-96.050477,45.158016],[-96.048217,45.15843],[-96.043162,45.156762],[-96.04184,45.156074],[-96.038506,45.153272],[-96.036902,45.152915],[-96.036698,45.152206],[-96.036851,45.150143],[-96.032863,45.146296],[-96.03023,45.144773],[-96.028356,45.14274],[-96.028474,45.141684],[-96.027145,45.139609],[-96.025825,45.139162],[-96.025718,45.136471],[-96.024229,45.136314],[-96.022894,45.137358],[-96.022548,45.13628],[-96.021064,45.135074],[-96.020175,45.132434],[-96.018772,45.131391],[-96.017362,45.131032],[-96.014873,45.128703],[-96.013834,45.125604],[-96.012472,45.123726],[-96.011234,45.123385],[-96.008423,45.123772],[-96.007014,45.123592],[-96.003403,45.122313],[-96.002916,45.121748],[-96.003764,45.12023],[-96.002867,45.11973],[-96.000318,45.119603],[-95.999161,45.117187],[-95.999362,45.116134],[-96.000318,45.116242],[-96.001912,45.116882],[-96.002624,45.116007],[-96.000885,45.113988],[-96.001125,45.112945],[-96.000317,45.112204],[-95.998922,45.111563],[-95.995448,45.1115],[-95.992883,45.110801],[-95.980339,45.097574],[-95.962905,45.085697],[-95.961705,45.084336],[-95.93062,45.06211],[-95.894781,45.036487],[-95.890067,45.035069],[-95.887829,45.034756],[-95.885346,45.033072],[-95.882795,45.033538],[-95.881827,45.032619],[-95.884062,45.0309],[-95.883719,45.029939],[-95.884391,45.028972],[-95.883206,45.027723],[-95.880387,45.02841],[-95.879097,45.026884],[-95.877535,45.026145],[-95.878453,45.025482],[-95.880374,45.025994],[-95.881053,45.025347],[-95.880231,45.02367],[-95.877827,45.022974],[-95.876283,45.022932],[-95.874368,45.022015],[-95.874804,45.024167],[-95.873694,45.02459],[-95.872008,45.023005],[-95.87095,45.023485],[-95.871303,45.0251],[-95.869409,45.023918],[-95.868949,45.021942],[-95.868265,45.020134],[-95.868163,45.019453],[-95.867394,45.018261],[-95.866497,45.017576],[-95.866069,45.017131],[-95.866129,45.016664],[-95.867,45.015702],[-95.867163,45.015145],[-95.867129,45.014623],[-95.866902,45.014058],[-95.866192,45.012856],[-95.865313,45.012361],[-95.863597,45.012527],[-95.863194,45.012414],[-95.862407,45.011326],[-95.861275,45.009761],[-95.860125,45.008881],[-95.860072,45.008305],[-95.860295,45.008094],[-95.860826,45.00789],[-95.860975,45.007727],[-95.860901,45.00757],[-95.86071,45.0074],[-95.860504,45.007264],[-95.860275,45.007158],[-95.85998,45.007054],[-95.859517,45.006901],[-95.858812,45.006724],[-95.858634,45.006672],[-95.858247,45.006559],[-95.85711,45.006229],[-95.855955,45.005505],[-95.85498,45.005054],[-95.852374,45.004466],[-95.851606,45.00407],[-95.850511,45.003632],[-95.849573,45.003549],[-95.848751,45.003269],[-95.848118,45.002879],[-95.847967,45.002501],[-95.846912,45.002201],[-95.845386,45.002175],[-95.844782,45.001519],[-95.844486,45.000733],[-95.843263,44.999958],[-95.843268,44.999819],[-95.84244,44.999417],[-95.841693,44.99918],[-95.840445,44.999068],[-95.839844,44.999117],[-95.838895,44.99871],[-95.839138,44.997256],[-95.838635,44.996568],[-95.837368,44.996097],[-95.837089,44.996151],[-95.836671,44.99602],[-95.836383,44.996286],[-95.835411,44.996995],[-95.835182,44.997871],[-95.834836,44.998235],[-95.833722,44.998214],[-95.833278,44.998008],[-95.833421,44.997508],[-95.834157,44.996805],[-95.83585,44.995663],[-95.836097,44.995353],[-95.836102,44.994932],[-95.835832,44.99455],[-95.834703,44.994023],[-95.834532,44.993835],[-95.833883,44.993744],[-95.833482,44.993804],[-95.833201,44.994101],[-95.832786,44.994901],[-95.831706,44.995105],[-95.830936,44.99514],[-95.830419,44.994983],[-95.830469,44.99455],[-95.830915,44.994085],[-95.831707,44.993702],[-95.832533,44.993439],[-95.833523,44.993324],[-95.833921,44.993173],[-95.834071,44.99293],[-95.833146,44.991696],[-95.83089,44.990634],[-95.829998,44.990896],[-95.829644,44.992061],[-95.828564,44.992617],[-95.825906,44.992238],[-95.825896,44.990468],[-95.828826,44.989991],[-95.829487,44.990009],[-95.830193,44.990003],[-95.830844,44.989967],[-95.83107,44.989787],[-95.830864,44.988998],[-95.830542,44.988861],[-95.829574,44.989103],[-95.828417,44.989238],[-95.827968,44.989026],[-95.826977,44.988889],[-95.826015,44.988464],[-95.825426,44.988009],[-95.824614,44.986884],[-95.82423,44.985501],[-95.824008,44.983842],[-95.823835,44.983314],[-95.823101,44.982135],[-95.823161,44.981715],[-95.824074,44.981578],[-95.824898,44.981754],[-95.825259,44.98168],[-95.825202,44.981138],[-95.82488,44.980815],[-95.824096,44.979724],[-95.822971,44.979023],[-95.822838,44.978724],[-95.823627,44.978469],[-95.824279,44.978345],[-95.824325,44.977945],[-95.823725,44.976977],[-95.823048,44.975427],[-95.823012,44.97471],[-95.823567,44.973726],[-95.823721,44.973136],[-95.823397,44.972059],[-95.823036,44.971452],[-95.822499,44.970833],[-95.822433,44.970393],[-95.822826,44.970008],[-95.823556,44.969987],[-95.82402,44.969522],[-95.823883,44.968915],[-95.82333,44.968354],[-95.822869,44.968244],[-95.822122,44.968363],[-95.821149,44.968821],[-95.820696,44.968853],[-95.820286,44.96861],[-95.820348,44.968145],[-95.820907,44.967639],[-95.821558,44.967321],[-95.822457,44.967062],[-95.822709,44.966873],[-95.822786,44.966423],[-95.822523,44.965982],[-95.821601,44.965293],[-95.821828,44.964963],[-95.82257,44.965099],[-95.82315,44.965022],[-95.823143,44.96469],[-95.821863,44.962663],[-95.820978,44.961716],[-95.81987,44.961059],[-95.819079,44.960838],[-95.81841,44.960799],[-95.817218,44.96093],[-95.816067,44.961409],[-95.81552,44.961271],[-95.814119,44.961114],[-95.813466,44.96112],[-95.812436,44.961286],[-95.811391,44.961618],[-95.811023,44.961456],[-95.810908,44.960688],[-95.810818,44.959873],[-95.80941,44.958278],[-95.808615,44.957668],[-95.808209,44.957159],[-95.807846,44.955965],[-95.807137,44.955084],[-95.806917,44.954636],[-95.807269,44.954456],[-95.809938,44.954493],[-95.810508,44.954427],[-95.810856,44.954115],[-95.810386,44.953208],[-95.809356,44.952416],[-95.808242,44.952255],[-95.806388,44.952305],[-95.805458,44.952171],[-95.804693,44.951784],[-95.804299,44.951039],[-95.804216,44.950381],[-95.804422,44.949368],[-95.804281,44.949197],[-95.803514,44.948925],[-95.80182,44.948541],[-95.800924,44.948394],[-95.797774,44.947587],[-95.796371,44.947282],[-95.794562,44.947102],[-95.793179,44.947102],[-95.792703,44.946938],[-95.791535,44.946338],[-95.7909,44.946267],[-95.790474,44.946497],[-95.790656,44.947293],[-95.791545,44.948124],[-95.791683,44.94847],[-95.791533,44.948938],[-95.790907,44.949293],[-95.790133,44.949374],[-95.789174,44.94907],[-95.788304,44.948327],[-95.787806,44.947132],[-95.787278,44.947054],[-95.787022,44.947636],[-95.787057,44.948664],[-95.786444,44.948891],[-95.784724,44.947826],[-95.783343,44.947368],[-95.781771,44.946601],[-95.779787,44.946065],[-95.778763,44.945245],[-95.778365,44.944686],[-95.777691,44.943493],[-95.776992,44.942495],[-95.776161,44.942166],[-95.772941,44.94211],[-95.772127,44.942359],[-95.771249,44.942783],[-95.770171,44.943545],[-95.769903,44.943885],[-95.769849,44.944333],[-95.769957,44.945504],[-95.769975,44.946568],[-95.769841,44.947443],[-95.769487,44.947952],[-95.768992,44.948032],[-95.768399,44.947929],[-95.767329,44.947441],[-95.766026,44.946934],[-95.765331,44.946535],[-95.764185,44.945623],[-95.761591,44.944296],[-95.76106,44.943718],[-95.760723,44.942793],[-95.761009,44.942745],[-95.765476,44.942932],[-95.766016,44.941991],[-95.760536,44.941907],[-95.759456,44.941726],[-95.758236,44.941723],[-95.757077,44.941605],[-95.756244,44.941609],[-95.75552,44.941769],[-95.755103,44.942408],[-95.755195,44.943036],[-95.755652,44.943601],[-95.756892,44.944638],[-95.75794,44.945891],[-95.758225,44.946628],[-95.757977,44.946893],[-95.75737,44.946876],[-95.755777,44.946448],[-95.754327,44.945835],[-95.752331,44.944665],[-95.751058,44.943978],[-95.749533,44.942392],[-95.749146,44.941828],[-95.749656,44.940772],[-95.749254,44.940641],[-95.748389,44.940989],[-95.747538,44.941084],[-95.746752,44.941428],[-95.746504,44.941941],[-95.746501,44.942964],[-95.746733,44.944053],[-95.746734,44.944758],[-95.746226,44.945004],[-95.745553,44.945054],[-95.745012,44.944947],[-95.743846,44.944467],[-95.743126,44.943846],[-95.742668,44.943181],[-95.741841,44.941542],[-95.741202,44.940141],[-95.741335,44.939462],[-95.74176,44.939274],[-95.742503,44.939238],[-95.74392,44.939542],[-95.744833,44.939424],[-95.744911,44.938822],[-95.744592,44.938548],[-95.742558,44.937913],[-95.739243,44.937156],[-95.736696,44.93604],[-95.733468,44.934749],[-95.733336,44.934246],[-95.73355,44.933733],[-95.733415,44.932989],[-95.73318,44.932718],[-95.73024,44.931709],[-95.72721,44.929457],[-95.726877,44.928855],[-95.726264,44.927398],[-95.725797,44.926997],[-95.725109,44.926644],[-95.724281,44.926055],[-95.722727,44.924419],[-95.720858,44.922711],[-95.71936,44.921524],[-95.719187,44.921303],[-95.719405,44.920975],[-95.72007,44.920768],[-95.72084,44.92068],[-95.721276,44.920278],[-95.72128,44.919892],[-95.720933,44.918617],[-95.720929,44.917438],[-95.720831,44.9158],[-95.720123,44.914203],[-95.719051,44.912502],[-95.718802,44.911902],[-95.718768,44.911372],[-95.719154,44.910914],[-95.720187,44.910515],[-95.720783,44.910443],[-95.722514,44.910423],[-95.723475,44.910105],[-95.723686,44.909836],[-95.72349,44.909265],[-95.722262,44.908135],[-95.72102,44.907159],[-95.719783,44.906541],[-95.71824,44.905895],[-95.71708,44.905886],[-95.715233,44.905555],[-95.71389,44.905477],[-95.711899,44.90549],[-95.711355,44.905225],[-95.710571,44.904477],[-95.710192,44.903981],[-95.709568,44.903575],[-95.708433,44.90349],[-95.707256,44.90364],[-95.704792,44.903843],[-95.701806,44.903702],[-95.698669,44.903768],[-95.697487,44.903976],[-95.69621,44.904103],[-95.695149,44.903897],[-95.694397,44.903578],[-95.690587,44.902229],[-95.688948,44.901974],[-95.688014,44.902078],[-95.68729,44.90229],[-95.685237,44.903469],[-95.680164,44.907273],[-95.680283,44.907398],[-95.680509,44.907622],[-95.68098,44.908133],[-95.681949,44.908481],[-95.6838,44.90845],[-95.68436,44.909041],[-95.684052,44.909497],[-95.683119,44.909781],[-95.681813,44.909709],[-95.679065,44.908595],[-95.67832,44.908145],[-95.677605,44.907534],[-95.676794,44.906694],[-95.675504,44.905754],[-95.675045,44.90552],[-95.674288,44.905339],[-95.672914,44.904739],[-95.672179,44.904195],[-95.671698,44.903468],[-95.671176,44.902144],[-95.671037,44.901359],[-95.671157,44.900448],[-95.671672,44.89937],[-95.672516,44.898791],[-95.673867,44.898331],[-95.674198,44.898072],[-95.674324,44.897656],[-95.67417,44.897246],[-95.673687,44.896917],[-95.672819,44.896596],[-95.671581,44.896374],[-95.669325,44.895761],[-95.66777,44.895146],[-95.665912,44.894803],[-95.664805,44.89448],[-95.664306,44.894168],[-95.663531,44.893135],[-95.662564,44.892234],[-95.661146,44.891354],[-95.659922,44.890287],[-95.658527,44.889517],[-95.656979,44.88902],[-95.655587,44.889071],[-95.653732,44.890189],[-95.652267,44.890986],[-95.651718,44.891189],[-95.651068,44.891251],[-95.650457,44.891139],[-95.649691,44.890678],[-95.648973,44.889907],[-95.648239,44.888531],[-95.648216,44.888037],[-95.648468,44.887217],[-95.649111,44.886632],[-95.649814,44.886288],[-95.651049,44.886212],[-95.653433,44.886363],[-95.654318,44.886144],[-95.654744,44.885595],[-95.654365,44.88476],[-95.652011,44.882882],[-95.650794,44.882094],[-95.649256,44.880885],[-95.647618,44.87989],[-95.646795,44.879221],[-95.644693,44.877066],[-95.643504,44.876107],[-95.641859,44.874547],[-95.641257,44.874193],[-95.639875,44.873628],[-95.638661,44.873395],[-95.637269,44.873287],[-95.636379,44.873406],[-95.635593,44.873868],[-95.63466,44.874977],[-95.634546,44.875453],[-95.634417,44.877243],[-95.634116,44.877817],[-95.633701,44.878056],[-95.633246,44.878062],[-95.632648,44.877642],[-95.631088,44.875951],[-95.630589,44.87529],[-95.630502,44.874048],[-95.63038,44.873618],[-95.629702,44.872462],[-95.629209,44.871886],[-95.62834,44.871086],[-95.627205,44.869386],[-95.626784,44.868881],[-95.624998,44.86839],[-95.623959,44.867894],[-95.622962,44.867708],[-95.620936,44.867489],[-95.619848,44.866671],[-95.618553,44.865023],[-95.617601,44.864275],[-95.616308,44.863037],[-95.614643,44.859634],[-95.614936,44.857524],[-95.615818,44.855936],[-95.616509,44.854365],[-95.616359,44.852322],[-95.615774,44.851153],[-95.615296,44.850728],[-95.613516,44.850024],[-95.612107,44.849253],[-95.610782,44.849087],[-95.608976,44.849238],[-95.607794,44.849432],[-95.605281,44.849926],[-95.604699,44.850133],[-95.601031,44.850967],[-95.598227,44.8502],[-95.596878,44.849418],[-95.596614,44.847872],[-95.598113,44.84632],[-95.600682,44.844476],[-95.600476,44.843181],[-95.587973,44.840994],[-95.583227,44.840505],[-95.579226,44.83909],[-95.576881,44.838896],[-95.574782,44.840148],[-95.573553,44.840324],[-95.569348,44.83747],[-95.567895,44.835394],[-95.566141,44.834152],[-95.565841,44.833394],[-95.567305,44.831242],[-95.566756,44.828685],[-95.565914,44.827815],[-95.564119,44.826238],[-95.560203,44.823183],[-95.559542,44.822985],[-95.55735,44.822443],[-95.553787,44.822352],[-95.552297,44.821971],[-95.546147,44.819555],[-95.544316,44.819386],[-95.536509,44.815126],[-95.535445,44.814064],[-95.535371,44.812327],[-95.535689,44.811478],[-95.540386,44.806835],[-95.54404,44.805437],[-95.545098,44.803528],[-95.53957,44.802485],[-95.533964,44.802592],[-95.529609,44.802387],[-95.528401,44.802325],[-95.523691,44.802137],[-95.519483,44.801835],[-95.515751,44.799404],[-95.51228,44.79761],[-95.51012,44.796052],[-95.507603,44.795143],[-95.503983,44.794421],[-95.501224,44.791724],[-95.500295,44.791427],[-95.497566,44.788828],[-95.498456,44.786867],[-95.501329,44.786031],[-95.506261,44.785312],[-95.507791,44.784501],[-95.509024,44.784028],[-95.513005,44.783383],[-95.514252,44.783355],[-95.514578,44.78349],[-95.516005,44.783502],[-95.519573,44.783599],[-95.521211,44.783733],[-95.523746,44.783521],[-95.524857,44.783287],[-95.525482,44.783059],[-95.525871,44.782697],[-95.526066,44.782205],[-95.525837,44.781836],[-95.525601,44.780999],[-95.525142,44.778882],[-95.524553,44.777956],[-95.523785,44.777385],[-95.522494,44.776585],[-95.522381,44.775838],[-95.522985,44.775184],[-95.525547,44.774629],[-95.526584,44.77446],[-95.527484,44.774503],[-95.529372,44.774848],[-95.530105,44.774788],[-95.5306,44.774538],[-95.530767,44.77403],[-95.530775,44.773136],[-95.530161,44.771784],[-95.529166,44.770802],[-95.528772,44.770633],[-95.5275,44.769989],[-95.525413,44.769521],[-95.523424,44.76956],[-95.522079,44.769989],[-95.518491,44.771646],[-95.517239,44.771952],[-95.516255,44.771737],[-95.515624,44.771353],[-95.515137,44.770866],[-95.515039,44.770369],[-95.515127,44.769725],[-95.515888,44.767867],[-95.515622,44.766617],[-95.513919,44.765789],[-95.511631,44.765315],[-95.509667,44.765435],[-95.50878,44.765611],[-95.508468,44.765894],[-95.508068,44.766644],[-95.508146,44.76759],[-95.509101,44.769705],[-95.509013,44.770244],[-95.508341,44.77106],[-95.50684,44.772416],[-95.50574,44.772915],[-95.504908,44.772939],[-95.504191,44.772631],[-95.503406,44.772113],[-95.501501,44.771413],[-95.499639,44.770643],[-95.495318,44.769794],[-95.494898,44.769566],[-95.49438,44.769023],[-95.493888,44.7681],[-95.493445,44.767515],[-95.492093,44.765986],[-95.491144,44.76512],[-95.489654,44.764191],[-95.489429,44.763551],[-95.489571,44.763197],[-95.490525,44.762728],[-95.491476,44.76213],[-95.491846,44.760902],[-95.491892,44.758529],[-95.491827,44.757664],[-95.491593,44.756163],[-95.491169,44.754541],[-95.491232,44.753686],[-95.491436,44.752771],[-95.491354,44.752361],[-95.490989,44.751954],[-95.490001,44.751408],[-95.488446,44.750809],[-95.487368,44.750672],[-95.486863,44.750743],[-95.482843,44.752505],[-95.482883,44.753313],[-95.482964,44.763578],[-95.482956,44.765337],[-95.483157,44.766936],[-95.483053,44.774481],[-95.483059,44.778074],[-95.483103,44.788964],[-95.483163,44.796081],[-95.483175,44.796318],[-95.483175,44.799874],[-95.483189,44.800558],[-95.483181,44.803469],[-95.483181,44.80357],[-95.483205,44.803675],[-95.483186,44.806724],[-95.483479,44.813403],[-95.483488,44.818057],[-95.483524,44.825331],[-95.483566,44.832552],[-95.483553,44.839836],[-95.483547,44.847116],[-95.483608,44.854496],[-95.483611,44.854685],[-95.483313,44.86165],[-95.483068,44.86518],[-95.483069,44.869492],[-95.483035,44.876138],[-95.48303,44.879781],[-95.482974,44.889121],[-95.482889,44.890712],[-95.482503,44.890713],[-95.474263,44.890746],[-95.463398,44.890783],[-95.443283,44.890888],[-95.432223,44.890919],[-95.422662,44.890957],[-95.40531,44.891012],[-95.402487,44.891015],[-95.393897,44.891041],[-95.391225,44.891054],[-95.381906,44.891081],[-95.370584,44.891112],[-95.361111,44.891154],[-95.347977,44.891221],[-95.343693,44.891249],[-95.321593,44.891227],[-95.307207,44.891278],[-95.304454,44.891249],[-95.289498,44.891323],[-95.280923,44.891343],[-95.26035,44.891335],[-95.24852,44.89131],[-95.248547,44.899894],[-95.248565,44.905792],[-95.248582,44.914357],[-95.248589,44.917674],[-95.248604,44.920282],[-95.248712,44.934666],[-95.248576,44.949156],[-95.248396,44.963707],[-95.248352,44.978292],[-95.228112,44.978292],[-95.217427,44.978305],[-95.214747,44.978307],[-95.207603,44.978316],[-95.197045,44.978384],[-95.186496,44.978468],[-95.176267,44.978523],[-95.166116,44.978582],[-95.145667,44.978487],[-95.131535,44.97852],[-95.125151,44.978548],[-95.104987,44.978745],[-95.084575,44.97897],[-95.064152,44.979105],[-95.043702,44.979273],[-95.023152,44.979528],[-95.00265,44.979738],[-94.982224,44.979643],[-94.975339,44.979719],[-94.974553,44.979699],[-94.972195,44.979639],[-94.97141,44.97962],[-94.961814,44.979585],[-94.945818,44.979336],[-94.941244,44.97943],[-94.922804,44.979617],[-94.905575,44.979563],[-94.895301,44.979349],[-94.894016,44.979551],[-94.879818,44.979513],[-94.859729,44.979635],[-94.856584,44.979557],[-94.830123,44.979519],[-94.818741,44.979504],[-94.798375,44.979407],[-94.777989,44.979346],[-94.777572,44.979284],[-94.765855,44.979334],[-94.757613,44.979377],[-94.757751,44.964812],[-94.757919,44.935719],[-94.757996,44.923885],[-94.758054,44.921182],[-94.75806,44.906629],[-94.758081,44.892097],[-94.752824,44.892086],[-94.737598,44.892071],[-94.732192,44.892057],[-94.727225,44.892047],[-94.711776,44.892017],[-94.700044,44.892007],[-94.691926,44.891997],[-94.691683,44.891997],[-94.67625,44.891977],[-94.67125,44.891965],[-94.655788,44.891916],[-94.650848,44.891899],[-94.635351,44.891856],[-94.630219,44.891861],[-94.625601,44.891867],[-94.610789,44.891899],[-94.605007,44.891917],[-94.588278,44.891951],[-94.584505,44.892177],[-94.580141,44.892011],[-94.56407,44.892024],[-94.559478,44.89204],[-94.54351,44.892076],[-94.53901,44.892091],[-94.522791,44.89217],[-94.518356,44.892203],[-94.512722,44.892236],[-94.502395,44.892295],[-94.49773,44.892334],[-94.49801,44.877923],[-94.498027,44.863336],[-94.498037,44.857678],[-94.498019,44.848775],[-94.497932,44.834254],[-94.497813,44.819654],[-94.497807,44.818222],[-94.497771,44.811975],[-94.497762,44.804995],[-94.478035,44.804984],[-94.469046,44.805019],[-94.462746,44.804901],[-94.445372,44.804985],[-94.441267,44.805001],[-94.436942,44.805017],[-94.431848,44.805044],[-94.426982,44.80518],[-94.418552,44.805158],[-94.41646,44.805129],[-94.396031,44.80502],[-94.391522,44.804991],[-94.390344,44.804992],[-94.388317,44.804972],[-94.375692,44.804866],[-94.359262,44.804924],[-94.356406,44.804925],[-94.350635,44.804934],[-94.336037,44.804983],[-94.331472,44.804978],[-94.316031,44.804963],[-94.305114,44.80495],[-94.300296,44.804968],[-94.295194,44.80499],[-94.274681,44.80517],[-94.25456,44.805325],[-94.254086,44.805314],[-94.254169,44.804446],[-94.254119,44.797854],[-94.254034,44.796918],[-94.254073,44.775936],[-94.254099,44.761069],[-94.254138,44.76035],[-94.254016,44.741872],[-94.254019,44.739704],[-94.253975,44.726734],[-94.254096,44.725055],[-94.254004,44.722001],[-94.254076,44.717855],[-94.248023,44.717815],[-94.236817,44.717923],[-94.231762,44.717827],[-94.218407,44.717906],[-94.201577,44.717843],[-94.193109,44.717802],[-94.18733,44.717698],[-94.172965,44.717653],[-94.152642,44.717583],[-94.132425,44.717554],[-94.13198,44.717378],[-94.11255,44.717359],[-94.092162,44.717376],[-94.071731,44.717393],[-94.051426,44.717365],[-94.030917,44.717431],[-94.010494,44.717464],[-93.990628,44.717409],[-93.980459,44.717391],[-93.978609,44.717386],[-93.97823,44.717384],[-93.97027,44.717368],[-93.960759,44.717318],[-93.954644,44.717288],[-93.94984,44.71727],[-93.92946,44.717247],[-93.909054,44.717171],[-93.904855,44.717147],[-93.888636,44.717044],[-93.888706,44.7059],[-93.888712,44.702477],[-93.888716,44.697194],[-93.888715,44.687963],[-93.88878,44.680421],[-93.88881,44.67702],[-93.888831,44.673409],[-93.879653,44.67347],[-93.871342,44.673469],[-93.86993,44.673474],[-93.860229,44.673596],[-93.84961,44.673704],[-93.829219,44.673375],[-93.822274,44.673356],[-93.819001,44.673412],[-93.810071,44.673512],[-93.798742,44.673536],[-93.788562,44.673526],[-93.768176,44.67352],[-93.768154,44.661614],[-93.768144,44.659054],[-93.768233,44.649338],[-93.76804,44.644922],[-93.768039,44.642824],[-93.768039,44.640303],[-93.767063,44.640168],[-93.766609,44.640109],[-93.763568,44.639101],[-93.762332,44.637788],[-93.761468,44.63514],[-93.758326,44.634584],[-93.755735,44.634907],[-93.755366,44.637483],[-93.756541,44.638589],[-93.759013,44.639962],[-93.760005,44.64116],[-93.759955,44.643411],[-93.759232,44.644006],[-93.757146,44.644138],[-93.755305,44.643549],[-93.747339,44.645263],[-93.746698,44.645517],[-93.738596,44.645883],[-93.737115,44.646638],[-93.730218,44.653085],[-93.728983,44.656137],[-93.727934,44.656364],[-93.725461,44.655546],[-93.722067,44.654741],[-93.720804,44.654885],[-93.715401,44.657365],[-93.715282,44.658688],[-93.719238,44.660685],[-93.72127,44.662882],[-93.720913,44.663952],[-93.71913,44.665217],[-93.715111,44.666924],[-93.710861,44.66821],[-93.70673,44.668607],[-93.701592,44.668595],[-93.698273,44.669446],[-93.695389,44.67208],[-93.688791,44.677657],[-93.684272,44.682788],[-93.679896,44.685815],[-93.67894,44.68689],[-93.678356,44.68747],[-93.678081,44.688001],[-93.677605,44.690344],[-93.677636,44.691162],[-93.675849,44.692223],[-93.674949,44.69265],[-93.673377,44.692955],[-93.672004,44.69336],[-93.6706,44.693978],[-93.669441,44.694588],[-93.667961,44.695259],[-93.665534,44.695915],[-93.663856,44.696175],[-93.662162,44.696373],[-93.660774,44.696098],[-93.659904,44.695542],[-93.659172,44.694725],[-93.658256,44.693413],[-93.657859,44.692162],[-93.657339,44.690994],[-93.655835,44.689962],[-93.653372,44.690476],[-93.652838,44.69072],[-93.652121,44.691261],[-93.651541,44.691918],[-93.650656,44.694603],[-93.650198,44.695015],[-93.64913,44.695046],[-93.647971,44.694786],[-93.646948,44.694321],[-93.644724,44.692984],[-93.643764,44.692678],[-93.642267,44.692796],[-93.639433,44.693292],[-93.638426,44.694189],[-93.636807,44.6968],[-93.635936,44.697429],[-93.63275,44.697631],[-93.630994,44.69739],[-93.630096,44.69829],[-93.630279,44.700267],[-93.62962,44.701311],[-93.626913,44.702398],[-93.623128,44.705216],[-93.619176,44.706513],[-93.618141,44.707096],[-93.618708,44.708524],[-93.62264,44.711427],[-93.625234,44.714062],[-93.626517,44.716042],[-93.626735,44.718462],[-93.624654,44.723862],[-93.626151,44.724355],[-93.629162,44.723354],[-93.632132,44.723534],[-93.632824,44.724434],[-93.632403,44.726594],[-93.631218,44.728209],[-93.628943,44.730209],[-93.628455,44.731255],[-93.628909,44.732773],[-93.629263,44.733788],[-93.630499,44.735222],[-93.631369,44.736847],[-93.631328,44.737132],[-93.631542,44.738055],[-93.631048,44.738751],[-93.630334,44.73952],[-93.627921,44.741638],[-93.625235,44.743662],[-93.62403,44.744766],[-93.622535,44.746862],[-93.622432,44.747181],[-93.621535,44.749962],[-93.621679,44.752133],[-93.62194,44.75282],[-93.621518,44.753411],[-93.620974,44.753603],[-93.620147,44.753548],[-93.618952,44.753154],[-93.618153,44.752623],[-93.616671,44.751518],[-93.616337,44.75119],[-93.615541,44.749969],[-93.615084,44.749473],[-93.614321,44.748865],[-93.613256,44.749062],[-93.611834,44.749962],[-93.609834,44.752062],[-93.60862,44.754203],[-93.608748,44.75466],[-93.609767,44.755689],[-93.612834,44.757362],[-93.614789,44.75796],[-93.617097,44.758871],[-93.620077,44.759577],[-93.621967,44.760281],[-93.622214,44.761008],[-93.621735,44.762862],[-93.61573,44.766478],[-93.613734,44.767062],[-93.607034,44.767562],[-93.601034,44.769362],[-93.595634,44.773762],[-93.594234,44.776215],[-93.594486,44.777043],[-93.594908,44.777557],[-93.595493,44.77804],[-93.599045,44.780274],[-93.599613,44.780713],[-93.599814,44.781464],[-93.599813,44.782347],[-93.599143,44.782715],[-93.597894,44.782942],[-93.596134,44.783262],[-93.589934,44.783662],[-93.588234,44.783462],[-93.585234,44.782262],[-93.582633,44.781864],[-93.581721,44.782503],[-93.58125,44.790819],[-93.580499,44.793034],[-93.577809,44.794747],[-93.573733,44.795762],[-93.566079,44.796424],[-93.563337,44.796942],[-93.557037,44.799268],[-93.554749,44.799671],[-93.553119,44.79903],[-93.551183,44.797369],[-93.547988,44.795607],[-93.546478,44.795781],[-93.543569,44.796963],[-93.541132,44.798562],[-93.540713,44.799458],[-93.540458,44.804766],[-93.530907,44.80489],[-93.52045,44.805024],[-93.520356,44.80313],[-93.520333,44.802332],[-93.520325,44.801974],[-93.519002,44.802502],[-93.518711,44.802624],[-93.517324,44.803207],[-93.516495,44.803514],[-93.514827,44.804131],[-93.513148,44.804613],[-93.511197,44.80497],[-93.508784,44.80497],[-93.506308,44.804594],[-93.506438,44.804411],[-93.508226,44.803264],[-93.509688,44.802959],[-93.509995,44.802015],[-93.50964,44.801828],[-93.509257,44.800784],[-93.509028,44.799744],[-93.508667,44.798887],[-93.508009,44.797362],[-93.50806,44.793791],[-93.508051,44.792526],[-93.507091,44.790071],[-93.506259,44.788322],[-93.505371,44.786452],[-93.505372,44.784077],[-93.505277,44.781151],[-93.505339,44.778176],[-93.505345,44.777899],[-93.476628,44.781159],[-93.469656,44.781954],[-93.469568,44.778988],[-93.469576,44.77577],[-93.469576,44.77571],[-93.4696,44.774017],[-93.469627,44.771949],[-93.464544,44.771937],[-93.464505,44.775353],[-93.464504,44.775575],[-93.459426,44.774591],[-93.456121,44.773068],[-93.451802,44.771775],[-93.450081,44.771337],[-93.449367,44.771136],[-93.448381,44.770875],[-93.444469,44.769846],[-93.439511,44.768543],[-93.436036,44.76763],[-93.434904,44.76989],[-93.433379,44.771338],[-93.431869,44.771992],[-93.430664,44.772266],[-93.429138,44.772345],[-93.421239,44.772332],[-93.419086,44.772557],[-93.417596,44.772967],[-93.415902,44.773721],[-93.415252,44.774158],[-93.41378,44.77556],[-93.412882,44.777312],[-93.412743,44.778494],[-93.413272,44.783634],[-93.412978,44.78366],[-93.408575,44.784052],[-93.403976,44.784526],[-93.400595,44.784539],[-93.398609,44.784114],[-93.398614,44.783498],[-93.398621,44.782586],[-93.398759,44.775416],[-93.398116,44.775377],[-93.394319,44.775124],[-93.394473,44.774895],[-93.39388,44.773831],[-93.394179,44.772648],[-93.394058,44.771557],[-93.392732,44.772068],[-93.389735,44.771816],[-93.388646,44.770817],[-93.387121,44.771826],[-93.384624,44.772023],[-93.382101,44.771958],[-93.379038,44.771811],[-93.378881,44.771804],[-93.379267,44.768252],[-93.37957,44.764858],[-93.379674,44.763363],[-93.379722,44.760794],[-93.377761,44.760815],[-93.374937,44.760958],[-93.374346,44.760997],[-93.374265,44.761003],[-93.374278,44.76319],[-93.374374,44.768196],[-93.364048,44.768307],[-93.364096,44.764373],[-93.364028,44.764379],[-93.359206,44.764742],[-93.358989,44.764738],[-93.356037,44.76476],[-93.354087,44.76477],[-93.353447,44.764767],[-93.35012,44.765518],[-93.347261,44.76662],[-93.344541,44.768072],[-93.343574,44.768107],[-93.339727,44.768071],[-93.336121,44.768031],[-93.332383,44.767996],[-93.329882,44.767947],[-93.328722,44.767925],[-93.328719,44.769754],[-93.328718,44.770552],[-93.328712,44.775271],[-93.328729,44.775697],[-93.328733,44.775784],[-93.328735,44.775823],[-93.329639,44.775834],[-93.329783,44.775838],[-93.329781,44.77688],[-93.329787,44.77736],[-93.329668,44.778213],[-93.329668,44.778442],[-93.325914,44.777612],[-93.318098,44.775878],[-93.30486,44.772984],[-93.302934,44.772872],[-93.297859,44.773597],[-93.294529,44.774352],[-93.288524,44.775304],[-93.288187,44.775354],[-93.279749,44.77664],[-93.277995,44.777185],[-93.273512,44.779513],[-93.269266,44.78141],[-93.267639,44.781854],[-93.267597,44.781778],[-93.26662,44.780011],[-93.265509,44.77785],[-93.265987,44.775791],[-93.261233,44.775509],[-93.260785,44.777063],[-93.258586,44.779467],[-93.258286,44.781277],[-93.258263,44.783632],[-93.258262,44.783731],[-93.255185,44.784318],[-93.251318,44.785816],[-93.248079,44.787314],[-93.245035,44.788805],[-93.242611,44.790463],[-93.240342,44.792924],[-93.239569,44.793845],[-93.240464,44.794131],[-93.24371,44.793111],[-93.245903,44.793548],[-93.248272,44.793183],[-93.248127,44.792805],[-93.248014,44.790478],[-93.254261,44.790383],[-93.258197,44.790338],[-93.261104,44.790341],[-93.265598,44.790173],[-93.268146,44.789555],[-93.274014,44.787245],[-93.277224,44.785293],[-93.280854,44.783043],[-93.282501,44.782464],[-93.28303,44.782459],[-93.283249,44.78249],[-93.283758,44.782663],[-93.284652,44.783204],[-93.284688,44.783223],[-93.284717,44.783242],[-93.284823,44.783202],[-93.2884,44.782163],[-93.288404,44.782277],[-93.288597,44.782227],[-93.289023,44.795144],[-93.289725,44.799067],[-93.289868,44.79973],[-93.290006,44.800129],[-93.290358,44.800034],[-93.294105,44.79902],[-93.298178,44.797425],[-93.304735,44.79433],[-93.314122,44.792471],[-93.319407,44.792817],[-93.325729,44.792666],[-93.329589,44.791099],[-93.329615,44.791086],[-93.33057,44.790598],[-93.33505,44.786986],[-93.337348,44.786346],[-93.341181,44.787215],[-93.34485,44.789043],[-93.346902,44.791041],[-93.349445,44.791402],[-93.351825,44.790064],[-93.352429,44.790124],[-93.355385,44.791519],[-93.355194,44.791931],[-93.352066,44.793205],[-93.351112,44.794212],[-93.35059,44.794817],[-93.350494,44.79652],[-93.350487,44.797974],[-93.350464,44.801128],[-93.350457,44.802914],[-93.350449,44.804642],[-93.350441,44.80579],[-93.350433,44.80777],[-93.350432,44.807917],[-93.350426,44.811939],[-93.350426,44.812828],[-93.350418,44.815655],[-93.35041,44.818918],[-93.350403,44.823219],[-93.350403,44.823246],[-93.350388,44.825905],[-93.350388,44.827812],[-93.350388,44.830582],[-93.350388,44.833434],[-93.350296,44.837597],[-93.350186,44.838775],[-93.350169,44.838905],[-93.350085,44.841474],[-93.350098,44.843315],[-93.350234,44.846069],[-93.350227,44.848715],[-93.350332,44.851736],[-93.350329,44.854563],[-93.3503,44.855065],[-93.350316,44.858755],[-93.350304,44.858945],[-93.350174,44.862066],[-93.350174,44.864147],[-93.350503,44.871515],[-93.350631,44.876252],[-93.351303,44.876083],[-93.352185,44.875865],[-93.353447,44.875145],[-93.355355,44.875199],[-93.360464,44.875707],[-93.36203,44.876091],[-93.363419,44.876432],[-93.364647,44.876427],[-93.368553,44.876423],[-93.368576,44.877556],[-93.368599,44.878822],[-93.368622,44.880028],[-93.368629,44.88089],[-93.368484,44.881779],[-93.368217,44.882668],[-93.36805,44.883213],[-93.367989,44.883568],[-93.369286,44.883553],[-93.368784,44.884683],[-93.368931,44.885074],[-93.368991,44.887309],[-93.368967,44.887469],[-93.381627,44.889086],[-93.386953,44.88965],[-93.388953,44.889849],[-93.3952,44.890616],[-93.399289,44.890918],[-93.39931,44.891605],[-93.399521,44.891608],[-93.401168,44.891638],[-93.401622,44.891642],[-93.405837,44.891922],[-93.408411,44.892085],[-93.412079,44.892265],[-93.412951,44.89223],[-93.413483,44.892208],[-93.418259,44.891933],[-93.418347,44.891895],[-93.42002,44.891951],[-93.42185,44.891825],[-93.429741,44.891792],[-93.432909,44.891778],[-93.437583,44.891758],[-93.438895,44.891748],[-93.439251,44.891754],[-93.441488,44.891745],[-93.443347,44.891754],[-93.444458,44.896378],[-93.445479,44.898816],[-93.447883,44.904764],[-93.448921,44.908396],[-93.44915,44.913212],[-93.449415,44.914516],[-93.450531,44.9175],[-93.451415,44.924872],[-93.451686,44.92481],[-93.458669,44.923348],[-93.459086,44.923272],[-93.462756,44.922708],[-93.467868,44.921902],[-93.467858,44.922054],[-93.467789,44.923157],[-93.467506,44.927219],[-93.462944,44.927212],[-93.462463,44.927212],[-93.461243,44.927242],[-93.460602,44.927258],[-93.453949,44.927425],[-93.453812,44.930027],[-93.453053,44.930176],[-93.452744,44.930195],[-93.455399,44.934578],[-93.456329,44.936447],[-93.456619,44.938202],[-93.456323,44.940529],[-93.456285,44.940796],[-93.456246,44.941071],[-93.456169,44.943783],[-93.45843,44.949323],[-93.45866,44.949886],[-93.459311,44.952437],[-93.459348,44.952696],[-93.460196,44.967728],[-93.460288,44.971015],[-93.460283,44.971191],[-93.460083,44.975567],[-93.459972,44.97855],[-93.459719,44.983396],[-93.459708,44.9836],[-93.459572,44.987013],[-93.458832,44.991332],[-93.458003,44.996663],[-93.45712,45.002779],[-93.457169,45.010773],[-93.450974,45.008202],[-93.448326,45.006977],[-93.446571,45.00552],[-93.444382,45.002666],[-93.441986,44.999508],[-93.439636,44.99696],[-93.43945,44.997104],[-93.439145,44.997273],[-93.436943,44.998291],[-93.434952,44.998383],[-93.433266,44.998386],[-93.430642,44.998863],[-93.430003,44.999429],[-93.429856,44.999721],[-93.430183,44.999828],[-93.431716,45.001019],[-93.431402,45.002221],[-93.430574,45.003626],[-93.430611,45.003723],[-93.430824,45.006119],[-93.431953,45.00724],[-93.432175,45.007435],[-93.433311,45.008461],[-93.43354,45.008801],[-93.434245,45.009937],[-93.434448,45.010197],[-93.434807,45.010609],[-93.435844,45.011578],[-93.438624,45.013831],[-93.441017,45.016674],[-93.442307,45.017227],[-93.441895,45.018272],[-93.442215,45.021187],[-93.442314,45.021752],[-93.439105,45.021795],[-93.439325,45.022817],[-93.437743,45.02241],[-93.436253,45.019763],[-93.433625,45.016577],[-93.432129,45.017979],[-93.433838,45.019077],[-93.433922,45.021858],[-93.433402,45.021856],[-93.425232,45.021931],[-93.420746,45.021931],[-93.420753,45.023491],[-93.420761,45.024975],[-93.420776,45.026024],[-93.420839,45.028606],[-93.420739,45.031443],[-93.420853,45.033138],[-93.420883,45.038132],[-93.421149,45.041265],[-93.42109,45.042266],[-93.42096,45.043597],[-93.420947,45.043799],[-93.420942,45.044721],[-93.420974,45.047315],[-93.420781,45.049764],[-93.420853,45.050751],[-93.420815,45.052921],[-93.420738,45.057045],[-93.420715,45.058464],[-93.425613,45.058456],[-93.428642,45.058926],[-93.431169,45.060249],[-93.434464,45.061714],[-93.438395,45.062765],[-93.432693,45.065631],[-93.432996,45.065631],[-93.439622,45.065639],[-93.439625,45.065866],[-93.440497,45.06586],[-93.441332,45.064701],[-93.444092,45.06543],[-93.446617,45.066387],[-93.448079,45.065677],[-93.44839,45.065679],[-93.461494,45.065741],[-93.463188,45.065739],[-93.466525,45.065745],[-93.481702,45.065753],[-93.497201,45.065615],[-93.502083,45.065577],[-93.517357,45.06561],[-93.517358,45.065495],[-93.517349,45.064895],[-93.517726,45.065063],[-93.518428,45.065341],[-93.522079,45.065559],[-93.530609,45.065636],[-93.533806,45.065647],[-93.542587,45.065685],[-93.543573,45.065689],[-93.546532,45.065701],[-93.55035,45.065709],[-93.551598,45.065712],[-93.556358,45.065708],[-93.558022,45.065704],[-93.563184,45.065751],[-93.57367,45.065686],[-93.585692,45.065623],[-93.589248,45.065621],[-93.594422,45.065619],[-93.599595,45.065615],[-93.604732,45.065612],[-93.612156,45.065575],[-93.613476,45.065601],[-93.620016,45.065641],[-93.630562,45.065449],[-93.635567,45.06546],[-93.644053,45.065563],[-93.645828,45.065765],[-93.64584,45.072872],[-93.645822,45.076473],[-93.64579,45.080009],[-93.645855,45.087454],[-93.645917,45.094555],[-93.64591,45.10902],[-93.645912,45.116716],[-93.64591,45.123488],[-93.645992,45.124967],[-93.645976,45.138006],[-93.645998,45.145239],[-93.635506,45.145287],[-93.635376,45.152542],[-93.630424,45.152557],[-93.630425,45.153939],[-93.630432,45.154466],[-93.630502,45.159689],[-93.630466,45.161949],[-93.630457,45.162424],[-93.630434,45.163675],[-93.630432,45.163761],[-93.630377,45.166952],[-93.629934,45.174176],[-93.638211,45.17416],[-93.638653,45.174161],[-93.63909,45.174163],[-93.640151,45.174156],[-93.655466,45.174064],[-93.658588,45.174043],[-93.662343,45.174018],[-93.663688,45.174007],[-93.6657,45.173995],[-93.665577,45.177591],[-93.665386,45.183125],[-93.665284,45.186091],[-93.66518,45.189102],[-93.66514,45.19027],[-93.664953,45.195703],[-93.664881,45.199364],[-93.66485,45.20094],[-93.664831,45.201906],[-93.664812,45.202941],[-93.664802,45.204429],[-93.664799,45.204934],[-93.664783,45.207342],[-93.664773,45.208838],[-93.664765,45.210148],[-93.664739,45.211324],[-93.664686,45.213673],[-93.664684,45.213776],[-93.664622,45.2166],[-93.664581,45.218461],[-93.664572,45.218853],[-93.664546,45.220038],[-93.664528,45.220857],[-93.660175,45.220841],[-93.652106,45.220813],[-93.652049,45.223456],[-93.649837,45.223678],[-93.649504,45.224329],[-93.646815,45.22428],[-93.644038,45.224229],[-93.643756,45.224233],[-93.639024,45.224289],[-93.634043,45.224347],[-93.633935,45.23045],[-93.633932,45.230708],[-93.633928,45.230947],[-93.633857,45.234992],[-93.633793,45.237985],[-93.640509,45.237968],[-93.644136,45.238019],[-93.646224,45.23811],[-93.646227,45.240812],[-93.642595,45.240827],[-93.642765,45.2432],[-93.642797,45.245355],[-93.642843,45.248813],[-93.642955,45.252492],[-93.645669,45.252497],[-93.653084,45.252455],[-93.65881,45.252505],[-93.661165,45.252526],[-93.663302,45.252546],[-93.670103,45.252471],[-93.673511,45.252434],[-93.683751,45.252307],[-93.683793,45.248835],[-93.683785,45.248569],[-93.683778,45.248331],[-93.683817,45.245115],[-93.683866,45.241457],[-93.683912,45.23801],[-93.684682,45.238001],[-93.693823,45.237955],[-93.694716,45.23794],[-93.704256,45.237936],[-93.704318,45.244309],[-93.704325,45.245131],[-93.704324,45.246717],[-93.70424,45.251755],[-93.704365,45.256509],[-93.70441,45.257373],[-93.704426,45.257988],[-93.704431,45.258281],[-93.714795,45.263915],[-93.714763,45.265101],[-93.714775,45.26617],[-93.714778,45.266646],[-93.70966,45.266627],[-93.704578,45.266726],[-93.704559,45.273797],[-93.704481,45.281061],[-93.704476,45.281625],[-93.704439,45.285218],[-93.704397,45.291493],[-93.704381,45.29671],[-93.70439,45.297723],[-93.705992,45.297769],[-93.714714,45.299188],[-93.71678,45.299396],[-93.718989,45.299591],[-93.723957,45.299981],[-93.730013,45.300094],[-93.735646,45.299886],[-93.740171,45.299266],[-93.744843,45.298128],[-93.747586,45.297053],[-93.750828,45.295337],[-93.752736,45.294807],[-93.755365,45.294679],[-93.757787,45.294892],[-93.762369,45.296454],[-93.766919,45.297053],[-93.771589,45.298643],[-93.779276,45.302989],[-93.783842,45.30485],[-93.789155,45.307656],[-93.791585,45.308357],[-93.7959,45.309577],[-93.799622,45.310244],[-93.802793,45.31106],[-93.806179,45.312962],[-93.807632,45.314006],[-93.813963,45.318195],[-93.814836,45.320446],[-93.816109,45.321875],[-93.820179,45.324495],[-93.825785,45.328048],[-93.828435,45.330772],[-93.82957,45.33397],[-93.831139,45.334779],[-93.834876,45.335399],[-93.841083,45.33647],[-93.84586,45.336515],[-93.848389,45.336339],[-93.850611,45.336747],[-93.850659,45.33675],[-93.850805,45.336761],[-93.850854,45.336765],[-93.851181,45.336823],[-93.852162,45.336999],[-93.852489,45.337058],[-93.855041,45.337758],[-93.856656,45.337819],[-93.857773,45.337749],[-93.861034,45.33828],[-93.865053,45.338646],[-93.86759,45.339281],[-93.87281,45.343002],[-93.877063,45.345226],[-93.879098,45.346561],[-93.882212,45.349376],[-93.884998,45.352887],[-93.887185,45.356734],[-93.887701,45.358978],[-93.887743,45.361289],[-93.888878,45.363053],[-93.890819,45.364284],[-93.895869,45.366574],[-93.901809,45.368551],[-93.907281,45.37118],[-93.909854,45.373345],[-93.910604,45.374968],[-93.911864,45.380293],[-93.914285,45.382565],[-93.918525,45.384373],[-93.922316,45.385021],[-93.926929,45.38572],[-93.929022,45.385609],[-93.93205,45.384455],[-93.937447,45.383951],[-93.940421,45.384149],[-93.943837,45.385196],[-93.945644,45.38498],[-93.946816,45.384208],[-93.949747,45.380255],[-93.953743,45.37793],[-93.954648,45.377649],[-93.957401,45.377949],[-93.961131,45.380522],[-93.966733,45.384727],[-93.970057,45.386975],[-93.973642,45.38881],[-93.97362,45.388153],[-93.973592,45.386241],[-93.973576,45.384938],[-93.973545,45.381641],[-93.973527,45.37122],[-93.973526,45.37044],[-93.97353,45.36957],[-93.982816,45.369552],[-93.983343,45.369522],[-93.984905,45.369475],[-93.989076,45.369543],[-93.994253,45.369495],[-93.999403,45.369419],[-94.004576,45.369343],[-94.014011,45.36921],[-94.014164,45.361934],[-94.014196,45.359844],[-94.014189,45.354672],[-94.014163,45.351052],[-94.014136,45.347435],[-94.014111,45.343821],[-94.014085,45.340003],[-94.014077,45.335003],[-94.014049,45.327728],[-94.014135,45.325693],[-94.014141,45.325728],[-94.016761,45.325704],[-94.027876,45.325592],[-94.037566,45.325407],[-94.039288,45.325388],[-94.041984,45.325426],[-94.046382,45.325275],[-94.055627,45.325427],[-94.055599,45.325467],[-94.075919,45.32561],[-94.091336,45.325578],[-94.094184,45.325643],[-94.096573,45.325674],[-94.104899,45.325813],[-94.106686,45.325864],[-94.109633,45.325605],[-94.111019,45.32561],[-94.11323,45.32564],[-94.115222,45.325634],[-94.116323,45.325633],[-94.120819,45.325627],[-94.137881,45.315294],[-94.154946,45.304947],[-94.157231,45.303794],[-94.157717,45.303903],[-94.158699,45.304423],[-94.159628,45.304481],[-94.160763,45.304134],[-94.161088,45.303494],[-94.161006,45.302011],[-94.161302,45.301409],[-94.161892,45.301233],[-94.163186,45.301122],[-94.163946,45.301171],[-94.165535,45.301759],[-94.1665,45.301985],[-94.168202,45.302116],[-94.169359,45.301916],[-94.170358,45.301523],[-94.171245,45.301301],[-94.171938,45.301277],[-94.173419,45.301422],[-94.174911,45.302116],[-94.17542,45.302473],[-94.176585,45.303284],[-94.176189,45.306404],[-94.177521,45.307368],[-94.177574,45.308827],[-94.178424,45.309401],[-94.17751,45.310143],[-94.179458,45.311397],[-94.17989,45.313151],[-94.181647,45.313743],[-94.185166,45.315993],[-94.185436,45.316965],[-94.187262,45.318278],[-94.190953,45.317791],[-94.194296,45.318948],[-94.195459,45.318774],[-94.19698,45.317443],[-94.198211,45.317179],[-94.199812,45.317729],[-94.203373,45.317301],[-94.20572,45.315758],[-94.207077,45.315528],[-94.208412,45.315825],[-94.20814,45.31679],[-94.209545,45.317326],[-94.211129,45.316259],[-94.212803,45.316995],[-94.214756,45.316224],[-94.218181,45.315597],[-94.219834,45.314113],[-94.221338,45.312089],[-94.224276,45.311371],[-94.226089,45.311618],[-94.230953,45.310617],[-94.234773,45.310374],[-94.238307,45.309682],[-94.239737,45.310179],[-94.240556,45.309589],[-94.242668,45.308223],[-94.244248,45.308082],[-94.247562,45.308806],[-94.250265,45.308797],[-94.252612,45.308305],[-94.256658,45.306473],[-94.257115,45.3057],[-94.255006,45.302225],[-94.254635,45.300658],[-94.256389,45.29947],[-94.260787,45.298645],[-94.260819,45.298247],[-94.26152,45.297688],[-94.260984,45.287201],[-94.260821,45.283941],[-94.261131,45.283941],[-94.261076,45.278603],[-94.261049,45.275702],[-94.260795,45.256258],[-94.260674,45.249875],[-94.26044,45.243164],[-94.25991,45.24029],[-94.260289,45.239272],[-94.257568,45.239283],[-94.256751,45.239272],[-94.256723,45.232421],[-94.256688,45.231361],[-94.256228,45.220812],[-94.256086,45.215085],[-94.256121,45.21383],[-94.255946,45.212558],[-94.25597,45.211299],[-94.256004,45.211059],[-94.255922,45.206751],[-94.255807,45.202632],[-94.255811,45.199894],[-94.255714,45.181653],[-94.255741,45.167149],[-94.255743,45.166889],[-94.255905,45.162026],[-94.25579,45.159832],[-94.255775,45.152642],[-94.269095,45.152694],[-94.270179,45.152697],[-94.278613,45.152771],[-94.2791,45.152773],[-94.28187,45.152761],[-94.282304,45.152669],[-94.296113,45.152678],[-94.302578,45.152649],[-94.302645,45.152734],[-94.306386,45.152751],[-94.313627,45.152717],[-94.313778,45.152717],[-94.313984,45.152718],[-94.317427,45.152712],[-94.328431,45.152597],[-94.34322,45.152625],[-94.347679,45.152592],[-94.357759,45.152541],[-94.364111,45.152485],[-94.379012,45.152357],[-94.401462,45.152306],[-94.409294,45.1524],[-94.410028,45.152409],[-94.420271,45.152399],[-94.426531,45.152382],[-94.43209,45.152377],[-94.451039,45.152386],[-94.482084,45.152625],[-94.492444,45.152618],[-94.502302,45.152647],[-94.507916,45.152666],[-94.522945,45.1527],[-94.538367,45.152642],[-94.541797,45.152629],[-94.542595,45.152625],[-94.545513,45.152612],[-94.568517,45.152605],[-94.584515,45.15254],[-94.615124,45.152538],[-94.630593,45.152509],[-94.634693,45.152524],[-94.645041,45.152569],[-94.653985,45.152677],[-94.670834,45.152864],[-94.675783,45.152844],[-94.675811,45.154448],[-94.679394,45.154472],[-94.68089,45.154983],[-94.68102,45.160073],[-94.686076,45.160091],[-94.685904,45.153097],[-94.685888,45.152197],[-94.687143,45.153002],[-94.689574,45.152972],[-94.701084,45.153027],[-94.705616,45.15305],[-94.708248,45.153071],[-94.711472,45.153101],[-94.737179,45.153285],[-94.745067,45.153349],[-94.756904,45.153424],[-94.757111,45.167562],[-94.757364,45.182353],[-94.75738,45.196794],[-94.757439,45.21134],[-94.757434,45.225571],[-94.75744,45.233023],[-94.757542,45.239098],[-94.76351,45.239089],[-94.763488,45.245155],[-94.763456,45.246187],[-94.763417,45.253646],[-94.76334,45.268189],[-94.763343,45.27541],[-94.76336,45.27935],[-94.76337,45.28275],[-94.76327,45.290001],[-94.763185,45.297306],[-94.763156,45.304457],[-94.763117,45.314072],[-94.763103,45.317644],[-94.763105,45.318864],[-94.76308,45.3261],[-94.76308,45.333331],[-94.763109,45.35506],[-94.763116,45.357968],[-94.763171,45.36149],[-94.763172,45.361546],[-94.763176,45.361747],[-94.763204,45.365399],[-94.763191,45.377355],[-94.763137,45.381008],[-94.763145,45.386808],[-94.763144,45.387606],[-94.763132,45.39118],[-94.763154,45.406805],[-94.762934,45.412861],[-94.77332,45.412908],[-94.783196,45.412829],[-94.783779,45.412831],[-94.80439,45.412877],[-94.825034,45.412915],[-94.8456,45.412934],[-94.851253,45.412952],[-94.86572,45.41299],[-94.871947,45.412992],[-94.875999,45.412991],[-94.877285,45.412987],[-94.886398,45.412959],[-94.886368,45.416151],[-94.88636,45.416589],[-94.886282,45.422408],[-94.886139,45.440848],[-94.886,45.45106],[-94.885742,45.454733],[-94.885956,45.470527],[-94.885982,45.47774],[-94.88599,45.4849],[-94.886,45.492244],[-94.88601,45.49932],[-94.89158,45.49935],[-94.89875,45.49921],[-94.92697,45.49916],[-94.95252,45.49904],[-94.96803,45.49901],[-94.970885,45.498976],[-94.9871,45.49878],[-95.00842,45.49883],[-95.00838,45.516383],[-95.00835,45.51875],[-95.00836,45.519841],[-95.00836,45.52043],[-95.00831,45.53493],[-95.0081,45.55664],[-95.00789,45.57093],[-95.008224,45.582669],[-95.008305,45.585336],[-95.01532,45.58535],[-95.015327,45.589338],[-95.015316,45.592204],[-95.01553,45.59987],[-95.015525,45.600236],[-95.0154,45.60782],[-95.015287,45.610756],[-95.015149,45.614439],[-95.015257,45.622785],[-95.015223,45.623737],[-95.01546,45.64314],[-95.015543,45.652229],[-95.01558,45.6579],[-95.01557,45.66107],[-95.015561,45.672603],[-95.00924,45.672648],[-95.001346,45.672643],[-94.995119,45.672534],[-94.977457,45.672554],[-94.96918,45.67259],[-94.958019,45.672619],[-94.95352,45.67263],[-94.94612,45.67268],[-94.93285,45.67262],[-94.918791,45.672681],[-94.90719,45.672699],[-94.895683,45.672716],[-94.891488,45.67271],[-94.883031,45.672746],[-94.881152,45.67276],[-94.87297,45.67284],[-94.87095,45.67287],[-94.86567,45.67288],[-94.85011,45.67287],[-94.840723,45.672858],[-94.839334,45.67285],[-94.83678,45.67285],[-94.83162,45.67286],[-94.829747,45.672857],[-94.829475,45.672697],[-94.829485,45.665132],[-94.824352,45.665185],[-94.824382,45.661775],[-94.824393,45.657904],[-94.8193,45.65796],[-94.819295,45.65812],[-94.81901,45.65952],[-94.81765,45.66061],[-94.81481,45.66241],[-94.812776,45.663681],[-94.808842,45.663724],[-94.80883,45.66518],[-94.808821,45.665372],[-94.797617,45.665411],[-94.793494,45.665263],[-94.793394,45.663804],[-94.792484,45.663801],[-94.79223,45.66087],[-94.79179,45.66069],[-94.79126,45.66185],[-94.788364,45.663005],[-94.788349,45.665391],[-94.788345,45.665597],[-94.788343,45.665839],[-94.79244,45.665981],[-94.792425,45.666759],[-94.792449,45.671326],[-94.792824,45.67272],[-94.790713,45.67272],[-94.767406,45.67277],[-94.767389,45.675356],[-94.7672,45.676638],[-94.767166,45.676851],[-94.767067,45.677491],[-94.767034,45.677705],[-94.76701,45.678452],[-94.767077,45.680766],[-94.767357,45.683506],[-94.76739,45.6841],[-94.7674,45.68715],[-94.7674,45.69829],[-94.76755,45.70745],[-94.76741,45.70932],[-94.76743,45.71611],[-94.767496,45.728714],[-94.76769,45.732006],[-94.76757,45.74508],[-94.76752,45.75945],[-94.767379,45.7647],[-94.766904,45.772713],[-94.766917,45.773294],[-94.766899,45.773911],[-94.750293,45.773692],[-94.73602,45.773565],[-94.734419,45.773564],[-94.72089,45.773627],[-94.710505,45.773677],[-94.70563,45.77364],[-94.68533,45.77365],[-94.67726,45.77377],[-94.674953,45.773622],[-94.667902,45.773698],[-94.664413,45.773733],[-94.64399,45.77395],[-94.643949,45.781201],[-94.643924,45.78466],[-94.643902,45.787617],[-94.643903,45.791714],[-94.643939,45.795923],[-94.644042,45.802924],[-94.644096,45.804163],[-94.644066,45.80979],[-94.644052,45.813062],[-94.644034,45.816629],[-94.643965,45.831634],[-94.643905,45.845703],[-94.643747,45.84673],[-94.643746,45.852346],[-94.643757,45.853048],[-94.643724,45.856729],[-94.643737,45.860361],[-94.643693,45.870877],[-94.643667,45.88942],[-94.643645,45.903785],[-94.643632,45.905953],[-94.643647,45.907273],[-94.643641,45.908088],[-94.643752,45.911273],[-94.643673,45.912555],[-94.64364,45.913558],[-94.643624,45.914613],[-94.643598,45.915687],[-94.643574,45.916594],[-94.643492,45.917991],[-94.643545,45.9209],[-94.643602,45.931976],[-94.643596,45.932852],[-94.64525,45.932849],[-94.648807,45.932897],[-94.648572,45.947453],[-94.648393,45.961726],[-94.648389,45.961956],[-94.648321,45.976668],[-94.648061,45.990753],[-94.64812,46.013037],[-94.648147,46.018356],[-94.648217,46.020416],[-94.647879,46.035915],[-94.647864,46.046049],[-94.647907,46.049641],[-94.647862,46.05318],[-94.647881,46.056862],[-94.647918,46.062385],[-94.647928,46.064216],[-94.647954,46.071484],[-94.647887,46.085267],[-94.647888,46.089561],[-94.647906,46.091693],[-94.647899,46.093301],[-94.6479,46.100511],[-94.647787,46.107816],[-94.647785,46.116349],[-94.647654,46.13286],[-94.647683,46.136857],[-94.647563,46.154307],[-94.647554,46.158746],[-94.647587,46.162378],[-94.647671,46.164168],[-94.64767,46.165973],[-94.647608,46.176428],[-94.647634,46.179939],[-94.647664,46.1807],[-94.647595,46.184983],[-94.647767,46.187542],[-94.647721,46.194148],[-94.647727,46.194809],[-94.647808,46.207998],[-94.647795,46.209554],[-94.647817,46.216555],[-94.64782,46.217307],[-94.647883,46.219417],[-94.647911,46.220201],[-94.647927,46.220637],[-94.647412,46.225059],[-94.64741,46.235053],[-94.647436,46.23773],[-94.647815,46.242598],[-94.647625,46.252454],[-94.648039,46.278969],[-94.647909,46.282439],[-94.653304,46.282632],[-94.65319,46.318733],[-94.653361,46.323264],[-94.653371,46.323734],[-94.653375,46.323865],[-94.653398,46.324823],[-94.653406,46.325167],[-94.653399,46.326051],[-94.653277,46.3295],[-94.653261,46.337416],[-94.653429,46.3388],[-94.653416,46.34031],[-94.653404,46.340421],[-94.653397,46.340577],[-94.653464,46.341886],[-94.653461,46.346501],[-94.653461,46.348232],[-94.653462,46.348678],[-94.656825,46.351178],[-94.658485,46.35212],[-94.659961,46.351932],[-94.662477,46.350034],[-94.663509,46.350236],[-94.66481,46.352143],[-94.665841,46.358041],[-94.6662,46.359051],[-94.668645,46.360621],[-94.6705,46.360558],[-94.672221,46.359754],[-94.673823,46.35821],[-94.675413,46.353374],[-94.67562,46.351223],[-94.676136,46.350662],[-94.679703,46.350093],[-94.682034,46.350027],[-94.684704,46.350842],[-94.68713,46.351038],[-94.693788,46.349653],[-94.697337,46.349425],[-94.69944,46.349981],[-94.702835,46.350004],[-94.708448,46.351219],[-94.714809,46.352254],[-94.716264,46.351944],[-94.717922,46.350791],[-94.719981,46.350974],[-94.722769,46.352321],[-94.726621,46.356523],[-94.728074,46.359699],[-94.730136,46.361776],[-94.731672,46.36418],[-94.731885,46.366906],[-94.731442,46.368605],[-94.731801,46.368603],[-94.73714,46.36859],[-94.74752,46.36855],[-94.75798,46.36851],[-94.76854,46.36846],[-94.776419,46.368448],[-94.778864,46.368444],[-94.785177,46.368432],[-94.78926,46.36843],[-94.79113,46.36843],[-94.79289,46.36844],[-94.79449,46.36848],[-94.79596,46.36847],[-94.7972,46.36847],[-94.799743,46.36849],[-94.824841,46.368356],[-94.831243,46.36837],[-94.854324,46.368427],[-94.862671,46.368448],[-94.883638,46.368544],[-94.898877,46.368694],[-94.9014,46.368719],[-94.904368,46.368748],[-94.905499,46.36876],[-94.91271,46.36877],[-94.92022,46.36878],[-94.936051,46.36875],[-94.93953,46.36878],[-94.94123,46.368798],[-94.945573,46.368878],[-94.946567,46.368894],[-94.951436,46.368738],[-94.96438,46.368827],[-94.98839,46.368778],[-95.009373,46.368596],[-95.024953,46.368889],[-95.03007,46.36876],[-95.05103,46.36879],[-95.068995,46.36879],[-95.072,46.36879],[-95.077237,46.368784],[-95.09295,46.36877],[-95.098007,46.368755],[-95.11402,46.36875],[-95.124348,46.368796],[-95.13483,46.3688],[-95.14303,46.36881],[-95.150134,46.368844],[-95.15557,46.36888],[-95.155517,46.354389],[-95.15551,46.347225],[-95.155362,46.339892],[-95.155168,46.325591],[-95.154933,46.310903],[-95.154566,46.29688],[-95.154256,46.282428],[-95.145791,46.282368],[-95.145669,46.273998],[-95.145746,46.266771],[-95.146108,46.252212],[-95.146427,46.237653],[-95.14592,46.223148],[-95.146138,46.216167],[-95.146372,46.208642],[-95.146337,46.194183]]]]}},{"type":"Feature","properties":{"id":7,"NAME":"7","TotalPop":713109,"PopDevPct":-0.00028424,"DemPct":0.43234861,"RepPct":0.54486517,"WhitePct":0.82984755,"MinorityPct":0.17015245,"BlackPct":0.04484942,"HispanicPct":0.06099529,"PacificPct":0.0014138,"AsianPct":0.04327277,"NativePct":0.01746344,"TotalVAP":540386,"Margin":-0.06765139,"color":"#ff2020","opacity":"1"},"geometry":{"type":"MultiPolygon","coordinates":[[[[-95.695787,43.499901],[-95.695154,43.499892],[-95.694249,43.499881],[-95.692613,43.499891],[-95.689309,43.499881],[-95.684148,43.499893],[-95.683605,43.499896],[-95.683064,43.499898],[-95.649093,43.499891],[-95.614241,43.499895],[-95.594277,43.499902],[-95.574135,43.499912],[-95.565127,43.499934],[-95.544504,43.499927],[-95.517329,43.499986],[-95.514656,43.499867],[-95.500283,43.499964],[-95.492711,43.500164],[-95.484345,43.500001],[-95.478276,43.500024],[-95.474776,43.500331],[-95.460478,43.500468],[-95.454614,43.500647],[-95.454433,43.500646],[-95.43425,43.500415],[-95.433839,43.500113],[-95.414535,43.50017],[-95.394588,43.500223],[-95.374651,43.500252],[-95.345,43.500356],[-95.335315,43.500387],[-95.324792,43.500428],[-95.304874,43.500455],[-95.304868,43.500412],[-95.279583,43.500538],[-95.274749,43.500551],[-95.251028,43.500603],[-95.244844,43.501196],[-95.234861,43.501057],[-95.222383,43.500949],[-95.21493,43.501016],[-95.21128,43.500815],[-95.204343,43.500829],[-95.199841,43.500857],[-95.194738,43.500867],[-95.176996,43.500931],[-95.167595,43.501021],[-95.165798,43.500768],[-95.154936,43.500448],[-95.136799,43.500604],[-95.125271,43.500631],[-95.122666,43.500989],[-95.114741,43.500829],[-95.11313,43.50084],[-95.104192,43.500902],[-95.093987,43.501012],[-95.074104,43.500996],[-95.05433,43.500945],[-95.053594,43.500993],[-95.033563,43.500956],[-95.014223,43.500962],[-94.994439,43.500924],[-94.974349,43.500956],[-94.965025,43.501007],[-94.954333,43.500945],[-94.948856,43.500897],[-94.93403,43.500943],[-94.914574,43.500872],[-94.903818,43.50047],[-94.889122,43.500499],[-94.884418,43.500933],[-94.872751,43.500988],[-94.861145,43.500935],[-94.859696,43.500574],[-94.857932,43.500924],[-94.854555,43.500925],[-94.834413,43.500868],[-94.824375,43.500877],[-94.804084,43.500993],[-94.794387,43.501012],[-94.785826,43.501025],[-94.774407,43.501042],[-94.76081,43.501043],[-94.754238,43.501014],[-94.744535,43.501022],[-94.734179,43.500934],[-94.720951,43.500902],[-94.714245,43.500865],[-94.694182,43.50083],[-94.674191,43.500796],[-94.654278,43.500745],[-94.630389,43.500702],[-94.61645,43.500704],[-94.61422,43.500753],[-94.609697,43.500521],[-94.607205,43.500513],[-94.567272,43.500373],[-94.566087,43.500584],[-94.557445,43.500525],[-94.532385,43.500534],[-94.512391,43.500489],[-94.49239,43.500462],[-94.470957,43.500431],[-94.470332,43.50033],[-94.448156,43.500429],[-94.447094,43.500396],[-94.437474,43.500389],[-94.427727,43.500341],[-94.40339,43.500322],[-94.390776,43.500284],[-94.390486,43.500468],[-94.377795,43.50038],[-94.377367,43.500236],[-94.368066,43.500242],[-94.357708,43.50026],[-94.327237,43.500233],[-94.306895,43.500185],[-94.287754,43.500188],[-94.267796,43.500135],[-94.251081,43.50012],[-94.247968,43.500133],[-94.245416,43.500143],[-94.227969,43.500148],[-94.208036,43.50015],[-94.19323,43.500101],[-94.188089,43.500091],[-94.167991,43.500106],[-94.150897,43.500105],[-94.128144,43.500103],[-94.106864,43.500128],[-94.098084,43.500082],[-94.094675,43.500074],[-94.09335,43.50009],[-94.088586,43.500092],[-94.078227,43.500031],[-94.068271,43.500013],[-94.028194,43.499947],[-94.008241,43.49991],[-93.988231,43.499915],[-93.982302,43.499902],[-93.968285,43.499873],[-93.94833,43.499852],[-93.930406,43.499825],[-93.914717,43.499822],[-93.908599,43.499784],[-93.897069,43.499779],[-93.88843,43.499769],[-93.868404,43.499749],[-93.84849,43.499739],[-93.828496,43.499727],[-93.808507,43.499697],[-93.806438,43.499724],[-93.788429,43.499703],[-93.768498,43.499709],[-93.748443,43.499697],[-93.72846,43.499696],[-93.708835,43.49967],[-93.704634,43.499661],[-93.668495,43.499675],[-93.66164,43.499674],[-93.648533,43.49968],[-93.64852,43.514106],[-93.648433,43.528586],[-93.648388,43.543084],[-93.648418,43.557579],[-93.648445,43.570738],[-93.648441,43.572036],[-93.648439,43.580356],[-93.648422,43.586489],[-93.648438,43.594326],[-93.648469,43.600977],[-93.648468,43.615465],[-93.648471,43.617138],[-93.648481,43.626784],[-93.648496,43.629937],[-93.648516,43.644432],[-93.648443,43.655027],[-93.648428,43.658967],[-93.648416,43.665631],[-93.648416,43.665856],[-93.648414,43.673413],[-93.648446,43.68788],[-93.648446,43.687928],[-93.648451,43.691156],[-93.648491,43.7021],[-93.648499,43.702527],[-93.648442,43.705883],[-93.648424,43.717011],[-93.648379,43.724442],[-93.648379,43.731528],[-93.648347,43.746115],[-93.648303,43.760297],[-93.648304,43.760652],[-93.648312,43.767921],[-93.648327,43.775216],[-93.648282,43.782424],[-93.6481,43.784162],[-93.648296,43.789697],[-93.648326,43.802378],[-93.648331,43.804195],[-93.6482,43.822321],[-93.648173,43.825961],[-93.648144,43.82686],[-93.648093,43.840496],[-93.648002,43.8474],[-93.64829,43.848139],[-93.649195,43.848136],[-93.657363,43.848029],[-93.657908,43.848025],[-93.667997,43.847991],[-93.673137,43.847988],[-93.687503,43.847919],[-93.687983,43.84792],[-93.69341,43.847917],[-93.707598,43.847898],[-93.707968,43.847899],[-93.727756,43.847873],[-93.738757,43.847884],[-93.747864,43.847888],[-93.757928,43.84794],[-93.767761,43.847956],[-93.767879,43.861049],[-93.767868,43.869688],[-93.767864,43.876917],[-93.767892,43.891458],[-93.767907,43.905957],[-93.767936,43.920492],[-93.768005,43.935011],[-93.768002,43.94225],[-93.768027,43.946408],[-93.76803,43.949557],[-93.768107,43.964026],[-93.768149,43.985815],[-93.768138,43.988456],[-93.76817,43.993085],[-93.768182,43.998728],[-93.768252,44.007594],[-93.768242,44.02212],[-93.768226,44.029339],[-93.768303,44.036651],[-93.768302,44.037223],[-93.768295,44.047426],[-93.768295,44.051053],[-93.768255,44.060176],[-93.768252,44.062581],[-93.768316,44.074203],[-93.76836,44.079943],[-93.7681,44.094612],[-93.768143,44.098082],[-93.76814,44.108921],[-93.768132,44.123484],[-93.767971,44.128152],[-93.76777,44.133079],[-93.768091,44.134545],[-93.768082,44.13798],[-93.767969,44.138418],[-93.767892,44.138668],[-93.768093,44.145227],[-93.768033,44.152327],[-93.768073,44.159803],[-93.768096,44.163422],[-93.768106,44.167044],[-93.768152,44.170788],[-93.768111,44.180297],[-93.768092,44.181436],[-93.767991,44.190009],[-93.767987,44.19098],[-93.767976,44.194192],[-93.767971,44.195836],[-93.767956,44.200902],[-93.767936,44.205928],[-93.768002,44.209725],[-93.767989,44.216104],[-93.768041,44.217515],[-93.768036,44.224761],[-93.768013,44.232177],[-93.768035,44.23586],[-93.768031,44.239384],[-93.789316,44.239379],[-93.798193,44.239421],[-93.808252,44.23936],[-93.823369,44.239331],[-93.828162,44.239335],[-93.848236,44.239316],[-93.858979,44.239252],[-93.859987,44.239242],[-93.8621,44.239221],[-93.871363,44.239438],[-93.871805,44.239431],[-93.87525,44.239288],[-93.883423,44.239301],[-93.886653,44.239409],[-93.888521,44.239424],[-93.898649,44.239578],[-93.924034,44.239836],[-93.924713,44.239831],[-93.925826,44.239825],[-93.929086,44.239819],[-93.930516,44.239747],[-93.933992,44.239569],[-93.93519,44.239737],[-93.949193,44.239412],[-93.949673,44.239478],[-93.954979,44.239461],[-93.959115,44.239434],[-93.969017,44.239509],[-93.977949,44.239567],[-93.98105,44.239579],[-93.981437,44.23958],[-94.000232,44.239498],[-94.004336,44.239584],[-94.009532,44.239553],[-94.011529,44.239525],[-94.011868,44.23952],[-94.011964,44.239761],[-94.012463,44.240011],[-94.013958,44.240199],[-94.017013,44.240097],[-94.017508,44.239736],[-94.019121,44.239463],[-94.021381,44.239987],[-94.022081,44.240822],[-94.021989,44.241691],[-94.021338,44.242533],[-94.018984,44.244264],[-94.017326,44.245766],[-94.015882,44.247883],[-94.015269,44.248418],[-94.014914,44.248406],[-94.013104,44.248232],[-94.009898,44.246194],[-94.008881,44.246895],[-94.008393,44.24864],[-94.008996,44.250626],[-94.009419,44.251499],[-94.009983,44.25233],[-94.011315,44.253306],[-94.013132,44.254974],[-94.016132,44.25738],[-94.017885,44.257766],[-94.019162,44.257647],[-94.019756,44.25741],[-94.022384,44.255862],[-94.023336,44.255746],[-94.024496,44.255895],[-94.025162,44.256519],[-94.025237,44.257737],[-94.025073,44.258227],[-94.024128,44.259211],[-94.021633,44.261605],[-94.019208,44.262968],[-94.018316,44.26333],[-94.015735,44.264073],[-94.014825,44.26445],[-94.014291,44.264955],[-94.013563,44.266306],[-94.013274,44.268469],[-94.01233,44.269693],[-94.009846,44.270076],[-94.008409,44.270673],[-94.008461,44.271555],[-94.012597,44.272828],[-94.013178,44.273876],[-94.010956,44.276755],[-94.006934,44.27864],[-94.00469,44.279042],[-93.998135,44.278806],[-93.996986,44.280968],[-93.996316,44.284358],[-93.995137,44.287161],[-93.993944,44.289078],[-93.990816,44.291465],[-93.989871,44.292984],[-93.991132,44.295466],[-93.988741,44.29617],[-93.984747,44.297401],[-93.984546,44.297498],[-93.980978,44.299631],[-93.975622,44.299377],[-93.974479,44.299694],[-93.972446,44.301533],[-93.970406,44.304428],[-93.969286,44.305219],[-93.966879,44.306708],[-93.964608,44.307312],[-93.961947,44.307161],[-93.959783,44.307299],[-93.956889,44.312179],[-93.954776,44.316138],[-93.953492,44.318065],[-93.95077,44.320379],[-93.950627,44.322065],[-93.952744,44.32463],[-93.951277,44.326852],[-93.951276,44.327754],[-93.950823,44.328758],[-93.94867,44.330544],[-93.945293,44.330658],[-93.94362,44.331266],[-93.942784,44.333162],[-93.942917,44.333973],[-93.945176,44.337048],[-93.945193,44.338988],[-93.943925,44.340468],[-93.942383,44.341181],[-93.940012,44.340745],[-93.937334,44.338981],[-93.936032,44.339665],[-93.934662,44.342057],[-93.932806,44.344007],[-93.932685,44.344885],[-93.93618,44.350082],[-93.939377,44.352664],[-93.943548,44.354972],[-93.944881,44.355374],[-93.949434,44.355704],[-93.951474,44.356013],[-93.953958,44.357008],[-93.955701,44.358465],[-93.956656,44.360225],[-93.956666,44.361602],[-93.953143,44.36403],[-93.952693,44.365577],[-93.954208,44.366519],[-93.955252,44.366086],[-93.956453,44.363984],[-93.957459,44.363191],[-93.960108,44.363083],[-93.961371,44.363734],[-93.962047,44.365888],[-93.961741,44.367138],[-93.962375,44.369966],[-93.962411,44.370389],[-93.956351,44.373212],[-93.955696,44.373704],[-93.955138,44.375674],[-93.956259,44.37845],[-93.957188,44.379395],[-93.961575,44.380532],[-93.963128,44.381589],[-93.963256,44.383222],[-93.962456,44.384263],[-93.959429,44.385304],[-93.956163,44.385064],[-93.953264,44.38367],[-93.952624,44.383943],[-93.952239,44.385704],[-93.952528,44.387113],[-93.954289,44.389419],[-93.957559,44.390795],[-93.959648,44.390913],[-93.961528,44.390558],[-93.964842,44.389195],[-93.965587,44.389568],[-93.96537,44.391581],[-93.963176,44.39275],[-93.958491,44.392044],[-93.957089,44.39179],[-93.956689,44.391719],[-93.956519,44.39169],[-93.955475,44.391747],[-93.955093,44.391769],[-93.955073,44.391779],[-93.950857,44.392812],[-93.949971,44.393633],[-93.948892,44.396951],[-93.94894,44.400371],[-93.950696,44.406775],[-93.953563,44.408208],[-93.954062,44.409642],[-93.94923,44.412315],[-93.947378,44.413104],[-93.944431,44.41304],[-93.94092,44.412347],[-93.93997,44.412524],[-93.939237,44.413858],[-93.938087,44.418378],[-93.937841,44.420585],[-93.936568,44.422147],[-93.934478,44.42565],[-93.933464,44.428533],[-93.933298,44.433169],[-93.932543,44.435064],[-93.931225,44.437487],[-93.928995,44.442871],[-93.928565,44.443383],[-93.927876,44.444525],[-93.928343,44.446538],[-93.929099,44.447536],[-93.932744,44.449581],[-93.933356,44.451449],[-93.931637,44.452474],[-93.927825,44.453188],[-93.927247,44.454123],[-93.927323,44.455162],[-93.928504,44.456586],[-93.929145,44.456645],[-93.92955,44.456716],[-93.929384,44.457441],[-93.928422,44.458198],[-93.927259,44.458544],[-93.925042,44.458221],[-93.923752,44.458416],[-93.922786,44.458697],[-93.922571,44.459316],[-93.922084,44.460006],[-93.92218,44.46082],[-93.922355,44.460966],[-93.923967,44.462968],[-93.922282,44.462515],[-93.921775,44.461734],[-93.920194,44.461958],[-93.918583,44.461749],[-93.917511,44.461795],[-93.917227,44.461959],[-93.916844,44.462498],[-93.916802,44.463163],[-93.921138,44.467413],[-93.922712,44.468285],[-93.926466,44.469233],[-93.927034,44.469916],[-93.925935,44.471299],[-93.922465,44.47384],[-93.919565,44.474276],[-93.914383,44.471473],[-93.910919,44.47112],[-93.909282,44.471521],[-93.907497,44.472847],[-93.905753,44.476889],[-93.904682,44.480712],[-93.904665,44.480837],[-93.904684,44.48106],[-93.904204,44.483269],[-93.904011,44.487466],[-93.903689,44.488434],[-93.902015,44.490136],[-93.898591,44.490404],[-93.896084,44.490854],[-93.894339,44.492843],[-93.894137,44.494044],[-93.893892,44.495351],[-93.891824,44.4973],[-93.890443,44.497895],[-93.889777,44.499723],[-93.891072,44.503136],[-93.890841,44.503843],[-93.889606,44.503921],[-93.88731,44.504431],[-93.886951,44.506207],[-93.887247,44.509744],[-93.887877,44.51219],[-93.887511,44.515062],[-93.886992,44.516313],[-93.885568,44.517457],[-93.885426,44.518929],[-93.886602,44.523037],[-93.888217,44.526512],[-93.890155,44.526724],[-93.892605,44.526147],[-93.895203,44.526407],[-93.898646,44.52861],[-93.900869,44.529405],[-93.901793,44.531434],[-93.900513,44.534983],[-93.901364,44.536974],[-93.9028,44.538171],[-93.904443,44.538563],[-93.909322,44.537597],[-93.910995,44.537519],[-93.912267,44.538458],[-93.911386,44.539847],[-93.910405,44.543163],[-93.909825,44.543164],[-93.890727,44.543163],[-93.890326,44.543161],[-93.884817,44.543095],[-93.870611,44.543032],[-93.857564,44.543053],[-93.85415,44.543126],[-93.84968,44.543139],[-93.849367,44.543139],[-93.839197,44.543091],[-93.836277,44.543167],[-93.8188,44.543234],[-93.808835,44.543169],[-93.80852,44.543171],[-93.79853,44.5432],[-93.788315,44.543245],[-93.778385,44.543245],[-93.776053,44.543241],[-93.768288,44.543233],[-93.757486,44.543252],[-93.753381,44.543252],[-93.728378,44.54328],[-93.717692,44.543364],[-93.711679,44.543437],[-93.701992,44.543561],[-93.696691,44.543631],[-93.687378,44.543754],[-93.675644,44.543841],[-93.66697,44.543979],[-93.666092,44.543985],[-93.647037,44.543897],[-93.645762,44.543897],[-93.625544,44.543818],[-93.608508,44.54379],[-93.606216,44.543774],[-93.605328,44.543766],[-93.602304,44.543749],[-93.597924,44.543744],[-93.597204,44.543744],[-93.58767,44.543611],[-93.586254,44.543611],[-93.58615,44.543611],[-93.584833,44.543615],[-93.584114,44.54361],[-93.582706,44.543618],[-93.582252,44.543616],[-93.581013,44.543611],[-93.580727,44.543619],[-93.579606,44.543604],[-93.579234,44.543608],[-93.577461,44.543581],[-93.577228,44.543578],[-93.575563,44.543568],[-93.573392,44.543572],[-93.571354,44.54357],[-93.569861,44.543573],[-93.568399,44.543569],[-93.566925,44.543581],[-93.565514,44.543572],[-93.565019,44.543567],[-93.564026,44.54357],[-93.56325,44.543561],[-93.561472,44.54356],[-93.556312,44.543529],[-93.553037,44.543545],[-93.552114,44.543542],[-93.549368,44.543541],[-93.54444,44.543559],[-93.542814,44.543561],[-93.540908,44.543559],[-93.537623,44.54359],[-93.524327,44.543618],[-93.522528,44.543628],[-93.501968,44.543662],[-93.501854,44.543663],[-93.5018,44.543663],[-93.493744,44.543793],[-93.483711,44.54369],[-93.465313,44.543706],[-93.460451,44.543712],[-93.458275,44.543732],[-93.446655,44.543861],[-93.442301,44.543813],[-93.426415,44.543759],[-93.422661,44.543781],[-93.420617,44.543784],[-93.4027,44.543812],[-93.400469,44.543818],[-93.39247,44.543843],[-93.383064,44.543884],[-93.380156,44.54388],[-93.368089,44.543958],[-93.365009,44.543974],[-93.357704,44.544006],[-93.351281,44.544059],[-93.349837,44.54407],[-93.34243,44.544018],[-93.339598,44.544018],[-93.326027,44.543999],[-93.325202,44.543871],[-93.324154,44.543866],[-93.319703,44.543865],[-93.315025,44.543866],[-93.312927,44.543995],[-93.302032,44.543987],[-93.300903,44.543991],[-93.300568,44.543995],[-93.285699,44.543965],[-93.283264,44.543961],[-93.281521,44.543957],[-93.278473,44.543957],[-93.278524,44.551181],[-93.278402,44.56202],[-93.278297,44.573416],[-93.278294,44.573802],[-93.278153,44.586229],[-93.278141,44.587334],[-93.278069,44.594597],[-93.277945,44.609024],[-93.278057,44.623529],[-93.278169,44.630751],[-93.259469,44.630784],[-93.238155,44.630688],[-93.238151,44.630677],[-93.238114,44.630581],[-93.237963,44.630185],[-93.235401,44.623461],[-93.232283,44.623461],[-93.232248,44.624224],[-93.227964,44.624],[-93.227855,44.62883],[-93.227855,44.628881],[-93.227855,44.629035],[-93.228423,44.629039],[-93.230084,44.629052],[-93.229956,44.629617],[-93.229929,44.629667],[-93.229909,44.629706],[-93.229316,44.629707],[-93.227855,44.629035],[-93.227472,44.628859],[-93.227726,44.629661],[-93.227852,44.629693],[-93.227834,44.630741],[-93.227705,44.630741],[-93.222766,44.630738],[-93.217695,44.630793],[-93.217759,44.626255],[-93.2076,44.626226],[-93.207541,44.630751],[-93.207489,44.637952],[-93.207464,44.642266],[-93.207334,44.659366],[-93.207332,44.659661],[-93.2073,44.67387],[-93.207292,44.674078],[-93.212183,44.674076],[-93.217245,44.674073],[-93.217212,44.680509],[-93.21743,44.691557],[-93.217503,44.694872],[-93.217546,44.698361],[-93.217596,44.703046],[-93.217625,44.705585],[-93.217654,44.708232],[-93.217678,44.710432],[-93.21768,44.710613],[-93.217728,44.715055],[-93.21774,44.716203],[-93.217753,44.717423],[-93.222327,44.717428],[-93.224866,44.717432],[-93.230422,44.717434],[-93.23465,44.717439],[-93.237696,44.717442],[-93.239141,44.717443],[-93.243107,44.717444],[-93.246303,44.71745],[-93.248338,44.717453],[-93.248335,44.720687],[-93.248321,44.722057],[-93.248306,44.725241],[-93.248283,44.729502],[-93.248271,44.731955],[-93.248204,44.746753],[-93.248153,44.750453],[-93.248127,44.752273],[-93.248116,44.753072],[-93.248115,44.753123],[-93.248106,44.753749],[-93.248101,44.754149],[-93.247314,44.754412],[-93.24807,44.756161],[-93.248053,44.757384],[-93.248025,44.75915],[-93.248019,44.759452],[-93.245567,44.760789],[-93.238581,44.765174],[-93.237884,44.765612],[-93.228007,44.771781],[-93.226459,44.77275],[-93.225567,44.773335],[-93.222049,44.775844],[-93.222518,44.775836],[-93.222203,44.776032],[-93.221835,44.776034],[-93.221212,44.776036],[-93.220841,44.776269],[-93.217407,44.778419],[-93.217122,44.778599],[-93.217467,44.780822],[-93.218445,44.783718],[-93.220383,44.788036],[-93.221152,44.790241],[-93.217986,44.790211],[-93.215353,44.790207],[-93.214037,44.790196],[-93.213013,44.790195],[-93.213073,44.795022],[-93.213078,44.79516],[-93.2131,44.795764],[-93.21308,44.797059],[-93.21167,44.79706],[-93.21166,44.797861],[-93.210505,44.79785],[-93.207845,44.797836],[-93.207808,44.800204],[-93.207737,44.804683],[-93.203419,44.804659],[-93.200976,44.804632],[-93.196722,44.804495],[-93.196258,44.805633],[-93.195198,44.806712],[-93.193115,44.807805],[-93.1927,44.808499],[-93.192664,44.809129],[-93.195099,44.80923],[-93.195661,44.809367],[-93.197131,44.809495],[-93.198967,44.809402],[-93.199591,44.809415],[-93.202037,44.809653],[-93.202331,44.809652],[-93.203223,44.809647],[-93.204341,44.809645],[-93.205458,44.809643],[-93.206575,44.809641],[-93.20772,44.809643],[-93.207719,44.809976],[-93.207715,44.810908],[-93.207712,44.811817],[-93.207707,44.812935],[-93.207912,44.814491],[-93.209518,44.815991],[-93.210399,44.816582],[-93.211197,44.817547],[-93.210159,44.818263],[-93.207914,44.818895],[-93.206035,44.819139],[-93.203899,44.819134],[-93.199444,44.819128],[-93.198296,44.819126],[-93.197311,44.819123],[-93.194452,44.819119],[-93.193956,44.819115],[-93.192385,44.819113],[-93.192379,44.818375],[-93.188207,44.818589],[-93.187489,44.819065],[-93.187406,44.819066],[-93.184749,44.819099],[-93.181778,44.819071],[-93.177773,44.819076],[-93.177676,44.819075],[-93.174594,44.818736],[-93.17291,44.819055],[-93.172923,44.822925],[-93.172228,44.825055],[-93.170459,44.827556],[-93.167384,44.830158],[-93.167181,44.830325],[-93.164226,44.83343],[-93.164102,44.833601],[-93.163539,44.833602],[-93.159654,44.833603],[-93.156632,44.83354],[-93.153064,44.833536],[-93.150871,44.83353],[-93.146923,44.833544],[-93.14691,44.83132],[-93.146903,44.827904],[-93.146898,44.826306],[-93.146865,44.823277],[-93.146818,44.819041],[-93.141015,44.81904],[-93.139802,44.819037],[-93.137245,44.819031],[-93.132512,44.819018],[-93.132384,44.819019],[-93.131082,44.819016],[-93.128647,44.819009],[-93.125402,44.819004],[-93.123053,44.819002],[-93.123509,44.817363],[-93.123342,44.815482],[-93.122645,44.814533],[-93.119691,44.813964],[-93.116252,44.81408],[-93.113241,44.813017],[-93.118589,44.80792],[-93.118847,44.806853],[-93.118599,44.805764],[-93.118232,44.804505],[-93.118103,44.802146],[-93.118232,44.800985],[-93.118574,44.798936],[-93.118692,44.797865],[-93.118955,44.796393],[-93.120068,44.794987],[-93.121164,44.793195],[-93.120761,44.791701],[-93.120244,44.791085],[-93.119462,44.790154],[-93.114817,44.790392],[-93.111383,44.790139],[-93.108918,44.790142],[-93.108515,44.790142],[-93.106292,44.790144],[-93.106295,44.789225],[-93.106277,44.78647],[-93.106254,44.780669],[-93.106259,44.775687],[-93.108001,44.775689],[-93.111233,44.775713],[-93.114094,44.775686],[-93.116479,44.775674],[-93.116954,44.775675],[-93.12204,44.775646],[-93.122898,44.775692],[-93.156419,44.775764],[-93.15641,44.773687],[-93.152328,44.774601],[-93.151364,44.773122],[-93.151447,44.771828],[-93.152539,44.771823],[-93.152988,44.770506],[-93.152663,44.76886],[-93.153272,44.768065],[-93.154967,44.768054],[-93.154975,44.768912],[-93.156352,44.768049],[-93.156282,44.761052],[-93.15813,44.760944],[-93.158144,44.759627],[-93.156295,44.759624],[-93.156152,44.758474],[-93.15631,44.758472],[-93.156323,44.7571],[-93.158234,44.756055],[-93.158759,44.75587],[-93.158737,44.755803],[-93.158247,44.754566],[-93.15712,44.754577],[-93.15637,44.752676],[-93.156374,44.751899],[-93.15637,44.751539],[-93.156358,44.750504],[-93.156368,44.746394],[-93.156378,44.744377],[-93.156441,44.741127],[-93.156023,44.739229],[-93.156089,44.737036],[-93.156101,44.73403],[-93.15615,44.731932],[-93.156149,44.730136],[-93.156151,44.728592],[-93.156153,44.72505],[-93.156787,44.722479],[-93.156805,44.719372],[-93.156817,44.717356],[-93.156779,44.717133],[-93.156531,44.717133],[-93.152874,44.717357],[-93.149181,44.717366],[-93.146721,44.717374],[-93.142887,44.717379],[-93.13801,44.71723],[-93.136324,44.717186],[-93.135865,44.717193],[-93.129285,44.717138],[-93.116237,44.717441],[-93.101887,44.717491],[-93.090919,44.717492],[-93.087437,44.717697],[-93.076776,44.717741],[-93.073154,44.717464],[-93.069392,44.717288],[-93.060632,44.717235],[-93.0552,44.717383],[-93.045089,44.717316],[-93.045088,44.711363],[-93.045094,44.710046],[-93.037577,44.710046],[-93.034797,44.710047],[-93.03478,44.706388],[-93.034775,44.702726],[-93.034758,44.692049],[-93.034859,44.690039],[-93.034827,44.68839],[-93.034795,44.683441],[-93.034815,44.674626],[-93.034817,44.673815],[-93.03491,44.659316],[-93.034974,44.644822],[-93.035016,44.634884],[-93.035217,44.630351],[-93.035209,44.615844],[-93.035185,44.612129],[-93.035443,44.601122],[-93.035612,44.586927],[-93.035515,44.579329],[-93.035512,44.566866],[-93.035511,44.566509],[-93.035487,44.557938],[-93.035451,44.543551],[-93.034691,44.543564],[-93.020002,44.543457],[-93.015163,44.543444],[-92.996143,44.543396],[-92.979717,44.543345],[-92.974699,44.543348],[-92.959481,44.543299],[-92.945036,44.543243],[-92.942477,44.543264],[-92.942099,44.543354],[-92.93421,44.543217],[-92.918977,44.54325],[-92.913803,44.543386],[-92.911832,44.543266],[-92.906448,44.543268],[-92.8914,44.543278],[-92.840513,44.543307],[-92.832956,44.54331],[-92.804021,44.543196],[-92.801797,44.543197],[-92.801659,44.543201],[-92.80072,44.5432],[-92.800626,44.543194],[-92.800232,44.543184],[-92.799839,44.543174],[-92.799597,44.543176],[-92.799064,44.543181],[-92.798513,44.543187],[-92.797818,44.54302],[-92.796641,44.542738],[-92.795319,44.542662],[-92.7938,44.54276],[-92.793285,44.542972],[-92.7926,44.542971],[-92.792715,44.54324],[-92.792682,44.544783],[-92.792745,44.551828],[-92.79263,44.560875],[-92.7925,44.562374],[-92.792508,44.564637],[-92.792499,44.565215],[-92.792447,44.571802],[-92.792488,44.579517],[-92.792521,44.586343],[-92.792526,44.598822],[-92.792528,44.600687],[-92.792634,44.61524],[-92.792584,44.629722],[-92.772429,44.629647],[-92.757344,44.629502],[-92.744348,44.629494],[-92.742682,44.629501],[-92.732428,44.629485],[-92.732043,44.629493],[-92.732188,44.633028],[-92.732322,44.636287],[-92.732342,44.640148],[-92.732192,44.649204],[-92.731989,44.655423],[-92.73189,44.658212],[-92.732206,44.663638],[-92.73227,44.664797],[-92.732429,44.668775],[-92.732502,44.670819],[-92.732508,44.672625],[-92.732413,44.679948],[-92.732353,44.682529],[-92.732349,44.682618],[-92.732351,44.682738],[-92.732295,44.684986],[-92.732287,44.685341],[-92.732281,44.685574],[-92.732257,44.68693],[-92.732224,44.687935],[-92.732156,44.690486],[-92.732136,44.691448],[-92.732054,44.69443],[-92.732041,44.712319],[-92.732043,44.714345],[-92.73649,44.716413],[-92.739159,44.718039],[-92.749705,44.721731],[-92.755671,44.723243],[-92.76177,44.726267],[-92.771948,44.732077],[-92.781108,44.73543],[-92.792336,44.739362],[-92.802017,44.745673],[-92.808088,44.74701],[-92.812634,44.747252],[-92.825184,44.750243],[-92.827111,44.750435],[-92.829341,44.75001],[-92.834633,44.748069],[-92.836037,44.747368],[-92.839255,44.747061],[-92.847749,44.746636],[-92.849934,44.746524],[-92.852896,44.747151],[-92.853047,44.747182],[-92.8553,44.747715],[-92.858707,44.753021],[-92.860923,44.755765],[-92.863155,44.757746],[-92.863942,44.757742],[-92.86631,44.760428],[-92.866618,44.760284],[-92.866558,44.760775],[-92.872642,44.76745],[-92.879826,44.773058],[-92.882559,44.774107],[-92.886252,44.774587],[-92.892027,44.774443],[-92.898119,44.773683],[-92.905102,44.773599],[-92.908257,44.773872],[-92.913316,44.774695],[-92.919966,44.777814],[-92.922894,44.779635],[-92.925359,44.780784],[-92.928629,44.781417],[-92.93204,44.781095],[-92.934989,44.779768],[-92.937473,44.778019],[-92.939733,44.775671],[-92.954078,44.771154],[-92.963848,44.770063],[-92.973951,44.772303],[-92.974799,44.772315],[-92.981317,44.774325],[-92.984629,44.775028],[-92.986071,44.775312],[-92.99155,44.775331],[-92.994771,44.774701],[-93.000729,44.771914],[-93.005978,44.771685],[-93.012932,44.773761],[-93.015961,44.775564],[-93.017869,44.778021],[-93.019718,44.781721],[-93.021521,44.786753],[-93.021395,44.789707],[-93.020352,44.794229],[-93.018382,44.798497],[-93.015473,44.802625],[-93.00711,44.811988],[-93.005103,44.813505],[-93.004711,44.814873],[-93.005709,44.81818],[-93.011059,44.83354],[-93.011791,44.837379],[-93.011215,44.841906],[-93.010032,44.845989],[-93.009473,44.84792],[-93.008641,44.853079],[-93.008564,44.855157],[-93.008428,44.858711],[-93.008844,44.861846],[-93.010076,44.863787],[-93.011531,44.866928],[-93.015253,44.866891],[-93.015604,44.8641],[-93.016947,44.864103],[-93.017621,44.864105],[-93.021978,44.864117],[-93.022352,44.864119],[-93.023244,44.864119],[-93.023407,44.864119],[-93.023451,44.86412],[-93.023931,44.864122],[-93.029856,44.864136],[-93.029818,44.861739],[-93.026603,44.861718],[-93.025281,44.861736],[-93.024584,44.860332],[-93.025557,44.860327],[-93.026492,44.860306],[-93.029712,44.860298],[-93.029693,44.859387],[-93.029612,44.855271],[-93.029308,44.853411],[-93.02969,44.851698],[-93.028851,44.85168],[-93.028795,44.850069],[-93.02775,44.850057],[-93.027756,44.849803],[-93.027788,44.848146],[-93.028565,44.848124],[-93.031476,44.84814],[-93.03149,44.849808],[-93.031915,44.850108],[-93.031995,44.853406],[-93.034106,44.853415],[-93.034141,44.855297],[-93.037589,44.855323],[-93.037576,44.856752],[-93.036104,44.856771],[-93.036064,44.858912],[-93.03597,44.863812],[-93.038851,44.863839],[-93.039955,44.863845],[-93.03993,44.865499],[-93.041169,44.865476],[-93.042458,44.865444],[-93.043725,44.865491],[-93.045009,44.865495],[-93.044948,44.867298],[-93.045415,44.869101],[-93.045439,44.870903],[-93.04498,44.8728],[-93.044978,44.873884],[-93.045481,44.873892],[-93.045487,44.874281],[-93.045006,44.874595],[-93.052608,44.874661],[-93.060539,44.874672],[-93.060664,44.874673],[-93.060752,44.874675],[-93.060845,44.87467],[-93.064564,44.874715],[-93.067466,44.874781],[-93.074085,44.8752],[-93.075411,44.875118],[-93.077675,44.874563],[-93.079181,44.873702],[-93.080422,44.872661],[-93.080657,44.872445],[-93.08066,44.872994],[-93.080617,44.87524],[-93.080623,44.877333],[-93.083114,44.878466],[-93.087326,44.880754],[-93.092685,44.882978],[-93.095381,44.883353],[-93.096619,44.883361],[-93.099869,44.883368],[-93.105933,44.883385],[-93.105956,44.87639],[-93.111408,44.876308],[-93.112715,44.875452],[-93.115464,44.874517],[-93.116548,44.873679],[-93.11647,44.872329],[-93.117103,44.87213],[-93.118344,44.871796],[-93.11987,44.87228],[-93.121441,44.873282],[-93.124224,44.87436],[-93.126441,44.874389],[-93.126441,44.874137],[-93.126515,44.873358],[-93.126804,44.872777],[-93.127425,44.87188],[-93.128299,44.870228],[-93.129263,44.867935],[-93.129858,44.86586],[-93.129647,44.862826],[-93.129589,44.862538],[-93.129463,44.861912],[-93.14528,44.861924],[-93.145635,44.861925],[-93.150039,44.861924],[-93.150266,44.861927],[-93.15133,44.861928],[-93.155103,44.861711],[-93.159774,44.861709],[-93.162713,44.861937],[-93.167026,44.861941],[-93.167233,44.861941],[-93.175369,44.861949],[-93.175714,44.861958],[-93.18453,44.861975],[-93.187221,44.861987],[-93.187779,44.861978],[-93.18916,44.861985],[-93.197165,44.862004],[-93.19794,44.862],[-93.197814,44.861752],[-93.19728,44.860114],[-93.1983,44.858164],[-93.203406,44.852356],[-93.205797,44.847994],[-93.207756,44.843626],[-93.209065,44.841951],[-93.211437,44.839742],[-93.216487,44.838706],[-93.219002,44.838931],[-93.221108,44.838477],[-93.221915,44.83696],[-93.221254,44.835446],[-93.219063,44.832238],[-93.220525,44.831053],[-93.227461,44.829086],[-93.231196,44.827278],[-93.231562,44.827039],[-93.232065,44.826709],[-93.23492,44.824611],[-93.239351,44.820199],[-93.243184,44.817812],[-93.24685,44.815942],[-93.249026,44.814463],[-93.251197,44.812],[-93.252687,44.811186],[-93.255406,44.810607],[-93.261714,44.809262],[-93.268436,44.807644],[-93.27246,44.806874],[-93.280817,44.806354],[-93.283091,44.805489],[-93.284118,44.804473],[-93.285301,44.802067],[-93.286387,44.801353],[-93.289828,44.800177],[-93.290006,44.800129],[-93.289868,44.79973],[-93.289725,44.799067],[-93.289023,44.795144],[-93.288597,44.782227],[-93.288404,44.782277],[-93.2884,44.782163],[-93.284823,44.783202],[-93.284717,44.783242],[-93.284688,44.783223],[-93.284652,44.783204],[-93.283758,44.782663],[-93.283249,44.78249],[-93.28303,44.782459],[-93.282501,44.782464],[-93.280854,44.783043],[-93.277224,44.785293],[-93.274014,44.787245],[-93.268146,44.789555],[-93.265598,44.790173],[-93.261104,44.790341],[-93.258197,44.790338],[-93.254261,44.790383],[-93.248014,44.790478],[-93.248127,44.792805],[-93.248272,44.793183],[-93.245903,44.793548],[-93.24371,44.793111],[-93.240464,44.794131],[-93.239569,44.793845],[-93.240342,44.792924],[-93.242611,44.790463],[-93.245035,44.788805],[-93.248079,44.787314],[-93.251318,44.785816],[-93.255185,44.784318],[-93.258262,44.783731],[-93.258263,44.783632],[-93.258286,44.781277],[-93.258586,44.779467],[-93.260785,44.777063],[-93.261233,44.775509],[-93.265987,44.775791],[-93.265509,44.77785],[-93.26662,44.780011],[-93.267597,44.781778],[-93.267639,44.781854],[-93.269266,44.78141],[-93.273512,44.779513],[-93.277995,44.777185],[-93.279749,44.77664],[-93.288187,44.775354],[-93.288524,44.775304],[-93.294529,44.774352],[-93.297859,44.773597],[-93.302934,44.772872],[-93.30486,44.772984],[-93.318098,44.775878],[-93.325914,44.777612],[-93.329668,44.778442],[-93.329668,44.778213],[-93.329787,44.77736],[-93.329781,44.77688],[-93.329783,44.775838],[-93.329639,44.775834],[-93.328735,44.775823],[-93.328733,44.775784],[-93.328729,44.775697],[-93.328712,44.775271],[-93.328718,44.770552],[-93.328719,44.769754],[-93.328722,44.767925],[-93.329882,44.767947],[-93.332383,44.767996],[-93.336121,44.768031],[-93.339727,44.768071],[-93.343574,44.768107],[-93.344541,44.768072],[-93.347261,44.76662],[-93.35012,44.765518],[-93.353447,44.764767],[-93.354087,44.76477],[-93.356037,44.76476],[-93.358989,44.764738],[-93.359206,44.764742],[-93.364028,44.764379],[-93.364096,44.764373],[-93.364048,44.768307],[-93.374374,44.768196],[-93.374278,44.76319],[-93.374265,44.761003],[-93.374346,44.760997],[-93.374937,44.760958],[-93.377761,44.760815],[-93.379722,44.760794],[-93.379674,44.763363],[-93.37957,44.764858],[-93.379267,44.768252],[-93.378881,44.771804],[-93.379038,44.771811],[-93.382101,44.771958],[-93.384624,44.772023],[-93.387121,44.771826],[-93.388646,44.770817],[-93.389735,44.771816],[-93.392732,44.772068],[-93.394058,44.771557],[-93.394179,44.772648],[-93.39388,44.773831],[-93.394473,44.774895],[-93.394319,44.775124],[-93.398116,44.775377],[-93.398759,44.775416],[-93.398621,44.782586],[-93.398614,44.783498],[-93.398609,44.784114],[-93.400595,44.784539],[-93.403976,44.784526],[-93.408575,44.784052],[-93.412978,44.78366],[-93.413272,44.783634],[-93.412743,44.778494],[-93.412882,44.777312],[-93.41378,44.77556],[-93.415252,44.774158],[-93.415902,44.773721],[-93.417596,44.772967],[-93.419086,44.772557],[-93.421239,44.772332],[-93.429138,44.772345],[-93.430664,44.772266],[-93.431869,44.771992],[-93.433379,44.771338],[-93.434904,44.76989],[-93.436036,44.76763],[-93.439511,44.768543],[-93.444469,44.769846],[-93.448381,44.770875],[-93.449367,44.771136],[-93.450081,44.771337],[-93.451802,44.771775],[-93.456121,44.773068],[-93.459426,44.774591],[-93.464504,44.775575],[-93.464505,44.775353],[-93.464544,44.771937],[-93.469627,44.771949],[-93.4696,44.774017],[-93.469576,44.77571],[-93.469576,44.77577],[-93.469568,44.778988],[-93.469656,44.781954],[-93.476628,44.781159],[-93.505345,44.777899],[-93.505339,44.778176],[-93.505277,44.781151],[-93.505372,44.784077],[-93.505371,44.786452],[-93.506259,44.788322],[-93.507091,44.790071],[-93.508051,44.792526],[-93.50806,44.793791],[-93.508009,44.797362],[-93.508667,44.798887],[-93.509028,44.799744],[-93.509257,44.800784],[-93.50964,44.801828],[-93.509995,44.802015],[-93.509688,44.802959],[-93.508226,44.803264],[-93.506438,44.804411],[-93.506308,44.804594],[-93.508784,44.80497],[-93.511197,44.80497],[-93.513148,44.804613],[-93.514827,44.804131],[-93.516495,44.803514],[-93.517324,44.803207],[-93.518711,44.802624],[-93.519002,44.802502],[-93.520325,44.801974],[-93.520333,44.802332],[-93.520356,44.80313],[-93.52045,44.805024],[-93.530907,44.80489],[-93.540458,44.804766],[-93.540713,44.799458],[-93.541132,44.798562],[-93.543569,44.796963],[-93.546478,44.795781],[-93.547988,44.795607],[-93.551183,44.797369],[-93.553119,44.79903],[-93.554749,44.799671],[-93.557037,44.799268],[-93.563337,44.796942],[-93.566079,44.796424],[-93.573733,44.795762],[-93.577809,44.794747],[-93.580499,44.793034],[-93.58125,44.790819],[-93.581721,44.782503],[-93.582633,44.781864],[-93.585234,44.782262],[-93.588234,44.783462],[-93.589934,44.783662],[-93.596134,44.783262],[-93.597894,44.782942],[-93.599143,44.782715],[-93.599813,44.782347],[-93.599814,44.781464],[-93.599613,44.780713],[-93.599045,44.780274],[-93.595493,44.77804],[-93.594908,44.777557],[-93.594486,44.777043],[-93.594234,44.776215],[-93.595634,44.773762],[-93.601034,44.769362],[-93.607034,44.767562],[-93.613734,44.767062],[-93.61573,44.766478],[-93.621735,44.762862],[-93.622214,44.761008],[-93.621967,44.760281],[-93.620077,44.759577],[-93.617097,44.758871],[-93.614789,44.75796],[-93.612834,44.757362],[-93.609767,44.755689],[-93.608748,44.75466],[-93.60862,44.754203],[-93.609834,44.752062],[-93.611834,44.749962],[-93.613256,44.749062],[-93.614321,44.748865],[-93.615084,44.749473],[-93.615541,44.749969],[-93.616337,44.75119],[-93.616671,44.751518],[-93.618153,44.752623],[-93.618952,44.753154],[-93.620147,44.753548],[-93.620974,44.753603],[-93.621518,44.753411],[-93.62194,44.75282],[-93.621679,44.752133],[-93.621535,44.749962],[-93.622432,44.747181],[-93.622535,44.746862],[-93.62403,44.744766],[-93.625235,44.743662],[-93.627921,44.741638],[-93.630334,44.73952],[-93.631048,44.738751],[-93.631542,44.738055],[-93.631328,44.737132],[-93.631369,44.736847],[-93.630499,44.735222],[-93.629263,44.733788],[-93.628909,44.732773],[-93.628455,44.731255],[-93.628943,44.730209],[-93.631218,44.728209],[-93.632403,44.726594],[-93.632824,44.724434],[-93.632132,44.723534],[-93.629162,44.723354],[-93.626151,44.724355],[-93.624654,44.723862],[-93.626735,44.718462],[-93.626517,44.716042],[-93.625234,44.714062],[-93.62264,44.711427],[-93.618708,44.708524],[-93.618141,44.707096],[-93.619176,44.706513],[-93.623128,44.705216],[-93.626913,44.702398],[-93.62962,44.701311],[-93.630279,44.700267],[-93.630096,44.69829],[-93.630994,44.69739],[-93.63275,44.697631],[-93.635936,44.697429],[-93.636807,44.6968],[-93.638426,44.694189],[-93.639433,44.693292],[-93.642267,44.692796],[-93.643764,44.692678],[-93.644724,44.692984],[-93.646948,44.694321],[-93.647971,44.694786],[-93.64913,44.695046],[-93.650198,44.695015],[-93.650656,44.694603],[-93.651541,44.691918],[-93.652121,44.691261],[-93.652838,44.69072],[-93.653372,44.690476],[-93.655835,44.689962],[-93.657339,44.690994],[-93.657859,44.692162],[-93.658256,44.693413],[-93.659172,44.694725],[-93.659904,44.695542],[-93.660774,44.696098],[-93.662162,44.696373],[-93.663856,44.696175],[-93.665534,44.695915],[-93.667961,44.695259],[-93.669441,44.694588],[-93.6706,44.693978],[-93.672004,44.69336],[-93.673377,44.692955],[-93.674949,44.69265],[-93.675849,44.692223],[-93.677636,44.691162],[-93.677605,44.690344],[-93.678081,44.688001],[-93.678356,44.68747],[-93.67894,44.68689],[-93.679896,44.685815],[-93.684272,44.682788],[-93.688791,44.677657],[-93.695389,44.67208],[-93.698273,44.669446],[-93.701592,44.668595],[-93.70673,44.668607],[-93.710861,44.66821],[-93.715111,44.666924],[-93.71913,44.665217],[-93.720913,44.663952],[-93.72127,44.662882],[-93.719238,44.660685],[-93.715282,44.658688],[-93.715401,44.657365],[-93.720804,44.654885],[-93.722067,44.654741],[-93.725461,44.655546],[-93.727934,44.656364],[-93.728983,44.656137],[-93.730218,44.653085],[-93.737115,44.646638],[-93.738596,44.645883],[-93.746698,44.645517],[-93.747339,44.645263],[-93.755305,44.643549],[-93.757146,44.644138],[-93.759232,44.644006],[-93.759955,44.643411],[-93.760005,44.64116],[-93.759013,44.639962],[-93.756541,44.638589],[-93.755366,44.637483],[-93.755735,44.634907],[-93.758326,44.634584],[-93.761468,44.63514],[-93.762332,44.637788],[-93.763568,44.639101],[-93.766609,44.640109],[-93.767063,44.640168],[-93.768039,44.640303],[-93.768039,44.642824],[-93.76804,44.644922],[-93.768233,44.649338],[-93.768144,44.659054],[-93.768154,44.661614],[-93.768176,44.67352],[-93.788562,44.673526],[-93.798742,44.673536],[-93.810071,44.673512],[-93.819001,44.673412],[-93.822274,44.673356],[-93.829219,44.673375],[-93.84961,44.673704],[-93.860229,44.673596],[-93.86993,44.673474],[-93.871342,44.673469],[-93.879653,44.67347],[-93.888831,44.673409],[-93.88881,44.67702],[-93.88878,44.680421],[-93.888715,44.687963],[-93.888716,44.697194],[-93.888712,44.702477],[-93.888706,44.7059],[-93.888636,44.717044],[-93.904855,44.717147],[-93.909054,44.717171],[-93.92946,44.717247],[-93.94984,44.71727],[-93.954644,44.717288],[-93.960759,44.717318],[-93.97027,44.717368],[-93.97823,44.717384],[-93.978609,44.717386],[-93.980459,44.717391],[-93.990628,44.717409],[-94.010494,44.717464],[-94.030917,44.717431],[-94.051426,44.717365],[-94.071731,44.717393],[-94.092162,44.717376],[-94.11255,44.717359],[-94.13198,44.717378],[-94.132425,44.717554],[-94.152642,44.717583],[-94.172965,44.717653],[-94.18733,44.717698],[-94.193109,44.717802],[-94.201577,44.717843],[-94.218407,44.717906],[-94.231762,44.717827],[-94.236817,44.717923],[-94.248023,44.717815],[-94.254076,44.717855],[-94.254004,44.722001],[-94.254096,44.725055],[-94.253975,44.726734],[-94.254019,44.739704],[-94.254016,44.741872],[-94.254138,44.76035],[-94.254099,44.761069],[-94.254073,44.775936],[-94.254034,44.796918],[-94.254119,44.797854],[-94.254169,44.804446],[-94.254086,44.805314],[-94.25456,44.805325],[-94.274681,44.80517],[-94.295194,44.80499],[-94.300296,44.804968],[-94.305114,44.80495],[-94.316031,44.804963],[-94.331472,44.804978],[-94.336037,44.804983],[-94.350635,44.804934],[-94.356406,44.804925],[-94.359262,44.804924],[-94.375692,44.804866],[-94.388317,44.804972],[-94.390344,44.804992],[-94.391522,44.804991],[-94.396031,44.80502],[-94.41646,44.805129],[-94.418552,44.805158],[-94.426982,44.80518],[-94.431848,44.805044],[-94.436942,44.805017],[-94.441267,44.805001],[-94.445372,44.804985],[-94.462746,44.804901],[-94.469046,44.805019],[-94.478035,44.804984],[-94.497762,44.804995],[-94.497771,44.811975],[-94.497807,44.818222],[-94.497813,44.819654],[-94.497932,44.834254],[-94.498019,44.848775],[-94.498037,44.857678],[-94.498027,44.863336],[-94.49801,44.877923],[-94.49773,44.892334],[-94.502395,44.892295],[-94.512722,44.892236],[-94.518356,44.892203],[-94.522791,44.89217],[-94.53901,44.892091],[-94.54351,44.892076],[-94.559478,44.89204],[-94.56407,44.892024],[-94.580141,44.892011],[-94.584505,44.892177],[-94.588278,44.891951],[-94.605007,44.891917],[-94.610789,44.891899],[-94.625601,44.891867],[-94.630219,44.891861],[-94.635351,44.891856],[-94.650848,44.891899],[-94.655788,44.891916],[-94.67125,44.891965],[-94.67625,44.891977],[-94.691683,44.891997],[-94.691926,44.891997],[-94.700044,44.892007],[-94.711776,44.892017],[-94.727225,44.892047],[-94.732192,44.892057],[-94.737598,44.892071],[-94.752824,44.892086],[-94.758081,44.892097],[-94.75806,44.906629],[-94.758054,44.921182],[-94.757996,44.923885],[-94.757919,44.935719],[-94.757751,44.964812],[-94.757613,44.979377],[-94.765855,44.979334],[-94.777572,44.979284],[-94.777989,44.979346],[-94.798375,44.979407],[-94.818741,44.979504],[-94.830123,44.979519],[-94.856584,44.979557],[-94.859729,44.979635],[-94.879818,44.979513],[-94.894016,44.979551],[-94.895301,44.979349],[-94.905575,44.979563],[-94.922804,44.979617],[-94.941244,44.97943],[-94.945818,44.979336],[-94.961814,44.979585],[-94.97141,44.97962],[-94.972195,44.979639],[-94.974553,44.979699],[-94.975339,44.979719],[-94.982224,44.979643],[-95.00265,44.979738],[-95.023152,44.979528],[-95.043702,44.979273],[-95.064152,44.979105],[-95.084575,44.97897],[-95.104987,44.978745],[-95.125151,44.978548],[-95.131535,44.97852],[-95.145667,44.978487],[-95.166116,44.978582],[-95.176267,44.978523],[-95.186496,44.978468],[-95.197045,44.978384],[-95.207603,44.978316],[-95.214747,44.978307],[-95.217427,44.978305],[-95.228112,44.978292],[-95.248352,44.978292],[-95.248396,44.963707],[-95.248576,44.949156],[-95.248712,44.934666],[-95.248604,44.920282],[-95.248589,44.917674],[-95.248582,44.914357],[-95.248565,44.905792],[-95.248547,44.899894],[-95.24852,44.89131],[-95.26035,44.891335],[-95.280923,44.891343],[-95.289498,44.891323],[-95.304454,44.891249],[-95.307207,44.891278],[-95.321593,44.891227],[-95.343693,44.891249],[-95.347977,44.891221],[-95.361111,44.891154],[-95.370584,44.891112],[-95.381906,44.891081],[-95.391225,44.891054],[-95.393897,44.891041],[-95.402487,44.891015],[-95.40531,44.891012],[-95.422662,44.890957],[-95.432223,44.890919],[-95.443283,44.890888],[-95.463398,44.890783],[-95.474263,44.890746],[-95.482503,44.890713],[-95.482889,44.890712],[-95.482974,44.889121],[-95.48303,44.879781],[-95.483035,44.876138],[-95.483069,44.869492],[-95.483068,44.86518],[-95.483313,44.86165],[-95.483611,44.854685],[-95.483608,44.854496],[-95.483547,44.847116],[-95.483553,44.839836],[-95.483566,44.832552],[-95.483524,44.825331],[-95.483488,44.818057],[-95.483479,44.813403],[-95.483186,44.806724],[-95.483205,44.803675],[-95.483181,44.80357],[-95.483181,44.803469],[-95.483189,44.800558],[-95.483175,44.799874],[-95.483175,44.796318],[-95.483163,44.796081],[-95.483103,44.788964],[-95.483059,44.778074],[-95.483053,44.774481],[-95.483157,44.766936],[-95.482956,44.765337],[-95.482964,44.763578],[-95.482883,44.753313],[-95.482843,44.752505],[-95.486863,44.750743],[-95.487368,44.750672],[-95.488446,44.750809],[-95.490001,44.751408],[-95.490989,44.751954],[-95.491354,44.752361],[-95.491436,44.752771],[-95.491232,44.753686],[-95.491169,44.754541],[-95.491593,44.756163],[-95.491827,44.757664],[-95.491892,44.758529],[-95.491846,44.760902],[-95.491476,44.76213],[-95.490525,44.762728],[-95.489571,44.763197],[-95.489429,44.763551],[-95.489654,44.764191],[-95.491144,44.76512],[-95.492093,44.765986],[-95.493445,44.767515],[-95.493888,44.7681],[-95.49438,44.769023],[-95.494898,44.769566],[-95.495318,44.769794],[-95.499639,44.770643],[-95.501501,44.771413],[-95.503406,44.772113],[-95.504191,44.772631],[-95.504908,44.772939],[-95.50574,44.772915],[-95.50684,44.772416],[-95.508341,44.77106],[-95.509013,44.770244],[-95.509101,44.769705],[-95.508146,44.76759],[-95.508068,44.766644],[-95.508468,44.765894],[-95.50878,44.765611],[-95.509667,44.765435],[-95.511631,44.765315],[-95.513919,44.765789],[-95.515622,44.766617],[-95.515888,44.767867],[-95.515127,44.769725],[-95.515039,44.770369],[-95.515137,44.770866],[-95.515624,44.771353],[-95.516255,44.771737],[-95.517239,44.771952],[-95.518491,44.771646],[-95.522079,44.769989],[-95.523424,44.76956],[-95.525413,44.769521],[-95.5275,44.769989],[-95.528772,44.770633],[-95.529166,44.770802],[-95.530161,44.771784],[-95.530775,44.773136],[-95.530767,44.77403],[-95.5306,44.774538],[-95.530105,44.774788],[-95.529372,44.774848],[-95.527484,44.774503],[-95.526584,44.77446],[-95.525547,44.774629],[-95.522985,44.775184],[-95.522381,44.775838],[-95.522494,44.776585],[-95.523785,44.777385],[-95.524553,44.777956],[-95.525142,44.778882],[-95.525601,44.780999],[-95.525837,44.781836],[-95.526066,44.782205],[-95.525871,44.782697],[-95.525482,44.783059],[-95.524857,44.783287],[-95.523746,44.783521],[-95.521211,44.783733],[-95.519573,44.783599],[-95.516005,44.783502],[-95.514578,44.78349],[-95.514252,44.783355],[-95.513005,44.783383],[-95.509024,44.784028],[-95.507791,44.784501],[-95.506261,44.785312],[-95.501329,44.786031],[-95.498456,44.786867],[-95.497566,44.788828],[-95.500295,44.791427],[-95.501224,44.791724],[-95.503983,44.794421],[-95.507603,44.795143],[-95.51012,44.796052],[-95.51228,44.79761],[-95.515751,44.799404],[-95.519483,44.801835],[-95.523691,44.802137],[-95.528401,44.802325],[-95.529609,44.802387],[-95.533964,44.802592],[-95.53957,44.802485],[-95.545098,44.803528],[-95.54404,44.805437],[-95.540386,44.806835],[-95.535689,44.811478],[-95.535371,44.812327],[-95.535445,44.814064],[-95.536509,44.815126],[-95.544316,44.819386],[-95.546147,44.819555],[-95.552297,44.821971],[-95.553787,44.822352],[-95.55735,44.822443],[-95.559542,44.822985],[-95.560203,44.823183],[-95.564119,44.826238],[-95.565914,44.827815],[-95.566756,44.828685],[-95.567305,44.831242],[-95.565841,44.833394],[-95.566141,44.834152],[-95.567895,44.835394],[-95.569348,44.83747],[-95.573553,44.840324],[-95.574782,44.840148],[-95.576881,44.838896],[-95.579226,44.83909],[-95.583227,44.840505],[-95.587973,44.840994],[-95.600476,44.843181],[-95.600682,44.844476],[-95.598113,44.84632],[-95.596614,44.847872],[-95.596878,44.849418],[-95.598227,44.8502],[-95.601031,44.850967],[-95.604699,44.850133],[-95.605281,44.849926],[-95.607794,44.849432],[-95.608976,44.849238],[-95.610782,44.849087],[-95.612107,44.849253],[-95.613516,44.850024],[-95.615296,44.850728],[-95.615774,44.851153],[-95.616359,44.852322],[-95.616509,44.854365],[-95.615818,44.855936],[-95.614936,44.857524],[-95.614643,44.859634],[-95.616308,44.863037],[-95.617601,44.864275],[-95.618553,44.865023],[-95.619848,44.866671],[-95.620936,44.867489],[-95.622962,44.867708],[-95.623959,44.867894],[-95.624998,44.86839],[-95.626784,44.868881],[-95.627205,44.869386],[-95.62834,44.871086],[-95.629209,44.871886],[-95.629702,44.872462],[-95.63038,44.873618],[-95.630502,44.874048],[-95.630589,44.87529],[-95.631088,44.875951],[-95.632648,44.877642],[-95.633246,44.878062],[-95.633701,44.878056],[-95.634116,44.877817],[-95.634417,44.877243],[-95.634546,44.875453],[-95.63466,44.874977],[-95.635593,44.873868],[-95.636379,44.873406],[-95.637269,44.873287],[-95.638661,44.873395],[-95.639875,44.873628],[-95.641257,44.874193],[-95.641859,44.874547],[-95.643504,44.876107],[-95.644693,44.877066],[-95.646795,44.879221],[-95.647618,44.87989],[-95.649256,44.880885],[-95.650794,44.882094],[-95.652011,44.882882],[-95.654365,44.88476],[-95.654744,44.885595],[-95.654318,44.886144],[-95.653433,44.886363],[-95.651049,44.886212],[-95.649814,44.886288],[-95.649111,44.886632],[-95.648468,44.887217],[-95.648216,44.888037],[-95.648239,44.888531],[-95.648973,44.889907],[-95.649691,44.890678],[-95.650457,44.891139],[-95.651068,44.891251],[-95.651718,44.891189],[-95.652267,44.890986],[-95.653732,44.890189],[-95.655587,44.889071],[-95.656979,44.88902],[-95.658527,44.889517],[-95.659922,44.890287],[-95.661146,44.891354],[-95.662564,44.892234],[-95.663531,44.893135],[-95.664306,44.894168],[-95.664805,44.89448],[-95.665912,44.894803],[-95.66777,44.895146],[-95.669325,44.895761],[-95.671581,44.896374],[-95.672819,44.896596],[-95.673687,44.896917],[-95.67417,44.897246],[-95.674324,44.897656],[-95.674198,44.898072],[-95.673867,44.898331],[-95.672516,44.898791],[-95.671672,44.89937],[-95.671157,44.900448],[-95.671037,44.901359],[-95.671176,44.902144],[-95.671698,44.903468],[-95.672179,44.904195],[-95.672914,44.904739],[-95.674288,44.905339],[-95.675045,44.90552],[-95.675504,44.905754],[-95.676794,44.906694],[-95.677605,44.907534],[-95.67832,44.908145],[-95.679065,44.908595],[-95.681813,44.909709],[-95.683119,44.909781],[-95.684052,44.909497],[-95.68436,44.909041],[-95.6838,44.90845],[-95.681949,44.908481],[-95.68098,44.908133],[-95.680509,44.907622],[-95.680283,44.907398],[-95.680164,44.907273],[-95.685237,44.903469],[-95.68729,44.90229],[-95.688014,44.902078],[-95.688948,44.901974],[-95.690587,44.902229],[-95.694397,44.903578],[-95.695149,44.903897],[-95.69621,44.904103],[-95.697487,44.903976],[-95.698669,44.903768],[-95.701806,44.903702],[-95.704792,44.903843],[-95.707256,44.90364],[-95.708433,44.90349],[-95.709568,44.903575],[-95.710192,44.903981],[-95.710571,44.904477],[-95.711355,44.905225],[-95.711899,44.90549],[-95.71389,44.905477],[-95.715233,44.905555],[-95.71708,44.905886],[-95.71824,44.905895],[-95.719783,44.906541],[-95.72102,44.907159],[-95.722262,44.908135],[-95.72349,44.909265],[-95.723686,44.909836],[-95.723475,44.910105],[-95.722514,44.910423],[-95.720783,44.910443],[-95.720187,44.910515],[-95.719154,44.910914],[-95.718768,44.911372],[-95.718802,44.911902],[-95.719051,44.912502],[-95.720123,44.914203],[-95.720831,44.9158],[-95.720929,44.917438],[-95.720933,44.918617],[-95.72128,44.919892],[-95.721276,44.920278],[-95.72084,44.92068],[-95.72007,44.920768],[-95.719405,44.920975],[-95.719187,44.921303],[-95.71936,44.921524],[-95.720858,44.922711],[-95.722727,44.924419],[-95.724281,44.926055],[-95.725109,44.926644],[-95.725797,44.926997],[-95.726264,44.927398],[-95.726877,44.928855],[-95.72721,44.929457],[-95.73024,44.931709],[-95.73318,44.932718],[-95.733415,44.932989],[-95.73355,44.933733],[-95.733336,44.934246],[-95.733468,44.934749],[-95.736696,44.93604],[-95.739243,44.937156],[-95.742558,44.937913],[-95.744592,44.938548],[-95.744911,44.938822],[-95.744833,44.939424],[-95.74392,44.939542],[-95.742503,44.939238],[-95.74176,44.939274],[-95.741335,44.939462],[-95.741202,44.940141],[-95.741841,44.941542],[-95.742668,44.943181],[-95.743126,44.943846],[-95.743846,44.944467],[-95.745012,44.944947],[-95.745553,44.945054],[-95.746226,44.945004],[-95.746734,44.944758],[-95.746733,44.944053],[-95.746501,44.942964],[-95.746504,44.941941],[-95.746752,44.941428],[-95.747538,44.941084],[-95.748389,44.940989],[-95.749254,44.940641],[-95.749656,44.940772],[-95.749146,44.941828],[-95.749533,44.942392],[-95.751058,44.943978],[-95.752331,44.944665],[-95.754327,44.945835],[-95.755777,44.946448],[-95.75737,44.946876],[-95.757977,44.946893],[-95.758225,44.946628],[-95.75794,44.945891],[-95.756892,44.944638],[-95.755652,44.943601],[-95.755195,44.943036],[-95.755103,44.942408],[-95.75552,44.941769],[-95.756244,44.941609],[-95.757077,44.941605],[-95.758236,44.941723],[-95.759456,44.941726],[-95.760536,44.941907],[-95.766016,44.941991],[-95.765476,44.942932],[-95.761009,44.942745],[-95.760723,44.942793],[-95.76106,44.943718],[-95.761591,44.944296],[-95.764185,44.945623],[-95.765331,44.946535],[-95.766026,44.946934],[-95.767329,44.947441],[-95.768399,44.947929],[-95.768992,44.948032],[-95.769487,44.947952],[-95.769841,44.947443],[-95.769975,44.946568],[-95.769957,44.945504],[-95.769849,44.944333],[-95.769903,44.943885],[-95.770171,44.943545],[-95.771249,44.942783],[-95.772127,44.942359],[-95.772941,44.94211],[-95.776161,44.942166],[-95.776992,44.942495],[-95.777691,44.943493],[-95.778365,44.944686],[-95.778763,44.945245],[-95.779787,44.946065],[-95.781771,44.946601],[-95.783343,44.947368],[-95.784724,44.947826],[-95.786444,44.948891],[-95.787057,44.948664],[-95.787022,44.947636],[-95.787278,44.947054],[-95.787806,44.947132],[-95.788304,44.948327],[-95.789174,44.94907],[-95.790133,44.949374],[-95.790907,44.949293],[-95.791533,44.948938],[-95.791683,44.94847],[-95.791545,44.948124],[-95.790656,44.947293],[-95.790474,44.946497],[-95.7909,44.946267],[-95.791535,44.946338],[-95.792703,44.946938],[-95.793179,44.947102],[-95.794562,44.947102],[-95.796371,44.947282],[-95.797774,44.947587],[-95.800924,44.948394],[-95.80182,44.948541],[-95.803514,44.948925],[-95.804281,44.949197],[-95.804422,44.949368],[-95.804216,44.950381],[-95.804299,44.951039],[-95.804693,44.951784],[-95.805458,44.952171],[-95.806388,44.952305],[-95.808242,44.952255],[-95.809356,44.952416],[-95.810386,44.953208],[-95.810856,44.954115],[-95.810508,44.954427],[-95.809938,44.954493],[-95.807269,44.954456],[-95.806917,44.954636],[-95.807137,44.955084],[-95.807846,44.955965],[-95.808209,44.957159],[-95.808615,44.957668],[-95.80941,44.958278],[-95.810818,44.959873],[-95.810908,44.960688],[-95.811023,44.961456],[-95.811391,44.961618],[-95.812436,44.961286],[-95.813466,44.96112],[-95.814119,44.961114],[-95.81552,44.961271],[-95.816067,44.961409],[-95.817218,44.96093],[-95.81841,44.960799],[-95.819079,44.960838],[-95.81987,44.961059],[-95.820978,44.961716],[-95.821863,44.962663],[-95.823143,44.96469],[-95.82315,44.965022],[-95.82257,44.965099],[-95.821828,44.964963],[-95.821601,44.965293],[-95.822523,44.965982],[-95.822786,44.966423],[-95.822709,44.966873],[-95.822457,44.967062],[-95.821558,44.967321],[-95.820907,44.967639],[-95.820348,44.968145],[-95.820286,44.96861],[-95.820696,44.968853],[-95.821149,44.968821],[-95.822122,44.968363],[-95.822869,44.968244],[-95.82333,44.968354],[-95.823883,44.968915],[-95.82402,44.969522],[-95.823556,44.969987],[-95.822826,44.970008],[-95.822433,44.970393],[-95.822499,44.970833],[-95.823036,44.971452],[-95.823397,44.972059],[-95.823721,44.973136],[-95.823567,44.973726],[-95.823012,44.97471],[-95.823048,44.975427],[-95.823725,44.976977],[-95.824325,44.977945],[-95.824279,44.978345],[-95.823627,44.978469],[-95.822838,44.978724],[-95.822971,44.979023],[-95.824096,44.979724],[-95.82488,44.980815],[-95.825202,44.981138],[-95.825259,44.98168],[-95.824898,44.981754],[-95.824074,44.981578],[-95.823161,44.981715],[-95.823101,44.982135],[-95.823835,44.983314],[-95.824008,44.983842],[-95.82423,44.985501],[-95.824614,44.986884],[-95.825426,44.988009],[-95.826015,44.988464],[-95.826977,44.988889],[-95.827968,44.989026],[-95.828417,44.989238],[-95.829574,44.989103],[-95.830542,44.988861],[-95.830864,44.988998],[-95.83107,44.989787],[-95.830844,44.989967],[-95.830193,44.990003],[-95.829487,44.990009],[-95.828826,44.989991],[-95.825896,44.990468],[-95.825906,44.992238],[-95.828564,44.992617],[-95.829644,44.992061],[-95.829998,44.990896],[-95.83089,44.990634],[-95.833146,44.991696],[-95.834071,44.99293],[-95.833921,44.993173],[-95.833523,44.993324],[-95.832533,44.993439],[-95.831707,44.993702],[-95.830915,44.994085],[-95.830469,44.99455],[-95.830419,44.994983],[-95.830936,44.99514],[-95.831706,44.995105],[-95.832786,44.994901],[-95.833201,44.994101],[-95.833482,44.993804],[-95.833883,44.993744],[-95.834532,44.993835],[-95.834703,44.994023],[-95.835832,44.99455],[-95.836102,44.994932],[-95.836097,44.995353],[-95.83585,44.995663],[-95.834157,44.996805],[-95.833421,44.997508],[-95.833278,44.998008],[-95.833722,44.998214],[-95.834836,44.998235],[-95.835182,44.997871],[-95.835411,44.996995],[-95.836383,44.996286],[-95.836671,44.99602],[-95.837089,44.996151],[-95.837368,44.996097],[-95.838635,44.996568],[-95.839138,44.997256],[-95.838895,44.99871],[-95.839844,44.999117],[-95.840445,44.999068],[-95.841693,44.99918],[-95.84244,44.999417],[-95.843268,44.999819],[-95.843263,44.999958],[-95.844486,45.000733],[-95.844782,45.001519],[-95.845386,45.002175],[-95.846912,45.002201],[-95.847967,45.002501],[-95.848118,45.002879],[-95.848751,45.003269],[-95.849573,45.003549],[-95.850511,45.003632],[-95.851606,45.00407],[-95.852374,45.004466],[-95.85498,45.005054],[-95.855955,45.005505],[-95.85711,45.006229],[-95.858247,45.006559],[-95.858634,45.006672],[-95.858812,45.006724],[-95.859517,45.006901],[-95.85998,45.007054],[-95.860275,45.007158],[-95.860504,45.007264],[-95.86071,45.0074],[-95.860901,45.00757],[-95.860975,45.007727],[-95.860826,45.00789],[-95.860295,45.008094],[-95.860072,45.008305],[-95.860125,45.008881],[-95.861275,45.009761],[-95.862407,45.011326],[-95.863194,45.012414],[-95.863597,45.012527],[-95.865313,45.012361],[-95.866192,45.012856],[-95.866902,45.014058],[-95.867129,45.014623],[-95.867163,45.015145],[-95.867,45.015702],[-95.866129,45.016664],[-95.866069,45.017131],[-95.866497,45.017576],[-95.867394,45.018261],[-95.868163,45.019453],[-95.868265,45.020134],[-95.868949,45.021942],[-95.869409,45.023918],[-95.871303,45.0251],[-95.87095,45.023485],[-95.872008,45.023005],[-95.873694,45.02459],[-95.874804,45.024167],[-95.874368,45.022015],[-95.876283,45.022932],[-95.877827,45.022974],[-95.880231,45.02367],[-95.881053,45.025347],[-95.880374,45.025994],[-95.878453,45.025482],[-95.877535,45.026145],[-95.879097,45.026884],[-95.880387,45.02841],[-95.883206,45.027723],[-95.884391,45.028972],[-95.883719,45.029939],[-95.884062,45.0309],[-95.881827,45.032619],[-95.882795,45.033538],[-95.885346,45.033072],[-95.887829,45.034756],[-95.890067,45.035069],[-95.894781,45.036487],[-95.93062,45.06211],[-95.961705,45.084336],[-95.962905,45.085697],[-95.980339,45.097574],[-95.992883,45.110801],[-95.995448,45.1115],[-95.998922,45.111563],[-96.000317,45.112204],[-96.001125,45.112945],[-96.000885,45.113988],[-96.002624,45.116007],[-96.001912,45.116882],[-96.000318,45.116242],[-95.999362,45.116134],[-95.999161,45.117187],[-96.000318,45.119603],[-96.002867,45.11973],[-96.003764,45.12023],[-96.002916,45.121748],[-96.003403,45.122313],[-96.007014,45.123592],[-96.008423,45.123772],[-96.011234,45.123385],[-96.012472,45.123726],[-96.013834,45.125604],[-96.014873,45.128703],[-96.017362,45.131032],[-96.018772,45.131391],[-96.020175,45.132434],[-96.021064,45.135074],[-96.022548,45.13628],[-96.022894,45.137358],[-96.024229,45.136314],[-96.025718,45.136471],[-96.025825,45.139162],[-96.027145,45.139609],[-96.028474,45.141684],[-96.028356,45.14274],[-96.03023,45.144773],[-96.032863,45.146296],[-96.036851,45.150143],[-96.036698,45.152206],[-96.036902,45.152915],[-96.038506,45.153272],[-96.04184,45.156074],[-96.043162,45.156762],[-96.048217,45.15843],[-96.050477,45.158016],[-96.052791,45.157672],[-96.053511,45.156453],[-96.05482,45.156288],[-96.056908,45.156877],[-96.057143,45.156963],[-96.057377,45.157025],[-96.057398,45.157039],[-96.057654,45.157216],[-96.057786,45.157411],[-96.057585,45.158064],[-96.057521,45.158099],[-96.057499,45.158101],[-96.057169,45.158149],[-96.056918,45.158218],[-96.056841,45.158239],[-96.056716,45.158392],[-96.056808,45.158553],[-96.056892,45.158573],[-96.05798,45.158831],[-96.058628,45.158748],[-96.060038,45.158985],[-96.061825,45.159559],[-96.063612,45.160274],[-96.063933,45.161023],[-96.064543,45.161382],[-96.065907,45.161696],[-96.067054,45.161692],[-96.067647,45.161915],[-96.068013,45.162269],[-96.068118,45.162728],[-96.068449,45.163041],[-96.069479,45.1632],[-96.071593,45.163405],[-96.073314,45.163825],[-96.074067,45.164124],[-96.074388,45.164485],[-96.074699,45.165537],[-96.075111,45.1658],[-96.075686,45.165935],[-96.077199,45.165977],[-96.078385,45.165892],[-96.079795,45.165331],[-96.080602,45.165363],[-96.0819,45.165769],[-96.084646,45.165762],[-96.085308,45.166064],[-96.085471,45.166365],[-96.085557,45.167283],[-96.086068,45.167611],[-96.086441,45.167598],[-96.087714,45.167244],[-96.088971,45.16727],[-96.090015,45.167915],[-96.0929,45.169148],[-96.09418,45.171176],[-96.097279,45.174507],[-96.103614,45.176675],[-96.103829,45.176742],[-96.104731,45.177026],[-96.105315,45.17766],[-96.105654,45.178926],[-96.105742,45.180853],[-96.1061,45.181414],[-96.107596,45.18319],[-96.114794,45.186088],[-96.123841,45.188843],[-96.132102,45.191918],[-96.138165,45.193286],[-96.141157,45.193286],[-96.144339,45.192474],[-96.146392,45.191136],[-96.149623,45.190682],[-96.152789,45.191023],[-96.156533,45.191394],[-96.159911,45.191633],[-96.16049,45.191423],[-96.16107,45.191455],[-96.161502,45.191664],[-96.162197,45.192461],[-96.162789,45.192848],[-96.163268,45.193541],[-96.163779,45.193532],[-96.164903,45.19262],[-96.165972,45.192426],[-96.167701,45.192843],[-96.168644,45.192544],[-96.169292,45.192503],[-96.171794,45.192783],[-96.172398,45.192739],[-96.173033,45.192862],[-96.173421,45.193741],[-96.174402,45.194514],[-96.175448,45.194916],[-96.17642,45.195066],[-96.178598,45.195703],[-96.179654,45.196522],[-96.18089,45.196774],[-96.183449,45.197659],[-96.185148,45.197896],[-96.185432,45.198125],[-96.185646,45.198687],[-96.186272,45.198928],[-96.187109,45.19871],[-96.187793,45.1988],[-96.188675,45.19925],[-96.189467,45.19988],[-96.190241,45.200312],[-96.192239,45.20087],[-96.192618,45.201158],[-96.193428,45.202491],[-96.194346,45.203103],[-96.195126,45.203388],[-96.195823,45.203484],[-96.197249,45.203353],[-96.197736,45.203394],[-96.198473,45.203653],[-96.201537,45.205975],[-96.20234,45.205977],[-96.203163,45.205415],[-96.204098,45.205454],[-96.204855,45.205744],[-96.205828,45.206413],[-96.20736,45.207138],[-96.206553,45.207772],[-96.206501,45.208001],[-96.208203,45.208732],[-96.209029,45.209272],[-96.209628,45.20982],[-96.210001,45.210472],[-96.210372,45.211974],[-96.211105,45.213236],[-96.211944,45.213962],[-96.213313,45.214769],[-96.216319,45.216776],[-96.217248,45.21743],[-96.217996,45.218384],[-96.219981,45.219502],[-96.224445,45.220724],[-96.226171,45.219492],[-96.230328,45.218128],[-96.232974,45.21816],[-96.23754,45.21979],[-96.239626,45.219779],[-96.24094,45.21808],[-96.242796,45.217778],[-96.244751,45.218824],[-96.246579,45.218408],[-96.248014,45.219095],[-96.250676,45.219029],[-96.251873,45.218342],[-96.252616,45.218866],[-96.251861,45.219804],[-96.254805,45.221412],[-96.256705,45.221171],[-96.258197,45.223536],[-96.259054,45.223645],[-96.259667,45.222581],[-96.262102,45.223283],[-96.263264,45.222419],[-96.262914,45.221394],[-96.265546,45.222398],[-96.267682,45.221725],[-96.268993,45.222121],[-96.269552,45.223115],[-96.272032,45.223739],[-96.27264,45.222952],[-96.275106,45.22286],[-96.274612,45.223745],[-96.276619,45.223647],[-96.276767,45.224347],[-96.275356,45.226614],[-96.277847,45.226361],[-96.279401,45.229714],[-96.281068,45.230849],[-96.280515,45.232892],[-96.282111,45.23375],[-96.282461,45.234617],[-96.280316,45.23554],[-96.280344,45.236101],[-96.282345,45.236914],[-96.284595,45.236694],[-96.286818,45.236894],[-96.288206,45.23721],[-96.288834,45.238733],[-96.287644,45.240349],[-96.287862,45.241516],[-96.285838,45.242493],[-96.284275,45.242671],[-96.285288,45.243505],[-96.283734,45.244927],[-96.28347,45.246972],[-96.286256,45.246828],[-96.287966,45.24776],[-96.28932,45.247333],[-96.290876,45.248865],[-96.292438,45.249327],[-96.293653,45.248411],[-96.298337,45.248982],[-96.299897,45.249409],[-96.301968,45.24994],[-96.304415,45.24915],[-96.307378,45.249999],[-96.30796,45.247403],[-96.309143,45.247094],[-96.311866,45.248025],[-96.313405,45.247447],[-96.313307,45.249908],[-96.311142,45.251075],[-96.312422,45.251808],[-96.313579,45.2508],[-96.314798,45.250617],[-96.31641,45.252374],[-96.317135,45.252115],[-96.317245,45.250735],[-96.318861,45.250658],[-96.319071,45.249315],[-96.320023,45.24945],[-96.320408,45.251391],[-96.322155,45.252299],[-96.322236,45.250771],[-96.324933,45.250722],[-96.326885,45.250158],[-96.328104,45.25057],[-96.328374,45.251918],[-96.333075,45.253275],[-96.334987,45.254713],[-96.337862,45.255962],[-96.339257,45.25606],[-96.342509,45.255889],[-96.343932,45.256111],[-96.346271,45.256942],[-96.34762,45.256739],[-96.349997,45.255365],[-96.352842,45.255689],[-96.355218,45.256445],[-96.356784,45.258021],[-96.357778,45.258295],[-96.361141,45.257225],[-96.363622,45.257736],[-96.365112,45.257224],[-96.367753,45.257149],[-96.368642,45.257589],[-96.368768,45.257651],[-96.369136,45.258975],[-96.370687,45.258919],[-96.37202,45.26035],[-96.37433,45.260748],[-96.375214,45.260281],[-96.37612,45.260897],[-96.377483,45.260784],[-96.377477,45.259775],[-96.380728,45.259746],[-96.381472,45.258471],[-96.383354,45.258456],[-96.383867,45.257645],[-96.385296,45.25774],[-96.386535,45.258872],[-96.387358,45.25844],[-96.391423,45.257924],[-96.393945,45.258243],[-96.39488,45.257667],[-96.397158,45.258026],[-96.398007,45.257184],[-96.400228,45.257533],[-96.401029,45.25676],[-96.403722,45.256486],[-96.405814,45.257452],[-96.406964,45.25652],[-96.408067,45.258364],[-96.409664,45.25799],[-96.410468,45.260139],[-96.412397,45.260991],[-96.413974,45.260761],[-96.414681,45.261257],[-96.413922,45.262619],[-96.414964,45.262198],[-96.416505,45.262479],[-96.41528,45.263025],[-96.418604,45.265269],[-96.41753,45.266516],[-96.418965,45.267714],[-96.419613,45.267207],[-96.422214,45.267914],[-96.423592,45.267113],[-96.425905,45.26846],[-96.427153,45.268425],[-96.427875,45.267541],[-96.430451,45.268654],[-96.430717,45.269351],[-96.44831,45.269107],[-96.452947,45.268925],[-96.452841,45.254432],[-96.452726,45.240013],[-96.452603,45.22601],[-96.452617,45.224689],[-96.452481,45.211303],[-96.452397,45.202914],[-96.452296,45.19628],[-96.452555,45.190929],[-96.452684,45.182322],[-96.45238,45.171542],[-96.45238,45.16768],[-96.452067,45.15339],[-96.452367,45.136841],[-96.452626,45.125274],[-96.452429,45.124229],[-96.452319,45.115094],[-96.45233,45.108102],[-96.45237,45.09507],[-96.452221,45.088252],[-96.452169,45.077315],[-96.45222,45.06684],[-96.4522,45.066116],[-96.452208,45.049717],[-96.452212,45.037329],[-96.452114,45.014602],[-96.452037,45.006443],[-96.451995,45.001698],[-96.452024,44.993959],[-96.452025,44.979469],[-96.452247,44.977145],[-96.452026,44.968425],[-96.452342,44.962785],[-96.45197,44.962516],[-96.451928,44.943733],[-96.451922,44.936052],[-96.45188,44.911081],[-96.452026,44.910336],[-96.451834,44.90661],[-96.451826,44.892539],[-96.452008,44.885039],[-96.451953,44.874963],[-96.451662,44.872581],[-96.451644,44.86352],[-96.451614,44.853562],[-96.451607,44.85066],[-96.451626,44.848683],[-96.451589,44.834632],[-96.451508,44.820094],[-96.451462,44.80557],[-96.451716,44.803567],[-96.451742,44.792231],[-96.451871,44.790488],[-96.451683,44.776075],[-96.451503,44.769103],[-96.451559,44.761877],[-96.451643,44.749952],[-96.451481,44.747068],[-96.451395,44.740037],[-96.451304,44.732459],[-96.451234,44.718273],[-96.451414,44.707225],[-96.451285,44.703695],[-96.451472,44.703346],[-96.451481,44.695407],[-96.451483,44.689362],[-96.451454,44.67483],[-96.451513,44.659826],[-96.451579,44.645831],[-96.451566,44.631349],[-96.451688,44.627236],[-96.451624,44.616249],[-96.451668,44.603795],[-96.451729,44.594677],[-96.451797,44.572633],[-96.451829,44.543684],[-96.451739,44.542938],[-96.45207,44.531551],[-96.452102,44.526972],[-96.45188,44.526386],[-96.451929,44.517034],[-96.451941,44.514018],[-96.451466,44.506703],[-96.451903,44.505392],[-96.45186,44.492449],[-96.451895,44.484939],[-96.451944,44.473083],[-96.452143,44.470506],[-96.451869,44.458876],[-96.451971,44.455899],[-96.451944,44.441393],[-96.452074,44.395495],[-96.45206,44.385727],[-96.452167,44.383594],[-96.452185,44.371724],[-96.452307,44.357027],[-96.452193,44.345529],[-96.451962,44.342311],[-96.452225,44.340507],[-96.452359,44.328098],[-96.452242,44.313974],[-96.452359,44.312328],[-96.452275,44.302118],[-96.4525,44.285687],[-96.452442,44.284237],[-96.452571,44.282432],[-96.452413,44.273804],[-96.452489,44.268583],[-96.452532,44.254427],[-96.452711,44.254374],[-96.452522,44.247965],[-96.452534,44.240303],[-96.45256,44.231953],[-96.45271,44.211169],[-96.452773,44.19678],[-96.452706,44.183779],[-96.452766,44.169326],[-96.452767,44.15475],[-96.452843,44.154139],[-96.45293,44.14021],[-96.452959,44.120917],[-96.453031,44.111182],[-96.453159,44.093851],[-96.453144,44.08199],[-96.453139,44.077689],[-96.453139,44.077623],[-96.453139,44.077557],[-96.453139,44.077496],[-96.453139,44.077435],[-96.45311,44.051431],[-96.453235,44.03819],[-96.453374,44.023773],[-96.453172,44.014395],[-96.453247,44.008728],[-96.453291,44.007042],[-96.453085,44.000975],[-96.453268,43.994524],[-96.45331,43.980261],[-96.453319,43.970441],[-96.453167,43.966261],[-96.45333,43.951571],[-96.453329,43.936669],[-96.453443,43.93215],[-96.453375,43.911795],[-96.453533,43.906408],[-96.453339,43.891228],[-96.453342,43.878939],[-96.453205,43.861421],[-96.453289,43.854706],[-96.452988,43.849507],[-96.45301,43.83497],[-96.452858,43.826607],[-96.452873,43.820443],[-96.453093,43.804354],[-96.45328,43.77682],[-96.453255,43.767207],[-96.4533,43.76217],[-96.45335,43.74779],[-96.45337,43.7332],[-96.45334,43.71862],[-96.45336,43.70408],[-96.4534,43.68953],[-96.453393,43.682391],[-96.45347,43.67496],[-96.45341,43.66044],[-96.45345,43.64593],[-96.45342,43.63132],[-96.453378,43.624251],[-96.453403,43.622561],[-96.4534,43.6168],[-96.45347,43.60911],[-96.45347,43.6089],[-96.45344,43.60197],[-96.453435,43.593796],[-96.45344,43.58804],[-96.453359,43.587702],[-96.45339,43.57318],[-96.45337,43.55863],[-96.45339,43.54405],[-96.45334,43.5295],[-96.4533,43.51493],[-96.45326,43.50039],[-96.43203,43.50035],[-96.41207,43.50035],[-96.39212,43.50033],[-96.37221,43.50033],[-96.356196,43.500295],[-96.350845,43.500238],[-96.338698,43.500369],[-96.332062,43.500415],[-96.32966,43.5003],[-96.31234,43.5003],[-96.29239,43.5003],[-96.272272,43.500273],[-96.25255,43.50026],[-96.232783,43.50025],[-96.23254,43.50025],[-96.214014,43.50029],[-96.2094,43.50035],[-96.19269,43.50026],[-96.184479,43.50022],[-96.17241,43.50021],[-96.15445,43.50019],[-96.13253,43.50018],[-96.120224,43.500146],[-96.112014,43.5002],[-96.09462,43.50017],[-96.07804,43.500189],[-96.053162,43.500155],[-96.033215,43.500102],[-96.018242,43.500098],[-95.993351,43.500123],[-95.973402,43.500065],[-95.95344,43.500102],[-95.933729,43.500074],[-95.903591,43.500035],[-95.8936,43.500057],[-95.876243,43.500117],[-95.873482,43.500092],[-95.855494,43.500017],[-95.843799,43.500023],[-95.833847,43.500009],[-95.815602,43.499995],[-95.797176,43.500012],[-95.790672,43.499946],[-95.77399,43.499938],[-95.754034,43.499917],[-95.73404,43.49991],[-95.695787,43.499901]],[[-93.233712,44.6307],[-93.230878,44.630734],[-93.231319,44.629771],[-93.233712,44.6307]]]]}},{"type":"Feature","properties":{"id":8,"NAME":"8","TotalPop":712656,"PopDevPct":-0.0009193,"DemPct":0.46580134,"RepPct":0.51147099,"WhitePct":0.84328979,"MinorityPct":0.15671021,"BlackPct":0.04193961,"HispanicPct":0.05212471,"PacificPct":0.00152978,"AsianPct":0.0420498,"NativePct":0.01434655,"TotalVAP":544521,"Margin":-0.03419866,"color":"#ffa3a3","opacity":"1"},"geometry":{"type":"MultiPolygon","coordinates":[[[[-92.317665,44.542802],[-92.319938,44.54494],[-92.322341,44.546779],[-92.329013,44.550895],[-92.336114,44.554004],[-92.340058,44.555273],[-92.347567,44.557149],[-92.357313,44.55848],[-92.361518,44.558935],[-92.368298,44.559182],[-92.380296,44.558541],[-92.385973,44.557802],[-92.389755,44.557681],[-92.391545,44.557643],[-92.399281,44.558292],[-92.406065,44.559123],[-92.411481,44.560171],[-92.415675,44.560506],[-92.422544,44.559629],[-92.426395,44.558803],[-92.429468,44.557017],[-92.43452,44.553939],[-92.436486,44.552884],[-92.438626,44.552639],[-92.442715,44.554082],[-92.448941,44.557663],[-92.454243,44.560292],[-92.458896,44.562745],[-92.46672,44.564622],[-92.470143,44.565286],[-92.473417,44.566367],[-92.48001,44.568308],[-92.482218,44.56852],[-92.484738,44.568184],[-92.488381,44.566725],[-92.491878,44.566005],[-92.493717,44.566052],[-92.506964,44.56972],[-92.512529,44.571814],[-92.515114,44.573588],[-92.5187,44.575228],[-92.520683,44.575286],[-92.525001,44.574237],[-92.528,44.57325],[-92.534114,44.570342],[-92.538775,44.56796],[-92.542091,44.566898],[-92.544014,44.566937],[-92.546695,44.567355],[-92.547173,44.567503],[-92.548889,44.568252],[-92.550026,44.568968],[-92.55072,44.569687],[-92.551186,44.570553],[-92.55146,44.571472],[-92.551567,44.572215],[-92.55143,44.572984],[-92.551169,44.573507],[-92.550018,44.575635],[-92.549248,44.578467],[-92.549522,44.580485],[-92.5504,44.582055],[-92.552826,44.584693],[-92.555649,44.587252],[-92.557449,44.589411],[-92.559349,44.592794],[-92.561943,44.59622],[-92.564407,44.598449],[-92.566963,44.601668],[-92.568946,44.603372],[-92.57325,44.604748],[-92.577156,44.605037],[-92.579036,44.603801],[-92.581588,44.600851],[-92.584711,44.599861],[-92.587293,44.600433],[-92.588376,44.601229],[-92.588797,44.601698],[-92.590488,44.605944],[-92.595671,44.608057],[-92.598187,44.610124],[-92.601608,44.612038],[-92.603854,44.612479],[-92.607258,44.612396],[-92.613854,44.611592],[-92.616801,44.612244],[-92.619787,44.613584],[-92.622537,44.616054],[-92.623565,44.619225],[-92.623376,44.62182],[-92.620262,44.628654],[-92.620215,44.634194],[-92.621847,44.639018],[-92.632021,44.649187],[-92.639479,44.652218],[-92.643555,44.653136],[-92.646563,44.654666],[-92.655788,44.658082],[-92.660988,44.6609],[-92.664715,44.663379],[-92.667808,44.666194],[-92.672026,44.669206],[-92.67613,44.672529],[-92.679568,44.676267],[-92.686197,44.682375],[-92.690549,44.685573],[-92.69432,44.688615],[-92.699937,44.691763],[-92.701518,44.6934],[-92.706888,44.696696],[-92.713428,44.701086],[-92.720085,44.705726],[-92.726344,44.710339],[-92.732043,44.714345],[-92.732041,44.712319],[-92.732054,44.69443],[-92.732136,44.691448],[-92.732156,44.690486],[-92.732224,44.687935],[-92.732257,44.68693],[-92.732281,44.685574],[-92.732287,44.685341],[-92.732295,44.684986],[-92.732351,44.682738],[-92.732349,44.682618],[-92.732353,44.682529],[-92.732413,44.679948],[-92.732508,44.672625],[-92.732502,44.670819],[-92.732429,44.668775],[-92.73227,44.664797],[-92.732206,44.663638],[-92.73189,44.658212],[-92.731989,44.655423],[-92.732192,44.649204],[-92.732342,44.640148],[-92.732322,44.636287],[-92.732188,44.633028],[-92.732043,44.629493],[-92.732428,44.629485],[-92.742682,44.629501],[-92.744348,44.629494],[-92.757344,44.629502],[-92.772429,44.629647],[-92.792584,44.629722],[-92.792634,44.61524],[-92.792528,44.600687],[-92.792526,44.598822],[-92.792521,44.586343],[-92.792488,44.579517],[-92.792447,44.571802],[-92.792499,44.565215],[-92.792508,44.564637],[-92.7925,44.562374],[-92.79263,44.560875],[-92.792745,44.551828],[-92.792682,44.544783],[-92.792715,44.54324],[-92.7926,44.542971],[-92.793285,44.542972],[-92.7938,44.54276],[-92.795319,44.542662],[-92.796641,44.542738],[-92.797818,44.54302],[-92.798513,44.543187],[-92.799064,44.543181],[-92.799597,44.543176],[-92.799839,44.543174],[-92.800232,44.543184],[-92.800626,44.543194],[-92.80072,44.5432],[-92.801659,44.543201],[-92.801797,44.543197],[-92.804021,44.543196],[-92.832956,44.54331],[-92.840513,44.543307],[-92.8914,44.543278],[-92.906448,44.543268],[-92.911832,44.543266],[-92.913803,44.543386],[-92.918977,44.54325],[-92.93421,44.543217],[-92.942099,44.543354],[-92.942477,44.543264],[-92.945036,44.543243],[-92.959481,44.543299],[-92.974699,44.543348],[-92.979717,44.543345],[-92.996143,44.543396],[-93.015163,44.543444],[-93.020002,44.543457],[-93.034691,44.543564],[-93.035451,44.543551],[-93.035487,44.557938],[-93.035511,44.566509],[-93.035512,44.566866],[-93.035515,44.579329],[-93.035612,44.586927],[-93.035443,44.601122],[-93.035185,44.612129],[-93.035209,44.615844],[-93.035217,44.630351],[-93.035016,44.634884],[-93.034974,44.644822],[-93.03491,44.659316],[-93.034817,44.673815],[-93.034815,44.674626],[-93.034795,44.683441],[-93.034827,44.68839],[-93.034859,44.690039],[-93.034758,44.692049],[-93.034775,44.702726],[-93.03478,44.706388],[-93.034797,44.710047],[-93.037577,44.710046],[-93.045094,44.710046],[-93.045088,44.711363],[-93.045089,44.717316],[-93.0552,44.717383],[-93.060632,44.717235],[-93.069392,44.717288],[-93.073154,44.717464],[-93.076776,44.717741],[-93.087437,44.717697],[-93.090919,44.717492],[-93.101887,44.717491],[-93.116237,44.717441],[-93.129285,44.717138],[-93.135865,44.717193],[-93.136324,44.717186],[-93.13801,44.71723],[-93.142887,44.717379],[-93.146721,44.717374],[-93.149181,44.717366],[-93.152874,44.717357],[-93.156531,44.717133],[-93.156779,44.717133],[-93.156817,44.717356],[-93.156805,44.719372],[-93.156787,44.722479],[-93.156153,44.72505],[-93.156151,44.728592],[-93.156149,44.730136],[-93.15615,44.731932],[-93.156101,44.73403],[-93.156089,44.737036],[-93.156023,44.739229],[-93.156441,44.741127],[-93.156378,44.744377],[-93.156368,44.746394],[-93.156358,44.750504],[-93.15637,44.751539],[-93.156374,44.751899],[-93.15637,44.752676],[-93.15712,44.754577],[-93.158247,44.754566],[-93.158737,44.755803],[-93.158759,44.75587],[-93.158234,44.756055],[-93.156323,44.7571],[-93.15631,44.758472],[-93.156152,44.758474],[-93.156295,44.759624],[-93.158144,44.759627],[-93.15813,44.760944],[-93.156282,44.761052],[-93.156352,44.768049],[-93.154975,44.768912],[-93.154967,44.768054],[-93.153272,44.768065],[-93.152663,44.76886],[-93.152988,44.770506],[-93.152539,44.771823],[-93.151447,44.771828],[-93.151364,44.773122],[-93.152328,44.774601],[-93.15641,44.773687],[-93.156419,44.775764],[-93.122898,44.775692],[-93.12204,44.775646],[-93.116954,44.775675],[-93.116479,44.775674],[-93.114094,44.775686],[-93.111233,44.775713],[-93.108001,44.775689],[-93.106259,44.775687],[-93.106254,44.780669],[-93.106277,44.78647],[-93.106295,44.789225],[-93.106292,44.790144],[-93.108515,44.790142],[-93.108918,44.790142],[-93.111383,44.790139],[-93.114817,44.790392],[-93.119462,44.790154],[-93.120244,44.791085],[-93.120761,44.791701],[-93.121164,44.793195],[-93.120068,44.794987],[-93.118955,44.796393],[-93.118692,44.797865],[-93.118574,44.798936],[-93.118232,44.800985],[-93.118103,44.802146],[-93.118232,44.804505],[-93.118599,44.805764],[-93.118847,44.806853],[-93.118589,44.80792],[-93.113241,44.813017],[-93.116252,44.81408],[-93.119691,44.813964],[-93.122645,44.814533],[-93.123342,44.815482],[-93.123509,44.817363],[-93.123053,44.819002],[-93.125402,44.819004],[-93.128647,44.819009],[-93.131082,44.819016],[-93.132384,44.819019],[-93.132512,44.819018],[-93.137245,44.819031],[-93.139802,44.819037],[-93.141015,44.81904],[-93.146818,44.819041],[-93.146865,44.823277],[-93.146898,44.826306],[-93.146903,44.827904],[-93.14691,44.83132],[-93.146923,44.833544],[-93.150871,44.83353],[-93.153064,44.833536],[-93.156632,44.83354],[-93.159654,44.833603],[-93.163539,44.833602],[-93.164102,44.833601],[-93.164226,44.83343],[-93.167181,44.830325],[-93.167384,44.830158],[-93.170459,44.827556],[-93.172228,44.825055],[-93.172923,44.822925],[-93.17291,44.819055],[-93.174594,44.818736],[-93.177676,44.819075],[-93.177773,44.819076],[-93.181778,44.819071],[-93.184749,44.819099],[-93.187406,44.819066],[-93.187489,44.819065],[-93.188207,44.818589],[-93.192379,44.818375],[-93.192385,44.819113],[-93.193956,44.819115],[-93.194452,44.819119],[-93.197311,44.819123],[-93.198296,44.819126],[-93.199444,44.819128],[-93.203899,44.819134],[-93.206035,44.819139],[-93.207914,44.818895],[-93.210159,44.818263],[-93.211197,44.817547],[-93.210399,44.816582],[-93.209518,44.815991],[-93.207912,44.814491],[-93.207707,44.812935],[-93.207712,44.811817],[-93.207715,44.810908],[-93.207719,44.809976],[-93.20772,44.809643],[-93.206575,44.809641],[-93.205458,44.809643],[-93.204341,44.809645],[-93.203223,44.809647],[-93.202331,44.809652],[-93.202037,44.809653],[-93.199591,44.809415],[-93.198967,44.809402],[-93.197131,44.809495],[-93.195661,44.809367],[-93.195099,44.80923],[-93.192664,44.809129],[-93.1927,44.808499],[-93.193115,44.807805],[-93.195198,44.806712],[-93.196258,44.805633],[-93.196722,44.804495],[-93.200976,44.804632],[-93.203419,44.804659],[-93.207737,44.804683],[-93.207808,44.800204],[-93.207845,44.797836],[-93.210505,44.79785],[-93.21166,44.797861],[-93.21167,44.79706],[-93.21308,44.797059],[-93.2131,44.795764],[-93.213078,44.79516],[-93.213073,44.795022],[-93.213013,44.790195],[-93.214037,44.790196],[-93.215353,44.790207],[-93.217986,44.790211],[-93.221152,44.790241],[-93.220383,44.788036],[-93.218445,44.783718],[-93.217467,44.780822],[-93.217122,44.778599],[-93.217407,44.778419],[-93.220841,44.776269],[-93.221212,44.776036],[-93.221835,44.776034],[-93.222203,44.776032],[-93.222518,44.775836],[-93.222049,44.775844],[-93.225567,44.773335],[-93.226459,44.77275],[-93.228007,44.771781],[-93.237884,44.765612],[-93.238581,44.765174],[-93.245567,44.760789],[-93.248019,44.759452],[-93.248025,44.75915],[-93.248053,44.757384],[-93.24807,44.756161],[-93.247314,44.754412],[-93.248101,44.754149],[-93.248106,44.753749],[-93.248115,44.753123],[-93.248116,44.753072],[-93.248127,44.752273],[-93.248153,44.750453],[-93.248204,44.746753],[-93.248271,44.731955],[-93.248283,44.729502],[-93.248306,44.725241],[-93.248321,44.722057],[-93.248335,44.720687],[-93.248338,44.717453],[-93.246303,44.71745],[-93.243107,44.717444],[-93.239141,44.717443],[-93.237696,44.717442],[-93.23465,44.717439],[-93.230422,44.717434],[-93.224866,44.717432],[-93.222327,44.717428],[-93.217753,44.717423],[-93.21774,44.716203],[-93.217728,44.715055],[-93.21768,44.710613],[-93.217678,44.710432],[-93.217654,44.708232],[-93.217625,44.705585],[-93.217596,44.703046],[-93.217546,44.698361],[-93.217503,44.694872],[-93.21743,44.691557],[-93.217212,44.680509],[-93.217245,44.674073],[-93.212183,44.674076],[-93.207292,44.674078],[-93.2073,44.67387],[-93.207332,44.659661],[-93.207334,44.659366],[-93.207464,44.642266],[-93.207489,44.637952],[-93.207541,44.630751],[-93.2076,44.626226],[-93.217759,44.626255],[-93.217695,44.630793],[-93.222766,44.630738],[-93.227705,44.630741],[-93.227834,44.630741],[-93.227852,44.629693],[-93.227726,44.629661],[-93.227472,44.628859],[-93.227855,44.629035],[-93.227855,44.628881],[-93.227855,44.62883],[-93.227964,44.624],[-93.232248,44.624224],[-93.232283,44.623461],[-93.235401,44.623461],[-93.237963,44.630185],[-93.238114,44.630581],[-93.238151,44.630677],[-93.238155,44.630688],[-93.259469,44.630784],[-93.278169,44.630751],[-93.278057,44.623529],[-93.277945,44.609024],[-93.278069,44.594597],[-93.278141,44.587334],[-93.278153,44.586229],[-93.278294,44.573802],[-93.278297,44.573416],[-93.278402,44.56202],[-93.278524,44.551181],[-93.278473,44.543957],[-93.281521,44.543957],[-93.283264,44.543961],[-93.285699,44.543965],[-93.300568,44.543995],[-93.300903,44.543991],[-93.302032,44.543987],[-93.312927,44.543995],[-93.315025,44.543866],[-93.319703,44.543865],[-93.324154,44.543866],[-93.325202,44.543871],[-93.326027,44.543999],[-93.339598,44.544018],[-93.34243,44.544018],[-93.349837,44.54407],[-93.351281,44.544059],[-93.357704,44.544006],[-93.365009,44.543974],[-93.368089,44.543958],[-93.380156,44.54388],[-93.383064,44.543884],[-93.39247,44.543843],[-93.400469,44.543818],[-93.4027,44.543812],[-93.420617,44.543784],[-93.422661,44.543781],[-93.426415,44.543759],[-93.442301,44.543813],[-93.446655,44.543861],[-93.458275,44.543732],[-93.460451,44.543712],[-93.465313,44.543706],[-93.483711,44.54369],[-93.493744,44.543793],[-93.5018,44.543663],[-93.501854,44.543663],[-93.501968,44.543662],[-93.522528,44.543628],[-93.524327,44.543618],[-93.537623,44.54359],[-93.540908,44.543559],[-93.542814,44.543561],[-93.54444,44.543559],[-93.549368,44.543541],[-93.552114,44.543542],[-93.553037,44.543545],[-93.556312,44.543529],[-93.561472,44.54356],[-93.56325,44.543561],[-93.564026,44.54357],[-93.565019,44.543567],[-93.565514,44.543572],[-93.566925,44.543581],[-93.568399,44.543569],[-93.569861,44.543573],[-93.571354,44.54357],[-93.573392,44.543572],[-93.575563,44.543568],[-93.577228,44.543578],[-93.577461,44.543581],[-93.579234,44.543608],[-93.579606,44.543604],[-93.580727,44.543619],[-93.581013,44.543611],[-93.582252,44.543616],[-93.582706,44.543618],[-93.584114,44.54361],[-93.584833,44.543615],[-93.58615,44.543611],[-93.586254,44.543611],[-93.58767,44.543611],[-93.597204,44.543744],[-93.597924,44.543744],[-93.602304,44.543749],[-93.605328,44.543766],[-93.606216,44.543774],[-93.608508,44.54379],[-93.625544,44.543818],[-93.645762,44.543897],[-93.647037,44.543897],[-93.666092,44.543985],[-93.66697,44.543979],[-93.675644,44.543841],[-93.687378,44.543754],[-93.696691,44.543631],[-93.701992,44.543561],[-93.711679,44.543437],[-93.717692,44.543364],[-93.728378,44.54328],[-93.753381,44.543252],[-93.757486,44.543252],[-93.768288,44.543233],[-93.776053,44.543241],[-93.778385,44.543245],[-93.788315,44.543245],[-93.79853,44.5432],[-93.80852,44.543171],[-93.808835,44.543169],[-93.8188,44.543234],[-93.836277,44.543167],[-93.839197,44.543091],[-93.849367,44.543139],[-93.84968,44.543139],[-93.85415,44.543126],[-93.857564,44.543053],[-93.870611,44.543032],[-93.884817,44.543095],[-93.890326,44.543161],[-93.890727,44.543163],[-93.909825,44.543164],[-93.910405,44.543163],[-93.911386,44.539847],[-93.912267,44.538458],[-93.910995,44.537519],[-93.909322,44.537597],[-93.904443,44.538563],[-93.9028,44.538171],[-93.901364,44.536974],[-93.900513,44.534983],[-93.901793,44.531434],[-93.900869,44.529405],[-93.898646,44.52861],[-93.895203,44.526407],[-93.892605,44.526147],[-93.890155,44.526724],[-93.888217,44.526512],[-93.886602,44.523037],[-93.885426,44.518929],[-93.885568,44.517457],[-93.886992,44.516313],[-93.887511,44.515062],[-93.887877,44.51219],[-93.887247,44.509744],[-93.886951,44.506207],[-93.88731,44.504431],[-93.889606,44.503921],[-93.890841,44.503843],[-93.891072,44.503136],[-93.889777,44.499723],[-93.890443,44.497895],[-93.891824,44.4973],[-93.893892,44.495351],[-93.894137,44.494044],[-93.894339,44.492843],[-93.896084,44.490854],[-93.898591,44.490404],[-93.902015,44.490136],[-93.903689,44.488434],[-93.904011,44.487466],[-93.904204,44.483269],[-93.904684,44.48106],[-93.904665,44.480837],[-93.904682,44.480712],[-93.905753,44.476889],[-93.907497,44.472847],[-93.909282,44.471521],[-93.910919,44.47112],[-93.914383,44.471473],[-93.919565,44.474276],[-93.922465,44.47384],[-93.925935,44.471299],[-93.927034,44.469916],[-93.926466,44.469233],[-93.922712,44.468285],[-93.921138,44.467413],[-93.916802,44.463163],[-93.916844,44.462498],[-93.917227,44.461959],[-93.917511,44.461795],[-93.918583,44.461749],[-93.920194,44.461958],[-93.921775,44.461734],[-93.922282,44.462515],[-93.923967,44.462968],[-93.922355,44.460966],[-93.92218,44.46082],[-93.922084,44.460006],[-93.922571,44.459316],[-93.922786,44.458697],[-93.923752,44.458416],[-93.925042,44.458221],[-93.927259,44.458544],[-93.928422,44.458198],[-93.929384,44.457441],[-93.92955,44.456716],[-93.929145,44.456645],[-93.928504,44.456586],[-93.927323,44.455162],[-93.927247,44.454123],[-93.927825,44.453188],[-93.931637,44.452474],[-93.933356,44.451449],[-93.932744,44.449581],[-93.929099,44.447536],[-93.928343,44.446538],[-93.927876,44.444525],[-93.928565,44.443383],[-93.928995,44.442871],[-93.931225,44.437487],[-93.932543,44.435064],[-93.933298,44.433169],[-93.933464,44.428533],[-93.934478,44.42565],[-93.936568,44.422147],[-93.937841,44.420585],[-93.938087,44.418378],[-93.939237,44.413858],[-93.93997,44.412524],[-93.94092,44.412347],[-93.944431,44.41304],[-93.947378,44.413104],[-93.94923,44.412315],[-93.954062,44.409642],[-93.953563,44.408208],[-93.950696,44.406775],[-93.94894,44.400371],[-93.948892,44.396951],[-93.949971,44.393633],[-93.950857,44.392812],[-93.955073,44.391779],[-93.955093,44.391769],[-93.955475,44.391747],[-93.956519,44.39169],[-93.956689,44.391719],[-93.957089,44.39179],[-93.958491,44.392044],[-93.963176,44.39275],[-93.96537,44.391581],[-93.965587,44.389568],[-93.964842,44.389195],[-93.961528,44.390558],[-93.959648,44.390913],[-93.957559,44.390795],[-93.954289,44.389419],[-93.952528,44.387113],[-93.952239,44.385704],[-93.952624,44.383943],[-93.953264,44.38367],[-93.956163,44.385064],[-93.959429,44.385304],[-93.962456,44.384263],[-93.963256,44.383222],[-93.963128,44.381589],[-93.961575,44.380532],[-93.957188,44.379395],[-93.956259,44.37845],[-93.955138,44.375674],[-93.955696,44.373704],[-93.956351,44.373212],[-93.962411,44.370389],[-93.962375,44.369966],[-93.961741,44.367138],[-93.962047,44.365888],[-93.961371,44.363734],[-93.960108,44.363083],[-93.957459,44.363191],[-93.956453,44.363984],[-93.955252,44.366086],[-93.954208,44.366519],[-93.952693,44.365577],[-93.953143,44.36403],[-93.956666,44.361602],[-93.956656,44.360225],[-93.955701,44.358465],[-93.953958,44.357008],[-93.951474,44.356013],[-93.949434,44.355704],[-93.944881,44.355374],[-93.943548,44.354972],[-93.939377,44.352664],[-93.93618,44.350082],[-93.932685,44.344885],[-93.932806,44.344007],[-93.934662,44.342057],[-93.936032,44.339665],[-93.937334,44.338981],[-93.940012,44.340745],[-93.942383,44.341181],[-93.943925,44.340468],[-93.945193,44.338988],[-93.945176,44.337048],[-93.942917,44.333973],[-93.942784,44.333162],[-93.94362,44.331266],[-93.945293,44.330658],[-93.94867,44.330544],[-93.950823,44.328758],[-93.951276,44.327754],[-93.951277,44.326852],[-93.952744,44.32463],[-93.950627,44.322065],[-93.95077,44.320379],[-93.953492,44.318065],[-93.954776,44.316138],[-93.956889,44.312179],[-93.959783,44.307299],[-93.961947,44.307161],[-93.964608,44.307312],[-93.966879,44.306708],[-93.969286,44.305219],[-93.970406,44.304428],[-93.972446,44.301533],[-93.974479,44.299694],[-93.975622,44.299377],[-93.980978,44.299631],[-93.984546,44.297498],[-93.984747,44.297401],[-93.988741,44.29617],[-93.991132,44.295466],[-93.989871,44.292984],[-93.990816,44.291465],[-93.993944,44.289078],[-93.995137,44.287161],[-93.996316,44.284358],[-93.996986,44.280968],[-93.998135,44.278806],[-94.00469,44.279042],[-94.006934,44.27864],[-94.010956,44.276755],[-94.013178,44.273876],[-94.012597,44.272828],[-94.008461,44.271555],[-94.008409,44.270673],[-94.009846,44.270076],[-94.01233,44.269693],[-94.013274,44.268469],[-94.013563,44.266306],[-94.014291,44.264955],[-94.014825,44.26445],[-94.015735,44.264073],[-94.018316,44.26333],[-94.019208,44.262968],[-94.021633,44.261605],[-94.024128,44.259211],[-94.025073,44.258227],[-94.025237,44.257737],[-94.025162,44.256519],[-94.024496,44.255895],[-94.023336,44.255746],[-94.022384,44.255862],[-94.019756,44.25741],[-94.019162,44.257647],[-94.017885,44.257766],[-94.016132,44.25738],[-94.013132,44.254974],[-94.011315,44.253306],[-94.009983,44.25233],[-94.009419,44.251499],[-94.008996,44.250626],[-94.008393,44.24864],[-94.008881,44.246895],[-94.009898,44.246194],[-94.013104,44.248232],[-94.014914,44.248406],[-94.015269,44.248418],[-94.015882,44.247883],[-94.017326,44.245766],[-94.018984,44.244264],[-94.021338,44.242533],[-94.021989,44.241691],[-94.022081,44.240822],[-94.021381,44.239987],[-94.019121,44.239463],[-94.017508,44.239736],[-94.017013,44.240097],[-94.013958,44.240199],[-94.012463,44.240011],[-94.011964,44.239761],[-94.011868,44.23952],[-94.011529,44.239525],[-94.009532,44.239553],[-94.004336,44.239584],[-94.000232,44.239498],[-93.981437,44.23958],[-93.98105,44.239579],[-93.977949,44.239567],[-93.969017,44.239509],[-93.959115,44.239434],[-93.954979,44.239461],[-93.949673,44.239478],[-93.949193,44.239412],[-93.93519,44.239737],[-93.933992,44.239569],[-93.930516,44.239747],[-93.929086,44.239819],[-93.925826,44.239825],[-93.924713,44.239831],[-93.924034,44.239836],[-93.898649,44.239578],[-93.888521,44.239424],[-93.886653,44.239409],[-93.883423,44.239301],[-93.87525,44.239288],[-93.871805,44.239431],[-93.871363,44.239438],[-93.8621,44.239221],[-93.859987,44.239242],[-93.858979,44.239252],[-93.848236,44.239316],[-93.828162,44.239335],[-93.823369,44.239331],[-93.808252,44.23936],[-93.798193,44.239421],[-93.789316,44.239379],[-93.768031,44.239384],[-93.768035,44.23586],[-93.768013,44.232177],[-93.768036,44.224761],[-93.768041,44.217515],[-93.767989,44.216104],[-93.768002,44.209725],[-93.767936,44.205928],[-93.767956,44.200902],[-93.767971,44.195836],[-93.767976,44.194192],[-93.767987,44.19098],[-93.767991,44.190009],[-93.768092,44.181436],[-93.768111,44.180297],[-93.768152,44.170788],[-93.768106,44.167044],[-93.768096,44.163422],[-93.768073,44.159803],[-93.768033,44.152327],[-93.768093,44.145227],[-93.767892,44.138668],[-93.767969,44.138418],[-93.768082,44.13798],[-93.768091,44.134545],[-93.76777,44.133079],[-93.767971,44.128152],[-93.768132,44.123484],[-93.76814,44.108921],[-93.768143,44.098082],[-93.7681,44.094612],[-93.76836,44.079943],[-93.768316,44.074203],[-93.768252,44.062581],[-93.768255,44.060176],[-93.768295,44.051053],[-93.768295,44.047426],[-93.768302,44.037223],[-93.768303,44.036651],[-93.768226,44.029339],[-93.768242,44.02212],[-93.768252,44.007594],[-93.768182,43.998728],[-93.76817,43.993085],[-93.768138,43.988456],[-93.768149,43.985815],[-93.768107,43.964026],[-93.76803,43.949557],[-93.768027,43.946408],[-93.768002,43.94225],[-93.768005,43.935011],[-93.767936,43.920492],[-93.767907,43.905957],[-93.767892,43.891458],[-93.767864,43.876917],[-93.767868,43.869688],[-93.767879,43.861049],[-93.767761,43.847956],[-93.757928,43.84794],[-93.747864,43.847888],[-93.738757,43.847884],[-93.727756,43.847873],[-93.707968,43.847899],[-93.707598,43.847898],[-93.69341,43.847917],[-93.687983,43.84792],[-93.687503,43.847919],[-93.673137,43.847988],[-93.667997,43.847991],[-93.657908,43.848025],[-93.657363,43.848029],[-93.649195,43.848136],[-93.64829,43.848139],[-93.648002,43.8474],[-93.648093,43.840496],[-93.648144,43.82686],[-93.648173,43.825961],[-93.6482,43.822321],[-93.648331,43.804195],[-93.648326,43.802378],[-93.648296,43.789697],[-93.6481,43.784162],[-93.648282,43.782424],[-93.648327,43.775216],[-93.648312,43.767921],[-93.648304,43.760652],[-93.648303,43.760297],[-93.648347,43.746115],[-93.648379,43.731528],[-93.648379,43.724442],[-93.648424,43.717011],[-93.648442,43.705883],[-93.648499,43.702527],[-93.648491,43.7021],[-93.648451,43.691156],[-93.648446,43.687928],[-93.648446,43.68788],[-93.648414,43.673413],[-93.648416,43.665856],[-93.648416,43.665631],[-93.648428,43.658967],[-93.648443,43.655027],[-93.648516,43.644432],[-93.648496,43.629937],[-93.648481,43.626784],[-93.648471,43.617138],[-93.648468,43.615465],[-93.648469,43.600977],[-93.648438,43.594326],[-93.648422,43.586489],[-93.648439,43.580356],[-93.648441,43.572036],[-93.648445,43.570738],[-93.648418,43.557579],[-93.648388,43.543084],[-93.648433,43.528586],[-93.64852,43.514106],[-93.648533,43.49968],[-93.618609,43.49967],[-93.604552,43.499637],[-93.588485,43.499632],[-93.558544,43.499644],[-93.558112,43.499643],[-93.548555,43.499635],[-93.546414,43.499637],[-93.528483,43.499641],[-93.508713,43.499585],[-93.498425,43.499613],[-93.492638,43.499612],[-93.489844,43.49959],[-93.488765,43.499583],[-93.488209,43.499591],[-93.481438,43.499491],[-93.478697,43.499489],[-93.467961,43.499574],[-93.453435,43.499567],[-93.428507,43.499556],[-93.408616,43.499545],[-93.398613,43.499532],[-93.358698,43.499487],[-93.353709,43.499504],[-93.353307,43.499502],[-93.338793,43.49948],[-93.298923,43.499459],[-93.289043,43.49947],[-93.276308,43.499493],[-93.273899,43.49949],[-93.267571,43.499362],[-93.267349,43.499361],[-93.250204,43.499386],[-93.247786,43.499485],[-93.247207,43.499511],[-93.233845,43.499506],[-93.228659,43.499508],[-93.20909,43.499531],[-93.189114,43.499558],[-93.169173,43.499571],[-93.149191,43.499596],[-93.127744,43.499621],[-93.124281,43.49962],[-93.109311,43.499645],[-93.100456,43.499642],[-93.089287,43.499637],[-93.071156,43.499641],[-93.069274,43.499639],[-93.049192,43.499705],[-93.039356,43.499703],[-93.009604,43.499746],[-93.001804,43.499772],[-92.979504,43.499769],[-92.949364,43.499815],[-92.947017,43.499771],[-92.946722,43.499775],[-92.944539,43.499786],[-92.944298,43.499777],[-92.941227,43.499775],[-92.939577,43.499786],[-92.929627,43.499805],[-92.918394,43.499812],[-92.90344,43.499847],[-92.878525,43.49987],[-92.858586,43.499912],[-92.83583,43.499917],[-92.828605,43.49992],[-92.821742,43.499982],[-92.808627,43.499953],[-92.788644,43.499985],[-92.768871,43.500005],[-92.749249,43.500036],[-92.747474,43.50004],[-92.747149,43.50004],[-92.732568,43.500043],[-92.728634,43.500045],[-92.722794,43.500062],[-92.705999,43.500079],[-92.688718,43.500102],[-92.670857,43.500135],[-92.668723,43.500136],[-92.648819,43.500182],[-92.628825,43.500211],[-92.608822,43.500195],[-92.591004,43.500226],[-92.588846,43.500229],[-92.568899,43.500263],[-92.558872,43.500279],[-92.549786,43.50019],[-92.538844,43.500223],[-92.528958,43.500234],[-92.508018,43.500242],[-92.499169,43.500267],[-92.498817,43.500388],[-92.494918,43.500284],[-92.46305,43.500305],[-92.448948,43.500459],[-92.437649,43.500551],[-92.431679,43.500513],[-92.418822,43.500615],[-92.40894,43.500599],[-92.405959,43.500512],[-92.391775,43.500564],[-92.386601,43.500481],[-92.379948,43.500623],[-92.377876,43.50069],[-92.368858,43.500519],[-92.36631,43.500545],[-92.34938,43.500607],[-92.329374,43.500553],[-92.309347,43.500549],[-92.28939,43.500555],[-92.27162,43.500598],[-92.249369,43.500615],[-92.239329,43.500592],[-92.222514,43.500614],[-92.208954,43.500518],[-92.198875,43.500556],[-92.1719,43.50078],[-92.171267,43.500718],[-92.1499,43.500727],[-92.139258,43.500782],[-92.137138,43.500749],[-92.12985,43.500656],[-92.118489,43.50082],[-92.089478,43.500683],[-92.079802,43.500621],[-92.074754,43.500731],[-92.062646,43.500771],[-92.058849,43.500708],[-92.047247,43.500736],[-92.029845,43.500621],[-92.024576,43.500656],[-92.00934,43.500694],[-91.995624,43.500718],[-91.989599,43.500688],[-91.969679,43.500655],[-91.957008,43.500714],[-91.95001,43.500674],[-91.947543,43.500504],[-91.94171,43.500716],[-91.930194,43.500639],[-91.928715,43.500728],[-91.90972,43.500819],[-91.88982,43.500743],[-91.871121,43.500724],[-91.8702,43.500848],[-91.868244,43.500709],[-91.8497,43.50074],[-91.83022,43.500751],[-91.824949,43.500684],[-91.807175,43.500647],[-91.790616,43.5007],[-91.77892,43.500809],[-91.776876,43.500707],[-91.761252,43.500829],[-91.749998,43.500696],[-91.737529,43.500761],[-91.737217,43.500548],[-91.730217,43.500806],[-91.720531,43.500695],[-91.711846,43.500761],[-91.670808,43.500598],[-91.663398,43.500628],[-91.655847,43.500504],[-91.651397,43.500454],[-91.644788,43.500652],[-91.632178,43.500441],[-91.625611,43.500727],[-91.617114,43.500663],[-91.61578,43.500672],[-91.610835,43.500657],[-91.59098,43.50068],[-91.571002,43.500538],[-91.559076,43.500538],[-91.551043,43.500668],[-91.542352,43.500692],[-91.533806,43.50056],[-91.529015,43.500604],[-91.521091,43.500614],[-91.50014,43.50064],[-91.493896,43.500754],[-91.49104,43.500714],[-91.475036,43.500624],[-91.465488,43.500687],[-91.465268,43.500684],[-91.465054,43.500658],[-91.445684,43.500633],[-91.431536,43.500724],[-91.404459,43.500837],[-91.397319,43.500887],[-91.376629,43.500501],[-91.372672,43.500577],[-91.371786,43.500837],[-91.371542,43.500925],[-91.371256,43.500837],[-91.342974,43.500704],[-91.323456,43.50075],[-91.294675,43.500837],[-91.284401,43.500879],[-91.283754,43.500876],[-91.27149,43.500903],[-91.271465,43.500903],[-91.271446,43.500903],[-91.271339,43.500903],[-91.271223,43.500904],[-91.271018,43.500905],[-91.270912,43.500906],[-91.268244,43.50092],[-91.267696,43.500923],[-91.261887,43.500993],[-91.261283,43.501013],[-91.25748,43.500984],[-91.253437,43.500893],[-91.252101,43.50074],[-91.250132,43.50079],[-91.249166,43.500532],[-91.246623,43.500485],[-91.219805,43.500557],[-91.217706,43.50055],[-91.217888,43.505994],[-91.217726,43.509231],[-91.217287,43.510509],[-91.217353,43.512474],[-91.218292,43.514434],[-91.222613,43.517892],[-91.225167,43.519497],[-91.230027,43.521595],[-91.232941,43.523967],[-91.233882,43.525654],[-91.235752,43.531098],[-91.236725,43.53293],[-91.239251,43.535888],[-91.241877,43.538492],[-91.243183,43.540309],[-91.244093,43.54562],[-91.24382,43.54913],[-91.242208,43.552819],[-91.240649,43.554995],[-91.236257,43.55959],[-91.234432,43.561781],[-91.232812,43.564842],[-91.23175,43.572693],[-91.231398,43.578212],[-91.231865,43.581822],[-91.232707,43.583533],[-91.236666,43.587656],[-91.239109,43.58976],[-91.247953,43.59669],[-91.252926,43.600363],[-91.258267,43.603484],[-91.261631,43.606175],[-91.265091,43.609977],[-91.268748,43.615348],[-91.268979,43.616578],[-91.267986,43.623314],[-91.268457,43.627352],[-91.265071,43.634111],[-91.263178,43.638203],[-91.262397,43.64176],[-91.26288,43.644754],[-91.263856,43.647662],[-91.265051,43.649141],[-91.269348,43.651842],[-91.270767,43.65308],[-91.271749,43.654929],[-91.27237,43.657662],[-91.27203,43.661431],[-91.273252,43.666623],[-91.273316,43.668307],[-91.271298,43.672753],[-91.27264,43.67536],[-91.272741,43.676609],[-91.27218,43.67891],[-91.270853,43.681466],[-91.270385,43.685934],[-91.268773,43.690873],[-91.268372,43.692825],[-91.267792,43.695652],[-91.268455,43.709824],[-91.26788,43.711609],[-91.266538,43.713947],[-91.261316,43.71949],[-91.258756,43.723426],[-91.255367,43.731419],[-91.254922,43.73533],[-91.255467,43.739335],[-91.255431,43.744876],[-91.253152,43.749967],[-91.252118,43.753438],[-91.249434,43.760267],[-91.247129,43.76663],[-91.244337,43.771375],[-91.243955,43.773046],[-91.244135,43.774667],[-91.253335,43.783067],[-91.259736,43.789466],[-91.262433,43.79217],[-91.262431,43.79236],[-91.264436,43.800365],[-91.267436,43.804166],[-91.267737,43.807266],[-91.267849,43.808761],[-91.268659,43.809772],[-91.271153,43.811998],[-91.272037,43.813766],[-91.273036,43.818566],[-91.27316,43.818855],[-91.275737,43.824866],[-91.276738,43.829665],[-91.27681,43.831826],[-91.277011,43.834243],[-91.27704,43.834726],[-91.277329,43.836749],[-91.278535,43.838855],[-91.281279,43.841755],[-91.282532,43.843677],[-91.284138,43.847065],[-91.290193,43.852207],[-91.293296,43.853785],[-91.296051,43.854896],[-91.298815,43.856555],[-91.299972,43.857732],[-91.300051,43.85782],[-91.303337,43.861893],[-91.310014,43.866626],[-91.311266,43.867832],[-91.31294,43.874964],[-91.314181,43.879137],[-91.31531,43.881808],[-91.316989,43.884287],[-91.320605,43.888491],[-91.325158,43.89203],[-91.330844,43.894663],[-91.336613,43.89686],[-91.339283,43.898661],[-91.342335,43.902697],[-91.34352,43.904743],[-91.346271,43.910074],[-91.347741,43.911964],[-91.351688,43.914545],[-91.35674,43.916564],[-91.35753,43.917382],[-91.363227,43.926557],[-91.363836,43.928641],[-91.364321,43.933451],[-91.365379,43.936094],[-91.366642,43.937463],[-91.375122,43.944279],[-91.379611,43.948412],[-91.384356,43.953071],[-91.385798,43.954241],[-91.395086,43.959409],[-91.406011,43.963929],[-91.407395,43.965148],[-91.410544,43.970889],[-91.412491,43.973411],[-91.415043,43.975629],[-91.424134,43.982631],[-91.425669,43.985104],[-91.426674,43.988449],[-91.429757,43.993778],[-91.432347,43.99669],[-91.43738,43.999962],[-91.440541,44.001518],[-91.446265,44.003002],[-91.454067,44.005206],[-91.460013,44.007436],[-91.463515,44.009041],[-91.467481,44.009523],[-91.470564,44.009282],[-91.478498,44.00803],[-91.48025,44.008052],[-91.490917,44.011089],[-91.494988,44.012536],[-91.502163,44.016856],[-91.505918,44.018651],[-91.507121,44.01898],[-91.517399,44.0206],[-91.524315,44.021433],[-91.527778,44.021623],[-91.533778,44.021433],[-91.547028,44.022226],[-91.549511,44.022618],[-91.553136,44.023558],[-91.556709,44.024729],[-91.560509,44.025498],[-91.563649,44.025737],[-91.570711,44.026687],[-91.573283,44.026901],[-91.580479,44.027006],[-91.582604,44.027381],[-91.59207,44.031372],[-91.595618,44.033325],[-91.597617,44.034965],[-91.599759,44.037859],[-91.601794,44.04138],[-91.605015,44.045306],[-91.607339,44.047357],[-91.610487,44.04931],[-91.615375,44.051598],[-91.617039,44.052151],[-91.620805,44.053321],[-91.622277,44.053708],[-91.625148,44.054589],[-91.627498,44.055629],[-91.628132,44.055968],[-91.629181,44.056694],[-91.632451,44.059646],[-91.637056,44.062821],[-91.639212,44.063651],[-91.640647,44.063644],[-91.6434,44.062711],[-91.646446,44.063337],[-91.648822,44.064971],[-91.651923,44.06835],[-91.654322,44.07009],[-91.657,44.071409],[-91.659511,44.074203],[-91.663855,44.081546],[-91.665263,44.085041],[-91.667006,44.086964],[-91.669517,44.089022],[-91.67252,44.091286],[-91.68153,44.0974],[-91.685748,44.098419],[-91.68857,44.097965],[-91.691281,44.097858],[-91.69531,44.09857],[-91.707586,44.104001],[-91.708207,44.105186],[-91.708082,44.110929],[-91.709887,44.116292],[-91.709476,44.117565],[-91.710597,44.12048],[-91.719097,44.128853],[-91.719723,44.129233],[-91.722735,44.130776],[-91.730648,44.1329],[-91.740871,44.133918],[-91.748325,44.134261],[-91.751747,44.134786],[-91.756719,44.136804],[-91.762808,44.140285],[-91.768574,44.143508],[-91.772876,44.146797],[-91.774486,44.147539],[-91.788506,44.151946],[-91.792912,44.153084],[-91.796669,44.154335],[-91.801969,44.156504],[-91.808064,44.159262],[-91.817302,44.164235],[-91.819594,44.167248],[-91.829167,44.17835],[-91.832479,44.180308],[-91.838782,44.182471],[-91.844754,44.184878],[-91.847765,44.186514],[-91.856026,44.191903],[-91.858245,44.193004],[-91.864387,44.196574],[-91.872369,44.199167],[-91.875158,44.200575],[-91.876056,44.202728],[-91.87647,44.206007],[-91.876412,44.207787],[-91.876356,44.209575],[-91.877429,44.212921],[-91.880265,44.216555],[-91.88979,44.226286],[-91.892698,44.231105],[-91.892963,44.235149],[-91.892461,44.236297],[-91.887905,44.246398],[-91.887043,44.249964],[-91.887189,44.252513],[-91.887824,44.254171],[-91.889132,44.25606],[-91.892689,44.25986],[-91.895152,44.26181],[-91.896008,44.262871],[-91.89676,44.265447],[-91.896524,44.267816],[-91.895875,44.270284],[-91.895652,44.273008],[-91.896964,44.275671],[-91.898697,44.277172],[-91.902434,44.279724],[-91.905789,44.281614],[-91.908876,44.282828],[-91.920282,44.286496],[-91.922205,44.287811],[-91.92331,44.289233],[-91.924613,44.291815],[-91.924879,44.29573],[-91.924102,44.297095],[-91.921028,44.301069],[-91.91436,44.30823],[-91.913534,44.311392],[-91.916191,44.318094],[-91.918625,44.322671],[-91.923851,44.331387],[-91.92559,44.333548],[-91.928224,44.335473],[-91.941311,44.340978],[-91.942978,44.342278],[-91.949599,44.348796],[-91.95282,44.352982],[-91.959996,44.359797],[-91.9636,44.362112],[-91.970226,44.365821],[-91.972493,44.36676],[-91.977103,44.368136],[-91.978574,44.368372],[-91.983974,44.368448],[-91.986983,44.369035],[-91.993984,44.3718],[-92.000165,44.374966],[-92.001317,44.376069],[-92.004616,44.378194],[-92.008589,44.379626],[-92.0121,44.380175],[-92.014525,44.380243],[-92.019313,44.381217],[-92.02191,44.382105],[-92.03233,44.386431],[-92.037766,44.388575],[-92.039937,44.389791],[-92.042882,44.392362],[-92.045752,44.394089],[-92.049514,44.397342],[-92.052316,44.400378],[-92.053549,44.401375],[-92.056486,44.402729],[-92.061637,44.404124],[-92.063167,44.404246],[-92.068027,44.404002],[-92.072267,44.404017],[-92.078605,44.404869],[-92.085129,44.408045],[-92.087239,44.40885],[-92.097414,44.411464],[-92.107084,44.413148],[-92.111085,44.413948],[-92.112885,44.414572],[-92.118099,44.418083],[-92.121106,44.420572],[-92.123679,44.42184],[-92.125171,44.42221],[-92.138091,44.424436],[-92.139569,44.424673],[-92.162454,44.427208],[-92.163648,44.42742],[-92.17028,44.428598],[-92.189295,44.432533],[-92.195378,44.433792],[-92.215163,44.438503],[-92.221083,44.440386],[-92.230856,44.444496],[-92.233897,44.446334],[-92.237325,44.449417],[-92.239477,44.451639],[-92.24201,44.454254],[-92.244884,44.456842],[-92.249071,44.459524],[-92.254435,44.461575],[-92.259728,44.463807],[-92.267447,44.467864],[-92.276784,44.473649],[-92.282364,44.477707],[-92.291005,44.485464],[-92.294378,44.489291],[-92.298484,44.494621],[-92.30199,44.499967],[-92.302961,44.503601],[-92.303,44.50704],[-92.302449,44.51341],[-92.302466,44.516487],[-92.303527,44.519822],[-92.307957,44.524475],[-92.310827,44.528756],[-92.312237,44.532454],[-92.313625,44.536873],[-92.315573,44.540255],[-92.317665,44.542802]]],[[[-93.227855,44.629035],[-93.229316,44.629707],[-93.229909,44.629706],[-93.229929,44.629667],[-93.229956,44.629617],[-93.230084,44.629052],[-93.228423,44.629039],[-93.227855,44.629035]]],[[[-93.233712,44.6307],[-93.231319,44.629771],[-93.230878,44.630734],[-93.233712,44.6307]]]]}}]}