{"type":"FeatureCollection","features":[{"type":"Feature","properties":{"id":1,"NAME":"1","TotalPop":688742,"PopDevPct":-0.00003267,"DemPct":0.45788659,"RepPct":0.52838007,"WhitePct":0.87557098,"MinorityPct":0.12442902,"BlackPct":0.022765,"HispanicPct":0.04799113,"PacificPct":0.00103436,"AsianPct":0.0290417,"NativePct":0.01625142,"TotalVAP":552998,"Margin":-0.04211341,"color":"#ff8383","opacity":"0.5"},"geometry":{"type":"MultiPolygon","coordinates":[[[[-71.159364,43.355123],[-71.16186,43.364414],[-71.164573,43.37559],[-71.165565,43.380769],[-71.167147,43.388325],[-71.169594,43.400723],[-71.172472,43.414621],[-71.174121,43.423173],[-71.175286,43.429314],[-71.17538,43.429799],[-71.176288,43.434556],[-71.177021,43.438358],[-71.180919,43.459023],[-71.181538,43.462426],[-71.183876,43.475477],[-71.187762,43.497096],[-71.190175,43.511261],[-71.190799,43.515033],[-71.182375,43.52214],[-71.179927,43.524214],[-71.169155,43.533335],[-71.162675,43.538959],[-71.181259,43.549078],[-71.187492,43.552509],[-71.197047,43.557776],[-71.198834,43.558769],[-71.199465,43.55913],[-71.203921,43.552424],[-71.208941,43.550517],[-71.220966,43.559588],[-71.227909,43.564715],[-71.231924,43.565585],[-71.249531,43.569399],[-71.257954,43.571291],[-71.258473,43.571444],[-71.283681,43.588557],[-71.284459,43.589091],[-71.31922,43.612566],[-71.330389,43.620149],[-71.33054,43.62009],[-71.333167,43.619806],[-71.335639,43.621431],[-71.338553,43.624216],[-71.338677,43.625305],[-71.340766,43.626772],[-71.34362,43.628794],[-71.344245,43.62922],[-71.357246,43.638368],[-71.376183,43.651537],[-71.386175,43.658397],[-71.38785,43.659552],[-71.403695,43.670557],[-71.415008,43.678345],[-71.415608,43.67876],[-71.419667,43.681582],[-71.420655,43.682256],[-71.423448,43.684173],[-71.42488,43.685159],[-71.433876,43.691382],[-71.438182,43.694368],[-71.43989,43.695558],[-71.453226,43.704712],[-71.459446,43.709051],[-71.46039,43.709715],[-71.463985,43.71237],[-71.471794,43.718251],[-71.482541,43.72636],[-71.48289,43.726609],[-71.483958,43.727364],[-71.48473,43.727906],[-71.485693,43.728604],[-71.491827,43.733012],[-71.495843,43.735892],[-71.498878,43.738069],[-71.501589,43.740071],[-71.511103,43.746891],[-71.519699,43.752862],[-71.523617,43.755539],[-71.531658,43.760979],[-71.530698,43.75529],[-71.530136,43.751902],[-71.526685,43.730488],[-71.525591,43.723694],[-71.524051,43.714053],[-71.523325,43.709502],[-71.52297,43.707411],[-71.522685,43.705709],[-71.521389,43.697801],[-71.545184,43.695528],[-71.545683,43.695476],[-71.560469,43.694028],[-71.567703,43.693341],[-71.581403,43.691949],[-71.586069,43.691458],[-71.591051,43.690951],[-71.597098,43.690364],[-71.619325,43.688049],[-71.621452,43.687799],[-71.626637,43.687154],[-71.627913,43.687001],[-71.629259,43.686839],[-71.638885,43.68567],[-71.642227,43.685257],[-71.64271,43.685199],[-71.645144,43.684884],[-71.645939,43.684789],[-71.646083,43.684772],[-71.646233,43.684754],[-71.647652,43.684578],[-71.648346,43.684511],[-71.649048,43.683359],[-71.650573,43.681962],[-71.651092,43.681077],[-71.651215,43.680215],[-71.650909,43.678811],[-71.650055,43.676454],[-71.649841,43.675676],[-71.648819,43.67325],[-71.648681,43.672372],[-71.648758,43.671739],[-71.649292,43.669969],[-71.650558,43.666711],[-71.651611,43.66501],[-71.652237,43.664247],[-71.653656,43.66324],[-71.654358,43.662645],[-71.654999,43.661752],[-71.655121,43.661264],[-71.655167,43.66028],[-71.65509,43.65954],[-71.654465,43.65809],[-71.65451,43.656648],[-71.654388,43.655206],[-71.654175,43.653589],[-71.653702,43.651987],[-71.653565,43.651209],[-71.652954,43.649126],[-71.652115,43.647386],[-71.651001,43.645693],[-71.650741,43.645052],[-71.650772,43.643991],[-71.651458,43.643015],[-71.652313,43.642404],[-71.653442,43.641474],[-71.653717,43.640802],[-71.653548,43.639945],[-71.652502,43.637864],[-71.652481,43.636179],[-71.654633,43.633776],[-71.656753,43.631967],[-71.656936,43.630311],[-71.654724,43.628542],[-71.653671,43.6253],[-71.652234,43.623],[-71.651153,43.621119],[-71.652724,43.619847],[-71.656265,43.618021],[-71.658402,43.617594],[-71.661743,43.615984],[-71.665054,43.613573],[-71.665268,43.611246],[-71.66304,43.608042],[-71.662685,43.606519],[-71.662827,43.605997],[-71.664581,43.604449],[-71.669083,43.604883],[-71.67041,43.604571],[-71.678406,43.59994],[-71.681275,43.598139],[-71.686188,43.595553],[-71.688096,43.59495],[-71.694337,43.594683],[-71.69864,43.594294],[-71.703721,43.594721],[-71.704973,43.595881],[-71.706194,43.599261],[-71.707704,43.601023],[-71.708836,43.601151],[-71.713286,43.600544],[-71.71657,43.59878],[-71.719744,43.595278],[-71.722612,43.595217],[-71.724993,43.595805],[-71.726977,43.595545],[-71.728121,43.594904],[-71.730623,43.592615],[-71.731533,43.590716],[-71.731493,43.588496],[-71.729486,43.586813],[-71.727755,43.586039],[-71.724611,43.585657],[-71.720293,43.582804],[-71.718508,43.580668],[-71.716066,43.578768],[-71.715913,43.577288],[-71.717516,43.574641],[-71.718538,43.573649],[-71.721498,43.572459],[-71.72481,43.57059],[-71.7251,43.568888],[-71.724214,43.566371],[-71.725755,43.564432],[-71.727573,43.563411],[-71.728232,43.563675],[-71.728441,43.563723],[-71.728808,43.563662],[-71.729296,43.563662],[-71.729692,43.563777],[-71.729952,43.563937],[-71.730364,43.564349],[-71.73044,43.564456],[-71.730517,43.564738],[-71.730379,43.564959],[-71.730059,43.565158],[-71.72957,43.565249],[-71.729052,43.56531],[-71.728716,43.565386],[-71.728472,43.565509],[-71.72835,43.565699],[-71.728533,43.565951],[-71.729097,43.566248],[-71.729448,43.566416],[-71.729677,43.566645],[-71.730074,43.56724],[-71.730104,43.567309],[-71.730547,43.567729],[-71.730898,43.567904],[-71.731142,43.56795],[-71.731611,43.567873],[-71.732577,43.567759],[-71.733141,43.567584],[-71.733385,43.567546],[-71.733797,43.567614],[-71.733996,43.567744],[-71.73427,43.568087],[-71.734377,43.56853],[-71.734575,43.568804],[-71.734993,43.569055],[-71.735201,43.569148],[-71.735583,43.56927],[-71.735995,43.569315],[-71.736376,43.569163],[-71.736879,43.569003],[-71.737322,43.569018],[-71.737856,43.569094],[-71.738177,43.569071],[-71.738986,43.56885],[-71.739626,43.568637],[-71.740094,43.568616],[-71.740191,43.568621],[-71.740939,43.568469],[-71.741473,43.568576],[-71.741618,43.568568],[-71.741915,43.568415],[-71.742251,43.568095],[-71.742434,43.568057],[-71.742815,43.568049],[-71.742968,43.568019],[-71.743334,43.567782],[-71.74341,43.567591],[-71.743228,43.567004],[-71.74306,43.566607],[-71.743014,43.566302],[-71.743121,43.566012],[-71.743365,43.565867],[-71.743807,43.565798],[-71.744112,43.56557],[-71.744403,43.565249],[-71.744723,43.565158],[-71.744845,43.565219],[-71.745257,43.565692],[-71.7457,43.56605],[-71.746386,43.566493],[-71.746783,43.566676],[-71.747042,43.566752],[-71.747317,43.566775],[-71.747988,43.566729],[-71.748385,43.566798],[-71.748596,43.567014],[-71.748675,43.56737],[-71.749041,43.567546],[-71.749545,43.567614],[-71.749835,43.567561],[-71.749957,43.567446],[-71.750003,43.567042],[-71.750094,43.566935],[-71.750308,43.566889],[-71.750552,43.56692],[-71.751162,43.56705],[-71.751559,43.566989],[-71.752109,43.566859],[-71.752581,43.566615],[-71.752856,43.566561],[-71.753375,43.566302],[-71.753604,43.566081],[-71.753619,43.565936],[-71.753726,43.565798],[-71.75397,43.565692],[-71.754318,43.565725],[-71.755481,43.565447],[-71.758746,43.567141],[-71.76102,43.567729],[-71.761033,43.567716],[-71.769527,43.559866],[-71.7775,43.552501],[-71.778142,43.553829],[-71.780658,43.559031],[-71.78255,43.56058],[-71.785572,43.561564],[-71.787306,43.560802],[-71.787357,43.560756],[-71.789799,43.559039],[-71.793384,43.55836],[-71.794668,43.558794],[-71.796116,43.559016],[-71.797489,43.559413],[-71.798237,43.559275],[-71.799427,43.558467],[-71.800556,43.557238],[-71.801228,43.556834],[-71.801623,43.556194],[-71.801716,43.555232],[-71.801991,43.554438],[-71.802769,43.55363],[-71.803044,43.553424],[-71.803517,43.553057],[-71.803868,43.552851],[-71.80428,43.552745],[-71.804707,43.552775],[-71.805104,43.552813],[-71.805501,43.553004],[-71.805973,43.553073],[-71.80666,43.553126],[-71.807164,43.55308],[-71.807927,43.552913],[-71.8084,43.552745],[-71.808979,43.552333],[-71.809295,43.551997],[-71.809354,43.551927],[-71.809414,43.551847],[-71.809727,43.551425],[-71.809956,43.551089],[-71.810216,43.550776],[-71.810536,43.550555],[-71.810978,43.550525],[-71.811406,43.550654],[-71.811529,43.550698],[-71.81223,43.550937],[-71.812855,43.551104],[-71.813344,43.551204],[-71.813817,43.551242],[-71.814274,43.551227],[-71.814763,43.55112],[-71.815144,43.550921],[-71.815572,43.550502],[-71.816075,43.55012],[-71.816487,43.549846],[-71.816823,43.549563],[-71.817204,43.549304],[-71.817692,43.548541],[-71.818059,43.548381],[-71.818074,43.547831],[-71.817845,43.547557],[-71.816594,43.547015],[-71.816243,43.546641],[-71.81638,43.546046],[-71.816945,43.545138],[-71.817921,43.544208],[-71.818131,43.544652],[-71.819949,43.548729],[-71.827253,43.564373],[-71.840647,43.592903],[-71.849203,43.6112],[-71.864599,43.598063],[-71.879268,43.58556],[-71.881337,43.583797],[-71.891991,43.574721],[-71.89218,43.57454],[-71.905176,43.559678],[-71.905716,43.559145],[-71.928232,43.536911],[-71.930992,43.533855],[-71.923134,43.518289],[-71.917527,43.507193],[-71.913748,43.499715],[-71.906593,43.486347],[-71.901455,43.47633],[-71.899685,43.472967],[-71.898229,43.470198],[-71.897283,43.468401],[-71.894446,43.463008],[-71.89377,43.46354],[-71.88901,43.467313],[-71.8857,43.46999],[-71.881237,43.473751],[-71.874686,43.479366],[-71.872582,43.475314],[-71.863684,43.458019],[-71.874549,43.454772],[-71.879966,43.453257],[-71.880388,43.453138],[-71.883088,43.45237],[-71.885836,43.451588],[-71.894157,43.449222],[-71.892563,43.446523],[-71.890691,43.44335],[-71.890418,43.442888],[-71.889777,43.441802],[-71.879894,43.425055],[-71.879041,43.423608],[-71.878376,43.42248],[-71.869924,43.408192],[-71.867263,43.40446],[-71.856237,43.389012],[-71.838308,43.395253],[-71.836966,43.366981],[-71.835009,43.326895],[-71.834791,43.318327],[-71.834946,43.318004],[-71.834649,43.317385],[-71.817312,43.323601],[-71.807689,43.327052],[-71.806841,43.327355],[-71.794873,43.331343],[-71.786096,43.334272],[-71.782322,43.328457],[-71.779279,43.323975],[-71.762076,43.298498],[-71.760618,43.296337],[-71.751862,43.283363],[-71.745279,43.273555],[-71.734556,43.257437],[-71.730613,43.251511],[-71.72574,43.24417],[-71.724765,43.242685],[-71.723314,43.240476],[-71.722214,43.240876],[-71.720747,43.241409],[-71.716537,43.242938],[-71.714769,43.24358],[-71.698722,43.249405],[-71.697083,43.249978],[-71.683841,43.254802],[-71.667999,43.260138],[-71.659753,43.262913],[-71.654894,43.264549],[-71.649841,43.266249],[-71.622916,43.275532],[-71.616606,43.277521],[-71.607718,43.280582],[-71.605333,43.281409],[-71.602342,43.282455],[-71.601919,43.282604],[-71.601476,43.282758],[-71.600781,43.283],[-71.599858,43.283322],[-71.597499,43.284141],[-71.597361,43.284189],[-71.595691,43.284758],[-71.595338,43.284878],[-71.594999,43.284994],[-71.594502,43.285167],[-71.590971,43.286406],[-71.590013,43.286753],[-71.588363,43.287373],[-71.588207,43.287135],[-71.587901,43.287261],[-71.58641,43.287874],[-71.584135,43.288808],[-71.583936,43.288883],[-71.583399,43.289086],[-71.581472,43.289736],[-71.575143,43.292268],[-71.574057,43.292681],[-71.573667,43.292829],[-71.571304,43.293716],[-71.565816,43.295785],[-71.563402,43.296696],[-71.546068,43.30324],[-71.53393,43.307822],[-71.529568,43.309469],[-71.524899,43.302664],[-71.52123,43.297311],[-71.517608,43.292042],[-71.516869,43.290962],[-71.514935,43.288139],[-71.514034,43.286825],[-71.506267,43.27548],[-71.497568,43.270864],[-71.462344,43.25189],[-71.460665,43.250956],[-71.456949,43.24893],[-71.457361,43.248228],[-71.459299,43.247549],[-71.458444,43.245428],[-71.460213,43.243963],[-71.462762,43.244901],[-71.463647,43.244795],[-71.463022,43.243689],[-71.463556,43.242254],[-71.462549,43.240637],[-71.461435,43.2413],[-71.460001,43.240736],[-71.46229,43.239637],[-71.462441,43.237995],[-71.462031,43.236708],[-71.463336,43.23516],[-71.463646,43.23482],[-71.465556,43.233893],[-71.466074,43.232794],[-71.465632,43.231475],[-71.467997,43.231116],[-71.470393,43.231017],[-71.47053,43.230048],[-71.469508,43.23033],[-71.468546,43.229346],[-71.469248,43.228186],[-71.470774,43.227027],[-71.470927,43.225257],[-71.47288,43.224234],[-71.475825,43.224005],[-71.475902,43.223094],[-71.47749,43.223613],[-71.478878,43.22242],[-71.477412,43.221923],[-71.476892,43.220924],[-71.478511,43.220275],[-71.479701,43.218856],[-71.481242,43.218215],[-71.481288,43.217559],[-71.47935,43.21794],[-71.478846,43.217108],[-71.48051,43.215972],[-71.479273,43.215873],[-71.479655,43.214103],[-71.480693,43.214331],[-71.48029,43.213364],[-71.478968,43.213019],[-71.480021,43.210074],[-71.481166,43.209685],[-71.47996,43.209166],[-71.475108,43.208945],[-71.474176,43.207045],[-71.476374,43.206778],[-71.477549,43.205527],[-71.475413,43.20362],[-71.478323,43.201617],[-71.480494,43.2014],[-71.481437,43.199974],[-71.482585,43.199653],[-71.483363,43.201072],[-71.484749,43.199461],[-71.486476,43.198745],[-71.486618,43.199843],[-71.490764,43.201301],[-71.491359,43.200362],[-71.493674,43.198916],[-71.494991,43.200034],[-71.496303,43.20011],[-71.497737,43.201423],[-71.500187,43.201216],[-71.498302,43.200225],[-71.497447,43.200431],[-71.495922,43.196899],[-71.495982,43.196059],[-71.494685,43.195487],[-71.494442,43.193904],[-71.494105,43.192779],[-71.493205,43.192702],[-71.493404,43.190841],[-71.491923,43.186126],[-71.490991,43.185466],[-71.491374,43.184661],[-71.49055,43.184013],[-71.492323,43.18248],[-71.493327,43.182052],[-71.494395,43.180633],[-71.497005,43.180328],[-71.498256,43.179496],[-71.499859,43.179618],[-71.50053,43.178359],[-71.501644,43.178275],[-71.502834,43.176612],[-71.501979,43.175895],[-71.500011,43.175895],[-71.499503,43.1749],[-71.497097,43.174491],[-71.49641,43.175521],[-71.4938,43.175651],[-71.492046,43.176086],[-71.492015,43.175109],[-71.490962,43.172118],[-71.490269,43.172804],[-71.489146,43.172965],[-71.488871,43.170989],[-71.487971,43.170532],[-71.487926,43.1676],[-71.489207,43.16703],[-71.489085,43.168167],[-71.48994,43.169433],[-71.490702,43.168922],[-71.4938,43.168762],[-71.49641,43.168952],[-71.496501,43.167617],[-71.494792,43.167129],[-71.495693,43.165832],[-71.493007,43.165298],[-71.493358,43.163795],[-71.492763,43.163047],[-71.494456,43.161819],[-71.494457,43.160888],[-71.492977,43.160629],[-71.49395,43.159231],[-71.495006,43.158325],[-71.498851,43.16127],[-71.506144,43.164998],[-71.507849,43.1655],[-71.512493,43.165534],[-71.513301,43.165641],[-71.517681,43.166519],[-71.519589,43.167053],[-71.520672,43.16761],[-71.521709,43.168533],[-71.523539,43.169719],[-71.52499,43.170905],[-71.525525,43.171531],[-71.525753,43.172133],[-71.525494,43.172668],[-71.524593,43.174133],[-71.524364,43.175323],[-71.524426,43.176124],[-71.524197,43.177146],[-71.523648,43.178069],[-71.522732,43.178581],[-71.522381,43.178886],[-71.52383,43.178338],[-71.524877,43.177942],[-71.527615,43.176907],[-71.529702,43.176118],[-71.5321,43.175213],[-71.532336,43.175123],[-71.533131,43.174823],[-71.536145,43.173684],[-71.540576,43.172009],[-71.544925,43.170365],[-71.545382,43.170193],[-71.55484,43.166617],[-71.567284,43.161909],[-71.573542,43.159542],[-71.577707,43.157966],[-71.58942,43.153486],[-71.593703,43.151847],[-71.595229,43.154056],[-71.596217,43.155447],[-71.597288,43.15698],[-71.598622,43.15889],[-71.599669,43.160389],[-71.602965,43.165107],[-71.606912,43.164357],[-71.60786,43.164176],[-71.614863,43.162844],[-71.616997,43.162438],[-71.627915,43.160284],[-71.628158,43.160232],[-71.628753,43.160116],[-71.634802,43.158941],[-71.663111,43.15344],[-71.667771,43.152534],[-71.669306,43.152178],[-71.678502,43.150409],[-71.679306,43.150245],[-71.679936,43.150129],[-71.683895,43.149354],[-71.696201,43.146935],[-71.704965,43.14517],[-71.724833,43.141294],[-71.73256,43.139786],[-71.749372,43.136493],[-71.761854,43.134115],[-71.763138,43.133872],[-71.78463,43.129779],[-71.795841,43.127644],[-71.796176,43.127582],[-71.810277,43.124271],[-71.817814,43.122765],[-71.823947,43.121542],[-71.833061,43.119724],[-71.83701,43.11894],[-71.846828,43.116979],[-71.852228,43.115903],[-71.8561,43.115135],[-71.87432,43.11149],[-71.882836,43.109767],[-71.88928,43.108426],[-71.895815,43.107131],[-71.898341,43.106618],[-71.899604,43.106362],[-71.898464,43.103461],[-71.899811,43.10332],[-71.90159,43.104439],[-71.903373,43.106743],[-71.905158,43.107849],[-71.905845,43.108872],[-71.907722,43.109047],[-71.909553,43.108208],[-71.90998,43.107269],[-71.908882,43.106186],[-71.908927,43.105301],[-71.910163,43.104614],[-71.908578,43.103672],[-71.90895,43.101461],[-71.909959,43.100844],[-71.911104,43.101171],[-71.912513,43.100632],[-71.911948,43.099808],[-71.913337,43.098396],[-71.91201,43.097611],[-71.91238,43.096389],[-71.913581,43.096451],[-71.915046,43.095375],[-71.913719,43.094536],[-71.91263,43.092691],[-71.912635,43.091523],[-71.913505,43.089867],[-71.912864,43.088532],[-71.91407,43.08886],[-71.915351,43.087738],[-71.913765,43.087967],[-71.913337,43.085411],[-71.915535,43.084977],[-71.914558,43.082879],[-71.915138,43.081726],[-71.912513,43.082299],[-71.913032,43.081208],[-71.914649,43.080651],[-71.914767,43.079823],[-71.914817,43.07473],[-71.913337,43.074425],[-71.91349,43.073121],[-71.912239,43.072991],[-71.909492,43.071732],[-71.909751,43.071305],[-71.910789,43.071473],[-71.910987,43.069443],[-71.912055,43.067834],[-71.911399,43.065636],[-71.910019,43.06586],[-71.909812,43.064812],[-71.908561,43.063813],[-71.908363,43.061356],[-71.90876,43.060441],[-71.910423,43.059624],[-71.911293,43.058428],[-71.910682,43.056748],[-71.909416,43.054971],[-71.909446,43.05333],[-71.911613,43.051324],[-71.913963,43.048791],[-71.91616,43.047967],[-71.918188,43.046679],[-71.919647,43.046191],[-71.919899,43.045869],[-71.918388,43.04461],[-71.919059,43.044213],[-71.922142,43.044015],[-71.926994,43.04297],[-71.927742,43.043397],[-71.929768,43.042946],[-71.930183,43.042184],[-71.928047,43.042634],[-71.928581,43.041261],[-71.928551,43.038293],[-71.926719,43.037423],[-71.924812,43.037408],[-71.926018,43.036248],[-71.924583,43.036248],[-71.924873,43.034684],[-71.926674,43.035294],[-71.927681,43.033944],[-71.929542,43.032579],[-71.930734,43.030571],[-71.931313,43.029191],[-71.928764,43.028047],[-71.930748,43.02797],[-71.930092,43.026811],[-71.928451,43.025933],[-71.928112,43.025768],[-71.92675,43.023637],[-71.927345,43.02218],[-71.929252,43.02324],[-71.931282,43.022058],[-71.929802,43.021379],[-71.931221,43.02089],[-71.930519,43.02012],[-71.934493,43.019647],[-71.942131,43.018731],[-71.939614,43.006242],[-71.939828,43.006218],[-71.941338,43.006029],[-71.940756,43.003317],[-71.939934,42.999437],[-71.941033,42.99859],[-71.940743,42.996736],[-71.938988,42.996858],[-71.937355,42.994401],[-71.947389,42.993136],[-71.94735,42.993002],[-71.946587,42.990706],[-71.94265,42.99135],[-71.936287,42.991724],[-71.936214,42.987883],[-71.935416,42.987516],[-71.934517,42.98723],[-71.929959,42.985778],[-71.92126,42.983011],[-71.919233,42.983259],[-71.907743,42.984457],[-71.905587,42.98468],[-71.903965,42.984844],[-71.902596,42.984986],[-71.898979,42.98536],[-71.877564,42.987534],[-71.872946,42.988],[-71.871252,42.980264],[-71.869497,42.973345],[-71.867377,42.963625],[-71.855733,42.964833],[-71.855458,42.964862],[-71.844157,42.966075],[-71.831656,42.967482],[-71.816807,42.968943],[-71.815984,42.965517],[-71.82282,42.964548],[-71.82172,42.959259],[-71.821034,42.95595],[-71.815022,42.956881],[-71.811238,42.950045],[-71.81105,42.950074],[-71.807949,42.950474],[-71.799411,42.951605],[-71.790011,42.952859],[-71.760891,42.956734],[-71.754,42.957647],[-71.750656,42.958095],[-71.747563,42.958507],[-71.746519,42.954655],[-71.746475,42.954486],[-71.745086,42.949305],[-71.744821,42.948318],[-71.743607,42.943755],[-71.742577,42.939953],[-71.741279,42.935149],[-71.740966,42.934011],[-71.740792,42.933395],[-71.737246,42.92232],[-71.735223,42.9226],[-71.720651,42.924572],[-71.713668,42.925537],[-71.694543,42.928172],[-71.677282,42.930555],[-71.666093,42.932083],[-71.661358,42.932736],[-71.641266,42.93548],[-71.639624,42.935719],[-71.636579,42.936175],[-71.624568,42.937941],[-71.619825,42.938545],[-71.613873,42.939287],[-71.610351,42.939721],[-71.595758,42.941649],[-71.582571,42.943378],[-71.582013,42.943269],[-71.579404,42.933108],[-71.577256,42.923895],[-71.576344,42.920225],[-71.573859,42.910062],[-71.572443,42.904268],[-71.571743,42.901485],[-71.570417,42.896266],[-71.576234,42.895586],[-71.577512,42.895449],[-71.57677,42.892136],[-71.576694,42.891804],[-71.574515,42.882259],[-71.574348,42.881545],[-71.574111,42.880536],[-71.573911,42.87968],[-71.573753,42.878978],[-71.573413,42.877475],[-71.573023,42.875659],[-71.572325,42.872337],[-71.567738,42.852311],[-71.566232,42.845609],[-71.564554,42.838066],[-71.563611,42.833855],[-71.563422,42.833026],[-71.56255,42.828234],[-71.560941,42.819787],[-71.560858,42.819396],[-71.560621,42.818037],[-71.560615,42.817997],[-71.560339,42.816447],[-71.558888,42.808543],[-71.558708,42.807568],[-71.55853,42.806621],[-71.558437,42.806128],[-71.55826,42.80519],[-71.55795,42.80357],[-71.557882,42.803055],[-71.557636,42.801504],[-71.557039,42.797603],[-71.55621,42.792332],[-71.559918,42.790318],[-71.5612,42.788741],[-71.559003,42.787518],[-71.557874,42.785763],[-71.556302,42.785923],[-71.554242,42.786762],[-71.552716,42.785389],[-71.550321,42.784474],[-71.549222,42.785069],[-71.547803,42.78471],[-71.547345,42.781674],[-71.548954,42.780571],[-71.550305,42.778782],[-71.55119,42.778485],[-71.552335,42.776867],[-71.543613,42.777893],[-71.538586,42.778485],[-71.531613,42.78027],[-71.52953,42.776149],[-71.529263,42.775608],[-71.527264,42.776173],[-71.525668,42.773241],[-71.524807,42.771664],[-71.525356,42.763196],[-71.526196,42.753674],[-71.526198,42.749921],[-71.526407,42.748988],[-71.526662,42.747847],[-71.526685,42.747741],[-71.526839,42.747052],[-71.528473,42.739589],[-71.528514,42.739418],[-71.527811,42.739488],[-71.522211,42.740688],[-71.517911,42.745288],[-71.514711,42.745788],[-71.511011,42.746688],[-71.508311,42.749488],[-71.505411,42.750388],[-71.504711,42.751288],[-71.504011,42.755088],[-71.501194,42.757871],[-71.499005,42.757993],[-71.495476,42.760716],[-71.494255,42.763232],[-71.4936,42.763813],[-71.49335,42.7641],[-71.492686,42.748834],[-71.492404,42.746983],[-71.492634,42.746883],[-71.492595,42.746752],[-71.491218,42.74404],[-71.488632,42.741503],[-71.484792,42.739349],[-71.474372,42.733935],[-71.472174,42.733167],[-71.470555,42.732933],[-71.470964,42.731627],[-71.471543,42.730778],[-71.470556,42.730337],[-71.468518,42.729746],[-71.468734,42.729298],[-71.469682,42.728086],[-71.470055,42.727375],[-71.470045,42.726705],[-71.4704,42.724649],[-71.469731,42.723261],[-71.469806,42.722438],[-71.470013,42.720475],[-71.468659,42.720686],[-71.467313,42.720988],[-71.466991,42.720099],[-71.466114,42.719088],[-71.465213,42.719151],[-71.463874,42.719216],[-71.462472,42.719267],[-71.460941,42.719494],[-71.460643,42.71887],[-71.460441,42.718479],[-71.457114,42.719254],[-71.45241,42.719585],[-71.449565,42.719151],[-71.449591,42.717518],[-71.450875,42.708013],[-71.450548,42.708072],[-71.450851,42.705288],[-71.450083,42.702163],[-71.449112,42.700338],[-71.440522,42.700199],[-71.440345,42.700196],[-71.433549,42.700077],[-71.433239,42.700082],[-71.432336,42.700048],[-71.43172,42.700045],[-71.423532,42.699846],[-71.420405,42.699758],[-71.404417,42.699356],[-71.392441,42.699083],[-71.388184,42.698978],[-71.386956,42.698939],[-71.377986,42.698629],[-71.351635,42.697901],[-71.344703,42.697769],[-71.321814,42.697307],[-71.317065,42.697389],[-71.313491,42.697316],[-71.294637,42.697042],[-71.289083,42.702384],[-71.287576,42.703721],[-71.280972,42.709549],[-71.279071,42.711246],[-71.275339,42.715924],[-71.267873,42.726026],[-71.266405,42.727232],[-71.257996,42.734205],[-71.2551,42.736592],[-71.25128,42.738969],[-71.248687,42.740529],[-71.245481,42.742514],[-71.237432,42.744895],[-71.233199,42.745392],[-71.22383,42.746484],[-71.216546,42.744906],[-71.21019,42.743519],[-71.209722,42.743417],[-71.202339,42.741813],[-71.197556,42.740771],[-71.193786,42.739951],[-71.181786,42.737341],[-71.182756,42.751007],[-71.183067,42.754675],[-71.184001,42.765711],[-71.185049,42.778069],[-71.18614,42.790935],[-71.184778,42.792173],[-71.174432,42.801689],[-71.168226,42.807428],[-71.166647,42.808881],[-71.165676,42.80926],[-71.153505,42.814008],[-71.147939,42.816176],[-71.132805,42.821476],[-71.116067,42.817762],[-71.115752,42.817693],[-71.11374,42.817246],[-71.107867,42.81594],[-71.106725,42.815687],[-71.102789,42.814814],[-71.102114,42.81466],[-71.091115,42.812213],[-71.06722,42.806899],[-71.065432,42.806501],[-71.064407,42.806289],[-71.061931,42.812705],[-71.060598,42.81616],[-71.058266,42.822221],[-71.0579,42.823151],[-71.055133,42.830331],[-71.053954,42.833369],[-71.047545,42.844213],[-71.047486,42.844313],[-71.04492,42.848667],[-71.037924,42.854066],[-71.034929,42.856354],[-71.031201,42.859087],[-71.023519,42.860531],[-71.016339,42.861682],[-70.99747,42.864442],[-70.98666,42.865991],[-70.986156,42.866063],[-70.983151,42.866493],[-70.974719,42.867695],[-70.967018,42.8688],[-70.959915,42.871693],[-70.956,42.87329],[-70.948984,42.876191],[-70.937081,42.881618],[-70.930554,42.884598],[-70.929594,42.885032],[-70.919715,42.886099],[-70.914525,42.886647],[-70.903589,42.886777],[-70.886959,42.883132],[-70.885602,42.882834],[-70.883272,42.88148],[-70.882696,42.881146],[-70.872335,42.875142],[-70.870111,42.873852],[-70.868017,42.872634],[-70.866343,42.87166],[-70.863791,42.870192],[-70.848663,42.861415],[-70.847718,42.860867],[-70.836725,42.86468],[-70.829693,42.868725],[-70.823103,42.870873],[-70.822457,42.871079],[-70.820238,42.871787],[-70.818238,42.871895],[-70.817433,42.871917],[-70.815646,42.872098],[-70.813832,42.872298],[-70.814101,42.876915],[-70.813752,42.880839],[-70.81308,42.883661],[-70.811399,42.888583],[-70.812325,42.889224],[-70.813327,42.890031],[-70.813913,42.890513],[-70.815191,42.891573],[-70.816458,42.89261],[-70.816666,42.892781],[-70.817075,42.893114],[-70.817274,42.893272],[-70.819251,42.894915],[-70.822487,42.897593],[-70.822059,42.902827],[-70.822044,42.903422],[-70.822318,42.904528],[-70.822822,42.905406],[-70.823509,42.906245],[-70.823937,42.906634],[-70.828285,42.909289],[-70.829033,42.909777],[-70.831078,42.910975],[-70.831978,42.91144],[-70.833534,42.912425],[-70.835136,42.912577],[-70.837135,42.912425],[-70.83828,42.912547],[-70.840162,42.91315],[-70.840795,42.915826],[-70.841301,42.91553],[-70.841673,42.915868],[-70.842483,42.915212],[-70.842975,42.914374],[-70.843516,42.913699],[-70.84445,42.912913],[-70.844811,42.912767],[-70.845436,42.912905],[-70.846123,42.913264],[-70.847118,42.914583],[-70.848681,42.91681],[-70.84887,42.91708],[-70.849027,42.917309],[-70.851769,42.921244],[-70.854016,42.923543],[-70.852977,42.924429],[-70.852958,42.924444],[-70.852911,42.924479],[-70.852848,42.924525],[-70.852666,42.924663],[-70.852943,42.924852],[-70.852943,42.925195],[-70.853707,42.925623],[-70.854195,42.925677],[-70.856393,42.926318],[-70.857049,42.927119],[-70.856057,42.927347],[-70.855156,42.928515],[-70.857431,42.929041],[-70.858224,42.92969],[-70.857797,42.93059],[-70.860879,42.930269],[-70.861489,42.931582],[-70.862626,42.931787],[-70.863039,42.932072],[-70.863335,42.932265],[-70.863732,42.932453],[-70.864116,42.932605],[-70.865518,42.932871],[-70.866524,42.932932],[-70.866967,42.9331],[-70.867486,42.933764],[-70.868096,42.934115],[-70.86828,42.934641],[-70.86892,42.935114],[-70.868996,42.935671],[-70.869379,42.935999],[-70.870003,42.93606],[-70.870675,42.936502],[-70.871728,42.936647],[-70.872735,42.936403],[-70.873284,42.936372],[-70.874174,42.936726],[-70.875346,42.938349],[-70.877472,42.94239],[-70.877572,42.942756],[-70.877672,42.942977],[-70.877725,42.943094],[-70.877828,42.943298],[-70.877761,42.943483],[-70.877472,42.943828],[-70.877303,42.944142],[-70.877134,42.944626],[-70.876887,42.945037],[-70.876918,42.945256],[-70.877044,42.945397],[-70.877038,42.945459],[-70.877206,42.945597],[-70.877223,42.945606],[-70.877223,42.945762],[-70.87739,42.946055],[-70.87742,42.946295],[-70.877529,42.946809],[-70.877736,42.946816],[-70.87822,42.947249],[-70.879305,42.94773],[-70.8797,42.947829],[-70.879941,42.94804],[-70.879957,42.948089],[-70.880076,42.948463],[-70.880041,42.948499],[-70.880639,42.949511],[-70.882135,42.949877],[-70.883661,42.951212],[-70.883341,42.951998],[-70.884206,42.95275],[-70.886392,42.954218],[-70.889825,42.957224],[-70.894638,42.959096],[-70.896311,42.960253],[-70.898493,42.964586],[-70.902033,42.967195],[-70.910153,42.964959],[-70.92599,42.960581],[-70.933164,42.958548],[-70.93362,42.958422],[-70.943286,42.958074],[-70.947607,42.957926],[-70.958441,42.957562],[-70.968905,42.957211],[-70.97289,42.957064],[-70.982693,42.956705],[-70.984303,42.956807],[-70.987004,42.956977],[-70.993177,42.957383],[-70.997097,42.957743],[-70.99751,42.958298],[-71.000913,42.959158],[-71.003723,42.959188],[-71.005629,42.958551],[-71.007504,42.966569],[-71.007662,42.967267],[-71.007825,42.967989],[-71.007337,42.96789],[-71.00694,42.968027],[-71.006299,42.968973],[-71.005323,42.969477],[-71.004606,42.969446],[-71.003583,42.968729],[-71.002927,42.968691],[-71.002682,42.968935],[-71.002657,42.969752],[-71.002317,42.969835],[-71.001508,42.96966],[-71.000607,42.969826],[-70.999906,42.96985],[-70.999918,42.969982],[-70.999924,42.970029],[-71.002751,42.983789],[-71.003219,42.986122],[-71.003908,42.989693],[-71.008208,43.008366],[-71.008753,43.010694],[-71.008792,43.010854],[-71.009042,43.011914],[-71.009543,43.014031],[-71.010964,43.020338],[-71.010983,43.020425],[-71.0136,43.033197],[-71.013761,43.033937],[-71.013697,43.038236],[-71.013656,43.040142],[-71.013304,43.052635],[-71.013153,43.059398],[-71.013133,43.060273],[-71.013092,43.061958],[-71.013007,43.065105],[-71.012852,43.071137],[-71.01257,43.081993],[-71.012986,43.082024],[-71.016802,43.082002],[-71.029269,43.081919],[-71.035638,43.081876],[-71.03841,43.081874],[-71.043103,43.08185],[-71.055279,43.081765],[-71.070442,43.081689],[-71.072936,43.081681],[-71.070316,43.084981],[-71.068164,43.0876],[-71.059775,43.097834],[-71.058964,43.098828],[-71.05663,43.101661],[-71.047919,43.112289],[-71.045198,43.115607],[-71.043109,43.118162],[-71.042021,43.119525],[-71.035061,43.127919],[-71.030173,43.133794],[-71.029953,43.134062],[-71.02991,43.134106],[-71.02985,43.134178],[-71.029554,43.134533],[-71.029111,43.135063],[-71.028898,43.135269],[-71.028741,43.135466],[-71.026686,43.137947],[-71.028904,43.139323],[-71.029114,43.139453],[-71.033598,43.142216],[-71.05232,43.153796],[-71.05369,43.154619],[-71.058317,43.157488],[-71.067075,43.162861],[-71.068313,43.163614],[-71.069005,43.164034],[-71.079074,43.170264],[-71.085805,43.174405],[-71.101196,43.183893],[-71.120525,43.195745],[-71.121972,43.196592],[-71.122341,43.196803],[-71.122423,43.19685],[-71.124589,43.19802],[-71.124688,43.198078],[-71.126625,43.199254],[-71.127023,43.199503],[-71.127948,43.200072],[-71.133614,43.203598],[-71.137935,43.206291],[-71.138759,43.206809],[-71.141146,43.208324],[-71.151056,43.214608],[-71.173511,43.228873],[-71.188304,43.238453],[-71.192528,43.241171],[-71.194468,43.242417],[-71.197624,43.244472],[-71.198734,43.245188],[-71.206271,43.250059],[-71.214328,43.254622],[-71.232899,43.266379],[-71.239582,43.270512],[-71.247336,43.275232],[-71.246967,43.276189],[-71.245189,43.277555],[-71.238709,43.2828],[-71.236011,43.284994],[-71.232689,43.287679],[-71.229093,43.290589],[-71.218181,43.299395],[-71.215511,43.30155],[-71.207419,43.308152],[-71.204367,43.311471],[-71.20286,43.313085],[-71.200987,43.315093],[-71.20025,43.315932],[-71.195036,43.321984],[-71.193224,43.324163],[-71.191444,43.325781],[-71.188267,43.328707],[-71.186395,43.33045],[-71.179127,43.336916],[-71.166643,43.348371],[-71.159364,43.355123]]]]}},{"type":"Feature","properties":{"id":2,"NAME":"2","TotalPop":688787,"PopDevPct":0.00003267,"DemPct":0.5525798,"RepPct":0.4317272,"WhitePct":0.90114184,"MinorityPct":0.09885816,"BlackPct":0.01617631,"HispanicPct":0.02335991,"PacificPct":0.00113268,"AsianPct":0.03128864,"NativePct":0.01817391,"TotalVAP":567682,"Margin":0.0525798,"color":"#2020ff","opacity":"0.5"},"geometry":{"type":"MultiPolygon","coordinates":[[[[-70.989122,43.792081],[-70.989132,43.792559],[-70.98916,43.793618],[-70.989855,43.822536],[-70.989861,43.829257],[-70.990196,43.846676],[-70.991226,43.86357],[-70.991735,43.877341],[-70.991819,43.879129],[-70.992308,43.886711],[-70.992477,43.895894],[-70.992425,43.906229],[-70.992747,43.914219],[-70.992822,43.91643],[-70.992886,43.918254],[-70.993146,43.924666],[-70.993172,43.925359],[-70.993328,43.929793],[-70.993783,43.93683],[-70.994205,43.948671],[-70.994722,43.957364],[-70.99478,43.960348],[-70.995916,43.978983],[-70.996726,44.000213],[-70.996733,44.001124],[-70.996917,44.003941],[-70.996947,44.004503],[-70.997249,44.010557],[-70.997254,44.010675],[-70.997261,44.010793],[-70.997848,44.021698],[-70.997968,44.026573],[-70.997978,44.027093],[-70.998118,44.03302],[-70.99816,44.03734],[-70.998455,44.041558],[-70.998607,44.04474],[-70.999378,44.05722],[-70.999888,44.062658],[-71.000175,44.069493],[-71.001113,44.086674],[-71.001385,44.095],[-71.002069,44.107266],[-71.002096,44.108011],[-71.002221,44.111728],[-71.0027,44.124329],[-71.003037,44.132052],[-71.004586,44.161285],[-71.004721,44.164081],[-71.005116,44.175426],[-71.005749,44.201031],[-71.005749,44.201114],[-71.006436,44.211526],[-71.006786,44.21574],[-71.00733,44.225231],[-71.007391,44.226349],[-71.007425,44.227122],[-71.007466,44.22782],[-71.007509,44.228678],[-71.007878,44.236365],[-71.007895,44.236993],[-71.008028,44.239478],[-71.00804,44.239682],[-71.008252,44.243417],[-71.00861,44.252323],[-71.008643,44.253554],[-71.008877,44.258456],[-71.008909,44.259065],[-71.009339,44.265833],[-71.009459,44.268759],[-71.009976,44.284899],[-71.011237,44.300967],[-71.012383,44.329895],[-71.012882,44.34086],[-71.013154,44.34356],[-71.013167,44.343893],[-71.013193,44.344286],[-71.013869,44.357184],[-71.015188,44.372992],[-71.015365,44.37732],[-71.015683,44.385099],[-71.015708,44.385613],[-71.015803,44.387299],[-71.015835,44.388144],[-71.016194,44.394544],[-71.016729,44.403929],[-71.018237,44.43189],[-71.01836,44.433818],[-71.01878,44.44037],[-71.020079,44.46084],[-71.021506,44.484608],[-71.022849,44.500056],[-71.023256,44.507046],[-71.023774,44.51632],[-71.024585,44.530373],[-71.025125,44.537022],[-71.025735,44.544396],[-71.026312,44.55232],[-71.026455,44.556352],[-71.026545,44.559543],[-71.02697,44.573114],[-71.027454,44.584366],[-71.027757,44.590913],[-71.028522,44.61128],[-71.029102,44.625057],[-71.029598,44.631787],[-71.030313,44.644337],[-71.032166,44.675752],[-71.033583,44.698492],[-71.034041,44.70487],[-71.034408,44.70996],[-71.034576,44.712231],[-71.036325,44.736066],[-71.037472,44.751242],[-71.037978,44.760617],[-71.03839,44.766982],[-71.039305,44.777861],[-71.041552,44.807564],[-71.041997,44.812375],[-71.043299,44.828682],[-71.04373,44.832959],[-71.044957,44.842202],[-71.045072,44.843061],[-71.045103,44.844435],[-71.045276,44.847967],[-71.045876,44.854838],[-71.045917,44.855512],[-71.046618,44.862043],[-71.046743,44.863117],[-71.046802,44.864732],[-71.046862,44.866531],[-71.046893,44.867229],[-71.046994,44.868436],[-71.047512,44.874612],[-71.047576,44.875281],[-71.047825,44.877228],[-71.048843,44.889506],[-71.048888,44.889953],[-71.04957,44.898467],[-71.049993,44.902906],[-71.053498,44.940117],[-71.056637,44.97301],[-71.05715,44.97847],[-71.058247,44.990515],[-71.058972,45.004152],[-71.059324,45.011186],[-71.059501,45.014636],[-71.059866,45.019445],[-71.061973,45.047615],[-71.062602,45.05573],[-71.064104,45.07659],[-71.064549,45.082801],[-71.067915,45.125744],[-71.068835,45.137026],[-71.069456,45.146359],[-71.070264,45.155548],[-71.071261,45.16829],[-71.07153,45.171352],[-71.072604,45.183798],[-71.074486,45.204288],[-71.075382,45.219012],[-71.077173,45.250048],[-71.078264,45.258527],[-71.081338,45.28406],[-71.083107,45.298581],[-71.083928,45.305484],[-71.084396,45.305483],[-71.084719,45.305698],[-71.085716,45.305778],[-71.085914,45.305378],[-71.086909,45.30519],[-71.086787,45.304723],[-71.087854,45.304615],[-71.089307,45.30478],[-71.090456,45.304179],[-71.092547,45.303919],[-71.094682,45.302471],[-71.095579,45.302243],[-71.096817,45.302291],[-71.097282,45.302075],[-71.097488,45.301737],[-71.098201,45.301673],[-71.098418,45.30088],[-71.09818,45.300585],[-71.098252,45.300224],[-71.098777,45.300078],[-71.099488,45.299189],[-71.101521,45.297851],[-71.102422,45.297211],[-71.10293,45.296697],[-71.104416,45.295665],[-71.10528,45.294875],[-71.105438,45.294126],[-71.105203,45.293472],[-71.104076,45.292629],[-71.103937,45.292311],[-71.104189,45.291517],[-71.104598,45.291189],[-71.105888,45.291333],[-71.106555,45.291087],[-71.107087,45.289835],[-71.10786,45.289553],[-71.109039,45.286118],[-71.110557,45.284891],[-71.110989,45.284377],[-71.110291,45.284151],[-71.110053,45.283117],[-71.109174,45.282347],[-71.108312,45.282306],[-71.105444,45.282799],[-71.105456,45.282571],[-71.105975,45.281886],[-71.106438,45.281572],[-71.106248,45.280907],[-71.106365,45.280009],[-71.106898,45.279711],[-71.107189,45.278347],[-71.108709,45.277057],[-71.109534,45.277082],[-71.10983,45.276699],[-71.109563,45.276133],[-71.110654,45.275381],[-71.111624,45.275632],[-71.112096,45.275327],[-71.113255,45.274792],[-71.114057,45.274942],[-71.115469,45.274552],[-71.11631,45.274085],[-71.116464,45.273186],[-71.116788,45.27271],[-71.116297,45.27141],[-71.11624,45.27045],[-71.116434,45.26944],[-71.11751,45.268294],[-71.118311,45.267795],[-71.119166,45.26713],[-71.119655,45.266476],[-71.120201,45.265142],[-71.119972,45.264224],[-71.120316,45.263667],[-71.119223,45.263067],[-71.119658,45.26249],[-71.119464,45.262072],[-71.119545,45.26162],[-71.120059,45.261569],[-71.12063,45.261101],[-71.121229,45.260312],[-71.123661,45.258502],[-71.123898,45.258391],[-71.124257,45.257492],[-71.123786,45.255969],[-71.124117,45.255138],[-71.124969,45.254455],[-71.125617,45.254617],[-71.126484,45.253904],[-71.126937,45.254166],[-71.127944,45.25369],[-71.128242,45.253025],[-71.128926,45.252494],[-71.129721,45.251409],[-71.129406,45.250711],[-71.129652,45.250078],[-71.130141,45.249776],[-71.129885,45.248525],[-71.130777,45.247423],[-71.130928,45.24655],[-71.13291,45.244512],[-71.133964,45.244076],[-71.134951,45.243806],[-71.135712,45.243727],[-71.137095,45.243869],[-71.138255,45.243536],[-71.139252,45.242789],[-71.140372,45.242794],[-71.141527,45.242535],[-71.143511,45.242551],[-71.144077,45.242263],[-71.14578,45.241212],[-71.145878,45.240929],[-71.146499,45.240215],[-71.146259,45.239726],[-71.14756,45.239435],[-71.148036,45.239484],[-71.14831,45.239722],[-71.147763,45.240602],[-71.147339,45.240905],[-71.147829,45.241513],[-71.148021,45.242443],[-71.149431,45.243437],[-71.150075,45.24366],[-71.150766,45.243754],[-71.151664,45.244535],[-71.15262,45.244923],[-71.153674,45.245786],[-71.15474,45.246044],[-71.155223,45.246442],[-71.155976,45.246453],[-71.155701,45.246913],[-71.156189,45.247453],[-71.156911,45.247479],[-71.157013,45.24819],[-71.158085,45.248444],[-71.159111,45.248818],[-71.159852,45.248783],[-71.162331,45.250346],[-71.162902,45.249599],[-71.163274,45.249423],[-71.163876,45.248851],[-71.165039,45.249088],[-71.165531,45.248527],[-71.166685,45.247677],[-71.166728,45.24748],[-71.167493,45.247],[-71.168089,45.247043],[-71.168822,45.246272],[-71.169442,45.246626],[-71.169719,45.246413],[-71.170154,45.24659],[-71.170824,45.245979],[-71.171906,45.246015],[-71.173203,45.246315],[-71.173516,45.245812],[-71.174171,45.245481],[-71.174523,45.245483],[-71.174811,45.245169],[-71.175624,45.244674],[-71.176123,45.244219],[-71.176816,45.244046],[-71.177346,45.243071],[-71.177758,45.242734],[-71.178267,45.241948],[-71.178366,45.241373],[-71.179106,45.241147],[-71.180101,45.239937],[-71.181157,45.24019],[-71.181844,45.240175],[-71.182396,45.240635],[-71.182272,45.241343],[-71.182624,45.241576],[-71.182657,45.242174],[-71.182491,45.242499],[-71.183293,45.243461],[-71.183973,45.243581],[-71.183965,45.244941],[-71.184519,45.24488],[-71.184955,45.245076],[-71.185387,45.244318],[-71.186054,45.244227],[-71.186887,45.244387],[-71.187778,45.24506],[-71.187274,45.245919],[-71.187333,45.246518],[-71.187733,45.247618],[-71.188216,45.247782],[-71.188996,45.247802],[-71.189349,45.24759],[-71.190416,45.247707],[-71.191031,45.247881],[-71.191405,45.248452],[-71.191471,45.248887],[-71.191185,45.249404],[-71.191366,45.249549],[-71.19305,45.249901],[-71.193384,45.249895],[-71.193699,45.250326],[-71.195137,45.251266],[-71.194865,45.251868],[-71.195458,45.252843],[-71.196115,45.253136],[-71.195977,45.253415],[-71.196186,45.253975],[-71.197142,45.254168],[-71.197316,45.253913],[-71.19772,45.25393],[-71.198636,45.254254],[-71.199234,45.253583],[-71.19968,45.253589],[-71.200001,45.25328],[-71.200609,45.253615],[-71.200794,45.254031],[-71.202503,45.254319],[-71.202897,45.253972],[-71.203788,45.253506],[-71.203892,45.253133],[-71.204646,45.25299],[-71.204882,45.252775],[-71.205283,45.252409],[-71.207187,45.253058],[-71.207722,45.252312],[-71.208046,45.252132],[-71.208379,45.251308],[-71.208993,45.251099],[-71.209635,45.250598],[-71.210583,45.250695],[-71.211124,45.250214],[-71.211649,45.250163],[-71.212301,45.250351],[-71.212657,45.250119],[-71.213736,45.250671],[-71.214288,45.250691],[-71.214965,45.250418],[-71.216979,45.250425],[-71.217667,45.251103],[-71.21809,45.251031],[-71.218573,45.250507],[-71.220628,45.250735],[-71.220545,45.251316],[-71.220815,45.25194],[-71.221553,45.252212],[-71.221393,45.253047],[-71.222103,45.253363],[-71.222916,45.252615],[-71.223685,45.252212],[-71.224365,45.252113],[-71.224872,45.251753],[-71.226212,45.251278],[-71.226396,45.250903],[-71.227205,45.250059],[-71.227912,45.249774],[-71.228261,45.249379],[-71.228988,45.249527],[-71.22944,45.249199],[-71.230614,45.249417],[-71.231146,45.24988],[-71.23185,45.250973],[-71.232711,45.250995],[-71.23311,45.251522],[-71.232584,45.251915],[-71.232045,45.252581],[-71.23133,45.253903],[-71.232189,45.254681],[-71.232496,45.255307],[-71.232678,45.256273],[-71.232703,45.256935],[-71.233208,45.25757],[-71.233821,45.257781],[-71.234099,45.258292],[-71.234964,45.259194],[-71.234938,45.259594],[-71.235591,45.260907],[-71.235983,45.261129],[-71.236986,45.261362],[-71.23797,45.261434],[-71.23942,45.261667],[-71.239187,45.263335],[-71.24173,45.264945],[-71.243276,45.266515],[-71.243934,45.267329],[-71.245615,45.268799],[-71.246967,45.268507],[-71.247449,45.268649],[-71.24878,45.267837],[-71.24947,45.26802],[-71.249834,45.268665],[-71.249742,45.269068],[-71.250119,45.269194],[-71.2503,45.269624],[-71.251452,45.269873],[-71.25166,45.270253],[-71.252344,45.270523],[-71.253068,45.271058],[-71.254305,45.271625],[-71.255412,45.271969],[-71.255971,45.272973],[-71.256405,45.273196],[-71.258756,45.271889],[-71.259392,45.272033],[-71.25953,45.272394],[-71.259251,45.272791],[-71.259877,45.273929],[-71.259627,45.274574],[-71.260355,45.274853],[-71.260757,45.275296],[-71.26189,45.275886],[-71.262296,45.275995],[-71.262205,45.276575],[-71.262975,45.277432],[-71.262833,45.27814],[-71.262905,45.278726],[-71.262795,45.279466],[-71.263512,45.280199],[-71.263281,45.281896],[-71.263718,45.282303],[-71.263923,45.282879],[-71.263864,45.284522],[-71.263742,45.284786],[-71.263986,45.285139],[-71.263952,45.285488],[-71.264283,45.286501],[-71.264561,45.286844],[-71.264568,45.287229],[-71.264815,45.287404],[-71.265186,45.288541],[-71.265917,45.289413],[-71.265778,45.290502],[-71.266177,45.291441],[-71.265647,45.29225],[-71.264444,45.293229],[-71.264948,45.293792],[-71.266293,45.294378],[-71.267012,45.294413],[-71.268261,45.294903],[-71.268996,45.295275],[-71.270021,45.295337],[-71.271187,45.29584],[-71.27197,45.296026],[-71.272688,45.296572],[-71.273845,45.296105],[-71.274229,45.295776],[-71.274832,45.295686],[-71.275777,45.295047],[-71.276712,45.294855],[-71.277318,45.295029],[-71.277888,45.294942],[-71.278322,45.294662],[-71.279114,45.294487],[-71.280517,45.294588],[-71.280894,45.295161],[-71.280849,45.29554],[-71.281337,45.296206],[-71.282705,45.29711],[-71.282145,45.297928],[-71.282008,45.299117],[-71.282227,45.299501],[-71.28359,45.300011],[-71.283711,45.300313],[-71.28308,45.300923],[-71.283627,45.301934],[-71.284224,45.302359],[-71.284787,45.301282],[-71.285792,45.300363],[-71.287016,45.300769],[-71.287913,45.300908],[-71.288789,45.300036],[-71.289873,45.300006],[-71.290549,45.299587],[-71.290671,45.299016],[-71.290967,45.298711],[-71.292814,45.298518],[-71.293378,45.298658],[-71.294331,45.298528],[-71.295211,45.298691],[-71.296234,45.299144],[-71.297603,45.298058],[-71.297706,45.297808],[-71.298786,45.297037],[-71.299513,45.296898],[-71.300064,45.296371],[-71.30053,45.296649],[-71.301817,45.295358],[-71.30269,45.293916],[-71.303009,45.292976],[-71.304483,45.29243],[-71.304926,45.291644],[-71.3064,45.29001],[-71.306313,45.289534],[-71.306986,45.288215],[-71.307588,45.287485],[-71.308729,45.287186],[-71.309028,45.286958],[-71.310251,45.286901],[-71.311294,45.286542],[-71.312952,45.286909],[-71.313668,45.286763],[-71.314442,45.286821],[-71.315424,45.286594],[-71.315808,45.286007],[-71.317023,45.285438],[-71.317383,45.284934],[-71.318679,45.283923],[-71.319134,45.282984],[-71.319636,45.282921],[-71.32025,45.282259],[-71.320833,45.28192],[-71.324628,45.281323],[-71.326567,45.281252],[-71.328544,45.280805],[-71.329121,45.280529],[-71.330802,45.280279],[-71.331702,45.279505],[-71.331574,45.278969],[-71.332448,45.278217],[-71.332644,45.277425],[-71.333041,45.276908],[-71.333031,45.275856],[-71.333488,45.275431],[-71.335011,45.273531],[-71.336412,45.272742],[-71.338538,45.272523],[-71.340427,45.272064],[-71.342347,45.271259],[-71.344312,45.271249],[-71.345833,45.27149],[-71.346916,45.272041],[-71.347682,45.272016],[-71.348696,45.270771],[-71.350315,45.269503],[-71.350852,45.26954],[-71.35267,45.268696],[-71.353455,45.268605],[-71.355682,45.2686],[-71.358462,45.26946],[-71.359587,45.270092],[-71.360278,45.270332],[-71.360617,45.269858],[-71.360858,45.268872],[-71.362365,45.267745],[-71.363043,45.26739],[-71.363213,45.266738],[-71.361924,45.264574],[-71.360199,45.26311],[-71.359334,45.262094],[-71.358712,45.259463],[-71.357939,45.258496],[-71.356616,45.25658],[-71.357001,45.255305],[-71.356366,45.254663],[-71.356539,45.253897],[-71.358812,45.250911],[-71.359283,45.250549],[-71.362044,45.24922],[-71.362772,45.248302],[-71.365721,45.247414],[-71.366915,45.247389],[-71.367513,45.246693],[-71.368019,45.246389],[-71.372381,45.24624],[-71.373469,45.245447],[-71.375952,45.245098],[-71.377419,45.243768],[-71.378341,45.243492],[-71.37888,45.242828],[-71.379007,45.241402],[-71.379706,45.240654],[-71.380343,45.238708],[-71.381186,45.237614],[-71.381943,45.236811],[-71.382525,45.235377],[-71.383454,45.234174],[-71.384137,45.233509],[-71.385308,45.233047],[-71.385916,45.233092],[-71.386917,45.23389],[-71.389263,45.234954],[-71.39044,45.236467],[-71.391725,45.237382],[-71.392702,45.238706],[-71.392477,45.239428],[-71.394502,45.24091],[-71.396356,45.241852],[-71.397783,45.242121],[-71.399647,45.242109],[-71.402145,45.242598],[-71.403947,45.242106],[-71.405734,45.241852],[-71.407446,45.241217],[-71.407724,45.240007],[-71.408516,45.239292],[-71.409868,45.238943],[-71.410971,45.239125],[-71.411922,45.238725],[-71.412441,45.237839],[-71.412305,45.236902],[-71.413005,45.235841],[-71.413982,45.236091],[-71.416821,45.235781],[-71.417692,45.234974],[-71.419262,45.23399],[-71.419996,45.232744],[-71.421051,45.232203],[-71.421654,45.232782],[-71.423613,45.233621],[-71.424204,45.233713],[-71.425453,45.233325],[-71.426411,45.233686],[-71.42676,45.23416],[-71.427405,45.234247],[-71.427918,45.233866],[-71.429127,45.233961],[-71.429649,45.235084],[-71.429633,45.235969],[-71.430336,45.236276],[-71.431325,45.236415],[-71.432402,45.237044],[-71.434222,45.238415],[-71.435268,45.23814],[-71.437379,45.238814],[-71.43967,45.239099],[-71.440388,45.238579],[-71.441907,45.238645],[-71.442818,45.238292],[-71.443021,45.237959],[-71.443401,45.236757],[-71.443177,45.236207],[-71.443527,45.23547],[-71.443827,45.235196],[-71.443512,45.2348],[-71.442942,45.234968],[-71.441817,45.234993],[-71.441269,45.235116],[-71.4405,45.235005],[-71.439569,45.234391],[-71.439546,45.234059],[-71.438925,45.233338],[-71.438367,45.232999],[-71.438262,45.23251],[-71.43786,45.232514],[-71.437469,45.232089],[-71.436625,45.23202],[-71.436639,45.23182],[-71.435749,45.231341],[-71.435286,45.231739],[-71.434611,45.230898],[-71.433501,45.230217],[-71.432991,45.230136],[-71.432617,45.229487],[-71.431844,45.229208],[-71.431603,45.228905],[-71.431721,45.2286],[-71.430836,45.228329],[-71.4305,45.22808],[-71.429741,45.228203],[-71.429322,45.227843],[-71.427861,45.227107],[-71.42742,45.226766],[-71.426395,45.226196],[-71.426562,45.225336],[-71.425449,45.224863],[-71.424409,45.224954],[-71.423705,45.224713],[-71.423319,45.224871],[-71.422457,45.224538],[-71.422117,45.224222],[-71.421093,45.223818],[-71.420738,45.223847],[-71.420586,45.223377],[-71.419946,45.223048],[-71.420031,45.222756],[-71.419226,45.222446],[-71.418957,45.222039],[-71.418199,45.221778],[-71.417412,45.221746],[-71.416963,45.221094],[-71.416868,45.220323],[-71.416034,45.219631],[-71.415774,45.218973],[-71.416107,45.218665],[-71.415344,45.218093],[-71.414152,45.2177],[-71.413684,45.217435],[-71.412829,45.217493],[-71.411692,45.217263],[-71.411207,45.217569],[-71.410383,45.217253],[-71.410245,45.217001],[-71.40928,45.216723],[-71.408087,45.216939],[-71.407536,45.216873],[-71.406649,45.216239],[-71.405782,45.216049],[-71.405477,45.216199],[-71.405,45.215939],[-71.404696,45.215563],[-71.403122,45.215299],[-71.402584,45.214359],[-71.402172,45.214218],[-71.402051,45.213738],[-71.401737,45.213369],[-71.401949,45.213104],[-71.401892,45.212283],[-71.401549,45.211948],[-71.401567,45.211417],[-71.400959,45.211003],[-71.400463,45.210334],[-71.400177,45.210262],[-71.400087,45.209766],[-71.399756,45.209699],[-71.400209,45.20948],[-71.399526,45.209121],[-71.399367,45.208796],[-71.398947,45.208753],[-71.399259,45.208354],[-71.399101,45.207797],[-71.398682,45.207727],[-71.3987,45.206976],[-71.398188,45.206717],[-71.398145,45.206082],[-71.397846,45.205944],[-71.397653,45.205324],[-71.39778,45.204497],[-71.397377,45.20371],[-71.397459,45.203141],[-71.398599,45.202166],[-71.399288,45.201995],[-71.399811,45.202013],[-71.400229,45.201581],[-71.399865,45.200923],[-71.399974,45.200325],[-71.400327,45.20017],[-71.402187,45.200351],[-71.402769,45.199125],[-71.405856,45.197701],[-71.404766,45.196694],[-71.404198,45.194967],[-71.404936,45.193545],[-71.406679,45.192784],[-71.406481,45.19196],[-71.407615,45.191205],[-71.40684,45.190281],[-71.409181,45.187474],[-71.410702,45.186202],[-71.413262,45.185534],[-71.414416,45.184786],[-71.415746,45.180685],[-71.414558,45.180347],[-71.414103,45.178989],[-71.415676,45.177506],[-71.416302,45.175439],[-71.41737,45.174863],[-71.417897,45.172131],[-71.418815,45.171227],[-71.418452,45.17053],[-71.421423,45.168514],[-71.423069,45.166395],[-71.42472,45.16621],[-71.424593,45.164945],[-71.423707,45.164978],[-71.423458,45.163861],[-71.424372,45.163107],[-71.423531,45.161819],[-71.424285,45.1603],[-71.423658,45.159678],[-71.425683,45.157521],[-71.424982,45.157261],[-71.426203,45.153942],[-71.426399,45.152675],[-71.427459,45.151472],[-71.43015,45.150693],[-71.430339,45.149903],[-71.431759,45.149458],[-71.433266,45.148313],[-71.433319,45.14528],[-71.434226,45.145602],[-71.435121,45.142484],[-71.435783,45.141821],[-71.436721,45.142299],[-71.437608,45.141512],[-71.435784,45.139594],[-71.432423,45.138004],[-71.432497,45.13735],[-71.431156,45.136455],[-71.430871,45.135067],[-71.429388,45.13368],[-71.427836,45.131524],[-71.427247,45.129866],[-71.426096,45.129466],[-71.42678,45.128246],[-71.426528,45.12701],[-71.42738,45.126257],[-71.428159,45.124977],[-71.429076,45.124715],[-71.428385,45.123672],[-71.429492,45.122293],[-71.431236,45.121309],[-71.432871,45.119824],[-71.434132,45.119988],[-71.435603,45.119137],[-71.435168,45.118476],[-71.436303,45.117749],[-71.437644,45.117724],[-71.440094,45.116005],[-71.440768,45.114538],[-71.439941,45.113944],[-71.4416,45.113094],[-71.444111,45.112538],[-71.44602,45.113516],[-71.448787,45.112567],[-71.448466,45.11141],[-71.450221,45.110501],[-71.450378,45.108936],[-71.449134,45.109225],[-71.448698,45.107886],[-71.450399,45.10707],[-71.449896,45.10633],[-71.45108,45.105105],[-71.449292,45.104469],[-71.451598,45.102462],[-71.455157,45.101427],[-71.455922,45.100059],[-71.455969,45.099896],[-71.456247,45.099728],[-71.458131,45.099141],[-71.458452,45.098826],[-71.459165,45.097387],[-71.459438,45.09655],[-71.459269,45.096025],[-71.458556,45.095472],[-71.458353,45.095159],[-71.45871,45.094964],[-71.460107,45.094992],[-71.460507,45.094898],[-71.460863,45.094665],[-71.462079,45.09309],[-71.462519,45.093053],[-71.463891,45.093431],[-71.464389,45.09335],[-71.464881,45.092514],[-71.465168,45.092082],[-71.465568,45.091722],[-71.465825,45.091288],[-71.465779,45.090984],[-71.465895,45.090247],[-71.466365,45.08881],[-71.465443,45.087509],[-71.46621,45.086635],[-71.466982,45.087016],[-71.467364,45.086703],[-71.467443,45.086075],[-71.467165,45.085651],[-71.467166,45.085246],[-71.467475,45.085058],[-71.467976,45.084944],[-71.468455,45.084304],[-71.468488,45.084046],[-71.467979,45.083892],[-71.467887,45.083651],[-71.468435,45.083566],[-71.469382,45.083694],[-71.470294,45.083412],[-71.471194,45.08358],[-71.472566,45.083752],[-71.473433,45.083613],[-71.474083,45.083655],[-71.475172,45.084238],[-71.475833,45.083478],[-71.476408,45.082994],[-71.476992,45.082922],[-71.478126,45.084342],[-71.478631,45.083546],[-71.479625,45.083514],[-71.479875,45.083446],[-71.480429,45.083296],[-71.481196,45.082906],[-71.480887,45.082523],[-71.479991,45.082256],[-71.479971,45.081627],[-71.480763,45.080571],[-71.481153,45.080304],[-71.482188,45.080353],[-71.482127,45.079978],[-71.482636,45.079],[-71.483135,45.078822],[-71.483463,45.079319],[-71.484958,45.079131],[-71.485455,45.079114],[-71.486324,45.07898],[-71.486418,45.078949],[-71.486451,45.078938],[-71.486462,45.078933],[-71.486561,45.078903],[-71.486769,45.078838],[-71.487291,45.078673],[-71.486808,45.078135],[-71.486808,45.077716],[-71.48712,45.077501],[-71.487169,45.077126],[-71.487188,45.076977],[-71.487215,45.076771],[-71.487002,45.076691],[-71.48631,45.07644],[-71.486369,45.075634],[-71.486725,45.075256],[-71.487587,45.074937],[-71.488363,45.074228],[-71.488999,45.07425],[-71.489054,45.074148],[-71.489285,45.073719],[-71.48929,45.073543],[-71.489294,45.073427],[-71.489297,45.073341],[-71.489302,45.073093],[-71.489114,45.072336],[-71.487785,45.071613],[-71.487758,45.071368],[-71.488409,45.071118],[-71.488993,45.071238],[-71.489698,45.070646],[-71.490428,45.070944],[-71.491305,45.071044],[-71.492566,45.071381],[-71.493094,45.071415],[-71.493836,45.071212],[-71.494433,45.071309],[-71.494757,45.07058],[-71.494066,45.070356],[-71.494244,45.069675],[-71.495091,45.069575],[-71.495322,45.069017],[-71.49567,45.068847],[-71.495918,45.069312],[-71.496496,45.070008],[-71.497686,45.070465],[-71.498042,45.070187],[-71.498133,45.069169],[-71.497319,45.068266],[-71.497756,45.067804],[-71.497433,45.067657],[-71.497608,45.066767],[-71.497196,45.065936],[-71.496622,45.065562],[-71.495667,45.064754],[-71.496292,45.063835],[-71.496398,45.062991],[-71.497446,45.06122],[-71.496871,45.060756],[-71.497103,45.060116],[-71.497977,45.059679],[-71.498551,45.059045],[-71.498699,45.058574],[-71.499203,45.05836],[-71.500092,45.058876],[-71.50093,45.059148],[-71.501268,45.058727],[-71.501177,45.057712],[-71.500602,45.057324],[-71.499917,45.05775],[-71.499248,45.05742],[-71.498669,45.057364],[-71.497876,45.057626],[-71.497577,45.057258],[-71.497995,45.056948],[-71.498556,45.056967],[-71.499082,45.056433],[-71.498978,45.056246],[-71.4982,45.055995],[-71.497626,45.056315],[-71.497204,45.055802],[-71.497814,45.055126],[-71.498217,45.054302],[-71.500396,45.053795],[-71.499216,45.053005],[-71.499371,45.052629],[-71.499704,45.052453],[-71.4998,45.052431],[-71.500085,45.052362],[-71.500548,45.052251],[-71.500632,45.052282],[-71.50072,45.052315],[-71.500808,45.052348],[-71.500911,45.052377],[-71.501039,45.052434],[-71.501331,45.052544],[-71.501636,45.052364],[-71.501821,45.052256],[-71.50358,45.052552],[-71.504389,45.052375],[-71.505192,45.051146],[-71.505477,45.049529],[-71.505355,45.048924],[-71.505719,45.048776],[-71.506606,45.047555],[-71.504614,45.04709],[-71.504347,45.047648],[-71.504749,45.047905],[-71.504039,45.048143],[-71.503163,45.04811],[-71.502747,45.047599],[-71.502889,45.047097],[-71.504515,45.046078],[-71.503119,45.045204],[-71.501807,45.046108],[-71.501147,45.045087],[-71.499347,45.044674],[-71.498011,45.044579],[-71.496818,45.044674],[-71.496004,45.044937],[-71.495534,45.045294],[-71.494989,45.045233],[-71.493256,45.045759],[-71.492235,45.045169],[-71.490957,45.043169],[-71.490923,45.042638],[-71.491196,45.041793],[-71.491176,45.041062],[-71.491881,45.040123],[-71.492214,45.039364],[-71.491984,45.038639],[-71.49229,45.038113],[-71.492255,45.036128],[-71.493147,45.034539],[-71.492577,45.033855],[-71.492549,45.033548],[-71.492973,45.033229],[-71.493602,45.033087],[-71.494813,45.033066],[-71.494952,45.03286],[-71.493684,45.03224],[-71.493568,45.031994],[-71.494148,45.031493],[-71.494984,45.031362],[-71.495536,45.031547],[-71.495719,45.031816],[-71.496274,45.031751],[-71.496944,45.031018],[-71.497023,45.030245],[-71.497748,45.030023],[-71.497724,45.029405],[-71.497159,45.028636],[-71.49789,45.028286],[-71.498686,45.028304],[-71.498075,45.027583],[-71.497904,45.026792],[-71.497978,45.026545],[-71.499163,45.026528],[-71.499593,45.026708],[-71.499956,45.026526],[-71.50014,45.026081],[-71.499596,45.025837],[-71.499275,45.025466],[-71.499478,45.024563],[-71.49869,45.024507],[-71.497685,45.02423],[-71.497117,45.023602],[-71.497383,45.023282],[-71.497933,45.02311],[-71.498628,45.023189],[-71.499765,45.023601],[-71.500157,45.023487],[-71.499944,45.02252],[-71.499679,45.022182],[-71.499708,45.022111],[-71.499746,45.021994],[-71.499792,45.021856],[-71.499804,45.021822],[-71.499801,45.021374],[-71.4998,45.021189],[-71.500121,45.020925],[-71.500338,45.020746],[-71.500254,45.020539],[-71.500074,45.020088],[-71.49964,45.02004],[-71.499031,45.020342],[-71.498559,45.020235],[-71.499775,45.019561],[-71.500491,45.019743],[-71.500674,45.019791],[-71.500872,45.019348],[-71.500736,45.018994],[-71.500199,45.018936],[-71.499951,45.019],[-71.499568,45.019101],[-71.499359,45.018331],[-71.500116,45.017639],[-71.50117,45.0179],[-71.501397,45.017513],[-71.50097,45.017017],[-71.500702,45.016439],[-71.500648,45.015639],[-71.499675,45.015439],[-71.499535,45.014869],[-71.500282,45.014349],[-71.50029,45.014171],[-71.501082,45.013347],[-71.499689,45.013336],[-71.466387,45.013639],[-71.465242,45.013638],[-71.465228,45.013638],[-71.46514,45.013638],[-71.46505,45.013638],[-71.465047,45.013472],[-71.465065,45.012918],[-71.465614,45.01215],[-71.465964,45.011919],[-71.467631,45.011289],[-71.469103,45.01098],[-71.471437,45.01091],[-71.472099,45.010842],[-71.473153,45.010503],[-71.47484,45.010115],[-71.476348,45.009426],[-71.477228,45.008725],[-71.478458,45.007486],[-71.478921,45.006533],[-71.479182,45.005639],[-71.479332,45.004453],[-71.479594,45.003401],[-71.479797,45.003005],[-71.480552,45.002334],[-71.481423,45.002188],[-71.483855,45.002048],[-71.484858,45.002242],[-71.485847,45.002264],[-71.486495,45.002131],[-71.486907,45.00189],[-71.487481,45.00111],[-71.487767,45.000898],[-71.488475,45.000731],[-71.489675,45.00114],[-71.490092,45.001534],[-71.490126,45.001976],[-71.491044,45.002475],[-71.491803,45.002614],[-71.492722,45.002655],[-71.493913,45.002963],[-71.494323,45.003211],[-71.494648,45.003998],[-71.495343,45.004602],[-71.495796,45.004652],[-71.496473,45.004114],[-71.497359,45.003789],[-71.498417,45.003944],[-71.499217,45.005009],[-71.499736,45.005421],[-71.50053,45.006367],[-71.501323,45.006947],[-71.502178,45.007298],[-71.503361,45.007629],[-71.504251,45.008223],[-71.504669,45.008315],[-71.505343,45.007971],[-71.505861,45.007854],[-71.507478,45.00794],[-71.508784,45.007844],[-71.514036,45.004384],[-71.515877,45.004044],[-71.519996,45.002417],[-71.521996,45.001988],[-71.524185,45.002122],[-71.528474,45.000026],[-71.529539,44.99977],[-71.530496,44.999266],[-71.531747,44.997325],[-71.534901,44.995741],[-71.535977,44.994885],[-71.536054,44.994776],[-71.536188,44.994592],[-71.536297,44.994442],[-71.536374,44.994282],[-71.536633,44.993962],[-71.537014,44.993481],[-71.537152,44.993252],[-71.537197,44.99297],[-71.537091,44.992611],[-71.536801,44.992405],[-71.536557,44.992306],[-71.536099,44.992161],[-71.534619,44.99194],[-71.533993,44.991803],[-71.533535,44.99165],[-71.533108,44.991391],[-71.533047,44.991292],[-71.533047,44.991165],[-71.533138,44.990857],[-71.533295,44.990732],[-71.533368,44.990673],[-71.538143,44.98985],[-71.5388,44.988469],[-71.538769,44.988064],[-71.538723,44.987927],[-71.538693,44.98782],[-71.538601,44.987545],[-71.538647,44.987256],[-71.53883,44.987004],[-71.53915,44.986683],[-71.53967,44.986333],[-71.539808,44.98624],[-71.539874,44.986141],[-71.539933,44.986059],[-71.539936,44.986048],[-71.539959,44.986012],[-71.540041,44.985922],[-71.540114,44.985846],[-71.540577,44.985566],[-71.54071,44.985481],[-71.540805,44.985411],[-71.540831,44.985389],[-71.54086,44.985371],[-71.541096,44.985382],[-71.54116,44.985385],[-71.541317,44.985302],[-71.541324,44.985071],[-71.541511,44.984784],[-71.541516,44.984768],[-71.541531,44.984478],[-71.541516,44.984425],[-71.541485,44.984349],[-71.541455,44.984166],[-71.541424,44.984074],[-71.541333,44.983937],[-71.54115,44.983769],[-71.540921,44.983655],[-71.540527,44.983611],[-71.540112,44.983662],[-71.539288,44.983884],[-71.538846,44.984074],[-71.538578,44.984248],[-71.538189,44.984372],[-71.537823,44.984394],[-71.537457,44.984318],[-71.536984,44.984074],[-71.536755,44.983899],[-71.536617,44.98367],[-71.536602,44.983372],[-71.536602,44.983204],[-71.536737,44.982569],[-71.53677,44.982235],[-71.536801,44.982136],[-71.536938,44.981892],[-71.537304,44.981381],[-71.537411,44.981091],[-71.537396,44.980984],[-71.537335,44.980885],[-71.537197,44.980732],[-71.536984,44.980588],[-71.536556,44.980519],[-71.536328,44.980435],[-71.536251,44.980427],[-71.536068,44.980488],[-71.535946,44.980511],[-71.535809,44.980488],[-71.535687,44.980443],[-71.535527,44.98049],[-71.535381,44.980618],[-71.535199,44.980702],[-71.534893,44.98071],[-71.534543,44.980618],[-71.53381,44.980328],[-71.533597,44.980221],[-71.533215,44.980053],[-71.532971,44.979893],[-71.532879,44.979794],[-71.532574,44.979405],[-71.532436,44.979085],[-71.532285,44.97854],[-71.532009,44.976269],[-71.530148,44.974316],[-71.527447,44.973187],[-71.526577,44.970906],[-71.525525,44.969624],[-71.524581,44.969574],[-71.522686,44.969746],[-71.521953,44.969189],[-71.523114,44.967944],[-71.523146,44.966555],[-71.521297,44.966351],[-71.518947,44.967869],[-71.51826,44.966953],[-71.521084,44.966183],[-71.521565,44.965517],[-71.521994,44.965081],[-71.523352,44.964721],[-71.523706,44.964451],[-71.523376,44.96396],[-71.52304,44.963858],[-71.520751,44.963525],[-71.519785,44.963491],[-71.518864,44.963626],[-71.517674,44.964383],[-71.517087,44.964642],[-71.516321,44.964478],[-71.516298,44.963122],[-71.516194,44.962361],[-71.515921,44.961284],[-71.515183,44.959533],[-71.515001,44.958597],[-71.515186,44.957284],[-71.515724,44.955816],[-71.515844,44.954908],[-71.515793,44.953105],[-71.516015,44.952379],[-71.516278,44.952001],[-71.517092,44.951355],[-71.518821,44.950386],[-71.519069,44.950173],[-71.519241,44.94962],[-71.518923,44.949155],[-71.516918,44.9486],[-71.516663,44.947864],[-71.516896,44.947161],[-71.518004,44.94569],[-71.517795,44.944994],[-71.517288,44.944692],[-71.515557,44.944437],[-71.514933,44.944159],[-71.51479,44.943695],[-71.515174,44.942668],[-71.515893,44.94043],[-71.516183,44.939862],[-71.517068,44.939117],[-71.518475,44.938575],[-71.519896,44.938488],[-71.520361,44.938583],[-71.52096,44.938919],[-71.520994,44.93917],[-71.521091,44.939444],[-71.521215,44.939854],[-71.521144,44.94006],[-71.521129,44.940159],[-71.521129,44.940202],[-71.521175,44.940518],[-71.521541,44.940693],[-71.522228,44.94064],[-71.522724,44.940097],[-71.522838,44.939915],[-71.52206,44.939076],[-71.52196,44.938792],[-71.52144,44.938088],[-71.520488,44.937617],[-71.520176,44.937118],[-71.519728,44.93675],[-71.517077,44.935876],[-71.516433,44.935432],[-71.516059,44.934842],[-71.515939,44.933822],[-71.516141,44.933114],[-71.516146,44.932453],[-71.515868,44.931715],[-71.515306,44.931189],[-71.51389,44.930292],[-71.513433,44.929759],[-71.513272,44.928988],[-71.513685,44.928661],[-71.515146,44.928285],[-71.51576,44.927786],[-71.515723,44.927232],[-71.515185,44.926731],[-71.514467,44.926493],[-71.51308,44.926415],[-71.512201,44.925965],[-71.511707,44.924886],[-71.511339,44.924643],[-71.510202,44.924418],[-71.509717,44.924216],[-71.509051,44.923648],[-71.508703,44.922909],[-71.507882,44.921942],[-71.506564,44.920773],[-71.505045,44.919743],[-71.50438,44.919183],[-71.503328,44.918083],[-71.50216,44.916344],[-71.50096,44.915044],[-71.500497,44.914229],[-71.50044,44.913493],[-71.500628,44.912717],[-71.500548,44.911956],[-71.499945,44.911174],[-71.499553,44.910996],[-71.498425,44.910945],[-71.495326,44.911794],[-71.494057,44.911874],[-71.493363,44.911612],[-71.493123,44.911238],[-71.493059,44.911055],[-71.493019,44.910641],[-71.493082,44.910394],[-71.49327,44.910271],[-71.493655,44.910217],[-71.494261,44.910173],[-71.494716,44.910102],[-71.495115,44.909916],[-71.495646,44.909457],[-71.496017,44.908898],[-71.496084,44.908394],[-71.496093,44.907849],[-71.495951,44.90736],[-71.495724,44.906977],[-71.49528,44.906436],[-71.494835,44.905919],[-71.494691,44.905546],[-71.49471,44.905083],[-71.494812,44.904563],[-71.49491,44.904299],[-71.4951,44.904103],[-71.495347,44.903931],[-71.495793,44.903728],[-71.496178,44.903624],[-71.496609,44.903603],[-71.496898,44.903705],[-71.497451,44.904049],[-71.497841,44.904342],[-71.498338,44.904561],[-71.498918,44.904665],[-71.499414,44.904711],[-71.500057,44.90475],[-71.500523,44.904713],[-71.500674,44.904538],[-71.501095,44.903924],[-71.501654,44.903197],[-71.5022,44.902553],[-71.502574,44.902155],[-71.503,44.901737],[-71.503277,44.901504],[-71.503642,44.901267],[-71.504123,44.901048],[-71.50498,44.900703],[-71.505563,44.900498],[-71.507137,44.899668],[-71.507656,44.899024],[-71.507835,44.89831],[-71.507806,44.897245],[-71.508273,44.89652],[-71.509453,44.896019],[-71.509985,44.895662],[-71.510571,44.895456],[-71.512474,44.895068],[-71.513646,44.894574],[-71.514016,44.894023],[-71.514007,44.893171],[-71.513267,44.89223],[-71.512599,44.891819],[-71.511502,44.891363],[-71.510812,44.890911],[-71.510789,44.890199],[-71.511991,44.8893],[-71.513206,44.888294],[-71.515124,44.887037],[-71.515507,44.886412],[-71.515669,44.885057],[-71.516085,44.884523],[-71.516946,44.884506],[-71.517779,44.884803],[-71.518674,44.884802],[-71.519274,44.884427],[-71.520255,44.883476],[-71.520801,44.882836],[-71.521545,44.881519],[-71.521956,44.880322],[-71.524348,44.878732],[-71.527301,44.878443],[-71.528372,44.877712],[-71.528923,44.875711],[-71.528456,44.87445],[-71.529153,44.873067],[-71.531311,44.871994],[-71.532911,44.870222],[-71.535128,44.869033],[-71.539928,44.868478],[-71.543375,44.866763],[-71.545923,44.865932],[-71.549451,44.862084],[-71.549961,44.860798],[-71.549537,44.859033],[-71.547253,44.856132],[-71.547595,44.85516],[-71.550169,44.854139],[-71.551568,44.853108],[-71.554562,44.850678],[-71.555794,44.848567],[-71.555277,44.846756],[-71.553623,44.845519],[-71.551577,44.842757],[-71.550704,44.839293],[-71.551114,44.836965],[-71.552553,44.835654],[-71.55431,44.834792],[-71.556923,44.834201],[-71.558911,44.83058],[-71.561221,44.824265],[-71.562353,44.823282],[-71.563776,44.822946],[-71.565035,44.824081],[-71.573151,44.820823],[-71.574001,44.819987],[-71.575349,44.817054],[-71.576865,44.815197],[-71.576781,44.813229],[-71.575128,44.811942],[-71.572903,44.811241],[-71.571153,44.809231],[-71.568384,44.80704],[-71.568643,44.805849],[-71.571888,44.801415],[-71.5728,44.799206],[-71.57263,44.796773],[-71.57116,44.794314],[-71.573382,44.790446],[-71.575862,44.789258],[-71.57864,44.785444],[-71.580627,44.784633],[-71.58308,44.785182],[-71.586608,44.783821],[-71.588864,44.783558],[-71.590947,44.78276],[-71.592486,44.782669],[-71.59455,44.780825],[-71.595844,44.778239],[-71.594664,44.776477],[-71.595099,44.775405],[-71.599842,44.773442],[-71.60116,44.772327],[-71.602026,44.770875],[-71.602439,44.769927],[-71.602873,44.769261],[-71.603673,44.768593],[-71.604428,44.768169],[-71.605098,44.767595],[-71.606213,44.766819],[-71.607943,44.766022],[-71.609051,44.7657],[-71.611073,44.765517],[-71.611545,44.765016],[-71.611879,44.764064],[-71.612122,44.762978],[-71.612557,44.761874],[-71.613101,44.7612],[-71.613176,44.76082],[-71.61273,44.759642],[-71.612856,44.758998],[-71.613255,44.758704],[-71.614118,44.758413],[-71.614635,44.758053],[-71.616669,44.756299],[-71.617721,44.755828],[-71.618534,44.755793],[-71.619446,44.756048],[-71.620259,44.756021],[-71.622171,44.755449],[-71.623374,44.75492],[-71.624629,44.754054],[-71.625189,44.753843],[-71.62661,44.753659],[-71.628119,44.753757],[-71.629919,44.753578],[-71.630754,44.753306],[-71.631231,44.75303],[-71.631555,44.752632],[-71.63216,44.750985],[-71.63106,44.748509],[-71.626986,44.747014],[-71.625358,44.744174],[-71.625148,44.74275],[-71.626411,44.74051],[-71.624996,44.73744],[-71.625783,44.734502],[-71.626307,44.729702],[-71.626093,44.728543],[-71.624392,44.727455],[-71.622863,44.727361],[-71.619079,44.729035],[-71.617199,44.728774],[-71.618644,44.722193],[-71.613766,44.719956],[-71.612548,44.719186],[-71.612993,44.718195],[-71.612512,44.716673],[-71.60852,44.713956],[-71.60814,44.713319],[-71.607551,44.712317],[-71.606746,44.711387],[-71.606414,44.710863],[-71.606526,44.710332],[-71.605812,44.709268],[-71.605014,44.70841],[-71.603948,44.707583],[-71.602215,44.707181],[-71.601293,44.706892],[-71.600695,44.706532],[-71.599392,44.705315],[-71.598846,44.704583],[-71.598626,44.70387],[-71.598589,44.703241],[-71.598926,44.702467],[-71.600174,44.70122],[-71.600887,44.700101],[-71.601007,44.699444],[-71.600496,44.698737],[-71.599475,44.69817],[-71.598175,44.697972],[-71.596208,44.697558],[-71.59457,44.697033],[-71.593861,44.696415],[-71.593802,44.695632],[-71.594108,44.695267],[-71.594735,44.695062],[-71.595226,44.695095],[-71.59597,44.694943],[-71.596851,44.694214],[-71.597186,44.693531],[-71.597673,44.692815],[-71.597937,44.692222],[-71.597955,44.691767],[-71.597698,44.691195],[-71.596974,44.690007],[-71.596792,44.689046],[-71.596564,44.687324],[-71.595965,44.686302],[-71.594876,44.684781],[-71.594055,44.683931],[-71.593959,44.683425],[-71.59399,44.682152],[-71.59415,44.681533],[-71.594978,44.680481],[-71.596375,44.679335],[-71.596766,44.678792],[-71.596615,44.678088],[-71.596089,44.677637],[-71.594903,44.677115],[-71.59323,44.676672],[-71.591641,44.676726],[-71.590831,44.67662],[-71.59021,44.67635],[-71.589011,44.675191],[-71.588439,44.67474],[-71.587748,44.674479],[-71.586776,44.674347],[-71.584247,44.6745],[-71.583044,44.674416],[-71.582122,44.674061],[-71.581463,44.673204],[-71.581604,44.672379],[-71.582566,44.671609],[-71.583756,44.671106],[-71.585013,44.670785],[-71.586174,44.670629],[-71.587454,44.670309],[-71.587877,44.669932],[-71.587771,44.669286],[-71.585789,44.667103],[-71.585157,44.666057],[-71.585188,44.665561],[-71.584933,44.664054],[-71.584942,44.663508],[-71.585371,44.662767],[-71.586006,44.662177],[-71.587198,44.661475],[-71.587811,44.660835],[-71.587747,44.660454],[-71.587365,44.659715],[-71.586765,44.659185],[-71.585748,44.6579],[-71.584606,44.656882],[-71.583734,44.656346],[-71.582722,44.655891],[-71.581315,44.65545],[-71.579926,44.655356],[-71.579184,44.655449],[-71.578297,44.655855],[-71.577412,44.656146],[-71.5766,44.656189],[-71.57586,44.656067],[-71.575215,44.65583],[-71.574736,44.65538],[-71.57449,44.654832],[-71.57443,44.654203],[-71.574742,44.653528],[-71.575259,44.653102],[-71.576098,44.652762],[-71.578305,44.652432],[-71.579906,44.652247],[-71.580071,44.652099],[-71.579869,44.651684],[-71.577081,44.650686],[-71.575096,44.65024],[-71.573316,44.649961],[-71.571626,44.649897],[-71.570095,44.65005],[-71.569025,44.65029],[-71.568182,44.650878],[-71.567708,44.651536],[-71.567341,44.65274],[-71.567053,44.653349],[-71.566421,44.653725],[-71.565794,44.653852],[-71.565076,44.653796],[-71.564295,44.653393],[-71.562806,44.652356],[-71.562616,44.651976],[-71.562,44.650579],[-71.56231,44.64863],[-71.561962,44.647189],[-71.559541,44.645102],[-71.558225,44.643354],[-71.55779,44.64196],[-71.558225,44.640526],[-71.559704,44.639298],[-71.563775,44.638943],[-71.563999,44.637936],[-71.56297,44.636406],[-71.558187,44.634275],[-71.553756,44.630426],[-71.55214,44.630082],[-71.54951,44.630903],[-71.547226,44.630355],[-71.546931,44.62855],[-71.54924,44.628192],[-71.552104,44.627314],[-71.552091,44.627922],[-71.554013,44.629257],[-71.55589,44.629776],[-71.557019,44.629486],[-71.55734,44.62825],[-71.556531,44.627205],[-71.553113,44.627006],[-71.551694,44.625252],[-71.549268,44.625198],[-71.548487,44.62522],[-71.547756,44.625007],[-71.546978,44.62429],[-71.546352,44.623389],[-71.546337,44.622955],[-71.546734,44.622214],[-71.547237,44.622108],[-71.54826,44.62236],[-71.550152,44.623],[-71.550716,44.623305],[-71.55193,44.624475],[-71.55217,44.624636],[-71.553937,44.625397],[-71.555188,44.625137],[-71.555264,44.623939],[-71.55647,44.620727],[-71.556561,44.618118],[-71.556149,44.61589],[-71.554871,44.611555],[-71.554911,44.611545],[-71.553982,44.609718],[-71.553769,44.609145],[-71.553616,44.608299],[-71.553533,44.60703],[-71.553631,44.606132],[-71.55386,44.605598],[-71.554653,44.604491],[-71.555233,44.604034],[-71.555859,44.603706],[-71.556759,44.603454],[-71.558563,44.603276],[-71.561764,44.603134],[-71.562298,44.602088],[-71.56149,44.600333],[-71.559949,44.599662],[-71.557279,44.599381],[-71.554624,44.599754],[-71.552587,44.600598],[-71.551114,44.601081],[-71.55061,44.599693],[-71.553235,44.598915],[-71.554288,44.597664],[-71.554211,44.595352],[-71.555264,44.594185],[-71.555009,44.593227],[-71.553372,44.593171],[-71.550763,44.59417],[-71.548394,44.595524],[-71.547253,44.59684],[-71.545972,44.59713],[-71.545208,44.59565],[-71.546048,44.593574],[-71.547482,44.591667],[-71.546307,44.590591],[-71.543576,44.591278],[-71.53999,44.593331],[-71.539242,44.594147],[-71.537914,44.593872],[-71.537869,44.592262],[-71.539486,44.590752],[-71.54028,44.589119],[-71.539593,44.587936],[-71.538067,44.587428],[-71.534909,44.587898],[-71.536892,44.585731],[-71.537319,44.583504],[-71.538464,44.582131],[-71.540463,44.580841],[-71.545788,44.577934],[-71.548657,44.577904],[-71.550107,44.578766],[-71.551679,44.58078],[-71.550244,44.583641],[-71.551968,44.58461],[-71.554444,44.581336],[-71.554837,44.580773],[-71.554883,44.579628],[-71.554593,44.578819],[-71.553418,44.576821],[-71.552655,44.575844],[-71.552045,44.575302],[-71.551495,44.575012],[-71.55029,44.574158],[-71.548718,44.573204],[-71.548215,44.572746],[-71.547879,44.572243],[-71.547726,44.571381],[-71.548337,44.570595],[-71.549069,44.569893],[-71.549695,44.569466],[-71.55087,44.569168],[-71.551931,44.569107],[-71.553433,44.569328],[-71.555432,44.570137],[-71.556804,44.570506],[-71.557711,44.570404],[-71.558957,44.568932],[-71.559156,44.568138],[-71.558957,44.567261],[-71.558225,44.565598],[-71.55853,44.564911],[-71.559217,44.564297],[-71.561368,44.563332],[-71.564314,44.56292],[-71.568235,44.56276],[-71.570646,44.563042],[-71.575498,44.564957],[-71.576856,44.565155],[-71.58091,44.564831],[-71.58383,44.565018],[-71.587664,44.565798],[-71.591174,44.565347],[-71.594038,44.563164],[-71.596693,44.559983],[-71.597944,44.556344],[-71.598097,44.554749],[-71.597517,44.554055],[-71.585752,44.546578],[-71.583892,44.546174],[-71.580519,44.54451],[-71.576459,44.542229],[-71.572162,44.538508],[-71.572156,44.536278],[-71.573499,44.533143],[-71.575498,44.530541],[-71.578184,44.527558],[-71.578962,44.526177],[-71.582265,44.523618],[-71.584669,44.522645],[-71.587889,44.522385],[-71.59288,44.523189],[-71.594038,44.521859],[-71.593458,44.519639],[-71.591658,44.51767],[-71.586592,44.51497],[-71.586104,44.514368],[-71.584715,44.510865],[-71.582853,44.50818],[-71.580931,44.506768],[-71.577924,44.505219],[-71.576812,44.504081],[-71.577253,44.501901],[-71.579741,44.501504],[-71.582349,44.501977],[-71.584516,44.502999],[-71.58505,44.505257],[-71.586302,44.506554],[-71.588133,44.506585],[-71.588285,44.505189],[-71.58621,44.503106],[-71.586958,44.501771],[-71.585874,44.500024],[-71.587065,44.498422],[-71.58943,44.498223],[-71.590223,44.500535],[-71.592421,44.501534],[-71.593885,44.501031],[-71.59461,44.500036],[-71.594884,44.496141],[-71.594907,44.4944],[-71.595213,44.493409],[-71.595869,44.492112],[-71.596812,44.490973],[-71.59702,44.490741],[-71.597441,44.490325],[-71.597791,44.489762],[-71.597944,44.489281],[-71.59811,44.488406],[-71.598601,44.486825],[-71.600157,44.485833],[-71.609526,44.4842],[-71.612105,44.484651],[-71.615202,44.485879],[-71.617079,44.486047],[-71.619353,44.484452],[-71.621123,44.481744],[-71.62329,44.477899],[-71.624557,44.475183],[-71.626952,44.474267],[-71.630141,44.473848],[-71.632659,44.474244],[-71.63391,44.474968],[-71.634505,44.475625],[-71.634825,44.476143],[-71.634963,44.4767],[-71.634764,44.477959],[-71.63423,44.478844],[-71.633986,44.478837],[-71.633849,44.478402],[-71.633437,44.478211],[-71.631285,44.478829],[-71.630477,44.479127],[-71.627638,44.479676],[-71.626814,44.479966],[-71.626002,44.480483],[-71.624648,44.482407],[-71.626372,44.483895],[-71.628382,44.484365],[-71.632392,44.484056],[-71.633398,44.48321],[-71.633727,44.481175],[-71.636517,44.47998],[-71.638291,44.477942],[-71.639549,44.477208],[-71.642308,44.476501],[-71.646325,44.473876],[-71.647617,44.471629],[-71.646977,44.469945],[-71.64556,44.468926],[-71.639627,44.466351],[-71.638863,44.464956],[-71.639271,44.463917],[-71.640818,44.462341],[-71.644266,44.46025],[-71.647133,44.460056],[-71.651012,44.460854],[-71.652855,44.460235],[-71.655076,44.457696],[-71.656371,44.455159],[-71.656765,44.453467],[-71.65695,44.448606],[-71.657756,44.445552],[-71.658906,44.442633],[-71.660167,44.440867],[-71.663454,44.437788],[-71.665546,44.436712],[-71.669299,44.435788],[-71.67544,44.435733],[-71.677382,44.435499],[-71.679282,44.434337],[-71.676691,44.43045],[-71.675951,44.428906],[-71.676705,44.427168],[-71.67806,44.426552],[-71.679928,44.427674],[-71.682701,44.42734],[-71.683469,44.425377],[-71.684836,44.423277],[-71.688813,44.421741],[-71.691021,44.420406],[-71.693813,44.419542],[-71.696369,44.41739],[-71.703155,44.413276],[-71.708331,44.411403],[-71.714279,44.409545],[-71.717267,44.409845],[-71.723131,44.410901],[-71.725743,44.410964],[-71.731072,44.410665],[-71.732326,44.410179],[-71.735413,44.410005],[-71.736995,44.409233],[-71.738732,44.407476],[-71.741579,44.402252],[-71.742317,44.40141],[-71.744547,44.400949],[-71.747439,44.401072],[-71.74956,44.401925],[-71.755048,44.40598],[-71.757225,44.406635],[-71.761966,44.407027],[-71.765684,44.406295],[-71.767383,44.405725],[-71.773517,44.402597],[-71.774692,44.40156],[-71.777942,44.399973],[-71.779865,44.399698],[-71.785572,44.39982],[-71.789982,44.400255],[-71.791584,44.400171],[-71.793675,44.399461],[-71.795536,44.398294],[-71.799214,44.395388],[-71.802205,44.393549],[-71.803488,44.39189],[-71.803685,44.390711],[-71.800984,44.387667],[-71.799885,44.386072],[-71.800343,44.384234],[-71.803074,44.38328],[-71.807484,44.38376],[-71.80962,44.383669],[-71.812596,44.382883],[-71.814427,44.381922],[-71.815511,44.377329],[-71.815678,44.375025],[-71.812626,44.372606],[-71.812428,44.371332],[-71.813054,44.370523],[-71.816182,44.368105],[-71.816182,44.366495],[-71.814732,44.362741],[-71.812642,44.358423],[-71.812413,44.357325],[-71.812993,44.355715],[-71.814229,44.354738],[-71.818623,44.353045],[-71.822972,44.352862],[-71.824971,44.352465],[-71.82842,44.351237],[-71.8337,44.350046],[-71.837957,44.347941],[-71.843023,44.344706],[-71.845176,44.344007],[-71.85285,44.340922],[-71.85607,44.340518],[-71.8617,44.34022],[-71.864752,44.339404],[-71.870245,44.336947],[-71.871704,44.336686],[-71.874033,44.337102],[-71.877091,44.338262],[-71.881461,44.339953],[-71.882742,44.340815],[-71.886832,44.342615],[-71.889039,44.343057],[-71.89087,44.343233],[-71.891407,44.343352],[-71.893302,44.343775],[-71.898765,44.346438],[-71.905357,44.348223],[-71.910621,44.348376],[-71.914222,44.347735],[-71.917213,44.346636],[-71.921522,44.343822],[-71.925225,44.341853],[-71.928001,44.33861],[-71.929375,44.337481],[-71.932518,44.336382],[-71.93525,44.335757],[-71.939217,44.335863],[-71.944344,44.337557],[-71.945595,44.33771],[-71.953362,44.337611],[-71.958047,44.337427],[-71.962076,44.336558],[-71.971322,44.336657],[-71.974481,44.336893],[-71.977808,44.337489],[-71.981424,44.337366],[-71.984552,44.336131],[-71.985498,44.333544],[-71.98678,44.331072],[-71.988871,44.329737],[-71.991785,44.329005],[-71.994028,44.327792],[-72.000618,44.325579],[-72.001313,44.325375],[-72.004661,44.323844],[-72.008525,44.322428],[-72.012522,44.321268],[-72.018901,44.320216],[-72.01945,44.320301],[-72.019603,44.320414],[-72.019633,44.320445],[-72.019694,44.320657],[-72.020761,44.320742],[-72.026241,44.322131],[-72.029002,44.322383],[-72.032342,44.320556],[-72.032802,44.32049],[-72.033626,44.318057],[-72.032985,44.316096],[-72.031413,44.315249],[-72.03149,44.313601],[-72.032558,44.310305],[-72.032268,44.306895],[-72.032299,44.30398],[-72.032878,44.302165],[-72.034662,44.300415],[-72.037212,44.297412],[-72.040233,44.295687],[-72.044002,44.295337],[-72.044918,44.294467],[-72.045788,44.29243],[-72.046673,44.291835],[-72.049862,44.290919],[-72.053463,44.290355],[-72.056225,44.287707],[-72.057324,44.287263],[-72.058636,44.286502],[-72.060223,44.284831],[-72.061657,44.28226],[-72.062512,44.28171],[-72.064389,44.279323],[-72.068218,44.272456],[-72.068478,44.270801],[-72.066891,44.268092],[-72.065869,44.268664],[-72.064754,44.267688],[-72.063152,44.269046],[-72.058331,44.270083],[-72.0583,44.269351],[-72.060055,44.267589],[-72.058742,44.266978],[-72.058605,44.265056],[-72.059323,44.264247],[-72.059323,44.265674],[-72.060513,44.26459],[-72.061245,44.263126],[-72.060772,44.261851],[-72.059563,44.261738],[-72.06068,44.261149],[-72.059994,44.259952],[-72.059841,44.259532],[-72.059765,44.258624],[-72.06007,44.258105],[-72.059719,44.257366],[-72.059704,44.256366],[-72.058987,44.255534],[-72.058911,44.255252],[-72.057903,44.253978],[-72.057247,44.252651],[-72.056331,44.251277],[-72.055889,44.250728],[-72.055672,44.25005],[-72.055355,44.249866],[-72.055202,44.248897],[-72.05473,44.247875],[-72.054195,44.247669],[-72.054104,44.247287],[-72.053356,44.246455],[-72.052517,44.246043],[-72.050978,44.245064],[-72.050121,44.244312],[-72.049572,44.243564],[-72.049282,44.242877],[-72.048046,44.240459],[-72.047848,44.239933],[-72.047664,44.238956],[-72.047954,44.23785],[-72.048611,44.236721],[-72.049877,44.235088],[-72.050747,44.232296],[-72.051449,44.230861],[-72.052227,44.229007],[-72.052852,44.22768],[-72.053005,44.227023],[-72.053554,44.225612],[-72.053753,44.224735],[-72.053859,44.223369],[-72.053814,44.222858],[-72.053234,44.220813],[-72.052639,44.219516],[-72.052456,44.218586],[-72.052608,44.217777],[-72.053936,44.214939],[-72.05537,44.212833],[-72.056728,44.212055],[-72.058392,44.211788],[-72.059856,44.209781],[-72.058162,44.208194],[-72.058758,44.207615],[-72.057751,44.205837],[-72.058743,44.20203],[-72.060375,44.199825],[-72.064327,44.197574],[-72.064312,44.195675],[-72.066082,44.190716],[-72.065853,44.189327],[-72.060146,44.183864],[-72.057705,44.180103],[-72.056255,44.175571],[-72.054348,44.172436],[-72.053249,44.168667],[-72.05183,44.1665],[-72.049038,44.165317],[-72.048275,44.164227],[-72.047817,44.162205],[-72.046428,44.161381],[-72.045299,44.161694],[-72.042034,44.161526],[-72.043911,44.158054],[-72.04269,44.156475],[-72.039669,44.157223],[-72.038921,44.15633],[-72.03982,44.15573],[-72.040896,44.154394],[-72.041152,44.154022],[-72.042385,44.152508],[-72.042827,44.150036],[-72.041866,44.147137],[-72.042141,44.14542],[-72.041546,44.139958],[-72.041973,44.137173],[-72.041408,44.136326],[-72.03744,44.133396],[-72.033794,44.132344],[-72.033412,44.1311],[-72.035549,44.129239],[-72.037094,44.125049],[-72.038554,44.124577],[-72.041256,44.125348],[-72.043071,44.12473],[-72.045131,44.124691],[-72.046398,44.123547],[-72.048809,44.122311],[-72.050533,44.120312],[-72.052794,44.119719],[-72.053188,44.119267],[-72.053341,44.1144],[-72.055386,44.110898],[-72.054394,44.107983],[-72.05299,44.104939],[-72.052715,44.101453],[-72.051906,44.099812],[-72.05038,44.09821],[-72.04788,44.096586],[-72.044521,44.096341],[-72.043132,44.097241],[-72.042263,44.101353],[-72.04005,44.103352],[-72.038249,44.103551],[-72.033046,44.101781],[-72.031597,44.100812],[-72.03065,44.098767],[-72.030909,44.096562],[-72.03184,44.092801],[-72.03326,44.090474],[-72.03532,44.089192],[-72.038967,44.088559],[-72.041881,44.089002],[-72.044491,44.088544],[-72.045284,44.087308],[-72.044383,44.085996],[-72.038204,44.083035],[-72.034038,44.081876],[-72.032329,44.080869],[-72.031627,44.07916],[-72.032085,44.078229],[-72.034175,44.077115],[-72.036952,44.076505],[-72.038905,44.076734],[-72.041362,44.078877],[-72.043514,44.079244],[-72.046978,44.077901],[-72.051632,44.077069],[-72.053005,44.0761],[-72.052273,44.0743],[-72.05006,44.073148],[-72.048244,44.070355],[-72.048946,44.068753],[-72.051768,44.066336],[-72.053936,44.063863],[-72.055309,44.060773],[-72.057293,44.058339],[-72.059338,44.057683],[-72.065594,44.058301],[-72.068096,44.057378],[-72.069149,44.054685],[-72.067471,44.053327],[-72.063122,44.052198],[-72.061749,44.050054],[-72.062359,44.049367],[-72.066113,44.049009],[-72.076092,44.045034],[-72.07832,44.043378],[-72.079358,44.041387],[-72.0789,44.038801],[-72.076428,44.035543],[-72.074811,44.032407],[-72.077084,44.030317],[-72.079174,44.029752],[-72.081342,44.028364],[-72.081906,44.02635],[-72.081555,44.024793],[-72.082013,44.022909],[-72.08334,44.021352],[-72.085095,44.021169],[-72.088025,44.02239],[-72.09068,44.024229],[-72.092084,44.024404],[-72.094022,44.023435],[-72.095426,44.021757],[-72.095945,44.018758],[-72.094892,44.01547],[-72.092069,44.013143],[-72.090375,44.010809],[-72.090527,44.009924],[-72.091931,44.009145],[-72.093564,44.009657],[-72.093243,44.011366],[-72.093549,44.012861],[-72.095258,44.014371],[-72.097593,44.015226],[-72.099805,44.015425],[-72.102369,44.014776],[-72.105283,44.013059],[-72.105802,44.011984],[-72.105619,44.010519],[-72.104612,44.007917],[-72.10362,44.003553],[-72.104123,44.002371],[-72.10922,44.000356],[-72.112531,43.996794],[-72.116682,43.994764],[-72.116956,43.992636],[-72.116392,43.991606],[-72.113843,43.98937],[-72.11218,43.986845],[-72.111998,43.984625],[-72.113126,43.981405],[-72.112727,43.977996],[-72.112775,43.975615],[-72.113676,43.971472],[-72.114607,43.969794],[-72.114378,43.968054],[-72.113142,43.967268],[-72.111372,43.966948],[-72.106397,43.969984],[-72.102979,43.969076],[-72.098722,43.968703],[-72.092206,43.967055],[-72.091153,43.966444],[-72.091413,43.965452],[-72.098371,43.964079],[-72.100492,43.963186],[-72.101224,43.961378],[-72.100889,43.960448],[-72.099027,43.95881],[-72.099088,43.957381],[-72.101926,43.954298],[-72.104062,43.95127],[-72.10574,43.949829],[-72.107801,43.948714],[-72.111722,43.947562],[-72.116911,43.947493],[-72.118345,43.946532],[-72.119276,43.943747],[-72.118925,43.941206],[-72.11806,43.93936],[-72.117018,43.935446],[-72.116911,43.933844],[-72.118086,43.929785],[-72.118299,43.92787],[-72.117857,43.92678],[-72.118253,43.923186],[-72.119566,43.920691],[-72.122114,43.918067],[-72.126997,43.915427],[-72.132414,43.913321],[-72.136061,43.909171],[-72.139829,43.907516],[-72.145812,43.904845],[-72.15013,43.902411],[-72.153868,43.899123],[-72.155517,43.897223],[-72.158492,43.892806],[-72.159316,43.888122],[-72.160918,43.887031],[-72.16426,43.886291],[-72.170562,43.886184],[-72.172988,43.883781],[-72.173584,43.879615],[-72.17279,43.877433],[-72.17102,43.87503],[-72.169692,43.872672],[-72.168655,43.871169],[-72.167877,43.869163],[-72.168563,43.86872],[-72.175598,43.866371],[-72.180816,43.866119],[-72.182846,43.865524],[-72.184418,43.864471],[-72.184936,43.863426],[-72.185119,43.861007],[-72.187546,43.857048],[-72.188034,43.855155],[-72.186416,43.851181],[-72.185119,43.849182],[-72.18309,43.84468],[-72.183411,43.841331],[-72.182449,43.834121],[-72.183639,43.830444],[-72.185654,43.827957],[-72.18721,43.825134],[-72.188797,43.822845],[-72.18895,43.82119],[-72.187469,43.817337],[-72.18395,43.811872],[-72.18338,43.810127],[-72.184051,43.806404],[-72.18573,43.803864],[-72.188171,43.802627],[-72.190216,43.801201],[-72.191436,43.799812],[-72.193146,43.795357],[-72.194046,43.793694],[-72.196182,43.790917],[-72.198654,43.788857],[-72.20163,43.787766],[-72.204346,43.786072],[-72.205536,43.784584],[-72.205704,43.782761],[-72.205262,43.781098],[-72.203934,43.779404],[-72.205277,43.776779],[-72.205475,43.772316],[-72.20517,43.771118],[-72.208863,43.768685],[-72.211136,43.767685],[-72.216941,43.766331],[-72.21901,43.765038],[-72.22078,43.762894],[-72.222474,43.759644],[-72.224303,43.757404],[-72.226731,43.755219],[-72.227082,43.754365],[-72.230699,43.750039],[-72.230409,43.748871],[-72.23163,43.747613],[-72.235322,43.745354],[-72.237489,43.744668],[-72.241594,43.744073],[-72.24666,43.742486],[-72.249574,43.740632],[-72.252916,43.739037],[-72.260943,43.735673],[-72.261955,43.735116],[-72.264467,43.733895],[-72.268389,43.734292],[-72.271105,43.733918],[-72.272021,43.733193],[-72.27402,43.730401],[-72.275271,43.727532],[-72.277102,43.725938],[-72.280795,43.724343],[-72.282763,43.722411],[-72.284442,43.721032],[-72.286608,43.717271],[-72.288958,43.71534],[-72.291613,43.712525],[-72.292178,43.711068],[-72.294879,43.708886],[-72.299167,43.706643],[-72.299869,43.705827],[-72.30004,43.703731],[-72.300062,43.703669],[-72.301776,43.699655],[-72.302753,43.697961],[-72.303638,43.697381],[-72.305133,43.695321],[-72.304996,43.692475],[-72.305408,43.691507],[-72.305453,43.686433],[-72.306018,43.683351],[-72.304523,43.681245],[-72.303424,43.680696],[-72.302447,43.679261],[-72.302676,43.676195],[-72.301425,43.67576],[-72.301395,43.674432],[-72.302737,43.673677],[-72.303165,43.671525],[-72.303253,43.668379],[-72.305271,43.667383],[-72.306155,43.665193],[-72.308872,43.662523],[-72.310917,43.65957],[-72.312519,43.658601],[-72.313388,43.657457],[-72.314472,43.654428],[-72.31474,43.650867],[-72.314884,43.648676],[-72.314146,43.647128],[-72.313815,43.644228],[-72.314167,43.642671],[-72.315952,43.640726],[-72.317691,43.640016],[-72.323413,43.638468],[-72.327213,43.63685],[-72.329443,43.634893],[-72.329515,43.634683],[-72.329762,43.633447],[-72.328724,43.631738],[-72.327442,43.631197],[-72.32822,43.62903],[-72.329517,43.627939],[-72.329075,43.627008],[-72.332294,43.625048],[-72.33321,43.62208],[-72.334416,43.619249],[-72.335148,43.616159],[-72.334446,43.613382],[-72.333195,43.610285],[-72.329868,43.608538],[-72.328581,43.607408],[-72.3279,43.603182],[-72.32848,43.600909],[-72.329899,43.600214],[-72.331776,43.599871],[-72.333332,43.5991],[-72.337543,43.595835],[-72.341069,43.593562],[-72.343133,43.59179],[-72.346821,43.590273],[-72.349644,43.587817],[-72.355345,43.586598],[-72.356648,43.586443],[-72.357677,43.585589],[-72.3588,43.58494],[-72.36292,43.583872],[-72.365285,43.583018],[-72.366776,43.582096],[-72.369754,43.581184],[-72.3738,43.579119],[-72.379415,43.574603],[-72.380315,43.573176],[-72.380254,43.569346],[-72.379812,43.567088],[-72.380145,43.565105],[-72.380147,43.564974],[-72.380285,43.564662],[-72.380452,43.564562],[-72.381338,43.565661],[-72.382986,43.563418],[-72.382177,43.558665],[-72.381277,43.555384],[-72.381383,43.553576],[-72.380712,43.550708],[-72.38149,43.546893],[-72.380483,43.541194],[-72.381585,43.538433],[-72.382959,43.536112],[-72.384283,43.5339],[-72.386984,43.530398],[-72.390417,43.52756],[-72.394003,43.527568],[-72.394857,43.526317],[-72.396092,43.523416],[-72.396063,43.520846],[-72.396647,43.519084],[-72.397294,43.516521],[-72.398871,43.512653],[-72.397833,43.509708],[-72.396582,43.508434],[-72.38738,43.502658],[-72.385106,43.500698],[-72.383794,43.498859],[-72.383062,43.496875],[-72.381569,43.494864],[-72.380147,43.492229],[-72.379995,43.490032],[-72.380514,43.486713],[-72.381315,43.484192],[-72.381475,43.48003],[-72.381872,43.47797],[-72.383032,43.475139],[-72.384786,43.473484],[-72.386281,43.472614],[-72.389099,43.470213],[-72.392569,43.466884],[-72.392736,43.465397],[-72.391653,43.462558],[-72.391653,43.459209],[-72.391012,43.455959],[-72.390402,43.454365],[-72.39031,43.451557],[-72.391256,43.448322],[-72.392645,43.446491],[-72.39356,43.444454],[-72.395284,43.43948],[-72.39588,43.437176],[-72.395742,43.430912],[-72.396019,43.428835],[-72.396276,43.426937],[-72.398596,43.419934],[-72.398596,43.419026],[-72.399939,43.415135],[-72.399832,43.411107],[-72.400106,43.408612],[-72.400823,43.406132],[-72.401248,43.403187],[-72.402059,43.398655],[-72.40328,43.396458],[-72.403174,43.394387],[-72.403509,43.391583],[-72.40473,43.389943],[-72.408606,43.387677],[-72.410467,43.386311],[-72.413728,43.382959],[-72.415213,43.380284],[-72.416022,43.377164],[-72.41593,43.374974],[-72.41474,43.370084],[-72.414694,43.36781],[-72.415274,43.365926],[-72.414806,43.36437],[-72.412649,43.362279],[-72.410162,43.361707],[-72.407294,43.36041],[-72.404867,43.358586],[-72.403082,43.357747],[-72.400396,43.357442],[-72.397589,43.357755],[-72.395025,43.357595],[-72.391775,43.357823],[-72.389794,43.356283],[-72.394216,43.35114],[-72.399289,43.347581],[-72.400701,43.346044],[-72.40505,43.339368],[-72.406495,43.337553],[-72.408529,43.334887],[-72.410559,43.331121],[-72.409353,43.328435],[-72.406042,43.324346],[-72.403937,43.322385],[-72.401693,43.319486],[-72.397711,43.317503],[-72.395559,43.314352],[-72.395315,43.312696],[-72.39916,43.307981],[-72.399374,43.306371],[-72.401464,43.30348],[-72.402792,43.302442],[-72.402594,43.300855],[-72.403524,43.297247],[-72.404714,43.293905],[-72.404913,43.291982],[-72.406378,43.289121],[-72.408018,43.284135],[-72.409293,43.281004],[-72.412222,43.276594],[-72.412726,43.275129],[-72.415167,43.272207],[-72.416037,43.270231],[-72.419379,43.267302],[-72.42092,43.265524],[-72.420905,43.264364],[-72.421927,43.263151],[-72.42414,43.262129],[-72.425778,43.261858],[-72.427579,43.26095],[-72.433005,43.259215],[-72.43508,43.258024],[-72.43714,43.256056],[-72.437385,43.254408],[-72.438987,43.251189],[-72.438498,43.249007],[-72.439506,43.245665],[-72.439475,43.244139],[-72.43856,43.242049],[-72.438224,43.239821],[-72.436988,43.236891],[-72.434806,43.233801],[-72.434165,43.231909],[-72.434913,43.229514],[-72.435528,43.228796],[-72.439139,43.223387],[-72.441047,43.218192],[-72.440787,43.213675],[-72.438987,43.209899],[-72.43827,43.206336],[-72.438224,43.202918],[-72.438849,43.201186],[-72.444678,43.196761],[-72.44532,43.195868],[-72.447715,43.194297],[-72.449424,43.193816],[-72.450508,43.192611],[-72.449531,43.189002],[-72.447502,43.186164],[-72.445106,43.184028],[-72.444221,43.182647],[-72.443854,43.180411],[-72.444907,43.178107],[-72.448023,43.176216],[-72.450798,43.174972],[-72.452138,43.173902],[-72.452949,43.171638],[-72.452247,43.166648],[-72.451896,43.165756],[-72.452251,43.161354],[-72.4524,43.158538],[-72.45211,43.153228],[-72.452796,43.152275],[-72.456565,43.149467],[-72.457405,43.147537],[-72.457222,43.146499],[-72.453056,43.139412],[-72.45156,43.138267],[-72.447837,43.13713],[-72.446086,43.137393],[-72.443351,43.137726],[-72.440803,43.136627],[-72.440623,43.135396],[-72.440696,43.133667],[-72.442542,43.131592],[-72.442298,43.129303],[-72.440286,43.126762],[-72.438529,43.1259],[-72.433066,43.120705],[-72.432502,43.118896],[-72.432196,43.115868],[-72.432685,43.112663],[-72.433478,43.110588],[-72.436942,43.107987],[-72.440543,43.106598],[-72.441413,43.105949],[-72.443198,43.10302],[-72.442969,43.100441],[-72.441413,43.097481],[-72.439551,43.096031],[-72.43885,43.094567],[-72.438834,43.091904],[-72.437385,43.08944],[-72.434516,43.086617],[-72.433982,43.08445],[-72.43566,43.080887],[-72.438239,43.078385],[-72.440177,43.075608],[-72.442084,43.074013],[-72.444343,43.071618],[-72.445991,43.070336],[-72.449882,43.068772],[-72.452064,43.066735],[-72.454887,43.06305],[-72.457664,43.06099],[-72.462898,43.058228],[-72.465355,43.0561],[-72.467445,43.053727],[-72.467857,43.052514],[-72.467445,43.050103],[-72.465538,43.046586],[-72.461082,43.043298],[-72.460335,43.041085],[-72.461204,43.034402],[-72.46302,43.029016],[-72.463157,43.027741],[-72.462623,43.025788],[-72.459465,43.020623],[-72.45832,43.018579],[-72.457267,43.017694],[-72.452064,43.015535],[-72.449851,43.013833],[-72.44564,43.011499],[-72.443672,43.009919],[-72.443259,43.007577],[-72.44419,43.005059],[-72.447135,43.001848],[-72.450073,43.000051],[-72.452201,43.000055],[-72.454841,43.001077],[-72.456626,43.001253],[-72.459312,43.000574],[-72.462242,42.997735],[-72.464592,42.993715],[-72.46537,42.990404],[-72.46537,42.989175],[-72.464317,42.986574],[-72.461814,42.984216],[-72.46163,42.983051],[-72.462516,42.981744],[-72.466454,42.977899],[-72.468803,42.97661],[-72.470711,42.975084],[-72.473076,42.972528],[-72.47477,42.971651],[-72.476921,42.971788],[-72.478706,42.973184],[-72.481728,42.973924],[-72.483055,42.973123],[-72.485649,42.972406],[-72.487311,42.971509],[-72.488106,42.970361],[-72.490914,42.968981],[-72.49218,42.967676],[-72.503213,42.966081],[-72.50538,42.965372],[-72.506341,42.964464],[-72.510141,42.964006],[-72.515695,42.963602],[-72.518365,42.963137],[-72.520471,42.961855],[-72.523914,42.959268],[-72.527139,42.957315],[-72.532022,42.954943],[-72.533808,42.952585],[-72.534433,42.949358],[-72.532816,42.94742],[-72.53129,42.946566],[-72.529581,42.94626],[-72.528131,42.945009],[-72.526941,42.941378],[-72.526422,42.938563],[-72.5263,42.935366],[-72.526559,42.934275],[-72.527078,42.928347],[-72.524316,42.919001],[-72.524133,42.917391],[-72.524606,42.914874],[-72.526422,42.913683],[-72.528803,42.912959],[-72.530359,42.911074],[-72.531595,42.907099],[-72.531091,42.905474],[-72.531336,42.898188],[-72.53248,42.89635],[-72.535334,42.893412],[-72.539362,42.890597],[-72.540247,42.889552],[-72.546625,42.88695],[-72.550821,42.886103],[-72.552622,42.885043],[-72.552307,42.884104],[-72.552805,42.881709],[-72.555258,42.875426],[-72.555216,42.870898],[-72.555582,42.867747],[-72.554514,42.863269],[-72.55427,42.860614],[-72.555079,42.858119],[-72.556882,42.854566],[-72.55694,42.852374],[-72.556099,42.851545],[-72.553904,42.848415],[-72.552439,42.845722],[-72.549402,42.843219],[-72.547358,42.839549],[-72.547083,42.838542],[-72.54661,42.828342],[-72.546656,42.825756],[-72.545694,42.822254],[-72.544398,42.81921],[-72.542398,42.815365],[-72.542536,42.813083],[-72.5422,42.809993],[-72.541513,42.807094],[-72.526105,42.795465],[-72.516258,42.787972],[-72.511969,42.784021],[-72.509286,42.780537],[-72.508462,42.778683],[-72.50866,42.776432],[-72.509286,42.775013],[-72.510491,42.773831],[-72.514691,42.771216],[-72.515169,42.77087],[-72.516473,42.769123],[-72.516442,42.767956],[-72.515466,42.765629],[-72.513421,42.764195],[-72.511178,42.763882],[-72.507653,42.764706],[-72.506669,42.765629],[-72.504067,42.766125],[-72.501534,42.767239],[-72.499474,42.768925],[-72.498971,42.772099],[-72.497704,42.773365],[-72.495324,42.77367],[-72.490547,42.772747],[-72.486977,42.768856],[-72.485314,42.766278],[-72.483635,42.764996],[-72.479363,42.763333],[-72.476845,42.760601],[-72.47538,42.756588],[-72.474785,42.751843],[-72.47361,42.746785],[-72.47306,42.745679],[-72.471428,42.744023],[-72.470483,42.74386],[-72.467689,42.741536],[-72.466835,42.739598],[-72.463537,42.736372],[-72.460441,42.732114],[-72.458732,42.728993],[-72.458412,42.726933],[-72.455776,42.726843],[-72.451194,42.726689],[-72.450756,42.726673],[-72.44605,42.726489],[-72.439312,42.726215],[-72.437983,42.726166],[-72.429224,42.725837],[-72.414343,42.725377],[-72.403261,42.725097],[-72.372987,42.724222],[-72.362593,42.72388],[-72.355728,42.723655],[-72.346342,42.723396],[-72.326282,42.722867],[-72.320295,42.722718],[-72.304812,42.722319],[-72.29365,42.721965],[-72.285996,42.721709],[-72.262501,42.721061],[-72.250963,42.720685],[-72.248209,42.720704],[-72.235098,42.720371],[-72.230188,42.720245],[-72.210483,42.719749],[-72.203567,42.719579],[-72.202678,42.719556],[-72.176844,42.718897],[-72.171482,42.71876],[-72.153413,42.7183],[-72.145379,42.718095],[-72.125154,42.71758],[-72.111059,42.717206],[-72.089317,42.716551],[-72.086037,42.716452],[-72.083277,42.71637],[-72.081369,42.716312],[-72.078625,42.71623],[-72.060852,42.715693],[-72.052767,42.715449],[-72.049791,42.715359],[-72.040578,42.715082],[-72.032741,42.714846],[-72.020294,42.71447],[-72.015727,42.714332],[-72.009515,42.714145],[-71.999279,42.713828],[-71.995309,42.713688],[-71.992084,42.71358],[-71.991096,42.713546],[-71.981578,42.713232],[-71.972761,42.713053],[-71.955868,42.712707],[-71.928993,42.712102],[-71.92161,42.71191],[-71.88704,42.711026],[-71.859773,42.710325],[-71.851458,42.710112],[-71.823802,42.709394],[-71.812863,42.709125],[-71.805389,42.708937],[-71.797315,42.708713],[-71.784706,42.708405],[-71.771265,42.70804],[-71.752496,42.707532],[-71.750577,42.707481],[-71.726859,42.706758],[-71.72054,42.706594],[-71.70131,42.705881],[-71.699369,42.705818],[-71.672874,42.705215],[-71.664915,42.705089],[-71.643718,42.704628],[-71.630565,42.704435],[-71.622207,42.70427],[-71.619796,42.704233],[-71.614445,42.704146],[-71.61416,42.704142],[-71.602213,42.703957],[-71.601599,42.703951],[-71.597516,42.703846],[-71.585858,42.703564],[-71.567293,42.703208],[-71.552689,42.702886],[-71.542962,42.702675],[-71.542697,42.702666],[-71.542044,42.702652],[-71.539029,42.702555],[-71.514894,42.702084],[-71.503852,42.701765],[-71.495681,42.701539],[-71.488215,42.701339],[-71.488015,42.701339],[-71.482608,42.701201],[-71.467564,42.700802],[-71.451747,42.700418],[-71.449619,42.700359],[-71.449112,42.700338],[-71.450083,42.702163],[-71.450851,42.705288],[-71.450548,42.708072],[-71.450875,42.708013],[-71.449591,42.717518],[-71.449565,42.719151],[-71.45241,42.719585],[-71.457114,42.719254],[-71.460441,42.718479],[-71.460643,42.71887],[-71.460941,42.719494],[-71.462472,42.719267],[-71.463874,42.719216],[-71.465213,42.719151],[-71.466114,42.719088],[-71.466991,42.720099],[-71.467313,42.720988],[-71.468659,42.720686],[-71.470013,42.720475],[-71.469806,42.722438],[-71.469731,42.723261],[-71.4704,42.724649],[-71.470045,42.726705],[-71.470055,42.727375],[-71.469682,42.728086],[-71.468734,42.729298],[-71.468518,42.729746],[-71.470556,42.730337],[-71.471543,42.730778],[-71.470964,42.731627],[-71.470555,42.732933],[-71.472174,42.733167],[-71.474372,42.733935],[-71.484792,42.739349],[-71.488632,42.741503],[-71.491218,42.74404],[-71.492595,42.746752],[-71.492634,42.746883],[-71.492404,42.746983],[-71.492686,42.748834],[-71.49335,42.7641],[-71.4936,42.763813],[-71.494255,42.763232],[-71.495476,42.760716],[-71.499005,42.757993],[-71.501194,42.757871],[-71.504011,42.755088],[-71.504711,42.751288],[-71.505411,42.750388],[-71.508311,42.749488],[-71.511011,42.746688],[-71.514711,42.745788],[-71.517911,42.745288],[-71.522211,42.740688],[-71.527811,42.739488],[-71.528514,42.739418],[-71.528473,42.739589],[-71.526839,42.747052],[-71.526685,42.747741],[-71.526662,42.747847],[-71.526407,42.748988],[-71.526198,42.749921],[-71.526196,42.753674],[-71.525356,42.763196],[-71.524807,42.771664],[-71.525668,42.773241],[-71.527264,42.776173],[-71.529263,42.775608],[-71.52953,42.776149],[-71.531613,42.78027],[-71.538586,42.778485],[-71.543613,42.777893],[-71.552335,42.776867],[-71.55119,42.778485],[-71.550305,42.778782],[-71.548954,42.780571],[-71.547345,42.781674],[-71.547803,42.78471],[-71.549222,42.785069],[-71.550321,42.784474],[-71.552716,42.785389],[-71.554242,42.786762],[-71.556302,42.785923],[-71.557874,42.785763],[-71.559003,42.787518],[-71.5612,42.788741],[-71.559918,42.790318],[-71.55621,42.792332],[-71.557039,42.797603],[-71.557636,42.801504],[-71.557882,42.803055],[-71.55795,42.80357],[-71.55826,42.80519],[-71.558437,42.806128],[-71.55853,42.806621],[-71.558708,42.807568],[-71.558888,42.808543],[-71.560339,42.816447],[-71.560615,42.817997],[-71.560621,42.818037],[-71.560858,42.819396],[-71.560941,42.819787],[-71.56255,42.828234],[-71.563422,42.833026],[-71.563611,42.833855],[-71.564554,42.838066],[-71.566232,42.845609],[-71.567738,42.852311],[-71.572325,42.872337],[-71.573023,42.875659],[-71.573413,42.877475],[-71.573753,42.878978],[-71.573911,42.87968],[-71.574111,42.880536],[-71.574348,42.881545],[-71.574515,42.882259],[-71.576694,42.891804],[-71.57677,42.892136],[-71.577512,42.895449],[-71.576234,42.895586],[-71.570417,42.896266],[-71.571743,42.901485],[-71.572443,42.904268],[-71.573859,42.910062],[-71.576344,42.920225],[-71.577256,42.923895],[-71.579404,42.933108],[-71.582013,42.943269],[-71.582571,42.943378],[-71.595758,42.941649],[-71.610351,42.939721],[-71.613873,42.939287],[-71.619825,42.938545],[-71.624568,42.937941],[-71.636579,42.936175],[-71.639624,42.935719],[-71.641266,42.93548],[-71.661358,42.932736],[-71.666093,42.932083],[-71.677282,42.930555],[-71.694543,42.928172],[-71.713668,42.925537],[-71.720651,42.924572],[-71.735223,42.9226],[-71.737246,42.92232],[-71.740792,42.933395],[-71.740966,42.934011],[-71.741279,42.935149],[-71.742577,42.939953],[-71.743607,42.943755],[-71.744821,42.948318],[-71.745086,42.949305],[-71.746475,42.954486],[-71.746519,42.954655],[-71.747563,42.958507],[-71.750656,42.958095],[-71.754,42.957647],[-71.760891,42.956734],[-71.790011,42.952859],[-71.799411,42.951605],[-71.807949,42.950474],[-71.81105,42.950074],[-71.811238,42.950045],[-71.815022,42.956881],[-71.821034,42.95595],[-71.82172,42.959259],[-71.82282,42.964548],[-71.815984,42.965517],[-71.816807,42.968943],[-71.831656,42.967482],[-71.844157,42.966075],[-71.855458,42.964862],[-71.855733,42.964833],[-71.867377,42.963625],[-71.869497,42.973345],[-71.871252,42.980264],[-71.872946,42.988],[-71.877564,42.987534],[-71.898979,42.98536],[-71.902596,42.984986],[-71.903965,42.984844],[-71.905587,42.98468],[-71.907743,42.984457],[-71.919233,42.983259],[-71.92126,42.983011],[-71.929959,42.985778],[-71.934517,42.98723],[-71.935416,42.987516],[-71.936214,42.987883],[-71.936287,42.991724],[-71.94265,42.99135],[-71.946587,42.990706],[-71.94735,42.993002],[-71.947389,42.993136],[-71.937355,42.994401],[-71.938988,42.996858],[-71.940743,42.996736],[-71.941033,42.99859],[-71.939934,42.999437],[-71.940756,43.003317],[-71.941338,43.006029],[-71.939828,43.006218],[-71.939614,43.006242],[-71.942131,43.018731],[-71.934493,43.019647],[-71.930519,43.02012],[-71.931221,43.02089],[-71.929802,43.021379],[-71.931282,43.022058],[-71.929252,43.02324],[-71.927345,43.02218],[-71.92675,43.023637],[-71.928112,43.025768],[-71.928451,43.025933],[-71.930092,43.026811],[-71.930748,43.02797],[-71.928764,43.028047],[-71.931313,43.029191],[-71.930734,43.030571],[-71.929542,43.032579],[-71.927681,43.033944],[-71.926674,43.035294],[-71.924873,43.034684],[-71.924583,43.036248],[-71.926018,43.036248],[-71.924812,43.037408],[-71.926719,43.037423],[-71.928551,43.038293],[-71.928581,43.041261],[-71.928047,43.042634],[-71.930183,43.042184],[-71.929768,43.042946],[-71.927742,43.043397],[-71.926994,43.04297],[-71.922142,43.044015],[-71.919059,43.044213],[-71.918388,43.04461],[-71.919899,43.045869],[-71.919647,43.046191],[-71.918188,43.046679],[-71.91616,43.047967],[-71.913963,43.048791],[-71.911613,43.051324],[-71.909446,43.05333],[-71.909416,43.054971],[-71.910682,43.056748],[-71.911293,43.058428],[-71.910423,43.059624],[-71.90876,43.060441],[-71.908363,43.061356],[-71.908561,43.063813],[-71.909812,43.064812],[-71.910019,43.06586],[-71.911399,43.065636],[-71.912055,43.067834],[-71.910987,43.069443],[-71.910789,43.071473],[-71.909751,43.071305],[-71.909492,43.071732],[-71.912239,43.072991],[-71.91349,43.073121],[-71.913337,43.074425],[-71.914817,43.07473],[-71.914767,43.079823],[-71.914649,43.080651],[-71.913032,43.081208],[-71.912513,43.082299],[-71.915138,43.081726],[-71.914558,43.082879],[-71.915535,43.084977],[-71.913337,43.085411],[-71.913765,43.087967],[-71.915351,43.087738],[-71.91407,43.08886],[-71.912864,43.088532],[-71.913505,43.089867],[-71.912635,43.091523],[-71.91263,43.092691],[-71.913719,43.094536],[-71.915046,43.095375],[-71.913581,43.096451],[-71.91238,43.096389],[-71.91201,43.097611],[-71.913337,43.098396],[-71.911948,43.099808],[-71.912513,43.100632],[-71.911104,43.101171],[-71.909959,43.100844],[-71.90895,43.101461],[-71.908578,43.103672],[-71.910163,43.104614],[-71.908927,43.105301],[-71.908882,43.106186],[-71.90998,43.107269],[-71.909553,43.108208],[-71.907722,43.109047],[-71.905845,43.108872],[-71.905158,43.107849],[-71.903373,43.106743],[-71.90159,43.104439],[-71.899811,43.10332],[-71.898464,43.103461],[-71.899604,43.106362],[-71.898341,43.106618],[-71.895815,43.107131],[-71.88928,43.108426],[-71.882836,43.109767],[-71.87432,43.11149],[-71.8561,43.115135],[-71.852228,43.115903],[-71.846828,43.116979],[-71.83701,43.11894],[-71.833061,43.119724],[-71.823947,43.121542],[-71.817814,43.122765],[-71.810277,43.124271],[-71.796176,43.127582],[-71.795841,43.127644],[-71.78463,43.129779],[-71.763138,43.133872],[-71.761854,43.134115],[-71.749372,43.136493],[-71.73256,43.139786],[-71.724833,43.141294],[-71.704965,43.14517],[-71.696201,43.146935],[-71.683895,43.149354],[-71.679936,43.150129],[-71.679306,43.150245],[-71.678502,43.150409],[-71.669306,43.152178],[-71.667771,43.152534],[-71.663111,43.15344],[-71.634802,43.158941],[-71.628753,43.160116],[-71.628158,43.160232],[-71.627915,43.160284],[-71.616997,43.162438],[-71.614863,43.162844],[-71.60786,43.164176],[-71.606912,43.164357],[-71.602965,43.165107],[-71.599669,43.160389],[-71.598622,43.15889],[-71.597288,43.15698],[-71.596217,43.155447],[-71.595229,43.154056],[-71.593703,43.151847],[-71.58942,43.153486],[-71.577707,43.157966],[-71.573542,43.159542],[-71.567284,43.161909],[-71.55484,43.166617],[-71.545382,43.170193],[-71.544925,43.170365],[-71.540576,43.172009],[-71.536145,43.173684],[-71.533131,43.174823],[-71.532336,43.175123],[-71.5321,43.175213],[-71.529702,43.176118],[-71.527615,43.176907],[-71.524877,43.177942],[-71.52383,43.178338],[-71.522381,43.178886],[-71.522732,43.178581],[-71.523648,43.178069],[-71.524197,43.177146],[-71.524426,43.176124],[-71.524364,43.175323],[-71.524593,43.174133],[-71.525494,43.172668],[-71.525753,43.172133],[-71.525525,43.171531],[-71.52499,43.170905],[-71.523539,43.169719],[-71.521709,43.168533],[-71.520672,43.16761],[-71.519589,43.167053],[-71.517681,43.166519],[-71.513301,43.165641],[-71.512493,43.165534],[-71.507849,43.1655],[-71.506144,43.164998],[-71.498851,43.16127],[-71.495006,43.158325],[-71.49395,43.159231],[-71.492977,43.160629],[-71.494457,43.160888],[-71.494456,43.161819],[-71.492763,43.163047],[-71.493358,43.163795],[-71.493007,43.165298],[-71.495693,43.165832],[-71.494792,43.167129],[-71.496501,43.167617],[-71.49641,43.168952],[-71.4938,43.168762],[-71.490702,43.168922],[-71.48994,43.169433],[-71.489085,43.168167],[-71.489207,43.16703],[-71.487926,43.1676],[-71.487971,43.170532],[-71.488871,43.170989],[-71.489146,43.172965],[-71.490269,43.172804],[-71.490962,43.172118],[-71.492015,43.175109],[-71.492046,43.176086],[-71.4938,43.175651],[-71.49641,43.175521],[-71.497097,43.174491],[-71.499503,43.1749],[-71.500011,43.175895],[-71.501979,43.175895],[-71.502834,43.176612],[-71.501644,43.178275],[-71.50053,43.178359],[-71.499859,43.179618],[-71.498256,43.179496],[-71.497005,43.180328],[-71.494395,43.180633],[-71.493327,43.182052],[-71.492323,43.18248],[-71.49055,43.184013],[-71.491374,43.184661],[-71.490991,43.185466],[-71.491923,43.186126],[-71.493404,43.190841],[-71.493205,43.192702],[-71.494105,43.192779],[-71.494442,43.193904],[-71.494685,43.195487],[-71.495982,43.196059],[-71.495922,43.196899],[-71.497447,43.200431],[-71.498302,43.200225],[-71.500187,43.201216],[-71.497737,43.201423],[-71.496303,43.20011],[-71.494991,43.200034],[-71.493674,43.198916],[-71.491359,43.200362],[-71.490764,43.201301],[-71.486618,43.199843],[-71.486476,43.198745],[-71.484749,43.199461],[-71.483363,43.201072],[-71.482585,43.199653],[-71.481437,43.199974],[-71.480494,43.2014],[-71.478323,43.201617],[-71.475413,43.20362],[-71.477549,43.205527],[-71.476374,43.206778],[-71.474176,43.207045],[-71.475108,43.208945],[-71.47996,43.209166],[-71.481166,43.209685],[-71.480021,43.210074],[-71.478968,43.213019],[-71.48029,43.213364],[-71.480693,43.214331],[-71.479655,43.214103],[-71.479273,43.215873],[-71.48051,43.215972],[-71.478846,43.217108],[-71.47935,43.21794],[-71.481288,43.217559],[-71.481242,43.218215],[-71.479701,43.218856],[-71.478511,43.220275],[-71.476892,43.220924],[-71.477412,43.221923],[-71.478878,43.22242],[-71.47749,43.223613],[-71.475902,43.223094],[-71.475825,43.224005],[-71.47288,43.224234],[-71.470927,43.225257],[-71.470774,43.227027],[-71.469248,43.228186],[-71.468546,43.229346],[-71.469508,43.23033],[-71.47053,43.230048],[-71.470393,43.231017],[-71.467997,43.231116],[-71.465632,43.231475],[-71.466074,43.232794],[-71.465556,43.233893],[-71.463646,43.23482],[-71.463336,43.23516],[-71.462031,43.236708],[-71.462441,43.237995],[-71.46229,43.239637],[-71.460001,43.240736],[-71.461435,43.2413],[-71.462549,43.240637],[-71.463556,43.242254],[-71.463022,43.243689],[-71.463647,43.244795],[-71.462762,43.244901],[-71.460213,43.243963],[-71.458444,43.245428],[-71.459299,43.247549],[-71.457361,43.248228],[-71.456949,43.24893],[-71.460665,43.250956],[-71.462344,43.25189],[-71.497568,43.270864],[-71.506267,43.27548],[-71.514034,43.286825],[-71.514935,43.288139],[-71.516869,43.290962],[-71.517608,43.292042],[-71.52123,43.297311],[-71.524899,43.302664],[-71.529568,43.309469],[-71.53393,43.307822],[-71.546068,43.30324],[-71.563402,43.296696],[-71.565816,43.295785],[-71.571304,43.293716],[-71.573667,43.292829],[-71.574057,43.292681],[-71.575143,43.292268],[-71.581472,43.289736],[-71.583399,43.289086],[-71.583936,43.288883],[-71.584135,43.288808],[-71.58641,43.287874],[-71.587901,43.287261],[-71.588207,43.287135],[-71.588363,43.287373],[-71.590013,43.286753],[-71.590971,43.286406],[-71.594502,43.285167],[-71.594999,43.284994],[-71.595338,43.284878],[-71.595691,43.284758],[-71.597361,43.284189],[-71.597499,43.284141],[-71.599858,43.283322],[-71.600781,43.283],[-71.601476,43.282758],[-71.601919,43.282604],[-71.602342,43.282455],[-71.605333,43.281409],[-71.607718,43.280582],[-71.616606,43.277521],[-71.622916,43.275532],[-71.649841,43.266249],[-71.654894,43.264549],[-71.659753,43.262913],[-71.667999,43.260138],[-71.683841,43.254802],[-71.697083,43.249978],[-71.698722,43.249405],[-71.714769,43.24358],[-71.716537,43.242938],[-71.720747,43.241409],[-71.722214,43.240876],[-71.723314,43.240476],[-71.724765,43.242685],[-71.72574,43.24417],[-71.730613,43.251511],[-71.734556,43.257437],[-71.745279,43.273555],[-71.751862,43.283363],[-71.760618,43.296337],[-71.762076,43.298498],[-71.779279,43.323975],[-71.782322,43.328457],[-71.786096,43.334272],[-71.794873,43.331343],[-71.806841,43.327355],[-71.807689,43.327052],[-71.817312,43.323601],[-71.834649,43.317385],[-71.834946,43.318004],[-71.834791,43.318327],[-71.835009,43.326895],[-71.836966,43.366981],[-71.838308,43.395253],[-71.856237,43.389012],[-71.867263,43.40446],[-71.869924,43.408192],[-71.878376,43.42248],[-71.879041,43.423608],[-71.879894,43.425055],[-71.889777,43.441802],[-71.890418,43.442888],[-71.890691,43.44335],[-71.892563,43.446523],[-71.894157,43.449222],[-71.885836,43.451588],[-71.883088,43.45237],[-71.880388,43.453138],[-71.879966,43.453257],[-71.874549,43.454772],[-71.863684,43.458019],[-71.872582,43.475314],[-71.874686,43.479366],[-71.881237,43.473751],[-71.8857,43.46999],[-71.88901,43.467313],[-71.89377,43.46354],[-71.894446,43.463008],[-71.897283,43.468401],[-71.898229,43.470198],[-71.899685,43.472967],[-71.901455,43.47633],[-71.906593,43.486347],[-71.913748,43.499715],[-71.917527,43.507193],[-71.923134,43.518289],[-71.930992,43.533855],[-71.928232,43.536911],[-71.905716,43.559145],[-71.905176,43.559678],[-71.89218,43.57454],[-71.891991,43.574721],[-71.881337,43.583797],[-71.879268,43.58556],[-71.864599,43.598063],[-71.849203,43.6112],[-71.840647,43.592903],[-71.827253,43.564373],[-71.819949,43.548729],[-71.818131,43.544652],[-71.817921,43.544208],[-71.816945,43.545138],[-71.81638,43.546046],[-71.816243,43.546641],[-71.816594,43.547015],[-71.817845,43.547557],[-71.818074,43.547831],[-71.818059,43.548381],[-71.817692,43.548541],[-71.817204,43.549304],[-71.816823,43.549563],[-71.816487,43.549846],[-71.816075,43.55012],[-71.815572,43.550502],[-71.815144,43.550921],[-71.814763,43.55112],[-71.814274,43.551227],[-71.813817,43.551242],[-71.813344,43.551204],[-71.812855,43.551104],[-71.81223,43.550937],[-71.811529,43.550698],[-71.811406,43.550654],[-71.810978,43.550525],[-71.810536,43.550555],[-71.810216,43.550776],[-71.809956,43.551089],[-71.809727,43.551425],[-71.809414,43.551847],[-71.809354,43.551927],[-71.809295,43.551997],[-71.808979,43.552333],[-71.8084,43.552745],[-71.807927,43.552913],[-71.807164,43.55308],[-71.80666,43.553126],[-71.805973,43.553073],[-71.805501,43.553004],[-71.805104,43.552813],[-71.804707,43.552775],[-71.80428,43.552745],[-71.803868,43.552851],[-71.803517,43.553057],[-71.803044,43.553424],[-71.802769,43.55363],[-71.801991,43.554438],[-71.801716,43.555232],[-71.801623,43.556194],[-71.801228,43.556834],[-71.800556,43.557238],[-71.799427,43.558467],[-71.798237,43.559275],[-71.797489,43.559413],[-71.796116,43.559016],[-71.794668,43.558794],[-71.793384,43.55836],[-71.789799,43.559039],[-71.787357,43.560756],[-71.787306,43.560802],[-71.785572,43.561564],[-71.78255,43.56058],[-71.780658,43.559031],[-71.778142,43.553829],[-71.7775,43.552501],[-71.769527,43.559866],[-71.761033,43.567716],[-71.76102,43.567729],[-71.758746,43.567141],[-71.755481,43.565447],[-71.754318,43.565725],[-71.75397,43.565692],[-71.753726,43.565798],[-71.753619,43.565936],[-71.753604,43.566081],[-71.753375,43.566302],[-71.752856,43.566561],[-71.752581,43.566615],[-71.752109,43.566859],[-71.751559,43.566989],[-71.751162,43.56705],[-71.750552,43.56692],[-71.750308,43.566889],[-71.750094,43.566935],[-71.750003,43.567042],[-71.749957,43.567446],[-71.749835,43.567561],[-71.749545,43.567614],[-71.749041,43.567546],[-71.748675,43.56737],[-71.748596,43.567014],[-71.748385,43.566798],[-71.747988,43.566729],[-71.747317,43.566775],[-71.747042,43.566752],[-71.746783,43.566676],[-71.746386,43.566493],[-71.7457,43.56605],[-71.745257,43.565692],[-71.744845,43.565219],[-71.744723,43.565158],[-71.744403,43.565249],[-71.744112,43.56557],[-71.743807,43.565798],[-71.743365,43.565867],[-71.743121,43.566012],[-71.743014,43.566302],[-71.74306,43.566607],[-71.743228,43.567004],[-71.74341,43.567591],[-71.743334,43.567782],[-71.742968,43.568019],[-71.742815,43.568049],[-71.742434,43.568057],[-71.742251,43.568095],[-71.741915,43.568415],[-71.741618,43.568568],[-71.741473,43.568576],[-71.740939,43.568469],[-71.740191,43.568621],[-71.740094,43.568616],[-71.739626,43.568637],[-71.738986,43.56885],[-71.738177,43.569071],[-71.737856,43.569094],[-71.737322,43.569018],[-71.736879,43.569003],[-71.736376,43.569163],[-71.735995,43.569315],[-71.735583,43.56927],[-71.735201,43.569148],[-71.734993,43.569055],[-71.734575,43.568804],[-71.734377,43.56853],[-71.73427,43.568087],[-71.733996,43.567744],[-71.733797,43.567614],[-71.733385,43.567546],[-71.733141,43.567584],[-71.732577,43.567759],[-71.731611,43.567873],[-71.731142,43.56795],[-71.730898,43.567904],[-71.730547,43.567729],[-71.730104,43.567309],[-71.730074,43.56724],[-71.729677,43.566645],[-71.729448,43.566416],[-71.729097,43.566248],[-71.728533,43.565951],[-71.72835,43.565699],[-71.728472,43.565509],[-71.728716,43.565386],[-71.729052,43.56531],[-71.72957,43.565249],[-71.730059,43.565158],[-71.730379,43.564959],[-71.730517,43.564738],[-71.73044,43.564456],[-71.730364,43.564349],[-71.729952,43.563937],[-71.729692,43.563777],[-71.729296,43.563662],[-71.728808,43.563662],[-71.728441,43.563723],[-71.728232,43.563675],[-71.727573,43.563411],[-71.725755,43.564432],[-71.724214,43.566371],[-71.7251,43.568888],[-71.72481,43.57059],[-71.721498,43.572459],[-71.718538,43.573649],[-71.717516,43.574641],[-71.715913,43.577288],[-71.716066,43.578768],[-71.718508,43.580668],[-71.720293,43.582804],[-71.724611,43.585657],[-71.727755,43.586039],[-71.729486,43.586813],[-71.731493,43.588496],[-71.731533,43.590716],[-71.730623,43.592615],[-71.728121,43.594904],[-71.726977,43.595545],[-71.724993,43.595805],[-71.722612,43.595217],[-71.719744,43.595278],[-71.71657,43.59878],[-71.713286,43.600544],[-71.708836,43.601151],[-71.707704,43.601023],[-71.706194,43.599261],[-71.704973,43.595881],[-71.703721,43.594721],[-71.69864,43.594294],[-71.694337,43.594683],[-71.688096,43.59495],[-71.686188,43.595553],[-71.681275,43.598139],[-71.678406,43.59994],[-71.67041,43.604571],[-71.669083,43.604883],[-71.664581,43.604449],[-71.662827,43.605997],[-71.662685,43.606519],[-71.66304,43.608042],[-71.665268,43.611246],[-71.665054,43.613573],[-71.661743,43.615984],[-71.658402,43.617594],[-71.656265,43.618021],[-71.652724,43.619847],[-71.651153,43.621119],[-71.652234,43.623],[-71.653671,43.6253],[-71.654724,43.628542],[-71.656936,43.630311],[-71.656753,43.631967],[-71.654633,43.633776],[-71.652481,43.636179],[-71.652502,43.637864],[-71.653548,43.639945],[-71.653717,43.640802],[-71.653442,43.641474],[-71.652313,43.642404],[-71.651458,43.643015],[-71.650772,43.643991],[-71.650741,43.645052],[-71.651001,43.645693],[-71.652115,43.647386],[-71.652954,43.649126],[-71.653565,43.651209],[-71.653702,43.651987],[-71.654175,43.653589],[-71.654388,43.655206],[-71.65451,43.656648],[-71.654465,43.65809],[-71.65509,43.65954],[-71.655167,43.66028],[-71.655121,43.661264],[-71.654999,43.661752],[-71.654358,43.662645],[-71.653656,43.66324],[-71.652237,43.664247],[-71.651611,43.66501],[-71.650558,43.666711],[-71.649292,43.669969],[-71.648758,43.671739],[-71.648681,43.672372],[-71.648819,43.67325],[-71.649841,43.675676],[-71.650055,43.676454],[-71.650909,43.678811],[-71.651215,43.680215],[-71.651092,43.681077],[-71.650573,43.681962],[-71.649048,43.683359],[-71.648346,43.684511],[-71.647652,43.684578],[-71.646233,43.684754],[-71.646083,43.684772],[-71.645939,43.684789],[-71.645144,43.684884],[-71.64271,43.685199],[-71.642227,43.685257],[-71.638885,43.68567],[-71.629259,43.686839],[-71.627913,43.687001],[-71.626637,43.687154],[-71.621452,43.687799],[-71.619325,43.688049],[-71.597098,43.690364],[-71.591051,43.690951],[-71.586069,43.691458],[-71.581403,43.691949],[-71.567703,43.693341],[-71.560469,43.694028],[-71.545683,43.695476],[-71.545184,43.695528],[-71.521389,43.697801],[-71.522685,43.705709],[-71.52297,43.707411],[-71.523325,43.709502],[-71.524051,43.714053],[-71.525591,43.723694],[-71.526685,43.730488],[-71.530136,43.751902],[-71.530698,43.75529],[-71.531658,43.760979],[-71.523617,43.755539],[-71.519699,43.752862],[-71.511103,43.746891],[-71.501589,43.740071],[-71.498878,43.738069],[-71.495843,43.735892],[-71.491827,43.733012],[-71.485693,43.728604],[-71.48473,43.727906],[-71.483958,43.727364],[-71.48289,43.726609],[-71.482541,43.72636],[-71.471794,43.718251],[-71.463985,43.71237],[-71.46039,43.709715],[-71.459446,43.709051],[-71.453226,43.704712],[-71.43989,43.695558],[-71.438182,43.694368],[-71.433876,43.691382],[-71.42488,43.685159],[-71.423448,43.684173],[-71.420655,43.682256],[-71.419667,43.681582],[-71.415608,43.67876],[-71.415008,43.678345],[-71.403695,43.670557],[-71.38785,43.659552],[-71.386175,43.658397],[-71.376183,43.651537],[-71.357246,43.638368],[-71.344245,43.62922],[-71.34362,43.628794],[-71.340766,43.626772],[-71.338677,43.625305],[-71.338553,43.624216],[-71.335639,43.621431],[-71.333167,43.619806],[-71.33054,43.62009],[-71.330389,43.620149],[-71.31922,43.612566],[-71.284459,43.589091],[-71.283681,43.588557],[-71.258473,43.571444],[-71.257954,43.571291],[-71.249531,43.569399],[-71.231924,43.565585],[-71.227909,43.564715],[-71.220966,43.559588],[-71.208941,43.550517],[-71.203921,43.552424],[-71.199465,43.55913],[-71.198834,43.558769],[-71.197047,43.557776],[-71.187492,43.552509],[-71.181259,43.549078],[-71.162675,43.538959],[-71.169155,43.533335],[-71.179927,43.524214],[-71.182375,43.52214],[-71.190799,43.515033],[-71.190175,43.511261],[-71.187762,43.497096],[-71.183876,43.475477],[-71.181538,43.462426],[-71.180919,43.459023],[-71.177021,43.438358],[-71.176288,43.434556],[-71.17538,43.429799],[-71.175286,43.429314],[-71.174121,43.423173],[-71.172472,43.414621],[-71.169594,43.400723],[-71.167147,43.388325],[-71.165565,43.380769],[-71.164573,43.37559],[-71.16186,43.364414],[-71.159364,43.355123],[-71.166643,43.348371],[-71.179127,43.336916],[-71.186395,43.33045],[-71.188267,43.328707],[-71.191444,43.325781],[-71.193224,43.324163],[-71.195036,43.321984],[-71.20025,43.315932],[-71.200987,43.315093],[-71.20286,43.313085],[-71.204367,43.311471],[-71.207419,43.308152],[-71.215511,43.30155],[-71.218181,43.299395],[-71.229093,43.290589],[-71.232689,43.287679],[-71.236011,43.284994],[-71.238709,43.2828],[-71.245189,43.277555],[-71.246967,43.276189],[-71.247336,43.275232],[-71.239582,43.270512],[-71.232899,43.266379],[-71.214328,43.254622],[-71.206271,43.250059],[-71.198734,43.245188],[-71.197624,43.244472],[-71.194468,43.242417],[-71.192528,43.241171],[-71.188304,43.238453],[-71.173511,43.228873],[-71.151056,43.214608],[-71.141146,43.208324],[-71.138759,43.206809],[-71.137935,43.206291],[-71.133614,43.203598],[-71.127948,43.200072],[-71.127023,43.199503],[-71.126625,43.199254],[-71.124688,43.198078],[-71.124589,43.19802],[-71.122423,43.19685],[-71.122341,43.196803],[-71.121972,43.196592],[-71.120525,43.195745],[-71.101196,43.183893],[-71.085805,43.174405],[-71.079074,43.170264],[-71.069005,43.164034],[-71.068313,43.163614],[-71.067075,43.162861],[-71.058317,43.157488],[-71.05369,43.154619],[-71.05232,43.153796],[-71.033598,43.142216],[-71.029114,43.139453],[-71.028904,43.139323],[-71.026686,43.137947],[-71.028741,43.135466],[-71.028898,43.135269],[-71.029111,43.135063],[-71.029554,43.134533],[-71.02985,43.134178],[-71.02991,43.134106],[-71.029953,43.134062],[-71.030173,43.133794],[-71.035061,43.127919],[-71.042021,43.119525],[-71.043109,43.118162],[-71.045198,43.115607],[-71.047919,43.112289],[-71.05663,43.101661],[-71.058964,43.098828],[-71.059775,43.097834],[-71.068164,43.0876],[-71.070316,43.084981],[-71.072936,43.081681],[-71.070442,43.081689],[-71.055279,43.081765],[-71.043103,43.08185],[-71.03841,43.081874],[-71.035638,43.081876],[-71.029269,43.081919],[-71.016802,43.082002],[-71.012986,43.082024],[-71.01257,43.081993],[-71.012852,43.071137],[-71.013007,43.065105],[-71.013092,43.061958],[-71.013133,43.060273],[-71.013153,43.059398],[-71.013304,43.052635],[-71.013656,43.040142],[-71.013697,43.038236],[-71.013761,43.033937],[-71.0136,43.033197],[-71.010983,43.020425],[-71.010964,43.020338],[-71.009543,43.014031],[-71.009042,43.011914],[-71.008792,43.010854],[-71.008753,43.010694],[-71.008208,43.008366],[-71.003908,42.989693],[-71.003219,42.986122],[-71.002751,42.983789],[-70.999924,42.970029],[-70.999918,42.969982],[-70.999906,42.96985],[-71.000607,42.969826],[-71.001508,42.96966],[-71.002317,42.969835],[-71.002657,42.969752],[-71.002682,42.968935],[-71.002927,42.968691],[-71.003583,42.968729],[-71.004606,42.969446],[-71.005323,42.969477],[-71.006299,42.968973],[-71.00694,42.968027],[-71.007337,42.96789],[-71.007825,42.967989],[-71.007662,42.967267],[-71.007504,42.966569],[-71.005629,42.958551],[-71.003723,42.959188],[-71.000913,42.959158],[-70.99751,42.958298],[-70.997097,42.957743],[-70.993177,42.957383],[-70.987004,42.956977],[-70.984303,42.956807],[-70.982693,42.956705],[-70.97289,42.957064],[-70.968905,42.957211],[-70.958441,42.957562],[-70.947607,42.957926],[-70.943286,42.958074],[-70.93362,42.958422],[-70.933164,42.958548],[-70.92599,42.960581],[-70.910153,42.964959],[-70.902033,42.967195],[-70.898493,42.964586],[-70.896311,42.960253],[-70.894638,42.959096],[-70.889825,42.957224],[-70.886392,42.954218],[-70.884206,42.95275],[-70.883341,42.951998],[-70.883661,42.951212],[-70.882135,42.949877],[-70.880639,42.949511],[-70.880041,42.948499],[-70.880076,42.948463],[-70.879957,42.948089],[-70.879941,42.94804],[-70.8797,42.947829],[-70.879305,42.94773],[-70.87822,42.947249],[-70.877736,42.946816],[-70.877529,42.946809],[-70.87742,42.946295],[-70.87739,42.946055],[-70.877223,42.945762],[-70.877223,42.945606],[-70.877206,42.945597],[-70.877038,42.945459],[-70.877044,42.945397],[-70.876918,42.945256],[-70.876887,42.945037],[-70.877134,42.944626],[-70.877303,42.944142],[-70.877472,42.943828],[-70.877761,42.943483],[-70.877828,42.943298],[-70.877725,42.943094],[-70.877672,42.942977],[-70.877572,42.942756],[-70.877472,42.94239],[-70.875346,42.938349],[-70.874174,42.936726],[-70.873284,42.936372],[-70.872735,42.936403],[-70.871728,42.936647],[-70.870675,42.936502],[-70.870003,42.93606],[-70.869379,42.935999],[-70.868996,42.935671],[-70.86892,42.935114],[-70.86828,42.934641],[-70.868096,42.934115],[-70.867486,42.933764],[-70.866967,42.9331],[-70.866524,42.932932],[-70.865518,42.932871],[-70.864116,42.932605],[-70.863732,42.932453],[-70.863335,42.932265],[-70.863039,42.932072],[-70.862626,42.931787],[-70.861489,42.931582],[-70.860879,42.930269],[-70.857797,42.93059],[-70.858224,42.92969],[-70.857431,42.929041],[-70.855156,42.928515],[-70.856057,42.927347],[-70.857049,42.927119],[-70.856393,42.926318],[-70.854195,42.925677],[-70.853707,42.925623],[-70.852943,42.925195],[-70.852943,42.924852],[-70.852666,42.924663],[-70.852848,42.924525],[-70.852911,42.924479],[-70.852958,42.924444],[-70.852977,42.924429],[-70.854016,42.923543],[-70.851769,42.921244],[-70.849027,42.917309],[-70.84887,42.91708],[-70.848681,42.91681],[-70.847118,42.914583],[-70.846123,42.913264],[-70.845436,42.912905],[-70.844811,42.912767],[-70.84445,42.912913],[-70.843516,42.913699],[-70.842975,42.914374],[-70.842483,42.915212],[-70.841673,42.915868],[-70.841301,42.91553],[-70.840795,42.915826],[-70.840162,42.91315],[-70.83828,42.912547],[-70.837135,42.912425],[-70.835136,42.912577],[-70.833534,42.912425],[-70.831978,42.91144],[-70.831078,42.910975],[-70.829033,42.909777],[-70.828285,42.909289],[-70.823937,42.906634],[-70.823509,42.906245],[-70.822822,42.905406],[-70.822318,42.904528],[-70.822044,42.903422],[-70.822059,42.902827],[-70.822487,42.897593],[-70.819251,42.894915],[-70.817274,42.893272],[-70.817075,42.893114],[-70.816666,42.892781],[-70.816458,42.89261],[-70.815191,42.891573],[-70.813913,42.890513],[-70.813327,42.890031],[-70.812325,42.889224],[-70.811399,42.888583],[-70.81308,42.883661],[-70.813752,42.880839],[-70.814101,42.876915],[-70.813832,42.872298],[-70.812519,42.872443],[-70.792495,42.873291],[-70.749494,42.874694],[-70.735005,42.874685],[-70.735132,42.875091],[-70.733344,42.879264],[-70.731188,42.883224],[-70.728724,42.888724],[-70.727303,42.893617],[-70.726655,42.898171],[-70.726367,42.902154],[-70.726941,42.905698],[-70.72565,42.909687],[-70.725086,42.913404],[-70.724754,42.917689],[-70.725074,42.923644],[-70.726024,42.928524],[-70.722159,42.930083],[-70.719434,42.931536],[-70.712988,42.935516],[-70.708993,42.938146],[-70.704055,42.94262],[-70.700301,42.947089],[-70.697414,42.951553],[-70.694637,42.956357],[-70.694395,42.956754],[-70.693234,42.953882],[-70.690547,42.948239],[-70.687967,42.944604],[-70.684423,42.940271],[-70.680933,42.936874],[-70.676389,42.933013],[-70.67286,42.930419],[-70.667777,42.927464],[-70.661691,42.924379],[-70.655109,42.922099],[-70.650403,42.920614],[-70.645744,42.919496],[-70.639444,42.918453],[-70.636022,42.918167],[-70.629717,42.916119],[-70.624492,42.915135],[-70.621671,42.914097],[-70.614086,42.912862],[-70.610659,42.912529],[-70.605724,42.912329],[-70.601702,42.912364],[-70.592879,42.913001],[-70.586342,42.914005],[-70.577378,42.91638],[-70.575094,42.917126],[-70.579312,42.930727],[-70.581855,42.938319],[-70.584085,42.943035],[-70.586273,42.946178],[-70.587593,42.949188],[-70.589552,42.952499],[-70.591832,42.95581],[-70.595982,42.96136],[-70.605621,42.97223],[-70.608718,42.975742],[-70.611152,42.97899],[-70.612269,42.979636],[-70.614766,42.9802],[-70.619067,42.980661],[-70.624034,42.98209],[-70.629406,42.984431],[-70.63218,42.986429],[-70.701197,43.04524],[-70.703792,43.060515],[-70.70631,43.075339],[-70.737969,43.073728],[-70.740786,43.076774],[-70.743033,43.077973],[-70.747184,43.078854],[-70.752553,43.079565],[-70.755699,43.07995],[-70.757951,43.081522],[-70.760791,43.08606],[-70.76356,43.090391],[-70.766254,43.092724],[-70.766426,43.092832],[-70.768739,43.094003],[-70.77142,43.094655],[-70.777365,43.095436],[-70.779688,43.096248],[-70.781408,43.09776],[-70.782698,43.099634],[-70.783864,43.100959],[-70.79037,43.104821],[-70.794906,43.107321],[-70.799665,43.110423],[-70.804353,43.114396],[-70.808661,43.117025],[-70.81159,43.118505],[-70.815614,43.120197],[-70.820019,43.122545],[-70.824577,43.125069],[-70.8274,43.127807],[-70.829135,43.131485],[-70.829766,43.137684],[-70.832811,43.143366],[-70.83361,43.146106],[-70.832924,43.15007],[-70.829979,43.156135],[-70.828972,43.158523],[-70.828163,43.162551],[-70.827796,43.167115],[-70.828148,43.168548],[-70.827782,43.170432],[-70.825018,43.172737],[-70.823569,43.174239],[-70.824238,43.178108],[-70.825142,43.181029],[-70.828057,43.186529],[-70.828117,43.188232],[-70.827506,43.189033],[-70.825208,43.190472],[-70.820365,43.191749],[-70.819282,43.192992],[-70.819059,43.195119],[-70.819832,43.196853],[-70.820568,43.198408],[-70.820457,43.200957],[-70.819816,43.203437],[-70.817863,43.209189],[-70.816505,43.211814],[-70.816976,43.214021],[-70.816245,43.215499],[-70.813605,43.21678],[-70.812446,43.218207],[-70.813453,43.220152],[-70.811287,43.221976],[-70.80973,43.224165],[-70.809608,43.225511],[-70.811381,43.227275],[-70.812263,43.228674],[-70.814064,43.229117],[-70.816474,43.228781],[-70.817478,43.229989],[-70.815605,43.23284],[-70.816217,43.235006],[-70.816596,43.235617],[-70.817573,43.236884],[-70.817619,43.237182],[-70.817682,43.237846],[-70.818264,43.238384],[-70.822182,43.23947],[-70.823975,43.240764],[-70.824501,43.241942],[-70.827216,43.24333],[-70.832257,43.243347],[-70.83535,43.243117],[-70.836861,43.242422],[-70.838722,43.243124],[-70.838873,43.244493],[-70.838509,43.245291],[-70.838265,43.245718],[-70.838142,43.24603],[-70.838127,43.246428],[-70.83831,43.246992],[-70.838477,43.247327],[-70.83857,43.247442],[-70.838814,43.247641],[-70.839058,43.247694],[-70.839745,43.24771],[-70.840401,43.247679],[-70.840676,43.247687],[-70.84095,43.247839],[-70.841087,43.248129],[-70.841072,43.24848],[-70.840809,43.249463],[-70.840334,43.250079],[-70.840015,43.2504],[-70.839592,43.2507],[-70.839501,43.250883],[-70.83947,43.251082],[-70.839547,43.25127],[-70.842827,43.254225],[-70.848885,43.25553],[-70.852425,43.25675],[-70.85511,43.255057],[-70.857819,43.256031],[-70.859837,43.258025],[-70.859886,43.259932],[-70.860848,43.262648],[-70.86264,43.264605],[-70.864478,43.265615],[-70.869744,43.265967],[-70.872842,43.268782],[-70.872659,43.269773],[-70.873864,43.271612],[-70.875772,43.272276],[-70.878274,43.272535],[-70.882181,43.272535],[-70.883341,43.27323],[-70.883813,43.276049],[-70.883539,43.277899],[-70.882736,43.278502],[-70.882654,43.278913],[-70.885568,43.280088],[-70.885843,43.281088],[-70.883813,43.282812],[-70.88424,43.283537],[-70.8872,43.28272],[-70.890726,43.284139],[-70.893289,43.284475],[-70.89628,43.285231],[-70.898447,43.287359],[-70.899286,43.288008],[-70.898111,43.291265],[-70.896498,43.29189],[-70.897318,43.292722],[-70.90043,43.291426],[-70.901788,43.291334],[-70.903803,43.292326],[-70.904045,43.291307],[-70.905909,43.29154],[-70.907479,43.293329],[-70.906062,43.294111],[-70.905481,43.29553],[-70.90394,43.296781],[-70.900553,43.297445],[-70.89776,43.29672],[-70.896311,43.298437],[-70.899195,43.299543],[-70.89953,43.301077],[-70.901926,43.301275],[-70.901437,43.302847],[-70.902597,43.304334],[-70.902521,43.305463],[-70.904184,43.306516],[-70.905649,43.305784],[-70.906581,43.304675],[-70.908549,43.305479],[-70.909907,43.306699],[-70.912607,43.307584],[-70.913843,43.309324],[-70.911707,43.309431],[-70.911295,43.310438],[-70.915354,43.315465],[-70.911677,43.316289],[-70.91337,43.317113],[-70.913554,43.318189],[-70.911631,43.318899],[-70.911417,43.319723],[-70.916071,43.319631],[-70.917094,43.320952],[-70.916605,43.321897],[-70.918803,43.321783],[-70.920099,43.321165],[-70.920207,43.321843],[-70.918405,43.322713],[-70.919154,43.324445],[-70.923533,43.323324],[-70.925043,43.32459],[-70.922999,43.325605],[-70.925471,43.32575],[-70.92631,43.326452],[-70.924418,43.32678],[-70.924418,43.327451],[-70.9304,43.329145],[-70.931651,43.330861],[-70.931789,43.332479],[-70.931223,43.333226],[-70.932169,43.334333],[-70.933333,43.334694],[-70.933406,43.335759],[-70.931956,43.33537],[-70.930949,43.335729],[-70.931178,43.336545],[-70.932826,43.337224],[-70.937495,43.337537],[-70.938593,43.337026],[-70.940105,43.335438],[-70.944865,43.335157],[-70.946189,43.336026],[-70.946955,43.334745],[-70.950145,43.335706],[-70.952602,43.334424],[-70.952877,43.333402],[-70.954723,43.33418],[-70.955852,43.333997],[-70.95692,43.334737],[-70.957122,43.336274],[-70.957621,43.338337],[-70.958599,43.340116],[-70.960293,43.341466],[-70.961971,43.341802],[-70.963496,43.340978],[-70.964306,43.343221],[-70.966146,43.343236],[-70.967953,43.344579],[-70.968716,43.34654],[-70.966503,43.347806],[-70.967657,43.349352],[-70.970943,43.350499],[-70.971035,43.349134],[-70.972454,43.348325],[-70.973282,43.349188],[-70.972164,43.354817],[-70.974926,43.356687],[-70.975673,43.35806],[-70.97665,43.358609],[-70.977733,43.358182],[-70.978115,43.358914],[-70.976635,43.361058],[-70.974514,43.362996],[-70.974946,43.364489],[-70.976482,43.367207],[-70.978726,43.36852],[-70.981045,43.370725],[-70.98077,43.372662],[-70.981214,43.373641],[-70.982124,43.375137],[-70.983549,43.376333],[-70.982665,43.377506],[-70.983899,43.378358],[-70.985638,43.37914],[-70.986248,43.381963],[-70.985394,43.385525],[-70.985744,43.387151],[-70.987881,43.389935],[-70.98757,43.39147],[-70.987179,43.393536],[-70.985027,43.394398],[-70.982663,43.394574],[-70.982297,43.398282],[-70.982769,43.399365],[-70.985562,43.401585],[-70.986508,43.403981],[-70.986676,43.406491],[-70.985912,43.410221],[-70.986446,43.410832],[-70.987088,43.41195],[-70.986833,43.413797],[-70.986586,43.414153],[-70.986538,43.414235],[-70.986355,43.41454],[-70.986233,43.414692],[-70.986141,43.414891],[-70.98605,43.41499],[-70.982582,43.419226],[-70.981655,43.420552],[-70.979839,43.421315],[-70.976956,43.421482],[-70.974904,43.422335],[-70.972653,43.424031],[-70.969707,43.426907],[-70.968517,43.42928],[-70.969298,43.432204],[-70.96902,43.434368],[-70.967127,43.435291],[-70.966602,43.4354],[-70.966443,43.435434],[-70.963024,43.436489],[-70.96133,43.437702],[-70.960811,43.439304],[-70.961116,43.442158],[-70.96159,43.443272],[-70.965896,43.447794],[-70.966626,43.451274],[-70.966289,43.453304],[-70.964199,43.456058],[-70.963237,43.458057],[-70.961834,43.463459],[-70.960338,43.466183],[-70.961316,43.469571],[-70.963878,43.471744],[-70.96458,43.473316],[-70.96603,43.472904],[-70.967342,43.473842],[-70.9696,43.473697],[-70.970043,43.473064],[-70.972393,43.475536],[-70.973721,43.476398],[-70.973995,43.47739],[-70.974911,43.476955],[-70.975822,43.478575],[-70.973461,43.478183],[-70.972011,43.478389],[-70.969829,43.479671],[-70.969296,43.480762],[-70.968395,43.480197],[-70.967526,43.480945],[-70.968486,43.482334],[-70.967952,43.483402],[-70.968853,43.484043],[-70.968746,43.485569],[-70.969295,43.486217],[-70.967952,43.488475],[-70.968289,43.489452],[-70.966686,43.490856],[-70.965799,43.492357],[-70.964428,43.49348],[-70.964809,43.494953],[-70.964336,43.497142],[-70.961485,43.497828],[-70.958812,43.499477],[-70.959731,43.500345],[-70.958599,43.5013],[-70.958583,43.502863],[-70.957851,43.504634],[-70.957973,43.508037],[-70.956371,43.508991],[-70.954646,43.509403],[-70.954542,43.509738],[-70.95553,43.511804],[-70.956798,43.512782],[-70.956096,43.514552],[-70.95483,43.516231],[-70.953868,43.519145],[-70.953944,43.522273],[-70.954524,43.523051],[-70.956325,43.523708],[-70.957164,43.524865],[-70.956768,43.527949],[-70.958095,43.529689],[-70.957744,43.531253],[-70.962479,43.534243],[-70.963024,43.535479],[-70.963161,43.53892],[-70.963772,43.539454],[-70.961513,43.540126],[-70.962154,43.541087],[-70.960402,43.541278],[-70.958797,43.540599],[-70.955913,43.542094],[-70.955339,43.541014],[-70.953473,43.540671],[-70.953753,43.543719],[-70.952532,43.545297],[-70.952035,43.549794],[-70.950632,43.551313],[-70.951682,43.552282],[-70.953062,43.552726],[-70.954783,43.553867],[-70.955599,43.558913],[-70.956581,43.56071],[-70.957728,43.561641],[-70.961818,43.562836],[-70.963419,43.56401],[-70.964205,43.56583],[-70.965385,43.567006],[-70.966712,43.569437],[-70.968545,43.568906],[-70.969896,43.568554],[-70.971036,43.569322],[-70.972394,43.569938],[-70.972743,43.57031],[-70.973252,43.578699],[-70.973963,43.590584],[-70.974089,43.592927],[-70.974146,43.593946],[-70.974647,43.60348],[-70.975098,43.613159],[-70.975334,43.617052],[-70.975433,43.618618],[-70.975458,43.618933],[-70.975583,43.621032],[-70.975721,43.623332],[-70.975772,43.624217],[-70.976044,43.62812],[-70.976304,43.632978],[-70.976546,43.637832],[-70.976804,43.641905],[-70.976916,43.643179],[-70.977596,43.651972],[-70.978432,43.660493],[-70.978939,43.669727],[-70.979561,43.675667],[-70.980292,43.684135],[-70.980894,43.690409],[-70.98187,43.701134],[-70.981975,43.706143],[-70.982082,43.711864],[-70.983574,43.735324],[-70.984472,43.746503],[-70.985217,43.755895],[-70.98714,43.770985],[-70.98904,43.790138],[-70.9891,43.791612],[-70.989122,43.792081]]]]}}],"labels":{"type":"FeatureCollection","features":[{"type":"Feature","properties":{"id":"1","NAME":"1","featureLabel":{"left":-71.30405664142228,"right":-71.30405664142228,"top":43.008575890468606,"bottom":43.008575890468606},"text-field":"1"},"geometry":{"type":"Point","coordinates":[-71.30405664142228,43.008575890468606]}},{"type":"Feature","properties":{"id":"2","NAME":"2","featureLabel":{"left":-71.4020450689468,"right":-71.4020450689468,"top":44.13745305121613,"bottom":44.13745305121613},"text-field":"2"},"geometry":{"type":"Point","coordinates":[-71.4020450689468,44.13745305121613]}}]}}