district_code,state,district_num,pres16_total,pres16_dem,pres16_rep,comp16-20_total,comp16-20_dem,comp16-20_rep,pres20_total,pres20_dem,pres20_rep,pres24_total,pres24_dem,pres24_rep,pop_adj_total,pop_adj_white,pop_adj_hispanic,pop_adj_black,pop_adj_asian,pop_adj_native,pop_adj_pacific,vap_total,vap_white,vap_hispanic,vap_black,vap_asian,vap_native,vap_pacific,x_22_2022_age_age_0_9,x_22_2022_age_age_10_19,x_22_2022_age_age_20_29,x_22_2022_age_age_30_39,x_22_2022_age_age_40_49,x_22_2022_age_age_50_59,x_22_2022_age_age_60_69,x_22_2022_age_age_70_79,x_22_2022_age_age_o79,x_22_2022_education_assoc,x_22_2022_education_bach,x_22_2022_education_doc,x_22_2022_education_hs,x_22_2022_education_master,x_22_2022_education_nohs,x_22_2022_education_prof,x_22_2022_education_somecol,x_22_2022_household_income_100_125k,x_22_2022_household_income_10_15k,x_22_2022_household_income_125_150k,x_22_2022_household_income_150_200k,x_22_2022_household_income_15_20k,x_22_2022_household_income_20_25k,x_22_2022_household_income_25_30k,x_22_2022_household_income_30_35k,x_22_2022_household_income_35_40k,x_22_2022_household_income_40_45k,x_22_2022_household_income_45_50k,x_22_2022_household_income_50_60k,x_22_2022_household_income_60_75k,x_22_2022_household_income_75_100k,x_22_2022_household_income_o200k,x_22_2022_household_income_u10k
AK-01,AK,1,318608,116454,163387,324817,135645,171369,357569,153778,189951,337780,139695,184410,733391,421758,49824,35454,61460,160287,18668,554003,340580,33441,23665,43407,105737,11184,101021,96682,108834,110529,88341,89719,84044,39766,15885,43357,93744,6419,140126,39645,31689,9589,121302,30275,6532,21713,29177,8396,6849,7122,7516,7812,9122,7900,16194,25350,37590,32596,10232
AL-01,AL,1,293420,64080,220085,262594,69874,190357,326343,79020,243221,333911,73358,256976,717754,519198,33476,126801,14424,23200,1247,557336,416674,21367,90582,10005,17360,838,84102,93199,81508,87027,88264,94845,94289,65291,29371,49349,77139,4391,161843,32844,59972,6845,109816,24667,14206,17079,18262,12698,11947,12986,11503,11874,11681,11266,21064,25112,36444,16972,15716
AL-02,AL,2,303364,163388,131758,267954,155103,110867,313181,174134,135348,290636,155184,131725,717754,298335,26535,364985,16843,14686,1172,558661,247928,17215,272023,12529,10700,748,88166,96294,103611,90882,83887,87734,86450,53541,26269,40028,72588,5108,154456,35346,63133,7988,100187,21840,18915,13693,13928,16782,15529,13911,13353,12744,13508,12137,21069,25994,29639,12223,23341
AL-03,AL,3,289677,79538,200498,258909,82568,173978,322821,93356,225352,316410,82862,230048,717754,502129,27470,156204,15755,16548,909,564595,405145,17599,116843,11992,12748,591,79875,94807,101333,86422,88319,93493,89069,58629,26079,45654,65873,6094,156663,31660,67539,6246,108680,24229,15942,16198,14946,13679,14502,11819,13466,12004,12291,10098,20488,26374,34251,12355,20973
AL-04,AL,4,297488,51956,236405,263025,57740,203153,326492,60120,262489,323861,52911,267661,717754,575711,57537,56723,6614,23226,836,555217,459881,33850,40112,4593,17274,538,84541,95867,90860,84556,87472,95627,89050,61908,30082,48893,61350,5182,164584,26078,76993,5467,104424,23836,15922,15146,15927,13709,14893,14424,11763,12149,12137,11061,21333,25676,35641,12156,16435
AL-05,AL,5,298086,92178,189897,278897,105895,168699,346248,122869,216421,353600,122382,224861,717754,486765,47408,138438,19813,27316,1583,560406,393794,29677,102735,14045,20338,1004,83343,92050,93888,93342,89735,99746,88391,52459,27672,40990,106941,7569,125428,53994,54806,6859,102350,26168,11160,20446,25883,11062,11906,11237,12754,10523,10706,10151,21517,25481,36677,27587,13180
AL-06,AL,6,319686,80052,225254,292780,94267,194563,355048,107240,241972,350771,104195,240772,717755,510804,39453,133963,17229,15924,841,552411,405521,25174,96958,12084,11892,572,87725,96600,84843,95813,95559,93441,84060,51618,25406,39538,114583,8027,125085,48139,41398,14078,98206,28759,8004,20302,25043,8237,8538,9547,9593,8923,9660,9032,18611,26354,36808,30932,11762
AL-07,AL,7,322103,198415,114732,291362,193443,95753,333149,212885,116367,295901,181520,110573,717754,278409,32168,387622,12099,10130,891,568540,235601,21974,295119,9661,7802,599,83308,98730,113147,89813,82767,84854,90457,49446,27160,41569,73778,6609,153666,32978,57339,9091,103086,18039,19920,14524,14789,16292,16206,14164,14525,13302,10909,12062,19853,26192,31211,13152,23561
AR-01,AR,1,274701,82710,178526,253353,73762,172730,286792,80516,197832,279751,73540,200849,752509,551532,29297,139921,7852,21046,1895,579039,438676,18103,97812,5576,16066,1079,92301,100473,92512,93618,89331,95994,94690,62419,32745,43000,58742,2853,199212,24745,69370,4323,113696,22574,20663,12847,12585,17197,18176,15616,15804,14338,13133,12701,24204,27568,33697,11223,18313
AR-02,AR,2,306119,120843,166843,294794,119695,166735,333041,140254,183964,322108,131691,182666,752710,498838,46673,166319,18424,23460,1008,582706,402756,30008,118487,13270,17665,677,90072,98739,104569,100257,90628,92218,89030,57071,28793,42773,100870,7632,149196,44479,42210,12273,108511,27794,12996,17644,20426,13737,14218,15589,14314,13462,12980,13495,22801,29296,37714,20621,18763
AR-03,AR,3,259373,82476,156678,252852,87172,157289,300274,110479,180794,316568,114236,193730,753219,509829,124073,31858,33269,45272,13592,566367,405651,78667,20163,23673,31822,7661,102363,106675,111125,106066,94786,88901,76137,48435,24031,34391,96020,6247,146488,41390,60754,9224,97527,27756,10626,17522,19539,9812,12340,11826,12249,12650,12399,11542,22409,28900,38988,25028,12925
AR-04,AR,4,290299,94416,182697,265872,84470,175063,298962,92683,198057,280797,81677,193950,753086,503351,56804,157870,9013,25836,1379,584161,406689,35224,115416,6220,19359,876,90401,100580,92590,87083,90726,96699,98068,66409,32134,39350,61805,3234,198979,24140,67321,4002,117090,22246,18007,12204,13080,16778,17047,16797,14674,14532,13514,13672,22377,28629,35178,9186,20773
AZ-01,AZ,1,371758,165645,181468,386991,183759,197016,462714,231828,225000,450734,216232,230237,794611,555355,129929,36781,48562,27711,2877,650548,479118,90167,26116,35636,19976,1850,75822,78769,101392,106026,96040,112349,104517,73186,41165,44803,179237,13277,92387,79087,35106,27271,119434,37252,8008,25044,35489,8437,9392,11835,9977,9550,11497,11594,21424,30219,43246,64841,14078
AZ-02,AZ,2,317058,130295,162484,331400,147209,176795,405642,183709,215674,416477,174969,237306,794612,439262,133934,25186,16397,187042,3240,628519,377323,92007,17206,12333,130920,2134,86071,105212,101064,92140,84255,93231,115134,86833,34153,52589,84598,7045,151873,39518,60771,7430,149291,27187,12442,19443,18341,11944,12868,14349,13147,11214,13417,12326,23636,31818,39760,16703,20494
AZ-03,AZ,3,170143,121424,36498,177299,131484,41808,229528,171012,54815,213222,147522,62762,794612,155477,497430,99476,29025,41416,4031,568035,135143,330596,67446,21438,29136,2605,117304,139149,138132,122080,107443,84915,56556,29377,12746,33069,55943,3153,137361,22818,129789,5114,95793,22470,11341,13984,14594,9286,9444,12729,11125,12264,11959,11272,25016,27838,37012,12761,15157
AZ-04,AZ,4,292378,136013,128842,302289,156461,138427,371378,201148,162949,347506,182893,159723,794611,438281,212504,59600,57732,38613,5715,628965,373705,145556,41594,45759,27295,3757,90077,98572,150857,118233,92894,91576,81661,50078,27687,49852,127485,9397,112468,54880,44097,9444,133086,34627,8453,24650,26290,9606,9562,10961,11274,12335,12719,12953,24790,34549,46369,27551,14894
AZ-05,AZ,5,293915,103832,166365,323023,127801,188978,417448,171318,239637,445025,175673,264571,794612,532842,141062,41770,61660,22476,4918,584092,411245,89803,26563,42047,14972,3028,101578,121097,82942,102048,112889,98239,80981,59780,27637,52782,134291,7988,109011,55009,28365,9647,124282,35602,3925,25734,37412,4597,5702,7089,6569,7621,7225,7439,17487,24310,38819,43151,8405
AZ-06,AZ,6,354405,155070,173737,368058,173479,187398,436083,214892,214586,440175,216024,219323,794611,501707,196567,41106,37198,28394,4976,642434,432642,136923,27963,27698,20616,3508,79766,87565,103375,92910,84411,89402,109008,93131,46766,54341,122720,13459,116809,64933,40452,13889,139223,33431,10153,23019,28845,10940,13228,13436,12353,11975,13699,13296,24883,32641,45687,28995,15098
AZ-07,AZ,7,236125,149723,70427,238567,156296,77138,296842,194849,97589,281685,170352,108028,794611,226110,475267,43752,23815,49322,3173,601175,197763,333554,29754,18143,35015,2162,102705,123682,139171,105752,91519,86371,81864,50455,25325,43500,65081,4925,134002,29881,101440,5217,118611,23148,15887,15373,14118,12546,14371,15343,14698,12858,13918,12990,23623,28773,36541,11171,19418
AZ-08,AZ,8,313776,116708,176019,327767,133741,187841,402270,171106,225569,392023,162183,226186,794610,510902,168012,50344,46829,26290,3572,628985,431740,113766,33748,33420,18558,2272,86188,92814,90802,97604,91980,98435,98373,83549,44652,56438,110125,6547,135644,50626,47453,9638,145614,35308,7286,23105,28026,9759,10461,11808,10634,10889,12068,12835,24374,30879,43366,27695,14019
AZ-09,AZ,9,255099,82457,156561,276953,98509,173679,363389,132281,225867,402472,137012,262106,794612,456611,237548,48379,29914,32296,4710,609223,379415,157245,31786,21156,22742,3165,97539,107789,95251,100891,98430,93541,102977,78972,35430,58492,78967,4002,161825,32565,63959,6247,153493,33328,8655,22449,24402,9512,10962,11302,11503,10367,11233,12459,23494,31876,43801,20023,12909
CA-01,CA,1,321841,170598,126522,316144,176887,131811,369547,212964,147017,341644,186164,144424,760065,462197,198815,20639,40391,46137,5841,605483,390785,138760,15539,29667,33831,4253,84924,94314,103504,96640,90449,94228,101751,68312,31489,53975,96660,5840,123660,35283,66913,12280,137578,28062,11297,21213,27257,9909,10753,11307,11262,10570,9974,10862,20068,25220,35647,30557,14721
CA-02,CA,2,360469,211519,123116,357010,220940,128430,417404,263170,144491,389315,236524,140558,760065,533599,112645,18778,46719,48674,4678,613701,447722,80105,15177,34026,35923,3432,77227,90190,82082,85857,94299,103227,110687,79402,38278,49587,130290,10839,108564,55148,44257,22334,131452,26537,11519,19224,27345,9783,10881,10648,10736,9562,10526,10489,18202,24021,34596,54821,14350
CA-03,CA,3,312846,158917,130674,323310,172191,143603,390775,217623,163088,366634,195637,158302,760067,435208,141407,54225,105091,27167,9177,600433,366223,98814,40084,75189,20435,6573,86087,90448,92989,104039,96692,95053,101259,60851,34026,54536,125518,7454,109122,49682,50589,16192,127769,28845,9290,21376,29819,8789,9524,9609,9418,9001,9554,9232,17426,25184,35430,43665,13484
CA-04,CA,4,294872,167192,107953,296680,172883,117615,361299,214496,138292,343934,191758,141847,760065,384742,236841,28171,89643,32572,6332,591002,322739,162279,18842,68630,23831,4451,87668,102439,112532,97914,86387,91979,89342,58787,31908,47950,99488,9755,108143,40294,67921,13242,118675,28832,8352,20583,29245,6606,7190,7978,8557,7891,7555,8478,16694,23231,35419,40548,12030
CA-05,CA,5,307542,117813,171874,314802,127196,182234,383759,159852,215543,362461,139201,214114,760066,424499,219949,24651,62902,38702,6805,599254,356309,152803,19657,45967,28642,5216,90502,100141,92441,97569,94902,95658,99029,63476,33833,53088,97117,6018,130201,32763,59221,12573,141402,29713,8136,22859,29102,7826,7900,8615,8635,8327,9613,9253,18608,24848,36764,33237,10574
CA-06,CA,6,267285,138060,110749,280074,149823,123928,357325,196529,151560,336344,176808,148595,760067,386058,169635,70555,115196,28618,11389,576315,314273,114231,48424,82961,21275,8149,95029,102450,99496,116392,96530,93108,79136,46814,26446,52586,115633,5749,110701,39580,47900,12714,127608,31879,7773,23807,29651,6701,8247,8225,7686,8117,8121,8324,16950,23985,36555,37019,10057
CA-07,CA,7,292191,164796,109416,302520,173292,123462,375056,220144,146476,346907,190078,145585,760065,305712,176798,82234,177508,26591,15425,586863,257777,121573,59436,131923,19874,11377,85320,105480,97103,106634,95301,98097,88954,54096,29283,51260,119136,7031,107045,40673,58453,15350,125339,28953,9039,22851,30373,7189,6983,7533,7797,7125,7207,8157,15270,23350,34419,41170,11653
CA-08,CA,8,276809,191499,69772,276068,192189,78798,343801,241492,94851,312348,204494,98040,760066,233055,238586,120878,160486,27671,12190,600387,201307,168167,93803,127210,21203,8712,87875,94707,101326,109127,98354,96134,91879,53525,27140,49753,108885,8245,117041,40763,67505,10539,125428,31175,6778,23271,31844,5515,5663,6362,6803,6734,7831,8021,14770,20494,35636,41344,10614
CA-09,CA,9,223768,135705,76029,225806,137572,84253,295299,183175,105771,268485,145369,114692,760065,194161,288030,104430,169287,28985,12567,567270,164929,195496,74526,125001,21038,9017,101932,114637,109794,108166,95565,93350,77737,43632,21793,48708,76526,3218,137518,24102,82232,6013,117432,26932,6519,20454,27687,5819,6874,7036,7322,6502,6857,6298,14307,20226,33071,30262,9013
CA-10,CA,10,332881,215821,96748,336412,220995,108548,413477,282092,122486,377829,246078,119171,760066,374313,151209,42013,182863,18956,7408,588180,310852,105421,29579,132198,14010,5218,85308,100173,78613,95249,107455,109824,86886,59486,33289,43554,166694,14311,76656,76365,36117,22241,95558,25356,5042,22440,37184,4189,4249,5271,4179,5470,4757,5369,9995,14742,25636,91168,8970
CA-11,CA,11,363048,312188,32219,350643,303687,40516,393710,339716,46188,361181,295462,50870,760067,328242,107106,52253,262605,14516,5709,664995,296850,87723,43691,227568,12865,4609,57219,50312,115866,161094,99957,89547,77135,51173,33480,28564,218034,20763,60109,106042,56532,33440,67512,22255,15248,20719,37308,7847,8149,7692,5760,5017,5917,5757,11797,14626,26864,118003,14268
CA-12,CA,12,326129,285851,21158,319532,286768,26646,367980,328667,31678,318372,269134,33869,760065,249406,179534,140008,186168,22904,7953,621080,218543,131521,111824,152734,19039,5745,75531,82165,115495,130886,102413,89585,77116,50745,26425,30617,157030,22080,78163,86143,61945,23754,80755,24425,10976,20148,31643,7524,8328,7214,7692,7336,6389,7704,13882,19817,29754,70393,14908
CA-13,CA,13,172949,99641,63356,171375,99354,68828,223212,128684,89225,207956,101626,100599,760067,158370,492863,38827,66468,38299,6456,535741,130366,323990,25596,47664,27213,4402,119003,130827,113121,105912,89232,82941,61540,34839,18743,30032,39146,1746,134010,10970,142051,2670,89231,19751,9055,13851,12777,8712,9271,9447,10649,9456,7995,8482,17062,21947,30473,13063,11905
CA-14,CA,14,261784,185055,61360,258241,183063,70114,327119,234592,85794,285585,186755,87473,760065,185775,177264,46588,341689,18647,14320,590385,159567,128317,35060,257177,14384,10868,87656,90046,87402,122419,109669,103016,78937,45674,26413,36272,155490,14485,95107,82603,55140,10922,86559,22830,4672,20168,35260,3278,4285,4403,4265,3807,3644,4183,8399,14843,24018,81119,6430
CA-15,CA,15,288196,222846,51514,287232,222303,60282,351206,272983,71576,305556,220581,74238,760066,216763,201867,28846,300594,16686,14175,609967,184078,150342,22421,241550,13137,10719,78166,81421,94407,117897,104231,103633,85924,51842,33736,38810,155622,20096,91134,69895,67232,18761,90343,22610,4609,19718,32789,4013,4777,4537,4678,4721,5333,4779,9694,15302,23779,86838,7123
CA-16,CA,16,323947,241413,63325,320471,238009,76177,378287,284912,85226,340107,245843,82146,760066,322755,151126,22413,254704,15561,5832,600046,271719,108504,16513,194315,12343,4350,82407,100433,87615,101906,104099,103533,85473,50292,34728,30995,151144,35083,60634,110972,44458,25194,67496,20316,5507,17112,31199,4316,4385,4559,4585,4028,4472,4591,8609,14079,21154,109805,6829
CA-17,CA,17,244152,181413,48738,241009,176885,59555,303008,221507,75429,264237,177855,74877,760067,162408,130456,22677,439749,13304,6348,605246,141380,95762,16976,345732,10198,4739,83334,79933,118150,141461,102203,92779,70098,38412,24237,34737,164201,26649,63922,134467,43905,12519,61834,21574,4200,19805,37936,2798,4399,3907,3491,3323,3454,3053,8109,11894,20924,107755,7916
CA-18,CA,18,209851,148302,49331,208317,146323,57991,267322,187853,73682,237448,148784,81233,760066,143922,500484,22198,95404,36070,5377,574921,126709,351386,16613,76233,27770,4019,103667,118665,115329,110936,99191,91405,69506,36771,21422,36054,74132,4301,112550,27210,133957,5579,91777,23496,6195,16490,23783,5110,6081,6110,5771,5974,6216,6776,12794,17335,28457,38145,6252
CA-19,CA,19,343793,228213,92930,344981,232602,105102,412422,283131,119846,376406,246335,116873,760067,366442,187658,26816,165500,23670,6972,609585,315206,133987,19782,127560,18784,5082,75365,97342,99423,94414,96046,100543,96571,62239,32402,49724,143363,14611,79585,70184,45872,16455,107369,25948,4581,21556,34809,4620,5605,6260,5974,6086,7053,6163,11447,17757,29286,72459,8242
CA-20,CA,20,254783,79369,161348,259539,87187,168038,330665,118319,204971,315433,103304,204989,760065,358483,288988,34994,59802,35798,3908,561841,288435,190350,23306,42887,25129,2673,106664,117190,99416,108163,89803,86253,78016,47675,23567,51302,80564,4111,116904,32007,63169,8645,128260,26822,7471,19391,26866,7342,8068,10039,7519,8801,7991,9361,16912,22511,34303,28579,11453
CA-21,CA,21,178879,103959,65153,179323,105267,71096,230879,137371,88586,201804,104262,92148,760067,144585,482325,48172,84378,35041,3190,537056,121795,320267,30925,58264,23342,2141,119826,126415,118202,109873,85456,79377,63824,38265,20870,39299,52111,2237,116188,17820,119910,4656,105931,19881,12619,13584,12554,10365,11385,11952,11124,10582,8862,9706,17832,23019,29665,12517,17121
CA-22,CA,22,148327,85332,54863,142333,82240,57476,189956,108930,76598,171160,81761,84855,760066,107893,563305,44414,45237,34844,2540,539701,91856,376753,33102,32908,21762,1828,127052,136633,127796,112636,93187,77565,58113,29678,15101,28934,34477,1205,129121,9952,156389,2558,87626,18153,12814,11064,10568,9816,10729,12381,10636,9659,11081,9648,17632,22759,25849,7416,12803
CA-23,CA,23,239572,93385,132767,232785,94992,133712,301409,128992,165463,276563,107871,161464,760066,299755,324842,80938,42800,34692,6021,575877,250726,223022,56034,32807,25439,4191,109108,116585,101987,106184,93322,88221,84602,47597,23505,43736,56246,3696,145492,25261,84395,5359,130381,25080,10840,15903,19332,8787,9851,10869,10489,9662,9556,9755,17419,24558,31294,18062,12790
CA-24,CA,24,324394,191795,110312,320590,195655,117989,378599,239698,129955,351365,214059,126370,760065,378230,294734,19323,56034,30452,4067,611943,330713,208050,15747,45092,23321,2917,81688,106648,129570,90499,82915,86880,88787,61330,32946,45438,113416,11528,85289,47072,68249,14615,108291,27305,8112,22417,29187,7646,6729,7384,6781,8788,8466,8538,14848,22293,33491,44384,12160
CA-25,CA,25,217741,122676,85098,214272,121310,89810,283332,162219,115733,270081,139917,124154,760066,217879,464876,38178,35419,33630,3625,579383,192870,325436,27286,26302,22373,2269,93198,107259,100254,98782,85993,85289,87313,64873,36098,39223,69540,3855,138061,28347,107657,7777,114298,24743,10947,17052,17907,11743,12610,11409,11449,10593,10736,10645,17168,22498,32918,21156,14265
CA-26,CA,26,309914,177503,114648,307045,178798,122414,377422,227110,142642,343374,193089,140597,760067,325269,317496,27666,83629,26469,4375,586171,273185,222823,19092,63090,19768,2980,89533,104500,97093,96734,94764,102126,86490,51447,30552,47104,118382,9940,95773,49042,74050,15518,100246,25441,5129,20797,30421,4593,5309,5247,5264,5874,5805,6707,13108,17349,28852,53203,8178
CA-27,CA,27,257839,145107,97256,257974,149226,103511,329919,193710,128922,296071,157992,129114,760067,236158,346015,91928,84756,27070,3850,573673,197152,243035,64943,64206,19575,2739,97700,116447,99112,103720,98191,100686,76307,39401,19852,43962,92138,5066,117614,33856,81434,6970,107989,25620,7441,20398,25437,5896,6044,7186,6109,7399,7569,6639,13495,18998,29365,33389,10687
CA-28,CA,28,288234,184398,87774,289825,186892,97684,368031,240596,120216,326776,199321,116646,760065,200882,210705,39703,309055,18006,3074,617402,173734,158745,30785,252396,14332,2296,73779,86013,88239,101163,103520,107106,92887,57682,39776,43429,149137,14235,99668,65199,69449,21731,88843,27891,8112,20032,31409,6364,7525,6783,7582,6788,7055,6817,13677,21033,30703,51709,11647
CA-29,CA,29,217818,167798,38126,212819,163487,45166,278708,205835,66753,239025,156032,75625,760066,173399,477560,41594,71093,29034,3035,594802,149431,354370,31306,57598,21631,1923,83426,94551,119597,119457,97864,96637,72326,37812,21384,35031,93628,2490,117362,24116,138286,6379,93627,23767,11124,16079,19727,8274,9225,9195,9180,7639,9382,8289,16025,20924,30609,21854,12978
CA-30,CA,30,309258,225759,66999,309244,230255,73616,382071,273452,101697,341501,233206,96623,760066,421462,178511,37865,115816,16574,2955,649328,370538,142712,31706,97701,13788,2280,61821,60704,110390,144505,106453,98149,82242,50171,31251,43808,190321,10397,93612,64738,58992,22240,98296,30883,17324,23831,30778,8777,11997,10338,9712,9609,8318,8749,18332,25442,39855,55091,18340
CA-31,CA,31,256037,157364,83888,253920,156452,92505,330596,203333,120410,291926,159433,123733,760066,142414,429185,35896,156798,27923,3665,599214,125262,318549,26640,127749,21377,2664,80602,100697,110270,100491,97731,100582,85499,47483,27024,42130,98989,4777,127033,35688,89396,6914,108272,24782,5909,20526,26614,5363,5971,5795,6470,6185,7205,6285,13113,19735,30202,30068,7823
CA-32,CA,32,322638,212185,93210,322600,214260,102635,396309,261121,127773,359671,219580,129616,760065,405502,189453,40523,117321,17071,3283,619152,345723,141119,31404,93552,13046,2454,77374,86618,103656,107252,104928,104006,89415,55865,33752,42503,165598,13848,85350,65080,48593,30749,100671,27374,6549,23646,32390,5670,7397,7368,7702,6523,6832,7296,14665,19645,31582,70426,12346
CA-33,CA,33,209314,130175,67605,205722,127720,73974,275681,170325,99061,248383,132778,108364,760067,138544,459436,94798,70671,30747,5113,555062,115624,316848,67659,52444,21173,3258,105254,120278,121996,110235,97766,86928,63302,31788,15699,36610,64930,4209,131458,28531,97363,6003,99790,25078,7623,18517,20957,5573,6889,7941,7410,7352,7186,7242,14743,21754,28771,21580,9073
CA-34,CA,34,198317,166571,20440,197128,165886,27208,253311,205047,42312,214522,156727,48089,760067,82569,497280,43195,142435,30645,3067,610534,75535,376198,34589,124324,26973,1978,80097,88776,132484,135860,102131,90890,72628,38391,25274,28266,103573,4657,111983,31793,167862,8861,82658,21619,18533,14877,17556,11091,11764,12508,11773,10927,10119,10084,19409,23624,32853,19664,19645
CA-35,CA,35,214097,131214,71126,214516,130644,79814,290094,176058,107853,260394,136333,116142,760066,140468,446255,58639,117674,29619,4817,577039,120955,319535,44031,89780,21377,3409,100056,114758,121461,112084,102803,95809,68248,35230,18107,40018,86039,5109,124122,30705,97535,5599,104254,25248,5376,18539,25284,5606,6133,6498,6770,5849,6440,7454,14098,21549,30629,27498,8325
CA-36,CA,36,358360,248098,88950,354858,249663,98302,421859,299632,113497,385607,261900,111111,760066,420849,126932,39243,161956,14593,4551,634602,365202,98080,30729,130379,11578,3485,72885,81060,99413,116848,99576,98522,83857,53071,35531,32644,205874,19859,53471,91705,25782,36674,75676,28258,6995,24511,38522,6262,7574,7045,6302,6828,5518,6046,14120,19609,31405,91843,15315
CA-37,CA,37,231849,204880,16919,225636,198574,23557,279706,239694,34727,235123,184949,42949,760066,99490,409691,193744,60398,27007,2855,592275,86465,298131,156977,50445,22198,1895,86239,102108,132477,120469,98338,88706,70216,34806,22607,29400,86378,6611,100441,35473,147141,10219,87622,21921,13656,14736,20305,10412,10423,11661,10644,9083,10163,8458,16268,20919,28478,25856,19523
CA-38,CA,38,239041,154188,72172,236170,149694,82082,305247,192239,106965,261693,142692,110315,760067,101616,450094,16889,196613,26207,3134,592018,86641,335136,10119,159257,19535,1968,83133,99774,104321,97187,100358,102411,83912,50907,29527,36501,95716,5166,123944,32382,123905,7935,93390,22582,7260,17508,22828,5734,6922,7237,7632,6639,6496,7474,14488,18525,26803,31057,8921
CA-39,CA,39,206876,126878,67779,201903,124249,73627,266320,164929,95580,235122,125176,102730,760067,148509,473263,81601,57765,31797,5566,560865,125727,328326,58340,44170,21740,3761,100369,124197,130879,110030,95468,87092,64102,34188,15814,35864,55424,4728,140135,22377,103713,4677,103045,24976,5161,16779,21387,4586,5811,6253,6325,6153,6857,6802,14395,19460,29641,19397,7956
CA-40,CA,40,301368,121928,163266,308060,130119,172481,397465,179744,210083,381054,161580,208158,760066,359388,243980,44617,103710,23671,6624,581307,294097,168281,31406,77859,16712,4492,97089,108691,92744,97476,102465,108409,83164,49361,25624,48169,119186,7210,107996,47238,46764,11561,126035,27673,3814,23729,32377,4142,4383,4879,4873,4999,4981,4838,12134,17083,28526,56206,7221
CA-41,CA,41,277244,170270,90662,273131,168119,99391,348655,215396,125512,310791,172644,128621,760065,163158,461976,41025,95336,30513,5538,590880,141516,341426,29082,74938,22929,3910,90601,100833,106631,107029,100509,97976,81156,44024,28504,44432,95835,4495,127926,36446,84245,7590,113829,25863,5852,19818,28619,5392,6272,6789,5948,6161,7244,6618,14660,19966,32404,32855,8129
CA-42,CA,42,313401,173517,119343,316371,180959,128471,388327,227988,151313,349656,192310,146354,760067,343883,240878,55354,111032,22928,7077,620533,301502,176811,42725,89548,18347,5402,71173,86080,113879,114978,97857,102398,85610,52521,30373,41485,151989,9576,84474,59142,67293,17853,116542,32666,8576,25261,32734,6892,8163,8472,8426,7217,9200,7728,16756,22703,37134,56310,12541
CA-43,CA,43,220096,185173,25041,211941,176300,32003,270712,218705,46038,223391,162810,53414,760067,52450,433512,201912,75741,27444,5906,569643,45349,307997,155908,60171,19946,4233,100331,106043,113001,108846,98346,93247,71160,35770,20461,32431,73391,2429,119225,23371,134817,3820,98966,23826,10145,16767,17634,7314,8815,8977,8858,8713,8303,8815,16103,22488,29975,18403,14187
CA-44,CA,44,210652,167919,32208,200517,157022,39667,261940,197434,58412,219761,145044,67751,760067,60389,535795,86054,81117,31427,8851,577278,54019,391215,63997,65567,23573,6538,94552,111242,116503,109691,101425,92086,74058,39448,20256,30946,64968,2279,125089,18233,155549,3396,96605,22365,8287,14945,18063,6999,8219,8675,7833,8497,8953,7969,15982,21671,28674,17079,9805
CA-45,CA,45,254163,147086,93147,257454,142659,110054,336493,182099,148046,300328,151753,139878,760066,151712,263412,26743,316279,19358,6717,603306,132700,190963,19128,255728,14321,5065,79338,97635,104090,95938,97655,101991,86605,49284,32413,41839,119235,6097,109184,37761,91939,9984,101464,24532,5752,20700,27748,4912,6229,6235,6255,5790,6194,6820,12901,17631,27903,34934,10420
CA-46,CA,46,203064,130126,60820,200578,127295,69223,260764,164307,90684,227530,128596,91799,760066,132689,486278,23761,119649,31768,5503,579828,116973,346791,15716,96490,24915,3751,93938,109392,126381,116336,96307,94051,67811,34789,21878,31035,82011,3743,118782,25523,132226,6235,96826,23768,6983,17753,22980,5139,6210,6228,7031,6260,6476,6487,13439,19490,29645,24923,9351
CA-47,CA,47,295756,155989,122746,308515,167805,134821,383910,219008,157105,357754,190234,154166,760065,353573,137878,21860,238792,13660,4246,607214,299582,101553,16291,182129,10102,2966,82747,94409,100464,105260,99260,103492,81364,55067,29840,39331,183029,17194,57655,88601,26984,25561,86272,29035,6418,23801,37661,4966,5983,5499,6254,5739,5094,5723,11452,18010,26630,77271,14016
CA-48,CA,48,261942,122931,123869,267893,133722,128944,341175,179202,154412,328054,165384,154132,760066,325779,304909,44321,74155,31929,7238,580265,274728,208488,30504,54558,23016,5084,96235,102431,94324,105595,95330,93359,83895,55252,31698,46280,99969,6258,113870,40104,71589,9619,125871,27060,6850,20580,27265,7304,8622,8950,7475,7213,8089,8398,16206,22860,32189,34704,12643
CA-49,CA,49,322115,166708,136094,334172,179136,148315,406458,229526,167891,388330,211925,164898,760067,434796,164145,26638,121957,18805,7387,591574,356610,116236,19096,88280,13692,5173,90812,104284,96049,95781,98165,98919,82302,51014,26407,36977,154628,19992,62295,73896,34648,22522,92102,25092,4456,20221,34080,4120,5327,6081,5939,5428,5590,5672,11534,16399,25001,75272,8101
CA-50,CA,50,327981,177367,129599,330968,186481,137181,404074,239765,154464,371751,214074,146224,760066,417088,140896,32977,154045,18609,6928,627559,360378,104836,25286,123448,13949,5200,75868,77184,126234,122745,91279,90556,81408,55112,29385,42351,168703,20227,71331,80008,35008,22023,99901,30994,6412,26491,38194,5861,6270,6973,6143,5620,6972,6554,14101,21305,32354,63389,12027
CA-51,CA,51,318830,180744,118963,316762,186930,123290,388146,233972,145350,355638,205084,140213,760067,385587,205434,68684,88812,24538,8772,608756,328618,148586,50274,70206,18237,6371,85410,85798,123698,128795,95005,88975,84769,48298,26346,50392,132386,10265,103826,53732,46324,14083,129206,33422,7421,25636,31226,8123,8982,8571,7930,7600,8794,8581,17676,26153,38994,39649,10436
CA-52,CA,52,244110,166832,64326,234203,156252,73531,306819,201155,99185,272681,156736,108793,760066,117198,459616,68467,122027,29206,8184,580170,101922,333445,50356,95145,19792,5903,94348,110810,118861,116323,100150,92465,74991,39787,24154,44586,83372,3162,126960,27137,102854,6183,114356,24145,8607,19087,23428,6990,7719,7768,8514,8374,6983,6736,15747,20567,30697,23146,9711
CO-01,CO,1,334973,246634,63455,346104,264460,69088,397329,315919,72380,366354,280662,75479,721714,392965,200616,77809,39732,25596,2965,586410,344786,143369,56656,30722,19566,2094,75188,73138,128591,149361,97288,74789,62000,37169,19610,28023,173924,11327,80579,75252,49494,23851,81690,32291,11364,24943,34856,8823,9426,9663,9608,9136,10298,10864,20508,28616,40754,49799,15220
CO-02,CO,2,399225,242986,121475,401204,260801,123406,446101,306343,128381,431937,295692,123973,721720,549122,102698,13401,36784,18133,2015,585162,460289,71618,9482,27833,13527,1473,65523,96148,126223,98485,89892,88342,83516,47961,21225,35850,160440,19377,66942,82829,20791,17506,80579,30000,7273,24080,32603,7211,7986,7849,8009,7632,8562,8953,17163,23696,34852,50784,13822
CO-03,CO,3,357266,139358,189660,358925,155496,188935,412129,184177,218192,406766,178501,218065,721730,481577,185799,13113,11622,37956,2216,568559,398631,129506,8454,8141,27593,1465,78996,91801,86199,92924,85586,89292,104177,62655,31427,47343,105019,6120,141665,40211,42810,9535,116653,28089,12247,19297,19566,12965,12269,12997,12349,11707,11820,11488,23135,30560,38880,20712,14906
CO-04,CO,4,365046,117337,217525,379329,136284,228600,442213,174566,256598,461578,182901,267114,721794,546832,98457,20558,36567,20619,2458,543496,426412,64267,13378,24379,14500,1569,88798,104319,81700,97202,105421,99249,82212,46858,22722,44956,149117,7064,96386,62050,24124,10467,100856,30945,5075,26244,36942,5261,5916,6175,6446,6805,6675,6577,13407,20259,34293,51440,7993
CO-05,CO,5,314303,107229,175679,318474,123774,178557,373442,160890,198634,375473,165522,199615,721714,473462,129138,63028,39114,27477,6690,551904,381336,85324,42273,27175,19232,4209,92964,97511,118750,107009,87014,84516,72851,41481,20425,52346,116213,7824,93012,57712,24587,8895,112593,30408,6652,22744,27907,6928,7329,8933,8434,9265,9412,8530,19241,28621,38712,30206,10037
CO-06,CO,6,332723,173994,130081,336713,189090,133988,383801,232523,141218,360369,210533,139305,721681,402940,159402,91318,56338,23163,3890,553634,331034,107508,63003,40606,16756,2651,88255,93226,98737,109620,99845,87322,77877,44617,21219,41370,135887,8607,97893,60249,42146,12689,96617,31817,6591,22943,30857,5314,6821,7018,7194,8022,8335,9232,18706,25852,36559,41355,9450
CO-07,CO,7,394772,185568,173918,404677,209427,177373,459883,256137,190958,445768,249924,183164,721697,540488,109182,16964,32417,24720,2020,584413,452432,77677,11945,23725,18627,1353,70037,77868,90873,111045,92844,97392,94445,57650,27421,43122,155631,11498,109464,68689,27420,12444,103583,33430,6666,26199,36210,5911,8062,7688,7762,8405,8779,8201,18580,26108,38163,46732,9353
CO-08,CO,8,281939,125764,130691,289321,139717,135972,342082,173797,158246,344500,164426,170726,721664,373277,278098,21988,33210,30123,2460,535998,300744,184927,13910,23257,21423,1536,96206,107600,103173,114922,95565,82993,67692,36304,17534,41713,87387,4417,128267,34801,65712,4657,102485,29391,6091,25270,27016,6222,6161,7135,7614,8509,7657,8590,17565,23641,37967,25133,8324
CT-01,CT,1,327259,194466,118324,303714,184571,111239,359968,227813,126734,343970,208405,129726,721189,411361,128216,133181,49243,11724,1192,575609,350479,89239,97385,35899,8694,837,76220,90034,95943,97933,87918,100058,86597,51120,32885,42939,110025,7174,134925,64122,47618,13632,86799,30464,11580,22907,32637,8507,9013,8814,9726,8020,8326,9885,18551,24003,37855,37259,14731
CT-02,CT,2,353384,172514,160603,331464,173759,147672,391663,214323,169390,388589,205994,175984,721188,562700,67036,42913,33870,16555,1623,585785,471982,45353,30179,25661,12088,1084,68116,93121,94009,87375,81177,107074,100787,59942,31854,45786,110340,8600,140696,64844,32841,12305,94537,32781,7920,24195,32841,7471,7768,8992,8034,7382,8517,8756,15997,24969,36949,42917,10440
CT-03,CT,3,326342,179608,134228,303936,176653,121436,359611,212970,142041,342043,191715,143619,721189,437845,121255,119756,40442,11549,1084,583771,377621,83523,87230,31046,8569,793,69839,93127,100500,94841,84088,101367,92738,55805,31893,36425,104020,12795,146889,66599,42231,16989,83128,28638,10201,23971,31259,8402,9623,8358,9156,9253,9207,8291,16647,24540,35557,39708,13183
CT-04,CT,4,316448,190493,113120,295474,179296,111367,355029,230421,119649,338461,206080,127034,721189,410531,155911,100488,48354,9497,954,555195,330507,110251,74375,34170,6812,728,83238,100604,85086,87274,95829,108171,84785,47743,29266,28220,141546,9897,94110,86326,46444,24077,63316,22736,8329,16164,27881,6710,6841,6921,6071,7313,6833,6094,12516,18043,25244,75395,10497
CT-05,CT,5,321222,160336,146834,298786,155803,136206,357356,195183,156794,345708,179741,160435,721189,456795,150875,71078,33784,11585,1118,568867,383204,102329,50031,23948,8534,852,81955,92882,89414,85669,91820,101589,91660,54960,33011,38797,107986,7955,134168,59312,50942,14682,86753,26722,10052,21939,28240,8756,10995,9416,8541,9533,8575,9746,17696,22584,33251,44150,11822
DE-01,DE,1,441052,235154,185062,440514,258570,172762,504010,296268,200603,510775,288933,214262,989948,579851,104290,244944,50969,21392,1547,783543,489226,67906,178357,37878,15627,1057,109968,123481,122674,124265,114864,131642,137636,87953,41152,58540,139213,13931,208129,75033,61344,13180,130994,40249,12173,30916,39006,10775,12267,13820,13903,14294,13700,13210,27203,36164,54374,40197,16749
FL-01,FL,1,367242,103970,243249,345089,103225,232937,423264,139203,275564,422612,130047,286312,769221,533911,59438,116673,35309,25419,3524,605557,436951,40502,81991,25681,19277,2297,91433,94930,107849,104054,90327,100427,94251,60472,28771,62871,103373,6296,142124,44664,42661,8493,123684,31346,10597,21754,22962,9405,10265,11506,12471,12473,11778,11916,23247,31413,41495,24888,12675
FL-02,FL,2,381032,159976,204914,354039,154816,192332,411700,180593,225707,413134,166349,241011,769221,486775,54315,188670,23108,18717,1746,619356,405585,39777,143006,17234,14504,1142,78945,99582,124947,98296,93070,95102,96402,59994,29244,47759,92820,9061,154072,42344,60257,11200,107602,25534,13193,17394,17212,14157,14311,14027,13365,13165,12395,14879,24922,29088,39459,19344,19694
FL-03,FL,3,348275,141371,192669,331360,139136,185885,393522,166674,222024,400758,155705,239803,769221,500368,89389,135375,30817,15704,1358,624295,422810,66407,99159,24257,12159,994,77253,95641,120814,93681,82558,90412,99583,72372,38114,52504,82940,11295,167889,39594,58184,11861,102781,23686,15122,15614,17221,13267,14740,15746,13131,14031,13910,14261,23696,28432,34234,16777,21414
FL-04,FL,4,347759,149004,185561,333211,146202,180785,400821,184068,210863,398747,173074,220114,769221,400933,67385,262951,28670,16913,2425,590934,326940,46192,187108,21169,12759,1609,98240,99746,98039,106847,94455,105752,92539,53945,25133,55053,89494,4277,165840,32790,55942,6668,122544,29005,12588,20393,21239,10133,11773,13574,11891,12131,12230,11740,23118,29656,39790,18695,17043
FL-05,FL,5,358884,131386,209914,349884,131968,210584,427864,176973,244305,439074,169106,262791,769221,497450,92795,107690,59075,14862,2346,606741,409497,65881,77684,42703,11078,1659,88042,95498,103954,110172,98396,98210,89683,58117,28553,50083,150935,8233,120169,60537,32059,15183,99749,31960,6639,21730,29842,7617,9402,9382,10401,9360,10950,12664,21415,29608,40069,38943,12066
FL-06,FL,6,365067,133086,218572,350988,130987,213132,427616,161022,262093,442572,152600,285318,769221,548571,88354,99968,16943,16642,1396,634516,474364,62028,71174,13068,13076,1020,75037,81017,82583,82605,81271,104673,120183,100166,51085,62675,87811,5266,193408,36130,60070,8382,126901,29166,13235,16724,18501,14505,15216,15832,15635,16333,15066,13612,26298,35499,41464,17656,18168
FL-07,FL,7,374512,163729,192372,357166,160612,188548,433846,202046,226041,428617,184389,237638,769221,472857,159630,90635,39599,16007,1707,616306,398072,116922,64914,29100,12048,1210,78277,89121,94641,103303,97767,103563,102557,67187,35280,68143,129412,7406,141585,48810,37726,11573,115175,31642,8292,24187,24588,9249,10621,12111,12465,11421,12190,11451,23767,31562,44723,27549,11901
FL-08,FL,8,383313,156158,206745,365714,154669,201820,434539,190788,237424,432353,177979,247784,769220,503429,121318,94859,37639,16910,2165,627948,430100,89424,68316,28576,13039,1577,71843,96609,99737,86513,88867,107298,107093,72298,40831,65336,116939,7454,139589,56962,41336,8339,112960,30402,8808,22722,24205,10148,11525,11323,11217,11113,10690,12056,22046,29608,40646,25841,12100
FL-09,FL,9,305876,144139,150585,293461,134943,153044,373055,171889,197172,375543,152205,218724,769221,349169,301573,90743,28530,14662,1835,606265,298048,220605,64670,21337,11181,1278,84099,91671,88615,99821,99067,95361,93676,71238,42921,57355,99326,5226,159009,38811,64851,10291,112052,23919,10854,16451,18065,10283,13389,11728,11620,12282,12024,11442,20951,30009,36263,18330,12390
FL-10,FL,10,299763,193520,91818,280370,181296,92984,335396,220525,110247,299915,183316,111659,769221,251279,244082,232426,40282,13913,2297,605765,217040,184224,168631,31986,10879,1717,91815,95668,134094,129571,102594,96320,76399,44249,24326,60874,115677,6342,145108,45395,68323,12401,93826,27209,11279,16029,16459,10372,11980,13541,13035,12354,12881,12013,23481,29296,37633,22063,17060
FL-11,FL,11,337842,142011,183528,336387,141755,188683,423819,189517,230117,450673,187138,257579,769221,447500,168639,91751,44077,13648,1936,622027,384561,123284,66937,32919,10602,1408,74239,82205,78056,89986,95127,92496,102473,93848,44321,61423,127157,6550,141016,53552,47514,12030,110254,31891,6402,20991,24972,7962,9050,10800,11398,10512,10840,11619,22894,27663,41617,28417,9476
FL-12,FL,12,337176,153722,168020,321516,148216,165816,398692,185004,208306,384441,159992,218925,769221,429649,203894,92266,38977,15264,1609,611856,360307,151776,65458,28518,11613,1118,86586,92750,94959,107751,99497,105424,97488,64361,32752,54211,117013,6958,161946,46013,57312,11430,101992,28050,13707,18665,23724,11356,13093,13488,13791,11774,12378,12480,23591,28852,37939,27002,16282
FL-13,FL,13,389140,166993,202454,367038,163048,194847,438499,199274,233340,409293,174633,228934,769221,567259,91148,59474,36497,15175,1646,643737,494870,66182,41381,28007,11992,1154,65913,72837,83506,92301,90488,112808,115047,84050,52056,59808,125595,7289,166067,48413,47582,13868,124967,30847,12625,19306,24178,12450,14637,13895,13608,14107,14155,14910,27576,31691,41768,27901,18303
FL-14,FL,14,324372,145385,162884,314256,143520,163689,395901,189458,200699,389451,171478,212233,769221,396612,218043,114827,37890,16278,1896,595835,328718,155046,79813,27812,12361,1345,89462,98835,95085,112812,106033,101880,80272,56869,27312,52012,124302,6788,140741,50156,52534,13924,98431,32223,7531,21702,26274,7772,9169,9231,10661,11398,10417,11370,20089,28852,39275,33286,12912
FL-15,FL,15,334307,143745,176208,319530,141103,170736,394126,173755,215554,400234,157393,236555,769221,463357,128095,130612,39170,15842,1680,619782,396132,92649,93253,29211,11997,1120,80286,94667,101775,95697,87940,96049,102658,82290,43008,57110,91946,6189,173892,40198,60106,8758,117866,25205,12798,16446,18634,13182,14306,15286,14630,14642,13109,14488,26552,31004,41357,17304,18871
FL-16,FL,16,362284,163344,183465,352529,162055,183154,427170,199416,222824,433163,184339,243417,769221,511146,119152,104272,22520,13295,1299,635485,449118,82021,76140,17148,10299,915,68188,77723,81908,83759,84590,107241,120089,97337,50530,53440,121183,8602,169440,52277,54515,13235,113103,29238,10737,21642,25097,11306,12570,12945,12878,13201,13214,12774,23510,31006,40733,29606,14979
FL-17,FL,17,374268,152684,207803,363996,150878,206287,443876,189104,250655,453507,174415,274186,769221,570932,102054,64658,17911,12830,1014,655953,512425,72168,45497,13689,9976,726,59823,71266,70177,73049,73617,99077,133785,126127,74453,57510,114729,8707,182064,56185,52479,15605,128386,33104,10653,22037,22000,12888,14166,14109,13884,13807,12975,15096,27377,36066,47556,30414,16088
FL-18,FL,18,303199,131343,159066,288798,125538,156995,365753,162062,199004,372105,152345,215216,769221,399988,213188,131391,20396,17107,1559,599646,337325,149406,91785,15301,12869,1149,92265,103448,102126,102348,94400,93963,90799,70399,34284,53207,80897,4438,179020,30268,67463,5538,117704,24555,9458,16125,15818,10463,12204,12857,13807,11562,12452,13505,23452,32294,39676,14951,14387
FL-19,FL,19,361337,132367,217409,349618,124824,219396,427434,165037,259154,424197,145965,273568,769221,526231,168259,47721,17910,10458,1005,645329,468522,122093,32734,13636,8023,729,64800,74667,72650,76047,77298,100189,123637,119900,67839,56383,128649,9961,168533,56380,47807,17458,116678,33299,9080,22554,24890,9557,10347,12490,11599,12375,11961,10860,25816,32381,44031,38713,14809
FL-20,FL,20,318861,237566,73584,298781,224994,70192,359683,265212,91710,325400,221083,100489,769221,205964,182345,349565,28290,8786,1511,613033,184626,142604,257938,22585,6963,1191,87521,87319,99383,108656,96271,99182,95159,59668,35402,54720,100155,5031,161648,39777,71809,8646,108359,27795,14562,16762,18499,13469,14083,14870,13716,12819,13400,14161,24602,31510,38674,15730,16981
FL-21,FL,21,374757,162763,199110,362802,163711,193731,441689,199523,238441,451872,186840,259933,769221,486490,134189,115167,23754,12877,1401,627454,423674,94549,82252,17796,9654,1042,72206,84995,78487,83848,86256,108648,111154,93227,54934,58671,126904,8314,147321,50487,51384,16835,119678,30732,8239,23601,25021,9313,10358,12074,10799,11130,10341,11380,21943,30307,40867,36873,13827
FL-22,FL,22,324737,168161,146477,310603,159139,146983,388260,198114,186929,388170,171280,211914,769221,350497,254822,113224,40342,10507,1290,595366,291480,184519,80805,29309,7735,948,86928,113864,85549,91326,105761,111739,88300,60938,32622,50929,124819,8888,125945,58701,56774,18879,87713,28477,6687,20934,29262,6379,7733,7435,9117,7907,8419,7803,16670,22721,33607,43764,9918
FL-23,FL,23,311337,198452,104281,298464,190386,104012,360417,226632,130749,339960,191314,144504,769221,326237,219030,199453,23725,14114,1330,620743,295326,160750,143614,18423,10165,1046,77033,79707,93415,100088,89907,95574,95837,82346,59150,53593,110536,6755,152930,45534,82769,14879,104297,29084,10910,18624,18726,11950,13970,13757,14053,11875,13499,12623,23899,29287,39731,25831,16837
FL-24,FL,24,283529,237143,40004,261333,215283,42896,316184,246096,67594,278540,191452,83867,769221,83808,309212,380203,16125,8601,1084,605907,70260,247952,289130,12951,6725,894,97928,94283,110813,119338,103869,100556,86544,51402,28978,50692,76821,3962,183939,29887,103918,10640,90288,20492,15864,12553,12710,12555,15760,14261,14174,14314,11175,13030,21680,27958,36126,11541,19815
FL-25,FL,25,346258,188436,148040,327011,175306,147140,400621,209005,188734,379038,169978,204494,769221,440052,220469,62078,26106,7982,1085,648772,382680,179993,48108,20789,6342,814,68416,69576,77535,88993,96912,108144,103919,84309,55228,50245,162404,11871,113233,70524,40629,31844,96800,29369,13132,20341,27224,12030,12585,13432,13602,12235,11938,12026,23722,29897,38959,50733,20727
FL-26,FL,26,290150,169889,112089,268008,143498,120900,345108,169398,173413,327045,131900,191796,769221,101954,560623,85412,31589,6097,808,615491,77152,457140,65611,23908,4673,606,77318,92286,90489,98767,116012,116274,81563,51768,36224,56647,111750,5379,147751,42925,83112,16457,78015,26163,11489,17356,23208,8847,9378,10284,9651,8754,9104,9886,19210,24117,34903,23535,15064
FL-27,FL,27,307874,175715,121689,288359,150812,133328,358962,177712,178550,338423,142685,191851,769221,131486,566995,55487,20496,6829,717,636033,106773,472417,44889,16686,5465,581,74997,78404,94588,109664,104554,109030,84422,56229,42580,48572,136044,10663,125337,57289,80017,26637,73888,24647,16044,17624,22942,11821,11161,10813,10695,10505,9451,9676,19450,23713,32624,42506,15718
FL-28,FL,28,284266,158917,115376,264414,134417,125819,343052,158945,181518,336629,124038,209511,769221,116599,558804,86401,17258,9046,785,609100,93344,446174,62909,13562,6966,584,85248,99479,94099,100473,105386,112936,80162,55347,30279,55204,104609,5125,147183,33966,91739,11277,81987,25519,9506,17914,22242,8447,9921,9141,9699,8804,8846,8077,17418,23824,34041,19598,13202
GA-01,GA,1,274027,110607,155973,284485,116585,163321,338540,144348,189659,363903,152157,209766,765137,440636,59328,230783,23547,15972,2682,589266,355947,39938,166025,17615,11791,1718,98292,101678,112498,106117,91755,93427,84846,54811,25241,44353,86122,5907,156198,38652,55137,10268,117296,26386,12046,19401,19620,11489,13014,14754,11467,12541,10971,11750,23476,28649,38718,18141,17051
GA-02,GA,2,280721,150531,124987,280872,150513,127414,317651,173868,140913,316657,169767,145620,765137,305611,45499,393195,15236,12189,1946,587555,251047,30074,289612,11125,9075,1286,95316,106271,107553,99766,88097,91307,88830,52525,28099,46331,61657,5194,163988,29961,76741,7491,109591,22034,20110,13749,12638,15467,16798,14550,15217,13311,11624,12881,20962,27310,31995,10680,26028
GA-03,GA,3,317474,97676,210579,329845,105815,218414,385087,132203,248167,418466,145846,270151,765136,492494,48285,188947,21220,16477,1082,586319,391849,31274,136708,14933,12255,694,91110,109919,97057,92690,97988,106134,90079,56132,26040,45117,89120,6350,162271,38445,56729,10099,107957,28660,9970,20360,23668,10735,10623,9443,9959,10156,10367,9515,19668,27138,39935,26506,13824
GA-04,GA,4,264373,201353,55295,277162,212089,60377,317434,248553,65339,309227,234107,71829,765137,150803,147267,387919,80931,15332,1192,582946,126798,99121,294887,62023,11085,846,98213,103748,110586,116105,102255,95153,75019,40235,18183,46117,120224,8861,116068,54919,60488,12081,89199,24205,8352,16268,20527,9437,10577,12650,13079,12748,11633,12399,22027,27818,36288,26046,13433
GA-05,GA,5,292351,245682,36974,306361,257005,43845,347624,298153,45247,352020,300220,48212,765137,237353,75635,403564,47347,12196,1048,613735,206531,52720,313396,38832,9366,827,89597,90385,142420,130615,95373,87319,68153,36570,17201,33674,134979,14527,108642,72727,47739,22810,78065,28093,15298,19766,24571,12524,12464,12393,13024,10779,11922,11670,20649,27106,37022,40667,22913
GA-06,GA,6,299005,208026,81373,317075,224991,86624,367502,272522,90694,375844,280228,92564,765136,227858,94388,409519,32152,12827,1129,593690,194739,63188,307240,25562,9671,779,96141,96213,119643,122723,105375,94646,71394,40734,19341,40606,148816,9032,106553,67555,40486,17883,91176,30431,8181,23522,27842,7960,9089,9597,10191,10824,9825,11490,23420,29551,44307,42837,13473
GA-07,GA,7,317129,103939,199602,340275,119111,213163,407587,161754,239986,432225,166107,261295,765137,487523,78323,71376,112943,14371,1045,579339,386820,52419,51721,76658,10367,730,92159,114085,77659,98308,119596,115978,82067,47047,21903,32620,180807,11093,75540,89727,32396,16593,83339,27420,3940,24538,37663,4586,6179,5458,5467,5772,7195,6854,13923,19790,33325,69873,7352
GA-08,GA,8,279771,93873,179794,287451,96999,187009,330378,117855,209131,345695,119189,225077,765136,443123,54850,241628,16478,12877,1268,585857,354572,35732,175967,11877,9554,841,96623,107884,108162,98037,94047,95639,88254,53367,25172,48651,65284,5672,172743,32928,68998,9730,102264,25192,14341,15166,17184,14434,13570,13664,14044,11096,11043,9818,20760,27026,35027,14688,21707
GA-09,GA,9,283542,79279,194713,302757,91335,205399,365652,121435,239400,401625,130883,267731,765135,466010,123476,105451,58278,18450,1056,582752,375905,79950,73716,42974,13488,690,93463,113232,94711,93057,103787,105017,87435,59727,23121,42102,103343,6890,144974,41714,70461,10652,97501,27836,8282,21500,23276,8707,8752,10217,9502,8888,9724,9631,19352,25641,35902,27514,10924
GA-10,GA,10,301949,105431,187360,319848,116456,197954,376507,145845,225968,413992,162653,248788,765137,478059,58198,193877,22496,15079,1137,590322,385356,38081,139872,16437,11395,724,88668,111969,114058,93247,99092,100009,82914,53589,22690,41312,84200,9394,153335,39392,58504,9589,105389,27159,10250,20245,22571,9803,10681,11101,11103,10783,11083,11079,20017,27080,38941,20682,14638
GA-11,GA,11,316537,101813,200830,331998,114355,209251,390391,149122,234735,420715,159375,257408,765135,510228,92947,103505,39460,18779,1026,589100,408681,61477,75588,27956,13911,728,89992,107847,97898,103316,103924,102107,87292,52604,22043,38123,138730,7453,119163,53736,46483,11928,102844,31971,6928,23583,30653,6850,8047,8584,8523,8575,8908,8884,16811,25053,35415,40924,11109
GA-12,GA,12,287771,121481,159486,295121,124970,166138,340904,151132,185716,348841,148916,198212,765136,398843,43065,294961,20401,13325,2033,588119,321394,28628,215958,15023,9842,1312,92477,110207,110495,99617,93143,91759,87125,53022,26765,46925,70253,6575,168722,31379,67270,9494,103161,24299,15540,14340,16049,14143,14336,13772,11888,11350,10749,11064,19726,26322,31648,15192,18387
GA-13,GA,13,290158,183801,98554,306928,204672,97297,356715,248790,104145,364772,257798,103643,765136,188099,110825,407986,59021,14673,1321,572137,159219,72417,294376,44296,10588,896,99919,120015,98215,102872,104139,106738,79338,43825,18666,48233,97378,6542,138274,42654,55276,8174,106676,28416,5617,21826,23053,6640,7239,10065,9706,9082,9214,10024,20266,28215,40186,18881,9643
GA-14,GA,14,287565,74471,203584,297336,83412,208010,356510,108927,242737,386084,120771,262821,765136,535516,91371,105435,16134,21494,1055,579137,423475,57899,72920,11273,15497,657,93186,112014,94982,94152,104272,104974,86196,50921,23577,40475,83676,5190,156825,35515,71931,8342,109881,27982,9582,20959,21254,9706,10614,10110,11325,11611,11285,9925,21302,25105,38659,21463,10710
HI-01,HI,1,208431,131565,63534,208445,138600,63745,279671,178661,96350,248838,153038,91497,726395,107302,56401,26105,495204,16141,153851,585659,94213,38697,18240,398963,10962,104993,78728,77303,98321,103704,89562,89927,85412,57975,42253,59273,126695,8712,124231,47969,41195,14510,98879,27877,5948,22228,30841,4933,6450,5543,6174,6590,7073,7395,13602,20472,32257,42362,9964
HI-02,HI,2,220506,135326,65313,222658,145579,68446,294798,187469,100514,267863,160006,102164,728876,207063,82522,20678,328939,25387,240251,570246,181411,54410,13744,247592,17167,159458,90807,89344,92061,96280,85223,86202,95813,62219,29455,53787,100548,7505,148596,38015,33398,11029,108187,25999,6655,20143,25916,5491,6809,6419,6938,6479,6880,6763,14101,19967,30536,34519,10582
IA-01,IA,1,396628,177850,189883,382321,178512,191297,428058,203400,215742,424688,190502,226309,797584,665052,44931,48473,22864,13767,1222,618402,530702,28937,29258,16682,9848,807,94012,107531,111486,100203,92462,97903,99004,60585,34342,62023,106763,9597,162653,41471,32890,10435,108552,35028,12502,23823,24694,11269,11983,13062,13007,12917,12299,13015,25742,31610,43230,22812,15228
IA-02,IA,2,408684,180282,198955,394061,178432,202647,434421,203246,222312,421282,186017,227941,797589,685368,29975,49037,16298,13119,3145,617226,545476,18656,29445,11217,9006,1906,95007,105980,104924,96755,88460,99372,103144,62974,39284,70058,103893,5044,175210,35190,32759,8281,107658,34973,11936,23486,23182,12088,13089,12416,13557,13572,12882,13663,25418,33798,48678,21875,12637
IA-03,IA,3,370226,165874,177109,372640,175108,185603,421197,205591,207043,424026,199043,217645,797551,628821,64482,51400,37396,13449,1955,600958,493314,39637,30959,25010,9498,1151,106250,108012,104118,113686,99654,97220,88374,52239,29528,56804,129728,6567,146538,42843,39029,10640,103859,34684,10532,24424,29379,10222,10468,10917,11820,12170,12210,13080,23509,31986,45770,29157,11828
IA-04,IA,4,390493,129663,235036,371066,129698,229788,407195,146824,252575,393510,131716,255124,797645,658960,76598,24078,20303,15623,3751,613517,524277,46874,14474,15041,10365,2764,97195,112018,110929,92791,86194,94941,101326,60456,40477,66296,92996,6421,168391,28785,43967,6675,109186,35359,11884,22813,21263,14080,12852,12307,13663,11704,12387,13125,25027,34050,46239,17908,13851
ID-01,ID,1,344543,86263,221000,361173,104984,242354,447601,132143,302954,482396,126546,343895,919553,735930,108783,11407,21566,35261,4623,692128,572254,68233,6356,14311,24703,2781,117745,131521,110813,118844,114614,114146,113994,77019,33002,61932,119899,6898,171986,40723,52884,9961,163875,36628,10462,25748,23823,10956,12817,12048,13736,12554,12913,14446,27109,38638,51817,24545,12493
ID-02,ID,2,345881,103499,188058,349461,125093,206911,419680,154878,251165,422665,148413,261355,919553,714593,130624,16238,25947,30291,4670,684272,549212,83467,9691,18051,20822,2945,120231,146463,135614,120040,110218,99151,100007,60808,29879,57679,124473,8509,147192,45037,50836,10723,139689,32171,12144,23178,24193,11777,13383,13728,13634,13640,13639,13769,28536,35115,48889,24427,12367
IL-01,IL,1,359512,258515,86153,336031,234119,85107,369706,260608,103962,329810,213695,109427,753677,271776,69410,390300,19761,11292,736,589021,217813,46406,306380,15438,8185,528,83567,103312,101568,90640,93084,103046,92359,53989,31138,44934,95394,7388,135228,52192,45859,9145,125577,26804,15615,21298,26353,10751,11223,11910,11460,10330,9148,8721,19488,24255,35838,26791,24770
IL-02,IL,2,330104,228009,88360,304273,207370,83285,334633,231875,98019,299486,196546,97680,753677,251234,115115,374697,10218,14600,840,580993,210713,77611,280964,7783,10704,615,90938,109564,97883,94320,91173,95625,93065,53388,29913,45153,71785,5048,157487,37672,55046,5920,129082,27459,14223,17106,19689,13197,12325,13670,13804,12148,12112,12123,22526,29096,36418,14660,23322
IL-03,IL,3,267054,184409,65684,258170,175294,70541,297753,207606,84237,268964,171937,88946,753677,294530,356863,49086,55607,27342,1369,588880,251848,257871,35538,43017,20324,1026,86624,98663,109015,122119,100570,92574,77009,39391,21261,37184,116258,5324,127666,49270,81049,10589,84063,28146,8430,20393,27908,6937,8774,9837,9013,8575,8490,9044,17954,23721,37481,32508,10995
IL-04,IL,4,227807,164935,49530,212673,150452,51994,242648,175347,62773,213559,134061,74126,753677,176438,500949,43251,34697,36994,907,563323,147658,356197,32793,26345,27272,660,90101,111643,106189,102615,100344,89975,69359,44047,21676,29730,69177,3957,148395,31147,112615,7932,77115,24053,7017,16171,19697,7654,12198,13034,11057,9421,9287,9498,17026,23201,29541,21849,11145
IL-05,IL,5,360070,235988,98390,355241,227585,112661,402055,277279,117413,377272,253925,115297,753677,537619,88320,26813,94572,9935,956,618186,453104,65900,20617,72694,7407,730,83135,73975,119820,129492,94064,92101,82493,48169,30567,27888,204124,12513,71792,106107,27001,32422,69375,32850,6855,27066,39226,6481,7827,6781,7669,7446,7581,7386,16042,23963,38455,80204,13059
IL-06,IL,6,356452,180640,151235,348484,179368,152323,396781,216291,173135,375294,190515,170076,753677,543039,102698,47441,52603,11028,733,593478,442873,70055,34837,38785,7954,548,90413,91925,85162,98465,91963,101650,100764,60400,33573,45263,140563,8564,118251,65572,34443,16186,103181,31413,5881,26228,34102,6549,7360,7966,8555,8433,8147,9894,17694,24681,37385,47283,11038
IL-07,IL,7,317580,272562,31019,294046,242294,38173,321152,274990,41089,279610,227681,46425,753677,222189,118529,340341,73832,12023,1009,607675,198783,84153,261207,62079,8953,752,78893,78524,132877,132011,89567,80051,72816,44539,20403,29087,127607,13167,107583,71833,59840,26563,84639,27844,19407,19323,28269,12596,13448,11785,9506,9428,9627,9379,16878,21143,35018,50335,26120
IL-08,IL,8,290368,158507,113058,283301,153410,117102,333617,189421,138008,311069,162605,141292,753677,410205,179147,41348,117924,17357,1050,586513,342671,121507,27923,88874,12304,759,90104,97516,93826,104530,102285,103600,88698,47840,24457,44221,132492,5131,117945,55519,54075,9228,100911,36419,5411,26636,33481,5467,6843,7260,7291,7038,8282,8281,17766,24774,39663,34584,8755
IL-09,IL,9,342357,233480,88297,335078,224211,98100,380325,265636,108344,351559,234667,107823,753677,446387,98038,76904,125905,12479,1154,607511,374121,70826,58940,97378,9307,877,81760,90292,94272,105281,98715,102380,89500,54434,34129,34252,166257,14607,83508,88991,40710,22270,82377,27725,10603,23474,31875,7979,8649,9453,8922,8892,8957,9721,18590,24844,37852,52580,14188
IL-10,IL,10,322655,186067,112732,313534,175900,124823,355626,220431,128452,333562,199021,126349,753677,436320,180649,58457,70016,17967,1379,575610,354504,122070,41054,50164,12712,979,90134,109573,94203,88189,95358,107470,87667,51815,28189,32122,132962,10351,101840,70208,45825,19853,88014,28102,5677,22179,29258,6019,7412,6896,7783,7018,6919,8092,14851,20814,33469,58748,9299
IL-11,IL,11,332333,171819,136492,329510,170742,143082,380397,215293,157092,365895,198881,157533,753677,474649,142376,54717,72264,14862,912,574787,382643,94482,37948,51448,10326,612,91868,104108,91756,96160,101199,107568,84645,49703,25061,39632,136196,8923,104896,69450,40778,10885,98226,30134,4803,26437,35523,5498,5934,6344,7178,7146,6711,7730,14967,23426,35565,50233,8915
IL-12,IL,12,366997,95310,251552,343373,106527,223154,383343,106247,270231,374175,102485,264356,753677,654662,21152,46547,11612,16196,1069,589350,518915,13972,32744,8335,12005,680,86320,95188,89391,91477,91674,101472,97894,62558,36281,67655,77739,4743,161968,35949,47330,6642,123303,29646,13976,20061,21914,12532,14853,13285,11927,12375,11771,12207,23878,28900,40619,17886,15663
IL-13,IL,13,348727,176530,147579,328627,175774,137489,358871,195381,155133,336281,180960,146195,753677,486087,37204,175650,38751,16186,1166,595719,403862,25560,120909,32027,12223,768,84061,101269,122351,97864,84119,91198,89055,53767,29457,46793,86145,11290,146128,47058,40375,9350,111640,26458,14010,18780,20204,12192,14658,15062,12197,13298,12270,12814,24368,31074,39966,19346,25647
IL-14,IL,14,310095,157151,130645,301845,158001,128566,349032,191041,151038,338702,173956,156555,753677,443276,172070,83511,46311,17724,804,564317,353681,113236,57426,31975,12358,543,95541,115788,103167,98876,108315,99293,71311,42602,21828,44649,99967,5291,129817,46298,50780,6325,105028,31771,6574,23404,30533,5588,7928,7117,8251,7579,8165,8392,16004,24736,35704,31875,10158
IL-15,IL,15,370924,102580,244940,350599,106549,227061,395364,117022,270205,382709,111340,262935,753677,676214,21163,29684,8898,14224,928,592293,538096,14321,20045,6073,10541,594,84857,95014,85341,91310,88913,101238,101523,66011,39537,54759,86346,5087,186446,35001,39802,6170,115342,32535,10724,21768,22569,11213,12847,12646,11909,12534,11642,12295,23616,30627,43768,19435,13275
IL-16,IL,16,367027,125721,213029,352360,126164,208285,400455,152607,238749,392642,147464,235918,753677,639296,49584,25596,21798,14715,764,582046,507844,30726,15473,14673,10444,506,88870,100304,82442,90435,93274,99662,97657,63359,35633,54604,102949,5041,155602,43862,33850,8697,117224,33463,8020,24638,29794,9271,10230,10996,9500,11158,10619,10898,21561,28779,42624,28736,11043
IL-17,IL,17,319863,158506,137320,299089,152768,131608,331680,174840,149011,319035,163124,148146,753676,508830,84143,127870,20719,16061,1066,589767,424419,55419,83583,15101,11919,772,88330,99435,109773,90584,85430,92113,93017,59586,34025,50055,78378,4474,161354,31968,53358,5938,117246,28202,16404,18269,16918,14899,15071,16225,14677,14730,13454,13593,24071,31357,39680,12642,24591
IN-01,IN,1,313114,165956,128967,307280,173482,125885,340696,181830,153362,327083,161625,160330,753947,447626,124734,156823,14905,16961,810,580667,367001,83050,109975,10674,12242,537,88872,99761,94277,97311,93232,98611,94777,55972,30827,44606,85452,4581,184063,34521,46659,6624,110762,29493,10972,21803,24014,9397,12873,11700,11911,12342,10552,11667,21085,27159,40778,20198,15963
IN-02,IN,2,290652,99794,172718,284814,111715,163987,311444,117691,187982,299606,107779,187184,753947,572604,85184,64160,15331,17181,980,571029,453103,52706,40851,11036,12294,619,96477,109178,100417,91685,88243,93136,89018,54827,29638,41203,75118,5427,174403,32381,62153,6301,98100,28412,10480,18065,18414,10176,11805,12853,12557,13019,12301,12916,22623,29996,39699,14786,14409
IN-03,IN,3,293561,87898,187915,293331,101283,182253,328595,111653,209896,321169,107772,207943,753947,606817,50151,57946,24118,14614,926,563485,468328,30778,37126,15490,10439,620,102100,106257,98078,92247,89293,94675,88194,54887,27979,48816,81982,3865,170003,30692,56845,5893,98806,30413,9988,18958,18476,10502,11955,12543,12939,13023,12727,12324,25684,32055,45105,15948,10784
IN-04,IN,4,303286,89720,192817,304421,104522,189074,345295,118416,219016,333989,115001,212994,753947,613531,53712,37411,31463,15168,3753,577297,481532,34013,23347,24655,11043,3374,90359,110514,113533,92696,92710,95133,85272,49028,26913,41909,95039,7987,159345,39636,42017,7927,95683,32755,9063,21200,23596,8878,10832,11611,11436,11342,10489,10611,21840,28204,41847,22152,13182
IN-05,IN,5,325741,113722,189864,328373,130101,187123,369018,151395,210211,369170,150105,212150,753947,611605,34792,57591,33321,14027,913,574610,479447,21767,38139,22495,10346,557,92433,105592,99133,96051,96569,99415,85371,53628,28196,43219,123563,8453,135802,53106,33316,12549,93562,29131,8760,22230,25509,8927,10853,10595,10199,11173,10345,10408,21469,29112,38170,35269,12835
IN-06,IN,6,297501,83828,194382,296118,98523,186539,331732,109388,215299,325610,107010,212902,753949,610472,39669,42050,45066,14715,1058,570671,479310,24119,25458,28890,10908,707,97786,100654,96443,100185,95345,96625,83967,53833,27611,45769,90712,4244,170550,37676,49881,6287,102129,31231,9399,21246,22005,9946,10839,11473,11125,12640,11354,12059,21941,31786,43969,18766,11704
IN-07,IN,7,289346,187181,84036,285444,193830,82733,303733,213497,84812,271247,189586,77134,753949,341540,111802,272334,20214,15795,1131,578117,291454,70431,192839,15824,11668,762,101885,98046,121930,114887,86084,87508,78031,40559,21452,36591,108527,6565,132377,44156,63559,12453,91928,24534,13350,15807,18840,12587,15167,13731,14466,14633,14946,14406,25141,30907,37936,19312,23253
IN-08,IN,8,320574,96921,206009,314095,118255,186767,343954,112349,225278,332397,103783,223052,753947,661160,23122,40583,10946,14313,1439,585235,522022,14371,27167,7756,10760,878,88494,99057,98087,91543,89513,96271,99359,59895,32108,58513,75011,4034,188267,30706,51344,5436,102346,30615,13296,18545,18788,12057,14430,14411,14121,13614,13218,13613,23972,32147,41312,14751,14706
IN-09,IN,9,326753,108135,200532,323340,120235,193479,356789,126279,224001,353491,121011,226651,753948,655649,31025,31119,17285,16669,1005,591468,523453,19694,20178,13399,12524,637,83934,102360,106411,92715,90323,100167,92057,58537,28226,48252,80449,7034,181008,39129,47480,6132,101177,31454,12369,20518,21411,11264,12207,12414,12357,11742,11477,12606,22715,30736,43447,16252,14667
KS-01,KS,1,287317,85010,182300,285878,95320,178278,324068,110565,206461,310550,103889,200988,734470,547576,115120,30857,18884,25605,1860,565616,439359,73822,20746,14112,18188,1205,90074,105037,121499,91785,77258,80554,84891,50579,33037,45909,85702,8482,128046,35295,43739,7378,110850,27980,11726,17510,18646,11628,13429,13271,12049,12773,13078,13129,25962,29646,39719,14751,15049
KS-02,KS,2,284752,105015,158407,282703,114022,156093,321506,130814,183254,307903,120738,181316,734470,512507,94762,80284,18776,33136,2670,554813,406652,59029,54674,12369,22956,1679,98541,102966,97441,93385,80898,87857,90550,53366,29377,44127,81532,4352,148907,37392,45483,5995,112540,27974,12519,17411,17494,12437,12039,14498,12331,12515,12418,12833,24252,29082,38223,14216,14932
KS-03,KS,3,340884,146168,164241,349548,166489,166259,401920,205619,187733,397590,203405,187105,734470,551145,73610,46248,43008,19559,1339,556362,433217,47341,30004,30016,13934,823,92328,99379,91971,103701,95313,94182,82120,48239,26423,37773,155717,9975,87714,72317,22666,17542,94628,35055,5712,24571,34912,5517,6709,8135,7865,7431,7562,8620,18229,26313,38579,45801,8233
KS-04,KS,4,280732,90812,166070,281033,103257,163662,324809,123325,193958,311548,116821,189393,734470,511347,99111,65886,31527,33005,2021,552525,404754,61394,42749,22437,22819,1261,94998,106730,97827,95082,84940,86451,87854,49569,29720,43856,94312,4713,130066,40309,46481,7252,115470,26882,11218,19355,20090,10182,11332,14720,11593,11625,11320,13539,22944,30018,39102,16899,13052
KY-01,KY,1,325717,84440,228580,302432,97523,199946,351934,98067,248605,342821,88125,250232,750973,629590,28616,67417,8302,15603,1223,581614,499121,17549,45739,5749,11794,738,91885,97721,99323,88546,86814,96692,98118,60919,30972,47625,60923,3436,191760,32594,59867,6501,107263,24347,18817,14977,14345,14985,14167,15228,13692,14149,12371,12568,24711,29766,39074,11314,19334
KY-02,KY,2,312050,86587,210823,296312,102742,187431,351844,108585,237267,351430,100536,245734,750972,627377,31381,54016,19945,15854,2202,573283,491040,19187,35852,12979,11930,1393,92975,101301,98612,93493,94283,98474,91858,55740,26312,47256,70375,3966,178823,35320,58675,7361,106010,26831,14881,18495,18812,12318,11759,13753,12693,12034,12700,12289,21375,29320,38534,17607,15410
KY-03,KY,3,336720,185507,133555,321321,194916,120481,365925,220409,138631,332660,194712,131797,750973,464663,57964,184725,31128,14618,1442,589875,387039,40407,129992,22118,11076,992,89231,91660,104536,104700,89690,92802,91530,53787,28568,43383,107526,9111,136186,51906,46416,13291,109998,29626,13709,19845,21567,12003,12812,13493,13613,13659,12686,12705,25312,31130,41681,23776,17458
KY-04,KY,4,327274,94420,214576,312474,109053,196522,375259,122873,245599,375012,117644,250916,750973,650045,31879,36784,12875,16215,1374,569659,504457,19158,22964,8545,11761,897,94806,99304,92960,95894,97632,101578,92062,53071,24392,47937,97348,5084,159749,45108,46169,10056,100936,31736,10359,22615,25671,9116,11103,9448,11142,9988,10362,10340,19335,27472,37657,26177,12764
KY-05,KY,5,302043,55923,237010,276846,74555,198104,327434,64518,258770,316791,55275,257630,750973,703679,11449,15860,4425,13621,542,585793,551365,7471,11524,3115,10688,324,86589,96565,90470,90275,94337,103807,97411,61542,29000,41099,42092,3024,200643,26950,103210,6494,98513,20353,27721,10872,9826,18176,18049,16384,16000,12536,11613,12228,21737,25990,31315,6973,25870
KY-06,KY,6,319571,121970,178413,313406,144399,162342,363040,158022,197774,355813,147751,201182,750972,589410,46565,77257,22088,15295,1666,583676,472523,29303,53120,16101,11651,1407,89302,98691,118611,96695,93607,92743,85074,52064,23911,42111,99870,11060,136109,49307,49110,13236,96322,29461,12976,20342,20921,11484,12955,12742,12749,13182,12240,12162,23622,28816,38438,21064,17289
LA-01,LA,1,355056,94156,244244,317679,89825,220702,387504,114481,265761,376557,112920,256662,776327,535770,90968,108188,24737,19877,1021,603907,432097,64365,76646,18020,14279,708,91705,95418,91944,106112,91532,101168,99179,60681,30631,38309,119388,7664,143154,44572,52578,17138,114781,30104,11461,21533,27347,11192,11890,11409,10972,10381,11123,11433,21193,27648,39154,30997,14915
LA-02,LA,2,326406,215052,100617,286241,186685,93274,355067,237958,111289,320161,207146,106785,776316,260930,74305,412387,26015,13140,946,598204,217823,51406,305124,20319,9907,682,92952,101005,101820,117590,94414,98431,92516,52602,23799,36041,87737,6228,158021,39054,79397,9996,118299,23983,21007,16400,19065,14754,16349,14879,13874,12053,11730,11034,19932,27093,32153,18160,27527
LA-03,LA,3,341005,92366,237126,300712,79239,214845,352293,98140,248217,335590,89993,241083,776287,506088,43292,189998,17466,21275,914,588557,400099,29021,132825,12454,14686,620,100850,104736,102831,105726,91889,97404,92435,51285,25934,36276,81119,4512,189299,27283,73694,7247,98619,27868,15806,17995,19614,14026,15325,13648,13064,12930,10769,12315,20805,26283,37622,19360,20202
LA-04,LA,4,337511,79696,247373,299678,71312,223409,357977,87747,264726,336551,78192,254317,776302,530753,39630,169212,14693,22411,1664,593646,416483,27348,122168,10472,16438,1060,98032,103476,102601,105075,91201,94903,89375,59541,28597,40441,78314,4201,183812,31743,64071,7716,108506,24821,18077,17971,19277,15013,16069,14658,12972,13208,10771,11246,20982,24937,32916,17635,19208
LA-05,LA,5,332865,103611,218436,296242,92901,197719,345629,111210,228783,323864,100557,218462,776285,484005,38166,225122,15094,14265,814,597217,387349,26564,160995,11287,10573,552,98074,108668,114747,103174,92085,92195,89756,54215,25131,32372,83860,5487,174349,32474,69690,7673,104599,25061,15973,17301,20212,13290,14293,12765,13219,10292,11341,10285,19371,25703,31374,20639,21108
LA-06,LA,6,336189,195273,130842,295127,167519,121845,349592,206498,137000,314252,178062,131196,776240,279156,36188,438212,13831,12160,741,589017,228259,24958,318011,10395,9022,538,102517,107912,114740,101588,87322,90466,89798,52912,25856,32428,69063,4947,176823,31591,74924,6562,105094,21527,23032,13915,14712,17066,18096,16362,15278,11256,12961,12636,21859,24501,29167,13637,26894
MA-01,MA,1,366617,201248,137157,332480,184468,139805,394516,235201,150047,381359,211784,160045,781103,542205,145763,66014,23437,14638,1472,625152,457747,98662,45708,17184,10946,1072,80164,97830,100414,94712,91372,108295,105927,63150,36173,53004,100733,7581,164061,53921,58279,10160,99288,30510,16425,23407,27970,12367,13386,12582,11819,11548,11118,10628,21224,28214,39428,29116,16175
MA-02,MA,2,363362,209107,123066,338937,197438,132437,397528,254519,132540,384958,231966,141308,781101,552952,86964,58670,65529,11513,1086,626463,462756,60158,40727,48770,8623,755,77813,104925,108695,96647,95370,109124,95802,53605,29285,43847,129912,16039,121569,79191,39105,13225,84643,30152,10914,23744,33258,9395,9366,9525,8560,8462,7646,8835,17103,22890,34527,49475,12284
MA-03,MA,3,344439,195231,121845,315240,179093,128143,374196,233535,131371,358902,208626,140854,781102,473766,170217,54868,71810,11614,1392,611501,393019,119115,38672,52040,8601,1049,87755,104004,101843,105053,97258,111714,92319,49052,27314,42234,118514,11089,138747,65752,58088,9885,89086,29954,10923,23979,34525,8261,7975,8844,8443,7878,8371,7482,17292,24046,33053,47495,10934
MA-04,MA,4,378162,217826,132524,351285,202095,141256,418353,263665,145116,406811,237730,158054,781103,608591,47651,42292,61971,8280,972,615677,496109,31266,28391,43962,5901,699,83945,103424,93381,99335,100495,114117,95865,56664,31499,40735,134671,23540,117622,82835,44454,23473,75085,28520,9364,23951,36532,7502,7934,7885,7491,6967,7200,6624,13663,21148,32419,70970,10869
MA-05,MA,5,372341,255386,92837,349713,238714,103879,401879,298874,94414,374885,265591,97371,781101,504362,81745,52735,113440,7738,955,631188,422500,59266,39564,87296,5787,727,82064,90916,109507,117305,101211,102368,84490,54831,34395,29465,158484,35661,95011,114639,35662,24502,57765,28585,7972,23628,37898,7540,7054,6541,5929,6249,6331,6885,13199,18082,31877,86191,12041
MA-06,MA,6,410546,227630,152986,386206,216078,161216,452222,283227,158964,433167,255729,166654,781101,598923,84783,39093,45694,8995,914,624046,496648,57360,27150,32796,6595,628,82057,94165,87829,94895,97028,116911,105256,62683,36628,45875,156638,13316,120748,86187,38553,15206,78997,28466,8768,26127,38956,7951,7684,7599,7450,6630,7140,7067,13557,20653,33904,69800,10929
MA-07,MA,7,297480,247479,34540,271812,221292,45812,316358,269379,41247,280351,222689,47009,781102,302053,171010,206558,102587,11644,1571,653761,275583,126572,158657,90316,9098,1292,70818,92145,180269,139216,85891,81248,65339,37288,22379,26455,135365,21761,106219,77180,73736,21262,67034,27080,17749,21505,31537,10858,10046,9313,7832,7520,7910,7967,15555,20964,32758,51506,23323
MA-08,MA,8,377770,228502,124147,354202,213227,133655,416707,277345,130314,393116,242627,139502,781102,517990,53050,108481,83144,7729,1058,637174,440369,38201,78579,65087,5796,798,77125,84679,112197,118895,94642,105215,91766,54401,32340,39358,160709,15258,118991,87222,42437,20599,78353,30371,9636,25651,40817,7852,8560,7476,6856,6004,7450,7483,15552,20694,35031,72112,12778
MA-09,MA,9,414034,212641,171656,390760,202195,180253,459400,266298,183106,460119,249776,200506,781102,648055,46502,41155,14872,11889,1016,638761,544254,30908,28865,10669,8589,765,74049,88631,86330,84927,86478,116433,116832,83361,42432,53907,139294,9884,144931,70390,41273,14733,96673,30889,9122,27338,36654,9042,8787,9151,9513,9576,9774,7960,17995,26265,37854,52490,11609
MD-01,MD,1,376493,133884,220643,346105,127773,208145,412885,171274,230936,427049,171555,243356,771925,556865,43036,130577,26324,15712,1346,607726,455671,27377,94079,18575,11674,912,86597,97991,92678,93156,90112,109871,104027,66017,33490,42925,105647,7865,162800,57168,44041,11144,109409,34048,7745,24636,33237,8696,8477,9708,9236,9847,9249,9253,18582,24494,38399,40742,12631
MD-02,MD,2,369798,193450,152487,342648,180009,151113,394208,232384,150935,395335,227251,154851,771926,458101,46530,200303,56186,12369,998,606852,378642,30831,147706,41572,9439,678,87190,98306,96790,102119,91930,103011,96512,57862,35516,38112,134222,12746,121983,75269,37364,19303,96105,33209,6305,25381,36707,6303,7832,7264,8031,7662,8715,9213,17398,25694,39451,47014,11759
MD-03,MD,3,371892,197828,147068,351909,188308,151374,417218,255269,149735,416995,249542,151360,771925,440188,69306,153103,99064,14220,1543,593206,359531,45052,109182,70477,10871,1065,92349,100904,91712,105599,104132,107395,87257,54162,27262,36068,143761,18215,97820,94146,31111,19079,92221,31836,3628,26279,42715,4789,4499,5009,5007,5345,5954,5020,13249,18814,33526,73019,7582
MD-04,MD,4,302958,270118,22449,266897,233134,28160,304435,271634,26252,283398,240880,33369,771925,82172,193821,451323,46901,15843,1305,599171,73778,131605,358207,38436,14951,1069,99793,97968,108877,111678,98835,98424,83261,43948,22060,33322,96270,8584,135631,54012,77851,8516,101486,32957,6824,23689,29690,5212,6908,6613,7232,7787,7863,8543,18340,26058,39134,31560,12223
MD-05,MD,5,346917,205347,122588,332811,202718,121301,419204,280869,128856,431467,280941,138217,771924,338267,55443,334313,35545,17866,1991,597544,272785,36063,256656,25284,13369,1310,91799,101012,93470,104986,101452,119585,89597,49396,22126,40388,120970,9489,131936,76747,31520,10279,112686,33130,3974,30647,45623,3370,4306,3995,4480,5258,5032,5047,12300,18506,32107,62557,7746
MD-06,MD,6,339332,160786,156713,310669,152052,149161,373942,200390,163854,390367,200059,177663,771926,466291,103695,114854,77692,14787,1418,600128,381499,69774,83444,56660,11796,974,93001,100619,96407,107013,101568,109118,89571,51665,28214,42845,116557,13917,138488,69137,47967,11897,93922,31482,7928,24897,34546,7298,6733,8399,8350,7401,7894,8332,16680,22965,36481,47767,10408
MD-07,MD,7,310142,240979,54435,272604,209299,55738,312583,251744,54311,303970,236114,58120,771926,229512,65598,433275,35011,13640,1046,610826,198323,43910,334297,29375,11233,842,90142,92503,115595,124829,84246,90841,90649,50457,25634,32129,90185,9585,158841,53242,68728,13558,106244,26516,19562,18748,21910,12907,13232,12402,12108,13327,11350,12955,23459,29274,37486,23191,26223
MD-08,MD,8,363914,275536,66786,342977,255209,78256,402553,321459,71532,389753,296235,78614,771926,341867,152244,146611,126121,12307,1382,599749,281131,107650,109418,96180,10300,999,90732,98846,86318,100326,101416,104391,91887,57603,35902,26301,145304,38963,65225,110866,45335,42103,60545,26320,5447,23332,36817,4351,5411,5709,5926,5137,5806,5607,11916,17809,28420,87981,8024
ME-01,ME,1,382326,205601,150452,389156,208683,158625,430149,258033,159936,436532,261038,165742,681179,609297,15016,20868,16273,13311,800,557050,507050,10166,13089,11477,10033,576,64323,75134,80645,87605,80948,97043,101666,62943,32838,48703,127319,9225,133837,57003,23989,14890,90119,32519,9399,23328,28360,8658,9668,9812,8977,9736,10126,10362,20787,28015,40149,29015,10604
ME-02,ME,2,365609,152134,185141,354291,145608,187596,389220,177037,200831,394843,174614,212235,681180,618967,11593,15436,9200,20191,819,553035,510454,7490,8871,6534,14772,572,67839,76644,76509,80545,78218,99326,104672,65909,34142,54431,87414,6378,177758,33858,35771,7175,98091,26384,16445,17640,17065,13655,14613,14503,14028,12905,13625,12185,23067,28649,38426,13776,13691
MI-01,MI,1,401079,142954,236371,400854,159758,230204,465110,182980,274976,485804,187848,290861,775375,693536,15847,12086,7680,40338,1098,633080,575217,10255,8525,5386,28298,678,72171,87729,88483,82226,82276,106201,131821,84445,42164,62865,94083,5872,183614,41823,40196,9303,132704,30632,15411,18295,17386,14931,15627,15757,15871,15649,14869,14291,28676,35134,46816,15581,15924
MI-02,MI,2,347334,114523,212052,347770,125672,210837,414576,145232,262161,441630,151095,283938,774997,680601,36060,22794,7723,22360,807,606868,541129,23154,16673,5161,15972,480,87080,99268,99635,93072,89741,105294,107944,63426,32187,54755,74341,4389,196012,30565,46518,4646,125739,28537,12686,18821,17877,11385,12153,13981,12907,13046,13015,12447,23661,31989,44260,14050,13181
MI-03,MI,3,355420,166808,166206,357127,179361,166394,416867,222082,186676,427618,226939,193503,775414,543947,82760,105280,29900,17973,1063,597448,442096,52640,70012,20945,12616,678,97196,105345,121353,109639,87945,92799,82757,50056,26937,48839,122359,6742,128616,47530,39449,10868,107213,31870,10981,21850,22800,9975,11267,11284,10096,11970,12444,11731,23301,29616,42550,23804,12094
MI-04,MI,4,360411,152485,186625,357061,161143,185027,417546,196710,213174,433918,201639,225611,774600,581638,66314,82080,25242,19716,967,593972,465772,41861,53347,17493,13886,642,95966,105255,116245,97097,88655,93856,92212,55379,29750,46768,102490,6632,146705,44831,39793,7516,113676,30093,11037,21474,24138,10390,11935,13769,13114,12222,10701,11901,22839,30371,41997,22677,13215
MI-05,MI,5,347875,120334,208566,338966,127920,200954,405858,150373,248444,422372,151101,265208,774544,654497,40121,44448,10674,20861,708,606306,525147,25025,29565,7358,15067,474,86079,99117,91935,90494,91912,106620,107360,66556,33724,57527,79359,4413,186605,34778,47103,5349,125843,30805,11101,18999,21949,11392,13098,13371,13532,13369,13155,12285,24520,33553,41631,17723,12551
MI-06,MI,6,391114,227231,145719,393511,241285,143283,456476,286129,164372,464272,280092,171956,775273,536084,38423,91635,92062,14831,1018,619426,442928,26864,67116,68823,11145,730,80363,104043,120481,94018,94739,100898,91294,57106,28304,41304,136258,20049,92600,88344,24236,20149,95697,32013,7927,24587,34025,7207,8307,8543,9219,10184,9420,8935,18795,25384,37419,49443,14299
MI-07,MI,7,386370,174627,189235,386785,190795,185259,447468,221984,217748,463108,224818,230862,775238,619440,43903,61098,31172,18187,1026,611160,501351,29147,41539,23008,13356,722,85421,99999,117151,94948,89204,102653,98676,57194,27799,53144,117087,9670,128002,51143,27583,10920,123084,33761,10142,22583,28651,8653,10683,11208,10798,12292,10951,11879,23690,29288,42596,29270,12880
MI-08,MI,8,381587,183253,179216,369139,188208,170523,429210,215709,206999,433786,209506,218087,775229,569036,41495,132430,12571,18983,796,606390,462261,26926,91882,9005,14019,494,88742,97882,98082,91945,90084,104943,103390,63568,35261,61177,83155,4526,169972,34097,46920,7209,132469,26766,15882,18403,20628,12757,14191,14433,15177,15257,15591,14062,25305,31770,41958,18662,19122
MI-09,MI,9,390276,120932,249882,389170,138689,240188,464802,160625,297506,486616,161398,318624,774962,681480,29890,25456,15113,17123,576,606770,543625,19068,16550,10076,12316,367,84444,100901,86046,85039,99079,119554,107936,63235,28518,60577,96677,3371,165836,45553,38169,7501,127550,31075,9431,24360,32426,8259,9521,10731,10515,10410,11229,11743,20477,28260,41890,31294,10365
MI-10,MI,10,370004,166889,186837,361151,178881,173092,429829,209969,214177,436229,199324,227882,775218,563998,23457,116066,54707,13855,765,620272,469713,15848,81191,40047,10323,529,83521,90056,102502,101506,93305,106789,101119,58696,34882,56345,100704,4734,156061,47613,51374,8873,126288,34786,10156,23404,26892,10734,11821,12113,13059,13247,11653,12876,22910,31005,45344,24423,13136
MI-11,MI,11,399697,218132,162525,399072,231368,158160,462264,273913,182216,460402,262383,188356,775568,529713,41334,113756,76277,12795,688,624065,442233,27866,84964,56976,9546,508,79144,87548,108281,106959,96057,107272,98626,57774,33132,43929,155838,10240,101916,87064,33129,24199,102903,34334,9765,26663,34554,8327,9939,10803,11054,10362,10179,10166,20137,27154,41872,50233,13310
MI-12,MI,12,348166,250125,85669,332755,244906,80408,387387,285421,97504,372561,247356,106968,775247,356248,25253,363437,20578,12651,730,596111,282914,17013,272419,15570,9492,504,99231,103515,105664,98221,90502,97876,91024,54517,29293,47987,82657,4158,147627,42190,56173,8104,130623,25205,16876,16497,18024,13524,13378,13523,13394,13002,12596,13367,21409,29509,37975,15301,23541
MI-13,MI,13,310993,230545,70638,290572,216534,67011,340833,252919,83911,334915,232935,94494,775666,285433,79565,373556,28229,16785,1013,592734,234410,51978,277723,20592,12435,697,99483,102342,113398,103294,90822,96391,88919,47997,27921,38533,66600,4560,167052,31686,81759,7533,117529,20508,23986,14178,13508,15625,16322,14699,14169,15317,14465,12459,23649,26667,32790,14463,28548
MN-01,MN,1,357115,137508,186985,338821,152809,168518,389730,172290,208063,389557,167186,213794,713311,587883,51121,34801,25845,11506,1278,549351,470076,31285,20105,17666,7832,822,86107,96922,95287,88578,80991,87532,88101,54317,35128,62424,96205,7107,137372,35890,33352,10659,94945,32710,9895,22034,25188,9721,10346,10582,10361,10505,10719,10523,21918,27781,41446,22508,10133
MN-02,MN,2,368772,165768,169685,363995,183075,161560,422175,221065,190867,426655,220555,195780,713312,536985,54131,56813,48872,14352,1182,535271,422973,34031,32860,33070,9432,765,93721,100469,84383,98360,94229,97090,78177,44297,23031,59132,138594,6072,99021,46675,22108,10862,93875,33078,3878,27009,36343,4429,6225,5957,6757,6233,7477,8088,14938,22025,34177,42765,6656
MN-03,MN,3,387267,197818,155180,383063,213113,151188,435974,258519,167389,424914,251791,161935,713311,509159,37414,80728,72348,12278,968,549165,416013,23791,49858,48773,8405,638,87611,89805,72884,98525,92106,98842,88408,50990,28714,49402,161150,8904,84787,65991,22788,15389,90916,29172,5451,26160,35150,5225,6449,5825,7349,7306,7697,8019,16581,22627,35799,56927,7180
MN-04,MN,4,361958,221276,108507,352307,228461,104518,397840,268899,119665,378602,251495,117085,713312,443863,52740,95983,108161,16493,1326,549351,372953,34272,60639,70316,11373,893,90142,93537,100451,102590,82856,87114,79644,45963,26244,42064,135814,13312,93224,58731,36059,14809,83545,29461,8589,21808,30053,7044,8044,7999,9366,8990,9431,9331,19260,24771,35160,38305,10545
MN-05,MN,5,363290,266202,65575,359413,276424,63396,398002,319421,69139,369401,292800,65271,713312,427555,72377,142909,54149,22548,1249,571885,373926,48922,94621,40674,16034,906,83295,79299,130349,124812,83385,76545,69046,38271,22581,38850,151951,10578,81261,62789,39631,17011,85702,30348,11496,23242,27759,9614,8721,10271,9164,9406,10156,10102,21260,28553,40505,37548,15207
MN-06,MN,6,361787,122297,207900,350301,137941,193732,414967,165870,238883,431989,168595,253243,713312,599561,26489,41293,28577,12815,917,528178,458504,16060,22856,18453,8485,596,95050,106586,87475,95693,94884,97311,78044,42516,18338,61268,111154,5172,118174,37684,24698,7262,101534,32360,4712,26129,35104,5538,5798,6493,6645,6811,6909,7650,16526,22270,36421,34168,6424
MN-07,MN,7,364232,106539,230288,339981,119846,205804,396627,128550,260006,401008,123652,269504,713312,628503,37738,16383,9584,18421,1514,544716,493732,22080,8837,5994,11372,890,90211,94422,80264,82349,77107,91036,97432,60449,39874,73402,82007,3916,154586,23776,33972,5915,109029,31928,11234,21923,21633,11449,11064,11128,11814,10326,11766,11144,22644,28893,42694,16476,12315
MN-08,MN,8,380392,150308,198831,366105,164717,183107,421856,182463,230053,431794,180905,242420,713312,620371,13630,14736,10168,49238,953,561116,500876,8326,9010,6585,31414,581,79404,88964,84121,83330,80613,95837,105225,63219,34809,65490,88718,5239,149670,32756,30617,7748,121654,30876,11725,22966,23597,9857,11020,10776,11879,11194,11158,11673,23012,29331,40451,18987,12404
MO-01,MO,1,352251,264225,72723,345270,266749,69832,356554,280382,70459,316509,246418,64299,769364,318770,34678,373011,31648,14081,887,609962,275838,24149,274562,25535,10938,665,89122,94003,119231,113759,89619,91792,92902,49762,27799,41074,107539,11153,136399,58074,47293,14854,114545,28578,18281,17516,19019,15069,14426,16400,16665,15850,13816,15238,28158,34370,40781,21590,24655
MO-02,MO,2,400242,152991,227850,405453,172451,222281,429923,187579,235264,420917,182976,230848,769364,648395,22242,31657,44611,16409,833,603006,518559,14600,21318,31414,12109,540,87087,94352,82676,93371,91353,106689,103796,66926,36500,44662,141556,11120,118596,73418,33036,17178,101477,32177,6989,25128,31492,7942,9090,9069,9841,9364,10691,10514,20073,27458,39507,48299,9056
MO-03,MO,3,360946,126718,214461,368074,146075,210327,397528,158177,231359,406941,159749,240977,769364,634019,28760,56762,25692,19241,1212,594774,501879,18809,37578,18178,14093,800,92097,102502,110481,102716,95494,96500,91156,53060,27153,43816,119139,8431,140997,54437,32800,9811,106423,33978,8001,24329,31607,7545,8703,8861,10255,9409,10345,11452,20799,27135,41546,30322,11991
MO-04,MO,4,350749,125028,208388,360734,141746,208305,392866,155951,229889,395017,153232,236509,769364,613869,42681,66422,18319,25444,2411,599570,489976,28651,45836,13340,18658,1447,91331,99550,103254,102892,88891,95731,96481,60836,31903,43160,108266,6058,160137,48100,37730,11474,116359,29814,12559,22285,25079,11794,13252,11588,12716,12587,12366,12248,23715,29869,41425,23436,13687
MO-05,MO,5,321480,129796,175707,321200,137338,173277,343089,143602,192560,332891,133438,194505,769364,515400,65069,150123,13549,25018,3887,588634,411612,41398,105776,9492,18585,2536,96732,106257,103565,99644,88039,96186,92157,55730,31206,43421,75998,3862,184511,31479,55182,5464,113943,29095,14488,17916,16664,14074,13645,13517,15596,14886,13396,12670,24941,31982,41797,10599,17016
MO-06,MO,6,341473,112272,210557,343644,126291,206371,374135,137236,230188,377140,135780,236206,769364,628405,44018,52169,19406,21880,3556,588867,493931,28485,33395,13386,16041,2084,94573,104055,99164,100805,93272,97371,90933,57664,30594,42153,97615,5297,173227,40106,41203,7978,111986,30783,10705,20407,23129,10561,12006,12419,11849,11606,12016,11955,21978,30444,43288,19421,13933
MO-07,MO,7,330930,82189,232326,337712,94228,232969,364372,103422,254241,376524,105653,266226,769365,636951,47001,25660,16582,37210,4168,594947,505834,29527,15694,11381,27157,2661,92781,102699,109500,96555,89423,94707,92192,61228,32924,41527,89084,4607,166617,35201,49848,8537,122482,26942,16816,15617,16082,14086,14610,16387,15697,14394,15316,13883,26687,33034,41411,14236,15425
MO-08,MO,8,343378,77849,252499,340782,87594,244127,366690,86665,274776,369388,83353,282416,769364,668098,18619,42819,9529,24152,916,595852,526013,11554,28048,6779,18170,593,92109,100934,95041,95581,90692,101623,100819,62032,32868,45516,65400,4172,199949,29219,67871,5211,111331,25460,17774,16905,15108,14857,15560,15751,15443,13313,12469,12957,23443,30669,39139,11134,17137
MS-01,MS,1,301502,96616,198299,230992,80876,147524,333730,111535,217292,324051,99871,219880,740319,478666,28356,211581,9993,11778,711,570086,381596,17747,154218,7178,8903,476,90731,107653,99069,93291,92311,91550,85793,55791,25372,51158,70726,5292,152537,31097,69108,6495,105072,26533,15612,16326,17102,14062,14627,12465,13043,12827,11574,11469,21060,26845,37227,13614,16761
MS-02,MS,2,324055,201803,117922,243901,155585,86487,333313,208181,121247,286655,171061,112641,740319,235188,16923,477741,5786,8335,546,571715,196358,11932,355293,4341,6097,352,92259,105019,99208,90495,85792,92185,92591,53426,27355,49617,63053,4316,149584,30097,81328,6578,106255,16253,24169,10458,10861,17909,18147,18119,15050,13607,12253,11855,21205,23309,29540,9272,25854
MS-03,MS,3,317517,111864,199550,246767,94604,149752,344969,128372,212292,323422,112896,207370,740320,438840,20969,253094,11518,16845,619,568068,350071,13512,184901,8337,11501,432,88243,105833,100617,93049,90075,89241,87739,54233,28057,51683,80453,7971,136570,37290,62487,9848,102430,23378,16361,16233,17589,15206,13961,12614,12463,12091,12007,11475,19928,25867,33122,16344,21724
MS-04,MS,4,266283,74848,184943,204682,64870,137104,301747,91310,205933,293879,82839,207853,740321,486383,38972,181197,17634,16771,1359,567730,387426,25446,128668,12861,12580,954,90073,102596,99654,96067,89852,92123,88663,56886,25954,56659,71900,4686,148091,33187,58176,7082,117496,24513,16017,15808,15715,14632,14340,13211,13276,12303,12217,12688,21878,27222,35205,13785,19088
MT-01,MT,1,252193,101342,131086,294993,138473,149630,316599,143417,165186,322069,137407,174611,542112,459816,22181,5120,9018,40729,1406,432021,374714,15436,3109,6308,27900,952,55444,67442,80361,70602,64149,64897,75185,48934,20289,34439,91966,7677,99857,33231,19476,9156,85641,20998,10089,13503,15520,8059,9390,10392,9386,8864,9304,9329,16858,23774,30263,17024,10653
MT-02,MT,2,242333,76367,148154,270164,102214,161717,287041,101369,178416,280894,94499,177468,542113,441502,23018,7617,7871,59849,1695,418102,352839,14472,4333,5247,38234,1016,66849,69532,64683,69476,61800,66330,75900,46687,23280,37799,78583,4306,111081,26102,22405,6606,89875,21553,8937,14568,15773,8163,8790,9527,9544,9694,8984,9084,17658,22968,30528,14906,9834
NC-01,NC,1,376463,174505,191843,398155,186555,204892,413926,190436,218891,416845,182065,230368,745671,426065,42659,251298,11397,17872,1423,596783,356476,27614,192997,7888,13381,1003,79795,91121,85610,82978,86402,101174,112003,74177,35268,55539,79253,3910,168086,33220,66241,6173,123303,27540,18146,17010,17371,16060,15145,15374,15242,12853,14087,12391,24814,29019,38551,14014,18082
NC-02,NC,2,356956,221522,116605,390782,254289,126698,411630,274360,129367,413074,271772,132620,745670,400547,96435,188408,52943,14818,1220,584067,332722,64157,140209,40031,10815,824,84010,94984,117190,115385,103483,93421,72593,41550,20575,40321,165733,12756,81541,74797,35373,16296,82791,30371,7186,23215,30853,7207,9739,7717,11066,10194,10735,9148,21473,25599,37241,43178,10964
NC-03,NC,3,305369,136203,159872,326076,148641,170908,340722,153774,182097,346080,147604,194722,745670,396511,92928,228142,17748,18697,2600,576660,323933,60800,169543,12771,13433,1813,94608,102796,135693,94143,81218,82705,80819,49715,24531,54340,70534,4156,140460,27427,62206,4991,104364,22805,16852,16100,13175,14637,13873,14593,14599,14726,15345,13293,23568,29659,37661,11112,18803
NC-04,NC,4,357301,246910,92998,396893,281375,106823,420149,303334,109939,436896,312412,115447,745671,395824,85915,162837,91532,14955,1034,574606,320577,56330,124857,64835,10683,736,87620,105288,102823,109176,105246,90108,77471,44249,20968,37055,154185,26967,67665,92455,33438,21878,65186,30841,6601,22962,32428,7199,8372,8064,8971,9020,8324,8847,17771,24100,33365,49170,11495
NC-05,NC,5,361478,148539,199157,384842,163417,212810,400898,167125,228735,408268,165404,237629,745671,507354,59024,146858,20317,16024,925,596194,421313,38431,111648,14529,12141,654,77287,100920,101749,84645,89467,101135,96902,62582,32564,51798,83916,6619,148605,35934,70977,6469,109036,25274,17408,16947,15494,16231,15145,15115,15389,14052,14171,13762,24338,26686,36936,15349,18359
NC-06,NC,6,328056,125701,189948,361402,148273,204594,381619,157036,218933,391691,159349,226292,745671,466399,80826,153914,31495,18475,1005,578293,382738,51069,111667,21727,13484,634,86956,100124,96006,92734,95039,102273,87182,57692,27383,51073,98260,5788,143295,36491,58145,7505,109486,27869,12472,17924,18944,11386,13264,12720,13344,13166,14031,11892,23255,28143,40600,18351,14485
NC-07,NC,7,347162,145404,188896,389123,170926,209262,415809,182076,227833,443202,188294,249694,745671,478702,61609,160874,15766,34276,2172,593673,400999,39354,119140,11043,24895,1379,82119,92200,95819,88946,90749,96967,103242,72396,28611,58147,106248,5930,138337,43067,46523,10477,118303,28649,13695,19331,21178,12384,13311,13281,12216,11539,12529,12113,25172,29538,39758,20446,20006
NC-08,NC,8,333489,125654,194792,372257,148845,215214,397224,160781,231187,409708,162358,241622,745671,453271,69986,137312,31786,57697,1013,563332,358376,44048,99678,21043,41818,685,91489,111103,87003,90457,102950,104491,83779,53305,26479,49136,111894,4832,130202,42880,56073,9077,99294,25208,10277,19553,22747,9532,9662,10340,9846,9802,9044,9600,17079,23235,33666,32496,12947
NC-09,NC,9,316101,126298,178638,350917,149080,194283,372135,157604,209219,382677,158552,219095,745671,437637,94277,177432,20803,25877,2651,577673,359252,60786,129182,14884,18440,1736,92588,97957,107757,97911,85800,96089,85803,57287,29277,56209,91085,5143,138847,34382,54390,6364,117810,27562,12782,16994,18039,12237,12326,13077,13884,13263,13014,12120,23881,30751,38634,16799,14858
NC-10,NC,10,340665,134426,192722,376098,154379,212684,397624,164108,227817,416353,168702,242192,745670,493055,84946,130655,24131,17568,1131,581822,404468,53640,96473,16563,12711,767,84585,102184,95018,90424,94065,104891,91292,58215,28943,53076,101994,7586,142266,36877,56929,9791,106458,27030,12078,17571,18820,11919,13350,14271,13689,9999,14109,12359,22738,29450,39820,23784,14768
NC-11,NC,11,373237,148019,207561,410882,178627,222117,433723,189678,237270,441237,196314,238078,745670,613832,57087,33066,10934,29250,1914,609924,516985,37835,23682,7822,21489,1302,69673,82147,84569,86695,91564,98971,109569,82461,40333,56541,113562,7845,148201,51329,51449,12328,111512,26877,15809,18693,16968,14275,13534,14383,14954,14433,14098,13004,22946,31191,39590,18899,15042
NC-12,NC,12,301193,213377,73884,334024,240913,84314,354216,262589,85342,355661,254946,91834,745670,267498,131029,295073,48891,15630,1213,580319,229032,87967,222293,36903,11502,852,95460,92002,133345,128538,96483,85019,65394,33298,15953,41165,141324,5577,88947,56613,56587,13462,96395,27885,10338,19711,22379,9451,10755,11695,12733,12525,13334,14117,25845,33019,38539,30526,14451
NC-13,NC,13,314339,119692,182050,361944,147596,205976,389550,158090,225136,425637,174774,244879,745670,470899,97421,149850,13969,19679,1678,562248,372444,60116,109385,9134,13717,978,94146,107202,87346,97196,103200,106156,86027,51995,22354,61126,100647,4963,135757,36326,55338,6604,110429,30129,9894,21575,24027,10138,9305,10968,9424,9007,10078,10077,19675,27764,37219,23337,11549
NC-14,NC,14,329755,123066,193665,370642,150130,212150,395579,163301,227009,409053,171063,232469,745671,504554,64454,128834,33737,17461,978,579505,410318,42164,92298,23232,12850,648,87983,95726,86667,95360,102332,105757,89620,58035,25911,55031,114917,5020,132197,46914,54470,8119,105753,28060,11338,19465,22751,11218,11239,12351,11673,10654,11574,12417,20289,27248,37170,29534,13512
ND-01,ND,1,344360,93758,216794,337384,98083,225714,362024,115042,235751,368155,112327,246505,779094,636160,33412,34499,18675,55777,2086,596093,503153,21603,21444,13192,35031,1361,103358,104054,120021,108904,83712,86928,86967,50116,32814,72298,113131,5710,132137,33064,32907,7189,109820,34919,11619,25356,26887,11178,11278,12309,11189,11145,11669,11621,24520,30577,44389,26742,14640
NE-01,NE,1,271143,101993,151680,259731,104881,147409,316213,136856,171834,318301,136153,177663,653822,509174,71208,33246,25567,16109,1381,495560,401792,44433,19981,18138,10566,898,84025,92163,102511,86187,74856,74466,73076,42164,23987,50099,95507,6854,101912,38502,29358,7224,89696,28346,6984,20259,22211,8070,8638,9696,10790,9561,10053,10926,19659,26121,37037,19636,9826
NE-02,NE,2,265036,122402,127556,257031,121150,128826,313187,163346,143563,316693,163541,148908,653847,443338,83564,78430,35895,17015,1391,484492,348415,51311,50868,23937,11089,922,92983,92677,88169,96864,81726,75423,67767,37817,19410,36070,112517,7229,88027,44472,34371,12776,90320,29096,8748,19561,24002,7403,7901,8417,9497,8161,9318,8611,17266,25358,33148,28721,11238
NE-03,NE,3,291997,60099,216725,268242,61283,201755,322312,74381,241449,312165,70301,238245,653835,532175,79943,13097,7544,22136,1297,496075,419048,49553,7803,5269,14009,807,83316,91944,75747,75759,71270,78252,86817,53660,35903,53118,72077,4077,135934,23163,40568,5032,104382,26998,11203,16433,17015,10864,11709,11972,11303,12004,10874,10843,21594,28469,37133,12116,11590
NH-01,NH,1,372167,170707,176898,389622,171723,206973,403198,210310,186410,413940,208186,199942,688764,601086,29821,17875,22820,11912,915,560816,499334,19760,11525,16617,9099,624,66532,80725,91014,87291,81001,104500,93924,56027,28594,51869,122958,6951,128384,57433,29839,9142,89005,30779,7782,24549,31791,7016,7415,7559,8016,8173,7486,8400,17628,24096,36624,39836,7888
NH-02,NH,2,372129,177819,168892,387691,179519,197029,400635,214627,179250,412249,210302,195581,688765,599563,29633,15123,24041,13556,877,559864,496417,20040,10247,17205,10205,591,64947,81371,83483,83853,83336,103406,99350,61032,29224,48672,113231,9991,142590,58945,31885,10797,85661,30602,7552,22601,31239,7745,7970,8477,8762,8338,7397,9409,17230,23273,35018,36328,8137
NJ-01,NJ,1,339091,203453,124314,295139,180873,108076,402401,247673,149308,377328,220362,149993,773585,459821,115580,149917,48631,13847,1402,604707,381282,76390,107906,36302,9840,979,91307,96279,103298,103878,94984,104769,93471,53416,29156,44033,114589,6548,160694,47354,48847,13245,97267,30746,10197,25179,32285,8002,9388,10228,9653,9276,7825,9300,18341,24733,37648,36545,13647
NJ-02,NJ,2,342600,153433,177679,303242,140199,156048,410267,192116,212723,376636,160517,209709,773584,494194,134110,106165,35010,16672,1509,616758,415583,91163,77944,26215,12116,1032,83965,96534,90976,92625,89523,108676,109208,70211,36222,43063,104194,5072,188541,41698,59337,10327,98966,31455,10811,23484,29426,9101,11755,10951,10987,9935,9802,9653,19963,27082,38054,34151,12744
NJ-03,NJ,3,369116,195590,160578,328184,177465,144280,440507,248448,186277,385350,204031,174088,773586,491248,87333,113155,75966,11462,1205,614191,404599,60160,87116,56304,8355,861,82004,98150,92329,93470,102409,116727,98071,58731,35310,42081,153732,8642,132639,70509,34000,15538,92377,32438,4550,24971,38431,5208,7064,5992,6398,6703,7262,7267,14334,21363,34673,62862,8552
NJ-04,NJ,4,348975,120268,217894,314584,115960,192347,428872,163477,259866,403670,136916,259999,773586,622261,79615,35144,25309,9370,710,589130,482913,53575,24859,19149,6746,499,105168,100842,86609,83212,81895,100128,102599,72399,42132,41570,131264,6272,152545,55039,31902,12343,94036,29416,6524,24238,32483,7658,9288,9299,9646,10297,8477,8891,17787,23386,32557,49660,9554
NJ-05,NJ,5,364588,190410,162315,322139,173600,142137,432502,240337,186713,393138,195238,190272,773585,457907,125578,56183,133911,9046,1034,610580,373723,91062,42867,101764,6469,804,81906,100083,83543,87613,103033,118303,99435,59616,38732,35152,173559,11720,109902,81169,30147,25301,78889,27286,4970,24908,38851,5502,5629,5740,6448,6110,5907,5642,12071,18286,28333,79771,8070
NJ-06,NJ,6,290786,168248,113095,250095,145394,98940,334105,197763,131984,317497,163739,144525,773586,323138,189896,102923,157258,12083,1179,611210,276011,134818,77733,120399,8782,912,88178,100313,108570,107036,98538,104449,91189,47140,26672,36219,132461,8392,131889,66217,58129,12109,82470,30011,8315,24563,34426,6965,7806,7118,7077,7734,6817,6446,14276,21623,34783,47710,11090
NJ-07,NJ,7,388097,175248,197287,350711,163809,178584,462052,235720,218813,438977,210218,218352,773584,547950,94192,48691,74242,8849,863,609441,447713,65743,35818,53000,6405,599,82325,101960,80720,88510,102862,127182,100408,59748,32605,36496,170507,13270,115206,90064,26298,20705,76310,28388,4431,25088,40417,4653,6365,5603,5236,5580,5740,5688,12407,19389,31024,84573,6905
NJ-08,NJ,8,216168,163542,46366,176772,134021,39106,239751,172263,64970,217048,135768,74966,773584,192335,394709,90811,99570,17962,1738,611790,164003,299470,68409,81566,13668,1364,92828,83030,118957,146150,105735,90491,66103,36389,21660,24019,124036,8802,143093,64505,93513,12718,67235,25539,14207,19521,27810,10051,10487,11760,10234,9430,9268,10478,18486,25399,35478,47626,15348
NJ-09,NJ,9,271851,165009,99667,225835,137288,83916,315008,185789,125877,273696,131176,134622,773584,295557,321423,88057,77759,15691,1314,601128,245792,234804,65585,60860,11499,959,92272,96534,104623,107903,102131,101838,83537,49799,25745,31635,112093,5560,165042,44881,73848,10066,82245,27509,10454,20105,27742,7828,8827,9656,9511,8390,8080,8599,16477,23166,32285,40754,12510
NJ-10,NJ,10,265683,217131,43223,221244,180562,37271,292250,236302,53598,254100,185281,63876,773584,145060,164996,413874,55759,11889,1514,597968,121366,120022,315201,44871,8731,1171,96719,98255,109319,111497,97951,100351,77826,45225,25808,34068,103955,5444,158012,44104,66642,8973,94880,25371,15538,18666,23597,12029,10146,10056,10948,9797,8504,9466,17687,26755,30745,30203,22237
NJ-11,NJ,11,369254,198538,158881,327047,181866,139076,437004,252518,179005,394595,208082,177521,773584,476809,127683,62124,103444,8804,906,609524,390025,92745,47561,75748,6346,669,85799,100655,87338,92829,106123,113554,92807,56749,34549,30220,175172,14590,99596,95915,28538,26039,66998,28239,4012,22307,37670,4150,5069,6305,5286,4873,5481,5936,10754,18782,29522,86392,8231
NJ-12,NJ,12,307837,197408,100634,268282,171848,90727,354634,235929,114140,330374,197885,122377,773584,308278,166222,139348,160007,12190,1245,604883,263386,116047,106823,117700,8700,953,89523,101633,93980,97170,105618,108639,88777,52159,31133,31507,140746,17265,117466,83795,50540,15069,73333,28599,8599,22308,33699,6058,6447,6438,6428,7428,7715,7467,13955,19041,32628,61204,11032
NM-01,NM,1,309924,146886,122247,321512,174841,133746,359119,201152,149216,353679,194852,150029,705832,321344,288643,29771,29953,56141,2555,564033,278556,212166,20639,22125,40712,1748,73972,85367,92019,95669,83924,88650,96859,59478,31679,46788,104390,13494,109112,59549,41069,13705,116151,27353,13411,19873,22680,12990,12287,13010,12581,11259,11716,11919,23218,28261,36934,22962,18733
NM-02,NM,2,225412,107186,93613,232053,121272,102644,264910,137454,121870,271734,130545,135450,705846,207762,423032,22640,13380,58605,1961,534358,177682,299999,15151,9810,42357,1383,87373,104872,105339,90251,81483,77362,78813,51133,26769,41078,60645,5231,130893,32729,76652,4886,101601,20714,15761,14941,13253,12794,14621,11951,13659,11058,10166,9649,19643,24812,30589,9844,18091
NM-03,NM,3,262983,131162,103807,267058,147264,111475,299936,163008,130808,297983,153404,137906,705844,243846,299136,15998,12664,148869,1496,540598,207824,214599,10632,9287,105408,1073,84166,96975,88938,89653,80089,84622,90596,58412,28000,40819,65670,9048,132062,39316,66938,8241,113841,20641,15504,15117,17626,13436,12642,12465,11497,11334,9740,10962,19582,24996,31109,16814,18654
NV-01,NV,1,262978,136880,110379,251386,132296,106354,324302,172630,144981,335236,168436,160856,775836,307272,279804,101089,79837,23651,12572,599975,263524,193093,70437,62414,17822,8557,90499,98008,97685,107381,97420,98806,83032,59731,24851,41667,81221,5181,149852,30843,83540,8725,121790,23638,10790,17238,20324,10726,12454,11924,13323,11520,12520,11443,21917,27334,38338,21339,19321
NV-02,NV,2,333869,130913,175329,325836,131935,175156,401976,173065,217352,420931,176235,234860,776235,487839,179638,24723,48322,38061,8341,611030,408010,120841,17182,36406,27546,5473,87597,94838,102402,104450,93177,100469,100929,64604,28379,51595,95969,7446,143022,39985,60836,10441,136859,35244,8645,25434,27464,9185,9848,10918,10570,10750,10288,10585,21737,29954,42798,29559,12337
NV-03,NV,3,275714,139341,120686,269796,139565,117836,363055,190170,166060,385136,187977,190808,776062,340837,164168,98106,164020,18584,18201,615841,290359,115953,69428,128321,14034,12016,88385,88624,102778,121512,109448,102738,86481,57400,26045,49058,124881,7027,139826,42476,51344,12986,134311,32147,6724,21987,28255,7877,10255,10405,11003,10280,10825,12057,21483,31209,40393,32536,15930
NV-04,NV,4,252824,132126,105664,242704,127662,102078,316043,167621,141497,343079,172380,164399,776481,289370,267296,150071,61357,25465,13419,586480,243758,179509,105783,46185,18677,8775,100019,112562,108150,110137,102278,95264,84847,54242,19649,43905,69690,3019,161823,26538,82795,5575,130261,28669,9761,18942,19789,8265,11131,10680,10820,10692,11348,11959,21199,27769,37124,17473,15219
NY-01,NY,1,376120,162092,199071,341904,172019,163831,429345,207865,215368,429463,190070,233206,776971,561390,115800,45929,47493,10979,810,624997,468355,80878,34173,35988,7943,577,78731,101317,93133,82380,92006,121475,101712,68620,37125,50752,129786,11390,125695,81992,36717,22482,85927,26861,4423,25810,40429,4815,5535,6044,4405,4979,4877,6175,12657,18456,26982,72037,7867
NY-02,NY,2,324813,144020,168577,289272,149421,134910,366587,176294,185232,362137,153928,204363,776971,438240,212259,94649,31989,15341,954,611855,367149,149958,69976,23737,10919,675,85974,97426,104841,100046,99903,115779,92311,51689,29484,54203,100047,5036,154580,61449,63673,10826,93921,28000,4625,25258,37303,4472,4730,5381,5061,4852,5324,5259,10542,15807,28220,55198,7923
NY-03,NY,3,344063,180142,151638,307793,177727,125037,394446,216924,172450,378292,178095,194280,776971,423148,116410,38098,194297,7883,1009,621713,355269,84660,29728,147447,5701,804,82359,92963,86273,84723,98611,113641,104075,67037,43913,39849,155917,12450,103452,89470,48575,32663,72145,26112,3900,22786,37723,4864,4909,5304,4980,4446,5442,5320,10231,15352,26168,79761,9058
NY-04,NY,4,352242,191158,148717,315700,188242,122798,395629,223908,166536,388641,194462,189492,776971,393800,171562,148651,63605,10312,1092,609622,322474,123665,115479,47653,7764,811,87266,99319,99581,96113,98339,108506,95227,55283,33816,43714,129811,7973,125477,74829,50907,20242,84064,24549,4192,22301,37029,4345,4724,5076,4803,4752,4305,5383,10196,15345,23131,70857,5800
NY-05,NY,5,239268,200133,34377,209428,179664,27649,267618,216236,49325,242000,170189,68170,776971,99311,159791,363560,136686,22110,3629,616662,81185,120717,291168,107725,17359,2961,91943,99619,110069,102447,98366,115636,97612,54382,31418,45243,95289,4015,160583,45745,94378,9376,102849,27558,9795,20144,26435,6709,6566,8475,7818,7637,7504,8873,15063,21580,30909,30837,12924
NY-06,NY,6,198512,135722,56383,171000,121523,46004,233531,149650,81285,209347,109480,96065,776972,181840,193052,44171,361581,13209,1564,632721,153492,150072,35453,296148,9986,1211,82431,78439,87902,112159,101403,107234,90942,57171,36378,43874,128861,7350,137076,58640,100773,13577,66720,27411,10147,20102,26105,9083,11019,11558,9437,9401,7790,8381,18911,24085,33974,31821,14720
NY-07,NY,7,214366,180356,26490,193845,165203,23351,251314,199615,48431,235013,168187,60343,776972,283418,279031,114242,113403,19088,2479,622470,229017,218073,89954,94578,15059,1986,92266,82334,139873,150488,95147,79010,59707,34917,18772,30351,139953,5785,124224,58689,87895,12938,63764,25353,13008,20770,28859,9278,10835,9475,8972,8360,7687,8339,16206,21727,32524,44180,17617
NY-08,NY,8,237262,189197,42518,211408,174959,33093,263927,203839,57668,239380,170473,65030,776971,212838,125497,382856,80630,11103,1631,617339,179732,92987,297616,63362,8609,1266,91864,87030,109657,118020,93273,95690,87315,55899,34924,41011,117710,5289,162040,60385,79084,9636,73058,24908,21515,18766,22030,13733,12589,11244,10531,9533,9331,10367,18492,20628,32800,33076,26652
NY-09,NY,9,237301,186510,44411,214886,176520,34459,270786,204641,63636,250409,173356,71858,776971,250805,88516,361627,83509,9730,1245,601315,183860,67283,294000,63166,7574,986,99798,93596,108739,116068,93170,89245,83354,50888,28214,36970,117096,5618,137261,58752,77352,12273,79091,26500,16577,19903,23677,11211,10927,11062,9733,9850,8575,9287,19132,23652,33239,29691,16531
NY-10,NY,10,263811,224497,29053,241708,208100,26679,286330,241979,40386,276966,218940,51536,776972,378250,148760,64363,187363,12559,2375,633635,314959,116754,51557,151224,9780,2076,82622,74531,115218,141607,101016,84838,68358,44655,25063,18007,176811,16216,70083,96921,82670,34881,40695,22474,14461,18756,30505,8972,9341,8361,7276,7380,7108,7023,13075,17394,26978,92189,19214
NY-11,NY,11,247539,110014,129447,223047,115992,103209,295501,134686,157195,272725,100628,167092,776971,399675,142031,69607,171567,12439,1224,612426,331023,100842,50170,132718,8915,944,87180,92233,94635,101870,98456,105449,92470,55734,31565,37225,118070,5506,148342,58047,79003,13130,75722,26082,10472,20968,30864,7851,8189,8334,8046,7004,7709,8180,16537,21120,30821,40743,13487
NY-12,NY,12,326197,271195,41591,297071,249223,40808,343316,291101,47205,339053,273954,58314,776971,506527,87200,53070,126732,6980,2127,682247,451233,74491,44697,107918,5862,1888,55034,45635,114315,137590,89556,86570,78517,65193,40164,16187,217603,29542,39608,144532,22548,63628,40966,32018,10988,23995,41060,7481,8593,7323,7092,6425,6109,6570,12952,19292,30183,137320,19014
NY-13,NY,13,265125,243798,13951,231955,213250,14017,276080,242573,30506,239540,188808,46800,776971,119776,406407,265285,49320,23198,2701,632159,106775,318682,212653,42186,18398,2134,87943,90955,139340,135774,105256,99555,80622,45801,27820,31806,111842,11245,127695,61078,128801,13555,88599,22749,28534,15946,18007,16235,15814,14004,10280,11247,11579,10096,21020,25782,32253,24889,32916
NY-14,NY,14,207289,168835,32688,179725,149129,27331,231260,178044,50778,203123,131879,67385,776970,142925,406921,157196,103327,25333,2429,611762,124593,308929,119221,81730,19229,1812,87848,87879,110881,120332,94491,90257,71634,42423,24428,39886,88791,4132,140756,39938,113683,7119,72052,23453,15096,17549,21791,10242,11328,10932,10282,8993,8777,7921,18878,22628,29992,21260,20289
NY-15,NY,15,208285,187336,16789,177566,160347,15096,217715,184551,31315,186840,137445,47283,776971,72234,407458,333282,33044,22018,3025,588371,60740,300901,249394,25523,16278,2280,104503,110015,113428,106887,94949,97069,72196,40860,24254,38495,67816,3673,137837,29527,128590,6856,82143,17904,28870,12379,13835,16234,14833,13136,11161,11621,10939,10788,19568,22725,30405,13806,32623
NY-16,NY,16,306815,215230,80794,274123,200544,69119,334601,240160,91076,326298,216167,108141,776972,308656,223639,195980,61243,14370,1320,606530,252636,163055,153275,44774,10669,994,88109,100246,94761,97048,103417,106138,88631,57697,37430,37731,126378,10997,106413,87302,65715,29216,73037,26816,10419,19690,28838,7686,9124,8189,7137,7389,8270,8565,14018,19545,29657,68550,14780
NY-17,NY,17,345213,179410,151619,311493,176452,128703,386978,210411,171524,389343,194302,192139,776971,500513,154546,71329,47291,10542,944,585311,385031,107811,54740,35071,7603,696,98477,108486,92304,87718,91741,110185,94503,56952,34361,37822,132725,10951,103293,84959,48026,22534,77676,24020,4965,22447,32293,5996,5928,5977,5743,6242,5230,5844,11200,16368,26935,71346,7925
NY-18,NY,18,319816,154068,149466,298230,161043,129231,365344,196159,163016,371418,190676,178299,776971,490342,140558,103260,31136,16548,1179,605234,402171,97092,74428,23485,12073,830,87715,107063,103709,91318,95891,107488,96055,55979,31275,54929,99905,8020,145239,62712,48524,10910,95134,30626,8974,23550,32614,9429,9319,8728,8983,8922,8061,8568,17028,23462,32351,40896,12954
NY-19,NY,19,344146,157236,163835,321504,166503,143964,383691,196142,179031,384903,194143,187277,776971,620742,52718,50801,33974,16775,1202,635737,519418,37391,35701,27490,12710,831,71052,99278,111062,88212,85360,105779,108197,70477,37180,62827,94745,13341,159693,60991,48413,12200,87361,31641,13387,21383,24967,12635,12551,13107,11188,11510,11952,11992,23184,29825,39630,25902,17056
NY-20,NY,20,343529,180371,139718,316115,180693,124507,384479,224569,151118,373934,211181,158272,776971,555447,55304,96916,53687,15806,1479,624146,466920,37411,66117,39619,11686,1039,79810,97120,116236,100069,91486,102865,95560,61373,33896,63576,117392,12977,129137,73994,39848,14922,85677,34702,11811,26444,33825,10819,10150,9774,10626,11200,10082,10402,21842,28925,42653,35004,14812
NY-21,NY,21,313631,116528,174775,286420,123952,153212,355972,146455,202220,357087,140758,214512,776971,680797,27119,29447,10755,22423,1304,621217,549509,19457,22232,7750,16848,837,83515,94154,100091,93282,87993,109781,107766,66253,34881,70111,77460,4895,186214,45810,56404,7591,97438,33447,13425,21214,22407,13307,13682,12922,12680,12166,12153,12280,24257,32520,43880,17953,14295
NY-22,NY,22,330885,164220,145355,308119,169687,127528,371891,202853,160633,362520,194091,166358,776971,588441,43315,91789,37739,17295,1105,616358,487243,28761,60381,26933,12261,757,84281,103983,104327,95697,86272,100090,101343,60140,35486,67984,97156,8891,142587,59474,48731,11820,90715,31438,12151,21582,25783,13062,13078,11886,12756,11128,11129,11933,22937,29671,40014,24403,17644
NY-23,NY,23,357094,123200,213225,325376,134344,182286,401370,160041,232953,395116,154428,237461,776971,685424,28159,26871,12668,19004,781,617356,554582,18313,17829,8866,13409,543,83468,94733,86017,89427,86470,113192,113769,68272,39954,75608,88953,7147,177313,57594,42629,9488,93667,33009,13579,22534,26038,12635,13060,14339,12991,12954,12472,12421,23207,31604,42106,23285,14971
NY-24,NY,24,338733,116712,198947,306281,122846,173494,378193,146392,222924,375708,143275,230018,776971,681306,32163,31199,9439,18166,960,619123,551907,21392,21211,6628,13461,653,82713,98047,96135,93259,87413,112689,108275,66518,33456,74226,78928,5113,183568,46218,52624,6767,100542,33773,11684,22747,24721,11871,11918,13023,12773,13191,12008,12697,25376,32687,45144,17754,15122
NY-25,NY,25,357079,192574,141224,325441,189692,124908,391918,231293,150712,375956,220540,151196,776971,521860,73263,137835,40480,12341,1119,618808,437969,48822,95809,30453,9020,767,82994,100608,105265,103548,86387,103671,95197,61082,35384,64490,120284,11021,122188,73047,45893,15552,85832,33051,12901,22191,28623,12320,12485,13492,12227,11575,11703,11590,21677,30511,41772,29567,16273
NY-26,NY,26,321436,181577,124893,286960,179071,100711,354431,218505,129474,339786,200098,134624,776971,501202,56553,161860,50761,14251,891,619021,424275,37489,113762,36663,10003,647,86967,91510,114794,109577,84243,99334,97565,55703,34419,61739,104434,9749,144038,59676,49331,11377,99803,31864,17919,20345,22471,14145,15915,15023,13589,14182,13758,12689,23538,32597,42859,21174,22969
OH-01,OH,1,372005,171637,183796,344730,160422,176878,405878,200126,199450,397244,191603,201912,786630,547539,29652,157029,37437,13748,1161,606393,438128,18777,111484,26521,10111,754,94703,110985,113561,108375,94872,98371,88845,50024,25496,42771,128733,10897,131587,63558,40247,14765,91518,30360,14239,22040,28379,11940,12030,11318,11488,11075,11036,11129,19443,26952,39256,38509,19736
OH-02,OH,2,353812,103858,235154,315752,102042,206929,378358,111600,261545,376022,107317,265831,786629,718703,11994,25109,8536,18488,709,616067,567707,7760,17464,6062,13906,449,87987,103075,99354,94675,95882,108175,102085,63172,31059,50453,70509,4379,215720,34689,59733,5887,101036,28481,17522,19830,18222,14646,15756,14151,13623,12739,12083,12192,22499,28881,41695,16507,17039
OH-03,OH,3,357640,239177,101909,332761,224326,101721,381894,271664,104532,358346,249431,105242,786630,433335,49377,241098,53032,14451,1234,615714,366086,32826,167620,40244,10657,899,100550,100642,136937,126187,93221,86473,74575,43604,23253,35467,139977,10499,116273,62939,42082,17231,96812,29879,13240,21742,24863,12281,10997,13423,13249,14605,13541,13573,25061,31490,41456,31800,17121
OH-04,OH,4,359204,100316,242527,327315,96733,223149,393787,114210,273297,396335,111941,280927,786630,675247,21547,55694,14579,15945,1599,601807,528111,13238,36465,9650,11368,935,94366,109369,95862,91716,99832,104485,98599,61209,31955,52449,77825,3816,208593,34779,43944,5432,108114,33228,11419,21490,22344,11406,12104,12214,12464,13395,13057,13234,24270,32558,43523,18285,13312
OH-05,OH,5,356252,134880,202111,321010,129313,183258,388919,150175,232535,387528,145964,238010,786630,648723,58729,52474,11887,16019,834,617589,523448,37924,35061,8374,11775,586,90360,102445,103267,92423,93833,105057,101003,62028,35519,53908,80172,4856,199013,36796,44457,5992,112193,31246,13638,20555,20838,12101,13688,14119,13629,13758,13608,13146,25440,33229,43159,18076,15880
OH-06,OH,6,358366,126116,217308,320361,122316,190520,382138,131306,245482,365518,118027,244557,786630,675162,25658,61524,6156,16010,721,619332,542227,16201,42319,4207,11628,478,88352,98598,94681,90331,89969,107256,109237,68584,38935,51566,69641,3070,231934,30027,59359,4490,101744,29353,15671,18637,17129,14934,15022,17193,14718,14266,13706,14578,25668,33526,44583,12243,17695
OH-07,OH,7,393850,164824,211861,363000,159715,195023,436786,194811,236653,426048,187691,234785,786630,678794,28927,32769,29809,12405,785,627367,552216,19008,22404,21247,9068,540,84991,95550,86687,93143,94434,108977,110600,70328,38286,48443,128460,6974,162634,58584,32992,13916,107144,36068,8219,25734,29322,9282,9660,10715,10875,10992,10486,11384,25044,31818,47284,34457,9696
OH-08,OH,8,387084,146732,223385,352519,138516,206504,414210,173573,234543,402587,167929,230834,786630,577386,37566,119943,34920,15616,1515,606853,463289,23195,82341,25199,11343,987,97016,106043,97771,99380,91547,103240,98518,58242,32841,43728,113889,8399,167044,49247,38343,9119,100123,32937,8703,24220,27764,8899,10737,10880,12443,11228,11753,11616,22532,30257,42097,28814,13901
OH-09,OH,9,375717,168618,186743,333769,156655,168773,392775,179884,206332,381139,168624,208947,786630,591847,54865,111971,13949,16087,720,611413,478591,34739,75784,10059,11721,466,93614,102855,97865,96194,91990,103428,103465,62580,32920,57439,90952,5187,179103,38933,44309,8358,116915,32565,15468,20831,20899,12051,13050,15375,13705,14070,13455,14030,26518,33055,43953,20189,18719
OH-10,OH,10,370936,161065,192717,335507,148793,179124,391473,181210,203762,379147,172975,202500,786629,559662,31642,150861,26646,17993,1404,614280,453879,20414,106565,19322,13383,950,92721,101175,109286,99973,88391,100477,95638,62664,34166,53055,96272,7419,148376,53885,43655,8970,123592,30141,15411,21791,23251,12949,13613,13329,13734,13853,13427,13310,23459,32580,44750,23398,17425
OH-11,OH,11,358591,282881,65718,316156,247082,63442,358409,280544,74107,320521,247372,70858,786630,320534,61809,373227,28852,12337,1104,622351,277075,42831,275960,22634,9260,790,88214,93603,118847,107172,88127,98396,98224,55544,33228,43044,95348,9783,152130,49451,61831,17937,115345,24007,26181,15829,17775,20308,17440,17999,17807,15482,15548,15631,25199,33474,36757,20395,33397
OH-12,OH,12,354744,115143,223201,330689,114388,209264,405493,141032,258365,410144,141594,265024,786630,678141,16351,43073,29484,16100,819,596931,525104,10058,27313,19719,11564,529,97361,109951,90873,94770,102425,106838,97602,57139,30954,47060,105789,4928,177429,46605,44258,8321,97834,30418,11188,22933,29059,9578,9570,10719,11159,10212,11006,10319,19859,27198,39043,31578,11362
OH-13,OH,13,370229,186781,167088,337855,176277,153613,400322,209165,185484,390355,199819,186970,786630,588657,21489,124949,32818,16440,863,624573,486586,13986,86307,23137,12013,547,87351,97139,107229,96443,92362,103720,101908,64380,34202,45503,113652,7495,164561,50262,39721,10475,113262,30048,15629,21653,24880,13474,14520,14694,13411,13923,13111,13109,23697,31244,43344,25902,17071
OH-14,OH,14,384397,153445,214436,351303,149371,193541,422570,172571,244475,413435,162913,247101,786630,681902,24928,48068,10974,15144,683,627650,555927,15542,32679,7811,11000,469,81629,95807,93160,87100,91764,109635,114609,73398,38879,48187,96827,4520,203057,41073,48473,7419,111574,33771,12562,22238,23569,11172,12842,13842,13488,13038,13392,13953,24549,32819,44130,22596,14006
OH-15,OH,15,327346,138691,173051,300889,133875,160423,367368,167294,194272,360648,160499,196618,786630,578503,46774,106703,38224,17606,1030,599242,460518,29529,69218,26938,12781,693,100202,102201,101529,117717,103184,100490,86896,47134,22942,42306,107717,6265,168403,45998,53000,9937,103533,34973,11229,24631,25931,9294,10891,10062,10849,11611,13178,12085,23741,33313,41596,23045,12249
OK-01,OK,1,295222,97934,179882,284651,103964,169458,320366,121871,190281,314995,120247,188086,791871,453790,109570,91759,33959,116914,2236,597950,372186,68384,61502,22946,78222,1352,105837,111069,107524,111045,97361,93321,87144,53003,26251,47744,110413,6285,137483,39647,50806,11650,119645,30509,11088,20595,22676,10177,11545,15095,12057,12530,12998,12509,25554,29937,40087,25572,16461
OK-02,OK,2,301291,68868,219041,285375,75339,200814,321517,72000,243615,325621,69690,250807,791871,478909,44111,38478,9256,231916,1962,609272,398595,26431,25892,6194,154864,1109,97970,107077,99356,95830,92016,100468,101224,68696,35054,47044,70716,3439,201923,25045,70707,4302,118568,24270,17436,14790,14230,15658,17200,18779,15058,14393,14211,12924,25224,30829,36428,11689,18916
OK-03,OK,3,266306,65688,185731,249978,69526,171362,279059,76638,196075,274858,73264,196545,791871,476024,160404,54778,16917,94321,5410,594875,385075,100974,37103,12279,63107,3082,106872,116646,115164,106542,92155,90967,82981,52421,28787,38776,71905,5027,174854,26449,76092,3964,109771,25100,15655,15769,16015,13600,14351,16445,14064,13590,12614,12753,26087,30414,37396,12005,19004
OK-04,OK,4,289633,84987,187332,277041,91675,173857,312061,104031,200483,311317,101422,203949,791870,506779,79628,83688,28547,105607,3321,605586,411298,50555,55508,20758,70078,2151,95917,112221,122840,108213,93455,91434,87696,54547,27915,41243,88355,7141,164263,36760,49998,7380,123511,28970,12088,21044,20894,11379,12257,14454,12492,13024,13519,13074,26024,29966,42097,16517,16329
OK-05,OK,5,300540,102898,177150,294570,111787,170823,327696,129350,189826,339241,134833,196699,791870,491686,78218,113995,34935,85073,2097,603015,396700,49277,78904,25158,56921,1297,104124,106508,109443,112323,97082,93410,88679,55955,25954,42322,124350,7537,128631,49512,42090,14861,121066,29922,11327,21105,24257,10069,12764,13801,10323,11321,12924,13329,23413,30124,42329,30007,15281
OR-01,OR,1,333070,202099,93579,364978,238623,108810,395512,268304,114116,368037,245702,107307,706209,462669,105954,24784,87668,24160,6827,565011,389985,71727,17100,65067,18199,4655,73291,80942,100333,116534,98140,84985,79287,48372,21414,41099,135487,16383,89606,64448,35136,17401,105740,30316,8264,24938,33816,7100,7735,7887,8714,8937,9066,8513,16597,24325,38576,45833,11232
OR-02,OR,2,323892,101332,191223,351586,125927,209664,381197,138802,231497,367425,128291,227577,706209,532626,102458,10477,15049,41556,4923,558745,440143,66105,6633,10567,30130,3214,77339,85330,81214,86215,81184,84536,103395,71154,34733,48861,73584,4206,148534,30593,53905,7810,136139,25985,12372,17397,16958,12139,13105,12228,12040,11144,13188,11800,22050,28247,38724,16051,14204
OR-03,OR,3,329908,219816,77122,359992,253935,89930,389868,280723,97583,351633,248749,88287,706209,455231,99967,54453,69838,27327,8651,562802,382318,67601,37804,52847,20395,5913,74139,79625,92859,120892,105938,85125,77246,43751,20929,43187,127473,7717,101567,55136,46194,13804,112145,28777,9218,23760,27696,7732,8033,8499,8260,9243,9669,9178,17997,25792,37192,33446,10782
OR-04,OR,4,353364,171251,143081,380132,202986,157962,410411,224384,172533,391308,211865,164980,706208,558236,62629,14067,30355,35968,5045,581229,472942,42694,9405,23617,26796,3447,64643,83188,106345,82140,78584,84352,101516,70575,34553,47721,92850,11297,119248,43794,36092,10320,134719,28624,13679,18811,19320,12925,13079,12156,12177,13261,12809,11183,23331,29055,39065,19502,16499
OR-05,OR,5,351454,161179,151130,391453,198184,174673,427100,225528,188045,415589,217920,182245,706209,556406,71089,13615,33808,25491,4788,557469,454237,46428,8538,23974,18687,3156,79724,84307,82748,96196,93570,89655,92618,60797,28836,48537,118037,8343,110770,47276,34483,13082,125811,30076,7346,21700,29359,7179,8514,8414,8812,8662,8965,9695,19261,25690,38120,34208,10537
OR-06,OR,6,308344,146059,125501,338926,177659,143999,368952,202149,153928,351400,188863,149183,706212,470990,146660,17296,38578,31224,9475,545396,386650,94839,10975,27713,22524,6134,81934,94858,98414,98014,89561,83491,81491,51869,26493,43585,106754,6798,104337,41784,47492,9782,120029,31043,8549,21692,25358,8089,8292,8141,8981,9370,8767,9273,19511,25871,33077,27817,10200
PA-01,PA,1,402738,195159,192317,402348,208430,186135,466261,241494,219860,473750,235347,233794,764866,610806,46406,40390,55699,9290,783,608853,500797,30349,27591,40786,6696,543,77346,94746,85377,90469,93802,116039,106769,62977,35972,45521,141696,10620,150576,70254,30436,13979,84087,32024,4788,25976,38350,5560,7412,6811,7097,7685,7330,7427,16005,23239,35210,58102,7728
PA-02,PA,2,297780,218914,72232,270167,200758,65480,311388,221033,88070,294771,198243,93017,764865,286229,188767,216157,81027,11439,1794,592591,244883,131308,155484,62737,8472,1365,100974,102787,106150,118928,90955,92485,81507,45467,23131,32704,84486,5788,177121,37627,86083,10333,81554,24119,19811,16605,17615,14837,15094,13089,12767,11898,12150,12276,20643,25549,35285,20233,23007
PA-03,PA,3,378614,340416,30380,358767,324021,29786,397131,357958,36748,392226,345301,42202,764864,246457,45569,413200,61017,11050,1280,629365,222395,33629,320864,51368,8588,981,81524,85944,145849,133935,77988,78850,79368,46004,26441,29985,113501,14904,134110,67129,49881,22091,92294,28070,21644,16277,21749,15849,13219,15238,13334,11528,11725,10323,22393,30468,37592,30229,34033
PA-04,PA,4,391456,215499,160945,393902,229888,156454,456826,269145,182670,467816,268450,194506,764865,582314,44623,75527,54031,8775,762,605135,475478,29137,54378,38962,6222,512,82050,95313,87341,95147,96696,108066,102072,58596,39536,41136,148474,13163,138405,77476,29066,19828,75821,31081,5575,26785,35827,6150,7245,7494,6516,8025,6669,8035,16359,24042,36701,59451,8953
PA-05,PA,5,378873,238669,128728,369834,239379,124749,420224,276124,140476,418716,267100,147213,764866,444427,48208,205169,61977,9628,934,594459,365957,31662,146654,45182,6847,686,91268,103440,99953,105279,92826,100046,89193,51153,31030,39961,120176,12735,143064,62838,36985,17598,84932,28945,9407,21517,28045,8072,9779,9044,11502,9185,10001,10401,17317,23873,34859,44682,14074
PA-06,PA,6,359608,188382,156447,358761,197319,153180,414314,235146,174183,425079,234612,186122,764864,529533,125169,61429,45534,12609,1169,588040,427673,82272,43258,30945,8698,796,90603,107272,94485,94201,97501,105292,90874,56240,30046,35972,146277,12858,122485,73331,41158,15153,71836,28205,7411,23890,33124,6619,8082,7402,8389,8016,7482,7526,16362,22406,33750,57909,9537
PA-07,PA,7,339007,158280,167931,331652,166598,157633,396479,197109,194646,410973,196712,209881,764865,524516,146250,66126,29717,11738,1038,606167,440493,98047,44286,21716,8444,729,82007,101539,96474,95577,92774,104435,97201,60981,35866,51181,102708,8249,180302,45501,48690,9134,87513,31393,9626,22723,28137,9580,10325,10975,11328,10821,11409,11139,22333,26057,39116,29073,9942
PA-08,PA,8,332114,147574,174440,322731,161233,154463,381384,183204,194298,390938,177078,210297,764866,570830,100601,69281,20186,12091,1147,615677,481366,67114,47272,15070,8678,753,78291,93986,93279,91008,90345,108873,104283,67583,36486,54515,87003,5817,199358,43261,50014,7643,96565,29802,14018,20388,22137,12299,13204,13261,13423,12367,11834,11803,22015,29583,41327,18612,15161
PA-09,PA,9,338111,95521,229294,328237,108816,210881,386873,119971,261280,398490,121849,272916,764864,669737,44306,27688,10160,11451,914,610368,545984,28370,18578,7211,8339,616,81201,92888,90044,88575,89104,106933,107659,68316,40404,52417,77504,4704,236000,32451,54253,6393,81448,31271,11445,21000,21926,13171,13942,13352,13346,12741,12982,12471,24046,31287,42469,16722,13027
PA-10,PA,10,347683,149131,183631,344832,161274,174967,399547,188628,205129,411822,192786,214312,764864,544794,72462,101805,41079,12109,1180,600698,448938,47283,68934,29488,8761,797,88306,96683,95954,100647,94203,101180,97164,59707,32889,50505,111350,6560,179564,48168,43323,11536,84162,33412,8306,23430,28385,9282,9378,10629,10411,10964,11941,10976,22890,31748,43982,27620,14313
PA-11,PA,11,341583,119074,206105,339190,130528,199525,397045,153328,237727,412526,160180,248304,764864,625709,70434,41832,21199,10785,897,591963,498270,45997,26950,14813,7710,563,92514,102006,94384,94587,87753,98087,96903,60373,38967,42029,98196,5839,187080,42513,61381,7729,80099,35914,7200,25907,26885,7639,9453,9247,9965,9494,10056,10040,20505,31402,43538,26687,8433
PA-12,PA,12,394333,225154,156162,378447,232214,137277,429646,255294,169595,429277,253676,171379,764864,557398,21121,133410,40854,10487,833,629692,477362,15269,95178,32534,7609,570,73644,87190,116035,108430,83518,95204,100837,60969,38662,57961,125986,13085,154821,63179,29872,15151,87478,32540,16009,22170,26761,14141,13277,14274,13673,13871,12865,12132,22910,30145,40160,29461,21462
PA-13,PA,13,346434,87050,247592,338347,98250,232506,400148,107201,288136,413208,110800,298889,764864,685539,27923,28330,8131,12151,755,608305,555296,17552,18063,5797,8796,469,82696,94521,89030,87344,88917,104817,106905,72312,38842,49447,73000,4414,244047,31290,52016,5992,82275,31925,12438,21804,19594,12673,13319,12681,13775,13780,13477,13428,24118,31721,43870,14690,12494
PA-14,PA,14,362759,117354,233777,351158,133973,209404,412029,138883,268695,421591,138811,279249,764866,691321,12146,35308,7699,11304,782,624593,572257,8304,24619,5495,8276,500,75101,85443,90455,86351,87882,108728,114974,71840,41991,58118,91809,5387,225774,40443,39618,7349,86340,30824,14985,21528,22445,13865,14885,14296,14074,13437,13017,13418,23197,31386,43473,19964,15455
PA-15,PA,15,345283,102937,228664,333329,111913,212888,387842,119496,263047,397666,121639,272661,764864,691812,16775,20569,18712,11614,890,621955,564442,12831,16172,15457,8613,663,74398,95901,108020,86229,87115,103186,105215,66272,38914,51479,76437,10537,230006,36828,46578,6063,73121,29526,13131,17685,17922,13363,14606,14430,14299,13067,13012,12254,24641,31427,40757,14984,14464
PA-16,PA,16,360283,132836,212600,350209,144993,196616,406694,158729,242664,417766,159548,254692,764865,665554,20408,46299,14306,12168,635,610144,543898,12768,29501,9923,8764,430,80456,96130,91153,91546,86517,105192,109680,66828,37851,53718,99478,6391,207940,43171,39339,7547,83299,31768,14029,19839,21529,13928,14906,15192,13867,12453,12302,12591,23788,30783,40521,20114,14797
PA-17,PA,17,399032,194206,190058,396088,212852,173541,454518,237732,211218,457124,238977,213801,764864,626441,18447,72514,32398,10475,739,615543,518521,12366,51282,22206,7621,492,82128,82763,80329,104784,89840,103040,111195,67312,38854,58743,146274,11722,148091,68962,22501,16249,88611,32667,10732,24899,32482,10267,11473,11199,10927,11632,10869,12725,22760,31155,42609,39117,12797
RI-01,RI,1,218335,129139,75151,214602,139330,71111,240941,152965,83224,235877,140675,88768,548078,350196,101746,63733,25544,11232,1341,440812,299123,70297,44874,19920,8011,961,55306,69697,76617,75877,62313,73658,66507,42196,23631,28571,81970,7658,100820,39201,49730,10896,63954,22318,11262,16757,20055,8225,7957,7981,7853,6724,7191,7765,12233,18450,26504,23804,10470
RI-02,RI,2,245809,123386,105392,247042,140742,101341,276816,154521,116698,277477,144457,125630,549301,403854,80355,36192,22906,12125,990,446782,343312,55691,25492,17026,8636,694,54935,64729,77085,71216,64308,74678,74621,42706,24170,34842,83517,6597,106391,41610,32205,8376,74946,24050,8434,19871,23117,6900,6397,5750,6505,5851,6132,6954,14050,18904,29470,25073,9212
SC-01,SC,1,296870,118151,161864,310262,132131,172675,383012,171778,204859,401148,171283,223769,731203,498807,59591,137077,20720,15289,1603,570538,405889,38918,99209,14413,10965,1048,83649,90055,88417,94840,91554,92415,95183,68230,29515,48908,130029,7924,114178,60049,36669,14185,105215,32826,6862,23788,26944,7186,8869,8445,9581,8732,8817,10104,19546,27534,40730,36086,12075
SC-02,SC,2,312682,121650,175272,311092,130786,174743,366484,160980,199792,365657,154598,205591,731203,446768,51434,198945,21602,16743,1489,563028,360714,33556,142949,15340,12326,1039,87269,99801,93289,95791,92605,95784,89960,54969,25442,50607,106508,9001,128212,49159,43030,10510,104461,27921,10213,19155,22773,9608,10545,11482,12041,12228,11480,12424,23303,27149,40311,23870,15799
SC-03,SC,3,296781,86418,198613,291872,88660,198613,348371,106466,236993,356551,99238,252775,731204,524457,42512,137366,11378,15656,890,577297,427484,27422,101520,8411,11995,575,82365,97891,93189,85842,86346,97247,95133,63054,30953,56333,77742,7210,157429,35278,68205,6403,93050,26190,14662,16341,16282,14084,14664,13315,13424,14309,12452,11671,21612,28507,36315,15512,16709
SC-04,SC,4,289240,102317,171333,288566,109701,173235,347051,138166,202526,354171,132503,215950,731204,468620,77653,148194,24037,15395,1218,565412,379099,50888,107592,17341,11342,780,90709,96456,101101,98081,90946,93542,85239,54379,26753,47841,109534,7160,126788,48486,54146,10047,97516,27559,10540,17992,21782,10606,10511,11497,13420,12101,11318,11961,23381,28747,40142,23332,15610
SC-05,SC,5,302020,114383,175665,302318,121084,176405,365470,147082,213494,373037,141484,226482,731204,468920,39825,188617,18837,16711,1042,562685,374151,25482,138774,12693,11840,681,90200,95304,87431,92864,96523,97633,89456,58016,25898,52536,88251,3087,152553,42097,53736,6241,105852,27586,12166,18818,21855,12022,12497,12461,12718,11258,11271,10105,21978,28274,35346,20831,14978
SC-06,SC,6,305478,195181,98548,291706,189704,98062,336372,219791,111767,312822,189674,118149,731204,304061,45619,358538,15872,12507,1473,586760,261421,31196,275133,12439,9509,1030,78168,95922,121678,104508,77244,86206,90172,53502,26047,46588,84887,6769,148916,37656,63145,8782,98578,21635,16737,13449,14424,15023,15274,14237,14907,14527,13119,12901,22686,29163,33450,15280,27231
SC-07,SC,7,299956,117273,174094,300403,120932,176079,366569,147278,215672,384754,139672,241031,731203,466919,36204,201791,11220,15810,1022,588740,395217,23662,149479,8195,11752,693,75177,89626,83747,80603,85869,98611,113878,81072,29401,54805,77389,4915,183479,32872,60272,6599,111503,22868,14183,15307,15376,13846,15177,15134,14332,13677,13859,13077,23714,29403,35489,14180,20281
SD-01,SD,1,370111,117466,227731,370598,135916,230319,422609,150471,261043,426390,145799,270651,886667,705583,38741,26307,18489,98842,1642,669255,556081,23855,14956,12406,60618,1033,119122,121809,117036,116196,97795,104265,112141,64699,37279,72002,123313,6821,176062,38604,43062,10123,119000,37591,12855,24253,26048,12452,13265,14251,14508,14089,13529,15433,28468,34196,52841,22713,14690
TN-01,TN,1,280824,55039,214656,277288,62302,210212,336345,74137,256562,348338,71642,273125,767871,674765,37332,24950,9239,19531,1017,616550,552337,23185,16903,6671,15172,685,77532,91348,94978,86456,94313,108462,107007,73408,36055,44776,78646,6147,201174,31053,66850,8716,114998,25641,17618,15657,15012,18524,16674,15959,15597,15405,14609,14708,24595,32044,39028,14076,17586
TN-02,TN,2,288684,85250,186902,295094,102151,187019,356252,122697,226786,366789,118780,242963,767871,630610,41560,55734,18436,20061,1023,609503,513806,26468,38404,13658,15340,677,82660,96032,110687,96860,92584,102176,95233,65971,29546,45794,106990,9208,157455,45997,52654,12267,103017,33081,13493,19434,20601,11494,13487,13569,13582,12872,12405,12963,22352,31406,41199,23293,15547
TN-03,TN,3,290302,86971,188700,293166,98961,188764,349413,116139,226941,363211,114327,244098,767869,595689,45942,88022,15690,22483,1073,606483,484586,28990,63327,11432,17245,676,85066,94446,96819,98078,92501,103372,100683,66571,32953,48736,94040,7339,164287,39949,59297,9352,121894,29835,15715,19143,20728,12045,13916,12880,13801,14219,13258,12106,23948,30211,41337,20646,14843
TN-04,TN,4,243191,91146,139685,254619,107587,140233,308799,127153,174284,305442,114007,186988,767874,493577,100436,127320,31222,18900,1238,586572,395755,64836,90960,22069,14436,832,97940,101112,119602,113500,99317,92482,77719,44223,20406,38359,98788,6217,159760,36086,59199,6654,103091,29873,9516,18546,21385,9956,10431,11273,12050,12808,12262,13317,24776,31881,42056,14464,13769
TN-05,TN,5,271286,114891,145225,267226,116147,145075,321452,137048,178988,313204,117915,191106,767321,470406,44443,223056,14439,15738,1593,585674,373286,28365,161830,10166,11809,1032,97639,101757,107965,98128,97372,95799,89377,54294,26422,38304,89560,5719,175543,35488,59732,8067,104239,23386,16198,15830,17482,14154,13347,14357,14032,14675,12346,13021,24210,26956,35967,20730,19567
TN-06,TN,6,275190,100435,161824,290434,119052,164078,349156,136885,204568,359670,130999,223892,767876,573979,51866,106769,17615,18264,1004,612877,472354,34195,77953,13657,14280,725,84826,90787,114134,110897,92560,98066,94188,56876,27619,36263,108927,7124,170733,42153,62202,9290,105448,27645,16020,19318,20360,13098,14041,13407,13342,13499,14105,13602,25943,31771,43144,21004,18244
TN-07,TN,7,280604,101866,164023,283897,112754,164543,352687,139111,206244,363693,137061,221395,767897,572101,52737,102953,22349,18256,2085,594984,457465,33929,73012,15948,13643,1261,95233,97212,107179,111767,98029,100427,86937,51921,23579,42300,116935,11474,147787,49060,43882,14411,105154,34639,7982,23332,25950,9307,9070,9354,10430,11060,10301,11543,21812,29496,40946,31566,12199
TN-08,TN,8,302767,112444,178460,297391,118453,173473,351138,144758,201079,322855,125888,192419,768020,464865,52492,211929,25556,14173,1026,591066,374085,32945,154888,18458,10728,725,96148,106589,94012,97413,94748,98358,92035,56419,28238,37058,105579,7905,149661,49036,47322,12552,105977,28448,12129,21414,21686,10884,12003,11176,11197,11249,10304,12034,22207,26173,36989,27393,15178
TN-09,TN,9,275179,122653,143450,271702,122593,143921,327747,145783,177023,320740,125646,190879,768241,424254,52379,255381,24137,14030,949,580764,334622,32804,187460,16331,10408,632,100640,107103,99430,96504,98745,102888,88299,54443,22672,35596,89936,5264,171999,39562,59013,8179,105488,24684,13541,16893,19005,11957,12889,12664,11724,12776,13161,11450,21486,27422,36712,24808,17706
TX-01,TX,1,281960,71388,201793,276348,73502,198719,324129,89143,231048,325730,80850,241942,766987,456512,131370,149986,12466,21274,1024,585465,369670,83739,108939,8862,15937,719,98568,111036,102480,95131,89355,90149,94987,56342,32142,44470,75272,4467,152885,27929,68563,5871,127446,23825,12938,17703,18374,13494,12870,14224,12556,11881,10579,11280,21621,28715,36671,16730,17640
TX-02,TX,2,259956,83902,162725,272501,97814,168919,330840,127510,198586,337080,127854,204811,766987,377278,219272,101564,56906,21624,2454,565217,297654,145819,69485,41253,15528,1683,109342,121268,93041,110865,110554,94529,73097,42055,18144,39856,135289,7126,101642,53064,44666,9278,107694,27565,4614,23702,35144,5211,6601,6609,7048,7488,7646,8377,17459,23700,34108,46288,9555
TX-03,TX,3,256071,84177,157174,275070,103182,165424,338661,136761,195871,370352,136992,223427,766987,415627,149552,94200,91019,23390,1771,559537,323213,96391,63626,62400,16566,1156,104795,121237,90131,106275,116748,102187,71303,41627,19741,40526,136552,6321,108394,56890,43320,8453,100918,27574,5364,23507,33886,5728,7100,7407,7651,7903,7764,7621,15243,23002,34504,42190,8958
TX-04,TX,4,271225,91498,166233,290307,108931,175513,356596,143877,207432,367744,134682,225235,766987,440182,94705,80321,130942,23651,1592,576718,350322,63059,56851,89994,16573,1038,96901,112093,89596,105570,119858,101440,77162,50486,23866,39135,157071,8772,96855,80510,33034,12412,96731,28229,6752,23653,33802,7195,7462,7459,7925,7678,7709,8498,17655,25246,32435,57269,9971
TX-05,TX,5,234171,85908,139887,240195,95035,140690,285087,117612,163853,293398,113124,176352,766987,362141,228669,134474,29658,23947,1265,575347,295704,150962,95060,22003,17681,879,104670,107422,103858,111244,98062,93621,79687,45137,23681,39634,82158,4687,144557,31570,79042,6302,117756,26801,9154,20093,21446,8393,9854,11023,11015,11408,11489,10777,20744,28976,35755,21563,11320
TX-06,TX,6,242318,81387,150002,251592,93682,152480,299767,118506,176747,309826,116800,187669,766987,359233,243041,105042,44858,25215,3124,576920,292573,162723,74277,33913,18328,2012,100115,116905,107863,103711,104146,95067,77515,43686,20056,39015,99013,4287,126791,38241,75809,5510,108225,29658,6952,23555,26536,5923,7825,9956,8305,9771,9082,10497,19601,27190,35932,24962,8972
TX-07,TX,7,216246,136788,68106,230811,147431,78287,277197,180252,92917,254110,153127,93619,766987,215919,269732,133284,146116,17395,1498,592451,184825,194592,97504,112111,12829,1052,101751,92169,138435,136234,103809,86043,68673,32901,15508,29612,138437,15291,82871,67784,86779,26446,72248,25100,9413,18124,23783,8587,11895,13313,11596,11311,11456,10615,21212,27896,33033,51341,14965
TX-08,TX,8,216979,82183,126113,230531,90659,135516,286810,115154,167935,308330,109560,194738,766987,297571,261846,142464,57751,22603,1516,572866,240465,179318,100738,44499,16458,1039,104312,118096,112392,107381,103243,89267,77281,40165,15984,39002,105630,5063,122560,36164,64425,7323,107506,27867,7007,19720,22876,6686,9532,10299,10539,9740,9542,11096,18538,26821,34789,28502,12531
TX-09,TX,9,172792,80900,86073,171862,80136,88734,208344,93941,111907,198594,78639,118132,766987,192417,476484,80038,14619,22544,1059,555835,157067,325886,56937,11006,16542,742,116683,126432,112259,102819,100834,86881,69066,35839,16950,33639,43323,1680,151110,14106,126861,2556,92770,22721,10402,15694,16891,9457,11118,12284,11936,12167,10192,11185,20598,25517,33246,12335,12214
TX-10,TX,10,273455,100316,157495,289247,115400,166722,346398,144424,195622,353548,134085,213878,766987,458377,161528,79772,52840,19208,1521,607084,379564,114502,60167,40152,14552,1031,82669,104241,126928,103917,95415,95057,83332,50424,23039,29954,124686,15178,115514,59153,52480,13948,93721,25499,10010,19249,25492,8967,10120,12337,9772,9043,9891,10414,19684,25461,32806,45147,18662
TX-11,TX,11,237293,71489,154780,244895,81025,158547,296164,101256,190220,292892,94213,194696,766987,362807,296966,58335,38266,20827,2026,573499,293012,202469,40408,26867,15581,1361,110284,110625,102594,117036,98627,86220,74152,43807,22592,37892,103205,4878,123473,38521,68806,6091,116187,28968,8847,24170,30501,9225,8434,11376,9093,10485,9993,10524,20391,25708,37590,33256,13875
TX-12,TX,12,224425,79889,133181,240507,93436,141600,294495,118763,170831,314205,117738,192719,766987,381284,254786,82995,34453,23039,1948,574244,308850,171145,56726,25099,16955,1240,103473,108725,110592,116950,96657,90377,73638,42931,20002,38408,99559,4851,130200,38617,77000,8721,100618,29051,8680,20648,24006,8085,9116,10009,10913,9547,10515,10163,20756,28466,36351,28429,13001
TX-13,TX,13,255273,57807,185900,253100,65762,181986,299628,81303,213331,303909,80162,220441,766987,444351,215470,64153,25329,27251,1652,585859,362260,144047,44938,18286,20372,1083,97547,112955,120740,104813,91638,86978,81057,48382,27001,39885,84402,5725,142817,30309,69309,5005,118847,27770,11532,18540,19425,12122,12416,13422,12630,12577,12263,11867,20344,28291,38041,17305,15380
TX-14,TX,14,258022,91831,156210,266127,99570,161443,323319,124542,193976,335400,124943,206349,766987,385771,184950,132276,53395,19119,1281,576965,308968,124508,94913,38093,14013,879,103701,108879,93967,107265,105605,99683,83527,45169,21996,49189,101653,7186,129367,39094,57971,8533,117323,28169,9456,23159,29445,8443,8673,9062,9471,7998,8757,8498,17409,23840,33427,36504,13275
TX-15,TX,15,186305,102450,77141,184425,94823,86317,227421,109875,115253,227873,92600,133315,766987,117450,622979,14885,9596,12127,561,548298,98286,429437,10640,7098,8968,378,120629,133457,113933,98536,93967,77418,64939,43165,23660,26677,59324,2483,130666,20322,122181,3500,90881,18872,14970,13442,12570,12961,13932,12975,10831,10808,10198,9376,17521,23975,26132,10296,18423
TX-16,TX,16,199284,135875,51845,206514,140568,59560,244595,163993,76842,229768,131985,94338,766987,90505,628547,34815,17087,19040,2826,575747,74938,464487,23656,12433,14391,1796,105125,118205,125442,104720,92111,84904,71865,41871,24928,41490,82965,4399,116311,30801,93034,6344,105743,22285,15546,14298,14922,12852,12864,12764,13274,10850,12365,10762,20573,27775,30421,12669,19939
TX-17,TX,17,253878,90932,148062,265976,105515,153674,319296,132377,180962,320775,123163,192428,766987,422960,187315,94581,49557,22323,1940,577865,341177,124417,65715,33954,16360,1260,98951,113523,106649,107604,102852,91037,79190,48718,24455,46582,105583,6586,129152,43193,53760,7649,111664,28915,10046,20723,26008,10439,10005,10914,10934,10497,10175,10080,20407,28368,34933,28318,14065
TX-18,TX,18,222677,182804,32917,226122,183641,38612,267580,217360,47152,243493,186782,53117,766987,98096,272100,343660,57190,16893,1457,584155,86103,187931,262961,47882,12133,1010,96023,104038,118863,117198,99293,85216,72097,39905,18205,29203,88148,10064,129346,38627,90945,12645,94029,23405,14485,15248,18226,10605,11583,11677,13239,11689,11158,13241,23178,27214,33532,19470,22713
TX-19,TX,19,237096,55576,170518,235011,59792,170342,279814,73170,202442,282334,66862,212708,766987,384927,293914,61084,18348,20658,1585,578679,310685,201052,42663,13951,15494,988,102991,114877,131694,102331,85791,80535,76504,45432,26213,36709,74792,6267,139555,28733,76020,6045,104229,26473,14384,16495,17832,12725,12204,13720,12096,11130,12881,12029,22611,26429,37460,17222,17014
TX-20,TX,20,195589,131711,53152,200873,137931,57789,248457,172231,72239,227227,144230,79593,766987,123589,531165,87960,30499,23115,3012,577537,106250,386385,62291,22367,17754,2011,108662,113423,124577,121772,96227,85832,71008,40133,21363,40078,65785,4490,142809,28104,98124,5677,115293,22978,16923,14426,13839,13199,14253,14510,15446,14568,12874,14004,22976,30358,35600,9713,20275
TX-21,TX,21,305819,107136,181262,330078,127367,194796,395339,161525,227694,414749,159472,249919,766987,416457,265655,40779,34159,22343,4930,612155,350514,195204,29944,25925,17102,4128,81803,104600,121654,99884,96071,92255,90027,59783,28657,41743,136393,9724,105686,61083,36975,14758,115373,29205,8511,22512,28039,7696,9855,11729,10652,10964,10197,11450,23541,28114,41055,39144,14014
TX-22,TX,22,244343,85689,147709,263341,100061,157975,325011,131979,188014,335812,126899,201258,766987,329709,222036,93682,113903,16881,1267,561423,257479,151748,63985,80199,12186,795,108115,120354,89260,110071,115213,96334,79832,42919,19940,38555,137822,10391,102798,62862,45029,10902,101290,28932,4710,25481,34636,5849,6101,6525,7456,7051,7138,6484,14750,20289,32579,47198,9106
TX-23,TX,23,229196,100694,116622,242633,108621,128685,302861,138493,160217,319049,133969,181141,766987,233629,458207,42885,31647,17816,2560,563720,188414,320538,29422,21520,12813,1627,109290,119223,102724,106542,102271,81995,66838,42078,21058,41155,99141,6206,106864,43278,70191,10675,96811,27125,10104,20413,24701,7507,8411,8696,8672,8458,8064,8574,16975,23630,31972,27707,10539
TX-24,TX,24,310672,109846,184278,326960,128188,191255,381542,164122,211300,373064,153071,213069,766987,459976,136164,66748,86658,21006,4105,585881,371161,93052,45573,61257,15413,2702,94635,105924,92676,106723,105394,104209,82914,44488,21422,36285,167126,9123,83175,71306,29588,19786,98741,31683,4280,23677,32122,4579,6019,6379,8246,6761,7743,7802,15640,24976,37239,65193,8060
TX-25,TX,25,243776,93095,141386,251142,101512,144879,300697,124453,172083,309215,115592,189981,766987,358143,209569,159881,27639,22153,2198,576023,292948,137054,114359,20222,16448,1435,107698,113410,111912,108554,94407,93207,80008,47946,25041,38845,88329,4444,146152,35032,72450,5788,115277,27643,11152,19772,20137,10340,11120,11886,12816,11517,13016,12417,21163,29462,38504,19888,13019
TX-26,TX,26,258283,83896,161101,286044,105579,173751,356628,142670,208544,387418,144950,237089,766987,426299,155807,89220,78429,24694,1796,573937,338130,103298,61517,56278,17710,1161,98613,105096,91709,119838,116393,109300,74903,41086,16885,43660,157832,5684,101400,60011,39095,9688,112740,33024,5102,26589,37786,4366,5439,6940,6123,6909,8040,9074,17609,23980,37208,50641,7428
TX-27,TX,27,243786,88069,144737,254486,99382,149708,306351,124288,177080,324199,125739,194368,766987,337561,341748,61457,18461,20604,1365,575420,277142,232963,43358,12877,15392,879,105014,111986,94331,104360,98877,93820,90535,53015,25738,37260,88531,5003,152705,29970,80849,5846,112401,29794,11660,19758,21964,9168,10042,10576,10976,9676,9848,11067,19942,27367,38282,25231,13620
TX-28,TX,28,166497,110629,50057,164526,99714,61601,207339,112597,92662,199009,88409,109042,766987,56903,696384,5667,5991,11025,515,542258,46612,485321,3875,4475,8148,341,125338,137674,112204,97406,91868,78272,63006,40021,21509,27072,57355,1815,114562,18136,141413,3842,81381,18133,16405,12319,10918,13707,13483,12757,10336,10702,9602,7900,16439,19884,27612,9915,18937
TX-29,TX,29,159358,115299,38295,161214,115754,42486,197198,139870,54929,179752,116000,61311,766987,82842,448422,209561,28485,23753,2070,548260,70287,305260,149743,22489,16959,1438,123492,124381,118456,122655,98307,87700,64280,31009,12742,31309,55925,2665,137370,19258,135951,3855,92389,20837,12632,12241,15648,13039,14171,14537,14439,12466,10880,12552,19950,24218,30584,11328,17138
TX-30,TX,30,222835,170966,45781,228690,176107,48429,268096,208565,56392,244001,177406,62648,766987,102175,273333,354132,38669,19694,1358,555763,85725,179834,259120,29095,14107,902,116731,132333,107185,104231,102743,92554,72587,37626,15501,34595,72743,3558,134038,31297,90789,3772,108115,25419,12026,16898,17777,9280,10648,11204,11175,10016,10665,11144,21096,26573,32652,14642,16183
TX-31,TX,31,226109,76333,136102,250916,94476,149878,317572,127209,183712,351392,134712,211328,766987,405121,178913,131696,41502,24700,8515,571338,325173,117572,88338,28301,17568,5187,106719,112512,110556,114997,99352,84040,75987,48651,23276,48409,107338,5930,118641,43770,39508,8046,128824,29240,8590,22575,25904,7932,8381,9904,9657,9829,10482,10237,19915,27501,39047,26479,10585
TX-32,TX,32,257464,100552,145404,272323,114748,151688,321397,142066,174362,324173,129764,187174,766987,377166,188003,110252,78038,22519,1445,592618,310358,128490,80392,61086,16915,990,95330,101008,111829,108118,100374,97525,80294,49286,22569,39506,124736,7137,109324,53067,60663,11678,110450,29967,7923,21945,27888,7522,10533,8861,9460,10332,10000,10446,21194,27284,39156,35206,12226
TX-33,TX,33,179291,124631,46867,192508,136594,51474,227300,163018,60823,209202,136366,68170,766987,172344,421489,121120,48270,24507,1221,580868,155666,291892,91076,37015,18361,890,105826,109226,136746,123333,97768,82850,65127,27833,13267,24227,93092,5777,112737,40016,123368,12517,75137,26495,9798,17488,19723,8397,11064,11782,11705,11661,12301,12793,22417,30589,38105,25408,15774
TX-34,TX,34,197763,107128,82208,198613,102616,91925,243276,123605,116464,240502,106947,131303,766987,143236,587438,19500,14939,13790,1075,565686,120249,416963,13680,11262,10478,750,111505,122430,115330,96018,94266,83160,70852,47915,25200,38923,68067,3668,128379,24866,104362,5765,97640,21502,15069,15832,14712,13691,13059,12662,12337,10649,10319,9596,18725,25802,32755,13260,18036
TX-35,TX,35,227309,102249,113651,236320,110403,120398,293178,141507,147047,301836,133334,164829,766987,240028,437906,67349,20432,22882,3023,571449,197441,307033,46975,14605,17020,2001,103700,109534,105280,109937,95735,94521,78252,45942,22710,43921,76762,3321,152372,29258,78766,4334,111467,27209,9496,19398,20799,9851,10175,11427,10680,9925,10527,10062,20625,28983,38742,15133,13943
TX-36,TX,36,264208,101018,153708,267235,105333,157322,318964,128113,186757,311842,114917,192668,766987,346310,203502,150939,58121,18229,1210,577079,279608,137635,108022,43173,13633,846,100957,112259,97812,100012,100284,95712,79954,50697,24046,43510,91512,6730,137953,33980,65973,7805,113522,27735,10735,20155,25671,9617,11603,11761,12148,11016,10374,10923,18462,27260,34441,26763,12431
TX-37,TX,37,277591,207441,50037,305085,240271,55323,350843,280916,62202,328410,252342,67678,766987,334409,288854,76073,61435,22622,1934,621812,293610,211575,58785,50386,17812,1430,81824,82742,152763,159931,104805,77234,60835,29140,14976,29230,175297,12423,83015,73275,57655,16842,87540,33563,10537,25108,32650,8505,9895,10393,9998,10623,11257,11648,24209,30466,44229,41887,19603
TX-38,TX,38,274093,94383,166344,292540,109550,176952,352229,142235,205122,354315,136854,210920,766986,375292,203896,87870,91553,19601,1497,570722,295890,139018,61182,66534,13824,976,107377,107886,87657,112635,105973,95383,77692,44125,20058,36169,158155,9218,82083,66457,37580,17304,96441,26846,4194,23652,33286,4491,6222,6987,6461,7739,7290,6790,17814,23631,33691,57884,9548
UT-01,UT,1,282553,137551,79292,308470,163276,132401,355994,214978,127378,327300,197553,120241,817904,509693,193681,28127,49153,23097,24184,617587,408065,128944,17456,36685,16374,14673,106671,116835,139618,129727,103312,84258,73784,40431,20776,44657,118533,9314,126480,46767,52091,12783,114377,31822,8455,25224,28561,7537,7157,8487,9858,9364,10101,11122,20574,30556,42831,29604,9825
UT-02,UT,2,290267,62814,136536,314857,82090,217723,366928,119335,230690,369086,125175,231962,817904,647137,108723,16538,24757,18168,9345,571033,462555,67782,9664,16386,12179,5219,130034,138672,126995,115610,102421,79054,69422,38847,19918,47832,110105,5919,119026,41203,28378,6728,125935,33972,5358,25192,26737,5490,5522,8090,8583,7530,7619,8813,18992,26326,40882,26158,7806
UT-03,UT,3,284260,54102,162997,314055,70798,229005,377057,104465,257824,385908,108346,267996,817904,644717,106083,10180,19528,30353,12520,588889,475740,67958,6071,13319,20338,7441,118093,137129,154223,96761,88951,74964,76080,50362,25460,51466,112663,8038,101069,39673,29144,8794,121366,28970,7745,20855,22312,7117,8353,9686,10341,9914,8682,10486,20343,26237,37074,24254,10060
UT-04,UT,4,274295,56209,136406,317413,78882,224976,387697,121504,249247,405497,131149,262883,817904,663808,84425,12283,31650,15616,13198,546542,451640,51926,6688,19891,9883,7164,146382,148550,111622,120395,110542,76274,61071,35564,15001,50978,127240,6204,95798,45908,22850,8265,120335,33444,2953,26284,33095,3508,4410,4471,5126,5581,5667,6861,14182,21783,37306,36438,5133
VA-01,VA,1,359530,181480,156315,346228,186276,153821,414235,230634,175558,419352,219966,188399,784672,409321,125166,163661,78319,19256,2602,590835,326067,84005,116684,56032,13625,1701,97893,112406,96484,109167,106419,108876,86367,47769,20756,41670,132291,8959,112059,79179,42109,11825,99344,31357,3995,28589,40866,4294,4438,5704,5592,5588,6124,6873,12969,20645,32945,56827,6530
VA-02,VA,2,353264,167143,165610,332737,170212,156957,395652,208829,178839,401383,207015,187896,784672,433292,60928,225109,57248,18692,3418,607992,352864,39876,165025,41496,13403,2215,96157,97251,107275,114534,95407,101763,91690,53453,26066,54785,119392,7505,126771,56365,38949,10689,126159,35456,7687,26098,30536,7069,8522,10099,8958,8753,9397,10304,24104,30459,41172,34570,11500
VA-03,VA,3,323492,193280,112318,290834,182803,103186,348315,222634,118380,334889,208607,120347,784672,336750,63206,342659,37440,19323,3691,615376,281449,43871,255803,28207,14341,2569,97041,99121,134280,113793,86885,90861,84434,48143,23272,50083,95370,6547,138545,45366,44196,9110,124028,31093,11434,20904,23178,11324,11914,13014,13018,12199,12325,12403,23882,33035,40281,21035,18406
VA-04,VA,4,365062,206604,143978,338010,195894,137984,398735,236185,156906,388339,222098,160419,784672,369156,57223,329922,20065,15248,1595,633124,314744,38272,256559,16152,11587,1084,83097,93882,114585,103992,86091,103153,102086,63816,32450,44885,90272,6997,171588,43549,68841,8060,115960,27981,16022,19794,21222,13385,13854,14060,14218,12493,13934,12748,24795,29772,39858,18338,20196
VA-05,VA,5,388163,185262,179491,375840,193489,175888,432003,229651,194456,446387,238105,200035,784672,477192,58469,183990,53775,13966,1152,613737,386658,38739,141333,37955,10225,760,93935,102393,96933,109494,102583,101838,93218,60463,32090,41017,143209,10543,124877,70428,43275,15168,102309,32782,8415,25246,30520,8586,10018,9568,10254,10247,9699,11350,20429,30963,39213,41357,10640
VA-06,VA,6,360672,168282,168047,337183,171382,159138,392661,203687,180256,402148,203485,191160,784672,557217,53231,120265,39915,14842,1183,634961,467411,36219,87899,32113,11144,789,81433,110263,135747,96177,84667,93753,88375,59928,34349,39047,111637,17171,133607,59293,43806,13697,91722,30224,12649,20230,23412,11110,12865,12930,12367,12184,11304,11377,22668,28780,38660,26075,19832
VA-07,VA,7,387352,201364,160945,378458,204692,166830,447221,249059,189295,443270,234045,198574,784672,498960,111195,70613,92159,16591,1564,615496,405541,76822,53391,70364,11972,1044,89136,99500,101247,108143,102050,106679,93016,58051,27676,33296,140666,14505,114774,94355,49022,24378,78936,30144,5512,25499,39650,5195,5887,6108,6150,6027,7236,6883,14626,20565,34727,71105,8174
VA-08,VA,8,358888,205586,131920,345432,205577,133824,413324,252831,152608,405222,233436,162382,784672,412704,127962,171819,63553,19288,2544,614462,341188,88099,129613,47414,14203,1724,95635,88903,100899,125725,108084,101642,85005,49904,25492,38621,142708,14137,107069,92682,46680,19442,89461,35049,6060,28801,38512,6716,6251,7479,7390,7719,8262,7983,17321,24821,39888,59553,10706
VA-09,VA,9,370979,92196,263819,347972,93041,251224,412897,107076,300168,421370,105234,311654,784672,690476,20822,48820,8064,14976,931,635903,565855,13348,37838,5671,11484,645,73618,92028,85361,84835,93997,114732,116324,81737,40567,56091,75212,5348,206058,33587,74392,6298,117777,28186,18372,16485,16022,16788,17231,16699,15845,14549,14275,13120,25518,32209,39573,13863,18909
VA-10,VA,10,353765,187534,142619,349198,199553,143203,416843,248047,160459,425065,232022,179274,784672,424386,110585,69426,170917,13543,1720,581534,332369,73753,48496,119273,9380,1115,101610,117560,89450,107710,124921,106680,72410,42960,20616,31543,166308,10823,79071,105300,34156,16303,75381,26399,2803,23241,40813,3686,3380,3684,3912,4695,4216,5353,10169,14751,26791,88103,5354
VA-11,VA,11,361585,192742,144381,342801,194136,141990,388638,224935,155505,415863,229765,173957,784673,451544,119582,67861,135625,14346,1696,601634,362833,81310,48562,100411,10379,1114,96558,105930,97655,105152,107311,107666,84211,51008,26763,30828,149095,16750,97465,100503,40391,23800,73676,28132,4696,22430,38947,4673,5084,5340,4908,5791,6188,6343,13265,17314,30940,80777,7866
VT-01,VT,1,315067,178573,95369,327892,190376,121430,367428,242820,112704,369422,235791,119395,643077,573201,15504,14422,16182,16900,725,524482,474146,11113,9038,11665,12780,518,60286,77696,84981,77123,73843,88570,94856,57875,28586,39344,111614,9939,126697,57539,26587,12438,74875,28004,10742,20972,23226,9021,9529,10123,10552,9383,10143,9806,18378,26478,35676,23548,10277
WA-01,WA,1,315830,185952,104596,349926,213926,129649,395248,250883,130736,374405,232693,126087,770539,460305,75892,31625,178364,20464,7298,593722,373624,50326,20770,129082,14498,4801,96475,89117,97500,136642,110167,96727,78734,41962,22540,48920,162579,11832,90407,86340,26951,11973,104678,31939,4645,28588,42510,4083,4735,5188,4722,4768,5557,5661,12740,19866,32924,77324,7995
WA-02,WA,2,346835,190735,128467,389151,227130,155594,440519,263078,162799,425118,254400,154441,770531,531835,95062,32223,72744,35234,8335,616048,446927,62187,21414,55295,25320,5590,82308,88161,110223,103967,90767,93260,103350,66960,30980,58228,118316,8678,123836,50526,40876,10849,132483,35223,9472,25649,30752,9379,8284,8983,9644,10331,10693,9658,21612,30182,41827,33966,11998
WA-03,WA,3,312295,132417,156118,361909,168263,188278,423505,196207,213882,424203,197986,211907,770527,579867,84867,24065,42531,31750,10938,593925,465423,52832,15005,30294,23030,6898,91602,99241,92764,101058,97599,99368,98521,61534,28781,59996,95324,5244,145234,38970,42556,8275,140140,33464,8038,24558,30062,8367,9260,8956,9534,9860,9045,10440,20842,27542,43189,29308,10445
WA-04,WA,4,252486,89994,144696,283534,112768,167128,324983,130115,184877,312324,119032,183219,770535,393571,306171,14219,21053,43482,3385,557178,316389,191355,8418,14419,29606,2136,115799,120091,102121,100928,89489,83428,82368,50302,24698,46848,70726,5492,129193,29775,88268,5775,106625,27447,9079,17964,21088,8875,10011,11083,10449,9341,11166,11383,20057,27274,39740,20334,10717
WA-05,WA,5,327079,126563,172318,368592,161092,201747,418124,180837,222219,405822,173909,217375,770526,607710,64444,24683,31065,36850,8370,610022,494864,43070,16200,22775,26457,5337,87881,100220,113072,102824,89019,90764,96983,62013,31031,65782,101731,7955,127035,42199,36326,10424,135083,29708,13571,20949,22684,10482,12102,12407,12206,11617,11692,12424,22846,31091,41553,23145,15223
WA-06,WA,6,347922,179622,138177,393130,219442,166846,447088,253642,177181,436320,251826,168264,770523,555780,69642,42922,56081,42773,13778,625068,470242,46402,30269,41153,30543,8983,81452,81220,99940,103531,89880,96777,111249,75505,32020,64156,116513,7189,133463,49419,34838,14435,141805,34669,10012,24400,31585,8906,9692,8964,9278,9656,11139,10642,21269,30827,42342,35710,12369
WA-07,WA,7,397414,331302,43799,421805,358759,57992,459934,396920,51406,437624,373392,47188,770521,481700,72968,53094,141885,20244,7074,652826,421072,55585,39018,118537,15992,5017,65749,65778,148403,154479,101472,87281,74464,43538,24485,37314,210926,23717,59425,109516,23582,28343,83568,32678,9459,27686,43799,7394,7410,7553,8143,8265,8034,7787,18534,24226,36974,93456,14131
WA-08,WA,8,336893,160749,149805,384659,192213,186191,438960,226805,197513,428594,218292,193707,770512,532695,80954,27254,97429,26705,8955,581338,423082,51406,16833,65310,18705,5553,96774,110062,77478,107088,109829,105677,89619,48327,22058,50915,132778,7468,113907,61977,34403,9698,110502,31578,4484,24962,38124,4701,5416,5912,5950,5884,6562,5933,12907,19207,32246,65431,6676
WA-09,WA,9,282807,194307,70572,313739,220982,88500,358038,254217,94118,320605,219426,88121,770536,312787,109699,114467,209762,22050,19940,602935,267554,74132,79981,160912,16673,13229,90149,91338,107886,122883,103160,96892,79547,45369,25394,48999,134626,9352,110907,58271,56342,14082,102600,30577,8405,23702,30326,6865,6917,7565,8087,6589,8098,8704,16705,26128,34488,51326,10447
WA-10,WA,10,289653,151077,113199,329352,184421,138807,381232,216908,149920,359228,204893,140614,770531,462570,99514,81688,88932,34081,26116,591627,379327,63379,53582,64111,23730,16130,97865,96312,115517,114957,95155,87754,83741,51545,25611,59934,100918,5160,131723,42706,39507,9366,130516,35554,6154,26214,30716,6903,7143,8265,7609,8626,9359,10778,21227,27834,42914,27982,10587
WI-01,WI,1,349322,159094,168403,337615,162980,166664,394810,190048,197943,404230,189560,207737,736715,546627,93218,64057,20156,15646,943,575451,450243,58924,40818,13998,11123,639,82677,96357,92883,92338,87832,104358,94413,51740,31054,52612,100894,4766,151155,37932,40341,6997,111761,31461,9681,23109,27159,8803,10513,11003,10185,10795,11026,10960,25057,30305,43649,21655,12255
WI-02,WI,2,396685,260100,110866,390831,272306,110189,444235,310862,125920,469607,324784,136734,736715,584393,50590,42981,44835,12604,996,584519,479314,33115,27220,33675,9112,694,79483,93453,122465,102145,89137,90331,81720,49944,26081,49438,141755,16529,106965,59322,23385,13981,83333,34610,7732,25218,32860,8255,9190,10024,10421,10073,10998,10297,23119,29782,43536,33875,12989
WI-03,WI,3,364731,161639,177898,342961,167657,166418,396394,185086,203591,421741,191708,222857,736716,656744,24625,15494,21362,14639,967,580338,527806,15418,9555,13943,10156,629,80767,98510,109192,86821,79487,93448,96850,59193,31571,65114,89245,5496,160104,32591,31741,7052,99409,32189,11188,20309,20850,9776,12132,13856,11268,12036,11893,13342,24904,32133,43105,17006,11155
WI-04,WI,4,336288,242162,74928,316232,232873,76445,344275,260129,78277,345704,258176,80483,736714,302220,131084,257757,42833,17100,1089,558133,262604,85665,175603,28994,11897,807,99997,105848,118413,108051,85688,80441,72107,38968,22195,35470,93985,7643,131613,41582,56663,9878,93957,25501,19516,15911,16281,12852,14413,16716,13780,12856,12558,12684,25335,28515,35755,16815,21151
WI-05,WI,5,413939,137813,249369,403985,140474,255316,465929,176027,282440,481537,183685,290063,736715,632824,43682,18972,27029,10984,811,578845,511486,27348,11254,17935,7616,523,78151,92569,79486,90496,91994,108657,100439,62077,34140,55332,139618,6417,136632,50794,22966,10904,103808,37735,6014,28133,33615,5683,8248,9882,8813,9062,9019,10171,20938,27876,41698,37955,8400
WI-06,WI,6,376041,143139,206859,356969,146490,201995,416617,171945,237091,427835,175480,245816,736714,634407,39816,23261,23307,13245,829,582819,515953,24727,14826,15052,9432,551,79227,91248,89673,88982,86051,103001,101891,60311,34679,59693,96238,5198,174572,33537,32947,8166,107278,35184,8535,21694,23645,9362,11198,13902,10919,12589,11828,12647,26595,33060,44629,20105,10177
WI-07,WI,7,375094,138573,214567,353661,144324,201563,423158,165853,250176,441810,167604,266844,736715,659572,18899,10351,15613,27711,1012,580264,530575,11269,5786,9652,18781,604,80674,90090,75076,82584,83925,106843,113225,68127,36242,68297,89553,3715,180719,30827,37706,7142,110973,33548,11951,21582,22269,10242,11787,14988,11805,12198,11760,13059,25373,32082,44356,17297,11348
WI-08,WI,8,364050,140016,202394,348946,145222,195983,412623,170916,234746,430454,177232,247092,736714,617231,45376,19870,21210,32643,823,571931,496245,27603,11251,13391,21634,549,86387,94570,87274,93992,86468,104802,95473,56435,30911,65088,101344,3903,169494,32834,33656,6435,99336,35884,8637,23169,23257,8447,10367,12204,11589,11240,11430,12198,24684,31804,46506,20291,10449
WV-01,WV,1,355774,92958,247279,362920,119390,235604,392576,112947,273523,364662,98066,259831,896067,805369,11331,48212,8927,18242,743,715682,649695,7866,34003,6488,14334,489,95759,107121,102630,100301,112149,117804,129790,85915,42490,48533,79492,6103,256809,38152,85290,9124,116052,27906,24564,17508,15906,20755,21455,18977,18013,16443,16938,14987,28523,33674,41435,14638,26090
WV-02,WV,2,357275,95834,242092,370080,119332,238742,402076,123037,271859,397728,116243,273725,897649,793465,23496,42314,13354,19447,983,717250,643345,15617,28957,9757,14713,673,93184,111683,118098,107578,110943,119302,121495,78065,38660,52954,92266,7982,245524,46334,61711,9326,115877,33087,18800,22785,23286,15969,17768,16506,17138,14811,14723,14516,28248,34818,45625,20035,20113
WY-01,WY,1,255849,55973,174419,234289,61851,162714,276765,73491,193559,269048,69527,192633,576851,469664,59046,9661,9473,27480,1714,441337,370041,38153,5928,6520,18433,1009,69778,77958,74499,77825,68551,69278,75194,44545,20301,46082,71313,5138,110277,31053,23719,6077,98143,26379,8115,17485,19922,7806,9208,8475,9565,9356,7572,7799,17923,24038,32579,17220,10714
