district_code,state,district_num,pres16_total,pres16_dem,pres16_rep,comp16-20_total,comp16-22_total,comp16-20_dem,comp16-22_dem,comp16-20_rep,comp16-22_rep,pres20_total,pres20_dem,pres20_rep,pres24_total,pres24_dem,pres24_rep,pop_adj_total,pop_adj_white,pop_adj_hispanic,pop_adj_black,pop_adj_asian,pop_adj_native,pop_adj_pacific,vap_total,vap_white,vap_hispanic,vap_black,vap_asian,vap_native,vap_pacific,x_22_2022_age_age_0_9,x_22_2022_age_age_10_19,x_22_2022_age_age_20_29,x_22_2022_age_age_30_39,x_22_2022_age_age_40_49,x_22_2022_age_age_50_59,x_22_2022_age_age_60_69,x_22_2022_age_age_70_79,x_22_2022_age_age_o79,x_22_2022_education_assoc,x_22_2022_education_bach,x_22_2022_education_doc,x_22_2022_education_hs,x_22_2022_education_master,x_22_2022_education_nohs,x_22_2022_education_prof,x_22_2022_education_somecol,x_22_2022_household_income_100_125k,x_22_2022_household_income_10_15k,x_22_2022_household_income_125_150k,x_22_2022_household_income_150_200k,x_22_2022_household_income_15_20k,x_22_2022_household_income_20_25k,x_22_2022_household_income_25_30k,x_22_2022_household_income_30_35k,x_22_2022_household_income_35_40k,x_22_2022_household_income_40_45k,x_22_2022_household_income_45_50k,x_22_2022_household_income_50_60k,x_22_2022_household_income_60_75k,x_22_2022_household_income_75_100k,x_22_2022_household_income_o200k,x_22_2022_household_income_u10k
AK-01,AK,1,318608,116454,163387,,324817,,135645,,171369,357569,153778,189951,337780,139695,184410,733391,421758,49824,35454,61460,160287,18668,554003,340580,33441,23665,43407,105737,11184,101021,96682,108834,110529,88341,89719,84044,39766,15885,43357,93744,6419,140126,39645,31689,9589,121302,30275,6532,21713,29177,8396,6849,7122,7516,7812,9122,7900,16194,25350,37590,32596,10232
AL-01,AL,1,307802,107491,190520,,275581,,109226,,163827,333218,120680,208314,334150,110925,219154,717039,450849,26936,203158,14485,21067,990,557449,364570,17909,147915,10250,15716,638,84175,94419,88521,87761,86494,92937,92902,62331,28099,44631,81860,4831,161219,35589,54463,7589,105272,24238,15623,16939,17894,13198,12999,12602,11994,11698,12417,11673,21305,25182,34189,17344,17413
AL-02,AL,2,305967,121623,176603,,269857,,117065,,150950,322126,132267,186278,306138,117310,185572,718738,384327,29710,274476,16722,16320,1222,559304,313167,18693,204387,12170,12019,828,86819,95561,93542,88591,86371,91966,87797,58572,28373,43742,70226,4526,158478,34543,67356,7124,101642,22633,17489,14612,15113,15779,14381,13841,12558,12131,12912,11179,20460,25311,32183,12680,20362
AL-03,AL,3,285904,87727,188917,,255341,,89205,,163917,318138,101810,212395,311973,91023,217489,716869,476081,26434,183722,15704,15588,1133,563393,384223,17074,138165,11882,11980,731,79947,96557,102341,87278,86424,92541,88025,57488,25542,46440,65613,6288,152478,31678,66774,6120,108816,24462,15831,15479,15032,13783,14340,11946,13255,11538,12218,10468,20488,26402,34163,12369,21954
AL-04,AL,4,295311,87647,198164,,263952,,91910,,169689,322362,102085,216130,312499,91499,217573,718574,480097,58930,149873,8390,23868,1025,555434,388041,35157,108804,6388,17779,641,86458,94226,89127,90156,89412,92460,88547,56693,27089,49645,65968,4249,155935,28067,72412,7066,106662,22063,16261,14224,15376,14019,13990,14490,12611,13464,11289,11192,22156,26324,34581,13566,17826
AL-05,AL,5,297698,95074,186086,,279347,,109804,,165099,346132,127926,210989,351952,126691,218684,718305,484117,48012,145183,20328,22686,1604,561712,392928,30085,107482,14443,17034,1019,82481,92326,97286,92983,88557,98334,87299,52245,28466,40341,109899,8004,121925,54703,50889,7320,102883,26144,11007,20494,27185,11014,12128,11041,12242,10715,10768,9962,21726,25360,37282,27412,13961
AL-06,AL,6,322070,103060,204076,,296309,,115284,,176980,354935,129135,219850,344724,119136,219281,717590,478612,38970,165938,20064,14397,801,555620,381480,25158,123713,14413,10722,545,88499,93608,92111,95190,94785,90779,84341,50454,25976,37124,116634,8870,121832,49753,44339,16333,94739,26420,10016,20340,24121,9633,10162,9916,10923,9588,9828,9669,17543,26294,34773,31371,13670
AL-07,AL,7,309072,126985,174263,,275134,,126396,,146908,326371,135721,187214,303654,115828,184863,717164,417268,35055,242386,7084,17104,704,564254,340135,22780,183906,5363,12864,488,82681,100850,106262,85896,83960,90723,92855,55109,28494,44098,62052,6212,169858,26706,64947,5022,106735,21578,17842,15300,14057,15033,15521,14252,13374,12385,11460,11664,20257,26310,33500,10635,19782
AR-01,AR,1,274701,82710,178526,,253353,,73762,,172730,286792,80516,197832,279751,73540,200849,752509,551532,29297,139921,7852,21046,1895,579039,438676,18103,97812,5576,16066,1079,92301,100473,92512,93618,89331,95994,94690,62419,32745,43000,58742,2853,199212,24745,69370,4323,113696,22574,20663,12847,12585,17197,18176,15616,15804,14338,13133,12701,24204,27568,33697,11223,18313
AR-02,AR,2,306119,120843,166843,,294794,,119695,,166735,333041,140254,183964,322108,131691,182666,752710,498838,46673,166319,18424,23460,1008,582706,402756,30008,118487,13270,17665,677,90072,98739,104569,100257,90628,92218,89030,57071,28793,42773,100870,7632,149196,44479,42210,12273,108511,27794,12996,17644,20426,13737,14218,15589,14314,13462,12980,13495,22801,29296,37714,20621,18763
AR-03,AR,3,259373,82476,156678,,252852,,87172,,157289,300274,110479,180794,316568,114236,193730,753219,509829,124073,31858,33269,45272,13592,566367,405651,78667,20163,23673,31822,7661,102363,106675,111125,106066,94786,88901,76137,48435,24031,34391,96020,6247,146488,41390,60754,9224,97527,27756,10626,17522,19539,9812,12340,11826,12249,12650,12399,11542,22409,28900,38988,25028,12925
AR-04,AR,4,290299,94416,182697,,265872,,84470,,175063,298962,92683,198057,280797,81677,193950,753086,503351,56804,157870,9013,25836,1379,584161,406689,35224,115416,6220,19359,876,90401,100580,92590,87083,90726,96699,98068,66409,32134,39350,61805,3234,198979,24140,67321,4002,117090,22246,18007,12204,13080,16778,17047,16797,14674,14532,13514,13672,22377,28629,35178,9186,20773
AZ-01,AZ,1,368190,151758,192611,,384748,,169626,,209203,464041,215481,242854,458789,204061,250556,794309,569905,119279,31829,55022,19498,2947,640923,481715,82261,22478,39229,14327,1867,79729,87973,88237,102736,100219,116132,103788,72226,36528,47388,171259,12755,92690,79258,30839,25556,121228,36214,6822,25371,36657,6627,7925,10321,8703,8596,10004,11149,20486,26725,41129,66464,12165
AZ-02,AZ,2,323753,128824,169788,,343240,,148741,,187044,424154,187378,230240,440063,180237,255463,795869,474381,131331,26717,23757,144810,3743,628960,401508,88645,18036,17405,103721,2562,87274,105322,100732,92629,86877,96179,115758,85435,36207,56324,92247,7388,146369,44329,53770,8851,150337,29390,11957,21015,22414,11589,13262,14138,12557,10351,13178,12643,23386,30924,41866,21473,18369
AZ-03,AZ,3,185898,129885,41864,,194184,,141826,,47956,250037,184527,61300,233038,160132,69591,794251,181598,451365,99049,34645,55282,4317,578373,158796,301845,67768,26865,38410,2848,111688,130492,151914,125240,105491,83822,56971,30434,12019,34607,69910,4952,130683,29611,116972,6207,98148,25093,11163,15308,17068,9463,9215,12557,10249,12467,11758,11533,25076,28542,38528,15555,15739
AZ-04,AZ,4,289046,114393,148573,,298300,,131964,,159115,368888,170225,191772,352999,156810,191957,794063,466899,193421,41127,36151,66549,5138,625830,395468,131314,28729,29126,44865,3352,89809,99681,133511,106910,87571,91247,91393,61467,33046,48967,111661,6300,127210,44081,52282,8515,141129,32074,9609,22642,24907,10877,10891,12493,12384,13040,12947,13153,24890,33566,44317,22658,16152
AZ-05,AZ,5,309119,124953,159490,,336719,,149457,,180850,427058,196640,223845,441802,194703,242004,794631,506573,146263,49084,75070,24446,4767,591975,396930,95712,31966,52205,16651,2971,100560,118429,89051,107796,116105,99759,78845,56118,27183,53163,149718,10081,98141,64380,25938,11054,119761,36218,4351,28176,38551,4504,5346,7194,6673,6845,7488,7499,16634,25158,40399,47087,8675
AZ-06,AZ,6,299547,117676,160444,,315554,,132580,,176828,389269,168294,215118,417207,174177,238928,793897,448609,256698,41985,25252,31867,4971,615931,376324,174666,27934,17995,22395,3378,90951,102493,90598,100931,92313,89548,103623,90005,37422,57188,99759,7435,142522,48052,57183,7783,139604,33361,8010,22348,25599,8728,10227,11031,10310,10138,12450,10391,22287,31237,42065,22451,12852
AZ-07,AZ,7,301922,177336,103208,,308701,,191763,,110414,369543,236631,127300,353676,219545,129611,795456,364679,319554,47131,35966,49058,3600,635746,321439,229528,32665,27766,35323,2404,85811,103848,143358,99201,87931,87360,93706,61759,34520,44672,95906,11547,118130,49168,65919,11200,129570,26050,15865,17555,19393,13875,15976,16223,16013,14183,14921,14900,25498,31239,42200,19364,20110
AZ-08,AZ,8,311886,124130,166777,,326882,,141844,,178729,400998,180380,214919,396259,172457,220034,793832,500645,182158,53952,38103,27946,3732,629560,426175,122697,36208,27601,19787,2331,85321,92139,95713,96666,92495,95872,98074,85656,48159,55007,109600,6610,139352,48595,51485,10590,144670,35941,7617,22173,26322,10645,11090,12351,11484,11212,12432,13284,25228,33820,45226,24611,14894
AZ-09,AZ,9,215296,92212,109646,,224019,,100938,,118941,291306,132587,154338,295486,120738,172098,795194,303258,392184,55520,27166,34104,3997,594678,259739,262949,36392,19438,23751,2768,105907,114272,109872,105575,90859,88140,88913,62261,30477,48550,58387,2725,156283,21843,97044,4141,134380,28012,10756,18213,16606,10319,12058,12544,12907,12241,12557,12612,25242,31692,38871,13228,15516
CA-01,CA,1,308267,126506,157069,,304006,,135584,,161401,367569,169328,188574,342026,147916,182998,760433,519662,133512,16853,30202,62566,4952,609151,434303,94107,13488,21964,44660,3539,86154,90757,94102,94712,87639,92590,109885,74760,33568,57042,83974,4634,144712,28424,59178,9602,153477,26734,14311,18589,20238,12746,13187,13467,14041,11488,12273,12240,22741,27224,36542,20950,16657
CA-02,CA,2,314406,133662,157870,,319329,,143872,,168497,381031,178488,193051,372172,164452,196610,760711,466430,167576,25617,70074,37362,5919,588842,384489,112047,16672,50380,26969,4073,90737,96449,98310,95477,88266,91070,100706,66680,34638,55455,100927,6000,118939,36793,57800,11068,134583,28836,10498,19672,27233,9080,10127,10901,9707,9748,9725,9122,17790,25039,35456,34669,12678
CA-03,CA,3,317448,138404,156262,,328882,,149796,,171372,404906,194057,200336,380854,178536,190297,759251,481807,120633,41898,91878,26290,7690,590736,393039,83124,30374,64844,19450,5441,87570,100862,90970,103234,96959,103282,91855,55739,33045,56838,130172,6854,106981,49057,35111,15713,131209,31406,5824,23369,33108,6395,7328,7271,8038,7734,7965,8227,15520,24301,35602,49854,10588
CA-04,CA,4,371845,272321,74462,,370324,,280098,,82297,429339,331957,87844,399915,298714,88729,759370,463977,194513,21599,57758,27983,5589,611736,396790,135869,16691,43320,22077,4116,74395,90701,81023,89515,98486,108394,106186,74457,37140,46469,150133,12336,84988,66025,52122,26377,116277,29361,6731,22951,37875,5551,6670,6472,6907,7537,7248,8649,14389,21564,34023,71147,10484
CA-05,CA,5,363246,312292,32300,,350820,,303763,,40605,393929,339718,46383,361481,295545,51088,761064,327994,108421,50976,263877,14586,5677,665988,296652,88854,42708,228616,12914,4586,57401,50005,114901,160831,100202,90621,77311,51578,33554,28901,218002,20677,60926,105913,57382,33381,67096,22512,15119,20702,37383,7878,8150,7633,5853,4893,6024,5763,11687,14531,26879,117883,14126
CA-06,CA,6,308555,235903,57418,,308169,,236137,,66956,373746,288606,78001,328011,236772,79862,759747,248425,168486,25803,305906,15420,11749,613263,211077,126309,19854,245174,12188,8951,75603,80436,90946,114532,103400,105636,90172,55191,35179,41306,164301,20373,86050,74896,57086,20498,91378,22337,4941,20000,34428,4115,4668,4563,4212,4555,4757,4516,9392,15104,23661,92976,7259
CA-07,CA,7,252346,175509,61103,,259938,,182920,,71809,324759,229989,86932,290282,193322,86422,760750,233162,197745,113868,200627,26898,18686,583439,201070,137210,82148,149077,20472,13850,91705,100542,110676,118189,94385,87336,77177,44910,27015,47347,106581,6569,106138,37333,71050,15626,119050,26953,11774,21064,24984,8627,9363,8935,9220,8812,9204,9486,18361,25441,36615,29322,14191
CA-08,CA,8,270903,186802,67358,,273732,,191573,,76573,340782,241650,91161,311277,207410,93421,760054,261374,234140,97953,157005,27471,13000,589819,223811,162651,70823,121372,20936,9403,87613,105210,118839,105595,93825,91577,79588,48426,25216,44346,109783,10536,103993,41773,63187,12964,112439,29518,7749,22502,29140,5866,6707,7227,7486,6362,7046,7845,14962,20642,33933,40402,12389
CA-09,CA,9,299676,128929,151391,,308720,,137748,,164989,382886,177680,196303,366686,159015,197384,760305,399534,206569,39840,94213,31608,9008,602392,338396,143233,32522,69125,23444,6360,90275,97304,94371,104383,93922,100834,102603,62741,30394,58914,99483,4923,137671,32579,60656,10252,140435,30630,6635,23339,31835,6355,6901,8147,7537,6983,7791,7987,17301,23552,36830,39087,9802
CA-10,CA,10,191365,119205,61563,,191148,,119314,,68396,247265,154370,87268,222310,118635,96506,759983,162568,381331,73249,139177,32499,10772,548434,136298,253717,50333,100763,22988,7711,110810,124671,107829,109251,93656,85845,65493,37679,19004,37065,55014,2602,141459,16756,108807,4567,98131,23021,7907,17579,19982,7246,8140,8024,8138,8113,6962,7128,15664,20130,32023,19640,10683
CA-11,CA,11,242867,107329,121219,,244463,,111404,,128624,304808,141043,156853,285080,117375,160598,760543,302414,357061,28552,57215,38960,6676,570494,252312,239420,21264,41479,28656,4949,103512,117002,106150,100612,93408,88234,80413,50209,28007,42646,63996,3512,131698,20853,101918,6083,123685,24886,9040,18412,20003,8996,8704,9336,10647,8898,9924,9470,18628,24848,34458,21026,11477
CA-12,CA,12,188103,126131,51254,,186264,,125176,,57835,237773,161826,70970,208655,125946,76649,759607,148840,497263,42664,71678,36790,4206,550894,130141,335190,29631,50926,26581,2968,115223,124891,109862,109083,89316,84484,66742,39069,22482,35946,57373,3340,109674,19899,140113,6038,93815,21366,10700,14267,15766,8698,9458,9697,9170,8481,8262,9011,15351,20591,28393,21430,13509
CA-13,CA,13,305096,226267,61398,,304763,,228242,,70786,373722,285422,80592,335619,242974,81644,760373,288782,222259,82983,157735,23367,8312,599353,246410,157182,62528,123177,17665,6055,84335,87537,93563,109560,100389,99847,89792,56529,31760,42976,141542,13050,93948,61487,62488,18872,102222,29344,7515,23640,34942,5170,5190,5777,5746,6739,6378,7098,13958,18755,30889,63092,9989
CA-14,CA,14,303674,189491,95638,,307264,,194681,,106280,387511,255859,123384,355241,219611,122977,761045,308347,149563,66066,229027,19459,8964,578277,255350,104153,47168,162160,14505,6254,89728,109217,79144,98080,112117,110655,82642,51735,26514,43089,158946,13906,82047,78396,34547,14941,96132,24010,4031,20083,36074,2825,4059,4763,4243,4451,3895,3866,7563,13369,23011,93259,6765
CA-15,CA,15,323417,282902,21445,,316935,,283838,,26997,365440,325558,32262,315676,265949,34453,759735,248545,180222,136845,189151,22844,7965,620775,217843,132071,109197,155169,18963,5762,74980,82829,115909,130790,101909,90126,76798,50666,26136,30845,156623,21728,78703,84984,62893,23438,80852,24371,11105,20171,31518,7562,8467,7227,7871,7411,6412,7652,13875,19654,29783,69476,14947
CA-16,CA,16,252230,195176,43893,,246696,,189842,,52610,310366,237621,66781,267748,185769,71390,759711,152434,217121,48690,331451,19351,17192,589857,131453,156369,36721,254567,14772,13065,87119,89612,93982,122887,105665,100054,79198,43725,27223,32007,136581,19414,99873,82366,68391,12401,81905,21384,4338,19426,31827,4093,4281,4615,4240,4366,4470,4737,9238,14386,23689,77187,6823
CA-17,CA,17,275914,205792,53192,,270971,,202874,,62530,324419,247412,69739,289832,208510,68892,759711,251523,112829,21095,366243,12534,5249,606686,215978,82350,15949,284519,9677,3972,83338,85597,113857,132026,100433,91600,69388,40587,28959,28260,163760,40195,47557,150277,27042,19801,54817,21075,4471,18845,35365,3222,4165,4073,3870,3779,3875,3542,8449,12722,21541,122790,8350
CA-18,CA,18,245001,186242,45967,,242284,,177264,,60780,311365,219755,85832,266941,173584,83962,760135,129680,264447,28954,336563,20820,6353,601379,114076,192559,21484,270234,17196,4769,79793,95440,110473,115961,102790,97635,78660,44666,25336,39367,129724,10384,93500,63394,94117,9932,81773,21043,6013,18077,30800,4414,5435,5042,4548,4421,4644,4540,9295,14018,22934,68007,6874
CA-19,CA,19,320140,222098,76125,,320384,,226865,,86294,383589,277836,96466,349311,240053,96557,761018,340028,259444,25473,125258,26841,6838,593384,288713,181689,18052,93324,20668,4977,85759,106924,100451,94561,100864,101243,88503,52219,28122,43833,131698,14386,81672,67455,56099,14347,101510,23986,5099,19293,32929,4792,5706,5540,6037,5141,6030,5783,11272,16606,27900,74075,7151
CA-20,CA,20,239430,103061,123977,,247760,,110379,,133572,314643,146460,161756,292713,121475,164132,760281,264096,360475,35946,91925,32653,3627,557162,216871,241153,23226,65759,22370,2430,110024,117522,111514,109196,91730,83027,71823,43992,24232,47860,89551,5357,103147,31206,78961,11319,114329,26465,6986,19420,25538,6915,7701,9159,7701,9114,8034,8376,16292,22335,32833,26843,10974
CA-21,CA,21,304366,199378,84454,,299511,,201897,,91262,356498,246252,102103,326171,214705,101089,759585,321111,350296,21097,59315,30872,4310,600911,281904,246757,14900,47647,23546,2944,83925,106210,132568,93526,84772,86947,84135,55942,29158,41812,108093,10987,88181,44836,81739,13873,98855,27244,7322,20738,26966,7076,6109,7466,7058,8449,8362,8580,15283,21128,32730,41067,11872
CA-22,CA,22,185054,77941,97227,,185262,,80400,,101790,238786,105963,127691,223918,85264,133343,760860,207262,485642,21166,39124,36754,2795,558068,172274,328855,18237,27865,24048,2157,117343,132264,116411,112512,93326,82526,69451,39073,19760,39511,45793,1803,132054,17055,127301,4789,107096,20581,10408,13423,16320,9155,10092,10854,10225,9899,9287,11036,16757,23187,29919,14497,12282
CA-23,CA,23,324448,140260,164326,,325737,,146244,,173108,398384,190024,199571,373218,168678,194527,760810,391911,267039,22190,65964,29635,4171,595373,328772,186358,17183,49556,22038,2959,87335,104843,96957,95648,93183,96438,94336,56058,32009,55162,109798,6366,105078,43361,58710,12562,123232,28034,5859,23123,33232,4828,6111,7588,6137,7405,7422,7097,13736,20371,32256,47260,8572
CA-24,CA,24,196212,84464,99662,,188586,,85034,,99753,245374,114659,123958,222750,92839,123698,760757,241418,391747,74033,41598,39056,4959,554285,199791,260233,49841,30621,26716,3271,122283,122170,117662,109578,86664,81475,70918,39146,19774,39009,51784,2604,131926,19385,103581,3036,115259,22515,13333,14050,14791,10230,11192,13892,11938,10070,12029,9987,18754,24503,29624,13033,14713
CA-25,CA,25,298480,134206,148047,,293732,,134011,,154145,365712,173577,184116,344142,150406,185145,760120,346777,303750,33961,62209,30096,6310,588047,287225,216846,25156,45927,21132,4519,96627,104001,94924,102974,90715,96332,94027,57286,29623,47770,102273,5897,118186,40480,69305,9829,125820,26360,7056,20341,27984,8063,8111,7165,6274,6685,8163,7649,13820,19865,27870,38442,9798
CA-26,CA,26,254327,175947,64355,,244820,,167158,,72962,318010,214802,96409,283698,171144,104979,760537,154131,424321,66218,121378,27278,8592,596023,137523,311597,50643,96101,18600,6238,86152,103321,124436,120241,98149,88997,74236,42424,25322,44063,96925,5281,117913,34501,90595,10291,114442,25804,8554,21475,25310,7219,7239,7969,8391,7887,6646,6853,15065,21864,31528,28301,10968
CA-27,CA,27,251246,112476,126664,,255288,,118977,,132417,332885,163041,163831,327105,150529,168935,760037,301920,351430,47835,53456,29647,5358,583446,258390,243488,33917,38945,20200,3623,93178,103336,91529,98250,92620,92652,91203,68160,37271,46343,81351,5300,136782,35273,87467,9123,126851,26484,8342,19863,25838,9161,10248,9930,9672,9055,7965,8643,17151,22514,32538,31692,11538
CA-28,CA,28,319762,209329,89232,,317632,,215726,,94658,385954,268059,108383,348189,233423,103152,759216,365911,205530,65644,111211,21759,7693,623220,321601,151751,48306,90492,16565,5721,79647,78609,144718,141567,96125,84643,72953,44960,25665,44582,159472,17423,82682,67626,48063,18866,109476,34622,8512,27194,32841,8033,9247,9397,8556,8007,9764,8420,19574,26157,41354,45191,12831
CA-29,CA,29,294527,169283,106960,,302486,,179504,,116424,374226,231001,134287,345648,205896,128775,759365,341228,206593,29296,173256,19398,7820,592960,286016,145048,21067,131591,14184,5683,87670,95307,102060,107684,102143,95293,78636,45294,25428,37051,146154,20995,72137,71020,52298,18870,90516,26928,5583,21248,32066,5203,6346,6498,6661,5283,6325,6485,13278,18885,27569,63367,9774
CA-30,CA,30,278766,119420,143016,,286899,,130137,,151144,363832,176156,179715,352113,163536,179241,760604,373266,246196,42039,87738,26898,7986,580130,305437,169420,29336,64425,19098,5471,101895,109008,107986,103484,95632,91790,74276,45535,25033,45670,110133,7536,95176,46924,48354,11334,118525,26184,4079,20560,31174,4015,5624,6017,5594,6006,6114,5613,12676,19803,30775,46235,8753
CA-31,CA,31,206488,133324,61834,,201666,,132160,,65882,266928,175227,86243,238916,141267,91214,760629,172520,453539,84537,48723,33959,5151,567012,151998,311920,59536,37575,23558,3441,94812,118247,122752,104436,89940,88094,73048,42772,19410,36064,58829,5112,138147,25642,98937,6171,107953,24644,7544,16388,19108,7231,8083,8461,8340,8089,8454,8548,15778,22059,31646,18217,12031
CA-32,CA,32,265034,112611,138197,,263961,,116417,,143014,340968,156929,176852,320034,134806,176926,759986,295530,315048,73401,68447,30144,5308,569696,245211,212966,50638,51147,21896,3525,104291,113928,94785,103105,96387,89410,81583,48759,24374,45291,75046,6112,128830,38264,65490,8161,123953,27803,7228,20084,25678,6418,6868,8154,7825,7804,7386,8094,15470,21964,32360,27891,8623
CA-33,CA,33,349837,158592,171216,,361605,,170231,,184555,443472,223575,211146,418223,200548,204454,760632,449602,140955,16708,142054,15773,4337,603185,374172,100646,11833,105988,11799,2970,82266,93598,74911,91279,101629,117668,95372,63846,34380,43597,183250,13473,68586,79594,28111,25815,100483,27707,4761,23996,38232,4089,5415,5167,4838,4828,4700,5303,10581,16478,26597,89393,9470
CA-34,CA,34,297729,138780,141033,,299363,,145519,,147859,376575,190555,177829,347694,164341,173232,759189,330662,262981,66937,92806,25106,3966,587291,275866,185596,48427,69804,18442,2832,89772,108461,89023,97033,98021,102094,87137,47265,24438,49119,109331,7725,107438,44898,57075,11117,114949,25918,6871,22632,30459,5641,5562,6292,5401,6015,6200,5875,12340,18380,28868,45604,9371
CA-35,CA,35,181777,125906,45854,,174951,,119745,,51657,239758,159741,74333,209953,117861,86063,760619,92759,529476,90210,53299,32771,4931,550315,78329,366691,63923,39874,22405,3093,106264,124738,130389,112397,97244,85099,60413,29200,15275,32868,52740,1875,143062,16292,119513,3304,96906,23756,8028,16713,16687,6787,8065,8809,8416,8144,7549,7844,15429,23627,30177,13609,9633
CA-36,CA,36,313692,138389,158188,,319698,,144825,,169106,401060,193486,199824,370322,163958,194244,760539,291294,259147,31729,174276,21416,4967,602663,248218,189045,25177,133352,15684,3636,86778,101547,98299,98941,101667,112455,86751,51715,28888,47590,138021,9515,100316,56546,47245,14360,116375,26272,4043,24017,34775,3667,4070,4517,4411,4722,5245,5727,11244,15925,25817,60004,7521
CA-37,CA,37,206960,130111,64948,,208336,,131044,,73156,281934,175149,100476,252465,135934,108712,761023,135626,470037,55104,103233,30480,4813,573001,116092,334366,39551,80197,21690,3363,98534,116658,122752,111386,100941,91977,70846,36494,20599,38654,77781,4559,128184,27308,107388,5219,104619,24870,5849,17777,24599,5478,6507,6942,6648,6359,6852,7398,14760,20815,31030,23715,8493
CA-38,CA,38,304735,195550,92623,,301612,,195057,,101044,376105,243959,124822,338920,202299,126455,759949,356714,242341,37965,117728,19598,3327,603887,301073,176417,28213,92036,14907,2400,85181,98395,97732,100528,102302,108470,89105,54183,33279,42877,145751,12666,89739,58132,67361,22280,98614,25043,6875,20929,29643,6081,7366,5882,6809,6494,6736,7258,14192,18331,29210,61018,10957
CA-39,CA,39,215704,139270,63565,,219966,,142642,,72887,282838,183204,93491,251783,147084,95228,760417,182256,359190,22051,196557,24895,4658,591218,156876,260242,15512,154484,19947,3185,89213,108832,133852,118854,99344,91253,61960,35075,19773,30842,122976,10340,86039,53955,95246,13228,83936,27445,6560,19464,28664,4846,5462,5265,7161,5688,6205,5975,12648,18177,27769,42224,12610
CA-40,CA,40,334467,161355,153493,,341538,,164922,,169999,422228,208277,205374,387618,182810,193531,760071,350914,149513,19108,230386,16668,6398,619394,303369,109271,13987,182408,12818,4753,72304,89005,89715,88951,97348,112875,99024,63871,43569,45273,158986,10891,91531,63155,55929,21373,106417,28664,5709,23059,34664,5455,6823,6972,6246,5786,6531,6128,14084,17796,30572,67922,10698
CA-41,CA,41,217987,134559,70583,,218140,,132562,,81188,288851,173191,109478,252704,137249,107824,760144,136476,400562,27936,195435,26633,6185,591324,120618,287990,19309,158741,19705,4390,88703,104421,118962,109680,98774,94380,74708,38604,24376,36726,98591,4513,117351,31361,103022,6978,103044,25149,7042,19575,25145,5325,6484,6556,7092,6746,6677,7053,13771,19837,30773,26129,10450
CA-42,CA,42,243628,221001,13700,,234082,,210703,,20080,291824,255756,30438,240479,194202,39567,760320,28757,397896,304911,33299,26496,4276,574811,24828,282251,243486,25920,19625,3126,99236,107550,114512,111793,95581,92524,76674,38422,23324,36037,67364,2986,121502,25884,133689,4693,106617,23080,12984,15645,17492,9257,9870,10423,9328,9312,9453,8770,17094,21907,29373,17809,18079
CA-43,CA,43,227412,152367,63053,,228685,,150983,,73772,304593,199361,99726,257962,150068,99336,760432,75373,277411,17492,394612,17871,2826,613560,67196,208422,11920,327037,13767,2066,74786,88095,93407,98008,100135,107897,94554,57103,37598,40742,132426,7734,120455,43551,102759,12903,84675,25838,7525,18784,24799,6536,8186,7148,7985,6980,7150,8056,14481,20251,29695,33736,10339
CA-44,CA,44,273187,185722,71355,,270057,,184630,,80038,345007,234691,103084,305235,189997,105548,760701,169401,402427,44015,148674,27304,3343,604535,147752,301686,33596,120356,21293,2368,78003,94139,106031,104527,99267,103344,82310,48312,30460,39499,107022,9228,120345,46207,88487,12184,100751,24694,6978,20386,27011,5575,6639,6121,6918,6149,7179,5970,13031,19947,30439,38290,8920
CA-45,CA,45,218767,156873,49870,,211221,,150505,,56545,276200,191575,78327,234423,140825,86236,760292,129447,498623,61648,75220,30535,3169,575981,110603,361577,42372,59938,22110,2078,91395,109971,113801,101532,96783,96654,75855,38823,20929,34072,70528,2864,128003,20440,135078,4732,92998,22918,8652,16143,18891,6567,7303,7685,7325,7225,7468,7566,14513,18756,27352,20919,10776
CA-46,CA,46,255576,177876,61733,,251597,,176438,,69591,320701,224403,88624,280657,181766,89633,757347,162724,353388,99645,139325,26267,9579,594313,144568,256068,75422,112970,20402,7334,85014,96001,115157,117536,95859,94752,78699,41188,21607,39457,104726,5899,102092,37942,97718,7953,115900,27203,9160,21442,25893,6987,7653,8258,8277,7193,9096,7753,16603,22180,34539,28658,12200
CA-47,CA,47,273963,184211,72829,,270195,,183110,,81342,342345,232695,101678,301078,188816,102157,757164,204436,321000,63574,163738,23639,9309,595425,174878,236126,47406,130945,18170,7184,89517,91000,96245,107555,106176,101650,83459,46716,26575,37368,135172,6854,104065,49472,83856,11793,97319,27818,6603,20908,28591,6635,7137,8056,6980,7598,7231,6989,14944,21157,31046,47360,9943
CA-48,CA,48,225491,175262,38324,,214170,,163882,,45980,278376,204349,67477,234931,147296,79790,757441,49516,642007,37489,36444,35967,3365,573771,43308,477706,25332,27478,27368,2084,92128,108360,120000,107400,100398,91758,71567,37647,22417,32580,56457,1580,137166,17120,150539,3152,95645,22000,7487,15077,19445,5613,7580,7732,7016,6810,7747,7705,16005,20882,29142,15716,8722
CA-49,CA,49,161912,141590,12223,,156299,,134296,,19003,204147,167541,32034,165234,118974,40079,760786,53391,544128,81562,88603,31522,2699,586584,48852,397598,63486,76775,25356,1446,88412,108899,139106,121784,101930,84948,62085,30181,18042,22910,66670,2937,109054,19447,191715,5118,72245,18372,16415,10937,13474,11403,11639,12956,12122,10191,10712,9403,17570,22254,26365,12301,20337
CA-50,CA,50,239694,189520,36560,,238349,,190723,,42968,301024,232955,61577,260242,185273,64046,759952,183215,414605,34295,131604,26200,2995,614815,160364,315469,26383,111913,22721,2070,77637,86327,122013,134790,103347,92753,76092,45428,29334,32974,125383,7166,106840,45037,136889,14187,82588,23611,15414,17852,22577,8732,10213,10746,10108,9253,8650,8927,17100,22615,34566,32688,15554
CA-51,CA,51,338891,270616,50886,,335134,,270320,,59348,395315,312554,75831,360441,269999,78907,760757,411953,152015,53075,133945,15223,3473,653305,363688,121724,44267,114601,12882,2676,61680,64111,126662,143939,96141,87782,73679,46742,31716,28463,207295,20340,56478,85170,41110,38311,76555,29951,10747,24633,36234,7622,10259,8792,8793,9035,7446,7996,16318,24405,36723,79431,19923
CA-52,CA,52,304315,231855,56387,,305964,,237040,,63601,377302,283151,87212,336966,239686,86904,759329,402150,219485,47121,84649,18643,3123,636495,351033,169907,38837,70065,14960,2291,68411,67306,111931,142084,105391,99779,75312,45973,27717,41770,181007,9588,86485,59731,62192,24456,100529,30604,15046,22764,29498,9124,11184,10320,9855,9398,9315,9166,18743,24599,38059,55427,17809
CO-02,CO,2,390352,248298,107798,,391606,,265875,,108853,436230,312395,112531,416762,296165,108797,724012,528362,120350,15128,41337,19192,2030,587773,446099,83977,10692,31528,14295,1473,65958,95339,134503,103086,89892,87429,78221,45719,20688,36267,161239,19035,67706,81148,23360,15908,80010,30719,7227,24509,33241,7194,8271,7748,8148,8038,8780,8764,17777,23911,37138,48693,13637
CO-01,CO,1,287756,193568,70696,,297296,,211226,,73282,350514,259447,82015,328288,230660,88137,721836,340275,265836,66968,37049,30128,3187,566828,295215,184073,47577,28045,22504,2195,84323,88116,126455,139009,94450,77258,60714,34316,19156,31401,127673,8069,113598,52351,65547,13346,88645,32303,9166,23070,29088,8345,9157,9082,9123,8454,9738,10141,20545,27279,38609,34375,13997
CO-06,CO,6,330536,221264,82761,,333021,,234429,,85283,376094,278161,88402,337558,240489,86995,724824,383808,192018,90690,47147,25652,3436,582823,335430,135072,64637,36121,19356,2396,78920,76492,124180,134140,94056,78763,70480,41053,22133,36640,149906,10107,95573,64637,50787,18596,90250,30951,11468,22431,28656,8600,9344,10405,10310,10942,11965,12659,22909,31881,42136,38082,14359
CO-07,CO,7,387962,184831,168446,,396465,,206173,,173815,448953,253525,183334,432584,244297,176204,720619,506690,112610,35097,49849,21820,2516,560027,411373,76504,23086,35251,15804,1647,80097,89050,83470,108822,99602,93558,86742,51849,24229,40881,160716,10753,90026,73048,24691,13761,97591,32692,3373,28317,38460,3824,5474,5387,5370,6830,6460,6311,15354,23878,36896,53890,6323
CO-08,CO,8,329255,118854,181584,,343121,,137089,,191573,402271,171549,219727,425132,180408,233490,720784,487029,171905,16305,26527,24430,2266,539185,383941,112302,10200,17685,17175,1445,93459,105200,88343,104339,99675,87967,79650,45216,21392,46452,112244,7122,112873,47910,42026,8543,107225,31260,5914,26715,31441,6107,6487,7021,7338,7513,6893,8184,15741,21738,36502,35574,8601
CO-03,CO,3,374535,135726,208728,,378783,,154514,,209041,433714,185911,237361,430567,186041,233302,720610,529982,136747,9750,12433,34202,2201,571663,437873,93975,6377,8608,24844,1466,75118,90154,79433,92173,87041,93353,109753,63207,29582,45039,115902,6916,136644,46512,38178,11359,114615,29533,10947,20258,23747,10805,11021,12248,11698,11365,11088,10730,21861,29384,38563,26401,12565
CO-04,CO,4,355365,128012,198249,,365108,,144306,,206637,423407,180722,232192,434423,182948,240846,720649,503634,138903,25012,33971,24569,2820,548032,396857,95757,17023,22608,17675,1808,87692,101650,87429,93474,101202,97496,81765,49194,23420,44722,138116,6515,101637,57937,27286,9934,102213,27686,6781,23210,33293,6808,6464,6592,6997,6539,6958,6899,14276,20680,31530,48923,9693
CO-05,CO,5,324486,108317,184222,,329347,,125437,,187435,385797,162642,209045,387431,167153,209670,720380,480883,125021,59229,37471,27794,6258,553245,388876,82536,39509,25992,19571,3920,90400,95610,110433,105525,87537,88071,77445,44141,20983,53321,117822,7717,96151,58250,25209,8597,114507,31227,7083,23210,28031,6952,7752,8975,8432,9800,9656,8747,19842,28602,38806,30223,9930
CT-01,CT,1,367846,160997,191463,,346333,,164250,,175009,413203,206462,200880,401284,190278,203500,720199,547453,80384,46037,35325,8735,799,576685,456819,53604,31698,24965,6402,566,74653,90158,79641,85855,90247,112796,95760,59849,37253,41174,123689,7679,136854,74000,35610,14999,86386,30599,5028,25489,35880,6142,8111,6799,6564,6826,7564,7515,13405,20397,33928,54883,8827
CT-02,CT,2,352388,155327,177802,,332097,,158419,,164114,393624,198176,187934,387981,188885,192695,681499,560765,45399,28240,30903,12754,885,548920,465742,29636,19322,21184,9339,581,70759,82347,72988,86914,82100,104469,96277,56012,30282,45302,111726,6682,134352,63027,29065,12918,89865,30294,6151,25396,33219,5672,6867,7121,7767,6920,7119,7543,15716,23336,35735,43783,8250
CT-03,CT,3,295586,181982,101343,,273229,,174392,,92813,324337,211232,108286,309828,193390,111202,722671,387214,156753,139461,41414,15943,1833,577491,334671,107476,101167,31806,11764,1322,74821,94574,104955,91216,84368,95704,90389,53460,30074,35980,94229,12801,143735,59486,48934,16283,84658,27487,14375,19896,26700,10811,11058,10023,10152,10650,9746,9900,18244,26033,35395,34607,14900
CT-04,CT,4,296845,186778,98022,,275124,,174126,,96477,333666,223675,105447,316221,198231,113095,721400,377072,178667,107548,49217,10404,1028,556515,306457,126564,79619,35362,7561,795,81779,98407,90749,90291,94718,105314,82631,47094,28615,27816,134641,9320,99437,79602,53319,22800,65314,22695,8957,16348,26214,7537,7717,7538,6471,7985,7937,6780,14047,19942,26515,68679,11230
CT-05,CT,5,331990,212333,104479,,306591,,198895,,99507,358797,241165,112061,343457,221151,116306,760175,406728,162090,146130,48834,13074,1426,609616,350104,113415,107394,37407,9631,1030,77356,104282,116619,98816,89399,99976,91510,53155,32685,41895,109632,9939,136410,65088,53148,14685,88310,30266,13571,22047,30845,9684,10487,11020,10574,9120,9092,11034,19995,24431,37283,37477,17466
DE-01,DE,1,441052,235154,185062,,440514,,258570,,172762,504010,296268,200603,510775,288933,214262,989948,579851,104290,244944,50969,21392,1547,783543,489226,67906,178357,37878,15627,1057,109968,123481,122674,124265,114864,131642,137636,87953,41152,58540,139213,13931,208129,75033,61344,13180,130994,40249,12173,30916,39006,10775,12267,13820,13903,14294,13700,13210,27203,36164,54374,40197,16749
FL-01,FL,1,367192,103939,243241,,344999,,103177,,232899,423036,139105,275435,422155,129913,285998,768861,533563,59394,116737,35306,25396,3526,605272,436694,40471,82031,25678,19252,2301,91272,94878,107827,104105,90224,100403,94183,60384,28794,62818,103413,6294,142022,44657,42623,8457,123628,31376,10590,21742,22930,9446,10225,11529,12458,12437,11721,11928,23203,31413,41569,24859,12658
FL-02,FL,2,381130,160011,204962,,354171,,154868,,192407,411979,180695,225882,413644,166487,241373,769769,487296,54370,188611,23113,18743,1746,619791,405986,39811,142968,17237,14530,1138,79115,99648,125001,98298,93212,95152,96488,60088,29221,47817,92783,9063,154250,42355,60340,11238,107678,25504,13200,17409,17244,14117,14352,14004,13378,13203,12452,14868,24969,29091,39391,19373,19712
FL-03,FL,3,348201,141355,192615,,331290,,139120,,185833,393442,166656,221964,400692,155689,239754,768986,500165,89374,135367,30807,15696,1355,624115,422645,66402,99154,24251,12156,994,77234,95626,120761,93619,82508,90380,99561,72363,38105,52495,82917,11293,167807,39583,58144,11858,102755,23681,15124,15607,17219,13265,14739,15746,13128,14027,13910,14258,23692,28424,34224,16773,21413
FL-04,FL,4,347908,149097,185613,,333350,,146288,,180836,400986,184174,210921,398894,173153,220180,769684,401114,67458,263130,28694,16926,2427,591311,327110,46251,187236,21186,12769,1611,98306,99821,98089,106897,94564,105812,92689,53999,25183,55076,89591,4277,165984,32809,55982,6679,122729,29016,12588,20393,21241,10139,11796,13590,11891,12138,12257,11747,23128,29702,39867,18713,17080
FL-05,FL,5,359206,131442,210175,,350158,,132030,,210801,428163,177045,244534,439399,169179,263045,769649,498040,92755,107527,59062,14877,2343,607131,410004,65850,77568,42695,11088,1655,88076,95498,103992,110299,98297,98265,89687,58031,28574,50170,150983,8260,120102,60556,32087,15161,99695,31965,6640,21741,29843,7619,9381,9416,10430,9352,10930,12679,21433,29559,40070,38947,12022
FL-06,FL,6,367182,158798,191911,,354196,,156710,,190114,430201,196805,228063,437485,184860,246727,769663,490966,128386,109002,31737,15258,1518,626863,420448,93165,79801,23792,11796,1076,76058,87743,92751,95946,94968,105192,108029,79713,42038,64534,124071,7187,148993,48193,47492,15309,118873,28996,10671,20022,24638,10673,11001,13150,12876,13135,14102,12007,24305,30797,43651,29447,15455
FL-07,FL,7,357432,168467,171006,,337571,,161492,,168194,409384,199086,204649,397138,175843,215180,770134,432518,201117,93218,40244,16340,1917,620366,367718,150012,67066,30674,12512,1376,77160,89287,114010,101492,92163,100670,99193,62364,33747,69416,115136,7043,146576,45424,42246,9011,110085,31436,8760,21363,21019,9356,11419,12024,12143,11634,11118,11538,24559,31484,43035,22355,13079
FL-08,FL,8,385514,157884,207241,,367829,,156026,,202563,437536,192599,238636,435080,179184,249275,769495,499260,127032,94721,37087,16930,2196,626392,425795,93566,68012,27974,13047,1597,73506,96155,96809,90246,91146,109013,108030,73586,41249,66603,118895,7553,143415,56848,42749,8794,114738,31031,8816,23237,24306,10232,11406,11597,11181,11327,11099,12138,22461,29840,41572,25969,11722
FL-09,FL,9,301164,150305,139366,,287753,,139899,,142370,363877,176705,183088,361876,155066,202122,768696,329768,310789,95134,33330,14241,2045,604547,280410,228948,68223,25113,10920,1493,80995,91702,93596,98828,99977,97339,89742,64232,37346,56633,104692,5009,152496,40469,60578,10073,105714,24425,10144,16273,18376,9329,12216,11344,11570,11410,11717,11518,21881,28356,36048,18140,11177
FL-10,FL,10,341446,149638,179096,,328127,,146784,,175099,396770,181440,211099,396303,167578,224081,769690,437682,126473,173453,22411,16003,1821,619142,378127,90828,122781,17572,12488,1342,88286,90684,93401,103386,91454,100640,103968,84182,43859,59085,92253,4834,187316,38899,74685,7671,114783,28921,13737,16956,18643,14130,15734,15436,15844,15346,14980,13685,24587,33277,37928,18098,16723
FL-11,FL,11,335907,142091,181553,,331186,,140514,,184238,414852,183781,226971,433644,174539,253606,769531,451748,134569,121711,39305,13324,1690,626220,390119,99056,89201,29610,10419,1236,74012,78182,82997,94944,91412,90668,103060,97245,45171,60636,119880,6398,154810,50985,49055,12377,112807,30310,7882,19267,20880,10167,10791,12724,13221,11730,11398,12291,24250,29709,41711,25956,13903
FL-12,FL,12,328202,150298,162867,,310667,,143212,,160109,385702,177167,203375,370458,151457,213906,768461,422194,219433,86566,36598,14940,1636,610997,354055,164150,60795,26909,11377,1125,84921,88783,89441,106611,100947,105184,96026,64028,32714,53467,109074,6126,173320,41415,60158,10481,100267,26133,14316,16390,21066,11910,13931,14406,14337,12964,13113,13879,24429,29161,37445,24332,16553
FL-13,FL,13,402806,173552,209559,,381349,,169714,,202458,452013,205633,240532,419457,179913,233798,769022,574710,86494,57079,35620,14898,1714,651968,507410,63261,40192,27460,11814,1208,62751,70005,79795,86815,84631,115277,122951,91408,57554,61172,131788,7448,163954,50896,46126,14174,126072,32619,11810,20073,25449,12449,14954,13576,13545,14030,13982,14552,27081,32304,42820,28913,18145
FL-14,FL,14,320294,145304,159072,,311380,,144661,,159737,393786,192144,195834,387199,174139,207286,769223,399312,203697,125365,39103,16311,1897,597258,332366,143770,87826,28829,12387,1351,89930,98935,101526,113532,103784,99711,78914,54978,26100,51618,123826,6940,135710,51252,51096,14075,98473,32588,7716,21925,26326,7759,8992,9583,10879,11196,10555,11035,19857,28492,39820,33392,13272
FL-15,FL,15,330586,147313,168643,,315698,,144386,,164018,390175,179450,205647,391066,162327,222077,768323,437689,145528,136576,41835,16196,1706,608403,368996,104009,96897,30763,12058,1141,84443,101534,106376,100106,93607,98110,94916,70952,37975,56884,98859,6932,159533,41944,58720,8905,113984,26713,11113,18486,20896,11356,13012,13602,13004,12608,12719,12915,25083,31386,39749,19699,16647
FL-16,FL,16,361209,162633,182625,,351246,,161721,,182090,430494,201782,223712,442673,187717,249452,768450,521941,104940,104861,24059,13482,1269,632476,454282,72934,75721,18207,10489,879,70485,77176,82508,84084,87504,105629,119154,101236,50300,55743,120942,8478,169123,52518,49091,13703,121392,30251,10084,22228,24757,11029,11924,12988,12666,12785,13771,13897,24933,32663,41501,29316,14206
FL-17,FL,17,364484,150492,200995,,353176,,146743,,199979,431958,184541,243505,440175,168040,267358,769514,543455,132932,63604,17171,12492,933,648315,485097,94853,44067,13216,9717,661,61680,76788,70119,76833,78174,103136,129341,118788,70957,57221,112828,8558,186424,52810,55189,14681,125667,33150,10642,22285,21781,12362,13728,14107,12938,13314,12015,13322,27566,35007,49141,28892,16173
FL-18,FL,18,293778,137795,143697,,279330,,130276,,143077,356370,168647,183251,360170,155096,200484,768839,363170,247187,133976,22285,16734,1679,596543,305582,175500,94369,16819,12662,1237,94801,103989,102539,106370,95853,91185,88412,65112,31243,52844,82428,4566,173314,30553,67372,5629,114018,23345,9627,15729,15001,10160,11934,12277,13221,11653,11273,13324,22121,30668,38649,14626,14411
FL-19,FL,19,292562,148187,135359,,277945,,140336,,133325,342064,169220,169831,339921,146679,189345,769705,334069,266869,142524,23716,16230,1360,603510,286738,192302,102777,17928,11722,1023,84861,96400,90166,99079,97857,100326,91279,66213,41562,50729,90459,5430,158205,34591,93926,11562,97396,24773,10841,17661,18424,10718,11571,11791,13193,11254,11762,10857,20743,27803,36005,24099,15236
FL-20,FL,20,320117,239049,73244,,300091,,226351,,70105,361700,266612,92287,326978,222073,101042,769465,203369,186075,350134,29210,8707,1539,612399,181906,145284,258542,23290,6898,1215,87903,89207,99346,108908,97201,101403,94490,59557,33872,55180,101520,5186,161630,40061,71553,9161,106849,27946,14602,17154,18924,12749,13945,14341,13539,12646,13200,13826,24566,31053,38507,17141,16274
FL-21,FL,21,361043,167404,181283,,348468,,167019,,176261,423999,203327,217038,430272,187301,238007,768471,453771,131252,153389,22121,12903,1400,624859,398207,92186,109813,16649,9641,1041,74521,82866,82430,87066,85018,104815,110937,90849,55301,57954,122519,7794,150535,49278,55501,16284,118026,30686,9678,22353,22145,10581,11481,13276,11595,11408,11001,11924,22828,31150,40797,34512,15782
FL-22,FL,22,364368,172858,181454,,356042,,168231,,182856,431154,210701,217350,420275,185931,229661,768459,495045,146081,96336,22684,9941,1105,646313,447600,104838,68414,17372,7508,850,63295,70426,80699,82120,74854,95556,118270,117078,69612,56407,131114,10455,154402,59967,51858,18317,116591,33271,8519,22746,24908,9267,11423,12557,12600,12737,11941,10811,23954,30778,42576,37487,14670
FL-23,FL,23,366269,179431,175978,,352248,,172193,,175305,430384,213428,213658,418355,182034,231196,769339,474658,149951,85338,33494,8222,1083,632812,412099,112194,62094,24996,6245,780,72602,87452,74837,81267,90283,106478,104536,88133,61938,48058,157857,11184,118805,70312,39011,24938,98852,29628,8250,21600,30454,10174,10144,10279,10517,10596,11216,10175,21944,27085,38791,52239,15730
FL-24,FL,24,298320,246562,45054,,278232,,226691,,48286,337453,261853,72994,299673,206802,89256,769743,90043,281249,390637,25066,7696,1167,605678,76200,224479,297058,19782,6006,942,96761,94565,107890,117521,106021,99972,86202,50617,28745,51377,88664,4641,178304,35598,84545,11993,90751,21637,13609,13150,15463,11539,14422,13047,12327,13194,11842,13183,22047,28601,37094,15757,21444
FL-25,FL,25,345464,177362,156956,,325347,,163082,,157472,401570,198198,200175,384400,163772,215930,768751,349236,307310,74453,34657,10175,1253,623313,302439,236487,54603,26006,7767,925,75350,90882,84524,89972,103618,110680,97646,75087,42736,55774,134264,8909,134079,59118,48717,23918,96766,31733,8461,21747,29471,7768,8479,10548,10456,9974,9308,10394,18964,25348,35449,43352,13062
FL-26,FL,26,253408,150299,95794,,229083,,119474,,106334,294687,138192,154538,276000,104028,169360,769817,61455,645495,64948,13796,6360,610,628914,43440,536805,51851,10828,5055,492,74558,83734,93723,104280,112768,115816,81866,55275,42107,50406,101523,5090,154981,38461,121889,17183,68315,21437,20277,13987,16736,14246,13855,13323,13590,11189,9962,10599,21150,24954,34137,18209,17234
FL-27,FL,27,317168,176586,130213,,297266,,151037,,141882,372235,177698,191892,352757,140714,208042,769582,188772,521774,33719,21808,6045,694,640973,154303,438112,28055,17898,4791,572,71389,73567,91211,104874,101793,109753,88264,60634,41421,50150,148623,11866,111319,64717,64540,29652,75048,26358,13170,18282,25188,10594,10952,10940,10840,10289,9569,10182,19469,24656,33784,46799,16222
FL-28,FL,28,285054,166822,108312,,266526,,144302,,118006,344898,170361,171869,339327,133524,202585,768865,125494,529256,105836,18686,9419,825,603351,100924,417161,77792,14627,7306,612,89870,102261,93509,102268,108452,111763,77840,54321,28786,56763,103338,5512,149390,34300,85599,11047,85728,25630,9164,18369,22387,7749,9906,8737,9626,8808,8875,8266,17189,24553,33929,20396,12702
GA-01,GA,1,270797,115050,147702,,282435,,121491,,156057,335648,150212,180575,363146,158843,202200,764902,430040,58320,241094,24637,16018,2771,590887,349387,38964,174349,18459,11769,1783,96148,104978,121156,106215,90561,90348,82483,52627,23870,43403,90613,7053,146122,40375,50413,10192,116273,27338,11168,19650,20604,10546,12994,14439,10955,12084,10909,12103,23425,29004,38877,18893,16889
GA-02,GA,2,265112,111875,148075,,266557,,112188,,151487,308947,134466,171644,312594,130324,181052,765320,384598,58014,299174,15776,13933,2122,583372,308681,38271,217856,11301,10275,1403,99273,104403,111709,101244,88659,90992,84495,52065,27377,46569,63150,5351,165943,29836,74986,7880,105153,21417,18446,13692,12341,16394,15678,14876,15293,12375,12662,11598,21950,27403,34305,11791,24794
GA-03,GA,3,324175,119761,195422,,338467,,132451,,200617,394344,165085,224772,426277,183531,240155,765361,428530,47399,254457,24161,15084,1089,585028,343321,30972,184351,17085,11216,690,90159,110715,96968,94792,100553,107756,88293,55662,25415,48028,93561,6094,159832,41185,51296,9767,109908,29637,9048,21428,23883,8899,9799,8496,8924,9894,9975,9371,20462,26962,39913,27591,11741
GA-04,GA,4,298710,263313,28965,,313285,,276789,,32410,355189,316209,35623,352313,309523,40070,765130,120279,64741,548616,34249,11757,1052,587619,103135,43121,415480,26352,8742,751,98023,104568,109741,113756,99831,99707,78625,41986,16961,46485,99371,10052,138917,47583,52151,12188,102673,25949,9512,16917,18461,9945,11728,11642,12481,11471,10848,12789,22669,27310,36120,20513,15289
GA-05,GA,5,284729,246675,30748,,298226,,258907,,34832,341052,299809,37685,352064,306940,42138,764313,149369,62323,527907,26245,11187,1077,603628,133943,43793,403077,22376,8605,821,90790,97405,138678,129466,101375,87826,69472,34509,16045,40102,127014,9061,121747,62029,47632,15154,88875,28143,15321,20365,23931,12117,12472,12167,12534,12649,11363,12821,22607,28410,42021,30463,22928
GA-06,GA,6,293059,105694,175817,,314163,,119268,,188134,376830,157353,214487,398790,158585,235916,765794,451347,109825,81116,110462,17161,988,579442,359449,72671,60154,76895,12226,672,91797,106986,84203,96782,116096,111939,80853,48891,19465,35423,152114,11645,94552,80300,47697,15230,80285,27183,6064,23380,33196,6389,7964,8997,9043,7607,7742,8532,15072,22530,33291,55389,8784
GA-07,GA,7,258858,97715,151395,,274912,,110024,,158730,329786,141984,183165,347843,142290,201964,765328,346417,180315,128577,103474,18851,1228,581574,284803,119723,91718,78884,13653,835,97559,114772,104307,99366,102783,101921,77476,46908,20350,42611,113979,7029,119677,45418,70226,10983,88591,26123,7000,19669,23632,8107,8626,9785,9703,9771,10722,9530,19302,26945,34778,29395,10412
GA-08,GA,8,294256,124335,163792,,300402,,127352,,169539,339423,149291,186704,349755,151257,196973,764409,382403,42469,314628,17190,11889,1161,587325,309757,27792,230417,12558,8922,792,94205,108170,100734,98299,93039,95811,91665,54373,26916,48308,65125,5336,171022,34017,68724,9600,107194,25484,16593,16018,17150,13528,14511,13636,14190,12194,10722,11036,19665,27291,33251,14272,21951
GA-09,GA,9,285242,110230,165577,,305293,,126848,,172284,365002,163268,196880,397079,175862,217843,765600,383629,108881,208038,57922,16564,1155,568581,305867,69885,144791,40898,12023,736,99560,121499,93876,99513,109674,105700,80198,48102,20001,44341,104977,7974,137338,41777,62473,8641,102013,29174,6559,22373,25330,6456,6511,8792,7819,7996,8982,8228,17838,23782,37582,24660,8736
GA-10,GA,10,309359,124599,176184,,325176,,135330,,184803,377997,165305,208310,408034,178644,226890,764980,442774,54589,236739,18899,14686,1211,594337,362018,35522,172462,14235,11099,800,87521,110493,111149,90874,94733,100741,88901,58318,24241,41424,83011,9388,154375,41806,59048,10346,106743,26637,10343,18766,22053,10879,11887,12411,12267,11428,11849,12185,20441,29058,38759,19916,16205
GA-11,GA,11,306002,108166,183956,,322612,,120554,,194208,380067,158994,215227,402035,165703,232424,765299,493124,127392,83598,47293,19118,966,587666,395407,83763,62292,34744,13804,726,94864,105270,94122,113258,107000,99220,82082,50042,24254,34084,156008,9039,100439,68377,50467,16835,90240,30159,6209,23010,31249,6971,8256,8961,9790,8683,8875,8019,18704,25295,37353,53283,10658
GA-12,GA,12,289708,124468,158902,,295790,,127667,,164366,340365,153344,183246,344929,150015,193311,766071,389456,45685,304355,19498,12714,1941,589472,314256,30541,223778,14343,9396,1231,93823,108555,105503,98587,94636,95167,89452,53901,27325,48585,65919,5839,174744,29841,73319,9394,104290,23055,15806,13526,15774,14880,14162,13700,12496,11437,10277,10637,19825,25327,31315,14479,19620
GA-13,GA,13,302025,118297,172930,,319305,,131050,,181848,377849,167433,205323,400879,178089,219910,765251,457995,83625,185707,26442,16846,1091,588451,367748,54610,136015,19954,12566,717,92427,101447,113315,109042,101777,99465,78846,45993,19652,36455,120838,7103,132500,53341,48974,15413,102963,30205,6973,25634,27577,8792,8002,9033,8804,8954,9619,10085,20069,27853,43723,36129,10625
GA-14,GA,14,310341,107785,189639,,320891,,118389,,194901,375983,151754,218196,394328,158411,232271,764150,502195,79879,124140,39396,18233,1168,592892,404561,53290,91246,28500,13589,771,89007,106206,100476,99428,102126,103614,86101,51732,26170,38821,128909,7716,126088,53419,51233,13511,99138,29580,9395,20795,25388,8578,9393,9423,10196,10973,10998,10050,20330,24634,36080,37320,12560
HI-01,HI,1,208431,131565,63534,,208445,,138600,,63745,279671,178661,96350,248838,153038,91497,726395,107302,56401,26105,495204,16141,153851,585659,94213,38697,18240,398963,10962,104993,78728,77303,98321,103704,89562,89927,85412,57975,42253,59273,126695,8712,124231,47969,41195,14510,98879,27877,5948,22228,30841,4933,6450,5543,6174,6590,7073,7395,13602,20472,32257,42362,9964
HI-02,HI,2,220506,135326,65313,,222658,,145579,,68446,294798,187469,100514,267863,160006,102164,728876,207063,82522,20678,328939,25387,240251,570246,181411,54410,13744,247592,17167,159458,90807,89344,92061,96280,85223,86202,95813,62219,29455,53787,100548,7505,148596,38015,33398,11029,108187,25999,6655,20143,25916,5491,6809,6419,6938,6479,6880,6763,14101,19967,30536,34519,10582
IA-01,IA,1,406606,179518,197501,,392308,,177721,,201488,433884,202481,222498,421161,184915,228909,798070,686904,28447,49766,15675,13301,3161,616313,545455,17567,29879,10713,9147,1926,95816,105901,104314,97350,88905,100489,102744,62200,39007,69133,103304,4956,177323,34615,33366,7952,108049,34712,11815,23661,23737,11956,12740,12053,13750,13101,12945,13681,25536,33187,48478,21275,12538
IA-02,IA,2,391733,171522,192719,,376058,,171607,,192447,419048,193994,216604,413185,180550,225154,796914,660573,49226,47796,23261,13872,1662,617818,527443,31673,29025,17036,9915,986,94385,108362,112149,99095,90670,96038,99163,61770,34626,60150,102542,9462,164112,40644,36735,10385,107143,33835,13706,23008,22818,12090,12637,13078,13027,13451,12690,13185,26096,31800,43431,21713,15945
IA-03,IA,3,384707,169232,187319,,379088,,175007,,191383,424759,204095,211844,422138,195438,219357,798112,638078,61604,49672,32261,14472,1347,605501,503167,37807,29883,21720,10179,834,103265,107583,103266,109276,98927,99718,91904,54759,30599,59947,122857,6372,153510,39317,38107,9817,109570,36509,10360,25237,28245,10505,10154,11323,12563,12039,11991,12336,24293,32163,45954,26802,11724
IA-04,IA,4,382985,133397,223444,,372634,,137415,,224017,413180,158491,246726,407022,146375,253599,797273,652646,76709,25754,25664,14313,3903,610471,517704,47057,15349,18481,9476,2882,98998,111695,111728,97714,88268,93191,98037,57525,39399,65951,104677,6839,157847,33713,40437,7877,104493,34988,10973,22640,23718,13108,12861,12248,12707,11772,12152,13681,23771,34294,46054,21962,13337
ID-01,ID,1,344543,86263,221000,,361173,,104984,,242354,447601,132143,302954,482396,126546,343895,919553,735930,108783,11407,21566,35261,4623,692128,572254,68233,6356,14311,24703,2781,117745,131521,110813,118844,114614,114146,113994,77019,33002,61932,119899,6898,171986,40723,52884,9961,163875,36628,10462,25748,23823,10956,12817,12048,13736,12554,12913,14446,27109,38638,51817,24545,12493
ID-02,ID,2,345881,103499,188058,,349461,,125093,,206911,419680,154878,251165,422665,148413,261355,919553,714593,130624,16238,25947,30291,4670,684272,549212,83467,9691,18051,20822,2945,120231,146463,135614,120040,110218,99151,100007,60808,29879,57679,124473,8509,147192,45037,50836,10723,139689,32171,12144,23178,24193,11777,13383,13728,13634,13640,13639,13769,28536,35115,48889,24427,12367
IL-01,IL,1,280412,174491,86132,,271124,,168399,,89444,312674,204655,101523,290392,173305,106806,752894,323081,228831,97424,99633,18620,1004,570576,269062,154229,69562,72730,13078,701,92189,108856,107735,108595,103244,97295,72878,38872,19290,36855,117307,6043,112964,53510,64990,8454,94143,30444,5228,23939,28875,5201,8009,6969,7956,8385,8090,8212,18130,24852,38089,32774,9449
IL-02,IL,2,257421,169097,71617,,246224,,157688,,78528,282651,192332,85157,258319,165183,87388,752282,319526,267340,67315,94202,22922,1320,570711,267596,181157,47391,69603,16017,990,97213,107561,105494,101969,101161,93022,78171,43162,23647,32861,118040,7916,108420,56899,70432,14047,83766,29901,6356,20708,25640,6348,7262,8367,8741,8397,7984,9240,17498,23815,38700,37841,10454
IL-03,IL,3,324908,258273,47570,,317744,,249586,,55327,357102,288908,61907,325593,254262,62727,753465,379237,164881,86265,119801,17398,1373,615807,326189,123640,66487,94839,13363,1064,81903,83551,113031,131009,103840,95336,79705,45992,26039,30317,170455,14706,88298,89869,51809,22613,76145,29582,12265,22590,30163,9416,9979,10139,10372,10542,10431,10669,20536,26971,41211,48022,15580
IL-04,IL,4,351109,186436,140227,,343968,,176817,,152638,397555,220300,170565,372677,195667,167741,754394,535161,93351,18190,101476,10019,780,593153,434359,64485,12691,76139,7159,597,90780,90005,64408,92184,97704,104621,99931,61281,43424,37493,158751,8903,100359,81417,36849,21357,87508,30305,5134,24140,34885,5900,8426,7408,7607,6795,7657,7128,15207,22510,32631,60875,9913
IL-05,IL,5,342952,140339,182120,,325537,,139288,,170487,373207,161351,205574,352487,142598,199675,754765,564502,99523,59867,20426,13448,645,590844,458873,66438,41563,14942,9822,469,85309,100449,85437,91548,93381,104784,101816,60235,32999,55006,94403,4704,160437,45142,46062,7704,114684,30820,8704,24541,29559,8801,9598,10398,10363,10367,10790,10617,20125,25641,37986,29457,12289
IL-06,IL,6,270856,205879,51592,,253111,,189606,,51879,286102,216683,64831,254432,174756,74191,754159,220923,385325,125348,24625,29433,847,575965,186851,272491,97554,18581,21644,638,92950,105953,98663,102295,101084,94536,77842,46979,23960,37088,77232,4983,148818,37785,88259,8877,93253,26913,8140,19558,22325,8463,9731,11633,10763,9263,9694,9910,18837,24426,35801,22012,12646
IL-07,IL,7,312523,259389,34421,,300525,,239917,,47535,336277,283524,46617,301280,242962,51800,753610,341756,202627,151726,58409,16033,1302,630413,310348,152760,116278,49200,12244,1006,72746,68909,172083,160209,86603,71404,60593,33464,16709,23053,180473,13182,80143,90063,52805,36246,62956,31913,13907,23189,34744,8875,9484,9368,8844,8439,7728,8716,16689,23102,38574,74461,20155
IL-08,IL,8,258555,233784,15310,,233087,,203118,,18088,251798,224098,23811,206363,168684,33011,753906,83344,254923,352721,66959,22267,1128,584564,75074,182036,272770,55968,16493,819,81899,92137,129982,109758,88170,83124,74467,45526,21999,29260,78920,10650,132057,44504,93739,12967,91547,21163,21476,14124,17290,14255,18652,15120,13029,12927,10740,10561,18424,24416,30579,19226,32283
IL-09,IL,9,353865,306390,36780,,323364,,273720,,34964,347489,302099,41400,300070,248680,46716,753334,106524,119931,522003,7915,12783,799,582639,93574,81834,401668,5697,9330,600,90277,109724,96952,92862,92615,98395,89678,53214,31849,43340,80098,4025,140081,42748,56213,5548,135941,26545,14640,17255,19353,12338,12155,13931,13165,10389,10146,11127,21765,27120,36933,15146,23857
IL-10,IL,10,361147,149634,185723,,348679,,149436,,182817,394277,178043,208079,380466,166044,204305,754121,577229,62721,53669,47820,12732,884,593126,465213,42272,36611,38703,9197,617,83647,104900,108831,91719,88397,96014,91705,56533,31860,49046,107522,13139,127663,56173,31175,12933,101584,30266,8316,23558,28718,8524,10113,10343,9129,9463,9272,10637,19170,27249,35486,35578,18068
IL-11,IL,11,363620,154779,180853,,354724,,152220,,186207,405819,192375,204976,391251,180438,200796,753111,574335,84123,30091,51202,13600,1063,584190,463864,54223,19071,36184,9703,662,84601,104786,79173,84392,92527,112960,100237,61245,29683,44436,125686,7282,128096,61486,33276,13386,105353,30797,5630,25239,33265,7235,7838,8017,7873,8550,8199,8306,16116,22560,34451,51187,8742
IL-12,IL,12,338233,140733,173200,,326192,,139606,,170654,371939,169919,193936,365168,162784,193642,754078,556743,89235,65261,28716,15475,808,579604,448849,57580,41648,19874,11102,513,89880,99931,88195,90361,92976,102859,93410,60295,36216,51086,103112,5196,147813,44539,43581,8256,117042,30594,11349,22925,27357,10941,11532,11029,10825,10887,10641,10542,22053,28352,39719,28347,14170
IL-13,IL,13,353650,139929,190075,,330062,,141587,,173088,369069,154519,206350,355302,144702,202242,754197,594219,43978,85536,13865,16073,1097,591889,482905,29176,56357,9777,11970,790,87882,97753,94711,91881,87293,96829,97014,64013,35646,56028,82627,5322,168384,35298,44304,5888,119689,29308,12758,20414,20935,12731,14421,14237,12826,12511,12578,12433,23532,31673,42813,17621,18896
IL-14,IL,14,348611,143385,180739,,337083,,144000,,176018,384546,172336,204225,370531,159358,203079,755321,576216,77844,38548,49086,15608,894,591122,466250,52211,25391,36057,11478,592,87343,99046,94813,95605,96831,103179,95219,56700,30384,50229,111460,5325,147771,47915,36994,8427,112703,33210,8251,25961,32387,8015,9117,10096,9117,8923,9392,10456,19414,27372,41411,30319,11725
IL-15,IL,15,371454,155140,186992,,364322,,156129,,190916,409817,192560,207908,397227,183455,203178,753888,597364,57932,38700,46025,12723,805,583761,477058,37573,25622,32605,9108,547,88317,102316,97354,90102,89437,102963,93536,55869,30869,44058,135459,8907,115357,63750,27425,13016,97256,29662,7456,23651,30871,7355,7927,9893,8972,8993,8948,9282,17569,24724,36282,46176,13974
IL-16,IL,16,340591,133202,184567,,329578,,138581,,175260,376060,162291,206422,368583,154437,206205,751312,568067,74473,61522,32388,15439,866,570534,448459,47867,40023,22104,10998,546,94538,104693,90561,93793,102156,102091,84729,53056,30059,51620,99587,5587,146760,46617,36694,7349,114716,31956,9620,22296,28709,9139,9445,10176,9438,9885,9319,10472,18684,25068,38079,32434,12308
IL-17,IL,17,360018,139849,198097,,340910,,146830,,179504,377056,155922,213610,359483,145548,205577,753671,554524,30372,138027,12940,16412,1227,590571,449024,20340,97694,9186,12232,798,84042,95523,91613,96086,92628,101604,97901,59162,32495,56205,83207,5029,162485,40382,48129,7047,124057,29645,14400,19143,22237,11286,13891,13143,11679,12833,11573,11760,23531,29540,40301,18219,17474
IN-01,IN,1,309735,145470,147684,,302997,,153383,,141808,336005,157887,172685,323224,139762,178553,755028,472324,119902,139352,13176,17166,764,577781,381195,79282,98066,9300,12386,478,89964,102745,90933,92482,93710,100642,95417,56143,32239,44394,77301,3697,190824,31872,53539,5459,108593,28894,11370,20226,21889,9723,12856,11450,12706,12605,11425,11706,21961,27762,40697,17549,16073
IN-02,IN,2,305444,118149,166772,,300115,,130720,,159499,329002,138982,183729,318317,128326,184812,753230,574609,71816,72987,16730,16615,997,579619,460818,45340,47340,12192,11948,672,92487,102345,102063,95193,88227,93262,93857,56008,28842,44443,84376,6043,173175,34904,51852,7451,102606,30471,10059,20020,21627,10077,12230,13167,11967,12270,11880,12501,22981,30306,42149,17027,13208
IN-03,IN,3,273159,94808,161574,,273439,,106818,,157710,305128,119451,179368,293783,112774,176124,753322,564953,73814,75100,25609,15190,1007,560618,438244,45724,48877,16720,10821,652,102105,112589,109561,92665,87482,90852,80520,52305,26369,44999,79990,4541,157836,31206,62267,5705,94533,27615,10935,17871,16554,10744,12520,13111,13041,13566,12395,12617,23602,30816,42098,15821,13384
IN-04,IN,4,322677,115019,186743,,322858,,130196,,181979,361003,144552,208926,346555,137340,203044,754281,577439,50006,86086,24721,14666,1105,575568,454391,31606,59127,17891,10637,721,92452,102597,100722,98019,97307,96633,88373,52978,27467,45946,108053,7351,153184,43990,40815,9843,101650,32747,8759,21932,24391,8357,11448,11913,10927,11756,10452,11499,22954,30443,43452,24213,12291
IN-05,IN,5,316227,105145,189231,,321396,,121502,,189190,367776,145722,214297,361760,143388,211638,754226,605265,44889,45406,42986,13362,3568,573388,472547,28512,28612,31528,9821,3239,94449,111043,107383,94297,94237,95107,82291,49469,27777,40489,124657,9461,131836,53161,30542,13002,85551,29529,8145,21683,25464,8419,10329,10275,10963,11480,10614,10204,22115,26344,38165,35508,12467
IN-06,IN,6,284515,97922,168069,,282677,,111719,,160983,314753,124041,184256,303202,118064,179871,754204,547196,59091,87804,44703,15847,1148,567890,433972,36078,56813,28784,11721,762,99312,101987,99926,105660,92094,94957,81732,49500,25131,41657,88946,3971,168549,37086,58919,6246,96795,30020,10902,19368,20222,11096,12147,11916,12382,12597,11490,12429,21496,30558,42450,17631,15506
IN-07,IN,7,334559,127421,187096,,328134,,138567,,178419,354194,146263,201267,348742,138540,204204,754754,591595,40227,95914,11395,14870,930,586482,473478,24670,67834,8143,11171,608,92807,96536,96622,99344,90903,99120,92976,57699,29012,47351,91686,5051,173485,39920,48127,7616,105263,29931,11408,20423,22183,11497,12831,12574,11955,12519,12958,11770,24304,33599,41573,18280,15061
IN-08,IN,8,318545,117214,183153,,313703,,136799,,167715,341928,136907,198852,327745,126672,195760,753381,641630,27251,46378,20374,14206,1476,592819,513705,17993,31604,15864,10689,933,84457,104842,115384,92299,85875,91672,92600,55652,30573,53939,84502,7536,163714,40571,43942,7038,97343,30664,13911,18924,19868,11444,14304,14169,13587,12753,12536,13145,24652,30896,39840,16893,17092
IN-09,IN,9,295667,112007,166918,,291897,,122242,,160537,321467,128693,186477,310434,118806,186334,753102,545993,67195,110990,12955,17521,1020,578414,437300,41724,76807,9797,13030,626,94307,96735,105715,99361,91477,99296,88280,51412,25540,45660,76342,4539,183215,29293,63251,7242,102159,28167,12188,17925,18855,12377,12296,12756,13583,13982,13659,14739,22405,31378,41839,14512,16421
KS-01,KS,1,281652,106605,155256,,281505,,117371,,152315,320649,136391,177272,305687,126034,174094,734306,505456,114723,66865,24925,26936,2315,562940,406280,73899,47082,17725,19133,1487,92359,105167,123452,96671,79494,79466,81208,47242,28323,40761,88853,8722,128875,40622,44109,8536,101164,27304,11588,18071,19839,12055,12098,13089,11755,11566,12013,12448,23934,28475,36757,17236,15692
KS-02,KS,2,316408,116723,173189,,317502,,130026,,172059,359082,152815,197922,345730,145420,193774,734998,562933,80668,50910,17427,26341,2027,564280,449661,50958,32948,12187,18510,1269,91678,97719,98098,94959,82232,88357,92837,54623,33780,45210,105777,6017,134419,44620,33793,9858,115036,31927,10003,19728,22010,9604,11412,12611,11175,12051,11983,12733,25036,31946,43372,19348,12973
KS-03,KS,3,327526,115900,185067,,332036,,132464,,184559,382966,161882,212991,380275,161456,212010,734170,575001,53520,38351,38017,27253,1704,552061,446432,33359,24458,26269,18904,1048,94124,105353,86319,96976,92492,95431,85197,52046,27581,42328,134175,8477,102883,62711,25359,12449,103245,31721,8508,22783,30234,7815,8778,10030,8892,8743,8542,9492,19011,25036,36563,38312,9385
KS-04,KS,4,268099,87777,157506,,268119,,99227,,155359,309606,119235,183221,295899,111943,178924,734406,479185,133692,67149,31826,30775,1844,550035,381609,83370,43685,22753,21350,1164,97780,105873,100869,95347,84191,85790,86173,47842,28873,43366,88458,4306,128556,37360,55108,7324,114043,26939,11076,18265,19059,10290,11221,14894,12016,11984,11840,13448,23406,29602,38931,16771,13216
KY-01,KY,1,322219,108020,201243,,297550,,118039,,174448,343528,121604,216507,323926,104230,215323,751582,570927,28335,126801,9472,15675,1354,577645,453308,17420,87824,6333,11786,815,94640,99285,99853,89947,89084,96250,98680,56500,29941,49681,59970,3352,189901,29609,58451,5672,112379,23932,19712,15140,15299,14825,14950,14646,14146,14225,12797,12036,24175,28509,37243,12178,21476
KY-02,KY,2,295705,97736,184319,,277284,,109632,,162307,327930,118591,203787,319345,105455,209018,750689,577204,43492,90606,22065,16255,2423,578894,459744,28264,61972,15117,12405,1583,91545,98507,109585,96650,89706,92840,89514,53195,24872,43408,64380,4561,175561,33489,66297,7314,103715,25349,17234,16426,14088,13823,13498,15662,13873,13736,13498,13735,23757,30622,37418,12179,19111
KY-03,KY,3,331010,115572,200514,,316287,,131030,,179314,368751,140396,222161,356290,127463,223549,749545,600595,42174,73097,18354,14816,985,583355,479165,28518,50726,12771,11293,680,89280,94105,94307,99055,91938,98544,91682,58511,29626,46167,80501,5296,172928,40653,58651,9661,106053,28619,15346,18315,19115,12650,12413,13485,13487,12581,12169,12656,23436,30977,41865,15631,15023
KY-04,KY,4,315843,91777,209432,,296088,,112594,,178107,344481,115007,223847,330959,103894,221542,750745,652374,22346,41878,18925,13864,1477,590058,520287,14959,28523,13986,10846,1225,85519,97750,110098,93459,93391,94910,92415,55699,24894,39645,77254,9036,154652,42076,76460,12348,93387,23561,20759,15392,15796,15450,16989,15816,14458,13513,11975,11383,22868,26734,33586,16085,23944
KY-05,KY,5,350511,115525,215272,,342643,,134775,,200619,402195,151957,242786,402639,147477,248072,751723,625729,37899,49417,20806,15814,1266,571433,487781,23248,32924,13900,11489,794,93442,101299,89639,93573,99764,103440,90456,57406,26433,44553,114781,8471,138580,56718,38040,13030,103432,33524,8056,23453,27756,7625,9322,9049,9873,9997,9873,10299,20187,27089,40017,33919,8997
KY-06,KY,6,308087,100217,192177,,292939,,117118,,170031,348551,124919,217558,341368,115524,219987,751552,637935,33608,54260,9141,14782,944,582515,505260,20666,37222,6500,11081,654,90362,94296,101030,96919,92480,100112,93306,55812,27389,45957,81248,4965,171648,38640,65548,8914,100076,27369,17356,18420,19088,13709,13673,12390,14052,11496,11660,12183,21669,28563,36570,16919,19574
LA-01,LA,1,335316,120173,200392,,298077,,110452,,180997,364322,142124,215502,347827,133757,207720,776046,430344,89790,218603,26316,15687,950,599523,349300,62711,158600,19579,11511,655,94808,98839,95498,107152,91147,99748,98237,60835,30210,39172,115920,6725,142183,44040,54372,14057,120956,28295,13830,19981,24236,12688,12827,13075,11476,11483,11721,12124,21373,27811,38180,26661,18018
LA-06,LA,6,341179,130860,197599,,303457,,118181,,178972,369375,147928,215109,349231,136222,207059,775344,443553,68832,228674,24244,14947,945,590340,352660,46862,164575,17962,11066,667,99261,105400,101283,111306,96410,97945,91432,51301,22579,35730,98178,6234,157600,38427,62866,11526,112070,29218,12028,20913,26463,9672,12211,11601,10853,9863,10776,9369,19950,27195,34684,27667,16533
LA-02,LA,2,334979,130804,192587,,291690,,113157,,171793,347911,140606,201535,324867,124896,194567,776955,450857,55147,231191,18541,25712,991,596189,362408,37679,166768,13722,17831,694,95788,100056,100536,109640,90515,97316,94089,51132,26091,36577,75255,5256,181634,30832,79579,8148,105633,26575,18520,16856,17979,14989,15924,13522,13173,12532,11505,11818,19689,27337,35732,16539,24671
LA-04,LA,4,330646,126966,193933,,287386,,107713,,174696,341630,132374,203772,312454,115010,193418,775599,419487,35309,287293,13986,21344,1640,589783,333939,23515,206792,9926,15712,1043,97621,106460,101251,101836,91269,93550,90005,58517,29997,40161,72207,4043,184644,30401,66146,6877,111966,22692,20688,16245,16894,17019,18159,15230,14487,13563,11848,11463,21968,25102,31927,15619,21407
LA-05,LA,5,345432,139226,197741,,307947,,121766,,180937,359710,146323,208111,329640,126032,199328,777239,405060,31688,317021,11518,13793,808,596819,324864,23049,230539,8777,10240,535,96972,106716,107850,100149,91956,94401,90703,58059,27461,31788,66228,3719,192144,28249,78655,5678,106433,20411,20524,14291,14965,16103,16723,14737,15479,11421,11106,12053,19567,24137,28484,13137,24805
LA-03,LA,3,341480,132125,196386,,307122,,116212,,184399,365114,146679,211747,342956,130953,206413,776574,447401,41783,260337,17231,11645,766,597894,358939,29846,188495,12981,8545,566,99680,103744,122265,109182,87146,91607,88593,51392,23610,32439,91693,7062,167253,34768,72736,10046,92840,26173,19766,16829,19690,14870,16178,15556,13911,11258,11739,12122,21595,24583,33379,20805,24420
MA-09,MA,9,423717,224995,168638,,403821,,215548,,179821,471472,285724,175347,463206,264581,187653,780703,628973,29121,37480,56425,9757,994,642714,529995,20412,26673,43368,7200,759,71336,81624,85138,92292,88105,117691,120242,79480,43445,52668,161514,11762,129649,84794,30587,17478,97544,31633,8118,27335,42467,7592,7956,8693,8204,8034,9551,7304,17231,25246,38453,61472,11311
MA-02,MA,2,351762,173296,148213,,325727,,163571,,153046,389791,216716,162656,381020,196952,174304,780921,563642,105988,60954,35162,12889,1203,623199,469841,72386,41586,26458,9556,860,80362,100261,103555,100135,95393,111775,99880,55932,30578,51167,114659,8825,153279,58435,48740,9129,99399,31064,11639,24988,34711,10011,10338,10423,10113,9184,8581,9385,18393,25392,37465,37732,12847
MA-03,MA,3,399514,226141,142293,,374297,,213721,,151503,438628,280796,147360,419170,255571,152344,780706,564832,58024,38027,96180,7394,898,615621,462342,39799,26069,69193,5492,657,87318,99737,87377,99272,101669,118482,95785,54428,32394,38021,154371,18967,112916,96541,35604,15812,72687,28133,6402,24324,40147,6330,5661,6870,6453,6056,6331,6236,13333,19683,29682,76821,9050
MA-04,MA,4,358414,175745,156504,,327822,,163398,,156870,399096,215050,174902,397735,194175,194731,780874,621248,61123,54548,23371,10961,1033,623136,513440,39591,36719,16650,7827,731,81386,97955,97942,99927,96223,115113,97678,59957,31406,50403,113995,6665,163534,49682,63120,7949,92195,31499,11118,25592,34166,10114,10871,9894,10016,9287,9128,8687,17242,25377,36848,42340,12803
MA-05,MA,5,367286,278649,66400,,345673,,260490,,78525,391080,315060,68092,361930,278316,70370,781758,478767,73761,66156,140904,7274,1082,646026,410993,54947,50867,111024,5508,847,73083,86636,147861,129275,93959,91066,76246,51182,29036,23708,159272,51121,74049,124323,34130,33384,50132,28846,8980,25309,40068,7453,6629,6335,5805,5869,6374,6325,12814,17816,31448,90695,12799
MA-06,MA,6,370665,213901,131129,,343225,,197597,,138001,404407,256141,139510,386110,226702,149985,781922,516384,181340,53105,31064,11681,1268,619571,432641,126047,37592,22557,8497,913,84577,98830,99382,98145,95108,111749,98611,57521,34047,45834,131744,9582,134658,66802,56025,12141,86577,28547,12328,24740,34008,9352,9016,8870,8447,7930,8418,7880,16164,22304,36267,52661,12544
MA-07,MA,7,303453,239484,47469,,276827,,212390,,59356,324840,263272,55444,288970,215668,63162,780562,340064,177003,180558,89141,11300,1491,655983,309356,131082,138468,78634,8842,1224,69861,87792,165704,141110,85998,84095,69556,40521,23696,26571,142631,17528,110592,77906,70690,24751,67348,27433,18275,21981,32617,11171,10068,9332,7750,7354,7454,8131,15501,20625,33201,56646,24434
MA-08,MA,8,380745,237181,115340,,358016,,220303,,129859,420169,291818,118839,399101,262171,125380,780729,499366,59806,110528,77585,8125,926,603747,402890,40727,80013,54573,5953,698,92191,107589,83330,98873,105328,112684,91095,53064,32618,36241,152954,17520,99866,98988,38208,20809,68861,26540,7136,22377,34696,6094,6511,5864,5226,5436,6176,6323,13083,18351,28929,82119,8570
MA-01,MA,1,369195,225658,114772,,335227,,207582,,119475,391676,257466,124969,376426,232382,133374,781742,535621,141519,68510,32652,14659,1541,633726,457487,96517,48326,25663,11061,1096,75676,100295,110176,91956,87962,102770,104503,62950,35225,50267,103180,12159,149356,59846,54483,11592,92181,30832,16877,22684,25267,12651,13742,12635,11879,11684,10927,10660,21379,28162,38558,28669,16584
MD-01,MD,1,358251,131194,205523,,322905,,123283,,189114,375019,159471,205321,383693,158943,213304,771927,524912,62440,130313,37128,18681,1388,596640,427846,39519,89118,26391,13964,989,92179,95059,91321,103623,92698,107019,96838,55427,26234,42081,97492,6517,163013,53305,49100,8662,109055,32701,6956,26455,35060,7476,8083,7981,8420,8628,8304,8300,16817,24045,36849,38500,12211
MD-02,MD,2,347192,247112,78230,,330727,,232105,,88406,400341,305988,84484,391929,287007,89733,771972,288630,99260,262406,117273,12055,1290,595314,240866,68013,195929,86108,9920,935,92188,106911,92025,104351,101022,103920,91298,54822,31663,34878,143204,19549,88969,97271,40896,22641,85196,30341,5968,24869,38249,4895,5831,6009,6638,5850,6724,7226,14331,20316,34003,62836,8272
MD-03,MD,3,301274,266664,23263,,270577,,235366,,29269,311339,277297,27222,294067,249027,35265,771831,117901,198720,405097,52654,15770,1246,596792,102411,135872,318612,42660,15022,994,102632,96544,108494,115689,98637,96193,80929,42720,22128,32296,103803,14299,117374,65452,77331,14279,88176,31936,6630,23283,30611,5146,7084,7166,7582,8006,8150,8471,18365,24609,37603,37287,11681
MD-04,MD,4,328732,246148,66364,,317008,,236677,,72579,400382,319488,72276,395755,308461,75572,772009,210857,87191,428440,42617,15792,1814,603106,177985,57661,333212,32221,12473,1281,90822,95498,101964,106327,105264,112701,88192,50862,23487,39449,127008,10112,123556,78726,36025,10783,114293,34988,4194,29082,42589,4366,4434,5038,5149,6415,5584,5870,14460,22033,36276,58593,8976
MD-05,MD,5,380286,142316,214757,,351468,,135400,,205762,416420,181295,224198,432255,182244,237395,771989,561533,44528,125052,24974,16622,1638,604467,454212,28025,92247,17168,12315,1062,89565,101562,88924,95706,89573,113505,100728,64367,32657,40883,108491,8026,157858,59143,42744,11143,110543,31054,7025,25763,36521,6924,7864,7836,7826,8158,8233,7500,16887,22546,35986,51083,10962
MD-06,MD,6,392792,136538,229137,,359049,,130686,,216471,420283,175488,232589,436224,178804,243481,771839,611231,41071,67349,37009,14214,1099,609021,493431,26607,51394,25469,10392,686,88137,101475,87703,95772,94016,112608,100365,62859,37431,43392,119107,10619,152804,65630,39674,14195,99114,31886,7138,24555,36462,7147,7492,8288,8419,7855,8462,9254,16761,22804,34779,50622,10278
MD-07,MD,7,324331,257561,50027,,288397,,224610,,55343,324660,269748,47831,317836,257246,50072,771980,246023,54961,420597,43524,11930,1059,616915,214698,38113,324164,36241,9908,827,84733,90115,124042,124354,87867,89723,88124,49059,26129,29877,106003,13673,141548,64611,58994,17615,102313,29079,18262,19219,24067,12301,12221,11573,10885,12241,10451,12310,22269,28887,39035,31152,26195
MD-08,MD,8,348588,250395,75868,,326489,,230375,,86304,388584,296248,82490,386575,280845,90728,771856,352176,141502,125105,147665,11680,1495,592947,289911,98452,88313,110301,9639,1075,91347,100985,87374,103884,104614,106967,86287,50994,30475,29234,147808,36569,67602,106449,39153,36561,63928,27513,5240,24383,37686,4671,4389,5208,5451,4611,5955,5039,12034,18374,30473,83758,8021
ME-01,ME,1,382326,205601,150452,,389156,,208683,,158625,430149,258033,159936,436532,261038,165742,681179,609297,15016,20868,16273,13311,800,557050,507050,10166,13089,11477,10033,576,64323,75134,80645,87605,80948,97043,101666,62943,32838,48703,127319,9225,133837,57003,23989,14890,90119,32519,9399,23328,28360,8658,9668,9812,8977,9736,10126,10362,20787,28015,40149,29015,10604
ME-02,ME,2,365609,152134,185141,,354291,,145608,,187596,389220,177037,200831,394843,174614,212235,681180,618967,11593,15436,9200,20191,819,553035,510454,7490,8871,6534,14772,572,67839,76644,76509,80545,78218,99326,104672,65909,34142,54431,87414,6378,177758,33858,35771,7175,98091,26384,16445,17640,17065,13655,14613,14503,14028,12905,13625,12185,23067,28649,38426,13776,13691
MI-01,MI,1,384449,154560,207857,,384232,,169229,,204133,447663,196877,243528,464997,201537,256444,774488,654485,27406,38585,8437,40852,1103,623156,539672,17411,27114,5872,28389,659,77589,92676,94980,88210,84817,103093,121322,74426,38981,62229,97327,5973,176231,41149,36259,8907,127480,30909,13526,19219,17656,13169,14225,14523,15043,13894,13770,12604,26989,33736,46701,16164,14517
MI-02,MI,2,348868,150228,178653,,345991,,160297,,175335,402741,182896,212951,421812,185216,229588,774928,621678,45622,59737,25725,21397,928,615348,505256,30727,41971,19526,15470,627,82859,101860,128008,92614,84324,96383,98726,59692,29582,50517,81960,9289,163916,38301,43658,8481,116880,27658,14674,17261,18271,12582,14506,14759,13409,14658,13591,13226,25438,31648,40406,15363,17261
MI-03,MI,3,362663,146650,192908,,365764,,161482,,192867,428234,201863,218074,445725,210322,228198,775120,580993,92137,64428,23900,17236,1070,594292,465780,58740,41613,16619,11931,694,96638,108178,123134,107825,87728,92579,81825,48949,27417,48157,120114,7097,130876,47386,36800,8414,107547,33888,9472,22951,25821,8343,9963,10615,9286,10620,11064,11256,22373,29319,43988,24287,10519
MI-04,MI,4,354086,148736,184972,,349175,,156227,,182095,410343,188036,214810,425400,191176,227788,775568,606069,52660,75548,17684,21176,917,600377,486850,32734,49951,12542,14987,599,91624,101716,108514,93146,89230,98382,99594,61789,31131,50439,94638,6341,156154,42742,44038,7669,119043,30181,11720,21456,22434,11467,12842,14414,13582,13013,11834,12144,23723,32152,41156,20161,14670
MI-05,MI,5,341497,157176,166662,,332704,,167374,,155963,399626,196256,197156,403169,169179,215677,775727,617470,55328,62239,18482,19407,794,601386,491008,36721,42716,13313,14550,535,92090,101416,100019,96262,93345,104006,96242,57519,30634,53935,80276,4492,170774,35531,55902,6549,122781,29939,9933,20994,23075,10420,11945,11895,13093,12076,11928,11545,22050,32097,40821,18566,14905
MI-06,MI,6,356371,250001,91473,,350129,,253386,,88272,407840,299104,103576,411059,289773,109856,775727,401718,37685,254503,68718,15468,1115,611942,336713,26172,184579,53258,11513,809,90991,106026,135028,102313,91499,93779,80161,49626,22452,40699,103385,16145,115463,63932,40694,14212,107271,28469,13628,18598,24118,11257,11407,11238,11697,12189,12118,11333,21344,26828,37846,29599,21066
MI-07,MI,7,354610,137712,195793,,350444,,147983,,191674,412095,175987,228547,427525,178335,242590,775691,614718,41903,73880,26231,17983,854,599358,490278,26387,49582,17941,12969,564,93670,102128,96674,99259,92694,102809,99159,58218,29967,52102,98331,4890,166593,39340,39233,7819,121990,30650,10439,21123,22721,10205,10549,12535,11857,13049,12393,12187,23255,30842,43787,20790,11169
MI-08,MI,8,385432,160009,206637,,374302,,166151,,197561,435633,187443,241798,445960,184071,255897,773712,616394,35361,90829,9157,19673,808,615694,505947,22853,62541,6383,14627,509,83335,91119,89458,84890,85766,106117,117883,75298,39891,62080,72173,3904,194732,29600,52747,6251,134233,26002,18906,15875,16233,14981,15848,16640,17148,16699,16201,15642,27435,34266,42342,14176,19728
MI-09,MI,9,380983,159059,204122,,379738,,173529,,197106,448479,205980,236662,458660,199283,251228,775657,586728,42607,67043,62864,13572,695,610315,476181,28034,47698,45589,9791,463,85318,98768,99361,92543,100717,111826,97793,58774,30310,50258,126978,7850,125283,72145,37574,14878,105863,32935,9596,25353,34629,7875,9421,10508,10780,9855,9692,11056,18401,25900,39859,42462,11708
MI-10,MI,10,373672,165154,191223,,365694,,178505,,177439,435965,208513,221435,445902,200596,236456,775696,591075,22123,102604,41778,15105,742,624314,492335,14912,71720,30907,11179,510,82197,85425,104262,103207,92063,109197,103725,58227,34372,58210,98866,4479,163153,41649,51825,10296,130568,34569,11160,23142,26816,10750,12579,12391,13184,13556,12001,13273,23772,32373,47562,22714,13827
MI-11,MI,11,413709,180685,212766,,413977,,197515,,206667,481471,233927,240997,484460,226145,249400,774279,604694,31322,57318,61924,13939,618,615813,492784,20599,42872,44790,10207,437,79852,94718,88756,93388,95395,113631,107487,63307,35016,51185,146462,8587,109383,80602,26622,19883,111115,32699,6454,27925,36458,6479,7678,9205,9179,9494,9864,9223,18563,25616,39925,52732,9650
MI-12,MI,12,407070,164663,220714,,409245,,182203,,216297,479217,214851,256984,494316,215683,271023,776054,654598,25661,51282,20832,17877,757,609010,525028,16544,34828,14373,13288,495,85980,97174,84965,90806,95077,116493,109143,64212,33194,55520,122012,6219,142284,56844,29582,11262,128310,33041,8111,23370,31864,8425,10025,9863,9679,11389,11323,11421,22173,28141,42275,38528,10325
MI-13,MI,13,326916,294205,25761,,302538,,270639,,25931,348919,312313,33346,334246,285118,42205,774684,145031,54607,546126,26196,12773,854,593597,120964,35811,414321,19327,9570,602,96698,101796,116097,103995,91666,92851,90018,49912,26925,38419,69086,4090,155776,37996,77468,7549,128237,19445,27762,12847,12762,17206,17254,15629,14968,15835,14489,13232,23853,26782,32430,11382,32821
MN-01,MN,1,353045,264177,59167,,346363,,270208,,57426,383000,309475,65109,354306,281168,62628,713072,400591,69541,129058,99692,21439,1413,562588,349300,47229,85613,67592,15311,974,87231,85697,125411,119768,80996,79020,70260,37585,20430,37438,139746,13668,82061,64304,46230,17648,77351,28656,12372,20839,27450,9291,8938,9714,10646,9948,10477,10493,21064,28053,36071,34808,15725
MN-02,MN,2,359203,229302,97375,,352747,,238962,,93427,396371,283353,103090,373558,264400,98570,713366,431032,68911,134490,65161,18470,1204,561250,372522,44849,85843,46144,12758,867,86704,83300,111565,114410,83457,79320,77023,45380,31054,45950,143539,8370,95528,53286,36904,14532,94939,30637,9320,24372,27602,8241,9402,9414,9187,9617,10586,9911,20995,27455,41523,34371,11681
MN-03,MN,3,373972,144118,199679,,356255,,158401,,181005,409167,174822,225608,414613,171214,235116,713799,618403,17816,17263,8844,47564,1004,559285,498713,10684,10069,5932,29846,612,82646,91048,86370,80991,76924,90539,105219,64576,37616,68691,92132,5402,140464,32163,30226,8404,116730,30314,13271,22098,20889,11804,12319,11722,12648,11224,12347,12107,23579,30018,41352,16197,14344
MN-04,MN,4,379956,148800,199034,,369749,,163779,,187016,433304,192104,231202,442440,192576,240460,713690,597059,24755,31597,35568,20218,983,545295,471406,14896,18755,22534,13326,620,86509,95403,77659,91375,90706,102878,90102,52591,27229,60210,113611,6657,130127,41349,25170,8217,108327,33942,6046,25987,33088,5656,6529,6658,8063,7641,7383,9055,17648,22869,37578,36557,6879
MN-05,MN,5,367775,142253,193444,,355264,,157598,,178993,416326,189988,216037,425284,190904,223926,713756,566075,27643,61062,42770,13200,978,538186,445249,17184,35503,28581,8849,616,90081,100687,87352,95123,92063,96233,81675,45938,21417,60624,115696,6355,114923,41369,24749,8149,101971,32075,5150,26139,34535,5632,6241,6979,6993,7611,7746,8026,16828,24317,36695,34416,6432
MN-06,MN,6,383334,150186,200435,,374017,,166402,,190714,431287,195844,225799,434117,193107,230764,713046,595370,37253,28313,37499,10695,1318,537522,464236,22581,15930,24467,7008,805,92459,96725,69683,90298,89991,98606,89595,53375,29692,56572,136133,7147,108258,53472,23003,12622,89905,29789,6330,23732,32407,7268,7029,7057,8187,7123,7807,8059,17677,22604,36649,49589,8079
MN-07,MN,7,363763,138799,193259,,348500,,154333,,176724,403150,179100,214732,403665,174524,219943,713109,566983,53856,42118,34530,14555,1218,540386,448438,32961,24236,23384,9437,764,91590,98441,89769,91059,86550,93356,84083,48455,31090,60853,116271,5391,120506,36813,28112,7975,99769,31790,7225,24330,28301,7080,8345,8785,8735,8558,9282,9568,18711,24694,37792,33180,9008
MN-08,MN,8,363765,150081,180558,,351091,,166703,,166518,404566,192391,202488,405937,189086,207625,712656,578367,45865,39745,33640,11510,1269,544521,459189,28383,22837,22897,7812,833,88321,98703,87405,91213,85484,91355,86120,52122,30191,61694,108465,7310,126228,41536,28831,12108,92208,32730,7266,23774,30555,7905,8864,8702,8876,9049,9685,9311,19637,26241,38993,28566,8716
MO-01,MO,1,356277,133318,205648,,359633,,150205,,198988,384508,156690,221310,380966,150996,224189,769641,631504,25873,66224,20419,20126,797,605062,508056,17055,45266,14707,15226,561,87180,94489,96670,107987,93809,103315,99125,56338,29103,49833,101504,6132,161526,45840,47699,8484,117621,31922,11335,23127,23214,10966,11438,12392,13402,11778,12827,13439,23842,31502,43125,21334,13308
MO-02,MO,2,380957,147971,216779,,381188,,161088,,211032,404200,173892,224345,390270,164312,220008,769293,611180,22939,79412,34341,17056,879,603958,489443,15379,57661,24904,12828,563,88422,94848,89928,96052,89794,102196,100074,64419,35108,38280,122666,11084,138688,65092,48507,16803,94082,27082,15285,19513,26205,12056,12729,12457,12770,11786,10655,10853,21197,27623,37329,39839,15455
MO-03,MO,3,357536,141524,201262,,357440,,149063,,199034,379777,156680,217098,374259,145650,223896,769312,566837,30745,112141,34706,21681,1897,606878,455582,21152,83971,26442,16232,1287,87264,100092,106693,96044,88576,95923,98869,62417,34761,42116,102300,10068,154907,52070,47333,12970,107944,28737,14307,17916,20127,12369,13624,12800,13225,12058,12617,13206,23361,32281,38480,26107,19115
MO-04,MO,4,355937,136093,203467,,358210,,148602,,199078,382287,156627,218930,380779,151054,224449,769178,557675,30094,142405,16738,19406,1229,589228,441853,19265,99361,11674,14242,815,96048,102283,96545,101656,94339,99752,99098,58828,30480,46444,101352,4602,164955,44254,44524,7072,120333,31540,11196,21669,25849,11264,11682,11740,12740,12988,12393,13199,22812,28883,41807,21224,13327
MO-05,MO,5,352536,139353,195602,,345933,,146995,,188637,370011,155285,207989,361526,145258,211187,769642,568212,23975,140420,16619,17827,1606,597788,453578,16003,99906,12206,13402,997,91206,105376,117636,94383,84643,91247,93828,56526,31487,42461,84983,8074,171992,39721,44111,7755,102683,28026,13320,17115,17055,12130,13112,14434,13300,12861,11707,12764,24346,30442,41119,14157,16333
MO-06,MO,6,324028,117660,187027,,334398,,136069,,186480,364909,148366,209080,367915,147126,215282,769406,593237,62740,61974,21800,25703,4806,585935,468541,40102,39064,15121,18853,2978,97034,104390,101577,105468,94907,97305,87837,53836,26754,43680,99507,4916,162696,40693,43038,8135,115066,32088,9992,22238,24390,9947,10841,11404,13046,11785,12128,11506,22710,30626,43902,20317,13676
MO-07,MO,7,330277,124634,187949,,339439,,138491,,190105,366960,151425,208341,367460,145919,216348,769503,585817,51743,83252,18364,28727,2532,599879,470122,34260,58395,13343,21252,1607,90753,99703,118547,101951,88116,91577,90039,56343,30965,40473,95610,5454,158639,42874,43048,10504,119318,27979,16850,18165,18867,15589,15175,15475,15464,14643,14423,13278,27139,32238,42902,17270,18546
MO-08,MO,8,343901,130515,196777,,346628,,141959,,194135,372505,154049,211643,372152,150284,216627,768938,549445,54959,112795,16349,32909,4124,586884,436467,33957,78583,11108,23716,2518,97925,103171,95316,101782,92599,99284,91566,58531,32289,42042,96675,4370,167030,39490,46703,8784,121499,29453,13328,20360,22473,11607,12691,13290,14115,13510,13665,12672,24387,31366,40230,18789,13140
MS-01,MS,1,293247,120223,166881,,221815,,95925,,123436,319805,133090,182092,302443,114700,183488,740016,406269,26797,287313,10012,10475,722,567553,326545,17221,208694,7276,7957,487,92984,107327,100982,93993,91106,91032,84995,52947,24130,51219,69392,5157,147040,30941,72988,7289,102953,23466,18256,14546,15999,14834,14826,13793,12357,12890,11000,10978,20625,25196,34558,13692,18561
MS-02,MS,2,327124,135980,185578,,251337,,110131,,139012,350301,148576,197388,320462,126204,191226,740994,396420,19213,300350,9609,17287,580,571419,319487,12707,221450,6947,11683,371,88294,107155,102144,90359,87686,90850,89668,55391,28755,49137,71706,6794,147415,33031,73406,8108,100058,21263,19388,14430,15075,16771,15186,14761,14472,12333,12281,11780,20745,24078,32685,13822,23753
MS-03,MS,3,296209,113611,176610,,227185,,93788,,130931,320690,126632,189693,298189,109054,186086,739963,421994,31763,264590,10760,12197,789,568428,335934,20311,195520,7923,9031,586,88752,103992,102437,97142,90642,89093,86836,53541,26819,51690,74637,5497,140017,33442,63349,8508,116031,23373,17832,14374,15998,14028,16355,14493,12810,12135,12137,11280,21955,27674,34572,12352,19626
MS-04,MS,4,292777,115317,171645,,226005,,96091,,127488,322963,131100,187591,306913,116709,186944,740306,414394,27447,271360,14550,13770,1144,570199,333485,18398,197416,10571,10410,770,91276,102627,92985,91408,88596,94124,93287,58457,27034,57071,70397,4817,152310,34257,61356,6098,112211,22575,16683,15475,14195,16176,14708,13362,14193,13470,12633,13449,20746,26295,33279,13149,21487
MT-01,MT,1,245350,93583,133319,,279606,,125626,,147613,297779,127761,162755,298736,122156,167023,542227,439149,20499,6677,8891,63823,1637,423674,354160,13921,3938,6032,42198,1067,62380,68484,70785,71166,61323,66177,75744,48334,21940,36632,82847,5359,106221,30350,22908,8150,87594,20368,10067,13056,15010,8594,9676,10783,9970,9692,9426,9285,17702,23388,29021,13508,10403
MT-02,MT,2,249176,84126,145921,,285551,,115061,,163734,305861,117025,180847,304227,109750,185056,541998,462169,24700,6060,7998,36755,1464,426449,373393,15987,3504,5523,23936,901,59913,68490,74259,68912,64626,65050,75341,47287,21629,35606,87702,6624,104717,28983,18973,7612,87922,22183,8959,15015,16283,7628,8504,9136,8960,8866,8862,9128,16814,23354,31770,18422,10084
NC-01,NC,1,368331,167967,189447,,398090,,185079,,206039,417621,191072,221596,430504,189705,235899,745671,434112,51250,235563,10475,18304,1269,590764,358827,32777,180168,7224,13633,916,80821,94033,81071,84872,92620,104853,107619,71871,32221,55491,87324,4498,160885,36764,66042,6259,118914,28068,16548,17889,20025,14885,14485,13663,13871,12001,14066,12313,24567,28217,38172,16518,15853
NC-02,NC,2,345911,136157,197065,,384323,,161826,,214610,406778,171528,229729,423605,178789,238777,745670,486374,77946,143396,24445,18733,774,580353,398575,48813,104654,16932,13719,551,87183,98454,85159,88954,96599,107168,93700,60334,29749,52457,99747,8002,143493,39732,58633,9755,107232,28020,11737,19726,20943,11747,12554,13220,13172,12411,12712,11601,22747,26638,38723,23131,14361
NC-03,NC,3,308324,138334,159811,,333832,,154270,,172344,351163,161206,184424,366484,161838,200307,745671,412324,77365,224829,20142,18035,2733,577221,335744,51391,165899,14153,12962,1833,92654,103215,135289,95683,81577,82890,81542,48840,25330,54435,77066,4424,138371,31096,53807,6170,106009,25289,15657,17846,15413,13379,12403,13985,14200,13947,14655,12468,22746,28220,36977,13427,18947
NC-04,NC,4,343746,266595,61210,,368292,,291366,,68740,383908,308285,69114,384938,302925,73635,745670,324027,107591,232556,75518,15704,1139,590258,277500,71669,177515,57522,11479,800,82146,102669,142383,122390,97201,82302,66619,34206,17131,33573,141096,23681,78186,78732,42617,21286,71740,29115,9176,21047,25596,8316,10615,9305,12431,10804,10542,10453,22254,26291,37091,37775,14842
NC-05,NC,5,373131,156647,199911,,406114,,180673,,216159,426730,190707,229637,433843,190159,237511,745670,534209,61406,117819,19442,15009,1080,595068,439532,40687,90058,14227,11252,715,76180,94074,92849,88600,96397,105221,96302,62745,30820,50546,115889,8711,130855,48927,56571,10474,102860,28451,13368,18530,23747,13398,12687,12197,12228,12923,12094,11146,21841,26254,37777,29556,14224
NC-06,NC,6,348729,142803,191737,,386909,,168152,,209505,410193,180964,223184,426618,185536,234711,745671,479886,75736,146414,31611,16962,945,581057,393597,48202,107110,22004,12300,642,85138,100079,91124,93317,95331,104415,91298,60123,30204,51340,117085,8500,132930,44096,51915,10079,105838,29490,10157,20417,20924,9263,11712,12184,12454,11707,13683,12362,22359,30838,39950,25930,13125
NC-07,NC,7,352108,153355,186027,,391790,,177361,,205589,417317,188205,223246,442542,192218,245063,745671,473368,64430,173973,15222,24049,2201,597211,397986,41690,130831,11073,17564,1445,80075,88874,100331,89534,88275,96408,104270,73508,30279,58791,107346,5915,139059,42554,45877,10577,120053,28743,14310,19212,20319,12574,14015,13773,13058,11993,12725,12480,26062,30487,39805,20239,20370
NC-08,NC,8,297751,132666,153759,,330951,,152590,,171031,352849,162916,184998,356351,157765,193793,745671,367620,85026,188686,39856,75276,2707,556401,289575,54793,136197,26462,54151,1748,99581,111668,106942,93638,99718,95449,74204,46477,20078,48588,96390,4110,124379,39214,55731,7502,103825,22487,11616,16658,19659,10890,10432,11835,11201,10691,9892,10425,18306,24795,32816,25956,15844
NC-09,NC,9,336001,128995,192978,,378840,,157577,,212242,404557,170940,227592,424034,178684,238972,745671,496906,75239,107875,51340,17337,1095,568628,398327,47086,77575,34180,12378,679,91241,100327,82054,97150,100897,102871,87843,58597,29060,53444,118621,9099,124851,57272,49026,9326,96810,29378,10447,19031,24578,9751,10911,9897,9747,9990,10615,9717,19289,26281,37848,34121,10731
NC-10,NC,10,345406,150644,181309,,366628,,164337,,193747,381281,168764,207433,385823,168371,212303,745670,481641,79510,148702,22917,19153,1233,594754,403304,50771,113230,16541,14170,816,77958,100389,104647,88329,88070,98536,92873,60061,31656,52269,88217,6221,145130,34117,68361,7461,106462,24738,15738,16012,14761,16457,15364,15254,15818,12388,14961,14550,23846,28885,37282,13645,17348
NC-11,NC,11,371975,143351,211590,,409351,,173128,,226349,431924,183324,241986,439658,189180,243863,745670,611350,55583,37261,11105,29012,1936,608361,513922,36708,26469,7959,21317,1331,70269,82912,84086,86664,90586,100502,108995,82571,40409,57647,110198,7384,149120,49922,52556,11334,114252,26538,16251,18693,16735,14574,13806,15282,15233,14765,14271,12859,23127,31351,39173,18773,15611
NC-12,NC,12,290956,211048,67024,,327247,,241364,,77231,349239,263046,80060,354951,258668,87409,745671,242902,136056,313682,50643,16065,1269,579425,210570,91402,235406,38416,11795,876,97920,93045,134812,131609,98103,85362,64221,31699,13804,42108,136639,5163,92475,54152,59046,10656,100356,28437,10409,19989,23222,9190,10433,11954,12687,12256,12952,13858,26185,33087,40023,25793,14501
NC-13,NC,13,316954,130907,173405,,357168,,157655,,191322,381070,169062,205821,403624,178064,219435,745670,447065,109448,156715,20727,18914,1733,561548,355482,67785,114022,14237,13186,1080,97777,103904,92242,97982,98620,97744,85670,51003,22690,58450,104756,5567,124715,39512,54148,6786,107520,28465,9973,21009,23515,10656,10115,11417,10431,9454,10733,10379,20738,29130,37749,22376,12252
NC-14,NC,14,342241,129847,197358,,384502,,157668,,217817,410174,174273,229955,423407,181707,235263,745671,520364,62010,117082,32006,15726,843,574050,416692,40537,83918,21475,11453,579,89376,102111,83606,95866,104004,105436,86540,54922,25719,51418,133178,5817,119957,52622,43809,11869,98249,28881,9489,20992,25737,8794,9488,9983,10499,9903,10572,10529,18777,24928,35364,39755,11312
ND-01,ND,1,344360,93758,216794,,337384,,98083,,225714,362024,115042,235751,368155,112327,246505,779094,636160,33412,34499,18675,55777,2086,596093,503153,21603,21444,13192,35031,1361,103358,104054,120021,108904,83712,86928,86967,50116,32814,72298,113131,5710,132137,33064,32907,7189,109820,34919,11619,25356,26887,11178,11278,12309,11189,11145,11669,11621,24520,30577,44389,26742,14640
NE-01,NE,1,271389,92567,162791,,257340,,94897,,155982,312462,120583,185058,311224,117865,189153,654513,515188,77985,26531,21235,15734,1000,497642,407687,48734,15807,15199,10232,681,83931,92899,98975,82552,71633,74993,76471,45639,26757,51222,86544,6781,112362,32388,34807,7012,89823,27645,8491,17891,19205,9345,9474,10050,11095,10831,10812,11112,21554,27754,37176,16698,11350
NE-02,NE,2,285783,101907,166789,,277666,,103442,,166682,338284,141335,189611,346821,145641,196793,653527,513140,72387,29138,24510,15010,1439,480992,393159,43905,17150,16178,9642,904,91738,93147,73673,91268,84462,78868,73132,42240,23191,43810,111593,5986,94610,45880,25708,10581,93610,30111,5422,22665,27444,6383,6971,7688,8375,7268,7423,8442,15523,23308,34025,31406,7043
NE-03,NE,3,271004,90020,166381,,249998,,88975,,155326,300966,112665,182177,289114,106489,178870,653464,456359,84343,69104,23261,24516,1630,497493,368409,52658,45695,15967,15790,1042,84655,90738,93779,84990,71757,74280,78057,45762,29352,44255,81964,5393,118901,27869,43782,7439,100965,26684,13022,15697,16579,10609,11803,12347,12120,11627,12010,10826,21442,28886,36117,12369,14261
NH-01,NH,1,360357,151653,185553,,377045,,152238,,214205,390211,187414,196455,401796,183977,212301,688742,589039,40500,19734,22334,11952,814,552998,484189,26539,12589,16060,8987,572,68136,83370,85054,88548,86311,105976,93910,53058,24623,51620,116140,5915,137052,53652,33040,8521,89916,30316,6317,25085,34968,6397,7363,6667,7167,8448,6846,8059,16327,22292,34793,39819,7111
NH-02,NH,2,383939,196873,160237,,400268,,199004,,189797,413622,237523,169205,424393,234511,183222,688787,611610,18954,13264,24527,13516,978,567682,511562,13261,9183,17762,10317,643,63343,78726,89443,82596,78026,101930,99364,64001,33195,48921,120049,11027,133922,62726,28684,11418,84750,31065,9017,22065,28062,8364,8022,9369,9611,8063,8037,9750,18531,25077,36849,36345,8914
NJ-01,NJ,1,325668,221972,92972,,280950,,192392,,83067,371807,260093,107012,328519,219740,102746,773688,355773,160730,202980,56788,14515,1547,601554,297332,108994,152031,42618,10416,1075,94622,97965,100864,104544,96391,106229,89853,50112,30518,35778,114749,8772,149892,52906,59528,14597,92178,30184,11640,22187,29156,8944,9383,9770,8707,8273,7959,8881,17566,22854,36859,39622,16319
NJ-02,NJ,2,345712,163041,170493,,304666,,149982,,147463,415959,205519,204681,386580,179165,200643,774069,528047,104912,109658,25443,16623,1184,614963,438938,70021,79914,18549,11916,802,89171,96802,99804,98420,93467,106649,102786,61176,32029,46910,105725,4894,185804,40442,50758,9715,99825,30987,10191,26061,30887,7217,10413,9555,10156,9309,8909,9511,18805,26729,38439,35511,11214
NJ-03,NJ,3,366771,160571,194669,,327656,,148704,,172317,444959,209246,229870,410623,177697,226193,773464,538459,94868,88620,46532,12084,1281,624314,455947,64486,63243,34975,8786,896,73912,89978,85834,83828,87554,111445,114720,80270,45188,44173,127317,5482,178559,50522,44588,11592,103897,33803,8623,24713,33515,8904,11027,11488,10613,11173,9444,9243,20404,26948,39259,41299,12035
NJ-04,NJ,4,335496,137116,187135,,301085,,128739,,166151,407542,178291,223888,375822,147733,221396,773629,572434,90502,65493,35419,10613,953,586551,439535,61968,51173,26061,7735,699,107421,105071,95584,91497,87839,100977,93371,59562,34819,40633,136911,6011,133543,59988,33194,13323,91256,29314,5777,22895,35953,6673,7557,7412,8479,8707,7814,8610,14847,21773,31104,51111,9719
NJ-05,NJ,5,395742,169333,213065,,352550,,159016,,186571,472151,226804,238932,430069,186086,233948,773740,560912,93418,27748,84963,7454,731,616836,461882,65889,20294,63054,5357,534,80588,99735,83004,87322,100232,120669,100084,62699,38749,34465,180654,11092,110263,89533,23710,20611,76930,28149,3554,25218,41763,3715,4820,5860,5022,5380,5260,5827,10604,17929,31001,85890,7395
NJ-06,NJ,6,336098,163771,161806,,294185,,145766,,142255,399451,205118,189310,381086,169863,201732,773069,444104,153924,64698,106950,9917,1089,609849,367858,109422,47888,80605,7264,824,85446,97451,87599,95046,102211,115670,101852,57220,31269,40512,146574,7713,137473,68923,46905,13899,86242,29731,6390,25664,35942,5943,7443,6665,6599,7873,7262,6521,14049,20228,33710,63430,8894
NJ-07,NJ,7,384469,162940,205845,,345715,,153114,,183623,457121,219769,229635,435630,196168,229190,774020,551944,97522,41190,73605,9470,813,615639,456328,68410,29812,52802,6774,600,77261,97563,84468,87624,99540,127646,105039,60484,34411,38523,162845,11735,129814,81364,28710,18376,83402,30729,4868,26519,41217,5308,6947,5533,5736,6137,6023,5931,13088,19824,31808,76674,7386
NJ-08,NJ,8,217861,168643,43091,,178708,,138423,,36652,242705,180066,60064,221885,145448,70434,773631,187214,369563,125118,95176,17301,1728,610172,160313,278210,94384,78175,13086,1344,94054,84074,120724,144900,105777,90135,65700,35943,21295,25018,118237,8227,149054,62761,91682,11968,68936,25262,13799,19452,27890,10293,10080,11568,10456,9403,9797,10403,19053,25838,35227,46279,15125
NJ-09,NJ,9,300306,214163,78217,,254024,,181536,,67771,343803,242244,97992,300779,184983,107898,773070,270890,291041,143352,81701,15201,1380,592658,220273,211522,109311,60944,10970,1040,95921,104289,98801,101566,103893,102173,83347,49972,27113,29477,124020,9223,139036,59011,64213,17563,75598,25321,9185,19539,28837,7648,7808,8530,8437,7615,7898,7428,13987,20858,29375,53278,12131
NJ-10,NJ,10,266662,217259,43317,,225711,,182110,,40196,296186,240346,53105,256580,188467,62738,773937,177347,154142,379081,67866,11899,1450,593618,142785,112900,289222,51708,8765,1100,100140,103297,108980,108326,101660,100897,76159,43645,23012,29899,113228,9025,140994,55365,61570,14346,85408,25226,14676,17155,21017,10694,9636,9107,10243,8793,8233,9149,16611,25402,29280,41852,21154
NJ-11,NJ,11,304389,170156,125479,,260726,,150042,,105812,360305,205329,151264,320024,156161,157301,773302,356994,230112,42961,145018,11160,1276,613763,295570,172363,32011,113774,8383,969,81720,89945,90917,104605,106156,111236,91243,53918,34886,36076,155787,9644,128183,69212,50669,19717,78491,28699,7777,23210,35074,6745,7298,8360,7906,7307,6200,7608,14725,22263,31634,61419,10432
NJ-12,NJ,12,294872,199313,85844,,257298,,173061,,78630,337364,235510,97521,314812,197702,106081,773397,270440,160603,115493,227405,11628,1187,601393,229635,111814,88539,170613,8205,919,91738,108098,103683,104215,106082,101381,79277,46581,26435,28599,150261,19759,92010,95223,46214,16726,62843,27592,6128,22725,35586,5121,5859,5298,5498,5583,6079,5721,12799,18359,30034,65086,8116
NM-01,NM,1,287471,170638,81711,,296539,,195127,,90196,329718,221259,101102,319053,210473,105816,705842,256596,360196,28565,24505,57873,2116,565270,228651,267124,19884,18785,42693,1493,70778,86864,97147,97916,84110,86956,90327,59148,30039,43326,95730,13639,115031,55452,53771,14202,107323,26723,15292,17633,19424,14122,13033,13633,14223,12125,12430,11793,23989,27557,37569,19926,21264
NM-02,NM,2,244592,104348,112787,,249387,,119560,,120812,282645,135033,141215,282625,127817,152320,705839,227780,315375,16219,11656,152264,1761,537381,195421,223869,10793,8651,107586,1240,88451,100632,102403,86470,77381,78617,86272,55467,28988,42721,56743,5081,133449,31724,74090,5251,110994,18068,16816,13134,12110,13623,16046,13692,13129,12018,10208,10172,19256,24705,27331,8975,19621
NM-03,NM,3,266256,110248,125169,,274697,,128690,,136857,311602,145322,159577,308015,140465,165245,705841,288576,335240,23625,19836,53478,2135,536338,239990,235771,15745,13786,38198,1471,86282,99718,86746,91187,84005,85061,89669,54408,27421,42638,78232,9053,123587,44418,56798,7379,113276,23917,12568,19164,22025,11475,10471,10101,10385,9508,8984,10565,19198,25807,33732,20719,14593
NV-01,NV,1,204767,136159,56975,187123,174020,124145,114984,52518,52186,241221,158912,76893,241421,147473,89410,776152,176584,379178,159116,58383,25506,12233,577869,155810,257515,111286,46476,18987,8250,101342,111879,116869,111147,100550,92339,69202,41055,17309,33622,49467,2362,161634,14943,117756,4139,107247,20202,13959,11831,10615,12278,14615,13824,14553,13296,13778,13093,22474,26923,34190,7958,22508
NV-02,NV,2,312271,133230,153990,304224,304085,133772,139487,153169,151535,379719,176363,192896,404891,183063,212785,776154,437668,199911,52319,57840,34165,10198,601110,364033,133775,35778,43577,24659,6636,93896,100945,107206,108011,95815,96381,93271,60324,24504,48154,92064,7288,143185,39584,63736,9522,131504,34404,7550,25146,27147,8120,9330,10432,10279,9952,10430,9979,20728,29085,41959,27536,12339
NV-03,NV,3,294663,134486,142668,291891,298195,137403,142567,140415,145647,389748,187236,195009,419830,191756,220962,776154,391020,160257,79928,132385,20700,17821,613875,330317,111739,55617,101628,15596,11843,88944,89384,90882,114271,102455,100896,93443,67964,25369,51858,115895,6502,143672,43557,44820,11976,137980,32040,6684,22911,30006,7564,9635,9186,9351,9840,10892,11029,20335,28784,40323,33690,13577
NV-04,NV,4,313684,135385,158425,306484,308816,136138,140024,155322,157685,394688,180975,205092,418240,182736,227766,776154,420046,151560,82626,104928,25390,12281,620472,355491,106367,60149,81645,18837,8092,82318,91824,96058,110051,103503,107661,99373,66634,31742,52591,114335,6521,146032,41758,52203,12090,146490,33052,7727,23713,28064,8091,10108,10485,11533,10154,9881,11943,22799,31474,42181,31723,14383
NY-01,NY,1,361158,149211,197510,326902,329236,159962,144310,161049,182111,411966,191832,214247,411720,175749,231079,775530,548985,128688,52512,39009,12290,887,622561,458935,89675,38390,29761,8953,610,81207,102295,96766,85080,96100,118083,97394,66657,32952,52717,115012,9672,142602,70670,41668,17687,90448,28389,4744,27374,38292,5074,5392,6303,4889,5322,5729,6109,12841,18099,29326,62867,8897
NY-02,NY,2,300645,202400,82848,267377,248720,189659,173884,69972,71448,323057,229563,87038,302770,207586,90340,778980,394698,91497,237365,58020,13769,1261,613795,339040,61633,168198,43057,9966,897,89144,101256,129640,109911,82404,93406,86194,50680,30522,54184,102105,11862,125069,62156,59153,14927,89675,27176,21963,17635,19143,16187,16312,16702,14226,13844,13523,12647,23404,30583,38497,21699,24706
NY-03,NY,3,365761,147151,196993,331737,328725,154687,145244,167511,178918,410774,190091,211583,403801,183309,216872,775826,640442,39057,59228,20439,16029,756,620021,528134,25019,38939,14295,11485,499,81673,91766,88621,99563,88024,113939,108618,67023,36295,74513,107111,6419,158946,59653,42420,9018,101925,36910,9988,24625,30443,11034,12555,12358,11666,12200,12013,12590,22969,32318,44968,24639,15571
NY-04,NY,4,371110,146780,202359,340327,337683,158172,150551,172760,182635,417717,190570,217948,410523,185002,221513,777221,670602,32721,31147,22834,16916,726,624599,550845,21347,20799,16676,11727,501,82519,91856,86453,94348,88078,111984,112113,67491,41377,74357,106752,8424,159748,66224,37502,11983,92010,34712,11440,24139,30104,11197,12416,13035,12114,12283,12010,11782,22707,31886,43389,28006,13602
NY-05,NY,5,372796,157502,200441,335557,336600,164398,146162,165279,187626,426014,198288,221562,420258,174220,240778,775498,548619,107000,32729,82318,7654,767,619375,454593,75699,23563,61127,5450,572,81878,92994,90138,86390,94516,119778,102224,60495,39858,46844,142365,10401,115101,89437,37284,27159,79893,27209,4167,22929,40142,4314,4966,5549,4660,4192,5048,5230,10072,15773,25539,81023,8281
NY-06,NY,6,256482,219223,32188,226316,196456,198002,163506,26252,32062,283938,238029,43780,258287,190820,63378,777058,76763,162824,415528,117111,19213,3173,610608,62465,121293,329941,90780,14945,2543,91585,103333,113269,103662,98822,113447,96281,52106,29077,46281,96202,3400,170023,42006,84807,8703,101677,25897,8613,19548,28604,5721,6234,8239,6859,7251,6759,8097,15065,20368,29738,33098,13999
NY-07,NY,7,247596,232701,10044,224982,190448,213446,178141,8562,11109,271468,252390,16919,242446,213464,25217,776201,69738,133329,567797,34261,11899,1760,616234,57896,100332,451620,27090,9305,1374,89249,87265,116788,119365,96427,98783,87360,51652,27358,42506,100745,4191,171791,47300,83412,7207,90233,25927,18217,19541,22021,12384,12062,11073,10940,10510,8868,10638,19820,23788,34338,25551,24379
NY-08,NY,8,271021,245498,16186,255115,238913,231791,214248,15788,22108,308491,272562,31955,299647,252166,39309,776142,355482,173947,185088,73573,14047,1956,625969,285128,137691,150264,61588,11230,1615,97928,76755,144677,169994,100243,74568,55120,37063,18971,25909,180728,10551,86817,94225,68707,26609,57418,26369,14393,22454,33227,9839,10518,8924,7446,6966,7009,7730,14128,18374,30043,77614,18905
NY-09,NY,9,201890,174841,23121,171465,141385,149586,115436,19961,25053,216923,175231,39954,184621,125350,56996,777827,72788,445003,270601,54660,23426,3122,590432,61405,330785,202811,41330,17532,2304,103201,107439,116796,106433,90709,94558,71118,40721,23299,39945,63779,2280,140558,26055,127195,4219,82973,20142,26018,11994,13877,13802,14379,12908,11202,10951,10220,10534,20613,22273,28581,11888,30610
NY-10,NY,10,201711,177861,18840,172676,143572,152631,120531,17109,21791,218187,179032,37030,188052,130237,54634,778201,88598,456972,201728,78410,29084,2445,603812,76705,345574,151009,63742,21924,1865,93226,96299,110082,124467,101574,91967,69003,39394,21173,36305,78145,3451,143882,31996,137545,6783,71365,18728,24534,13414,16714,14317,14299,12269,10684,10140,9584,9175,18167,22646,29260,15990,27025
NY-11,NY,11,239120,85019,146619,211956,212137,92469,72928,116096,137522,290386,101886,185316,269301,75671,189597,777213,503062,94076,28865,145281,7589,1045,598731,395115,67535,21314,110980,5588,794,100704,96464,88865,95830,92727,97677,93407,60388,36653,37365,117546,5353,148495,62631,68333,13313,70338,25238,12665,19260,28720,9381,8713,9286,8813,7528,8531,8314,15496,20402,30668,40760,12658
NY-12,NY,12,306674,218603,77655,274864,257297,203999,181339,66603,74028,334621,243931,87383,324402,218667,103733,777422,296788,194625,238542,59324,12905,1399,608557,242027,142640,187560,43191,9617,1059,88641,100560,94927,95870,103222,109124,89432,57017,38264,38205,126258,10677,112006,84038,64976,28499,74679,25964,10108,19285,29322,7907,9055,8165,7162,7410,7668,7898,13678,19466,29972,67242,14510
NY-13,NY,13,321548,130609,174878,292134,290682,137174,126137,146926,161448,364495,160230,198297,367648,150009,215576,777620,566451,96652,61551,34049,14042,1050,583504,435551,66502,43656,26040,10300,725,102000,111993,101032,86471,87942,104252,92254,57591,33187,51651,95525,6519,143943,57370,50641,11672,89368,27012,9603,20336,27939,10172,10411,9222,8681,9037,8784,7655,17247,22009,29536,40084,12046
NY-14,NY,14,324444,199485,110048,301153,291696,197782,186897,96219,101778,363992,238564,120017,364545,227298,134487,776533,431443,183296,120894,41963,15358,1148,608223,357547,127713,90253,31219,11261,843,84147,100455,100100,94393,95318,107472,97744,59235,33572,44448,120664,11363,119191,79490,54322,20589,84690,27664,9041,22272,29886,8614,8370,8563,8222,8323,7274,8049,15119,21615,32582,56053,13222
NY-15,NY,15,255472,190035,55103,229636,215565,176778,157318,47010,55650,293569,215598,73866,279022,185296,87315,776653,360454,202761,53075,160464,14645,1883,648466,313408,160130,41933,131563,11547,1456,76265,65910,107316,136094,101287,95866,79419,52423,32208,34903,160154,15891,110548,89129,61205,28969,64491,32116,9196,24190,35586,7844,8875,8582,8314,7955,7062,8126,17086,24807,36913,62570,14391
NY-16,NY,16,198575,148088,43201,177224,161921,137872,117728,34991,42303,225516,165306,57089,207298,130184,71796,776053,243067,194023,101152,250304,17347,1709,612502,203978,143258,74925,197567,12808,1393,83006,85127,100885,112866,97671,93380,78100,44993,29769,26817,122808,6086,112249,57190,118372,15987,53544,21445,18003,17536,22524,10944,10897,9956,8596,8576,8621,8266,17083,19258,28448,40541,18316
NY-17,NY,17,324238,275446,35714,293915,272635,251333,231133,35336,38112,336866,290436,41552,328854,269202,53041,776438,490310,99774,59734,125514,7693,2750,689770,443104,85366,50074,108805,6504,2503,49998,49599,125231,142154,89580,87624,77380,61269,35171,14905,227272,26468,40429,136786,27795,57504,43710,30105,12089,23677,39882,8243,8714,7215,7367,7106,6387,7294,13890,19420,29590,135607,22178
NY-18,NY,18,319077,188991,109590,293586,283592,185594,177291,97342,101955,352199,226776,117236,340947,213167,123183,779042,499995,59506,145405,61810,17316,1625,624640,426211,40743,99324,46317,12668,1136,80743,104908,124726,99423,85105,96214,93679,57521,33412,59060,106448,13638,123366,69886,47610,16855,83158,30777,13905,23710,27251,13494,11979,10878,11973,11805,10550,11073,22472,28938,38222,30277,20121
NY-19,NY,19,270698,241229,21279,238082,202557,213505,176969,19493,23464,281807,242217,36375,249874,193758,52019,777949,159487,377664,242750,53548,21959,2500,633025,140961,293912,194888,44941,17221,1982,85247,88551,135350,130123,104574,98556,82570,49287,30885,33021,119326,13816,118212,71650,113857,16419,86802,25269,22432,19580,20824,14581,13743,12908,9516,10442,12113,9745,20921,26598,34074,32010,27795
NY-20,NY,20,349636,143236,180853,322332,325598,150687,146527,160928,174384,397288,185428,203497,396488,178742,215410,778791,676011,31850,26496,16633,21469,926,625728,552339,21521,18562,11629,16018,618,80133,91083,91630,95581,95114,114139,109371,68934,35296,71040,100338,6594,171758,59763,48624,9820,95197,36244,11520,24444,30769,11226,11759,11571,11299,11226,10751,10974,23032,29990,44930,28184,11958
NY-21,NY,21,342831,137972,180727,313087,309002,143510,134428,158385,170115,379418,169535,200807,377136,167845,206036,777564,673342,30000,29552,22250,16807,1038,625493,548153,21173,21024,17661,12451,741,78303,102406,105408,89687,85171,106273,107444,65581,34394,69308,85255,12836,163557,56040,47045,9366,89998,32445,11097,21943,24068,11801,12263,13321,12485,12475,12273,12426,23867,31662,43059,21495,16395
NY-22,NY,22,319940,128174,170820,295619,291981,137432,125420,148698,162687,364991,161579,195575,359183,154321,203201,775589,649860,35252,45854,24681,16753,1356,611926,525106,23611,30571,16930,12162,883,88045,98466,103471,96362,86496,103744,100832,62685,34644,72702,86662,6223,164865,50750,47531,8189,96503,33411,11914,22349,24756,12075,12294,12482,12542,11647,11846,12455,23236,31567,44427,19725,14747
NY-23,NY,23,336135,136930,186777,298459,301311,143141,122305,150385,176605,385385,165515,214807,378200,139517,234068,774887,531281,95578,54951,88240,7094,906,604349,424117,69157,41508,65687,5245,697,94098,97739,88858,92083,93316,106265,101108,59949,38100,42844,136662,9102,126183,80726,42020,18425,80735,26248,8229,22007,35607,6058,6629,6252,6098,5608,5611,5886,11300,16348,25109,67896,8971
NY-24,NY,24,358172,142474,194095,330097,327488,150917,141359,169948,181905,402063,182088,211710,404450,177780,223677,775711,624956,64105,44511,25779,14686,1074,627051,517663,44843,31407,19546,11025,757,74394,101297,99017,86849,89804,114026,110289,66516,37751,62046,102040,8362,163000,63911,45443,10934,91528,31386,10334,23007,29569,10413,9860,10161,10428,10207,9538,10797,20154,27647,37880,37588,11723
NY-25,NY,25,201975,140784,55385,171302,157044,123735,101154,44585,54610,234156,153585,78153,208633,108546,95625,777505,148905,156169,59024,406366,13393,2277,635352,127894,122047,48068,330975,10299,1863,79786,78937,91195,105346,94426,106565,98078,61110,38232,45234,121386,6979,137301,55377,107852,12986,67560,25813,9163,19914,26308,7944,9875,11133,9806,9254,8141,7939,17683,22521,33192,28292,13436
NY-26,NY,26,301865,195888,96278,270470,253696,187884,162759,78747,89136,336966,224624,108301,326892,191647,130634,777795,276780,261663,167794,76878,16420,1039,603412,233197,186687,130123,56338,11888,775,89743,103766,101345,97314,101965,109476,86381,53217,32640,41506,112475,7764,124752,67312,75468,21737,78680,23723,4442,22397,32654,4864,4572,5114,4582,4681,3961,5514,9674,14932,23299,62800,6994
OH-01,OH,1,384969,130849,235288,,359053,,125890,,224975,427708,163332,257233,431833,164585,262860,786622,652702,25270,50442,38593,16100,1262,603597,512541,15838,34365,26117,11727,786,94531,109249,91640,99817,98939,105895,97016,59081,30188,48461,124174,10246,137860,67962,33133,12889,101675,31801,8498,24983,31294,9327,8981,9816,9401,9780,8996,10346,19581,28797,41929,42266,10483
OH-02,OH,2,343594,151336,179057,,307229,,140996,,160018,362400,160689,196807,349327,147353,199319,787553,584746,22826,148791,13569,16441,937,615432,470310,14520,106005,10818,12353,596,93238,103759,119386,104099,89952,99515,94710,54295,28740,44881,83407,6411,187888,40086,63802,10111,95909,26065,21645,18251,18088,17065,16956,14739,14948,14034,14102,13672,22938,30229,38519,18106,25198
OH-03,OH,3,338744,231812,91602,,311536,,216003,,89064,361407,261001,94934,338167,238628,96066,786664,400096,52488,277820,46836,15466,1277,612317,341419,34667,191945,35459,11478,920,100405,103386,140469,126859,93512,85203,74296,40187,20252,36931,125148,8223,129384,54386,47586,12676,102201,29737,14681,21223,22279,12891,11863,13730,14000,14404,14408,14310,26016,32801,42390,24032,17773
OH-04,OH,4,352898,126882,208516,,327906,,124576,,195893,394173,154924,232764,388253,148315,236119,785686,634196,34227,57758,42462,15309,953,604148,500524,21840,38689,30138,10963,617,96748,103481,99673,108753,103138,103231,90020,51829,26838,44957,113081,7477,169328,50567,37772,11597,103269,34678,8276,24320,27564,9311,10583,10175,10150,12530,12659,12198,23101,30920,43684,28209,10866
OH-05,OH,5,363839,146153,197831,,328424,,139704,,180026,397104,163121,227599,396423,158881,233848,786968,644756,60004,54867,12577,16322,803,617934,521908,38704,35661,8835,11970,550,89038,103629,100738,90917,93984,106293,103122,63458,35472,54923,87938,5329,190619,39123,42086,7162,112448,31749,13499,21111,22294,11554,13553,13662,13063,13247,13115,13233,24872,33464,43774,20856,16272
OH-06,OH,6,370174,156091,199198,,330279,,147962,,174774,390245,162245,222691,371162,144710,223404,785868,632555,27615,98574,8246,16859,796,627278,521309,17788,67513,5734,12134,516,85657,94316,97677,88614,90781,104697,111501,71471,40427,51501,76896,3220,225846,32961,50234,5519,110146,28124,18941,17204,16316,15623,17608,19111,16080,15747,14602,15489,26298,33968,42347,12305,21185
OH-07,OH,7,387710,157019,213600,,356536,,152244,,196019,429820,185312,239185,419801,178761,237494,785668,687681,28698,27347,25374,12559,784,625368,557251,18918,18167,18367,9205,548,85449,96467,88946,92867,93799,108265,109578,69726,37785,48154,124442,6402,165846,56023,36207,12481,107042,36269,8406,25331,28948,9433,9727,10998,11075,11322,10530,11464,25561,32343,47617,31965,9594
OH-08,OH,8,378020,144981,216494,,344525,,136955,,200225,405805,172618,227233,394256,166675,223906,787345,567078,41029,127988,34205,16457,1602,605745,455649,25156,87209,24651,11916,1035,96839,106760,100324,99796,91134,103029,96950,55225,32542,45107,113848,8134,163111,47043,40895,7735,99971,33775,8746,24559,27981,8099,10951,10913,12650,10854,11308,11123,20995,29086,41826,27559,13889
OH-09,OH,9,373284,155210,198186,,330750,,144099,,178611,390280,165156,218675,378372,154118,220777,787363,601914,54118,104286,12995,15426,1302,608781,482457,34226,70641,9366,11247,800,96300,103472,99389,96887,91927,102085,101424,60756,32527,58010,84219,4513,187271,36894,44332,6931,114476,32712,15085,21014,20014,12323,13000,15497,14360,14429,13425,14084,27053,33050,43710,17481,17904
OH-10,OH,10,379718,148174,215036,,341441,,136807,,197092,400540,164416,229853,387832,156012,228363,787193,589121,25410,134010,21090,16655,1203,611656,472290,16467,94088,15220,12363,824,94334,101393,101985,97017,91386,102193,97356,66253,33847,54067,88771,5109,172497,45478,44221,7302,121985,31115,15503,21995,22484,13622,13715,13336,13949,14713,14208,13619,24970,34134,45513,19353,16216
OH-11,OH,11,358513,285291,63354,,316341,,249343,,61393,358115,283150,71207,319686,249311,68068,786777,313889,61706,377210,31829,12267,1115,621605,271330,42760,279250,24484,9217,796,88594,94154,118659,106637,88506,97995,98920,55377,32738,42726,95333,9988,151564,49686,62141,18266,114405,23826,26201,15723,17537,20114,17280,17820,17759,15347,15501,15500,24867,33230,36290,21099,33515
OH-12,OH,12,360279,117992,225688,,336903,,118037,,211694,409635,143875,259651,412964,143955,265486,785760,672684,17307,45670,29987,15770,824,603014,526656,10769,30604,20065,11311,531,93255,107652,91748,94037,104565,105749,98953,60816,31380,48291,105866,5764,181545,48244,40163,8971,99966,30300,12335,21940,27028,9974,10399,11151,11677,10347,11237,10989,20932,28653,38902,31625,12279
OH-13,OH,13,355674,154444,185557,,323236,,147464,,168004,386608,170625,210406,377910,162304,212333,787193,633515,19795,91878,23528,16415,757,614723,508490,12259,63305,16169,12073,485,91124,97322,99173,96525,90867,105645,103937,65495,34943,45941,94341,5406,188679,39230,57067,8324,109718,31160,13934,21200,22170,14123,13333,14226,13314,13476,13153,13687,24465,33187,45788,20319,15660
OH-14,OH,14,386934,158054,211468,,356375,,153800,,194025,429531,183854,239972,422800,178199,240965,786787,679363,24913,43577,19517,13988,728,626918,552611,15711,29801,14157,10197,497,82689,99804,96361,89319,91554,110133,109482,68894,37195,45946,111871,6694,177468,51061,42215,9389,105910,33854,10473,24579,27910,10038,11452,12019,11946,11676,12260,12375,22758,29989,43901,29757,11889
OH-15,OH,15,345823,129876,200130,,313082,,125944,,180349,377009,144847,226624,376231,141892,231108,786001,659839,25902,64274,16495,18355,838,609046,524147,16405,41741,11544,13424,571,91216,104594,100741,103455,97789,105090,94539,57167,29761,45483,86428,5571,196951,38082,54550,8896,101618,32310,14096,20721,22318,10818,12519,12840,12270,12341,12883,11200,22572,28543,40436,20862,15886
OK-01,OK,1,295222,97934,179882,,284651,,103964,,169458,320366,121871,190281,314995,120247,188086,791871,453790,109570,91759,33959,116914,2236,597950,372186,68384,61502,22946,78222,1352,105837,111069,107524,111045,97361,93321,87144,53003,26251,47744,110413,6285,137483,39647,50806,11650,119645,30509,11088,20595,22676,10177,11545,15095,12057,12530,12998,12509,25554,29937,40087,25572,16461
OK-02,OK,2,301291,68868,219041,,285375,,75339,,200814,321517,72000,243615,325621,69690,250807,791871,478909,44111,38478,9256,231916,1962,609272,398595,26431,25892,6194,154864,1109,97970,107077,99356,95830,92016,100468,101224,68696,35054,47044,70716,3439,201923,25045,70707,4302,118568,24270,17436,14790,14230,15658,17200,18779,15058,14393,14211,12924,25224,30829,36428,11689,18916
OK-03,OK,3,266306,65688,185731,,249978,,69526,,171362,279059,76638,196075,274858,73264,196545,791871,476024,160404,54778,16917,94321,5410,594875,385075,100974,37103,12279,63107,3082,106872,116646,115164,106542,92155,90967,82981,52421,28787,38776,71905,5027,174854,26449,76092,3964,109771,25100,15655,15769,16015,13600,14351,16445,14064,13590,12614,12753,26087,30414,37396,12005,19004
OK-04,OK,4,289633,84987,187332,,277041,,91675,,173857,312061,104031,200483,311317,101422,203949,791870,506779,79628,83688,28547,105607,3321,605586,411298,50555,55508,20758,70078,2151,95917,112221,122840,108213,93455,91434,87696,54547,27915,41243,88355,7141,164263,36760,49998,7380,123511,28970,12088,21044,20894,11379,12257,14454,12492,13024,13519,13074,26024,29966,42097,16517,16329
OK-05,OK,5,300540,102898,177150,,294570,,111787,,170823,327696,129350,189826,339241,134833,196699,791870,491686,78218,113995,34935,85073,2097,603015,396700,49277,78904,25158,56921,1297,104124,106508,109443,112323,97082,93410,88679,55955,25954,42322,124350,7537,128631,49512,42090,14861,121066,29922,11327,21105,24257,10069,12764,13801,10323,11321,12924,13329,23413,30124,42329,30007,15281
OR-01,OR,1,331642,191127,100907,,361722,,227332,,116479,393109,260600,119045,363824,239678,109251,706208,459074,107637,25489,90930,22174,8383,552037,378420,71816,16700,66271,16222,5665,77740,86705,93952,108359,100107,86603,77291,48075,25411,42908,144645,14255,83284,62459,30765,13832,105766,31589,5771,24282,34822,6088,5944,6809,8017,7171,8065,7947,16176,24906,35574,45955,8682
OR-02,OR,2,329823,125586,168489,,368482,,160989,,190212,402777,182013,208324,398784,178968,205860,706209,548151,89666,10486,17887,35255,4979,556658,449248,57895,6546,12390,25504,3156,77980,85728,84585,91964,87239,85787,95730,65537,30943,52124,92034,5611,127369,39195,44514,9997,131517,29214,9567,20446,22232,8579,10573,10039,9565,11536,11826,10730,21648,28218,41129,21866,11016
OR-03,OR,3,358440,275579,49241,,386419,,312213,,58002,413943,343045,59262,374318,308292,49817,706209,467135,77452,53874,82138,24436,7653,582110,402798,55621,38641,62942,19035,5357,66883,69379,100839,133570,109179,84722,73626,43259,19690,35497,163673,14163,78731,74989,35006,23783,99775,29094,11775,25647,31646,8401,8569,8943,8870,9499,9589,8850,18861,24393,37289,47881,14312
OR-04,OR,4,337543,138713,163975,,362414,,166277,,178364,391459,183339,196076,369926,167857,189510,706210,542750,85044,13652,22521,38128,4910,570550,454803,56392,8945,16874,28196,3326,71373,83944,98507,87130,78556,84667,98945,69868,34016,45948,80437,6974,134641,37220,46617,9720,136747,26423,13813,16497,16585,13491,14121,13653,13101,12483,13571,11767,21852,28732,39048,16988,17464
OR-05,OR,5,299528,126408,139358,,332591,,155022,,161124,364793,175985,176700,343744,159879,171462,706210,470628,147527,20626,35827,31022,8818,541436,384100,94218,12903,25619,22346,5684,86424,94408,91877,97654,89203,83688,86571,51108,24333,48682,84127,4346,123533,31068,55202,6677,126070,29979,7248,21195,23917,7653,9097,8157,8942,9351,8666,9705,18790,25379,34519,22758,8832
OR-06,OR,6,343056,144323,159666,,375439,,175481,,180857,406959,194908,198295,394796,186716,193679,706210,548420,81431,10565,25993,34711,4966,567861,456906,53452,6720,19689,25428,3331,70670,88086,92153,81314,82693,86677,103390,68671,32565,47831,89269,9395,126504,38100,41198,8190,134708,28522,11254,20231,23305,10952,10454,9724,10489,10577,10747,10643,21420,27352,37195,21409,13148
PA-01,PA,1,367682,175342,179661,,358274,,182682,,168868,416824,206037,206582,414004,193523,216256,764144,573136,60277,55809,64083,9349,929,605318,470442,40041,38692,46732,6766,657,80959,88645,85544,98375,91287,110832,102090,60806,33268,43446,120766,7670,174176,56697,41626,11373,85983,32616,7314,25287,33109,7040,8822,8892,8263,8406,8816,9073,17363,24626,35330,42720,10367
PA-02,PA,2,323683,276562,40546,,299157,,256448,,38699,337456,283227,51979,323835,261949,58178,764311,216232,180665,307068,69754,12204,1747,592214,189384,125263,226578,55123,9131,1312,99211,105529,114538,121334,92254,87844,81030,44735,23101,30987,91611,8209,158900,44638,83183,14528,83479,23061,21643,14761,18196,15533,15350,13320,13498,12028,10711,11416,21136,26080,34613,25578,25643
PA-03,PA,3,363885,322503,33700,,344103,,306636,,32713,381858,340986,38447,377552,328769,44008,764413,226005,40863,436044,61704,10906,1247,616384,204152,30064,329621,51624,8310,950,84570,89654,145974,128737,77723,83047,77419,41898,23949,33125,104897,12947,138139,60858,48979,18576,95087,27132,20427,15641,20329,15944,13290,13740,14103,11604,13372,11496,21833,29646,37617,25293,34133
PA-04,PA,4,400089,238435,147071,,404099,,251913,,145023,465316,295920,164820,472354,292058,175355,765087,558548,49597,76447,72123,8743,815,604086,457645,32478,54131,52653,6225,581,84757,95638,86129,98040,96541,105582,99059,58219,39152,38620,160487,16666,115156,88485,25216,23926,72111,30511,5562,25352,36259,5523,7428,7098,6404,8059,7101,7957,15843,22148,35544,68482,8473
PA-05,PA,5,379372,224814,139463,,379106,,232270,,138720,433090,275119,153143,443095,276036,162318,765273,527059,77676,93035,62187,9387,924,593481,428110,51701,65520,42941,6585,617,87466,108794,100505,99977,94231,98662,90461,53705,31969,33520,157797,16097,105940,82949,30904,19251,69437,28514,6588,24714,33023,5772,7688,7656,8241,8463,7151,8150,15627,21607,34496,62214,8568
PA-06,PA,6,339721,136613,188708,,333133,,145999,,179135,391779,170276,216223,403106,170403,228799,764819,567315,129282,46897,20737,12509,1299,595506,461749,84343,32320,14426,8744,902,87645,102121,90992,90743,94210,106653,95931,60242,35637,46496,101077,5855,187288,43822,55221,7971,79335,30579,7837,23718,28790,8372,9847,9920,10358,9496,9466,8999,19483,28009,39317,32467,10862
PA-07,PA,7,331611,144068,175633,,321626,,152250,,162085,381254,176421,200318,394072,174492,215455,764303,528884,158009,56328,24056,11448,1135,605560,443727,105553,38384,17612,8177,766,83981,100185,96241,93551,94195,101947,97116,61700,36394,52202,91940,7573,191029,40310,53141,8611,87187,29802,12027,21267,25472,10723,11757,12209,12359,11815,12030,11598,22474,27354,38872,24330,11377
PA-08,PA,8,352026,138879,200515,,346060,,152584,,185470,413048,177913,230157,427874,176573,247401,764228,607408,67376,59072,20242,13057,927,613758,502852,45552,41233,14652,9560,591,75331,93873,86352,86843,90188,115825,110152,70194,36877,53696,93841,5795,203862,47378,44467,7489,95059,32383,9809,22999,26467,10707,11834,10966,11001,10647,11111,10911,22138,28565,42341,23740,11182
PA-09,PA,9,331169,119392,199895,,321548,,133522,,180275,376792,148118,223808,384704,146998,233904,763969,640602,48795,46462,18141,11574,972,617149,531587,32153,31478,13423,8256,670,80338,92948,95975,96302,89274,102889,103804,65488,38768,54272,85625,6795,216836,35749,51230,8734,84004,29531,14055,19390,20005,14326,14002,14410,14377,13491,13462,12890,24292,30851,41484,17083,16030
PA-10,PA,10,342394,133446,194597,,337178,,143854,,184724,394217,166767,221671,409995,171075,234811,764423,559524,74469,97564,26596,13530,1047,597291,458156,47595,65469,19009,9699,692,87623,97649,95380,97283,89745,103413,99383,59826,33233,50437,91550,4920,198198,40740,48433,8185,89015,33921,8097,23882,26111,8953,10258,10521,11340,10902,11703,11605,22166,31996,44143,23467,13627
PA-11,PA,11,364639,140465,208537,,362741,,151730,,203022,422655,178809,238573,433322,181017,248297,765175,639509,46934,40144,30249,9080,784,593619,508014,30189,26658,21290,6498,521,91449,99927,89038,92244,89679,102813,99070,61462,38403,40318,112388,8242,173147,50882,54591,10433,78474,34615,6540,25985,30345,6637,8034,8111,9100,8098,8944,8719,18151,28152,38785,39060,8273
PA-12,PA,12,393771,260012,119492,,379847,,264263,,106168,425818,294391,126479,419418,290207,124740,765813,510169,24485,172540,47761,10908,904,628865,441152,17585,123937,37289,8093,618,77016,84613,119774,117761,83298,88284,97103,57521,36070,51184,134331,16638,137302,70807,29899,18893,85289,30536,17770,21114,25190,14774,14530,14966,13329,14267,12335,13213,24575,31342,40393,31409,23750
PA-13,PA,13,353538,95975,245441,,346508,,108395,,230399,407326,119990,282459,420047,124231,292005,765099,678319,24479,33807,14360,11588,833,616252,554568,16196,23808,10249,8429,526,80954,94755,91000,89743,91819,103764,105934,71938,41161,49742,85470,5223,236574,35730,46281,7236,83105,32296,12192,21454,21079,13041,12904,13283,13609,13881,13301,12994,24979,30924,43551,16676,12774
PA-14,PA,14,371049,139420,219729,,362953,,158531,,196264,426582,169955,252024,435732,170502,261688,765669,679563,13893,37764,17012,10914,876,621467,561218,9452,25722,11924,7904,551,79455,82973,85866,93325,90098,109112,112825,71741,40422,59785,115322,6068,201318,49290,34600,8963,87026,33230,12665,23644,28528,12526,12324,12633,12760,12219,12450,12309,21937,32085,42832,28619,14240
PA-15,PA,15,348710,109438,224927,,338115,,119210,,210092,392290,129397,257430,401860,131967,266190,764966,685278,19798,19230,25092,11327,942,621434,558548,14820,15914,19850,8337,688,77659,96163,108218,89165,88574,104451,102888,65435,36763,49627,82598,10265,222411,40396,47070,7218,73155,30332,12543,19327,20157,12610,13513,13481,13393,12920,12885,12098,23920,32410,41785,17576,13696
PA-16,PA,16,360967,132951,213143,,350891,,145132,,197144,407563,158876,243381,418659,159702,255426,765213,666588,20298,46189,14405,12214,637,611505,545216,12775,29509,9926,8789,430,80565,96435,91367,91649,86690,105458,109926,67010,37845,53773,99465,6392,208470,43240,39588,7553,83478,31832,14088,19881,21519,13891,14988,15231,13909,12460,12349,12632,23835,30820,40593,20130,14832
PA-17,PA,17,391385,137841,240245,,382660,,157020,,216684,444481,168273,270948,454110,171607,278404,765795,689278,12719,30919,16260,10586,597,619659,567490,8498,20090,10967,7631,393,75528,88650,81419,87965,87930,109877,117608,71010,42870,64162,115190,7418,189998,52451,26765,10828,90211,32595,11398,24007,28334,10923,13030,12177,12649,12208,11934,12905,22530,29656,43523,28806,11850
RI-01,RI,1,258104,117447,122990,,259611,,137375,,117111,291816,150886,135049,292214,141467,143490,548850,447429,42703,25456,23485,9313,809,448289,377161,28414,17242,17481,6625,544,53364,65120,66733,70276,64637,79997,77730,45725,25455,37821,86436,5263,109635,40418,31709,7753,78954,25685,7815,21354,24214,6664,6207,6234,6646,5538,5867,7504,13019,18830,28783,26418,7635
RI-02,RI,2,206040,135078,57553,,202033,,142697,,55341,225941,156600,64873,221140,143665,70908,548529,306621,139398,74469,24965,14044,1522,439305,265274,97574,53124,19465,10022,1111,56877,69306,86969,76817,61984,68339,63398,39177,22346,25592,79051,8992,97576,40393,50226,11519,59946,20683,11881,15274,18958,8461,8147,7497,7712,7037,7456,7215,13264,18524,27191,22459,12047
SC-01,SC,1,295087,120706,158147,,303175,,132473,,165325,370369,169452,194621,383866,167222,210710,730676,473866,62417,158832,20337,16563,1669,571511,389261,40572,114804,14383,11950,1102,83120,89638,91848,96401,87639,91028,94909,65663,28556,49189,117202,7432,123889,52797,39997,13129,107112,30996,7294,21971,24889,7647,9293,9488,9861,10177,9565,10679,19925,27787,40973,31373,12391
SC-02,SC,2,313835,131180,171773,,303896,,130505,,169140,354974,152009,198395,352574,138038,210021,731417,434773,40670,232234,10759,15207,1119,576240,355948,26432,175338,7764,11567,770,82756,93674,96560,89894,84664,96242,99497,62268,30085,54604,77180,6215,163717,33965,66740,6624,99645,25045,16323,14741,16378,14445,13611,13595,14878,13802,12685,12402,22450,27293,37206,15006,21254
SC-03,SC,3,304704,119518,170073,,299297,,123067,,170781,351952,147245,199048,351316,136132,209922,730545,453484,52843,193020,19150,15004,1169,568398,368031,34446,142445,13770,10942,754,87382,99996,99074,93424,92170,93124,87360,54328,25237,51599,100002,7610,133827,43640,49932,7827,99170,26125,11825,18542,20475,10757,11965,10752,12198,13813,10190,12308,22809,29300,37730,20138,16932
SC-04,SC,4,286818,91176,179901,,285548,,97854,,182100,342282,122996,212987,349367,118060,225650,731087,501140,70548,121875,22762,16444,1163,574235,410576,46368,88319,16896,12389,743,84884,100563,107382,94199,86192,91593,85986,57684,27801,48070,103926,8860,126215,47201,57293,9872,93983,27215,12564,17228,19686,12184,12247,12851,13456,12809,12317,11379,22826,28517,37752,22679,16065
SC-05,SC,5,295091,119851,163006,,298138,,128983,,164343,363118,159783,198347,368070,153089,210104,730633,444878,43761,206802,22384,16345,1159,559631,354500,28378,150988,15427,11707,780,88893,97665,87530,93145,98467,98804,87129,52748,23810,50610,93156,4898,140975,46663,50162,8326,103839,27122,10524,18765,22392,10397,11143,12251,12982,11504,11563,10983,22749,28047,37767,21313,16414
SC-06,SC,6,301550,133759,158347,,295477,,134851,,157012,350176,159776,186435,351665,148468,198551,731987,410094,35857,261623,12031,15586,1050,572304,335656,23465,194541,8623,11288,702,85449,100818,94036,91756,86709,95778,94491,62720,26895,51148,69248,4265,173061,33241,65579,5924,100672,23308,14948,14757,16431,14364,15113,13846,12798,12239,12905,11196,20697,26703,33997,13807,20922
SC-07,SC,7,305942,139183,154142,,310688,,145265,,161111,380458,180280,195270,391282,167443,218789,732080,460317,46742,196142,16243,12962,1408,592141,390003,31463,148221,11969,9886,995,75053,82701,92422,93710,85246,94869,109649,77811,31625,52398,113626,6786,149871,48090,49500,11065,111754,26774,11885,18846,19185,12581,14165,13788,14250,12488,13091,13296,24764,31130,36358,24775,18705
SD-01,SD,1,370111,117466,227731,,370598,,135916,,230319,422609,150471,261043,426390,145799,270651,886667,705583,38741,26307,18489,98842,1642,669255,556081,23855,14956,12406,60618,1033,119122,121809,117036,116196,97795,104265,112141,64699,37279,72002,123313,6821,176062,38604,43062,10123,119000,37591,12855,24253,26048,12452,13265,14251,14508,14089,13529,15433,28468,34196,52841,22713,14690
TN-01,TN,1,280824,55039,214656,,277288,,62302,,210212,336345,74137,256562,348338,71642,273125,767871,674765,37332,24950,9239,19531,1017,616550,552337,23185,16903,6671,15172,685,77532,91348,94978,86456,94313,108462,107007,73408,36055,44776,78646,6147,201174,31053,66850,8716,114998,25641,17618,15657,15012,18524,16674,15959,15597,15405,14609,14708,24595,32044,39028,14076,17586
TN-02,TN,2,288684,85250,186902,,295094,,102151,,187019,356252,122697,226786,366789,118780,242963,767871,630610,41560,55734,18436,20061,1023,609503,513806,26468,38404,13658,15340,677,82660,96032,110687,96860,92584,102176,95233,65971,29546,45794,106990,9208,157455,45997,52654,12267,103017,33081,13493,19434,20601,11494,13487,13569,13582,12872,12405,12963,22352,31406,41199,23293,15547
TN-03,TN,3,290302,86971,188700,,293166,,98961,,188764,349413,116139,226941,363211,114327,244098,767869,595689,45942,88022,15690,22483,1073,606483,484586,28990,63327,11432,17245,676,85066,94446,96819,98078,92501,103372,100683,66571,32953,48736,94040,7339,164287,39949,59297,9352,121894,29835,15715,19143,20728,12045,13916,12880,13801,14219,13258,12106,23948,30211,41337,20646,14843
TN-04,TN,4,243191,91146,139685,,254619,,107587,,140233,308799,127153,174284,305442,114007,186988,767874,493577,100436,127320,31222,18900,1238,586572,395755,64836,90960,22069,14436,832,97940,101112,119602,113500,99317,92482,77719,44223,20406,38359,98788,6217,159760,36086,59199,6654,103091,29873,9516,18546,21385,9956,10431,11273,12050,12808,12262,13317,24776,31881,42056,14464,13769
TN-05,TN,5,271286,114891,145225,,267226,,116147,,145075,321452,137048,178988,313204,117915,191106,767321,470406,44443,223056,14439,15738,1593,585674,373286,28365,161830,10166,11809,1032,97639,101757,107965,98128,97372,95799,89377,54294,26422,38304,89560,5719,175543,35488,59732,8067,104239,23386,16198,15830,17482,14154,13347,14357,14032,14675,12346,13021,24210,26956,35967,20730,19567
TN-06,TN,6,275190,100435,161824,,290434,,119052,,164078,349156,136885,204568,359670,130999,223892,767876,573979,51866,106769,17615,18264,1004,612877,472354,34195,77953,13657,14280,725,84826,90787,114134,110897,92560,98066,94188,56876,27619,36263,108927,7124,170733,42153,62202,9290,105448,27645,16020,19318,20360,13098,14041,13407,13342,13499,14105,13602,25943,31771,43144,21004,18244
TN-07,TN,7,280604,101866,164023,,283897,,112754,,164543,352687,139111,206244,363693,137061,221395,767897,572101,52737,102953,22349,18256,2085,594984,457465,33929,73012,15948,13643,1261,95233,97212,107179,111767,98029,100427,86937,51921,23579,42300,116935,11474,147787,49060,43882,14411,105154,34639,7982,23332,25950,9307,9070,9354,10430,11060,10301,11543,21812,29496,40946,31566,12199
TN-08,TN,8,302767,112444,178460,,297391,,118453,,173473,351138,144758,201079,322855,125888,192419,768020,464865,52492,211929,25556,14173,1026,591066,374085,32945,154888,18458,10728,725,96148,106589,94012,97413,94748,98358,92035,56419,28238,37058,105579,7905,149661,49036,47322,12552,105977,28448,12129,21414,21686,10884,12003,11176,11197,11249,10304,12034,22207,26173,36989,27393,15178
TN-09,TN,9,275179,122653,143450,,271702,,122593,,143921,327747,145783,177023,320740,125646,190879,768241,424254,52379,255381,24137,14030,949,580764,334622,32804,187460,16331,10408,632,100640,107103,99430,96504,98745,102888,88299,54443,22672,35596,89936,5264,171999,39562,59013,8179,105488,24684,13541,16893,19005,11957,12889,12664,11724,12776,13161,11450,21486,27422,36712,24808,17706
TX-01,TX,1,188722,107342,75118,,187452,,96718,,87206,232655,109336,120924,227664,87234,138692,766200,110601,639112,7712,5012,11841,731,548584,93141,442753,5650,3649,8783,518,120767,134266,111414,93042,90051,81402,69425,43653,24109,30823,56103,2224,120494,19588,135557,3624,86310,19484,16298,14544,11670,12764,13632,12138,9607,11303,9766,8263,16458,22176,29678,10030,16731
TX-02,TX,2,185939,103027,76035,,188666,,98191,,87069,235387,115578,117495,239885,100787,137019,768095,110675,631589,11163,11643,13597,613,555200,90953,444210,7777,8599,10273,398,115095,128821,111915,100857,94578,81421,66452,43148,22609,29036,70700,3011,129266,23437,111562,4623,91818,21277,13141,14189,13975,13078,12483,13031,10447,10626,9751,8997,17371,23957,27451,13070,18111
TX-03,TX,3,181022,128610,43598,,183285,,130866,,48039,225328,160821,61079,201389,130432,68049,767811,105450,576531,67762,22885,22032,2366,579031,92177,420918,48959,16821,16980,1579,107574,115792,127568,114454,91819,85372,71181,42031,23420,33452,51088,3808,152507,20607,118618,4933,106518,18656,19290,11348,9703,14587,15292,16304,17027,14723,13591,13109,23519,29159,32567,7500,23358
TX-04,TX,4,195868,103662,85032,,191874,,96549,,91915,233348,114150,116496,225623,95254,128406,765577,142477,590428,22652,8390,13532,973,560338,119933,414680,16126,6257,10171,638,113552,126471,107384,96665,93203,82434,73019,49183,27560,33399,49010,2046,148731,18088,120319,3281,98058,18696,17117,13699,11494,13665,14877,12945,12689,11037,10381,9851,18853,24590,29911,10075,18913
TX-05,TX,5,223083,102052,111560,,229081,,104321,,120041,281460,129191,148308,291661,123597,164629,767859,228015,420704,73507,41075,16496,1273,567947,186593,293807,52178,29392,12241,871,109060,116682,105871,103625,102035,91604,73941,45446,22195,40676,91056,6304,121865,35843,82510,7938,104196,25731,11075,18808,23505,10506,10192,9868,10993,9320,9584,8822,17484,24574,34665,24364,14205
TX-06,TX,6,196539,90468,95933,,198841,,93048,,100485,238493,109258,125541,227736,91044,133655,766696,195598,505812,42895,20530,19323,2928,569116,157547,363022,29165,15012,14494,1916,116654,113556,121241,113619,91220,77597,66173,36624,23052,39388,78398,4388,117237,30573,89540,6069,104340,24693,13251,18332,20586,11460,11041,12163,11741,9921,10289,10163,20421,27475,32115,21932,19362
TX-07,TX,7,227663,107469,109770,,228572,,108524,,114827,271404,126217,141581,263761,103309,157523,765636,199223,529542,24127,10387,19012,1878,577063,165818,383178,16324,7237,14286,1176,101052,118046,111031,98691,89765,88505,80646,51314,27588,39823,76236,3154,135701,26341,94026,4682,111054,25131,14393,15441,15004,11676,12572,14375,12653,12123,13154,11810,21812,27934,33055,11430,15598
TX-08,TX,8,262488,199242,44299,,290890,,231928,,49839,337292,272154,57627,315766,242894,64800,767126,315770,297084,83799,65165,22677,1937,624911,281812,217765,64641,53722,17858,1431,82389,81816,162607,164959,103681,74133,57545,27399,13544,29524,173648,11101,86548,72190,60558,15350,88199,34566,10792,25032,32277,8752,10123,10697,10437,10526,11528,12101,24984,32539,45170,39075,19579
TX-09,TX,9,265668,103903,146488,,293096,,124278,,161804,364325,163704,195020,398130,166529,226531,766659,325427,342234,56057,39687,23095,3142,582260,268086,240513,38390,28331,17141,2029,96960,112265,108352,113967,99847,88749,81319,50057,21298,47398,128012,7308,105944,54631,36401,11653,118360,32201,5823,23546,31115,6027,7401,7648,7271,8928,8852,9741,19219,25565,39444,35099,8822
TX-10,TX,10,292801,111277,163597,,314522,,131493,,174995,381048,170669,204147,391921,167903,218383,766854,387121,278097,57887,36796,22475,3156,585374,314533,195834,40237,25700,16598,2125,97492,106289,98183,111691,107353,93316,79486,50691,23918,44480,138230,9814,100118,60268,35420,15534,113277,30147,6483,24187,31841,6640,7977,9490,10261,9141,8584,9976,20731,26436,41311,40455,11158
TX-11,TX,11,235050,92810,130358,,248293,,107982,,134557,301953,137125,159685,323427,140097,179063,767292,313743,343144,82714,24194,22139,4747,580714,261362,235346,58538,18315,16634,3911,100989,109219,111615,109037,96219,90057,81947,47981,23811,39121,86904,4248,148777,31425,72201,4968,113470,29904,9495,20523,21651,9259,9373,10967,10966,9505,10185,11772,21069,29440,39035,19785,13321
TX-12,TX,12,292837,116518,157666,,322293,,140954,,172738,390809,180113,202912,408271,179402,221031,766915,497700,135835,51215,65952,20981,4011,578204,394740,90555,34549,44210,15034,2465,92262,108474,83025,106234,111827,100995,81747,54436,24841,39639,162812,12828,85821,73750,27731,17809,101581,29245,5699,24026,34340,5820,5978,7516,6513,6833,7771,7407,16641,22522,34715,63200,8700
TX-13,TX,13,258674,91002,153127,,269339,,105406,,157186,322855,131958,184965,328425,124163,199213,766911,422703,181640,97509,52006,21321,2558,589606,346336,123052,70494,36971,15923,1672,93764,105709,117005,107782,106067,90958,80862,49003,24335,41750,108198,7946,134132,45023,56101,6271,113722,28246,9846,22029,26255,9402,11466,11119,9712,11050,10181,10402,20982,28202,34004,27371,16178
TX-14,TX,14,219065,78366,128649,,231795,,89574,,136596,286292,116303,164390,298657,113200,181394,766586,370424,209426,149024,29242,24348,6234,568079,298025,137432,100891,20575,17649,3910,109787,115151,118104,110641,92505,84559,75912,43520,22570,49303,85732,5266,128603,35004,54147,7152,122504,27748,10743,20698,20631,10958,10443,11944,12142,11218,12091,11239,21331,28036,38108,18808,14062
TX-15,TX,15,200917,158928,35850,,203619,,157709,,42544,243008,186483,53929,213344,152875,57237,766380,81658,299725,300685,88585,17517,1255,573408,68791,207915,225283,72580,12558,861,102636,105874,119816,113903,100744,86717,73031,37709,18198,32029,84461,8838,124628,35960,103512,10311,91912,22085,13416,13485,14903,10907,13859,13734,15170,13649,12656,12970,23583,28209,33617,16380,20581
TX-16,TX,16,200102,157318,35077,,202830,,157403,,41624,239704,185285,51473,216491,156893,55997,767826,123554,361717,236112,48068,19713,1721,581262,108402,254442,178510,39163,14479,1222,103773,112539,125688,122060,95832,84482,67551,36880,16762,28543,76453,9768,125201,35305,113722,16043,83212,19246,15572,13681,16093,13923,12651,13445,13468,11989,11602,12038,20848,24495,29264,26510,22390
TX-17,TX,17,240280,99359,131416,,268085,,117027,,146136,337396,154172,178415,362224,148757,203420,766993,283760,188026,120799,168686,15086,1221,554964,218150,127048,82412,121039,10674,824,111105,123932,89048,106578,119575,96699,77321,41900,16255,35956,142888,11250,91073,67745,42019,13314,96154,27204,3384,24018,37174,4339,5247,5247,4956,6526,5741,6613,12491,18823,29916,51733,7567
TX-18,TX,18,227325,92900,124599,,233926,,97423,,131602,283938,118507,161035,282766,107748,171288,767490,295917,325481,96779,42582,20787,1339,573722,240502,224511,68722,32020,15317,928,104862,117329,103623,105977,103066,97053,79568,41440,20727,44654,89711,5378,127378,29324,84862,6671,111860,29011,9587,21187,23941,10084,9756,10907,11629,10305,9103,9085,19527,26286,37477,28125,12019
TX-19,TX,19,230664,94966,124303,,245539,,107019,,133332,297871,138692,154975,291461,126499,158860,766766,305873,235805,117593,102374,18376,1470,570166,242775,164933,83762,73291,13156,947,112795,100889,102227,123096,108232,87866,72262,36705,19915,34487,155662,9659,77627,68620,56779,16634,85672,27110,6055,20871,27804,7159,9376,11331,11176,9582,9507,10293,19170,25370,32130,49646,12150
TX-20,TX,20,254626,104254,137129,,274470,,119983,,148499,334503,152798,176891,337160,142707,188703,767250,341245,252166,95883,70584,22152,1567,578950,277262,174464,66041,53184,16005,1094,104325,104322,105342,119286,107251,94077,74070,38980,16113,35740,148260,9877,92058,60764,49612,17488,95612,30070,5909,24520,31576,3950,7317,7328,6891,7352,7634,7859,17158,25711,36278,52637,10163
TX-21,TX,21,247648,88705,146142,,257328,,100164,,151540,309309,127297,177385,310763,120843,185350,767047,331544,266220,96595,63792,22592,1734,576404,270321,181908,67174,48073,16403,1165,109469,115560,107629,118342,105146,93687,80363,43628,17617,39896,126773,7295,113287,46945,66223,10248,104420,27266,6483,22379,28877,7235,9449,9565,10003,9635,9712,11010,21158,25366,36365,40506,11408
TX-22,TX,22,215493,78052,130180,,218847,,82338,,132852,265856,101778,160952,264500,94272,167881,766590,302008,326711,111770,17784,22453,1810,553167,237355,216567,78412,12781,16036,1234,112492,125269,96766,106076,100283,91926,71478,38240,15940,36846,67049,3082,142684,24812,95216,3695,98108,22590,9022,19147,23071,8264,9338,11508,10193,9260,8919,8492,17684,24654,31055,21304,11081
TX-23,TX,23,237586,94432,134755,,233419,,94369,,134963,276134,112468,159966,264177,98404,162721,766155,308511,280454,138688,30718,19341,1057,574872,253691,189421,100090,23171,14512,753,105610,109774,105505,102186,97994,90714,79069,46704,22695,43487,72202,4594,145063,26133,82929,5820,111958,25794,11253,18670,24103,9341,11047,11118,10571,11804,10598,12667,19747,26482,32967,22134,15007
TX-24,TX,24,261688,72973,180318,,262611,,77776,,180704,317128,97095,216371,322923,92501,227609,766904,418204,176251,137512,19521,22881,2019,576863,336106,114994,97937,14184,16924,1352,99477,114478,101633,98061,97062,92976,88548,53131,25180,37990,75896,3825,160353,27614,70134,4251,126107,27129,11872,17241,22083,11018,12418,12043,12291,10244,10974,10925,20549,27642,34947,19341,15050
TX-25,TX,25,241444,71019,159958,,248789,,80418,,163331,299081,101212,193057,311028,96307,211104,767541,411962,185282,130255,27462,19493,1225,598613,340438,126726,98552,21392,14616,857,90877,119789,127424,102358,91131,88189,80564,48645,23860,36003,78529,7755,148162,30802,67957,5602,110175,24554,11852,18693,21050,10226,11156,13650,10936,11382,9417,11097,19945,26594,34307,19055,18695
TX-26,TX,26,231380,81452,141372,,236880,,90260,,142280,281776,111165,166975,294771,108816,182290,765833,346882,250189,137534,19419,23878,1200,563514,281455,161086,95290,14311,17564,838,109221,116186,101573,102940,97556,90563,80249,43993,23999,42130,73331,4224,139174,26819,83165,4419,116558,27150,8533,19327,21002,8657,9431,10818,10004,11166,9649,11386,19619,27542,36069,16633,11033
TX-27,TX,27,196018,166962,24207,,202349,,171083,,27583,236459,199772,33730,210789,165080,42231,766885,77291,370810,306739,13146,21741,906,565458,69937,252590,230742,10764,15833,683,114864,126111,121024,108248,98596,90710,70634,36928,15822,25932,62438,4326,138616,25650,123280,5585,97904,24304,14152,13632,13769,10783,12947,12203,12566,12025,12424,13008,23745,30149,31352,11661,20884
TX-28,TX,28,273270,98777,162732,,286388,,111368,,169212,339474,137904,196791,350974,127932,217878,767533,437902,183482,92159,37190,24739,1554,594894,361481,124073,66309,28240,18534,1027,94144,99413,114092,110787,94414,96430,81657,47205,23927,35715,121374,7885,120197,49886,60324,16166,103438,28642,8693,22436,27844,7613,9272,10850,10294,10448,9789,8669,19889,28116,37746,43195,12704
TX-29,TX,29,243696,94350,139722,,255756,,106570,,144098,307906,132929,170784,321874,130173,187393,767625,331891,234366,147328,41801,24577,2566,564428,265596,154626,101694,30693,17779,1609,104074,126805,98832,101630,106720,97613,79282,42406,19387,39766,92872,3792,137061,35860,69015,4590,112799,28808,6807,24092,25954,6113,6442,9950,9329,8656,8882,9612,17941,24681,37190,24400,9047
TX-30,TX,30,243511,52723,179838,,237839,,56959,,175945,279920,70037,205518,278817,63824,212265,766540,381676,290315,58872,23312,23755,1301,576298,310679,195201,40644,17008,17888,815,103669,117133,124999,103080,88227,80722,77837,46157,26101,38712,76871,6156,136725,28054,76793,5116,108830,26338,13660,17100,17302,13445,12865,14619,12673,12440,12372,12524,22469,27260,37376,15974,17193
TX-31,TX,31,237638,73319,154969,,242034,,78089,,159478,291572,95635,191743,299575,89884,206649,766789,378502,246108,112492,19396,21434,1647,570289,302720,164294,79016,13578,15732,1060,108249,113663,112391,106414,90984,88634,78956,47991,25294,37974,78920,3655,146738,30354,80285,6309,107230,26269,11329,17558,21423,11568,10590,11700,10607,9542,12968,11321,20276,27768,35502,21148,13686
TX-32,TX,32,236486,87939,137279,,245787,,98325,,142081,293157,119065,169572,308561,113855,191178,767328,370773,265886,96132,22058,22577,1507,585099,306002,180747,69452,16840,16986,970,99229,114431,126641,109050,91444,89866,78605,43888,22275,33896,87329,6276,134701,33896,86299,7652,106133,26780,11995,17492,19143,9919,12008,11738,13278,11665,11406,11590,20198,28057,37908,22426,16183
TX-33,TX,33,239772,88100,138998,,251733,,104028,,141586,304439,133513,165791,309078,130680,173804,766824,372193,209326,120093,52790,24083,2876,575478,302819,138547,82334,39526,17632,1796,104483,105623,110564,113900,100990,90413,75373,40336,19167,43234,108849,4902,126240,40201,56093,6335,113233,31898,6893,22325,26586,6903,7960,10020,10192,9999,10313,10570,20117,27513,38683,26918,9627
TX-34,TX,34,261430,97440,150159,,273355,,112774,,154144,321943,143291,173441,310204,127912,175791,766667,362671,199488,87581,102241,22803,4046,577962,293762,136339,61836,73146,16555,2726,102837,109610,100315,113838,109729,99827,71626,38632,17608,37925,143791,6536,93525,61153,53930,11003,97709,31067,4509,22917,29871,4761,6543,7364,8868,8089,8977,9466,18450,27975,39386,46393,7153
TX-35,TX,35,245956,94969,138852,,261683,,110587,,145125,314609,141172,168481,318993,130701,182664,767434,371164,215760,86981,79860,24040,1766,587192,303965,148178,63519,59006,17828,1233,98654,101497,106851,118207,104370,99438,76002,42384,20033,35735,137271,6815,109207,57880,60101,11007,102563,31598,7255,23303,29449,6351,8792,9124,9326,9437,11127,10667,20847,26980,39938,40428,10636
TX-36,TX,36,258401,93166,151262,,286758,,117223,,163049,357301,159159,192754,372214,155347,209773,767618,409533,122015,94056,125826,21384,1780,571724,324416,81357,64848,87535,15054,1152,98231,108874,88823,119406,125631,102373,68741,40092,16376,41047,175360,8008,79810,80051,27211,13505,96398,31593,4788,26474,39709,5010,5412,6170,6222,5946,6351,7889,15728,23886,34228,61027,7574
TX-37,TX,37,262641,95647,151001,,287093,,118124,,161981,355731,157562,191598,382371,155733,215748,767396,413013,126284,85644,125124,23196,1705,568905,325758,83329,58164,87453,16202,1115,101126,119309,94757,107270,119426,104125,74167,43469,22007,41780,159934,8270,87816,74021,33967,11575,98869,28639,5216,23866,35806,4942,5950,6181,6778,7234,8081,7697,15569,23606,33527,54072,8861
TX-38,TX,38,270017,104367,153508,,281551,,117260,,158413,329555,145713,178773,327154,131546,187181,767874,401943,148672,128395,73943,22595,1377,586641,324554,100958,93179,55153,16572,935,97560,101217,105240,108660,100320,96310,77394,49806,24013,38041,126652,7006,113061,54037,54215,14286,105107,25207,8718,21146,26785,8729,11402,9528,9727,10204,10362,10762,21404,27187,36162,38576,14148
UT-01,UT,1,295960,84469,129303,,321519,,103669,,203304,375167,142903,216387,376428,144765,219981,817904,643803,107794,17230,29180,18212,7598,584771,470465,68485,10562,20609,12494,4318,121119,135123,136756,115543,101151,82372,71765,39027,19491,46079,116691,8341,114229,46051,28777,10689,121433,33450,6575,24268,27005,6111,6346,8582,9263,8009,8003,9132,20175,26891,40955,29803,9238
UT-02,UT,2,273738,83932,128156,,304811,,105155,,185244,362053,143188,205203,363454,140129,213956,817904,578694,152715,19855,31199,23415,20419,594250,436443,99237,11999,22256,15999,12110,118436,128015,123441,118488,99735,79847,78218,50432,25897,52253,106673,8177,128079,40836,45012,9063,124187,32809,8463,24698,24321,7294,7288,9481,10875,10013,9186,10535,20662,29978,40015,23427,8933
UT-03,UT,3,309301,81056,143316,,334631,,102312,,218676,390686,148962,225146,374760,145920,218258,817904,636142,101123,12472,31563,27616,13160,592597,472396,65830,7430,21634,18634,7843,116526,132767,156749,101454,93444,77196,71074,42081,21971,44066,133129,9004,87500,47424,24474,10621,114843,28373,6005,21268,27715,6610,7466,7567,8177,8128,8015,8684,18375,24291,36724,36314,9365
UT-04,UT,4,252376,61219,114456,,293834,,83910,,196881,359770,125229,218403,373149,131409,230887,817904,606716,131280,17571,33146,17991,18070,552433,418696,83058,9888,21782,11647,10226,145099,145281,115512,127008,110896,75135,59300,33664,13796,52535,112048,3953,112565,39240,34200,6197,121550,33576,3468,27321,31664,3637,4342,5104,5593,6239,6865,8931,14879,23742,40399,26910,5288
VA-01,VA,1,390465,160750,207332,,381222,,167809,,207319,443853,200826,234488,465728,212001,246364,783957,504728,50563,175496,38952,18932,2059,615148,409811,33208,133258,26959,13846,1371,87886,104751,94131,99701,98144,107783,101925,64305,30869,47175,120442,9953,146117,61296,39874,11655,113126,34670,6643,27118,35088,7537,7516,9157,8474,9288,9061,9757,19929,28104,39710,39354,10217
VA-03,VA,3,310520,250769,46311,,279916,,232858,,42884,343579,287935,49864,311926,251349,54507,784802,214104,72746,467997,28737,16567,2594,617615,188165,51094,352027,23555,12616,1898,95765,94816,149480,117295,81892,88315,81343,42749,22663,40288,88409,6205,146830,40909,58714,7777,120158,25789,16913,16523,15840,14266,15206,15044,15379,13955,15229,14807,25067,32195,39678,14423,23941
VA-02,VA,2,364364,146729,195571,,343144,,151688,,185594,401991,183952,209597,412208,186380,219285,785431,507002,60328,154355,52454,19466,3511,619434,416307,39649,114657,37774,14146,2335,88064,92888,102420,108453,93603,103193,99550,60768,31208,54530,123125,8401,131982,58582,41431,11914,121624,35148,7688,26432,30122,7255,8204,9739,9642,9525,10215,10009,22988,32097,41132,36630,11786
VA-04,VA,4,373202,162120,194972,,349709,,158896,,186601,410554,190640,213463,415095,188659,221019,784926,456068,42147,246288,29574,16865,2222,620697,373125,26950,189750,21234,12257,1403,90081,99541,99039,105346,94721,108930,101126,64443,30107,53801,94159,5390,165194,42658,59468,7606,126973,33662,11397,23817,26465,10112,10832,11220,12247,9836,10687,11065,23631,29368,40967,23985,13955
VA-05,VA,5,392618,152813,217294,,379102,,162128,,210915,438811,190850,240380,451782,200324,243986,785369,560231,49866,122911,39211,14162,1145,619800,454528,32739,93890,28071,10478,721,90097,101198,91423,102861,100903,106055,99897,65930,34313,45132,129829,9011,144231,62338,49419,12453,104326,32867,9535,25260,28837,9867,11291,10098,10626,11411,10327,10864,21184,30240,39040,35093,11231
VA-06,VA,6,359093,143097,193037,,352222,,152372,,193688,416395,184482,223538,427077,184247,234940,785380,600535,74969,60546,35007,15470,1311,616092,486246,48755,43748,26316,11206,822,89566,108364,105816,98868,93149,102774,95896,59168,32794,37307,109573,11169,154741,57609,53331,12800,94132,31041,8915,20638,27984,8990,10261,10327,8976,10723,10219,10852,20926,27227,38341,36818,12583
VA-07,VA,7,367024,146439,198078,,358159,,156856,,194993,420552,190934,220742,442768,194631,239918,784835,526697,74705,136352,32686,19550,2134,608292,427226,48385,97924,22396,13904,1384,91289,110776,105549,96652,96809,109544,91492,57333,27613,39627,119108,10409,134125,64076,43812,9819,105042,30074,6906,25438,34632,7023,7490,8051,8504,8324,8492,8525,17948,23277,35432,44471,9582
VA-08,VA,8,352124,255843,72670,,328752,,246688,,75258,391978,298511,85366,381863,277466,92310,784390,349805,169231,164492,97287,16705,2479,613228,293187,118688,123431,73641,12381,1746,98858,86621,114533,141781,111475,97249,71709,38969,18701,31456,165608,18132,71607,119727,40891,30452,69861,33841,4841,29971,43596,4799,5485,5821,5857,5181,6143,6519,14741,21873,38600,82079,9637
VA-09,VA,9,355118,121562,216542,,326762,,119700,,202724,388363,141486,240588,389838,137987,246743,783722,612013,32771,102516,21630,14581,892,634467,507311,21533,76556,17075,11273,597,76068,99097,106822,90283,91339,104700,103368,72912,37476,52871,82252,8822,181255,38820,65740,8424,108872,26819,18892,15842,15906,16944,16839,17225,15523,14273,13775,13097,24248,31295,38072,15642,23339
VA-10,VA,10,352274,197756,130487,,343004,,208015,,128432,396335,250321,138041,419627,244962,159711,784771,387317,134345,79075,176914,13602,1846,575366,301331,89932,55250,122635,9390,1184,102368,121480,82736,99788,125623,108583,71768,44653,22696,29469,163232,14974,68000,114764,34218,23165,65773,23357,2214,20962,39851,2227,2579,3671,3147,2961,3756,3947,8270,11801,22853,101454,4726
VA-11,VA,11,365950,243595,97149,,342701,,240045,,95637,408113,293631,106363,385376,255772,115314,783810,342498,146698,84117,204628,14171,1903,604915,279742,103381,60712,155432,10246,1299,96071,99705,107967,117694,110757,100517,79062,46002,21657,30210,170423,16819,67802,119828,38919,22705,64866,29535,3701,25316,45357,3806,3741,4332,4237,4768,5056,5295,10814,15837,30223,81654,7116
VT-01,VT,1,315067,178573,95369,,327892,,190376,,121430,367428,242820,112704,369422,235791,119395,643077,573201,15504,14422,16182,16900,725,524482,474146,11113,9038,11665,12780,518,60286,77696,84981,77123,73843,88570,94856,57875,28586,39344,111614,9939,126697,57539,26587,12438,74875,28004,10742,20972,23226,9021,9529,10123,10552,9383,10143,9806,18378,26478,35676,23548,10277
WA-01,WA,1,318816,127409,165562,363753,362516,157606,154549,200341,202056,417359,185376,217920,408819,177262,216488,770390,537510,143250,15479,31768,40481,5669,592104,437087,91013,9580,22247,28252,3668,96109,100870,95438,103544,92806,99398,98382,58212,28048,56928,90206,4702,148735,32436,57573,7200,131654,33638,9000,22661,29552,8381,8988,9291,9485,9997,10449,9019,19146,26768,39557,31078,9118
WA-02,WA,2,350114,251008,76136,376809,370545,275952,273701,95206,91088,414822,313668,88619,392971,292439,83166,770653,453022,56798,30969,211936,14456,4691,611780,375861,41205,22183,157615,10832,3246,82097,92041,116012,133542,111876,92777,70130,43090,24476,33288,204038,21360,48668,122486,16282,23279,71230,26475,5855,25713,42180,5182,4737,5637,5422,4131,5779,6048,11963,16912,28121,105983,10860
WA-03,WA,3,327759,129306,172315,378438,380064,164097,162542,208449,211520,438708,189862,234399,440381,192992,232568,769707,595516,71557,19282,37538,39322,9353,598704,479968,44266,12356,26477,28092,6125,90298,98028,88159,96698,95242,100247,106990,68411,28496,64259,90927,4294,152171,37150,40743,7631,143959,33084,7819,24431,29843,8026,9732,9064,9749,9620,9445,10253,20092,26618,41768,29771,10031
WA-04,WA,4,269177,107835,141411,304594,301627,135861,131643,164404,165571,351582,157764,182306,341159,150546,179101,770292,445348,236382,20935,33225,37999,7223,571952,360700,147946,13297,23556,26314,4573,108240,112671,103844,103854,92044,86831,86298,52734,25720,50376,85350,6391,128451,35527,70893,7572,117065,30234,8229,20622,23908,8395,9110,10358,9329,9275,10584,10788,20861,29095,42120,24128,11234
WA-05,WA,5,315113,126293,161586,356239,354080,160588,156967,190016,191374,405141,180997,209340,393015,173611,205304,770252,583547,91661,25401,31418,33126,8346,603300,474495,59849,16312,22959,23791,5260,90189,102646,114323,104121,89004,89791,92267,59235,29429,63985,99567,7911,123287,41767,40257,10169,130940,29002,13103,20729,22453,10357,11727,12127,12025,11207,11468,12230,22410,30497,41067,23233,15103
WA-06,WA,6,373437,243271,101411,412636,410312,283778,283341,122288,120285,462075,323923,123046,450822,319234,114450,771414,543914,73186,34878,83570,32700,8868,643020,469416,51357,25089,68175,24132,6003,67902,69120,127748,121860,87966,87116,98659,71505,33110,54040,159895,14077,95018,80973,27037,18553,121298,35187,11535,27015,35827,9273,9786,9413,9754,10551,10621,9863,22978,30518,43354,55717,14920
WA-07,WA,7,350538,246637,79457,381535,374735,276510,273006,99173,95756,424452,314371,97335,398705,292405,90477,769858,463442,82723,49496,147711,24097,8910,612481,389287,56557,33420,111009,17962,5981,87087,80251,112260,135571,106817,94374,84783,44724,23772,49160,168910,13789,91189,76089,32987,15416,109773,32784,7387,27333,39123,6795,5729,6792,7023,7363,7304,7250,17028,25789,36846,66067,9720
WA-08,WA,8,299790,122914,152251,346256,344262,152202,148987,188179,189288,402743,180075,208698,387119,171018,202683,770205,519784,92299,50682,64974,36500,19597,585932,417377,57861,32164,45255,25177,12022,101195,104497,96667,108151,98304,99019,88623,49514,21399,62975,88713,3385,147222,32877,41643,6288,133435,35370,4956,27214,34001,4925,5918,6263,6208,6783,8569,7762,16624,23645,40310,34682,8063
WA-09,WA,9,288176,196926,72403,321435,315132,225732,221495,91265,89096,367017,260565,96326,331226,227282,90477,771070,324333,111496,110016,201214,23759,17932,596006,272511,74889,76107,152112,17672,11811,94429,94426,100270,124890,106189,97135,78512,42724,23006,49000,132314,8496,110779,56964,56783,12687,101801,30225,7184,23516,32410,6322,6848,6918,7729,6607,7375,9061,15839,24845,33712,52626,9684
WA-10,WA,10,316294,191119,99215,354102,349880,226670,224016,121411,119719,403732,263011,126662,380026,249060,116209,771440,452404,99861,89102,96492,31193,23600,609410,381802,65731,60982,72483,22330,14985,88508,86990,110183,116126,96289,91240,93932,56906,30142,57081,124517,7682,119610,53430,39451,14425,126845,36838,8251,25438,32349,8299,8395,9013,8898,9403,9751,11136,21798,29490,41342,34697,11855
WI-01,WI,1,365309,145314,197456,,353397,,148857,,196640,414902,174674,233199,428150,176314,245494,737013,578932,81283,50063,12910,14036,863,575934,472497,51177,31716,8851,9898,580,79391,99665,89911,87090,89749,107149,97367,55817,29425,52997,102470,4409,150546,38709,37788,7371,113311,33326,8145,24413,29649,7880,9150,10190,10024,10236,9912,10071,23268,29729,41194,25418,10749
WI-02,WI,2,391199,260295,105055,,384723,,271779,,104491,436371,310436,118455,460719,324358,128353,736561,568945,57053,51343,46115,12828,1018,583421,468769,36873,32242,34582,9304,716,79813,94564,125162,102797,89755,89238,80476,47809,25905,48011,140314,16655,106514,59488,24145,13510,83753,33302,8092,24713,32073,8522,9547,10042,10324,10292,10789,10819,23624,30064,44301,33117,13010
WI-03,WI,3,355233,149711,183278,,336466,,157365,,171487,394905,174333,214022,412764,175753,230382,736580,660515,30703,14058,13093,14722,860,575547,525947,18932,8770,8525,10203,570,83988,95564,88829,84523,82214,100241,102724,62181,35449,63129,78259,4075,180268,28147,40528,6974,106921,33115,11396,19548,20630,9748,12189,14304,11829,12258,12338,13783,25177,32734,43633,15652,11696
WI-04,WI,4,338114,242632,75954,,318169,,233698,,77440,346303,261176,79214,347758,259446,81292,736323,307958,127325,256612,41227,17060,1093,559284,267596,83270,174837,28094,11855,807,98415,104108,116697,108403,85669,80475,73876,39274,22574,35504,95141,7629,132500,41915,55627,9945,94171,25167,19587,16026,16753,12897,14620,16574,13694,12879,12745,12894,25570,28857,35639,16969,21390
WI-05,WI,5,410899,149235,234842,,402179,,151371,,242570,461279,190985,262889,474050,197947,267424,736965,608695,51973,26839,36790,11527,852,579103,494658,32965,16892,24521,8087,546,81551,90465,81459,93985,89626,106599,98203,60116,35911,53646,146955,8002,129030,53666,22760,12766,99482,36960,6419,27018,32285,6218,8656,10721,8752,9439,9561,10466,21621,27376,42871,38977,8998
WI-06,WI,6,372373,143114,204035,,353158,,146364,,198305,412773,171379,233670,425125,175730,243053,736780,625969,44977,23472,25380,14976,808,579756,508402,27746,14765,16150,10329,552,81332,92673,91899,91259,86671,102442,97646,58116,32787,64019,97011,4718,171093,32907,32523,6493,104400,36199,8436,23191,23494,8541,10901,13491,11114,11806,11990,12324,26611,32148,45844,17844,10431
WI-07,WI,7,378213,150041,203883,,355154,,156414,,190093,423591,178966,236744,449481,184218,257341,736228,661310,16871,11631,13716,27472,1128,584517,534978,10474,6754,8922,18754,659,76958,92101,88750,84567,81986,102152,109439,67364,33073,68606,95677,4848,166711,33407,30717,7282,110141,32749,11553,22617,23019,10371,11691,14347,11235,11836,11215,12502,25258,31489,43502,18177,11129
WI-08,WI,8,364808,142193,200780,,347947,,146474,,193544,407915,168916,231990,424868,174461,244286,737264,621694,37103,18724,27114,31949,848,574736,501379,22631,10337,16995,21321,566,85915,93505,91755,92785,84912,103585,96387,56118,31749,65132,96804,3331,174592,31180,35317,6214,97676,35294,9626,21599,22033,9243,11094,12906,11808,12103,11962,12499,24876,33160,46250,18845,10521
WV-01,WV,1,355774,92958,247279,,362920,,119390,,235604,392576,112947,273523,364662,98066,259831,896067,805369,11331,48212,8927,18242,743,715682,649695,7866,34003,6488,14334,489,95759,107121,102630,100301,112149,117804,129790,85915,42490,48533,79492,6103,256809,38152,85290,9124,116052,27906,24564,17508,15906,20755,21455,18977,18013,16443,16938,14987,28523,33674,41435,14638,26090
WV-02,WV,2,357275,95834,242092,,370080,,119332,,238742,402076,123037,271859,397728,116243,273725,897649,793465,23496,42314,13354,19447,983,717250,643345,15617,28957,9757,14713,673,93184,111683,118098,107578,110943,119302,121495,78065,38660,52954,92266,7982,245524,46334,61711,9326,115877,33087,18800,22785,23286,15969,17768,16506,17138,14811,14723,14516,28248,34818,45625,20035,20113
WY-01,WY,1,255849,55973,174419,,234289,,61851,,162714,276765,73491,193559,269048,69527,192633,576851,469664,59046,9661,9473,27480,1714,441337,370041,38153,5928,6520,18433,1009,69778,77958,74499,77825,68551,69278,75194,44545,20301,46082,71313,5138,110277,31053,23719,6077,98143,26379,8115,17485,19922,7806,9208,8475,9565,9356,7572,7799,17923,24038,32579,17220,10714
