{"type":"FeatureCollection","features":[{"type":"Feature","properties":{"id":1,"NAME":"1","TotalPop":720199,"PopDevPct":-0.00137246,"DemPct":0.4741729,"RepPct":0.50712214,"WhitePct":0.79214649,"MinorityPct":0.20785351,"BlackPct":0.05496588,"HispanicPct":0.09295196,"PacificPct":0.00098147,"AsianPct":0.04329053,"NativePct":0.01110138,"TotalVAP":576685,"Margin":-0.0258271,"color":"#ffb3b3","opacity":"0.5"},"geometry":{"type":"MultiPolygon","coordinates":[[[[-73.022453,41.519001],[-73.023572,41.521902],[-73.023468,41.523644],[-73.021535,41.526728],[-73.022344,41.527584],[-73.021686,41.528268],[-73.022171,41.529676],[-73.024791,41.528545],[-73.026605,41.528437],[-73.027568,41.529856],[-73.028217,41.530633],[-73.029243,41.531479],[-73.030008,41.530953],[-73.030844,41.530345],[-73.031816,41.530578],[-73.033716,41.531044],[-73.033375,41.531938],[-73.035144,41.532349],[-73.035859,41.531572],[-73.036061,41.531447],[-73.036711,41.530869],[-73.038502,41.531822],[-73.039384,41.529793],[-73.039767,41.529873],[-73.040125,41.529948],[-73.040408,41.530007],[-73.041437,41.530247],[-73.043039,41.530587],[-73.043717,41.530747],[-73.0443,41.530594],[-73.044611,41.530513],[-73.043842,41.534953],[-73.04406,41.537041],[-73.044477,41.537445],[-73.046061,41.538447],[-73.046647,41.539811],[-73.046612,41.540548],[-73.046641,41.541277],[-73.046592,41.542368],[-73.048565,41.543731],[-73.049124,41.54327],[-73.049398,41.544709],[-73.049682,41.545324],[-73.051056,41.546088],[-73.051299,41.546504],[-73.050131,41.546865],[-73.051977,41.549739],[-73.049904,41.550465],[-73.049865,41.550517],[-73.049696,41.550744],[-73.049618,41.55083],[-73.049545,41.55101],[-73.049865,41.551678],[-73.045857,41.551819],[-73.045889,41.551894],[-73.048035,41.556138],[-73.050188,41.558364],[-73.052083,41.557911],[-73.054635,41.55706],[-73.054753,41.557026],[-73.054788,41.557016],[-73.054894,41.556985],[-73.05493,41.556976],[-73.055963,41.558757],[-73.05629,41.558973],[-73.056562,41.559153],[-73.058165,41.563154],[-73.058479,41.565287],[-73.057969,41.56722],[-73.056317,41.569831],[-73.052704,41.576285],[-73.052015,41.578093],[-73.051937,41.579725],[-73.053139,41.581416],[-73.053393,41.582621],[-73.054477,41.584016],[-73.054262,41.584163],[-73.054047,41.584251],[-73.053687,41.584392],[-73.053435,41.584504],[-73.053147,41.584622],[-73.052774,41.584756],[-73.051882,41.584973],[-73.051496,41.58508],[-73.05061,41.58436],[-73.050034,41.5823],[-73.049375,41.584238],[-73.04873,41.584548],[-73.047853,41.584795],[-73.047466,41.584807],[-73.044167,41.585204],[-73.044195,41.58554],[-73.043182,41.585367],[-73.042385,41.585229],[-73.042344,41.583966],[-73.042315,41.583867],[-73.041517,41.58387],[-73.040985,41.583875],[-73.040789,41.583993],[-73.040366,41.583993],[-73.04008,41.583979],[-73.039739,41.583847],[-73.039375,41.583661],[-73.039162,41.58374],[-73.038958,41.583625],[-73.034859,41.581593],[-73.034647,41.581488],[-73.034095,41.581212],[-73.034221,41.580426],[-73.032421,41.579608],[-73.031061,41.578965],[-73.03057,41.579537],[-73.028836,41.58001],[-73.027921,41.578081],[-73.027537,41.577726],[-73.027323,41.577527],[-73.026401,41.576685],[-73.025827,41.577169],[-73.024658,41.578382],[-73.023369,41.578911],[-73.020294,41.58176],[-73.019218,41.583961],[-73.015716,41.586707],[-73.014307,41.588416],[-73.013214,41.588686],[-73.012049,41.583778],[-73.003859,41.575695],[-73.003675,41.575512],[-73.002465,41.574303],[-73.001868,41.574089],[-73.001734,41.573939],[-72.99873,41.57101],[-72.998278,41.570644],[-72.996753,41.56906],[-72.994386,41.566905],[-72.992797,41.565439],[-72.992208,41.564892],[-72.991587,41.564319],[-72.985168,41.558131],[-72.982613,41.555963],[-72.982439,41.555619],[-72.981057,41.554406],[-72.979853,41.553349],[-72.975285,41.553609],[-72.974514,41.553696],[-72.974435,41.553705],[-72.969907,41.553809],[-72.969369,41.553803],[-72.964216,41.554429],[-72.961883,41.554728],[-72.960779,41.55484],[-72.960199,41.554916],[-72.959146,41.555021],[-72.958519,41.55509],[-72.956906,41.555279],[-72.956788,41.555295],[-72.9576,41.553398],[-72.958691,41.551396],[-72.959803,41.549278],[-72.962252,41.544735],[-72.965863,41.536753],[-72.965977,41.53658],[-72.966027,41.536594],[-72.966633,41.535264],[-72.968564,41.53131],[-72.969365,41.530234],[-72.967249,41.529238],[-72.959271,41.526365],[-72.956878,41.525472],[-72.956467,41.525318],[-72.955817,41.52504],[-72.953869,41.524209],[-72.95322,41.523932],[-72.951578,41.523437],[-72.950908,41.523225],[-72.948362,41.522135],[-72.947324,41.521168],[-72.941242,41.51448],[-72.940128,41.513058],[-72.938613,41.511464],[-72.937606,41.510327],[-72.935057,41.507562],[-72.934736,41.506714],[-72.935004,41.504193],[-72.934647,41.501246],[-72.930308,41.500922],[-72.928365,41.500645],[-72.923103,41.499977],[-72.921523,41.499824],[-72.920084,41.499666],[-72.915507,41.498835],[-72.91452,41.498667],[-72.914116,41.498621],[-72.91308,41.49844],[-72.91202,41.498278],[-72.911292,41.501828],[-72.912889,41.50199],[-72.912729,41.504093],[-72.910846,41.506943],[-72.906806,41.505375],[-72.906466,41.505234],[-72.905316,41.504779],[-72.90396,41.504267],[-72.903968,41.503431],[-72.90236,41.50181],[-72.900951,41.500938],[-72.901168,41.499417],[-72.901453,41.498861],[-72.900082,41.498394],[-72.899884,41.4984],[-72.899404,41.498395],[-72.890688,41.500476],[-72.886579,41.500958],[-72.886139,41.501],[-72.882939,41.500411],[-72.880046,41.500381],[-72.878176,41.500208],[-72.877964,41.500865],[-72.872261,41.500337],[-72.868217,41.49964],[-72.858094,41.496972],[-72.855748,41.495784],[-72.853268,41.494564],[-72.852701,41.494347],[-72.855486,41.490629],[-72.857451,41.488037],[-72.859071,41.485833],[-72.864812,41.47816],[-72.867935,41.473955],[-72.868205,41.473591],[-72.871264,41.469466],[-72.87228,41.467894],[-72.87351,41.46603],[-72.875602,41.463343],[-72.87738,41.461182],[-72.876644,41.459675],[-72.877729,41.45806],[-72.879647,41.45627],[-72.883383,41.451817],[-72.886667,41.447957],[-72.883214,41.446652],[-72.876739,41.444233],[-72.87061,41.441751],[-72.85546,41.435825],[-72.85136,41.434382],[-72.851518,41.434007],[-72.85436,41.430843],[-72.856072,41.429827],[-72.85831,41.42953],[-72.860765,41.426993],[-72.861782,41.425927],[-72.864094,41.426574],[-72.869223,41.426222],[-72.874213,41.426306],[-72.877983,41.424268],[-72.881614,41.423183],[-72.882757,41.423192],[-72.883152,41.423309],[-72.884568,41.411406],[-72.88637,41.411295],[-72.88618,41.40988],[-72.886024,41.408165],[-72.885833,41.406168],[-72.885813,41.405038],[-72.886374,41.40043],[-72.887524,41.39683],[-72.887285,41.394621],[-72.887411,41.393355],[-72.887136,41.391985],[-72.886783,41.392209],[-72.885899,41.392742],[-72.883632,41.393981],[-72.882646,41.394071],[-72.880081,41.393506],[-72.876597,41.392851],[-72.875553,41.392665],[-72.875425,41.392643],[-72.874145,41.392409],[-72.874407,41.391233],[-72.872012,41.390809],[-72.872089,41.390094],[-72.871825,41.390011],[-72.871527,41.389914],[-72.872608,41.388097],[-72.872697,41.387263],[-72.871864,41.38602],[-72.871886,41.385734],[-72.871841,41.385513],[-72.872055,41.384182],[-72.871828,41.382866],[-72.872086,41.382706],[-72.87262,41.382706],[-72.872841,41.382862],[-72.873398,41.38306],[-72.874001,41.383106],[-72.874329,41.382851],[-72.874847,41.381798],[-72.874886,41.381462],[-72.874863,41.381241],[-72.874779,41.381065],[-72.874526,41.380973],[-72.872795,41.380749],[-72.871727,41.380154],[-72.871452,41.379536],[-72.871552,41.379101],[-72.872131,41.379047],[-72.872879,41.37933],[-72.87336,41.379532],[-72.874046,41.379448],[-72.874161,41.379211],[-72.873056,41.377605],[-72.872192,41.376583],[-72.872247,41.376423],[-72.871907,41.375582],[-72.872115,41.375001],[-72.872556,41.37444],[-72.873089,41.373427],[-72.87312,41.370385],[-72.872838,41.369028],[-72.874657,41.367367],[-72.874883,41.367109],[-72.875167,41.366008],[-72.874457,41.364694],[-72.874818,41.363628],[-72.875901,41.362904],[-72.876023,41.362896],[-72.879328,41.364551],[-72.880643,41.364498],[-72.881756,41.363699],[-72.881745,41.360897],[-72.881718,41.359631],[-72.881881,41.358878],[-72.883922,41.357158],[-72.884466,41.354736],[-72.883825,41.353508],[-72.882904,41.353115],[-72.880036,41.353122],[-72.877274,41.353454],[-72.87697,41.353476],[-72.876526,41.353211],[-72.874456,41.351683],[-72.873252,41.349399],[-72.874942,41.347401],[-72.876226,41.346956],[-72.87724,41.346614],[-72.879642,41.347488],[-72.88115,41.3465],[-72.878763,41.34463],[-72.880157,41.343384],[-72.882853,41.343701],[-72.886773,41.34115],[-72.887972,41.339665],[-72.888442,41.338398],[-72.888697,41.336048],[-72.889252,41.334107],[-72.888845,41.332597],[-72.888393,41.332599],[-72.885837,41.332978],[-72.884937,41.333167],[-72.88379,41.333331],[-72.882538,41.333575],[-72.879183,41.334093],[-72.876547,41.334018],[-72.876169,41.334007],[-72.869937,41.334775],[-72.866205,41.33601],[-72.86429,41.336136],[-72.863288,41.336017],[-72.860309,41.336639],[-72.860821,41.335431],[-72.862585,41.331574],[-72.864244,41.327498],[-72.866532,41.323099],[-72.867184,41.321618],[-72.867571,41.320433],[-72.86773,41.319753],[-72.869696,41.315312],[-72.870739,41.312862],[-72.872283,41.309626],[-72.87364,41.306847],[-72.871288,41.30597],[-72.870497,41.305675],[-72.868951,41.307114],[-72.866016,41.305002],[-72.865084,41.30501],[-72.862904,41.304414],[-72.860097,41.302873],[-72.854566,41.303883],[-72.853696,41.304831],[-72.852243,41.30684],[-72.851255,41.306464],[-72.850986,41.307715],[-72.848446,41.30688],[-72.849316,41.305933],[-72.848878,41.305728],[-72.846584,41.305546],[-72.846289,41.305684],[-72.842697,41.302845],[-72.840181,41.299796],[-72.838365,41.308794],[-72.837293,41.312572],[-72.835013,41.314393],[-72.823843,41.318324],[-72.823562,41.318424],[-72.818422,41.319726],[-72.816954,41.320094],[-72.801876,41.323679],[-72.799171,41.324323],[-72.795728,41.322264],[-72.787875,41.317423],[-72.784597,41.315476],[-72.780337,41.313018],[-72.778649,41.311671],[-72.776763,41.310182],[-72.775042,41.308697],[-72.771342,41.305093],[-72.769044,41.305767],[-72.767348,41.306197],[-72.760553,41.307721],[-72.74611,41.310633],[-72.745722,41.311496],[-72.742679,41.320856],[-72.74145,41.323691],[-72.74154,41.32638],[-72.742134,41.334562],[-72.742705,41.338221],[-72.742709,41.338246],[-72.742723,41.338321],[-72.742728,41.338347],[-72.742976,41.339726],[-72.743026,41.340457],[-72.743561,41.34426],[-72.743616,41.344685],[-72.738575,41.346064],[-72.731631,41.349001],[-72.728476,41.350266],[-72.719765,41.352681],[-72.718979,41.352922],[-72.706889,41.356264],[-72.705906,41.356258],[-72.70476,41.353084],[-72.705645,41.351148],[-72.705363,41.346452],[-72.704737,41.345937],[-72.703014,41.344637],[-72.702658,41.341925],[-72.702807,41.339111],[-72.70199,41.336905],[-72.699949,41.338698],[-72.698323,41.339365],[-72.698035,41.337826],[-72.698574,41.337049],[-72.695821,41.334828],[-72.694853,41.332543],[-72.693476,41.332205],[-72.693971,41.331427],[-72.692842,41.330175],[-72.69113,41.32906],[-72.689413,41.326179],[-72.687884,41.325455],[-72.686591,41.325575],[-72.687006,41.328341],[-72.687354,41.330118],[-72.685419,41.330348],[-72.684233,41.33194],[-72.684864,41.332145],[-72.684702,41.334569],[-72.683001,41.335163],[-72.680786,41.336794],[-72.679985,41.336977],[-72.679129,41.337478],[-72.678151,41.337264],[-72.677919,41.335559],[-72.677668,41.334885],[-72.677253,41.33422],[-72.676379,41.334512],[-72.669604,41.335245],[-72.667597,41.337314],[-72.666952,41.337809],[-72.665597,41.335848],[-72.665285,41.335375],[-72.664099,41.335445],[-72.660804,41.332108],[-72.658501,41.33035],[-72.658448,41.330291],[-72.655486,41.331335],[-72.654986,41.330711],[-72.650473,41.32839],[-72.650474,41.326683],[-72.647555,41.325533],[-72.646267,41.324219],[-72.645074,41.323974],[-72.644967,41.32278],[-72.642373,41.322468],[-72.642011,41.320399],[-72.64004,41.318395],[-72.638278,41.318025],[-72.635943,41.315496],[-72.636301,41.314341],[-72.635584,41.312876],[-72.634351,41.312099],[-72.632999,41.310374],[-72.63174,41.309447],[-72.632594,41.307717],[-72.632646,41.306111],[-72.633541,41.30453],[-72.633854,41.303573],[-72.633256,41.29936],[-72.639265,41.295128],[-72.642135,41.293003],[-72.643877,41.291607],[-72.644798,41.290421],[-72.644973,41.289533],[-72.645623,41.288987],[-72.647098,41.28982],[-72.648524,41.289305],[-72.64905,41.289206],[-72.648775,41.288878],[-72.645732,41.288833],[-72.645148,41.288821],[-72.642951,41.288773],[-72.638252,41.290903],[-72.638098,41.290956],[-72.637764,41.291146],[-72.629821,41.293081],[-72.626652,41.294493],[-72.626553,41.294519],[-72.623042,41.295933],[-72.617093,41.298449],[-72.612428,41.301027],[-72.61106,41.301454],[-72.603837,41.302905],[-72.601592,41.305337],[-72.600457,41.30734],[-72.597657,41.309797],[-72.595878,41.31109],[-72.595606,41.312028],[-72.594856,41.315334],[-72.594207,41.318748],[-72.594293,41.321324],[-72.592866,41.324065],[-72.59479,41.326125],[-72.595708,41.328035],[-72.597136,41.328545],[-72.599513,41.327263],[-72.600567,41.325837],[-72.60251,41.325977],[-72.605226,41.327609],[-72.608399,41.328181],[-72.611518,41.327506],[-72.612077,41.32922],[-72.614145,41.329483],[-72.614963,41.333588],[-72.614112,41.334274],[-72.613604,41.336223],[-72.614405,41.337002],[-72.61346,41.339653],[-72.612689,41.340866],[-72.612705,41.342414],[-72.611213,41.343233],[-72.61139,41.347096],[-72.611836,41.349006],[-72.612834,41.350219],[-72.611699,41.351262],[-72.611605,41.352327],[-72.612655,41.353834],[-72.612563,41.357205],[-72.612527,41.358155],[-72.612634,41.360485],[-72.612233,41.362674],[-72.609746,41.363368],[-72.609346,41.365357],[-72.610538,41.366253],[-72.61014,41.367148],[-72.608132,41.367404],[-72.609241,41.370529],[-72.608743,41.371125],[-72.60884,41.373513],[-72.611524,41.3765],[-72.611423,41.377296],[-72.612616,41.377994],[-72.614006,41.38078],[-72.613837,41.384398],[-72.612328,41.386179],[-72.616032,41.388742],[-72.616332,41.38968],[-72.61771,41.390744],[-72.61801,41.391656],[-72.620022,41.392247],[-72.621277,41.393435],[-72.622458,41.393594],[-72.622706,41.394631],[-72.623887,41.39502],[-72.624392,41.396016],[-72.625909,41.397165],[-72.625027,41.399092],[-72.62608,41.400059],[-72.629017,41.401232],[-72.63083,41.403589],[-72.630587,41.406943],[-72.632269,41.408122],[-72.632516,41.41045],[-72.631656,41.411167],[-72.632877,41.4125],[-72.634243,41.412197],[-72.636983,41.412735],[-72.637801,41.41232],[-72.641634,41.413736],[-72.645073,41.415802],[-72.646875,41.415744],[-72.647406,41.416962],[-72.649214,41.417345],[-72.650482,41.419119],[-72.648789,41.421998],[-72.64448,41.42678],[-72.642351,41.429323],[-72.644458,41.43051],[-72.646843,41.431153],[-72.649504,41.430924],[-72.648431,41.434199],[-72.648363,41.435148],[-72.64929,41.435612],[-72.650908,41.435031],[-72.652215,41.434528],[-72.654563,41.43626],[-72.653672,41.438125],[-72.654193,41.438256],[-72.666833,41.435694],[-72.667918,41.435573],[-72.668401,41.435514],[-72.672478,41.435078],[-72.678739,41.433797],[-72.682666,41.433776],[-72.690555,41.432569],[-72.691558,41.432437],[-72.692795,41.432257],[-72.705525,41.43008],[-72.708343,41.429443],[-72.71042,41.429073],[-72.72064,41.427397],[-72.730471,41.425928],[-72.735,41.425188],[-72.73801,41.424669],[-72.736142,41.425974],[-72.734298,41.427208],[-72.731295,41.430013],[-72.726665,41.434574],[-72.724248,41.436317],[-72.723087,41.436706],[-72.719168,41.437242],[-72.715476,41.438904],[-72.711403,41.441683],[-72.711092,41.441934],[-72.708368,41.443986],[-72.706851,41.444736],[-72.702577,41.447239],[-72.700668,41.448858],[-72.698656,41.450657],[-72.698347,41.450948],[-72.698385,41.453035],[-72.6995,41.457341],[-72.699577,41.458114],[-72.692551,41.459008],[-72.691781,41.460111],[-72.692226,41.466222],[-72.691781,41.471563],[-72.690906,41.472878],[-72.690409,41.475147],[-72.690269,41.477024],[-72.690271,41.479076],[-72.689387,41.48062],[-72.690008,41.482646],[-72.690337,41.485454],[-72.691879,41.486931],[-72.689962,41.489289],[-72.693286,41.491877],[-72.694962,41.492425],[-72.699134,41.491701],[-72.701124,41.491351],[-72.718823,41.488171],[-72.721716,41.487663],[-72.722758,41.487481],[-72.731036,41.485993],[-72.733886,41.485368],[-72.74333,41.483114],[-72.74478,41.498183],[-72.74566,41.508922],[-72.746038,41.513555],[-72.746502,41.520681],[-72.747056,41.527289],[-72.747116,41.527719],[-72.748666,41.526869],[-72.748898,41.526784],[-72.750379,41.526329],[-72.75361,41.525969],[-72.753832,41.525938],[-72.755079,41.52585],[-72.759945,41.525541],[-72.761545,41.525471],[-72.76268,41.52542],[-72.764993,41.525747],[-72.76583,41.525888],[-72.767091,41.52608],[-72.768167,41.526263],[-72.768831,41.52637],[-72.769941,41.526549],[-72.770113,41.526577],[-72.770354,41.526619],[-72.770439,41.526289],[-72.770601,41.526158],[-72.772016,41.522372],[-72.772944,41.520773],[-72.775799,41.517272],[-72.775931,41.516958],[-72.776144,41.516774],[-72.781584,41.51234],[-72.792627,41.503567],[-72.792713,41.503596],[-72.795918,41.504718],[-72.800268,41.505552],[-72.801083,41.50569],[-72.801429,41.505751],[-72.809213,41.507315],[-72.815187,41.508516],[-72.816547,41.508742],[-72.822909,41.510088],[-72.823004,41.510108],[-72.823156,41.51014],[-72.828231,41.511229],[-72.837559,41.513159],[-72.84071,41.513789],[-72.847268,41.515114],[-72.850299,41.515731],[-72.851375,41.51596],[-72.853798,41.522211],[-72.853083,41.524925],[-72.855126,41.525676],[-72.857767,41.526368],[-72.857743,41.526612],[-72.85793,41.527167],[-72.857107,41.527522],[-72.854547,41.530097],[-72.852564,41.530737],[-72.851513,41.530561],[-72.84908,41.529302],[-72.844335,41.527657],[-72.8427,41.525883],[-72.840437,41.524805],[-72.838442,41.522486],[-72.836054,41.523604],[-72.832731,41.527346],[-72.830968,41.531087],[-72.828195,41.53421],[-72.826599,41.535797],[-72.826132,41.536281],[-72.825643,41.536864],[-72.824259,41.538342],[-72.823302,41.539057],[-72.821325,41.540567],[-72.821629,41.540621],[-72.822842,41.540796],[-72.824643,41.541083],[-72.824855,41.541195],[-72.825729,41.541753],[-72.825615,41.544571],[-72.825696,41.545305],[-72.825497,41.546488],[-72.826604,41.547258],[-72.829679,41.549378],[-72.829521,41.549614],[-72.829372,41.54999],[-72.828363,41.552601],[-72.826141,41.555897],[-72.821243,41.554195],[-72.819145,41.554298],[-72.810242,41.562397],[-72.80996,41.562284],[-72.809243,41.561997],[-72.805243,41.566598],[-72.801243,41.573098],[-72.779721,41.575936],[-72.779343,41.57598],[-72.776526,41.576335],[-72.776348,41.576358],[-72.776042,41.576398],[-72.775814,41.576425],[-72.775638,41.576446],[-72.77246,41.576828],[-72.772209,41.576846],[-72.771029,41.576931],[-72.768871,41.577235],[-72.768079,41.577313],[-72.767821,41.577339],[-72.752181,41.578894],[-72.752941,41.592497],[-72.74284,41.594398],[-72.739077,41.594794],[-72.73448,41.595406],[-72.731671,41.595779],[-72.73167,41.595803],[-72.72994,41.601498],[-72.727175,41.601994],[-72.727041,41.602398],[-72.724177,41.602952],[-72.724146,41.602957],[-72.723941,41.603003],[-72.723679,41.603045],[-72.723352,41.60309],[-72.723032,41.603135],[-72.720984,41.603419],[-72.720196,41.60353],[-72.714538,41.60431],[-72.715608,41.605671],[-72.715769,41.607014],[-72.7151,41.608074],[-72.713644,41.610736],[-72.712767,41.614064],[-72.712567,41.616684],[-72.71181,41.617196],[-72.711134,41.618036],[-72.712844,41.618927],[-72.713287,41.620839],[-72.715527,41.622821],[-72.715706,41.625353],[-72.7155,41.625573],[-72.713897,41.627705],[-72.701424,41.629451],[-72.701203,41.629488],[-72.688425,41.631399],[-72.685766,41.631794],[-72.675884,41.633093],[-72.67587,41.633095],[-72.67355,41.633446],[-72.673954,41.634486],[-72.671572,41.634769],[-72.672262,41.637348],[-72.673153,41.637298],[-72.673464,41.63936],[-72.675,41.639211],[-72.675558,41.641577],[-72.676793,41.641412],[-72.676561,41.641673],[-72.676996,41.643001],[-72.676979,41.643391],[-72.677359,41.64331],[-72.674733,41.646101],[-72.673219,41.648741],[-72.672716,41.650575],[-72.672095,41.655945],[-72.671171,41.659067],[-72.673609,41.658772],[-72.673513,41.65958],[-72.670666,41.660063],[-72.669672,41.661743],[-72.670239,41.663983],[-72.672686,41.667764],[-72.672661,41.668258],[-72.672058,41.668181],[-72.668292,41.67008],[-72.667132,41.672046],[-72.66706,41.671723],[-72.666604,41.671665],[-72.665908,41.674057],[-72.66631,41.674591],[-72.666326,41.674611],[-72.665955,41.67482],[-72.665723,41.675478],[-72.666106,41.675677],[-72.665652,41.676034],[-72.66491,41.679622],[-72.665143,41.679968],[-72.665355,41.680027],[-72.66538,41.679933],[-72.666161,41.67641],[-72.66629,41.675695],[-72.666521,41.674609],[-72.667199,41.672173],[-72.667374,41.671945],[-72.66994,41.669893],[-72.670936,41.669805],[-72.672465,41.669642],[-72.673347,41.669886],[-72.672635,41.671391],[-72.673976,41.671955],[-72.672478,41.673191],[-72.67216,41.674128],[-72.672134,41.674132],[-72.671293,41.675371],[-72.671945,41.675283],[-72.673552,41.675081],[-72.676796,41.67495],[-72.675405,41.677375],[-72.675344,41.678321],[-72.675248,41.680042],[-72.675428,41.682818],[-72.675399,41.684157],[-72.674338,41.684351],[-72.673829,41.684444],[-72.672314,41.684751],[-72.671066,41.690359],[-72.670729,41.691483],[-72.670401,41.692937],[-72.670668,41.693723],[-72.669797,41.693882],[-72.668395,41.694178],[-72.667435,41.694387],[-72.666073,41.694621],[-72.664822,41.694875],[-72.663586,41.695127],[-72.662351,41.69537],[-72.663347,41.697156],[-72.664125,41.697736],[-72.668047,41.696977],[-72.668102,41.697215],[-72.670124,41.696805],[-72.670452,41.697707],[-72.675453,41.696719],[-72.676398,41.696354],[-72.682238,41.695219],[-72.681631,41.694313],[-72.680277,41.691921],[-72.683051,41.691353],[-72.686729,41.68944],[-72.687342,41.689168],[-72.688665,41.6889],[-72.690345,41.688688],[-72.692186,41.688454],[-72.695307,41.68827],[-72.697371,41.688694],[-72.697407,41.688586],[-72.697517,41.688264],[-72.697554,41.688157],[-72.696676,41.684411],[-72.696461,41.682639],[-72.699566,41.682951],[-72.700662,41.682809],[-72.701935,41.682634],[-72.700868,41.67747],[-72.701053,41.677325],[-72.700653,41.675777],[-72.700364,41.674573],[-72.70694,41.673714],[-72.70628,41.670782],[-72.706534,41.670628],[-72.707216,41.670273],[-72.711288,41.669642],[-72.715931,41.669114],[-72.717754,41.669703],[-72.717884,41.669851],[-72.718307,41.670518],[-72.721963,41.670159],[-72.72388,41.669838],[-72.727869,41.668647],[-72.72834,41.671105],[-72.729148,41.675423],[-72.734447,41.674477],[-72.737978,41.674076],[-72.738597,41.671327],[-72.738831,41.670323],[-72.739051,41.669132],[-72.739289,41.666871],[-72.73939,41.665876],[-72.73961,41.663991],[-72.739629,41.662251],[-72.741904,41.662699],[-72.744355,41.662364],[-72.745942,41.661441],[-72.748062,41.659513],[-72.747043,41.65663],[-72.748763,41.65657],[-72.750673,41.658669],[-72.751915,41.659156],[-72.750552,41.653948],[-72.750512,41.651201],[-72.750357,41.650167],[-72.751643,41.650006],[-72.753881,41.649833],[-72.758153,41.649722],[-72.767619,41.648904],[-72.767824,41.648901],[-72.768402,41.648901],[-72.768871,41.648879],[-72.77131,41.648393],[-72.778572,41.648244],[-72.781528,41.648],[-72.78852,41.647625],[-72.789623,41.647553],[-72.790973,41.647491],[-72.79116,41.647484],[-72.79304,41.647357],[-72.794642,41.647213],[-72.796388,41.647201],[-72.800128,41.646781],[-72.806424,41.646256],[-72.809612,41.64605],[-72.814188,41.645706],[-72.814322,41.645699],[-72.817467,41.64513],[-72.818048,41.645025],[-72.818401,41.645018],[-72.819185,41.645004],[-72.819297,41.645256],[-72.819442,41.645579],[-72.819441,41.645806],[-72.819428,41.646101],[-72.820739,41.655715],[-72.822573,41.65571],[-72.82343,41.658779],[-72.824289,41.661853],[-72.82537,41.667341],[-72.825525,41.668273],[-72.825624,41.66849],[-72.825523,41.668711],[-72.825418,41.668938],[-72.825335,41.669244],[-72.823411,41.672568],[-72.821559,41.677691],[-72.819779,41.683104],[-72.815782,41.687114],[-72.815442,41.68782],[-72.825973,41.689433],[-72.832508,41.690434],[-72.835817,41.690879],[-72.842175,41.691908],[-72.843172,41.692073],[-72.844685,41.692324],[-72.848861,41.693041],[-72.85321,41.693792],[-72.855793,41.694162],[-72.856079,41.694223],[-72.863845,41.695429],[-72.869342,41.696522],[-72.877786,41.698095],[-72.881045,41.697898],[-72.886929,41.697158],[-72.886977,41.697151],[-72.892883,41.696693],[-72.892619,41.695727],[-72.89244,41.694891],[-72.892263,41.694141],[-72.891896,41.69254],[-72.891827,41.692229],[-72.891206,41.689002],[-72.890782,41.686846],[-72.890893,41.686831],[-72.890755,41.686161],[-72.890475,41.684773],[-72.89032,41.684057],[-72.889214,41.678075],[-72.89312,41.677824],[-72.896734,41.677654],[-72.896867,41.679278],[-72.897039,41.679966],[-72.89809,41.679801],[-72.900555,41.679452],[-72.900181,41.677374],[-72.901234,41.677262],[-72.900537,41.675989],[-72.900336,41.675628],[-72.898917,41.674054],[-72.898141,41.673787],[-72.898133,41.673738],[-72.904059,41.672753],[-72.905638,41.673885],[-72.910303,41.674043],[-72.912847,41.67367],[-72.912812,41.674215],[-72.913133,41.675077],[-72.913272,41.675277],[-72.913305,41.675404],[-72.911038,41.675551],[-72.907665,41.67577],[-72.906526,41.676644],[-72.906038,41.677225],[-72.90393,41.677568],[-72.90395,41.67799],[-72.903991,41.678832],[-72.906555,41.680604],[-72.907193,41.681465],[-72.907396,41.681738],[-72.907479,41.681852],[-72.90766,41.68207],[-72.907924,41.682381],[-72.908248,41.682885],[-72.909965,41.684326],[-72.912027,41.686352],[-72.913152,41.689707],[-72.912753,41.689799],[-72.912777,41.689847],[-72.913593,41.689764],[-72.914484,41.692167],[-72.914415,41.693296],[-72.91459,41.693461],[-72.91593,41.692961],[-72.916462,41.692796],[-72.9171,41.69256],[-72.91826,41.692167],[-72.919417,41.691757],[-72.920575,41.691344],[-72.921769,41.690954],[-72.922935,41.690668],[-72.924056,41.690398],[-72.924858,41.690207],[-72.925423,41.690087],[-72.9269,41.689719],[-72.927348,41.689618],[-72.928812,41.689184],[-72.928862,41.68917],[-72.930262,41.688683],[-72.933548,41.687568],[-72.935416,41.687282],[-72.936165,41.686947],[-72.936863,41.686414],[-72.939714,41.684204],[-72.940469,41.683651],[-72.941902,41.682636],[-72.942276,41.682259],[-72.943489,41.681419],[-72.94492,41.681235],[-72.946589,41.681292],[-72.947206,41.681306],[-72.949228,41.681579],[-72.94947,41.68062],[-72.95047,41.679634],[-72.950665,41.679166],[-72.950774,41.677254],[-72.950355,41.675626],[-72.950317,41.675457],[-72.950176,41.674768],[-72.950149,41.674663],[-72.951664,41.674551],[-72.953035,41.674455],[-72.955023,41.674324],[-72.955974,41.674436],[-72.956908,41.674449],[-72.956855,41.673525],[-72.956796,41.672515],[-72.95671,41.670814],[-72.958373,41.670567],[-72.961417,41.670437],[-72.962661,41.669033],[-72.962853,41.668615],[-72.963808,41.664458],[-72.963545,41.662504],[-72.962874,41.659666],[-72.962484,41.659523],[-72.963556,41.658856],[-72.966969,41.655206],[-72.966937,41.653117],[-72.965547,41.651157],[-72.964101,41.649039],[-72.963768,41.646729],[-72.963767,41.646632],[-72.963766,41.646341],[-72.963766,41.646244],[-72.963786,41.645642],[-72.963817,41.644767],[-72.963826,41.644659],[-72.963854,41.643837],[-72.963876,41.643236],[-72.963904,41.642377],[-72.963931,41.641318],[-72.965852,41.64104],[-72.971145,41.640499],[-72.972973,41.640461],[-72.976705,41.640132],[-72.979696,41.639834],[-72.982594,41.639645],[-72.98325,41.639598],[-73.003146,41.629083],[-73.004046,41.628577],[-73.007022,41.628325],[-73.021471,41.627104],[-73.020084,41.620709],[-73.01865,41.614097],[-73.034777,41.615134],[-73.036156,41.615197],[-73.050362,41.609748],[-73.058024,41.60674],[-73.059469,41.606179],[-73.059097,41.602243],[-73.059176,41.602566],[-73.0607,41.600811],[-73.060244,41.597368],[-73.06015,41.593484],[-73.059458,41.591605],[-73.05752,41.589228],[-73.05801,41.588647],[-73.058389,41.588625],[-73.061132,41.588536],[-73.064209,41.588491],[-73.069844,41.588112],[-73.074402,41.587749],[-73.077593,41.587499],[-73.077934,41.586719],[-73.078003,41.586571],[-73.078203,41.586145],[-73.078261,41.586166],[-73.080401,41.586711],[-73.082984,41.585565],[-73.083374,41.584905],[-73.085145,41.582108],[-73.085886,41.581041],[-73.085939,41.580952],[-73.086099,41.580684],[-73.086153,41.580596],[-73.086183,41.580563],[-73.086277,41.580464],[-73.086308,41.580432],[-73.086755,41.579592],[-73.087253,41.578796],[-73.087772,41.577959],[-73.088207,41.577107],[-73.088674,41.576327],[-73.089113,41.575654],[-73.089406,41.575211],[-73.092353,41.570496],[-73.093853,41.570196],[-73.098529,41.568976],[-73.1009,41.568361],[-73.114243,41.564907],[-73.116488,41.564288],[-73.118857,41.56377],[-73.127158,41.561695],[-73.129082,41.561293],[-73.129309,41.561245],[-73.129993,41.561102],[-73.130221,41.561055],[-73.130878,41.560917],[-73.137888,41.55941],[-73.145036,41.557822],[-73.163662,41.557088],[-73.164676,41.557088],[-73.162523,41.547083],[-73.160399,41.537013],[-73.160103,41.535972],[-73.160028,41.535497],[-73.159509,41.533171],[-73.159315,41.532391],[-73.158004,41.525964],[-73.157854,41.525049],[-73.156076,41.517883],[-73.155971,41.516671],[-73.155759,41.515613],[-73.15573,41.515279],[-73.155492,41.514304],[-73.15792,41.513966],[-73.170371,41.512587],[-73.174855,41.511994],[-73.1812,41.511288],[-73.182951,41.511092],[-73.183088,41.511074],[-73.183637,41.511012],[-73.18501,41.510853],[-73.204197,41.508527],[-73.20684,41.508803],[-73.211529,41.509311],[-73.219724,41.510225],[-73.229512,41.511375],[-73.239017,41.512594],[-73.242247,41.512952],[-73.242282,41.512955],[-73.242765,41.512985],[-73.246048,41.512774],[-73.249704,41.512451],[-73.252265,41.512134],[-73.254471,41.511999],[-73.272494,41.510051],[-73.283113,41.50887],[-73.299185,41.507046],[-73.301167,41.50678],[-73.30739,41.506064],[-73.317868,41.505271],[-73.318889,41.505189],[-73.320519,41.503981],[-73.321197,41.500727],[-73.323114,41.497903],[-73.325508,41.495306],[-73.326842,41.492703],[-73.324874,41.489567],[-73.326842,41.485967],[-73.327114,41.484527],[-73.323418,41.481631],[-73.322666,41.480767],[-73.321754,41.478303],[-73.320906,41.477007],[-73.315225,41.472175],[-73.312777,41.469935],[-73.310473,41.468815],[-73.312873,41.467415],[-73.321574,41.468815],[-73.326774,41.469515],[-73.331656,41.472729],[-73.336662,41.475695],[-73.340062,41.476695],[-73.347663,41.478095],[-73.349263,41.479395],[-73.35065,41.479791],[-73.358862,41.482094],[-73.364103,41.485282],[-73.369876,41.487189],[-73.375263,41.489194],[-73.375763,41.493094],[-73.376764,41.498994],[-73.378964,41.501894],[-73.381964,41.503594],[-73.387064,41.505194],[-73.388564,41.506494],[-73.387464,41.509094],[-73.384964,41.510994],[-73.385064,41.512494],[-73.386964,41.514794],[-73.388129,41.514295],[-73.391822,41.512976],[-73.39377,41.512327],[-73.394544,41.512008],[-73.402671,41.508998],[-73.411549,41.504923],[-73.411665,41.504894],[-73.412105,41.504579],[-73.414559,41.503496],[-73.417564,41.502052],[-73.417723,41.501987],[-73.419085,41.501438],[-73.425465,41.499294],[-73.430888,41.497919],[-73.435354,41.49514],[-73.437231,41.493976],[-73.437883,41.493515],[-73.438588,41.493061],[-73.439497,41.492529],[-73.439752,41.492401],[-73.441466,41.491294],[-73.44226,41.49561],[-73.442879,41.498978],[-73.444066,41.501794],[-73.443616,41.503681],[-73.444566,41.508894],[-73.445266,41.509494],[-73.442766,41.514094],[-73.445086,41.522574],[-73.44593,41.525254],[-73.450368,41.534678],[-73.454017,41.542687],[-73.455163,41.547195],[-73.456041,41.549124],[-73.461333,41.560719],[-73.467272,41.573588],[-73.469106,41.577743],[-73.474005,41.588341],[-73.479791,41.600798],[-73.481987,41.604974],[-73.488723,41.617886],[-73.488951,41.618433],[-73.49208,41.625102],[-73.495016,41.631785],[-73.49781,41.638145],[-73.497332,41.638215],[-73.496762,41.638514],[-73.49598,41.640395],[-73.496227,41.64081],[-73.496289,41.642498],[-73.494776,41.644009],[-73.492398,41.645143],[-73.491439,41.645512],[-73.490029,41.646414],[-73.488074,41.645648],[-73.486728,41.647053],[-73.484686,41.64743],[-73.487712,41.650382],[-73.49032,41.653278],[-73.49115,41.654606],[-73.491888,41.656014],[-73.4924,41.657582],[-73.493024,41.65915],[-73.493392,41.660302],[-73.493648,41.660862],[-73.494432,41.66131],[-73.494864,41.661214],[-73.496208,41.66019],[-73.496864,41.659582],[-73.497952,41.658893],[-73.498768,41.659053],[-73.501616,41.660637],[-73.503952,41.661773],[-73.505024,41.662525],[-73.506289,41.663325],[-73.506929,41.664029],[-73.506801,41.665181],[-73.506923,41.665802],[-73.510379,41.666498],[-73.514784,41.665886],[-73.51808,41.666723],[-73.519746,41.644587],[-73.520027,41.640979],[-73.520073,41.64001],[-73.521018,41.620261],[-73.521435,41.616612],[-73.523865,41.592675],[-73.526001,41.571918],[-73.526097,41.568541],[-73.527405,41.554352],[-73.527692,41.549951],[-73.528961,41.538158],[-73.529228,41.536248],[-73.530277,41.524838],[-73.530713,41.51996],[-73.532451,41.500511],[-73.532606,41.498729],[-73.532618,41.49858],[-73.532692,41.497651],[-73.533222,41.490463],[-73.533857,41.481755],[-73.533952,41.479379],[-73.53429,41.475898],[-73.534367,41.475358],[-73.534532,41.473297],[-73.534615,41.472236],[-73.534751,41.470663],[-73.534807,41.470096],[-73.534969,41.467807],[-73.535049,41.467044],[-73.535221,41.464525],[-73.535269,41.464094],[-73.535269,41.463494],[-73.535354,41.462814],[-73.535408,41.462064],[-73.535606,41.459587],[-73.535892,41.455035],[-73.536,41.452803],[-73.536064,41.45019],[-73.536105,41.449635],[-73.536287,41.447213],[-73.536406,41.446066],[-73.537093,41.439706],[-73.535583,41.440724],[-73.532706,41.441259],[-73.5302,41.441827],[-73.521216,41.443994],[-73.519214,41.443868],[-73.517332,41.444239],[-73.514936,41.444007],[-73.512193,41.444471],[-73.50854,41.444554],[-73.506531,41.442629],[-73.50355,41.44153],[-73.50174,41.441378],[-73.499391,41.439586],[-73.499084,41.438386],[-73.498645,41.43782],[-73.498389,41.437525],[-73.494872,41.437117],[-73.491853,41.435963],[-73.487202,41.434479],[-73.486094,41.434482],[-73.485142,41.434465],[-73.482202,41.432536],[-73.481482,41.43099],[-73.479618,41.430212],[-73.477283,41.428647],[-73.474932,41.426301],[-73.472829,41.424693],[-73.471722,41.423559],[-73.468963,41.421934],[-73.467717,41.420032],[-73.463305,41.417615],[-73.460951,41.41574],[-73.458736,41.413847],[-73.456458,41.412057],[-73.456029,41.411841],[-73.453998,41.412711],[-73.453942,41.412741],[-73.450859,41.413789],[-73.450878,41.414429],[-73.450907,41.416021],[-73.450994,41.416568],[-73.452613,41.417717],[-73.454063,41.419899],[-73.455043,41.421329],[-73.453774,41.422306],[-73.452268,41.423697],[-73.449837,41.424554],[-73.449053,41.42686],[-73.448055,41.427833],[-73.445585,41.426478],[-73.44407,41.426112],[-73.440608,41.427888],[-73.440082,41.427335],[-73.439655,41.426496],[-73.4396,41.424696],[-73.44052,41.423563],[-73.440249,41.421194],[-73.439588,41.420114],[-73.439389,41.419938],[-73.437715,41.41905],[-73.435541,41.417873],[-73.437311,41.415329],[-73.437347,41.414953],[-73.43738,41.414738],[-73.437327,41.414187],[-73.43633,41.412803],[-73.436013,41.412564],[-73.435603,41.410623],[-73.436087,41.409078],[-73.436514,41.40879],[-73.437034,41.408149],[-73.437338,41.408735],[-73.437668,41.409334],[-73.43936,41.408992],[-73.440293,41.408166],[-73.441475,41.407766],[-73.442649,41.407382],[-73.443817,41.406971],[-73.444965,41.406583],[-73.44611,41.406203],[-73.447955,41.405577],[-73.447447,41.404827],[-73.447608,41.403683],[-73.447557,41.403318],[-73.446743,41.402088],[-73.444821,41.402361],[-73.444266,41.402532],[-73.443292,41.402996],[-73.442401,41.403478],[-73.441634,41.402523],[-73.43665,41.403688],[-73.436112,41.402843],[-73.436536,41.402705],[-73.437665,41.402398],[-73.439137,41.401857],[-73.438179,41.40028],[-73.437715,41.399516],[-73.436805,41.399524],[-73.435644,41.399487],[-73.434867,41.399928],[-73.43023,41.403913],[-73.429566,41.405361],[-73.42965,41.406661],[-73.429296,41.408055],[-73.427166,41.411091],[-73.42505,41.413158],[-73.421146,41.41695],[-73.420854,41.417253],[-73.420615,41.417146],[-73.420312,41.417017],[-73.417856,41.415856],[-73.415166,41.414476],[-73.414438,41.414174],[-73.413177,41.413864],[-73.412396,41.413753],[-73.411249,41.413716],[-73.410243,41.413807],[-73.407796,41.414504],[-73.406019,41.415442],[-73.405807,41.414773],[-73.405021,41.412441],[-73.403449,41.409311],[-73.402114,41.405598],[-73.400825,41.403449],[-73.401176,41.402854],[-73.404086,41.402689],[-73.404982,41.402638],[-73.404811,41.401084],[-73.4067,41.398823],[-73.40662,41.398087],[-73.407838,41.397149],[-73.407293,41.395742],[-73.406417,41.395752],[-73.403339,41.396239],[-73.402125,41.394876],[-73.399504,41.39341],[-73.39827,41.392259],[-73.398401,41.390784],[-73.398748,41.390306],[-73.397045,41.390471],[-73.393491,41.390283],[-73.395951,41.388526],[-73.397297,41.386985],[-73.398264,41.386038],[-73.398343,41.38594],[-73.398671,41.385535],[-73.399108,41.384666],[-73.401187,41.381444],[-73.403527,41.379085],[-73.405175,41.378208],[-73.406452,41.37467],[-73.406978,41.373859],[-73.407603,41.373264],[-73.407746,41.373051],[-73.407433,41.371748],[-73.407368,41.371223],[-73.40582,41.368597],[-73.403992,41.366981],[-73.403733,41.366744],[-73.403719,41.366731],[-73.403557,41.366547],[-73.403534,41.366516],[-73.403467,41.366426],[-73.403445,41.366396],[-73.401188,41.360247],[-73.400891,41.358306],[-73.399048,41.355076],[-73.396819,41.351061],[-73.396283,41.34954],[-73.394625,41.347519],[-73.394313,41.347134],[-73.394551,41.342098],[-73.394296,41.340413],[-73.393084,41.340687],[-73.381858,41.342901],[-73.381716,41.342924],[-73.380747,41.343198],[-73.371634,41.344876],[-73.365754,41.345956],[-73.360014,41.346965],[-73.359714,41.347011],[-73.347055,41.350426],[-73.344682,41.344916],[-73.342788,41.340479],[-73.339014,41.331643],[-73.334846,41.321868],[-73.333337,41.318343],[-73.326294,41.321958],[-73.325287,41.322474],[-73.320372,41.315387],[-73.318692,41.313905],[-73.319074,41.313279],[-73.317935,41.311928],[-73.315997,41.31092],[-73.31547,41.308429],[-73.314218,41.308199],[-73.313349,41.307266],[-73.312742,41.306429],[-73.310211,41.303925],[-73.305871,41.298897],[-73.304798,41.297764],[-73.309872,41.295981],[-73.316486,41.293956],[-73.318819,41.293157],[-73.326065,41.290594],[-73.327644,41.290159],[-73.33115,41.288909],[-73.337293,41.286646],[-73.342143,41.284769],[-73.350795,41.281759],[-73.368811,41.274975],[-73.363393,41.268831],[-73.36166,41.267359],[-73.360954,41.26636],[-73.347528,41.251965],[-73.341432,41.245625],[-73.336789,41.240163],[-73.335873,41.238804],[-73.333892,41.23582],[-73.331364,41.233466],[-73.328778,41.230678],[-73.327344,41.229128],[-73.32581,41.227228],[-73.326701,41.225936],[-73.325845,41.224659],[-73.32483,41.224471],[-73.323638,41.222221],[-73.324902,41.220519],[-73.325916,41.218151],[-73.325674,41.216213],[-73.327916,41.214045],[-73.329014,41.213425],[-73.3301,41.210612],[-73.328908,41.210003],[-73.330735,41.208318],[-73.331844,41.205859],[-73.332359,41.204019],[-73.333296,41.202855],[-73.332987,41.201091],[-73.333573,41.198706],[-73.335159,41.198033],[-73.337707,41.196832],[-73.338457,41.194539],[-73.337439,41.193152],[-73.335789,41.191009],[-73.333739,41.188223],[-73.332003,41.185768],[-73.328272,41.180516],[-73.328113,41.180329],[-73.32441,41.175477],[-73.323343,41.173796],[-73.323295,41.17372],[-73.32227,41.172457],[-73.319906,41.169313],[-73.319074,41.168207],[-73.318332,41.167258],[-73.317944,41.166726],[-73.313913,41.161164],[-73.311724,41.158193],[-73.310004,41.155782],[-73.307401,41.152333],[-73.306937,41.15233],[-73.306021,41.152769],[-73.303091,41.154551],[-73.301861,41.15559],[-73.299391,41.157341],[-73.294858,41.160496],[-73.290711,41.161828],[-73.28808,41.162373],[-73.288006,41.162368],[-73.286181,41.161908],[-73.285616,41.162235],[-73.284048,41.162935],[-73.282223,41.16384],[-73.279454,41.166712],[-73.278923,41.168142],[-73.277591,41.169831],[-73.277328,41.171089],[-73.275919,41.172083],[-73.275119,41.172421],[-73.272672,41.173328],[-73.269159,41.174696],[-73.269123,41.1748],[-73.265619,41.177678],[-73.265919,41.178886],[-73.267578,41.180331],[-73.270964,41.182655],[-73.27153,41.185869],[-73.27266,41.187303],[-73.273188,41.187826],[-73.273832,41.188829],[-73.275604,41.190917],[-73.274468,41.1928],[-73.272009,41.194444],[-73.274234,41.197088],[-73.272949,41.198202],[-73.26935,41.202385],[-73.270392,41.202975],[-73.269244,41.204249],[-73.264612,41.20809],[-73.262311,41.211165],[-73.262374,41.211197],[-73.263182,41.211558],[-73.262098,41.212876],[-73.260405,41.215234],[-73.260191,41.21543],[-73.259912,41.216644],[-73.257992,41.217686],[-73.256559,41.219296],[-73.255651,41.22219],[-73.253641,41.225741],[-73.25256,41.226665],[-73.251248,41.229705],[-73.251393,41.230287],[-73.249557,41.231892],[-73.248556,41.231977],[-73.247782,41.231117],[-73.246154,41.229183],[-73.245489,41.228117],[-73.245457,41.228064],[-73.244168,41.226592],[-73.24034,41.226898],[-73.238243,41.227108],[-73.237429,41.227171],[-73.235258,41.227266],[-73.232182,41.227292],[-73.226533,41.227538],[-73.225193,41.227378],[-73.223555,41.227494],[-73.222922,41.227498],[-73.221662,41.2276],[-73.221402,41.227619],[-73.220624,41.227677],[-73.220365,41.227697],[-73.219125,41.227802],[-73.216416,41.228051],[-73.212438,41.228466],[-73.210851,41.228212],[-73.207293,41.22775],[-73.205002,41.22859],[-73.20315,41.229197],[-73.20149,41.229616],[-73.201072,41.228295],[-73.196346,41.227693],[-73.195241,41.227254],[-73.192151,41.225775],[-73.190857,41.225032],[-73.190407,41.226103],[-73.188315,41.22754],[-73.186802,41.2277],[-73.185205,41.227251],[-73.184618,41.22717],[-73.181321,41.226879],[-73.183719,41.226172],[-73.184161,41.226042],[-73.184513,41.225939],[-73.183182,41.223695],[-73.18532,41.223678],[-73.190748,41.224182],[-73.19059,41.223457],[-73.190421,41.223257],[-73.189449,41.222172],[-73.189262,41.221974],[-73.187202,41.221015],[-73.187271,41.220526],[-73.186295,41.220531],[-73.185366,41.220577],[-73.184482,41.220608],[-73.183751,41.220657],[-73.18354,41.220677],[-73.182598,41.220902],[-73.181919,41.22126],[-73.18088,41.221818],[-73.17978,41.221893],[-73.17884,41.221975],[-73.178634,41.222024],[-73.178484,41.222059],[-73.177264,41.222342],[-73.171201,41.222569],[-73.169545,41.222764],[-73.167065,41.224254],[-73.164684,41.225647],[-73.163248,41.226164],[-73.162278,41.226569],[-73.16091,41.227124],[-73.160255,41.227374],[-73.15829,41.228126],[-73.157636,41.228377],[-73.15766,41.228331],[-73.157666,41.228322],[-73.157724,41.22819],[-73.157745,41.228143],[-73.15891,41.226338],[-73.16055,41.225308],[-73.161272,41.224212],[-73.161503,41.22349],[-73.161803,41.222595],[-73.162827,41.220225],[-73.161944,41.217572],[-73.160014,41.211675],[-73.158926,41.20786],[-73.157988,41.20543],[-73.15756,41.205505],[-73.157554,41.206495],[-73.156006,41.207247],[-73.156247,41.209367],[-73.155405,41.211134],[-73.154041,41.212499],[-73.151621,41.210453],[-73.151234,41.209523],[-73.150336,41.207806],[-73.149962,41.20719],[-73.148968,41.207512],[-73.148072,41.207792],[-73.147893,41.207835],[-73.146496,41.208176],[-73.146229,41.208225],[-73.14499,41.208427],[-73.144643,41.208476],[-73.143347,41.208741],[-73.143366,41.208838],[-73.143531,41.20972],[-73.143679,41.210422],[-73.143811,41.210841],[-73.144974,41.212122],[-73.14565,41.213355],[-73.145924,41.214408],[-73.146119,41.215087],[-73.146327,41.215595],[-73.142898,41.216908],[-73.141102,41.216903],[-73.140484,41.216853],[-73.140383,41.216179],[-73.136495,41.216916],[-73.134283,41.217314],[-73.134534,41.217936],[-73.134597,41.218803],[-73.134636,41.219273],[-73.134664,41.220665],[-73.130883,41.221134],[-73.131045,41.221923],[-73.12808,41.222677],[-73.128026,41.222209],[-73.127725,41.220705],[-73.123505,41.22063],[-73.123244,41.218144],[-73.122948,41.218272],[-73.121175,41.218888],[-73.119634,41.219079],[-73.117703,41.220889],[-73.117388,41.221909],[-73.115369,41.223682],[-73.114289,41.225373],[-73.11381,41.22539],[-73.110453,41.225296],[-73.109353,41.221096],[-73.108353,41.218296],[-73.110253,41.213996],[-73.11034,41.213294],[-73.110653,41.210796],[-73.110653,41.207797],[-73.109553,41.205297],[-73.109476,41.204914],[-73.109453,41.204797],[-73.109653,41.201997],[-73.110572,41.20027],[-73.113077,41.19672],[-73.116233,41.192586],[-73.109047,41.190188],[-73.107685,41.189861],[-73.104828,41.191772],[-73.101849,41.193183],[-73.100128,41.196911],[-73.098152,41.197127],[-73.097145,41.197913],[-73.095712,41.198921],[-73.095769,41.199964],[-73.092969,41.202439],[-73.09052,41.204834],[-73.089968,41.206492],[-73.08991,41.206657],[-73.08845,41.209034],[-73.087309,41.209962],[-73.087884,41.210736],[-73.087933,41.210959],[-73.085289,41.211651],[-73.082733,41.212354],[-73.076548,41.215214],[-73.068926,41.217587],[-73.065039,41.219347],[-73.065424,41.219784],[-73.065531,41.220542],[-73.065513,41.220676],[-73.065534,41.221082],[-73.067825,41.223493],[-73.068091,41.223404],[-73.068916,41.223531],[-73.069821,41.226215],[-73.070891,41.226061],[-73.068724,41.228269],[-73.067257,41.229064],[-73.06693,41.228764],[-73.064006,41.226452],[-73.063972,41.226482],[-73.063075,41.226996],[-73.064413,41.228122],[-73.063941,41.229577],[-73.064062,41.229569],[-73.064232,41.230599],[-73.064036,41.230698],[-73.06409,41.230956],[-73.063967,41.231551],[-73.062804,41.233529],[-73.061634,41.234895],[-73.061407,41.235268],[-73.060022,41.234822],[-73.058836,41.234491],[-73.06048,41.233254],[-73.059396,41.232235],[-73.057687,41.232421],[-73.056992,41.230546],[-73.057694,41.228807],[-73.058247,41.226518],[-73.057697,41.226457],[-73.056987,41.225684],[-73.057122,41.225487],[-73.055693,41.223673],[-73.05558,41.222735],[-73.055428,41.222073],[-73.054306,41.220318],[-73.0541,41.215099],[-73.051117,41.212452],[-73.04911,41.211464],[-73.048941,41.210346],[-73.048099,41.210045],[-73.04605,41.209819],[-73.044829,41.208963],[-73.039663,41.20333],[-73.037941,41.201814],[-73.037686,41.203192],[-73.036812,41.204484],[-73.034531,41.201951],[-73.031149,41.198197],[-73.02696,41.198179],[-73.02873,41.204405],[-73.022529,41.204579],[-73.021689,41.204604],[-73.020274,41.204796],[-73.020443,41.206524],[-73.020257,41.206689],[-73.020287,41.207056],[-73.020413,41.209331],[-73.020085,41.211287],[-73.018263,41.213073],[-73.01785,41.215045],[-73.01809,41.215194],[-73.018868,41.215705],[-73.020176,41.216356],[-73.017616,41.219482],[-73.018355,41.220219],[-73.017553,41.220902],[-73.017524,41.220881],[-73.016327,41.221566],[-73.014775,41.222474],[-73.014542,41.223313],[-73.012716,41.225234],[-73.012478,41.226614],[-73.011419,41.227039],[-73.011711,41.227825],[-73.011373,41.229883],[-73.010047,41.233478],[-73.010199,41.233575],[-73.011034,41.234951],[-73.011891,41.236418],[-73.012955,41.236638],[-73.013377,41.236741],[-73.014187,41.236963],[-73.0194,41.236555],[-73.022081,41.2379],[-73.022531,41.238311],[-73.018934,41.240112],[-73.014533,41.242877],[-73.006448,41.248121],[-73.000617,41.246683],[-72.998729,41.246362],[-72.998621,41.246338],[-72.998111,41.246202],[-72.995014,41.245711],[-72.992051,41.244909],[-72.993548,41.244171],[-72.994634,41.241692],[-72.993146,41.240991],[-72.993228,41.240255],[-72.992127,41.239001],[-72.993232,41.237386],[-72.992639,41.236552],[-72.992615,41.234206],[-72.99028,41.234737],[-72.986904,41.235535],[-72.986721,41.235425],[-72.984234,41.233794],[-72.982117,41.232407],[-72.979047,41.230397],[-72.970426,41.224869],[-72.96086,41.218409],[-72.961803,41.239105],[-72.960447,41.241297],[-72.960131,41.24941],[-72.960125,41.249576],[-72.960011,41.25257],[-72.959922,41.253412],[-72.961545,41.252546],[-72.962967,41.251021],[-72.963289,41.251199],[-72.96438,41.25181],[-72.966349,41.252921],[-72.969559,41.25471],[-72.969154,41.25533],[-72.968659,41.255879],[-72.969943,41.256593],[-72.973904,41.252486],[-72.978493,41.25475],[-72.97912,41.255039],[-72.980233,41.255657],[-72.98151,41.256414],[-72.982733,41.257018],[-72.981174,41.25864],[-72.980148,41.259039],[-72.976608,41.261787],[-72.976123,41.263182],[-72.97309,41.26518],[-72.974096,41.265618],[-72.975502,41.266902],[-72.975844,41.267212],[-72.975969,41.267344],[-72.97722,41.268621],[-72.979406,41.268343],[-72.981545,41.269575],[-72.983348,41.27086],[-72.985334,41.272232],[-72.985636,41.272458],[-72.986468,41.273049],[-72.979943,41.279192],[-72.980878,41.279864],[-72.981533,41.280295],[-72.982243,41.280792],[-72.982985,41.28129],[-72.984035,41.280599],[-72.985648,41.280456],[-72.986908,41.281159],[-72.987148,41.282447],[-72.986188,41.285737],[-72.987302,41.288249],[-72.985988,41.290278],[-72.98573,41.291989],[-72.984268,41.30179],[-72.984437,41.30216],[-72.984502,41.302364],[-72.98613,41.306187],[-72.989148,41.313297],[-72.998048,41.314097],[-73.000697,41.312623],[-73.002624,41.312024],[-73.007599,41.31069],[-73.008764,41.31041],[-73.013074,41.310319],[-73.016482,41.310826],[-73.020627,41.311095],[-73.023159,41.311363],[-73.028064,41.311879],[-73.029937,41.31219],[-73.033576,41.313129],[-73.040707,41.313891],[-73.040529,41.317182],[-73.039141,41.326654],[-73.038934,41.32801],[-73.039981,41.332357],[-73.041072,41.335293],[-73.041193,41.335632],[-73.041881,41.337578],[-73.042788,41.338759],[-73.043843,41.341577],[-73.043718,41.34232],[-73.046334,41.346078],[-73.046445,41.352086],[-73.047162,41.360531],[-73.04907,41.381053],[-73.048885,41.383888],[-73.0483,41.390459],[-73.047608,41.395611],[-73.047543,41.395834],[-73.046865,41.395205],[-73.043643,41.394979],[-73.042848,41.395649],[-73.041593,41.395064],[-73.04029,41.393716],[-73.039146,41.393535],[-73.037798,41.391701],[-73.036985,41.391369],[-73.034255,41.391788],[-73.032594,41.390026],[-73.031388,41.389345],[-73.029982,41.388507],[-73.023217,41.388956],[-73.010559,41.389796],[-73.005106,41.390182],[-73.000623,41.390499],[-73.00056,41.390504],[-72.988205,41.391547],[-72.982992,41.391915],[-72.981462,41.392011],[-72.97245,41.392783],[-72.965604,41.393608],[-72.965386,41.393527],[-72.961682,41.3939],[-72.954873,41.394475],[-72.953622,41.395548],[-72.95291,41.396946],[-72.95352,41.399743],[-72.944732,41.40623],[-72.942564,41.407128],[-72.94041,41.407816],[-72.93893,41.408584],[-72.940152,41.411224],[-72.949732,41.417517],[-72.95256,41.419374],[-72.950713,41.427813],[-72.955248,41.428925],[-72.96158,41.432434],[-72.963487,41.437542],[-72.962692,41.43873],[-72.963238,41.439405],[-72.958914,41.443893],[-72.95792,41.445198],[-72.957824,41.446603],[-72.958139,41.448837],[-72.957148,41.450097],[-72.952548,41.452897],[-72.951448,41.454397],[-72.949048,41.455797],[-72.947448,41.460097],[-72.948048,41.464097],[-72.952392,41.464589],[-72.951845,41.465522],[-72.951201,41.467303],[-72.950068,41.469119],[-72.949956,41.471754],[-72.9491,41.472907],[-72.948124,41.476325],[-72.94725,41.478222],[-72.944744,41.47891],[-72.944118,41.480153],[-72.94434,41.481582],[-72.943735,41.483272],[-72.944044,41.484391],[-72.943566,41.487458],[-72.95277,41.489912],[-72.954161,41.486333],[-72.954322,41.485213],[-72.958048,41.47902],[-72.958413,41.478535],[-72.958727,41.478122],[-72.960961,41.474906],[-72.961624,41.475072],[-72.961217,41.476367],[-72.963073,41.478556],[-72.962859,41.47927],[-72.963978,41.480126],[-72.965762,41.480507],[-72.965001,41.483458],[-72.966904,41.484338],[-72.966314,41.485592],[-72.970503,41.484324],[-72.971301,41.483589],[-72.974692,41.491514],[-72.975932,41.495375],[-72.976016,41.495592],[-72.977068,41.498314],[-72.977156,41.498434],[-72.979036,41.500853],[-72.979063,41.502661],[-72.979066,41.50382],[-72.981042,41.507575],[-72.983382,41.511303],[-72.985632,41.514318],[-72.987751,41.516359],[-72.988706,41.517222],[-72.990292,41.518685],[-72.993425,41.521737],[-72.995862,41.524428],[-72.998,41.525544],[-72.999551,41.525927],[-73.00215,41.524754],[-73.003832,41.524233],[-73.005085,41.523693],[-73.01131,41.522156],[-73.015127,41.520825],[-73.01817,41.519834],[-73.018419,41.519789],[-73.019201,41.519409],[-73.020356,41.519417],[-73.022453,41.519001]]]]}},{"type":"Feature","properties":{"id":2,"NAME":"2","TotalPop":681499,"PopDevPct":-0.05503386,"DemPct":0.48684085,"RepPct":0.49666092,"WhitePct":0.84846972,"MinorityPct":0.15153028,"BlackPct":0.03520003,"HispanicPct":0.05398965,"PacificPct":0.00105844,"AsianPct":0.03859214,"NativePct":0.01701341,"TotalVAP":548920,"Margin":-0.01315915,"color":"#ffd1d1","opacity":"0.5"},"geometry":{"type":"MultiPolygon","coordinates":[[[[-72.04612,41.555998],[-72.04632,41.554898],[-72.04562,41.550598],[-72.04582,41.549298],[-72.04672,41.548098],[-72.04892,41.546298],[-72.050264,41.541802],[-72.049467,41.541598],[-72.047568,41.541031],[-72.045649,41.540565],[-72.045066,41.540563],[-72.045833,41.538682],[-72.046904,41.535165],[-72.045951,41.534532],[-72.044318,41.533505],[-72.04412,41.532927],[-72.04352,41.532508],[-72.040917,41.531396],[-72.040317,41.531096],[-72.047389,41.522763],[-72.049817,41.519901],[-72.051902,41.517442],[-72.056415,41.513797],[-72.058641,41.512078],[-72.067703,41.517534],[-72.068114,41.515908],[-72.069416,41.508991],[-72.071721,41.497898],[-72.07203,41.494002],[-72.072871,41.491819],[-72.073389,41.491755],[-72.074611,41.491429],[-72.075497,41.4912],[-72.077572,41.490684],[-72.077824,41.4907],[-72.07802,41.490706],[-72.08102,41.492099],[-72.080498,41.489174],[-72.077613,41.485086],[-72.074425,41.481808],[-72.073424,41.478388],[-72.073624,41.474968],[-72.072823,41.473056],[-72.071323,41.471143],[-72.070622,41.469332],[-72.069921,41.465811],[-72.070021,41.463598],[-72.066348,41.465269],[-72.064915,41.465696],[-72.063104,41.467491],[-72.060282,41.471482],[-72.058092,41.473586],[-72.058711,41.478294],[-72.058417,41.479896],[-72.0571,41.48169],[-72.05507,41.483645],[-72.050076,41.484942],[-72.046728,41.485223],[-72.043784,41.485006],[-72.042565,41.484599],[-72.042005,41.484557],[-72.039924,41.484449],[-72.039673,41.48289],[-72.033628,41.484772],[-72.031849,41.484493],[-72.026571,41.483546],[-72.023631,41.483101],[-72.018747,41.48388],[-72.011711,41.4844],[-72.008137,41.484598],[-72.005915,41.484797],[-71.993502,41.485301],[-71.986085,41.485698],[-71.98363,41.485812],[-71.981008,41.486017],[-71.974219,41.486301],[-71.97141,41.486495],[-71.97121,41.486509],[-71.956618,41.487398],[-71.951405,41.470676],[-71.951376,41.470583],[-71.951219,41.470092],[-71.951162,41.469933],[-71.949829,41.466237],[-71.947897,41.460051],[-71.947439,41.458217],[-71.948152,41.456792],[-71.948659,41.453919],[-71.948848,41.452199],[-71.949352,41.449221],[-71.947055,41.446391],[-71.946609,41.443355],[-71.94583,41.441674],[-71.944041,41.441244],[-71.942893,41.441379],[-71.942413,41.440037],[-71.943361,41.438054],[-71.943612,41.437702],[-71.942573,41.434795],[-71.94327,41.433646],[-71.927805,41.42955],[-71.923452,41.428416],[-71.906058,41.423884],[-71.900738,41.422543],[-71.893545,41.420731],[-71.891015,41.420099],[-71.889873,41.419786],[-71.875299,41.416036],[-71.868238,41.414198],[-71.867877,41.414118],[-71.855884,41.411642],[-71.855511,41.411556],[-71.848961,41.409777],[-71.844776,41.408839],[-71.842488,41.408714],[-71.842029,41.410706],[-71.839258,41.41239],[-71.835797,41.412232],[-71.834107,41.411582],[-71.830628,41.41318],[-71.827902,41.414334],[-71.825384,41.414687],[-71.824384,41.415461],[-71.823418,41.41747],[-71.82033,41.419382],[-71.816904,41.419927],[-71.8129,41.419404],[-71.8105,41.418521],[-71.806812,41.416673],[-71.803684,41.417428],[-71.801726,41.415658],[-71.799513,41.415838],[-71.797747,41.416834],[-71.797287,41.426399],[-71.79688,41.437294],[-71.796681,41.442202],[-71.796669,41.442494],[-71.796645,41.443086],[-71.796468,41.44735],[-71.796388,41.449255],[-71.795647,41.459984],[-71.795415,41.463938],[-71.794679,41.476855],[-71.79366,41.495921],[-71.79316,41.505704],[-71.792405,41.522251],[-71.792206,41.526783],[-71.791138,41.553021],[-71.790972,41.561451],[-71.790432,41.571986],[-71.789995,41.582071],[-71.789984,41.582331],[-71.789462,41.594328],[-71.789247,41.596847],[-71.789044,41.603521],[-71.788213,41.621017],[-71.787997,41.628915],[-71.787993,41.629059],[-71.787984,41.629347],[-71.787922,41.631616],[-71.787846,41.63445],[-71.787755,41.637098],[-71.787658,41.639918],[-71.787549,41.644216],[-71.787239,41.656111],[-71.787843,41.669817],[-71.788577,41.691526],[-71.788804,41.698336],[-71.789565,41.720552],[-71.789768,41.731556],[-71.790016,41.738876],[-71.790089,41.740991],[-71.790323,41.747792],[-71.790554,41.750117],[-71.791066,41.77018],[-71.791254,41.774497],[-71.79194,41.789614],[-71.791919,41.790715],[-71.792079,41.795076],[-71.792135,41.795624],[-71.792593,41.804016],[-71.792894,41.812521],[-71.793114,41.814658],[-71.793161,41.817169],[-71.793689,41.830686],[-71.794134,41.840008],[-71.794179,41.841639],[-71.794474,41.849159],[-71.794906,41.858805],[-71.794941,41.859475],[-71.795286,41.865713],[-71.795356,41.867126],[-71.795863,41.877688],[-71.796522,41.895288],[-71.796566,41.89714],[-71.796698,41.899921],[-71.796828,41.904446],[-71.797105,41.912231],[-71.797262,41.916247],[-71.797299,41.916891],[-71.797726,41.927446],[-71.797894,41.932364],[-71.798014,41.941627],[-71.798302,41.96058],[-71.798549,41.970427],[-71.798646,41.976912],[-71.798763,41.985147],[-71.799192,42.004051],[-71.799188,42.008053],[-71.799488,42.012378],[-71.799707,42.015593],[-71.800489,42.022053],[-71.800671,42.023514],[-71.802592,42.023535],[-71.830625,42.023835],[-71.832299,42.023852],[-71.833414,42.023865],[-71.837612,42.023908],[-71.839298,42.023927],[-71.841647,42.023943],[-71.842567,42.023955],[-71.845712,42.023994],[-71.853358,42.024073],[-71.860398,42.024146],[-71.860908,42.024154],[-71.865951,42.024205],[-71.871423,42.02426],[-71.877396,42.024322],[-71.88288,42.024376],[-71.883739,42.02439],[-71.884039,42.024395],[-71.888025,42.024435],[-71.90109,42.024562],[-71.903251,42.024584],[-71.920885,42.02507],[-71.928892,42.025287],[-71.937906,42.025536],[-71.939917,42.025584],[-71.944419,42.025715],[-71.946531,42.025772],[-71.954317,42.025984],[-71.958313,42.026092],[-71.958759,42.026105],[-71.96302,42.026221],[-71.971337,42.026446],[-71.987648,42.026883],[-72.010044,42.027087],[-72.028028,42.027244],[-72.034578,42.027304],[-72.044769,42.027395],[-72.052868,42.027467],[-72.059374,42.027522],[-72.071826,42.027637],[-72.10217,42.028869],[-72.126135,42.029837],[-72.135125,42.030198],[-72.136229,42.030242],[-72.136841,42.030267],[-72.143228,42.030522],[-72.144007,42.03053],[-72.144899,42.030538],[-72.145819,42.030547],[-72.148332,42.030569],[-72.150086,42.030586],[-72.174082,42.030805],[-72.198917,42.031022],[-72.205081,42.031069],[-72.212578,42.031114],[-72.226886,42.031261],[-72.241292,42.031374],[-72.278933,42.031684],[-72.291561,42.031786],[-72.299927,42.031852],[-72.30563,42.031898],[-72.321266,42.032022],[-72.321821,42.032027],[-72.338849,42.032161],[-72.353705,42.032558],[-72.355036,42.032572],[-72.365592,42.032682],[-72.389249,42.032926],[-72.391907,42.032954],[-72.397434,42.033069],[-72.418775,42.03351],[-72.435678,42.033858],[-72.441491,42.033981],[-72.460119,42.034357],[-72.469559,42.034318],[-72.479759,42.034269],[-72.492319,42.034215],[-72.509233,42.034376],[-72.517152,42.034448],[-72.520118,42.034473],[-72.524589,42.034514],[-72.527979,42.034544],[-72.531549,42.034578],[-72.553077,42.032243],[-72.56099,42.03143],[-72.572778,42.030219],[-72.574113,42.02944],[-72.575869,42.028416],[-72.580733,42.025573],[-72.581394,42.025192],[-72.582972,42.024756],[-72.583951,42.024774],[-72.587325,42.024837],[-72.589691,42.024878],[-72.589876,42.024882],[-72.600912,42.025082],[-72.604381,42.025136],[-72.606959,42.025147],[-72.607169,42.025148],[-72.607978,42.031083],[-72.611006,42.031071],[-72.616902,42.031238],[-72.618123,42.03128],[-72.636976,42.031933],[-72.640191,42.032048],[-72.663237,42.03426],[-72.673032,42.035195],[-72.678336,42.03555],[-72.686052,42.036065],[-72.699405,42.036957],[-72.700343,42.036952],[-72.71094,42.036922],[-72.713377,42.036914],[-72.715883,42.036547],[-72.719281,42.03653],[-72.751666,42.03637],[-72.755894,42.036349],[-72.756046,42.034943],[-72.757301,42.033381],[-72.754641,42.032595],[-72.752553,42.031249],[-72.751905,42.029824],[-72.752598,42.028238],[-72.753842,42.027258],[-72.754536,42.02576],[-72.75578,42.024732],[-72.757156,42.021114],[-72.759232,42.021078],[-72.759434,42.022163],[-72.761411,42.022713],[-72.763487,42.021184],[-72.765145,42.022434],[-72.764544,42.020751],[-72.765741,42.019502],[-72.764739,42.019947],[-72.76372,42.019893],[-72.762883,42.019636],[-72.762453,42.018222],[-72.762018,42.017696],[-72.761335,42.017291],[-72.760557,42.017073],[-72.760068,42.017315],[-72.759826,42.016944],[-72.760005,42.016385],[-72.759402,42.016242],[-72.75895,42.015469],[-72.759175,42.015272],[-72.759704,42.01521],[-72.760624,42.01569],[-72.760813,42.015447],[-72.761004,42.014704],[-72.7616,42.014278],[-72.76219,42.01407],[-72.762977,42.013466],[-72.763072,42.013277],[-72.763066,42.011983],[-72.762543,42.011458],[-72.762062,42.010343],[-72.761363,42.00971],[-72.761501,42.009302],[-72.761831,42.009048],[-72.762976,42.008545],[-72.763989,42.008404],[-72.764874,42.008371],[-72.765497,42.008211],[-72.766253,42.007871],[-72.766411,42.006361],[-72.766733,42.003266],[-72.771347,42.002755],[-72.774691,42.002385],[-72.784904,42.001252],[-72.794866,42.00015],[-72.808585,41.998628],[-72.812997,41.998136],[-72.817053,41.997685],[-72.813784,42.036744],[-72.824353,42.036912],[-72.827408,42.03696],[-72.84752,42.037276],[-72.862517,42.03751],[-72.86364,42.037528],[-72.872302,42.037487],[-72.874505,42.037682],[-72.882852,42.037729],[-72.889672,42.037766],[-72.924231,42.037949],[-72.939641,42.038032],[-72.966222,42.038169],[-72.979038,42.038237],[-73.008766,42.038785],[-73.036131,42.039281],[-73.050026,42.039716],[-73.055145,42.039915],[-73.055951,42.039936],[-73.060642,42.040043],[-73.103952,42.041405],[-73.119931,42.041902],[-73.127228,42.042127],[-73.1306,42.042231],[-73.13537,42.042379],[-73.154003,42.042887],[-73.205478,42.044308],[-73.223975,42.044802],[-73.228654,42.044929],[-73.231465,42.045005],[-73.23295,42.045047],[-73.254349,42.045708],[-73.255468,42.045749],[-73.256658,42.045785],[-73.272379,42.04627],[-73.288202,42.046755],[-73.288471,42.046766],[-73.292955,42.046904],[-73.294611,42.04696],[-73.29494,42.046968],[-73.304283,42.047254],[-73.308768,42.047393],[-73.325647,42.047898],[-73.328337,42.047972],[-73.335956,42.048221],[-73.340544,42.048357],[-73.345645,42.048477],[-73.375061,42.049197],[-73.405116,42.049919],[-73.41293,42.050115],[-73.426168,42.050426],[-73.438554,42.050475],[-73.466973,42.049925],[-73.487319,42.049525],[-73.488613,42.022791],[-73.488681,42.021495],[-73.48881,42.018705],[-73.488872,42.017443],[-73.489126,42.011661],[-73.489615,42.000092],[-73.492235,41.967094],[-73.492987,41.958312],[-73.493439,41.953335],[-73.49393,41.94965],[-73.496526,41.922408],[-73.496601,41.921748],[-73.497056,41.911071],[-73.497319,41.906526],[-73.498295,41.892648],[-73.498573,41.890122],[-73.500917,41.868572],[-73.501953,41.858464],[-73.501937,41.858331],[-73.505254,41.824431],[-73.505312,41.82394],[-73.505249,41.82185],[-73.507083,41.800764],[-73.50793,41.791524],[-73.508481,41.786141],[-73.510961,41.758749],[-73.511262,41.753409],[-73.511313,41.752829],[-73.511907,41.741209],[-73.51319,41.725901],[-73.514289,41.713661],[-73.516017,41.696285],[-73.516561,41.689709],[-73.516785,41.687581],[-73.517759,41.671154],[-73.51808,41.666723],[-73.514784,41.665886],[-73.510379,41.666498],[-73.506923,41.665802],[-73.506801,41.665181],[-73.506929,41.664029],[-73.506289,41.663325],[-73.505024,41.662525],[-73.503952,41.661773],[-73.501616,41.660637],[-73.498768,41.659053],[-73.497952,41.658893],[-73.496864,41.659582],[-73.496208,41.66019],[-73.494864,41.661214],[-73.494432,41.66131],[-73.493648,41.660862],[-73.493392,41.660302],[-73.493024,41.65915],[-73.4924,41.657582],[-73.491888,41.656014],[-73.49115,41.654606],[-73.49032,41.653278],[-73.487712,41.650382],[-73.484686,41.64743],[-73.486728,41.647053],[-73.488074,41.645648],[-73.490029,41.646414],[-73.491439,41.645512],[-73.492398,41.645143],[-73.494776,41.644009],[-73.496289,41.642498],[-73.496227,41.64081],[-73.49598,41.640395],[-73.496762,41.638514],[-73.497332,41.638215],[-73.49781,41.638145],[-73.495016,41.631785],[-73.49208,41.625102],[-73.488951,41.618433],[-73.488723,41.617886],[-73.481987,41.604974],[-73.479791,41.600798],[-73.474005,41.588341],[-73.469106,41.577743],[-73.467272,41.573588],[-73.461333,41.560719],[-73.456041,41.549124],[-73.455163,41.547195],[-73.454017,41.542687],[-73.450368,41.534678],[-73.44593,41.525254],[-73.445086,41.522574],[-73.442766,41.514094],[-73.445266,41.509494],[-73.444566,41.508894],[-73.443616,41.503681],[-73.444066,41.501794],[-73.442879,41.498978],[-73.44226,41.49561],[-73.441466,41.491294],[-73.439752,41.492401],[-73.439497,41.492529],[-73.438588,41.493061],[-73.437883,41.493515],[-73.437231,41.493976],[-73.435354,41.49514],[-73.430888,41.497919],[-73.425465,41.499294],[-73.419085,41.501438],[-73.417723,41.501987],[-73.417564,41.502052],[-73.414559,41.503496],[-73.412105,41.504579],[-73.411665,41.504894],[-73.411549,41.504923],[-73.402671,41.508998],[-73.394544,41.512008],[-73.39377,41.512327],[-73.391822,41.512976],[-73.388129,41.514295],[-73.386964,41.514794],[-73.385064,41.512494],[-73.384964,41.510994],[-73.387464,41.509094],[-73.388564,41.506494],[-73.387064,41.505194],[-73.381964,41.503594],[-73.378964,41.501894],[-73.376764,41.498994],[-73.375763,41.493094],[-73.375263,41.489194],[-73.369876,41.487189],[-73.364103,41.485282],[-73.358862,41.482094],[-73.35065,41.479791],[-73.349263,41.479395],[-73.347663,41.478095],[-73.340062,41.476695],[-73.336662,41.475695],[-73.331656,41.472729],[-73.326774,41.469515],[-73.321574,41.468815],[-73.312873,41.467415],[-73.310473,41.468815],[-73.312777,41.469935],[-73.315225,41.472175],[-73.320906,41.477007],[-73.321754,41.478303],[-73.322666,41.480767],[-73.323418,41.481631],[-73.327114,41.484527],[-73.326842,41.485967],[-73.324874,41.489567],[-73.326842,41.492703],[-73.325508,41.495306],[-73.323114,41.497903],[-73.321197,41.500727],[-73.320519,41.503981],[-73.318889,41.505189],[-73.317868,41.505271],[-73.30739,41.506064],[-73.301167,41.50678],[-73.299185,41.507046],[-73.283113,41.50887],[-73.272494,41.510051],[-73.254471,41.511999],[-73.252265,41.512134],[-73.249704,41.512451],[-73.246048,41.512774],[-73.242765,41.512985],[-73.242282,41.512955],[-73.242247,41.512952],[-73.239017,41.512594],[-73.229512,41.511375],[-73.219724,41.510225],[-73.211529,41.509311],[-73.20684,41.508803],[-73.204197,41.508527],[-73.18501,41.510853],[-73.183637,41.511012],[-73.183088,41.511074],[-73.182951,41.511092],[-73.1812,41.511288],[-73.174855,41.511994],[-73.170371,41.512587],[-73.15792,41.513966],[-73.155492,41.514304],[-73.15573,41.515279],[-73.155759,41.515613],[-73.155971,41.516671],[-73.156076,41.517883],[-73.157854,41.525049],[-73.158004,41.525964],[-73.159315,41.532391],[-73.159509,41.533171],[-73.160028,41.535497],[-73.160103,41.535972],[-73.160399,41.537013],[-73.162523,41.547083],[-73.164676,41.557088],[-73.163662,41.557088],[-73.145036,41.557822],[-73.137888,41.55941],[-73.130878,41.560917],[-73.130221,41.561055],[-73.129993,41.561102],[-73.129309,41.561245],[-73.129082,41.561293],[-73.127158,41.561695],[-73.118857,41.56377],[-73.116488,41.564288],[-73.114243,41.564907],[-73.1009,41.568361],[-73.098529,41.568976],[-73.093853,41.570196],[-73.092353,41.570496],[-73.089406,41.575211],[-73.089113,41.575654],[-73.088674,41.576327],[-73.088207,41.577107],[-73.087772,41.577959],[-73.087253,41.578796],[-73.086755,41.579592],[-73.086308,41.580432],[-73.086277,41.580464],[-73.086183,41.580563],[-73.086153,41.580596],[-73.086099,41.580684],[-73.085939,41.580952],[-73.085886,41.581041],[-73.085145,41.582108],[-73.083374,41.584905],[-73.082984,41.585565],[-73.080401,41.586711],[-73.078261,41.586166],[-73.078203,41.586145],[-73.078003,41.586571],[-73.077934,41.586719],[-73.077593,41.587499],[-73.074402,41.587749],[-73.069844,41.588112],[-73.064209,41.588491],[-73.061132,41.588536],[-73.058389,41.588625],[-73.05801,41.588647],[-73.05752,41.589228],[-73.059458,41.591605],[-73.06015,41.593484],[-73.060244,41.597368],[-73.0607,41.600811],[-73.059176,41.602566],[-73.059097,41.602243],[-73.059469,41.606179],[-73.058024,41.60674],[-73.050362,41.609748],[-73.036156,41.615197],[-73.034777,41.615134],[-73.01865,41.614097],[-73.020084,41.620709],[-73.021471,41.627104],[-73.007022,41.628325],[-73.004046,41.628577],[-73.003146,41.629083],[-72.98325,41.639598],[-72.982594,41.639645],[-72.979696,41.639834],[-72.976705,41.640132],[-72.972973,41.640461],[-72.971145,41.640499],[-72.965852,41.64104],[-72.963931,41.641318],[-72.963904,41.642377],[-72.963876,41.643236],[-72.963854,41.643837],[-72.963826,41.644659],[-72.963817,41.644767],[-72.963786,41.645642],[-72.963766,41.646244],[-72.963766,41.646341],[-72.963767,41.646632],[-72.963768,41.646729],[-72.964101,41.649039],[-72.965547,41.651157],[-72.966937,41.653117],[-72.966969,41.655206],[-72.963556,41.658856],[-72.962484,41.659523],[-72.962874,41.659666],[-72.963545,41.662504],[-72.963808,41.664458],[-72.962853,41.668615],[-72.962661,41.669033],[-72.961417,41.670437],[-72.958373,41.670567],[-72.95671,41.670814],[-72.956796,41.672515],[-72.956855,41.673525],[-72.956908,41.674449],[-72.955974,41.674436],[-72.955023,41.674324],[-72.953035,41.674455],[-72.951664,41.674551],[-72.950149,41.674663],[-72.950176,41.674768],[-72.950317,41.675457],[-72.950355,41.675626],[-72.950774,41.677254],[-72.950665,41.679166],[-72.95047,41.679634],[-72.94947,41.68062],[-72.949228,41.681579],[-72.947206,41.681306],[-72.946589,41.681292],[-72.94492,41.681235],[-72.943489,41.681419],[-72.942276,41.682259],[-72.941902,41.682636],[-72.940469,41.683651],[-72.939714,41.684204],[-72.936863,41.686414],[-72.936165,41.686947],[-72.935416,41.687282],[-72.933548,41.687568],[-72.930262,41.688683],[-72.928862,41.68917],[-72.928812,41.689184],[-72.927348,41.689618],[-72.9269,41.689719],[-72.925423,41.690087],[-72.924858,41.690207],[-72.924056,41.690398],[-72.922935,41.690668],[-72.921769,41.690954],[-72.920575,41.691344],[-72.919417,41.691757],[-72.91826,41.692167],[-72.9171,41.69256],[-72.916462,41.692796],[-72.91593,41.692961],[-72.91459,41.693461],[-72.914415,41.693296],[-72.914484,41.692167],[-72.913593,41.689764],[-72.912777,41.689847],[-72.912753,41.689799],[-72.913152,41.689707],[-72.912027,41.686352],[-72.909965,41.684326],[-72.908248,41.682885],[-72.907924,41.682381],[-72.90766,41.68207],[-72.907479,41.681852],[-72.907396,41.681738],[-72.907193,41.681465],[-72.906555,41.680604],[-72.903991,41.678832],[-72.90395,41.67799],[-72.90393,41.677568],[-72.906038,41.677225],[-72.906526,41.676644],[-72.907665,41.67577],[-72.911038,41.675551],[-72.913305,41.675404],[-72.913272,41.675277],[-72.913133,41.675077],[-72.912812,41.674215],[-72.912847,41.67367],[-72.910303,41.674043],[-72.905638,41.673885],[-72.904059,41.672753],[-72.898133,41.673738],[-72.898141,41.673787],[-72.898917,41.674054],[-72.900336,41.675628],[-72.900537,41.675989],[-72.901234,41.677262],[-72.900181,41.677374],[-72.900555,41.679452],[-72.89809,41.679801],[-72.897039,41.679966],[-72.896867,41.679278],[-72.896734,41.677654],[-72.89312,41.677824],[-72.889214,41.678075],[-72.89032,41.684057],[-72.890475,41.684773],[-72.890755,41.686161],[-72.890893,41.686831],[-72.890782,41.686846],[-72.891206,41.689002],[-72.891827,41.692229],[-72.891896,41.69254],[-72.892263,41.694141],[-72.89244,41.694891],[-72.892619,41.695727],[-72.892883,41.696693],[-72.886977,41.697151],[-72.886929,41.697158],[-72.881045,41.697898],[-72.877786,41.698095],[-72.869342,41.696522],[-72.863845,41.695429],[-72.856079,41.694223],[-72.855793,41.694162],[-72.85321,41.693792],[-72.848861,41.693041],[-72.844685,41.692324],[-72.843172,41.692073],[-72.842175,41.691908],[-72.835817,41.690879],[-72.832508,41.690434],[-72.825973,41.689433],[-72.815442,41.68782],[-72.815428,41.687854],[-72.814702,41.688136],[-72.814307,41.68829],[-72.812224,41.69003],[-72.811103,41.692247],[-72.810099,41.691829],[-72.804073,41.696571],[-72.800977,41.69886],[-72.798151,41.701199],[-72.79595,41.703399],[-72.793649,41.704882],[-72.792198,41.705772],[-72.787506,41.709366],[-72.782992,41.71284],[-72.781327,41.71314],[-72.779119,41.7135],[-72.778195,41.713622],[-72.777218,41.71377],[-72.776215,41.713921],[-72.77523,41.714071],[-72.774223,41.714224],[-72.771668,41.714613],[-72.771874,41.716357],[-72.772043,41.7186],[-72.773487,41.718479],[-72.774369,41.72329],[-72.77695,41.723679],[-72.780624,41.722538],[-72.781946,41.722157],[-72.783973,41.722166],[-72.787226,41.722741],[-72.78666,41.723994],[-72.789472,41.72307],[-72.792717,41.722323],[-72.789881,41.723345],[-72.791206,41.723855],[-72.790689,41.728295],[-72.790521,41.728322],[-72.790666,41.728862],[-72.792934,41.729273],[-72.793395,41.73074],[-72.791651,41.732385],[-72.79316,41.73294],[-72.793698,41.735154],[-72.794839,41.736118],[-72.793826,41.737469],[-72.791935,41.739047],[-72.792225,41.739159],[-72.792523,41.740923],[-72.792575,41.741779],[-72.792769,41.742883],[-72.793066,41.744651],[-72.794876,41.747073],[-72.794992,41.747224],[-72.794973,41.747468],[-72.796742,41.758799],[-72.800042,41.791827],[-72.798942,41.791926],[-72.798742,41.792824],[-72.797954,41.796545],[-72.797943,41.796674],[-72.797241,41.804699],[-72.798327,41.811016],[-72.797829,41.814316],[-72.79804,41.814937],[-72.798119,41.819392],[-72.798552,41.824885],[-72.797961,41.824947],[-72.78455,41.826593],[-72.783336,41.826907],[-72.784438,41.833307],[-72.783486,41.836558],[-72.784267,41.837778],[-72.784459,41.838995],[-72.785156,41.843414],[-72.784948,41.848752],[-72.78444,41.855698],[-72.780848,41.862085],[-72.77454,41.874198],[-72.772214,41.878172],[-72.770403,41.880789],[-72.771387,41.885117],[-72.766945,41.895886],[-72.766425,41.898273],[-72.765054,41.902614],[-72.762717,41.904068],[-72.761216,41.90536],[-72.760585,41.905705],[-72.761096,41.90463],[-72.760503,41.902923],[-72.757698,41.901193],[-72.753831,41.899196],[-72.751728,41.898317],[-72.749428,41.896918],[-72.747104,41.896375],[-72.744941,41.896056],[-72.743926,41.895736],[-72.743218,41.895267],[-72.7422,41.894846],[-72.740264,41.89363],[-72.737806,41.892376],[-72.737729,41.892608],[-72.733688,41.890766],[-72.73175,41.890766],[-72.730461,41.891254],[-72.72953,41.892609],[-72.726952,41.894249],[-72.722775,41.895375],[-72.720762,41.895315],[-72.718485,41.896057],[-72.717413,41.897111],[-72.716739,41.900629],[-72.716967,41.901606],[-72.714544,41.903917],[-72.711709,41.904784],[-72.710533,41.905761],[-72.708808,41.908122],[-72.707244,41.912227],[-72.704575,41.914325],[-72.70255,41.915625],[-72.700794,41.915823],[-72.698832,41.915433],[-72.69626,41.916042],[-72.693359,41.915401],[-72.693391,41.915474],[-72.693019,41.91537],[-72.692746,41.915295],[-72.692659,41.915298],[-72.692088,41.915325],[-72.691281,41.915362],[-72.690266,41.91487],[-72.689857,41.914672],[-72.689986,41.914519],[-72.690044,41.91445],[-72.690246,41.914406],[-72.690102,41.914381],[-72.687671,41.911888],[-72.687604,41.908019],[-72.686363,41.907108],[-72.68579,41.904463],[-72.686539,41.901164],[-72.683586,41.899743],[-72.680714,41.899726],[-72.679232,41.90106],[-72.677902,41.902195],[-72.676331,41.902554],[-72.673059,41.902475],[-72.669012,41.900647],[-72.66805,41.8999],[-72.668036,41.898468],[-72.667883,41.898459],[-72.667793,41.897808],[-72.665371,41.897459],[-72.663607,41.897455],[-72.657927,41.896689],[-72.656417,41.896731],[-72.653884,41.896404],[-72.652338,41.896654],[-72.645718,41.896301],[-72.644931,41.896547],[-72.644055,41.895858],[-72.643568,41.895517],[-72.643142,41.895218],[-72.642643,41.894853],[-72.640153,41.897857],[-72.639969,41.897707],[-72.639834,41.897596],[-72.635427,41.903308],[-72.634102,41.903477],[-72.633606,41.903489],[-72.630026,41.903742],[-72.627394,41.904117],[-72.627398,41.904086],[-72.625038,41.90428],[-72.624302,41.904381],[-72.621734,41.904597],[-72.620685,41.897712],[-72.620942,41.894741],[-72.621543,41.893178],[-72.620441,41.890404],[-72.620448,41.88714],[-72.619693,41.882841],[-72.619401,41.876525],[-72.619327,41.872885],[-72.619264,41.868296],[-72.620636,41.863511],[-72.624902,41.84866],[-72.625611,41.845728],[-72.629935,41.837198],[-72.637234,41.830534],[-72.638222,41.829416],[-72.638927,41.828753],[-72.640394,41.825239],[-72.644239,41.813113],[-72.644264,41.813011],[-72.64564,41.805834],[-72.646035,41.797599],[-72.644272,41.797788],[-72.639895,41.798287],[-72.631078,41.798662],[-72.627787,41.798906],[-72.625013,41.798736],[-72.623469,41.798817],[-72.620806,41.798933],[-72.618856,41.799009],[-72.618658,41.799018],[-72.616796,41.799129],[-72.604227,41.799682],[-72.602734,41.799744],[-72.60128,41.799823],[-72.595044,41.800108],[-72.583489,41.800644],[-72.583151,41.80075],[-72.583,41.800797],[-72.582981,41.800803],[-72.581149,41.801375],[-72.580539,41.801567],[-72.579588,41.80208],[-72.575916,41.802894],[-72.566111,41.805384],[-72.555338,41.808089],[-72.540541,41.811741],[-72.535564,41.812972],[-72.530958,41.813976],[-72.528878,41.814511],[-72.523359,41.816013],[-72.521077,41.816545],[-72.520724,41.816595],[-72.519667,41.816744],[-72.519315,41.816795],[-72.516687,41.817205],[-72.51374,41.818166],[-72.50697,41.820008],[-72.505608,41.820264],[-72.50543,41.820298],[-72.505416,41.820391],[-72.505255,41.821308],[-72.504435,41.824674],[-72.504077,41.826484],[-72.504042,41.826658],[-72.503884,41.827467],[-72.503764,41.828073],[-72.503637,41.828715],[-72.503631,41.828743],[-72.503517,41.829316],[-72.503515,41.829328],[-72.503211,41.830868],[-72.502632,41.833589],[-72.50232,41.834745],[-72.501382,41.839197],[-72.499273,41.850273],[-72.498733,41.853329],[-72.497262,41.858759],[-72.49681,41.860616],[-72.495815,41.8645],[-72.495537,41.865991],[-72.494467,41.86617],[-72.492802,41.866391],[-72.488149,41.866895],[-72.487191,41.86701],[-72.485035,41.867256],[-72.481955,41.867792],[-72.469569,41.869305],[-72.46581,41.869775],[-72.464403,41.869958],[-72.463868,41.870015],[-72.463102,41.870099],[-72.461615,41.870383],[-72.461389,41.870431],[-72.460713,41.870577],[-72.460488,41.870626],[-72.460069,41.87066],[-72.458812,41.870764],[-72.458394,41.8708],[-72.450816,41.871699],[-72.448468,41.871989],[-72.447467,41.872169],[-72.444292,41.872482],[-72.441662,41.872788],[-72.438194,41.873279],[-72.43802,41.873299],[-72.429383,41.874487],[-72.428017,41.874598],[-72.428779,41.88127],[-72.429061,41.885897],[-72.429622,41.891898],[-72.429375,41.892956],[-72.429398,41.893019],[-72.429324,41.893694],[-72.430326,41.904887],[-72.430543,41.907463],[-72.431225,41.91448],[-72.431311,41.915048],[-72.429516,41.915022],[-72.411542,41.917648],[-72.408415,41.917954],[-72.394692,41.919508],[-72.389456,41.91999],[-72.383471,41.920586],[-72.377932,41.921243],[-72.373557,41.921672],[-72.353163,41.92418],[-72.344668,41.925325],[-72.335758,41.926389],[-72.321575,41.928145],[-72.307746,41.929379],[-72.306904,41.929627],[-72.306659,41.928381],[-72.306279,41.925957],[-72.305169,41.925272],[-72.305201,41.92421],[-72.302915,41.922395],[-72.301721,41.92055],[-72.299051,41.919471],[-72.297467,41.915927],[-72.297661,41.914488],[-72.296822,41.911091],[-72.293805,41.908919],[-72.293007,41.90699],[-72.291184,41.906313],[-72.290831,41.904975],[-72.291363,41.903578],[-72.292677,41.900519],[-72.292215,41.899102],[-72.290869,41.897329],[-72.293038,41.895592],[-72.299221,41.893988],[-72.300251,41.89349],[-72.302389,41.891847],[-72.302962,41.8905],[-72.303081,41.890182],[-72.302553,41.889098],[-72.299061,41.888863],[-72.298195,41.8882],[-72.298557,41.887413],[-72.301253,41.886878],[-72.302602,41.883866],[-72.304252,41.883364],[-72.304698,41.882462],[-72.305451,41.883284],[-72.306957,41.882466],[-72.306519,41.881341],[-72.306664,41.880682],[-72.308341,41.879238],[-72.308961,41.877965],[-72.308162,41.875002],[-72.309255,41.874357],[-72.311079,41.874237],[-72.311882,41.873651],[-72.311654,41.871922],[-72.310218,41.87042],[-72.310631,41.869221],[-72.310179,41.867761],[-72.307918,41.864942],[-72.307991,41.863332],[-72.306745,41.861544],[-72.306478,41.860243],[-72.306863,41.855828],[-72.305349,41.854344],[-72.303768,41.853323],[-72.304357,41.852392],[-72.304187,41.850629],[-72.305307,41.850509],[-72.307318,41.849555],[-72.309684,41.847938],[-72.309833,41.847153],[-72.308906,41.844859],[-72.309541,41.842929],[-72.308835,41.840882],[-72.308933,41.839281],[-72.309744,41.837772],[-72.310145,41.836059],[-72.308214,41.836094],[-72.307157,41.836086],[-72.300662,41.8359],[-72.296583,41.836259],[-72.286103,41.83619],[-72.28481,41.836174],[-72.271679,41.835989],[-72.269795,41.836018],[-72.25829,41.835843],[-72.25182,41.835729],[-72.244423,41.835572],[-72.243154,41.835546],[-72.236035,41.835422],[-72.223722,41.835267],[-72.217719,41.835184],[-72.210584,41.835142],[-72.200292,41.835046],[-72.19331,41.835013],[-72.19323,41.835012],[-72.193023,41.835011],[-72.192991,41.83501],[-72.192912,41.83501],[-72.190427,41.834999],[-72.169019,41.834902],[-72.166159,41.83488],[-72.164498,41.834913],[-72.164069,41.830434],[-72.163924,41.828911],[-72.163243,41.821934],[-72.162966,41.819126],[-72.160584,41.79414],[-72.159342,41.781159],[-72.158305,41.770288],[-72.158162,41.768835],[-72.157856,41.765646],[-72.157188,41.758651],[-72.156719,41.753719],[-72.156321,41.753491],[-72.157626,41.751804],[-72.159313,41.750691],[-72.157921,41.750835],[-72.157472,41.749596],[-72.156587,41.749139],[-72.157267,41.747975],[-72.1576,41.74795],[-72.157908,41.747372],[-72.158595,41.744731],[-72.167771,41.739701],[-72.171549,41.737765],[-72.179969,41.734855],[-72.179266,41.733548],[-72.177428,41.732864],[-72.176387,41.731026],[-72.177299,41.730035],[-72.17993,41.729139],[-72.180872,41.728782],[-72.179368,41.725175],[-72.177255,41.723395],[-72.177027,41.721178],[-72.178302,41.718903],[-72.177665,41.71719],[-72.177578,41.714799],[-72.175689,41.714107],[-72.173822,41.711795],[-72.174257,41.71107],[-72.174362,41.708747],[-72.173903,41.708145],[-72.175932,41.70614],[-72.175742,41.704728],[-72.177179,41.704327],[-72.179661,41.702883],[-72.179975,41.702846],[-72.181717,41.700296],[-72.182782,41.698644],[-72.183122,41.697344],[-72.182497,41.696234],[-72.180127,41.693585],[-72.17967,41.69218],[-72.179296,41.691845],[-72.179126,41.691693],[-72.178317,41.690709],[-72.177999,41.690322],[-72.177844,41.690097],[-72.178083,41.689953],[-72.179035,41.689635],[-72.181344,41.691517],[-72.182298,41.691709],[-72.18641,41.691517],[-72.188657,41.689943],[-72.189801,41.689755],[-72.185973,41.686429],[-72.185357,41.684938],[-72.185804,41.68138],[-72.186728,41.680426],[-72.188149,41.679919],[-72.189529,41.678447],[-72.193896,41.681728],[-72.198866,41.685394],[-72.202665,41.688174],[-72.207632,41.691807],[-72.211178,41.694145],[-72.211589,41.69441],[-72.214587,41.696343],[-72.218425,41.698922],[-72.223496,41.702607],[-72.227991,41.705752],[-72.232487,41.708911],[-72.236171,41.711646],[-72.237889,41.713117],[-72.239559,41.714191],[-72.24023,41.714529],[-72.241379,41.715309],[-72.241857,41.715683],[-72.242197,41.715967],[-72.242293,41.716048],[-72.242814,41.716446],[-72.242901,41.716482],[-72.243209,41.71661],[-72.24354,41.716709],[-72.243925,41.716808],[-72.244246,41.716923],[-72.244311,41.717145],[-72.245285,41.720486],[-72.246115,41.721875],[-72.246596,41.722901],[-72.24679,41.722879],[-72.247813,41.721936],[-72.249183,41.723186],[-72.252704,41.721921],[-72.253229,41.721018],[-72.256964,41.722186],[-72.2594,41.721958],[-72.261517,41.719497],[-72.263311,41.718042],[-72.26485,41.717571],[-72.26637,41.718043],[-72.26833,41.719952],[-72.272449,41.72113],[-72.274317,41.721026],[-72.275511,41.720368],[-72.276747,41.720659],[-72.276918,41.720961],[-72.276535,41.721287],[-72.27644,41.721334],[-72.276092,41.72141],[-72.27598,41.721436],[-72.27588,41.721424],[-72.275789,41.72144],[-72.275634,41.72147],[-72.275517,41.72159],[-72.27551,41.721725],[-72.275605,41.721791],[-72.275763,41.721901],[-72.277151,41.722575],[-72.27819,41.723881],[-72.278513,41.722844],[-72.279333,41.723635],[-72.280615,41.722378],[-72.282329,41.721967],[-72.282395,41.722917],[-72.284475,41.722599],[-72.284687,41.72402],[-72.283639,41.723762],[-72.284759,41.725112],[-72.287935,41.725063],[-72.290967,41.724827],[-72.294611,41.724994],[-72.296435,41.726037],[-72.298024,41.726153],[-72.300295,41.725209],[-72.301013,41.725555],[-72.302565,41.727701],[-72.306824,41.72902],[-72.309695,41.730641],[-72.311004,41.731604],[-72.313494,41.731005],[-72.315054,41.731148],[-72.3166,41.731971],[-72.317662,41.731537],[-72.320754,41.732377],[-72.321823,41.733809],[-72.322651,41.733661],[-72.327135,41.734484],[-72.327501,41.735636],[-72.328556,41.736382],[-72.327743,41.73809],[-72.328872,41.738819],[-72.332369,41.742751],[-72.336793,41.747474],[-72.338043,41.749137],[-72.339983,41.7512],[-72.353271,41.765844],[-72.354883,41.767127],[-72.366474,41.765661],[-72.370341,41.765211],[-72.370944,41.765124],[-72.372756,41.764862],[-72.373361,41.764776],[-72.376672,41.764384],[-72.38092,41.76386],[-72.393421,41.764585],[-72.393856,41.764629],[-72.39723,41.7648],[-72.403668,41.765102],[-72.406022,41.765349],[-72.408284,41.765467],[-72.410251,41.765505],[-72.411165,41.769922],[-72.411252,41.77044],[-72.411494,41.771922],[-72.41163,41.772553],[-72.416269,41.795768],[-72.416523,41.796953],[-72.418891,41.806559],[-72.419391,41.806486],[-72.420821,41.806198],[-72.423974,41.80579],[-72.426307,41.805471],[-72.426547,41.805434],[-72.427268,41.805327],[-72.427509,41.805291],[-72.428783,41.8051],[-72.429634,41.804875],[-72.434598,41.804205],[-72.439223,41.803622],[-72.439247,41.803541],[-72.449128,41.802098],[-72.45514,41.801448],[-72.470899,41.798597],[-72.473388,41.798277],[-72.473468,41.798264],[-72.473034,41.795326],[-72.472559,41.79244],[-72.472281,41.79096],[-72.471062,41.784371],[-72.470852,41.783133],[-72.470721,41.782139],[-72.470335,41.779834],[-72.46906,41.772798],[-72.468829,41.771659],[-72.468724,41.770475],[-72.468065,41.767133],[-72.467226,41.762877],[-72.46509,41.750025],[-72.464669,41.749006],[-72.463899,41.745572],[-72.474227,41.744492],[-72.489123,41.742998],[-72.489762,41.741803],[-72.491871,41.739854],[-72.492265,41.73857],[-72.494798,41.73622],[-72.495075,41.73386],[-72.493909,41.73222],[-72.494611,41.730886],[-72.493818,41.729009],[-72.494146,41.726803],[-72.495427,41.72531],[-72.495642,41.724866],[-72.494937,41.721502],[-72.497416,41.719733],[-72.496999,41.719622],[-72.498629,41.717598],[-72.499734,41.716681],[-72.501999,41.717462],[-72.50482,41.716447],[-72.505509,41.715669],[-72.505502,41.714025],[-72.504333,41.712599],[-72.504314,41.712441],[-72.504337,41.712309],[-72.504326,41.712034],[-72.504234,41.711788],[-72.504217,41.711364],[-72.504274,41.711095],[-72.504423,41.710854],[-72.504744,41.710585],[-72.50547,41.710485],[-72.506716,41.709688],[-72.502923,41.709224],[-72.498019,41.709855],[-72.495054,41.70942],[-72.492842,41.709118],[-72.489014,41.709914],[-72.485611,41.709975],[-72.483989,41.709441],[-72.481526,41.707936],[-72.480085,41.707578],[-72.476524,41.70771],[-72.474508,41.706851],[-72.473837,41.708447],[-72.473851,41.709875],[-72.471658,41.711946],[-72.468554,41.710383],[-72.466763,41.709771],[-72.465215,41.707979],[-72.468068,41.707447],[-72.467554,41.705626],[-72.471246,41.705283],[-72.471701,41.704695],[-72.467931,41.701534],[-72.466012,41.700506],[-72.466583,41.700135],[-72.471207,41.699625],[-72.471046,41.693961],[-72.469875,41.68679],[-72.476798,41.686094],[-72.482725,41.681292],[-72.478945,41.673454],[-72.477319,41.668756],[-72.478318,41.668429],[-72.481504,41.667518],[-72.485997,41.666245],[-72.497307,41.662399],[-72.501777,41.654467],[-72.501913,41.654163],[-72.505431,41.646999],[-72.504766,41.645367],[-72.50267,41.642159],[-72.495696,41.630941],[-72.490762,41.622785],[-72.481842,41.60818],[-72.481537,41.607741],[-72.476607,41.599398],[-72.474342,41.595157],[-72.472602,41.592388],[-72.469042,41.587316],[-72.46673,41.583899],[-72.460624,41.572956],[-72.457694,41.568401],[-72.454833,41.563459],[-72.45185,41.558567],[-72.448737,41.553534],[-72.448424,41.553259],[-72.44686,41.551374],[-72.446554,41.550657],[-72.446853,41.550377],[-72.443946,41.546422],[-72.443301,41.545346],[-72.44117,41.541774],[-72.43745,41.535617],[-72.435138,41.53187],[-72.430767,41.524567],[-72.422261,41.525302],[-72.418311,41.525784],[-72.413544,41.526238],[-72.402354,41.527244],[-72.388384,41.52851],[-72.383057,41.529],[-72.381298,41.529229],[-72.374528,41.529909],[-72.361634,41.530818],[-72.358576,41.531436],[-72.353797,41.531801],[-72.348831,41.532164],[-72.344566,41.532417],[-72.342629,41.532591],[-72.340891,41.532747],[-72.334715,41.533296],[-72.331753,41.533498],[-72.323394,41.53425],[-72.323372,41.533852],[-72.323306,41.532592],[-72.322931,41.518119],[-72.321848,41.512221],[-72.319345,41.499047],[-72.315246,41.478091],[-72.312502,41.478198],[-72.309978,41.46303],[-72.308482,41.454035],[-72.306541,41.44236],[-72.305531,41.436282],[-72.304868,41.432728],[-72.290668,41.437606],[-72.286577,41.439074],[-72.276636,41.440449],[-72.272848,41.440746],[-72.264881,41.441351],[-72.244526,41.442958],[-72.242024,41.443198],[-72.241148,41.442028],[-72.240994,41.441802],[-72.23928,41.439434],[-72.237433,41.436946],[-72.2288,41.425169],[-72.223261,41.417506],[-72.220356,41.413527],[-72.219796,41.4128],[-72.219307,41.412123],[-72.210091,41.413262],[-72.204656,41.413825],[-72.199668,41.413717],[-72.189282,41.4152],[-72.188279,41.415356],[-72.179375,41.416605],[-72.169807,41.418317],[-72.166181,41.418562],[-72.155537,41.42011],[-72.153362,41.420401],[-72.148792,41.421018],[-72.132985,41.423286],[-72.131466,41.4235],[-72.128517,41.423902],[-72.128236,41.423938],[-72.125941,41.424212],[-72.121257,41.424895],[-72.120802,41.424898],[-72.112934,41.426012],[-72.111922,41.42619],[-72.110213,41.426483],[-72.107464,41.426823],[-72.106478,41.42699],[-72.102329,41.42637],[-72.101863,41.426289],[-72.101541,41.426202],[-72.101349,41.426172],[-72.101247,41.426157],[-72.095621,41.425298],[-72.096621,41.429398],[-72.096121,41.431198],[-72.094721,41.432898],[-72.093421,41.435498],[-72.092421,41.436698],[-72.090994,41.437442],[-72.096776,41.438944],[-72.09727,41.438487],[-72.097344,41.438401],[-72.097524,41.438304],[-72.101475,41.43878],[-72.103454,41.438821],[-72.105701,41.437383],[-72.105873,41.437284],[-72.108969,41.437538],[-72.111022,41.437434],[-72.113187,41.438444],[-72.114213,41.439361],[-72.11728,41.44143],[-72.117281,41.442428],[-72.117496,41.442916],[-72.117826,41.444305],[-72.117832,41.444507],[-72.117735,41.444612],[-72.117522,41.444839],[-72.117724,41.446861],[-72.117284,41.450055],[-72.115042,41.460491],[-72.115022,41.460752],[-72.115128,41.462532],[-72.116435,41.469912],[-72.11658,41.471933],[-72.115816,41.484243],[-72.115017,41.487252],[-72.114316,41.489537],[-72.114363,41.491789],[-72.114642,41.493209],[-72.115557,41.498196],[-72.115613,41.498538],[-72.115626,41.498732],[-72.115652,41.499124],[-72.115606,41.500039],[-72.11556,41.500349],[-72.115531,41.500539],[-72.11544,41.500827],[-72.115426,41.500872],[-72.115632,41.500939],[-72.118295,41.502478],[-72.121076,41.502723],[-72.121893,41.501905],[-72.123058,41.501998],[-72.127226,41.503207],[-72.129518,41.503285],[-72.13043,41.502791],[-72.132934,41.502606],[-72.135416,41.504006],[-72.134151,41.506187],[-72.132884,41.508908],[-72.133556,41.512362],[-72.137125,41.523192],[-72.137588,41.524757],[-72.139058,41.529732],[-72.140656,41.536287],[-72.140548,41.536816],[-72.138693,41.539673],[-72.136202,41.543726],[-72.135446,41.54467],[-72.133882,41.546385],[-72.132854,41.548247],[-72.13268,41.548465],[-72.132641,41.55136],[-72.13235,41.555604],[-72.132136,41.560103],[-72.132351,41.562233],[-72.132179,41.563653],[-72.132152,41.563872],[-72.132123,41.564842],[-72.133186,41.566426],[-72.134744,41.567668],[-72.135762,41.56893],[-72.134981,41.569529],[-72.134022,41.568998],[-72.128095,41.565269],[-72.126088,41.564012],[-72.125195,41.563345],[-72.124563,41.564527],[-72.123349,41.566855],[-72.121177,41.570201],[-72.118743,41.574378],[-72.116475,41.573519],[-72.116059,41.573361],[-72.112355,41.57288],[-72.111082,41.568654],[-72.109917,41.5673],[-72.108721,41.565379],[-72.109251,41.560701],[-72.108442,41.557986],[-72.108461,41.556724],[-72.107934,41.556483],[-72.108151,41.556262],[-72.10714,41.554743],[-72.105897,41.553511],[-72.105741,41.553394],[-72.104658,41.55272],[-72.103358,41.551959],[-72.101764,41.550996],[-72.100818,41.550266],[-72.100124,41.549144],[-72.098516,41.548746],[-72.09691,41.54857],[-72.095684,41.549171],[-72.094205,41.550093],[-72.093668,41.550411],[-72.092929,41.550604],[-72.090975,41.550527],[-72.0907,41.551715],[-72.089351,41.552485],[-72.089171,41.552616],[-72.08912,41.553344],[-72.089048,41.553647],[-72.088845,41.55413],[-72.088585,41.554617],[-72.088063,41.555779],[-72.087919,41.556119],[-72.087872,41.556301],[-72.087856,41.556553],[-72.08789,41.556708],[-72.088971,41.559045],[-72.088869,41.560033],[-72.087296,41.563411],[-72.087757,41.567936],[-72.087794,41.57034],[-72.087922,41.571899],[-72.08792,41.572081],[-72.087813,41.573894],[-72.086938,41.575627],[-72.086581,41.576549],[-72.085892,41.578431],[-72.081097,41.581195],[-72.07918,41.583754],[-72.076258,41.586368],[-72.07492,41.585928],[-72.07111,41.583423],[-72.069361,41.581212],[-72.069253,41.581066],[-72.06562,41.582813],[-72.062067,41.583767],[-72.058365,41.584177],[-72.058607,41.583835],[-72.059272,41.583046],[-72.058995,41.581974],[-72.05891,41.577912],[-72.059282,41.576781],[-72.060367,41.576342],[-72.061966,41.574434],[-72.063639,41.573277],[-72.0643,41.571879],[-72.064589,41.570683],[-72.066459,41.570532],[-72.065961,41.569526],[-72.06598,41.567496],[-72.06484,41.566785],[-72.064865,41.564277],[-72.063028,41.564586],[-72.063583,41.570328],[-72.063077,41.570848],[-72.060756,41.569029],[-72.059599,41.568713],[-72.0575,41.568683],[-72.056784,41.569208],[-72.056824,41.571533],[-72.056209,41.573188],[-72.054864,41.573973],[-72.0536,41.577924],[-72.053015,41.578414],[-72.053966,41.573943],[-72.049558,41.575104],[-72.048504,41.572403],[-72.048523,41.572209],[-72.047574,41.57233],[-72.046616,41.572562],[-72.045326,41.573023],[-72.0459,41.570562],[-72.045625,41.5687],[-72.044569,41.566285],[-72.043453,41.562455],[-72.043208,41.561089],[-72.045045,41.558075],[-72.045616,41.557014],[-72.04612,41.555998]]]]}},{"type":"Feature","properties":{"id":3,"NAME":"3","TotalPop":722671,"PopDevPct":0.00205522,"DemPct":0.62418503,"RepPct":0.35891527,"WhitePct":0.57952591,"MinorityPct":0.42047409,"BlackPct":0.17518368,"HispanicPct":0.18610853,"PacificPct":0.00228921,"AsianPct":0.05507618,"NativePct":0.02037088,"TotalVAP":577491,"Margin":0.12418503,"color":"#00008b","opacity":"0.5"},"geometry":{"type":"MultiPolygon","coordinates":[[[[-72.095621,41.425298],[-72.101247,41.426157],[-72.101349,41.426172],[-72.101541,41.426202],[-72.101863,41.426289],[-72.102329,41.42637],[-72.106478,41.42699],[-72.107464,41.426823],[-72.110213,41.426483],[-72.111922,41.42619],[-72.112934,41.426012],[-72.120802,41.424898],[-72.121257,41.424895],[-72.125941,41.424212],[-72.128236,41.423938],[-72.128517,41.423902],[-72.131466,41.4235],[-72.132985,41.423286],[-72.148792,41.421018],[-72.153362,41.420401],[-72.155537,41.42011],[-72.166181,41.418562],[-72.169807,41.418317],[-72.179375,41.416605],[-72.188279,41.415356],[-72.189282,41.4152],[-72.199668,41.413717],[-72.204656,41.413825],[-72.210091,41.413262],[-72.219307,41.412123],[-72.219796,41.4128],[-72.220356,41.413527],[-72.223261,41.417506],[-72.2288,41.425169],[-72.237433,41.436946],[-72.23928,41.439434],[-72.240994,41.441802],[-72.241148,41.442028],[-72.242024,41.443198],[-72.244526,41.442958],[-72.264881,41.441351],[-72.272848,41.440746],[-72.276636,41.440449],[-72.286577,41.439074],[-72.290668,41.437606],[-72.304868,41.432728],[-72.305531,41.436282],[-72.312124,41.435577],[-72.314255,41.435348],[-72.332749,41.43337],[-72.335024,41.433125],[-72.33796,41.432811],[-72.33925,41.432689],[-72.350726,41.431462],[-72.351319,41.431398],[-72.356351,41.430856],[-72.361452,41.430308],[-72.385813,41.427692],[-72.386129,41.427658],[-72.390521,41.427184],[-72.399793,41.42611],[-72.403029,41.424774],[-72.405171,41.424815],[-72.405217,41.424816],[-72.406755,41.424956],[-72.408464,41.425155],[-72.409349,41.425276],[-72.420686,41.424061],[-72.423339,41.423751],[-72.427612,41.423289],[-72.428584,41.4234],[-72.431006,41.42368],[-72.43371,41.423995],[-72.430648,41.419755],[-72.430337,41.418896],[-72.426855,41.414273],[-72.425479,41.411656],[-72.425102,41.408566],[-72.42525,41.40198],[-72.425663,41.400805],[-72.426194,41.39975],[-72.426292,41.397711],[-72.425753,41.395968],[-72.423514,41.391888],[-72.421676,41.39051],[-72.4196,41.389851],[-72.416213,41.389347],[-72.411751,41.389524],[-72.405295,41.388444],[-72.402022,41.388545],[-72.397246,41.387664],[-72.394893,41.38755],[-72.38718,41.386054],[-72.384833,41.38519],[-72.382594,41.38248],[-72.381601,41.380606],[-72.376004,41.376255],[-72.375256,41.375098],[-72.375093,41.374507],[-72.374971,41.372519],[-72.376428,41.369098],[-72.377366,41.364478],[-72.377626,41.360228],[-72.378393,41.35591],[-72.379397,41.349746],[-72.378771,41.347998],[-72.377687,41.346465],[-72.376206,41.345435],[-72.372158,41.343433],[-72.369147,41.342337],[-72.366058,41.341079],[-72.362489,41.338942],[-72.357834,41.335135],[-72.353379,41.329833],[-72.351242,41.326369],[-72.349121,41.324492],[-72.347916,41.321784],[-72.347432,41.319043],[-72.347439,41.318803],[-72.34793,41.31569],[-72.349231,41.310801],[-72.34993,41.299994],[-72.349727,41.297398],[-72.349548,41.296302],[-72.34314,41.286444],[-72.342227,41.282498],[-72.341705,41.280486],[-72.338867,41.276084],[-72.337327,41.274998],[-72.3355,41.273567],[-72.342971,41.268606],[-72.346776,41.269703],[-72.350318,41.269504],[-72.353242,41.2689],[-72.355431,41.26897],[-72.358471,41.268459],[-72.363088,41.266311],[-72.3641,41.265621],[-72.365196,41.265141],[-72.366461,41.264427],[-72.367712,41.263927],[-72.369661,41.263761],[-72.370803,41.263821],[-72.371923,41.263958],[-72.372869,41.264226],[-72.374811,41.264642],[-72.376289,41.264766],[-72.377664,41.264744],[-72.378573,41.264575],[-72.379613,41.264592],[-72.380108,41.264477],[-72.381134,41.264027],[-72.382568,41.263254],[-72.382895,41.263013],[-72.384495,41.262816],[-72.385318,41.262377],[-72.386711,41.261412],[-72.387137,41.261067],[-72.388323,41.260491],[-72.388526,41.260727],[-72.388317,41.261258],[-72.389114,41.262094],[-72.389338,41.263729],[-72.390537,41.265546],[-72.395115,41.271438],[-72.395045,41.272145],[-72.395092,41.272416],[-72.396224,41.27194],[-72.397852,41.274283],[-72.400968,41.274778],[-72.4044,41.274681],[-72.408826,41.274995],[-72.410252,41.275329],[-72.413394,41.275908],[-72.41686,41.275537],[-72.423412,41.272475],[-72.424806,41.272185],[-72.427946,41.272332],[-72.430246,41.273067],[-72.433696,41.275228],[-72.438805,41.277178],[-72.442478,41.277528],[-72.448056,41.277355],[-72.453013,41.276528],[-72.456124,41.275423],[-72.458602,41.274145],[-72.465988,41.269702],[-72.468102,41.269012],[-72.46739,41.266952],[-72.464028,41.264077],[-72.461976,41.260532],[-72.468891,41.25771],[-72.474614,41.255375],[-72.475516,41.25627],[-72.485214,41.256263],[-72.494626,41.256537],[-72.497875,41.252536],[-72.499534,41.251097],[-72.501742,41.247795],[-72.516526,41.248195],[-72.517982,41.248755],[-72.52107,41.250963],[-72.525632,41.25501],[-72.526739,41.254601],[-72.527902,41.250115],[-72.532281,41.252552],[-72.532427,41.252634],[-72.532483,41.252665],[-72.532652,41.252759],[-72.532709,41.252791],[-72.535942,41.254592],[-72.545734,41.260238],[-72.545837,41.260304],[-72.547235,41.262499],[-72.547655,41.264323],[-72.54636,41.267398],[-72.54655,41.268834],[-72.546549,41.269153],[-72.546531,41.269506],[-72.546761,41.269923],[-72.547035,41.2716],[-72.546486,41.272123],[-72.545721,41.272622],[-72.545001,41.273353],[-72.544929,41.273404],[-72.544339,41.273697],[-72.544744,41.274683],[-72.545143,41.275476],[-72.545782,41.275855],[-72.546253,41.275977],[-72.546609,41.276263],[-72.547687,41.277126],[-72.548046,41.277415],[-72.546805,41.278993],[-72.546496,41.279388],[-72.546336,41.279564],[-72.546197,41.27986],[-72.546103,41.28002],[-72.546088,41.280184],[-72.545986,41.280335],[-72.547344,41.281067],[-72.548056,41.281452],[-72.548873,41.281892],[-72.548894,41.281855],[-72.548859,41.28229],[-72.548777,41.282477],[-72.548681,41.282492],[-72.548609,41.282476],[-72.548493,41.282314],[-72.548435,41.282273],[-72.548346,41.282276],[-72.548268,41.282327],[-72.548004,41.282609],[-72.547623,41.282748],[-72.547343,41.282928],[-72.547332,41.282975],[-72.547343,41.28302],[-72.54745,41.283057],[-72.547578,41.283075],[-72.547732,41.283113],[-72.547799,41.283147],[-72.54784,41.283217],[-72.547798,41.283271],[-72.547699,41.283286],[-72.547504,41.283289],[-72.547479,41.283339],[-72.547468,41.283458],[-72.547542,41.283565],[-72.547692,41.284114],[-72.545869,41.2843],[-72.545035,41.285677],[-72.544268,41.286743],[-72.54451,41.287772],[-72.538491,41.287425],[-72.535826,41.287536],[-72.535891,41.287684],[-72.536828,41.291498],[-72.538107,41.295287],[-72.538026,41.296673],[-72.538419,41.297093],[-72.540029,41.298655],[-72.54189,41.300788],[-72.544227,41.303622],[-72.545537,41.303888],[-72.546793,41.307509],[-72.54338,41.309225],[-72.541584,41.30967],[-72.539751,41.309059],[-72.538811,41.309503],[-72.539915,41.314214],[-72.541009,41.316206],[-72.543842,41.319807],[-72.544714,41.321886],[-72.54211,41.32254],[-72.542347,41.323787],[-72.541772,41.324345],[-72.539856,41.324586],[-72.537444,41.325724],[-72.536933,41.326394],[-72.53977,41.327489],[-72.542657,41.329212],[-72.539378,41.331098],[-72.538552,41.332354],[-72.536674,41.331837],[-72.53529,41.33009],[-72.532513,41.328987],[-72.529411,41.329725],[-72.530888,41.331697],[-72.53066,41.333934],[-72.530901,41.335426],[-72.531728,41.336764],[-72.526432,41.338283],[-72.526213,41.338348],[-72.526203,41.33832],[-72.517379,41.340303],[-72.512034,41.341599],[-72.51395,41.346403],[-72.517101,41.355523],[-72.518141,41.358455],[-72.520447,41.365319],[-72.524062,41.376179],[-72.528007,41.388321],[-72.533231,41.404515],[-72.538782,41.421491],[-72.547054,41.419609],[-72.548278,41.419343],[-72.555342,41.418145],[-72.563835,41.416311],[-72.569999,41.41477],[-72.573255,41.417191],[-72.575668,41.418897],[-72.579603,41.421686],[-72.579761,41.421812],[-72.580235,41.42219],[-72.580394,41.422317],[-72.580553,41.422421],[-72.58103,41.422733],[-72.58119,41.422838],[-72.581438,41.42303],[-72.582184,41.423608],[-72.582433,41.423801],[-72.592284,41.430904],[-72.59843,41.435487],[-72.604916,41.440206],[-72.607802,41.442325],[-72.608787,41.442976],[-72.60896,41.44309],[-72.619174,41.451455],[-72.622647,41.45461],[-72.623455,41.45497],[-72.628018,41.457811],[-72.63136,41.459679],[-72.636773,41.463534],[-72.637001,41.463917],[-72.630821,41.478361],[-72.629489,41.48164],[-72.62792,41.485459],[-72.629496,41.488723],[-72.632951,41.497782],[-72.633701,41.500201],[-72.634166,41.500141],[-72.648322,41.498425],[-72.654672,41.497743],[-72.671501,41.495685],[-72.675548,41.495079],[-72.677595,41.494838],[-72.677896,41.49623],[-72.679054,41.507989],[-72.679593,41.510365],[-72.679725,41.511035],[-72.680459,41.514708],[-72.680313,41.5162],[-72.681269,41.516869],[-72.680863,41.522705],[-72.681619,41.526753],[-72.68201,41.529468],[-72.682575,41.531089],[-72.686435,41.535126],[-72.687362,41.536157],[-72.688093,41.537033],[-72.688199,41.538631],[-72.690218,41.542023],[-72.691323,41.543959],[-72.694345,41.549201],[-72.694554,41.549531],[-72.697449,41.549292],[-72.699315,41.549195],[-72.699292,41.549058],[-72.699502,41.549038],[-72.700549,41.548942],[-72.700899,41.54891],[-72.700899,41.548933],[-72.7009,41.548959],[-72.700902,41.549004],[-72.700903,41.549028],[-72.711203,41.547719],[-72.712268,41.548608],[-72.719704,41.548127],[-72.722619,41.547959],[-72.733468,41.546172],[-72.733491,41.546168],[-72.73356,41.54616],[-72.733584,41.546158],[-72.733801,41.545726],[-72.734035,41.545265],[-72.734122,41.545166],[-72.73425,41.545022],[-72.734378,41.544877],[-72.734652,41.544566],[-72.734864,41.544327],[-72.734939,41.544341],[-72.735024,41.544358],[-72.742527,41.544073],[-72.748878,41.544279],[-72.748931,41.545673],[-72.748991,41.546308],[-72.74917,41.547055],[-72.749348,41.549757],[-72.75024,41.559177],[-72.750864,41.564441],[-72.752181,41.578894],[-72.767821,41.577339],[-72.768079,41.577313],[-72.768871,41.577235],[-72.771029,41.576931],[-72.772209,41.576846],[-72.77246,41.576828],[-72.775638,41.576446],[-72.775814,41.576425],[-72.776042,41.576398],[-72.776348,41.576358],[-72.776526,41.576335],[-72.779343,41.57598],[-72.779721,41.575936],[-72.801243,41.573098],[-72.805243,41.566598],[-72.809243,41.561997],[-72.80996,41.562284],[-72.810242,41.562397],[-72.819145,41.554298],[-72.821243,41.554195],[-72.826141,41.555897],[-72.828363,41.552601],[-72.829372,41.54999],[-72.829521,41.549614],[-72.829679,41.549378],[-72.826604,41.547258],[-72.825497,41.546488],[-72.825696,41.545305],[-72.825615,41.544571],[-72.825729,41.541753],[-72.824855,41.541195],[-72.824643,41.541083],[-72.822842,41.540796],[-72.821629,41.540621],[-72.821325,41.540567],[-72.823302,41.539057],[-72.824259,41.538342],[-72.825643,41.536864],[-72.826132,41.536281],[-72.826599,41.535797],[-72.828195,41.53421],[-72.830968,41.531087],[-72.832731,41.527346],[-72.836054,41.523604],[-72.838442,41.522486],[-72.840437,41.524805],[-72.8427,41.525883],[-72.844335,41.527657],[-72.84908,41.529302],[-72.851513,41.530561],[-72.852564,41.530737],[-72.854547,41.530097],[-72.857107,41.527522],[-72.85793,41.527167],[-72.857743,41.526612],[-72.857767,41.526368],[-72.855126,41.525676],[-72.853083,41.524925],[-72.853798,41.522211],[-72.851375,41.51596],[-72.850299,41.515731],[-72.847268,41.515114],[-72.84071,41.513789],[-72.837559,41.513159],[-72.828231,41.511229],[-72.823156,41.51014],[-72.823004,41.510108],[-72.822909,41.510088],[-72.816547,41.508742],[-72.815187,41.508516],[-72.809213,41.507315],[-72.801429,41.505751],[-72.801083,41.50569],[-72.800268,41.505552],[-72.795918,41.504718],[-72.792713,41.503596],[-72.792627,41.503567],[-72.781584,41.51234],[-72.776144,41.516774],[-72.775931,41.516958],[-72.775799,41.517272],[-72.772944,41.520773],[-72.772016,41.522372],[-72.770601,41.526158],[-72.770439,41.526289],[-72.770354,41.526619],[-72.770113,41.526577],[-72.769941,41.526549],[-72.768831,41.52637],[-72.768167,41.526263],[-72.767091,41.52608],[-72.76583,41.525888],[-72.764993,41.525747],[-72.76268,41.52542],[-72.761545,41.525471],[-72.759945,41.525541],[-72.755079,41.52585],[-72.753832,41.525938],[-72.75361,41.525969],[-72.750379,41.526329],[-72.748898,41.526784],[-72.748666,41.526869],[-72.747116,41.527719],[-72.747056,41.527289],[-72.746502,41.520681],[-72.746038,41.513555],[-72.74566,41.508922],[-72.74478,41.498183],[-72.74333,41.483114],[-72.733886,41.485368],[-72.731036,41.485993],[-72.722758,41.487481],[-72.721716,41.487663],[-72.718823,41.488171],[-72.701124,41.491351],[-72.699134,41.491701],[-72.694962,41.492425],[-72.693286,41.491877],[-72.689962,41.489289],[-72.691879,41.486931],[-72.690337,41.485454],[-72.690008,41.482646],[-72.689387,41.48062],[-72.690271,41.479076],[-72.690269,41.477024],[-72.690409,41.475147],[-72.690906,41.472878],[-72.691781,41.471563],[-72.692226,41.466222],[-72.691781,41.460111],[-72.692551,41.459008],[-72.699577,41.458114],[-72.6995,41.457341],[-72.698385,41.453035],[-72.698347,41.450948],[-72.698656,41.450657],[-72.700668,41.448858],[-72.702577,41.447239],[-72.706851,41.444736],[-72.708368,41.443986],[-72.711092,41.441934],[-72.711403,41.441683],[-72.715476,41.438904],[-72.719168,41.437242],[-72.723087,41.436706],[-72.724248,41.436317],[-72.726665,41.434574],[-72.731295,41.430013],[-72.734298,41.427208],[-72.736142,41.425974],[-72.73801,41.424669],[-72.735,41.425188],[-72.730471,41.425928],[-72.72064,41.427397],[-72.71042,41.429073],[-72.708343,41.429443],[-72.705525,41.43008],[-72.692795,41.432257],[-72.691558,41.432437],[-72.690555,41.432569],[-72.682666,41.433776],[-72.678739,41.433797],[-72.672478,41.435078],[-72.668401,41.435514],[-72.667918,41.435573],[-72.666833,41.435694],[-72.654193,41.438256],[-72.653672,41.438125],[-72.654563,41.43626],[-72.652215,41.434528],[-72.650908,41.435031],[-72.64929,41.435612],[-72.648363,41.435148],[-72.648431,41.434199],[-72.649504,41.430924],[-72.646843,41.431153],[-72.644458,41.43051],[-72.642351,41.429323],[-72.64448,41.42678],[-72.648789,41.421998],[-72.650482,41.419119],[-72.649214,41.417345],[-72.647406,41.416962],[-72.646875,41.415744],[-72.645073,41.415802],[-72.641634,41.413736],[-72.637801,41.41232],[-72.636983,41.412735],[-72.634243,41.412197],[-72.632877,41.4125],[-72.631656,41.411167],[-72.632516,41.41045],[-72.632269,41.408122],[-72.630587,41.406943],[-72.63083,41.403589],[-72.629017,41.401232],[-72.62608,41.400059],[-72.625027,41.399092],[-72.625909,41.397165],[-72.624392,41.396016],[-72.623887,41.39502],[-72.622706,41.394631],[-72.622458,41.393594],[-72.621277,41.393435],[-72.620022,41.392247],[-72.61801,41.391656],[-72.61771,41.390744],[-72.616332,41.38968],[-72.616032,41.388742],[-72.612328,41.386179],[-72.613837,41.384398],[-72.614006,41.38078],[-72.612616,41.377994],[-72.611423,41.377296],[-72.611524,41.3765],[-72.60884,41.373513],[-72.608743,41.371125],[-72.609241,41.370529],[-72.608132,41.367404],[-72.61014,41.367148],[-72.610538,41.366253],[-72.609346,41.365357],[-72.609746,41.363368],[-72.612233,41.362674],[-72.612634,41.360485],[-72.612527,41.358155],[-72.612563,41.357205],[-72.612655,41.353834],[-72.611605,41.352327],[-72.611699,41.351262],[-72.612834,41.350219],[-72.611836,41.349006],[-72.61139,41.347096],[-72.611213,41.343233],[-72.612705,41.342414],[-72.612689,41.340866],[-72.61346,41.339653],[-72.614405,41.337002],[-72.613604,41.336223],[-72.614112,41.334274],[-72.614963,41.333588],[-72.614145,41.329483],[-72.612077,41.32922],[-72.611518,41.327506],[-72.608399,41.328181],[-72.605226,41.327609],[-72.60251,41.325977],[-72.600567,41.325837],[-72.599513,41.327263],[-72.597136,41.328545],[-72.595708,41.328035],[-72.59479,41.326125],[-72.592866,41.324065],[-72.594293,41.321324],[-72.594207,41.318748],[-72.594856,41.315334],[-72.595606,41.312028],[-72.595878,41.31109],[-72.597657,41.309797],[-72.600457,41.30734],[-72.601592,41.305337],[-72.603837,41.302905],[-72.61106,41.301454],[-72.612428,41.301027],[-72.617093,41.298449],[-72.623042,41.295933],[-72.626553,41.294519],[-72.626652,41.294493],[-72.629821,41.293081],[-72.637764,41.291146],[-72.638098,41.290956],[-72.638252,41.290903],[-72.642951,41.288773],[-72.645148,41.288821],[-72.645732,41.288833],[-72.648775,41.288878],[-72.64905,41.289206],[-72.648524,41.289305],[-72.647098,41.28982],[-72.645623,41.288987],[-72.644973,41.289533],[-72.644798,41.290421],[-72.643877,41.291607],[-72.642135,41.293003],[-72.639265,41.295128],[-72.633256,41.29936],[-72.633854,41.303573],[-72.633541,41.30453],[-72.632646,41.306111],[-72.632594,41.307717],[-72.63174,41.309447],[-72.632999,41.310374],[-72.634351,41.312099],[-72.635584,41.312876],[-72.636301,41.314341],[-72.635943,41.315496],[-72.638278,41.318025],[-72.64004,41.318395],[-72.642011,41.320399],[-72.642373,41.322468],[-72.644967,41.32278],[-72.645074,41.323974],[-72.646267,41.324219],[-72.647555,41.325533],[-72.650474,41.326683],[-72.650473,41.32839],[-72.654986,41.330711],[-72.655486,41.331335],[-72.658448,41.330291],[-72.658501,41.33035],[-72.660804,41.332108],[-72.664099,41.335445],[-72.665285,41.335375],[-72.665597,41.335848],[-72.666952,41.337809],[-72.667597,41.337314],[-72.669604,41.335245],[-72.676379,41.334512],[-72.677253,41.33422],[-72.677668,41.334885],[-72.677919,41.335559],[-72.678151,41.337264],[-72.679129,41.337478],[-72.679985,41.336977],[-72.680786,41.336794],[-72.683001,41.335163],[-72.684702,41.334569],[-72.684864,41.332145],[-72.684233,41.33194],[-72.685419,41.330348],[-72.687354,41.330118],[-72.687006,41.328341],[-72.686591,41.325575],[-72.687884,41.325455],[-72.689413,41.326179],[-72.69113,41.32906],[-72.692842,41.330175],[-72.693971,41.331427],[-72.693476,41.332205],[-72.694853,41.332543],[-72.695821,41.334828],[-72.698574,41.337049],[-72.698035,41.337826],[-72.698323,41.339365],[-72.699949,41.338698],[-72.70199,41.336905],[-72.702807,41.339111],[-72.702658,41.341925],[-72.703014,41.344637],[-72.704737,41.345937],[-72.705363,41.346452],[-72.705645,41.351148],[-72.70476,41.353084],[-72.705906,41.356258],[-72.706889,41.356264],[-72.718979,41.352922],[-72.719765,41.352681],[-72.728476,41.350266],[-72.731631,41.349001],[-72.738575,41.346064],[-72.743616,41.344685],[-72.743561,41.34426],[-72.743026,41.340457],[-72.742976,41.339726],[-72.742728,41.338347],[-72.742723,41.338321],[-72.742709,41.338246],[-72.742705,41.338221],[-72.742134,41.334562],[-72.74154,41.32638],[-72.74145,41.323691],[-72.742679,41.320856],[-72.745722,41.311496],[-72.74611,41.310633],[-72.760553,41.307721],[-72.767348,41.306197],[-72.769044,41.305767],[-72.771342,41.305093],[-72.775042,41.308697],[-72.776763,41.310182],[-72.778649,41.311671],[-72.780337,41.313018],[-72.784597,41.315476],[-72.787875,41.317423],[-72.795728,41.322264],[-72.799171,41.324323],[-72.801876,41.323679],[-72.816954,41.320094],[-72.818422,41.319726],[-72.823562,41.318424],[-72.823843,41.318324],[-72.835013,41.314393],[-72.837293,41.312572],[-72.838365,41.308794],[-72.840181,41.299796],[-72.842697,41.302845],[-72.846289,41.305684],[-72.846584,41.305546],[-72.848878,41.305728],[-72.849316,41.305933],[-72.848446,41.30688],[-72.850986,41.307715],[-72.851255,41.306464],[-72.852243,41.30684],[-72.853696,41.304831],[-72.854566,41.303883],[-72.860097,41.302873],[-72.862904,41.304414],[-72.865084,41.30501],[-72.866016,41.305002],[-72.868951,41.307114],[-72.870497,41.305675],[-72.871288,41.30597],[-72.87364,41.306847],[-72.872283,41.309626],[-72.870739,41.312862],[-72.869696,41.315312],[-72.86773,41.319753],[-72.867571,41.320433],[-72.867184,41.321618],[-72.866532,41.323099],[-72.864244,41.327498],[-72.862585,41.331574],[-72.860821,41.335431],[-72.860309,41.336639],[-72.863288,41.336017],[-72.86429,41.336136],[-72.866205,41.33601],[-72.869937,41.334775],[-72.876169,41.334007],[-72.876547,41.334018],[-72.879183,41.334093],[-72.882538,41.333575],[-72.88379,41.333331],[-72.884937,41.333167],[-72.885837,41.332978],[-72.888393,41.332599],[-72.888845,41.332597],[-72.889252,41.334107],[-72.888697,41.336048],[-72.888442,41.338398],[-72.887972,41.339665],[-72.886773,41.34115],[-72.882853,41.343701],[-72.880157,41.343384],[-72.878763,41.34463],[-72.88115,41.3465],[-72.879642,41.347488],[-72.87724,41.346614],[-72.876226,41.346956],[-72.874942,41.347401],[-72.873252,41.349399],[-72.874456,41.351683],[-72.876526,41.353211],[-72.87697,41.353476],[-72.877274,41.353454],[-72.880036,41.353122],[-72.882904,41.353115],[-72.883825,41.353508],[-72.884466,41.354736],[-72.883922,41.357158],[-72.881881,41.358878],[-72.881718,41.359631],[-72.881745,41.360897],[-72.881756,41.363699],[-72.880643,41.364498],[-72.879328,41.364551],[-72.876023,41.362896],[-72.875901,41.362904],[-72.874818,41.363628],[-72.874457,41.364694],[-72.875167,41.366008],[-72.874883,41.367109],[-72.874657,41.367367],[-72.872838,41.369028],[-72.87312,41.370385],[-72.873089,41.373427],[-72.872556,41.37444],[-72.872115,41.375001],[-72.871907,41.375582],[-72.872247,41.376423],[-72.872192,41.376583],[-72.873056,41.377605],[-72.874161,41.379211],[-72.874046,41.379448],[-72.87336,41.379532],[-72.872879,41.37933],[-72.872131,41.379047],[-72.871552,41.379101],[-72.871452,41.379536],[-72.871727,41.380154],[-72.872795,41.380749],[-72.874526,41.380973],[-72.874779,41.381065],[-72.874863,41.381241],[-72.874886,41.381462],[-72.874847,41.381798],[-72.874329,41.382851],[-72.874001,41.383106],[-72.873398,41.38306],[-72.872841,41.382862],[-72.87262,41.382706],[-72.872086,41.382706],[-72.871828,41.382866],[-72.872055,41.384182],[-72.871841,41.385513],[-72.871886,41.385734],[-72.871864,41.38602],[-72.872697,41.387263],[-72.872608,41.388097],[-72.871527,41.389914],[-72.871825,41.390011],[-72.872089,41.390094],[-72.872012,41.390809],[-72.874407,41.391233],[-72.874145,41.392409],[-72.875425,41.392643],[-72.875553,41.392665],[-72.876597,41.392851],[-72.880081,41.393506],[-72.882646,41.394071],[-72.883632,41.393981],[-72.885899,41.392742],[-72.886783,41.392209],[-72.887136,41.391985],[-72.887411,41.393355],[-72.887285,41.394621],[-72.887524,41.39683],[-72.886374,41.40043],[-72.885813,41.405038],[-72.885833,41.406168],[-72.886024,41.408165],[-72.88618,41.40988],[-72.88637,41.411295],[-72.884568,41.411406],[-72.883152,41.423309],[-72.882757,41.423192],[-72.881614,41.423183],[-72.877983,41.424268],[-72.874213,41.426306],[-72.869223,41.426222],[-72.864094,41.426574],[-72.861782,41.425927],[-72.860765,41.426993],[-72.85831,41.42953],[-72.856072,41.429827],[-72.85436,41.430843],[-72.851518,41.434007],[-72.85136,41.434382],[-72.85546,41.435825],[-72.87061,41.441751],[-72.876739,41.444233],[-72.883214,41.446652],[-72.886667,41.447957],[-72.883383,41.451817],[-72.879647,41.45627],[-72.877729,41.45806],[-72.876644,41.459675],[-72.87738,41.461182],[-72.875602,41.463343],[-72.87351,41.46603],[-72.87228,41.467894],[-72.871264,41.469466],[-72.868205,41.473591],[-72.867935,41.473955],[-72.864812,41.47816],[-72.859071,41.485833],[-72.857451,41.488037],[-72.855486,41.490629],[-72.852701,41.494347],[-72.853268,41.494564],[-72.855748,41.495784],[-72.858094,41.496972],[-72.868217,41.49964],[-72.872261,41.500337],[-72.877964,41.500865],[-72.878176,41.500208],[-72.880046,41.500381],[-72.882939,41.500411],[-72.886139,41.501],[-72.886579,41.500958],[-72.890688,41.500476],[-72.899404,41.498395],[-72.899884,41.4984],[-72.900082,41.498394],[-72.901453,41.498861],[-72.901168,41.499417],[-72.900951,41.500938],[-72.90236,41.50181],[-72.903968,41.503431],[-72.90396,41.504267],[-72.905316,41.504779],[-72.906466,41.505234],[-72.906806,41.505375],[-72.910846,41.506943],[-72.912729,41.504093],[-72.912889,41.50199],[-72.911292,41.501828],[-72.91202,41.498278],[-72.91308,41.49844],[-72.914116,41.498621],[-72.91452,41.498667],[-72.915507,41.498835],[-72.920084,41.499666],[-72.921523,41.499824],[-72.923103,41.499977],[-72.928365,41.500645],[-72.930308,41.500922],[-72.934647,41.501246],[-72.935004,41.504193],[-72.934736,41.506714],[-72.935057,41.507562],[-72.937606,41.510327],[-72.938613,41.511464],[-72.940128,41.513058],[-72.941242,41.51448],[-72.947324,41.521168],[-72.948362,41.522135],[-72.950908,41.523225],[-72.951578,41.523437],[-72.95322,41.523932],[-72.953869,41.524209],[-72.955817,41.52504],[-72.956467,41.525318],[-72.956878,41.525472],[-72.959271,41.526365],[-72.967249,41.529238],[-72.969365,41.530234],[-72.968564,41.53131],[-72.966633,41.535264],[-72.966027,41.536594],[-72.965977,41.53658],[-72.965863,41.536753],[-72.962252,41.544735],[-72.959803,41.549278],[-72.958691,41.551396],[-72.9576,41.553398],[-72.956788,41.555295],[-72.956906,41.555279],[-72.958519,41.55509],[-72.959146,41.555021],[-72.960199,41.554916],[-72.960779,41.55484],[-72.961883,41.554728],[-72.964216,41.554429],[-72.969369,41.553803],[-72.969907,41.553809],[-72.974435,41.553705],[-72.974514,41.553696],[-72.975285,41.553609],[-72.979853,41.553349],[-72.981057,41.554406],[-72.982439,41.555619],[-72.982613,41.555963],[-72.985168,41.558131],[-72.991587,41.564319],[-72.992208,41.564892],[-72.992797,41.565439],[-72.994386,41.566905],[-72.996753,41.56906],[-72.998278,41.570644],[-72.99873,41.57101],[-73.001734,41.573939],[-73.001868,41.574089],[-73.002465,41.574303],[-73.003675,41.575512],[-73.003859,41.575695],[-73.012049,41.583778],[-73.013214,41.588686],[-73.014307,41.588416],[-73.015716,41.586707],[-73.019218,41.583961],[-73.020294,41.58176],[-73.023369,41.578911],[-73.024658,41.578382],[-73.025827,41.577169],[-73.026401,41.576685],[-73.027323,41.577527],[-73.027537,41.577726],[-73.027921,41.578081],[-73.028836,41.58001],[-73.03057,41.579537],[-73.031061,41.578965],[-73.032421,41.579608],[-73.034221,41.580426],[-73.034095,41.581212],[-73.034647,41.581488],[-73.034859,41.581593],[-73.038958,41.583625],[-73.039162,41.58374],[-73.039375,41.583661],[-73.039739,41.583847],[-73.04008,41.583979],[-73.040366,41.583993],[-73.040789,41.583993],[-73.040985,41.583875],[-73.041517,41.58387],[-73.042315,41.583867],[-73.042344,41.583966],[-73.042385,41.585229],[-73.043182,41.585367],[-73.044195,41.58554],[-73.044167,41.585204],[-73.047466,41.584807],[-73.047853,41.584795],[-73.04873,41.584548],[-73.049375,41.584238],[-73.050034,41.5823],[-73.05061,41.58436],[-73.051496,41.58508],[-73.051882,41.584973],[-73.052774,41.584756],[-73.053147,41.584622],[-73.053435,41.584504],[-73.053687,41.584392],[-73.054047,41.584251],[-73.054262,41.584163],[-73.054477,41.584016],[-73.053393,41.582621],[-73.053139,41.581416],[-73.051937,41.579725],[-73.052015,41.578093],[-73.052704,41.576285],[-73.056317,41.569831],[-73.057969,41.56722],[-73.058479,41.565287],[-73.058165,41.563154],[-73.056562,41.559153],[-73.05629,41.558973],[-73.055963,41.558757],[-73.05493,41.556976],[-73.054894,41.556985],[-73.054788,41.557016],[-73.054753,41.557026],[-73.054635,41.55706],[-73.052083,41.557911],[-73.050188,41.558364],[-73.048035,41.556138],[-73.045889,41.551894],[-73.045857,41.551819],[-73.049865,41.551678],[-73.049545,41.55101],[-73.049618,41.55083],[-73.049696,41.550744],[-73.049865,41.550517],[-73.049904,41.550465],[-73.051977,41.549739],[-73.050131,41.546865],[-73.051299,41.546504],[-73.051056,41.546088],[-73.049682,41.545324],[-73.049398,41.544709],[-73.049124,41.54327],[-73.048565,41.543731],[-73.046592,41.542368],[-73.046641,41.541277],[-73.046612,41.540548],[-73.046647,41.539811],[-73.046061,41.538447],[-73.044477,41.537445],[-73.04406,41.537041],[-73.043842,41.534953],[-73.044611,41.530513],[-73.0443,41.530594],[-73.043717,41.530747],[-73.043039,41.530587],[-73.041437,41.530247],[-73.040408,41.530007],[-73.040125,41.529948],[-73.039767,41.529873],[-73.039384,41.529793],[-73.038502,41.531822],[-73.036711,41.530869],[-73.036061,41.531447],[-73.035859,41.531572],[-73.035144,41.532349],[-73.033375,41.531938],[-73.033716,41.531044],[-73.031816,41.530578],[-73.030844,41.530345],[-73.030008,41.530953],[-73.029243,41.531479],[-73.028217,41.530633],[-73.027568,41.529856],[-73.026605,41.528437],[-73.024791,41.528545],[-73.022171,41.529676],[-73.021686,41.528268],[-73.022344,41.527584],[-73.021535,41.526728],[-73.023468,41.523644],[-73.023572,41.521902],[-73.022453,41.519001],[-73.020356,41.519417],[-73.019201,41.519409],[-73.018419,41.519789],[-73.01817,41.519834],[-73.015127,41.520825],[-73.01131,41.522156],[-73.005085,41.523693],[-73.003832,41.524233],[-73.00215,41.524754],[-72.999551,41.525927],[-72.998,41.525544],[-72.995862,41.524428],[-72.993425,41.521737],[-72.990292,41.518685],[-72.988706,41.517222],[-72.987751,41.516359],[-72.985632,41.514318],[-72.983382,41.511303],[-72.981042,41.507575],[-72.979066,41.50382],[-72.979063,41.502661],[-72.979036,41.500853],[-72.977156,41.498434],[-72.977068,41.498314],[-72.976016,41.495592],[-72.975932,41.495375],[-72.974692,41.491514],[-72.971301,41.483589],[-72.970503,41.484324],[-72.966314,41.485592],[-72.966904,41.484338],[-72.965001,41.483458],[-72.965762,41.480507],[-72.963978,41.480126],[-72.962859,41.47927],[-72.963073,41.478556],[-72.961217,41.476367],[-72.961624,41.475072],[-72.960961,41.474906],[-72.958727,41.478122],[-72.958413,41.478535],[-72.958048,41.47902],[-72.954322,41.485213],[-72.954161,41.486333],[-72.95277,41.489912],[-72.943566,41.487458],[-72.944044,41.484391],[-72.943735,41.483272],[-72.94434,41.481582],[-72.944118,41.480153],[-72.944744,41.47891],[-72.94725,41.478222],[-72.948124,41.476325],[-72.9491,41.472907],[-72.949956,41.471754],[-72.950068,41.469119],[-72.951201,41.467303],[-72.951845,41.465522],[-72.952392,41.464589],[-72.948048,41.464097],[-72.947448,41.460097],[-72.949048,41.455797],[-72.951448,41.454397],[-72.952548,41.452897],[-72.957148,41.450097],[-72.958139,41.448837],[-72.957824,41.446603],[-72.95792,41.445198],[-72.958914,41.443893],[-72.963238,41.439405],[-72.962692,41.43873],[-72.963487,41.437542],[-72.96158,41.432434],[-72.955248,41.428925],[-72.950713,41.427813],[-72.95256,41.419374],[-72.949732,41.417517],[-72.940152,41.411224],[-72.93893,41.408584],[-72.94041,41.407816],[-72.942564,41.407128],[-72.944732,41.40623],[-72.95352,41.399743],[-72.95291,41.396946],[-72.953622,41.395548],[-72.954873,41.394475],[-72.961682,41.3939],[-72.965386,41.393527],[-72.965604,41.393608],[-72.97245,41.392783],[-72.981462,41.392011],[-72.982992,41.391915],[-72.988205,41.391547],[-73.00056,41.390504],[-73.000623,41.390499],[-73.005106,41.390182],[-73.010559,41.389796],[-73.023217,41.388956],[-73.029982,41.388507],[-73.031388,41.389345],[-73.032594,41.390026],[-73.034255,41.391788],[-73.036985,41.391369],[-73.037798,41.391701],[-73.039146,41.393535],[-73.04029,41.393716],[-73.041593,41.395064],[-73.042848,41.395649],[-73.043643,41.394979],[-73.046865,41.395205],[-73.047543,41.395834],[-73.047608,41.395611],[-73.0483,41.390459],[-73.048885,41.383888],[-73.04907,41.381053],[-73.047162,41.360531],[-73.046445,41.352086],[-73.046334,41.346078],[-73.043718,41.34232],[-73.043843,41.341577],[-73.042788,41.338759],[-73.041881,41.337578],[-73.041193,41.335632],[-73.041072,41.335293],[-73.039981,41.332357],[-73.038934,41.32801],[-73.039141,41.326654],[-73.040529,41.317182],[-73.040707,41.313891],[-73.033576,41.313129],[-73.029937,41.31219],[-73.028064,41.311879],[-73.023159,41.311363],[-73.020627,41.311095],[-73.016482,41.310826],[-73.013074,41.310319],[-73.008764,41.31041],[-73.007599,41.31069],[-73.002624,41.312024],[-73.000697,41.312623],[-72.998048,41.314097],[-72.989148,41.313297],[-72.98613,41.306187],[-72.984502,41.302364],[-72.984437,41.30216],[-72.984268,41.30179],[-72.98573,41.291989],[-72.985988,41.290278],[-72.987302,41.288249],[-72.986188,41.285737],[-72.987148,41.282447],[-72.986908,41.281159],[-72.985648,41.280456],[-72.984035,41.280599],[-72.982985,41.28129],[-72.982243,41.280792],[-72.981533,41.280295],[-72.980878,41.279864],[-72.979943,41.279192],[-72.986468,41.273049],[-72.985636,41.272458],[-72.985334,41.272232],[-72.983348,41.27086],[-72.981545,41.269575],[-72.979406,41.268343],[-72.97722,41.268621],[-72.975969,41.267344],[-72.975844,41.267212],[-72.975502,41.266902],[-72.974096,41.265618],[-72.97309,41.26518],[-72.976123,41.263182],[-72.976608,41.261787],[-72.980148,41.259039],[-72.981174,41.25864],[-72.982733,41.257018],[-72.98151,41.256414],[-72.980233,41.255657],[-72.97912,41.255039],[-72.978493,41.25475],[-72.973904,41.252486],[-72.969943,41.256593],[-72.968659,41.255879],[-72.969154,41.25533],[-72.969559,41.25471],[-72.966349,41.252921],[-72.96438,41.25181],[-72.963289,41.251199],[-72.962967,41.251021],[-72.961545,41.252546],[-72.959922,41.253412],[-72.960011,41.25257],[-72.960125,41.249576],[-72.960131,41.24941],[-72.960447,41.241297],[-72.961803,41.239105],[-72.96086,41.218409],[-72.970426,41.224869],[-72.979047,41.230397],[-72.982117,41.232407],[-72.984234,41.233794],[-72.986721,41.235425],[-72.986904,41.235535],[-72.99028,41.234737],[-72.992615,41.234206],[-72.992639,41.236552],[-72.993232,41.237386],[-72.992127,41.239001],[-72.993228,41.240255],[-72.993146,41.240991],[-72.994634,41.241692],[-72.993548,41.244171],[-72.992051,41.244909],[-72.995014,41.245711],[-72.998111,41.246202],[-72.998621,41.246338],[-72.998729,41.246362],[-73.000617,41.246683],[-73.006448,41.248121],[-73.014533,41.242877],[-73.018934,41.240112],[-73.022531,41.238311],[-73.022081,41.2379],[-73.0194,41.236555],[-73.014187,41.236963],[-73.013377,41.236741],[-73.012955,41.236638],[-73.011891,41.236418],[-73.011034,41.234951],[-73.010199,41.233575],[-73.010047,41.233478],[-73.011373,41.229883],[-73.011711,41.227825],[-73.011419,41.227039],[-73.012478,41.226614],[-73.012716,41.225234],[-73.014542,41.223313],[-73.014775,41.222474],[-73.016327,41.221566],[-73.017524,41.220881],[-73.017553,41.220902],[-73.018355,41.220219],[-73.017616,41.219482],[-73.020176,41.216356],[-73.018868,41.215705],[-73.01809,41.215194],[-73.01785,41.215045],[-73.018263,41.213073],[-73.020085,41.211287],[-73.020413,41.209331],[-73.020287,41.207056],[-73.020257,41.206689],[-73.020443,41.206524],[-73.020274,41.204796],[-73.021689,41.204604],[-73.022529,41.204579],[-73.02873,41.204405],[-73.02696,41.198179],[-73.031149,41.198197],[-73.034531,41.201951],[-73.036812,41.204484],[-73.037686,41.203192],[-73.037941,41.201814],[-73.039663,41.20333],[-73.044829,41.208963],[-73.04605,41.209819],[-73.048099,41.210045],[-73.048941,41.210346],[-73.04911,41.211464],[-73.051117,41.212452],[-73.0541,41.215099],[-73.054306,41.220318],[-73.055428,41.222073],[-73.05558,41.222735],[-73.055693,41.223673],[-73.057122,41.225487],[-73.056987,41.225684],[-73.057697,41.226457],[-73.058247,41.226518],[-73.057694,41.228807],[-73.056992,41.230546],[-73.057687,41.232421],[-73.059396,41.232235],[-73.06048,41.233254],[-73.058836,41.234491],[-73.060022,41.234822],[-73.061407,41.235268],[-73.061634,41.234895],[-73.062804,41.233529],[-73.063967,41.231551],[-73.06409,41.230956],[-73.064036,41.230698],[-73.064232,41.230599],[-73.064062,41.229569],[-73.063941,41.229577],[-73.064413,41.228122],[-73.063075,41.226996],[-73.063972,41.226482],[-73.064006,41.226452],[-73.06693,41.228764],[-73.067257,41.229064],[-73.068724,41.228269],[-73.070891,41.226061],[-73.069821,41.226215],[-73.068916,41.223531],[-73.068091,41.223404],[-73.067825,41.223493],[-73.065534,41.221082],[-73.065513,41.220676],[-73.065531,41.220542],[-73.065424,41.219784],[-73.065039,41.219347],[-73.068926,41.217587],[-73.076548,41.215214],[-73.082733,41.212354],[-73.085289,41.211651],[-73.087933,41.210959],[-73.087884,41.210736],[-73.087309,41.209962],[-73.08845,41.209034],[-73.08991,41.206657],[-73.089968,41.206492],[-73.09052,41.204834],[-73.092969,41.202439],[-73.095769,41.199964],[-73.095712,41.198921],[-73.097145,41.197913],[-73.098152,41.197127],[-73.100128,41.196911],[-73.101849,41.193183],[-73.104828,41.191772],[-73.107685,41.189861],[-73.109047,41.190188],[-73.116233,41.192586],[-73.113077,41.19672],[-73.114234,41.197765],[-73.116006,41.196794],[-73.117,41.197192],[-73.117697,41.196219],[-73.118566,41.195218],[-73.119477,41.194154],[-73.122197,41.195429],[-73.122644,41.194885],[-73.122853,41.194366],[-73.124126,41.189941],[-73.124718,41.189946],[-73.124821,41.18907],[-73.124849,41.187295],[-73.126076,41.187053],[-73.126175,41.187881],[-73.126589,41.189033],[-73.1279,41.1892],[-73.127608,41.190016],[-73.127049,41.191262],[-73.130366,41.19138],[-73.130506,41.190133],[-73.130533,41.189862],[-73.130467,41.188649],[-73.130536,41.188641],[-73.132943,41.188666],[-73.13309,41.187034],[-73.133917,41.187082],[-73.134266,41.18703],[-73.135318,41.186915],[-73.136701,41.186828],[-73.138083,41.185136],[-73.13958,41.183556],[-73.140061,41.18369],[-73.140239,41.183745],[-73.140614,41.1839],[-73.141355,41.184239],[-73.142104,41.184609],[-73.143078,41.184854],[-73.141968,41.185414],[-73.141074,41.18592],[-73.138373,41.186801],[-73.138371,41.187431],[-73.135873,41.189023],[-73.1347,41.190771],[-73.135731,41.191284],[-73.133449,41.19298],[-73.13356,41.193075],[-73.13383,41.193268],[-73.133895,41.193403],[-73.134194,41.194621],[-73.134724,41.197114],[-73.134499,41.198143],[-73.134709,41.198338],[-73.135012,41.19854],[-73.134946,41.198421],[-73.134862,41.19832],[-73.137173,41.197879],[-73.137768,41.197778],[-73.138037,41.19772],[-73.138814,41.197441],[-73.139149,41.197305],[-73.140163,41.19813],[-73.139796,41.199747],[-73.141385,41.199457],[-73.141698,41.200319],[-73.142407,41.202239],[-73.144055,41.201261],[-73.145159,41.200793],[-73.144725,41.200095],[-73.145625,41.199764],[-73.146706,41.199384],[-73.146252,41.197259],[-73.146429,41.197271],[-73.14613,41.196037],[-73.144918,41.196091],[-73.144343,41.193861],[-73.145205,41.193555],[-73.145522,41.193452],[-73.146455,41.193121],[-73.146521,41.193104],[-73.147695,41.1927],[-73.147748,41.192759],[-73.148725,41.192943],[-73.149652,41.193094],[-73.149842,41.193077],[-73.150733,41.192991],[-73.151808,41.192814],[-73.152346,41.192714],[-73.152772,41.192632],[-73.153367,41.192536],[-73.153819,41.192533],[-73.154252,41.1919],[-73.155115,41.189992],[-73.155192,41.187463],[-73.154764,41.185053],[-73.154731,41.184819],[-73.15446,41.183834],[-73.154486,41.183683],[-73.154613,41.183554],[-73.154565,41.181607],[-73.154807,41.180954],[-73.155424,41.177973],[-73.158327,41.174855],[-73.15849,41.174676],[-73.158783,41.174325],[-73.159306,41.173758],[-73.158754,41.173663],[-73.159923,41.170692],[-73.161332,41.166655],[-73.162308,41.164164],[-73.16273,41.162841],[-73.163281,41.161117],[-73.16441,41.157961],[-73.165755,41.154297],[-73.134185,41.093515],[-73.11821,41.058039],[-73.0652,41.071025],[-72.999547,41.087108],[-72.92408,41.101703],[-72.882601,41.109725],[-72.862708,41.113572],[-72.827828,41.120318],[-72.795024,41.126634],[-72.749393,41.135305],[-72.735817,41.137911],[-72.647478,41.154854],[-72.575225,41.168703],[-72.527901,41.177774],[-72.469464,41.188848],[-72.421688,41.197903],[-72.396529,41.202671],[-72.331453,41.215004],[-72.248529,41.230711],[-72.220393,41.235808],[-72.184863,41.242245],[-72.141534,41.250098],[-72.08282,41.262027],[-72.081775,41.26224],[-72.050058,41.276614],[-72.019214,41.290594],[-72.016012,41.291438],[-71.999486,41.295794],[-71.979147,41.300032],[-71.939804,41.308229],[-71.929451,41.310387],[-71.907258,41.304483],[-71.901658,41.312683],[-71.900301,41.316046],[-71.893105,41.327373],[-71.892356,41.329218],[-71.892067,41.330075],[-71.889292,41.328975],[-71.882131,41.325673],[-71.875011,41.322117],[-71.866538,41.319185],[-71.859896,41.320358],[-71.857458,41.320789],[-71.851923,41.324664],[-71.847709,41.329604],[-71.844611,41.33073],[-71.83728,41.335068],[-71.829365,41.342432],[-71.829779,41.346229],[-71.831303,41.351295],[-71.836044,41.353988],[-71.836768,41.355103],[-71.837807,41.358994],[-71.837633,41.365499],[-71.835013,41.367647],[-71.832069,41.369863],[-71.831652,41.372226],[-71.832656,41.37585],[-71.831464,41.377654],[-71.831356,41.377752],[-71.830831,41.379137],[-71.831796,41.379866],[-71.833527,41.382264],[-71.832955,41.385257],[-71.832591,41.386385],[-71.83313,41.387839],[-71.835708,41.389852],[-71.838749,41.391054],[-71.840991,41.394024],[-71.841042,41.394089],[-71.842211,41.395771],[-71.842004,41.397496],[-71.841068,41.399658],[-71.841553,41.403046],[-71.843256,41.404461],[-71.843591,41.405331],[-71.842352,41.408084],[-71.842488,41.408714],[-71.844776,41.408839],[-71.848961,41.409777],[-71.855511,41.411556],[-71.855884,41.411642],[-71.867877,41.414118],[-71.868238,41.414198],[-71.875299,41.416036],[-71.889873,41.419786],[-71.891015,41.420099],[-71.893545,41.420731],[-71.900738,41.422543],[-71.906058,41.423884],[-71.923452,41.428416],[-71.927805,41.42955],[-71.94327,41.433646],[-71.942573,41.434795],[-71.943612,41.437702],[-71.943361,41.438054],[-71.942413,41.440037],[-71.942893,41.441379],[-71.944041,41.441244],[-71.94583,41.441674],[-71.946609,41.443355],[-71.947055,41.446391],[-71.949352,41.449221],[-71.948848,41.452199],[-71.948659,41.453919],[-71.948152,41.456792],[-71.947439,41.458217],[-71.947897,41.460051],[-71.949829,41.466237],[-71.951162,41.469933],[-71.951219,41.470092],[-71.951376,41.470583],[-71.951405,41.470676],[-71.956618,41.487398],[-71.97121,41.486509],[-71.97141,41.486495],[-71.974219,41.486301],[-71.981008,41.486017],[-71.98363,41.485812],[-71.986085,41.485698],[-71.993502,41.485301],[-72.005915,41.484797],[-72.008137,41.484598],[-72.011711,41.4844],[-72.018747,41.48388],[-72.023631,41.483101],[-72.026571,41.483546],[-72.031849,41.484493],[-72.033628,41.484772],[-72.039673,41.48289],[-72.039924,41.484449],[-72.042005,41.484557],[-72.042565,41.484599],[-72.043784,41.485006],[-72.046728,41.485223],[-72.050076,41.484942],[-72.05507,41.483645],[-72.0571,41.48169],[-72.058417,41.479896],[-72.058711,41.478294],[-72.058092,41.473586],[-72.060282,41.471482],[-72.063104,41.467491],[-72.064915,41.465696],[-72.066348,41.465269],[-72.070021,41.463598],[-72.069921,41.465811],[-72.070622,41.469332],[-72.071323,41.471143],[-72.072823,41.473056],[-72.073624,41.474968],[-72.073424,41.478388],[-72.074425,41.481808],[-72.077613,41.485086],[-72.080498,41.489174],[-72.08102,41.492099],[-72.07802,41.490706],[-72.077824,41.4907],[-72.077572,41.490684],[-72.075497,41.4912],[-72.074611,41.491429],[-72.073389,41.491755],[-72.072871,41.491819],[-72.07203,41.494002],[-72.071721,41.497898],[-72.069416,41.508991],[-72.068114,41.515908],[-72.067703,41.517534],[-72.058641,41.512078],[-72.056415,41.513797],[-72.051902,41.517442],[-72.049817,41.519901],[-72.047389,41.522763],[-72.040317,41.531096],[-72.040917,41.531396],[-72.04352,41.532508],[-72.04412,41.532927],[-72.044318,41.533505],[-72.045951,41.534532],[-72.046904,41.535165],[-72.045833,41.538682],[-72.045066,41.540563],[-72.045649,41.540565],[-72.047568,41.541031],[-72.049467,41.541598],[-72.050264,41.541802],[-72.04892,41.546298],[-72.04672,41.548098],[-72.04582,41.549298],[-72.04562,41.550598],[-72.04632,41.554898],[-72.04612,41.555998],[-72.045616,41.557014],[-72.045045,41.558075],[-72.043208,41.561089],[-72.043453,41.562455],[-72.044569,41.566285],[-72.045625,41.5687],[-72.0459,41.570562],[-72.045326,41.573023],[-72.046616,41.572562],[-72.047574,41.57233],[-72.048523,41.572209],[-72.048504,41.572403],[-72.049558,41.575104],[-72.053966,41.573943],[-72.053015,41.578414],[-72.0536,41.577924],[-72.054864,41.573973],[-72.056209,41.573188],[-72.056824,41.571533],[-72.056784,41.569208],[-72.0575,41.568683],[-72.059599,41.568713],[-72.060756,41.569029],[-72.063077,41.570848],[-72.063583,41.570328],[-72.063028,41.564586],[-72.064865,41.564277],[-72.06484,41.566785],[-72.06598,41.567496],[-72.065961,41.569526],[-72.066459,41.570532],[-72.064589,41.570683],[-72.0643,41.571879],[-72.063639,41.573277],[-72.061966,41.574434],[-72.060367,41.576342],[-72.059282,41.576781],[-72.05891,41.577912],[-72.058995,41.581974],[-72.059272,41.583046],[-72.058607,41.583835],[-72.058365,41.584177],[-72.062067,41.583767],[-72.06562,41.582813],[-72.069253,41.581066],[-72.069361,41.581212],[-72.07111,41.583423],[-72.07492,41.585928],[-72.076258,41.586368],[-72.07918,41.583754],[-72.081097,41.581195],[-72.085892,41.578431],[-72.086581,41.576549],[-72.086938,41.575627],[-72.087813,41.573894],[-72.08792,41.572081],[-72.087922,41.571899],[-72.087794,41.57034],[-72.087757,41.567936],[-72.087296,41.563411],[-72.088869,41.560033],[-72.088971,41.559045],[-72.08789,41.556708],[-72.087856,41.556553],[-72.087872,41.556301],[-72.087919,41.556119],[-72.088063,41.555779],[-72.088585,41.554617],[-72.088845,41.55413],[-72.089048,41.553647],[-72.08912,41.553344],[-72.089171,41.552616],[-72.089351,41.552485],[-72.0907,41.551715],[-72.090975,41.550527],[-72.092929,41.550604],[-72.093668,41.550411],[-72.094205,41.550093],[-72.095684,41.549171],[-72.09691,41.54857],[-72.098516,41.548746],[-72.100124,41.549144],[-72.100818,41.550266],[-72.101764,41.550996],[-72.103358,41.551959],[-72.104658,41.55272],[-72.105741,41.553394],[-72.105897,41.553511],[-72.10714,41.554743],[-72.108151,41.556262],[-72.107934,41.556483],[-72.108461,41.556724],[-72.108442,41.557986],[-72.109251,41.560701],[-72.108721,41.565379],[-72.109917,41.5673],[-72.111082,41.568654],[-72.112355,41.57288],[-72.116059,41.573361],[-72.116475,41.573519],[-72.118743,41.574378],[-72.121177,41.570201],[-72.123349,41.566855],[-72.124563,41.564527],[-72.125195,41.563345],[-72.126088,41.564012],[-72.128095,41.565269],[-72.134022,41.568998],[-72.134981,41.569529],[-72.135762,41.56893],[-72.134744,41.567668],[-72.133186,41.566426],[-72.132123,41.564842],[-72.132152,41.563872],[-72.132179,41.563653],[-72.132351,41.562233],[-72.132136,41.560103],[-72.13235,41.555604],[-72.132641,41.55136],[-72.13268,41.548465],[-72.132854,41.548247],[-72.133882,41.546385],[-72.135446,41.54467],[-72.136202,41.543726],[-72.138693,41.539673],[-72.140548,41.536816],[-72.140656,41.536287],[-72.139058,41.529732],[-72.137588,41.524757],[-72.137125,41.523192],[-72.133556,41.512362],[-72.132884,41.508908],[-72.134151,41.506187],[-72.135416,41.504006],[-72.132934,41.502606],[-72.13043,41.502791],[-72.129518,41.503285],[-72.127226,41.503207],[-72.123058,41.501998],[-72.121893,41.501905],[-72.121076,41.502723],[-72.118295,41.502478],[-72.115632,41.500939],[-72.115426,41.500872],[-72.11544,41.500827],[-72.115531,41.500539],[-72.11556,41.500349],[-72.115606,41.500039],[-72.115652,41.499124],[-72.115626,41.498732],[-72.115613,41.498538],[-72.115557,41.498196],[-72.114642,41.493209],[-72.114363,41.491789],[-72.114316,41.489537],[-72.115017,41.487252],[-72.115816,41.484243],[-72.11658,41.471933],[-72.116435,41.469912],[-72.115128,41.462532],[-72.115022,41.460752],[-72.115042,41.460491],[-72.117284,41.450055],[-72.117724,41.446861],[-72.117522,41.444839],[-72.117735,41.444612],[-72.117832,41.444507],[-72.117826,41.444305],[-72.117496,41.442916],[-72.117281,41.442428],[-72.11728,41.44143],[-72.114213,41.439361],[-72.113187,41.438444],[-72.111022,41.437434],[-72.108969,41.437538],[-72.105873,41.437284],[-72.105701,41.437383],[-72.103454,41.438821],[-72.101475,41.43878],[-72.097524,41.438304],[-72.097344,41.438401],[-72.09727,41.438487],[-72.096776,41.438944],[-72.090994,41.437442],[-72.092421,41.436698],[-72.093421,41.435498],[-72.094721,41.432898],[-72.096121,41.431198],[-72.096621,41.429398],[-72.095621,41.425298]]]]}},{"type":"Feature","properties":{"id":4,"NAME":"4","TotalPop":721400,"PopDevPct":0.00029285,"DemPct":0.62687488,"RepPct":0.35764544,"WhitePct":0.55067159,"MinorityPct":0.44932841,"BlackPct":0.14306712,"HispanicPct":0.22742244,"PacificPct":0.00142853,"AsianPct":0.06354186,"NativePct":0.01358634,"TotalVAP":556515,"Margin":0.12687488,"color":"#00008b","opacity":"0.5"},"geometry":{"type":"MultiPolygon","coordinates":[[[[-73.291406,41.01788],[-73.275392,41.02112],[-73.249557,41.025866],[-73.241353,41.027767],[-73.231797,41.030083],[-73.229104,41.030604],[-73.221524,41.032506],[-73.183476,41.042052],[-73.17483,41.044169],[-73.11821,41.058039],[-73.134185,41.093515],[-73.165755,41.154297],[-73.16441,41.157961],[-73.163281,41.161117],[-73.16273,41.162841],[-73.162308,41.164164],[-73.161332,41.166655],[-73.159923,41.170692],[-73.158754,41.173663],[-73.159306,41.173758],[-73.158783,41.174325],[-73.15849,41.174676],[-73.158327,41.174855],[-73.155424,41.177973],[-73.154807,41.180954],[-73.154565,41.181607],[-73.154613,41.183554],[-73.154486,41.183683],[-73.15446,41.183834],[-73.154731,41.184819],[-73.154764,41.185053],[-73.155192,41.187463],[-73.155115,41.189992],[-73.154252,41.1919],[-73.153819,41.192533],[-73.153367,41.192536],[-73.152772,41.192632],[-73.152346,41.192714],[-73.151808,41.192814],[-73.150733,41.192991],[-73.149842,41.193077],[-73.149652,41.193094],[-73.148725,41.192943],[-73.147748,41.192759],[-73.147695,41.1927],[-73.146521,41.193104],[-73.146455,41.193121],[-73.145522,41.193452],[-73.145205,41.193555],[-73.144343,41.193861],[-73.144918,41.196091],[-73.14613,41.196037],[-73.146429,41.197271],[-73.146252,41.197259],[-73.146706,41.199384],[-73.145625,41.199764],[-73.144725,41.200095],[-73.145159,41.200793],[-73.144055,41.201261],[-73.142407,41.202239],[-73.141698,41.200319],[-73.141385,41.199457],[-73.139796,41.199747],[-73.140163,41.19813],[-73.139149,41.197305],[-73.138814,41.197441],[-73.138037,41.19772],[-73.137768,41.197778],[-73.137173,41.197879],[-73.134862,41.19832],[-73.134946,41.198421],[-73.135012,41.19854],[-73.134709,41.198338],[-73.134499,41.198143],[-73.134724,41.197114],[-73.134194,41.194621],[-73.133895,41.193403],[-73.13383,41.193268],[-73.13356,41.193075],[-73.133449,41.19298],[-73.135731,41.191284],[-73.1347,41.190771],[-73.135873,41.189023],[-73.138371,41.187431],[-73.138373,41.186801],[-73.141074,41.18592],[-73.141968,41.185414],[-73.143078,41.184854],[-73.142104,41.184609],[-73.141355,41.184239],[-73.140614,41.1839],[-73.140239,41.183745],[-73.140061,41.18369],[-73.13958,41.183556],[-73.138083,41.185136],[-73.136701,41.186828],[-73.135318,41.186915],[-73.134266,41.18703],[-73.133917,41.187082],[-73.13309,41.187034],[-73.132943,41.188666],[-73.130536,41.188641],[-73.130467,41.188649],[-73.130533,41.189862],[-73.130506,41.190133],[-73.130366,41.19138],[-73.127049,41.191262],[-73.127608,41.190016],[-73.1279,41.1892],[-73.126589,41.189033],[-73.126175,41.187881],[-73.126076,41.187053],[-73.124849,41.187295],[-73.124821,41.18907],[-73.124718,41.189946],[-73.124126,41.189941],[-73.122853,41.194366],[-73.122644,41.194885],[-73.122197,41.195429],[-73.119477,41.194154],[-73.118566,41.195218],[-73.117697,41.196219],[-73.117,41.197192],[-73.116006,41.196794],[-73.114234,41.197765],[-73.113077,41.19672],[-73.110572,41.20027],[-73.109653,41.201997],[-73.109453,41.204797],[-73.109476,41.204914],[-73.109553,41.205297],[-73.110653,41.207797],[-73.110653,41.210796],[-73.11034,41.213294],[-73.110253,41.213996],[-73.108353,41.218296],[-73.109353,41.221096],[-73.110453,41.225296],[-73.11381,41.22539],[-73.114289,41.225373],[-73.115369,41.223682],[-73.117388,41.221909],[-73.117703,41.220889],[-73.119634,41.219079],[-73.121175,41.218888],[-73.122948,41.218272],[-73.123244,41.218144],[-73.123505,41.22063],[-73.127725,41.220705],[-73.128026,41.222209],[-73.12808,41.222677],[-73.131045,41.221923],[-73.130883,41.221134],[-73.134664,41.220665],[-73.134636,41.219273],[-73.134597,41.218803],[-73.134534,41.217936],[-73.134283,41.217314],[-73.136495,41.216916],[-73.140383,41.216179],[-73.140484,41.216853],[-73.141102,41.216903],[-73.142898,41.216908],[-73.146327,41.215595],[-73.146119,41.215087],[-73.145924,41.214408],[-73.14565,41.213355],[-73.144974,41.212122],[-73.143811,41.210841],[-73.143679,41.210422],[-73.143531,41.20972],[-73.143366,41.208838],[-73.143347,41.208741],[-73.144643,41.208476],[-73.14499,41.208427],[-73.146229,41.208225],[-73.146496,41.208176],[-73.147893,41.207835],[-73.148072,41.207792],[-73.148968,41.207512],[-73.149962,41.20719],[-73.150336,41.207806],[-73.151234,41.209523],[-73.151621,41.210453],[-73.154041,41.212499],[-73.155405,41.211134],[-73.156247,41.209367],[-73.156006,41.207247],[-73.157554,41.206495],[-73.15756,41.205505],[-73.157988,41.20543],[-73.158926,41.20786],[-73.160014,41.211675],[-73.161944,41.217572],[-73.162827,41.220225],[-73.161803,41.222595],[-73.161503,41.22349],[-73.161272,41.224212],[-73.16055,41.225308],[-73.15891,41.226338],[-73.157745,41.228143],[-73.157724,41.22819],[-73.157666,41.228322],[-73.15766,41.228331],[-73.157636,41.228377],[-73.15829,41.228126],[-73.160255,41.227374],[-73.16091,41.227124],[-73.162278,41.226569],[-73.163248,41.226164],[-73.164684,41.225647],[-73.167065,41.224254],[-73.169545,41.222764],[-73.171201,41.222569],[-73.177264,41.222342],[-73.178484,41.222059],[-73.178634,41.222024],[-73.17884,41.221975],[-73.17978,41.221893],[-73.18088,41.221818],[-73.181919,41.22126],[-73.182598,41.220902],[-73.18354,41.220677],[-73.183751,41.220657],[-73.184482,41.220608],[-73.185366,41.220577],[-73.186295,41.220531],[-73.187271,41.220526],[-73.187202,41.221015],[-73.189262,41.221974],[-73.189449,41.222172],[-73.190421,41.223257],[-73.19059,41.223457],[-73.190748,41.224182],[-73.18532,41.223678],[-73.183182,41.223695],[-73.184513,41.225939],[-73.184161,41.226042],[-73.183719,41.226172],[-73.181321,41.226879],[-73.184618,41.22717],[-73.185205,41.227251],[-73.186802,41.2277],[-73.188315,41.22754],[-73.190407,41.226103],[-73.190857,41.225032],[-73.192151,41.225775],[-73.195241,41.227254],[-73.196346,41.227693],[-73.201072,41.228295],[-73.20149,41.229616],[-73.20315,41.229197],[-73.205002,41.22859],[-73.207293,41.22775],[-73.210851,41.228212],[-73.212438,41.228466],[-73.216416,41.228051],[-73.219125,41.227802],[-73.220365,41.227697],[-73.220624,41.227677],[-73.221402,41.227619],[-73.221662,41.2276],[-73.222922,41.227498],[-73.223555,41.227494],[-73.225193,41.227378],[-73.226533,41.227538],[-73.232182,41.227292],[-73.235258,41.227266],[-73.237429,41.227171],[-73.238243,41.227108],[-73.24034,41.226898],[-73.244168,41.226592],[-73.245457,41.228064],[-73.245489,41.228117],[-73.246154,41.229183],[-73.247782,41.231117],[-73.248556,41.231977],[-73.249557,41.231892],[-73.251393,41.230287],[-73.251248,41.229705],[-73.25256,41.226665],[-73.253641,41.225741],[-73.255651,41.22219],[-73.256559,41.219296],[-73.257992,41.217686],[-73.259912,41.216644],[-73.260191,41.21543],[-73.260405,41.215234],[-73.262098,41.212876],[-73.263182,41.211558],[-73.262374,41.211197],[-73.262311,41.211165],[-73.264612,41.20809],[-73.269244,41.204249],[-73.270392,41.202975],[-73.26935,41.202385],[-73.272949,41.198202],[-73.274234,41.197088],[-73.272009,41.194444],[-73.274468,41.1928],[-73.275604,41.190917],[-73.273832,41.188829],[-73.273188,41.187826],[-73.27266,41.187303],[-73.27153,41.185869],[-73.270964,41.182655],[-73.267578,41.180331],[-73.265919,41.178886],[-73.265619,41.177678],[-73.269123,41.1748],[-73.269159,41.174696],[-73.272672,41.173328],[-73.275119,41.172421],[-73.275919,41.172083],[-73.277328,41.171089],[-73.277591,41.169831],[-73.278923,41.168142],[-73.279454,41.166712],[-73.282223,41.16384],[-73.284048,41.162935],[-73.285616,41.162235],[-73.286181,41.161908],[-73.288006,41.162368],[-73.28808,41.162373],[-73.290711,41.161828],[-73.294858,41.160496],[-73.299391,41.157341],[-73.301861,41.15559],[-73.303091,41.154551],[-73.306021,41.152769],[-73.306937,41.15233],[-73.307401,41.152333],[-73.310004,41.155782],[-73.311724,41.158193],[-73.313913,41.161164],[-73.317944,41.166726],[-73.318332,41.167258],[-73.319074,41.168207],[-73.319906,41.169313],[-73.32227,41.172457],[-73.323295,41.17372],[-73.323343,41.173796],[-73.32441,41.175477],[-73.328113,41.180329],[-73.328272,41.180516],[-73.332003,41.185768],[-73.333739,41.188223],[-73.335789,41.191009],[-73.337439,41.193152],[-73.338457,41.194539],[-73.337707,41.196832],[-73.335159,41.198033],[-73.333573,41.198706],[-73.332987,41.201091],[-73.333296,41.202855],[-73.332359,41.204019],[-73.331844,41.205859],[-73.330735,41.208318],[-73.328908,41.210003],[-73.3301,41.210612],[-73.329014,41.213425],[-73.327916,41.214045],[-73.325674,41.216213],[-73.325916,41.218151],[-73.324902,41.220519],[-73.323638,41.222221],[-73.32483,41.224471],[-73.325845,41.224659],[-73.326701,41.225936],[-73.32581,41.227228],[-73.327344,41.229128],[-73.328778,41.230678],[-73.331364,41.233466],[-73.333892,41.23582],[-73.335873,41.238804],[-73.336789,41.240163],[-73.341432,41.245625],[-73.347528,41.251965],[-73.360954,41.26636],[-73.36166,41.267359],[-73.363393,41.268831],[-73.368811,41.274975],[-73.350795,41.281759],[-73.342143,41.284769],[-73.337293,41.286646],[-73.33115,41.288909],[-73.327644,41.290159],[-73.326065,41.290594],[-73.318819,41.293157],[-73.316486,41.293956],[-73.309872,41.295981],[-73.304798,41.297764],[-73.305871,41.298897],[-73.310211,41.303925],[-73.312742,41.306429],[-73.313349,41.307266],[-73.314218,41.308199],[-73.31547,41.308429],[-73.315997,41.31092],[-73.317935,41.311928],[-73.319074,41.313279],[-73.318692,41.313905],[-73.320372,41.315387],[-73.325287,41.322474],[-73.326294,41.321958],[-73.333337,41.318343],[-73.334846,41.321868],[-73.339014,41.331643],[-73.342788,41.340479],[-73.344682,41.344916],[-73.347055,41.350426],[-73.359714,41.347011],[-73.360014,41.346965],[-73.365754,41.345956],[-73.371634,41.344876],[-73.380747,41.343198],[-73.381716,41.342924],[-73.381858,41.342901],[-73.393084,41.340687],[-73.394296,41.340413],[-73.394551,41.342098],[-73.394313,41.347134],[-73.394625,41.347519],[-73.396283,41.34954],[-73.396819,41.351061],[-73.399048,41.355076],[-73.400891,41.358306],[-73.401188,41.360247],[-73.403445,41.366396],[-73.403467,41.366426],[-73.403534,41.366516],[-73.403557,41.366547],[-73.403719,41.366731],[-73.403733,41.366744],[-73.403992,41.366981],[-73.40582,41.368597],[-73.407368,41.371223],[-73.407433,41.371748],[-73.407746,41.373051],[-73.407603,41.373264],[-73.406978,41.373859],[-73.406452,41.37467],[-73.405175,41.378208],[-73.403527,41.379085],[-73.401187,41.381444],[-73.399108,41.384666],[-73.398671,41.385535],[-73.398343,41.38594],[-73.398264,41.386038],[-73.397297,41.386985],[-73.395951,41.388526],[-73.393491,41.390283],[-73.397045,41.390471],[-73.398748,41.390306],[-73.398401,41.390784],[-73.39827,41.392259],[-73.399504,41.39341],[-73.402125,41.394876],[-73.403339,41.396239],[-73.406417,41.395752],[-73.407293,41.395742],[-73.407838,41.397149],[-73.40662,41.398087],[-73.4067,41.398823],[-73.404811,41.401084],[-73.404982,41.402638],[-73.404086,41.402689],[-73.401176,41.402854],[-73.400825,41.403449],[-73.402114,41.405598],[-73.403449,41.409311],[-73.405021,41.412441],[-73.405807,41.414773],[-73.406019,41.415442],[-73.407796,41.414504],[-73.410243,41.413807],[-73.411249,41.413716],[-73.412396,41.413753],[-73.413177,41.413864],[-73.414438,41.414174],[-73.415166,41.414476],[-73.417856,41.415856],[-73.420312,41.417017],[-73.420615,41.417146],[-73.420854,41.417253],[-73.421146,41.41695],[-73.42505,41.413158],[-73.427166,41.411091],[-73.429296,41.408055],[-73.42965,41.406661],[-73.429566,41.405361],[-73.43023,41.403913],[-73.434867,41.399928],[-73.435644,41.399487],[-73.436805,41.399524],[-73.437715,41.399516],[-73.438179,41.40028],[-73.439137,41.401857],[-73.437665,41.402398],[-73.436536,41.402705],[-73.436112,41.402843],[-73.43665,41.403688],[-73.441634,41.402523],[-73.442401,41.403478],[-73.443292,41.402996],[-73.444266,41.402532],[-73.444821,41.402361],[-73.446743,41.402088],[-73.447557,41.403318],[-73.447608,41.403683],[-73.447447,41.404827],[-73.447955,41.405577],[-73.44611,41.406203],[-73.444965,41.406583],[-73.443817,41.406971],[-73.442649,41.407382],[-73.441475,41.407766],[-73.440293,41.408166],[-73.43936,41.408992],[-73.437668,41.409334],[-73.437338,41.408735],[-73.437034,41.408149],[-73.436514,41.40879],[-73.436087,41.409078],[-73.435603,41.410623],[-73.436013,41.412564],[-73.43633,41.412803],[-73.437327,41.414187],[-73.43738,41.414738],[-73.437347,41.414953],[-73.437311,41.415329],[-73.435541,41.417873],[-73.437715,41.41905],[-73.439389,41.419938],[-73.439588,41.420114],[-73.440249,41.421194],[-73.44052,41.423563],[-73.4396,41.424696],[-73.439655,41.426496],[-73.440082,41.427335],[-73.440608,41.427888],[-73.44407,41.426112],[-73.445585,41.426478],[-73.448055,41.427833],[-73.449053,41.42686],[-73.449837,41.424554],[-73.452268,41.423697],[-73.453774,41.422306],[-73.455043,41.421329],[-73.454063,41.419899],[-73.452613,41.417717],[-73.450994,41.416568],[-73.450907,41.416021],[-73.450878,41.414429],[-73.450859,41.413789],[-73.453942,41.412741],[-73.453998,41.412711],[-73.456029,41.411841],[-73.456458,41.412057],[-73.458736,41.413847],[-73.460951,41.41574],[-73.463305,41.417615],[-73.467717,41.420032],[-73.468963,41.421934],[-73.471722,41.423559],[-73.472829,41.424693],[-73.474932,41.426301],[-73.477283,41.428647],[-73.479618,41.430212],[-73.481482,41.43099],[-73.482202,41.432536],[-73.485142,41.434465],[-73.486094,41.434482],[-73.487202,41.434479],[-73.491853,41.435963],[-73.494872,41.437117],[-73.498389,41.437525],[-73.498645,41.43782],[-73.499084,41.438386],[-73.499391,41.439586],[-73.50174,41.441378],[-73.50355,41.44153],[-73.506531,41.442629],[-73.50854,41.444554],[-73.512193,41.444471],[-73.514936,41.444007],[-73.517332,41.444239],[-73.519214,41.443868],[-73.521216,41.443994],[-73.5302,41.441827],[-73.532706,41.441259],[-73.535583,41.440724],[-73.537093,41.439706],[-73.537261,41.43791],[-73.538066,41.430511],[-73.538527,41.426737],[-73.541102,41.406474],[-73.541328,41.405315],[-73.542469,41.392594],[-73.542572,41.390443],[-73.542562,41.39019],[-73.542628,41.38925],[-73.542644,41.389032],[-73.543416,41.376754],[-73.543619,41.375094],[-73.545293,41.361516],[-73.546282,41.351821],[-73.546919,41.344941],[-73.548142,41.334439],[-73.548236,41.333459],[-73.548609,41.329982],[-73.549088,41.325134],[-73.549293,41.319581],[-73.54948,41.316746],[-73.549687,41.30539],[-73.549879,41.301522],[-73.550962,41.295421],[-73.548845,41.292969],[-73.548114,41.292095],[-73.540597,41.282999],[-73.538387,41.280385],[-73.526316,41.266101],[-73.525208,41.26473],[-73.517456,41.255455],[-73.512948,41.250095],[-73.502532,41.237228],[-73.491407,41.223588],[-73.48854,41.220076],[-73.487977,41.219387],[-73.482695,41.212772],[-73.484898,41.211748],[-73.485109,41.211652],[-73.487474,41.210549],[-73.493962,41.207616],[-73.495901,41.206781],[-73.503958,41.203312],[-73.509174,41.20093],[-73.514179,41.198732],[-73.521164,41.195339],[-73.52377,41.194098],[-73.526029,41.19311],[-73.535884,41.188489],[-73.54005,41.186595],[-73.551468,41.181458],[-73.554783,41.179909],[-73.557665,41.178565],[-73.563356,41.175909],[-73.564759,41.175255],[-73.571915,41.172051],[-73.57914,41.168742],[-73.586153,41.165568],[-73.589321,41.164136],[-73.59711,41.160786],[-73.598098,41.160221],[-73.605525,41.15676],[-73.613512,41.153184],[-73.615749,41.152171],[-73.624174,41.148354],[-73.628796,41.146429],[-73.633858,41.144018],[-73.63393,41.143992],[-73.637723,41.142337],[-73.639672,41.141496],[-73.644074,41.139501],[-73.651581,41.136137],[-73.65597,41.13403],[-73.660573,41.131996],[-73.66096,41.131758],[-73.661769,41.131403],[-73.667804,41.128628],[-73.676774,41.124496],[-73.679022,41.12342],[-73.686074,41.120096],[-73.689265,41.118594],[-73.695958,41.115304],[-73.700703,41.113377],[-73.703542,41.111825],[-73.705814,41.11093],[-73.712272,41.1079],[-73.71296,41.107609],[-73.727775,41.100696],[-73.723382,41.094437],[-73.718675,41.089996],[-73.71797,41.089115],[-73.717679,41.088715],[-73.717063,41.087791],[-73.715478,41.08581],[-73.705565,41.073125],[-73.696173,41.061596],[-73.694206,41.059331],[-73.692346,41.057143],[-73.691481,41.056022],[-73.689529,41.053518],[-73.68789,41.051529],[-73.68296,41.045314],[-73.679771,41.041944],[-73.678537,41.040371],[-73.675575,41.036813],[-73.675501,41.036739],[-73.67533,41.036561],[-73.674804,41.035941],[-73.671927,41.032534],[-73.671054,41.031498],[-73.670381,41.030072],[-73.670377,41.030059],[-73.670275,41.029948],[-73.669772,41.029397],[-73.669727,41.02933],[-73.666539,41.025288],[-73.665177,41.023621],[-73.664672,41.022997],[-73.664179,41.022286],[-73.662739,41.020558],[-73.661716,41.019653],[-73.660293,41.018399],[-73.659447,41.017651],[-73.658772,41.01683],[-73.658189,41.016154],[-73.656867,41.014465],[-73.656117,41.013135],[-73.65565,41.012678],[-73.655255,41.012246],[-73.656065,41.008923],[-73.657874,41.005164],[-73.658555,41.004018],[-73.659691,41.001512],[-73.660268,41.000484],[-73.659309,40.997171],[-73.659639,40.994339],[-73.659585,40.99414],[-73.659106,40.993338],[-73.657972,40.991997],[-73.657228,40.990914],[-73.65863,40.989257],[-73.659671,40.987909],[-73.656913,40.984675],[-73.656423,40.984243],[-73.649832,40.979199],[-73.612885,40.950943],[-73.60061,40.95358],[-73.587438,40.956376],[-73.553675,40.96346],[-73.544192,40.96545],[-73.517067,40.971116],[-73.496061,40.975489],[-73.45646,40.983836],[-73.389588,40.997932],[-73.382408,40.999293],[-73.378172,41.000097],[-73.37456,41.00106],[-73.291406,41.01788]]]]}},{"type":"Feature","properties":{"id":5,"NAME":"5","TotalPop":760175,"PopDevPct":0.05405824,"DemPct":0.6438972,"RepPct":0.33863337,"WhitePct":0.57430251,"MinorityPct":0.42569749,"BlackPct":0.17616664,"HispanicPct":0.18604335,"PacificPct":0.00168959,"AsianPct":0.06136158,"NativePct":0.01579847,"TotalVAP":609616,"Margin":0.1438972,"color":"#00008b","opacity":"0.5"},"geometry":{"type":"MultiPolygon","coordinates":[[[[-72.189529,41.678447],[-72.188149,41.679919],[-72.186728,41.680426],[-72.185804,41.68138],[-72.185357,41.684938],[-72.185973,41.686429],[-72.189801,41.689755],[-72.188657,41.689943],[-72.18641,41.691517],[-72.182298,41.691709],[-72.181344,41.691517],[-72.179035,41.689635],[-72.178083,41.689953],[-72.177844,41.690097],[-72.177999,41.690322],[-72.178317,41.690709],[-72.179126,41.691693],[-72.179296,41.691845],[-72.17967,41.69218],[-72.180127,41.693585],[-72.182497,41.696234],[-72.183122,41.697344],[-72.182782,41.698644],[-72.181717,41.700296],[-72.179975,41.702846],[-72.179661,41.702883],[-72.177179,41.704327],[-72.175742,41.704728],[-72.175932,41.70614],[-72.173903,41.708145],[-72.174362,41.708747],[-72.174257,41.71107],[-72.173822,41.711795],[-72.175689,41.714107],[-72.177578,41.714799],[-72.177665,41.71719],[-72.178302,41.718903],[-72.177027,41.721178],[-72.177255,41.723395],[-72.179368,41.725175],[-72.180872,41.728782],[-72.17993,41.729139],[-72.177299,41.730035],[-72.176387,41.731026],[-72.177428,41.732864],[-72.179266,41.733548],[-72.179969,41.734855],[-72.171549,41.737765],[-72.167771,41.739701],[-72.158595,41.744731],[-72.157908,41.747372],[-72.1576,41.74795],[-72.157267,41.747975],[-72.156587,41.749139],[-72.157472,41.749596],[-72.157921,41.750835],[-72.159313,41.750691],[-72.157626,41.751804],[-72.156321,41.753491],[-72.156719,41.753719],[-72.157188,41.758651],[-72.157856,41.765646],[-72.158162,41.768835],[-72.158305,41.770288],[-72.159342,41.781159],[-72.160584,41.79414],[-72.162966,41.819126],[-72.163243,41.821934],[-72.163924,41.828911],[-72.164069,41.830434],[-72.164498,41.834913],[-72.166159,41.83488],[-72.169019,41.834902],[-72.190427,41.834999],[-72.192912,41.83501],[-72.192991,41.83501],[-72.193023,41.835011],[-72.19323,41.835012],[-72.19331,41.835013],[-72.200292,41.835046],[-72.210584,41.835142],[-72.217719,41.835184],[-72.223722,41.835267],[-72.236035,41.835422],[-72.243154,41.835546],[-72.244423,41.835572],[-72.25182,41.835729],[-72.25829,41.835843],[-72.269795,41.836018],[-72.271679,41.835989],[-72.28481,41.836174],[-72.286103,41.83619],[-72.296583,41.836259],[-72.300662,41.8359],[-72.307157,41.836086],[-72.308214,41.836094],[-72.310145,41.836059],[-72.309744,41.837772],[-72.308933,41.839281],[-72.308835,41.840882],[-72.309541,41.842929],[-72.308906,41.844859],[-72.309833,41.847153],[-72.309684,41.847938],[-72.307318,41.849555],[-72.305307,41.850509],[-72.304187,41.850629],[-72.304357,41.852392],[-72.303768,41.853323],[-72.305349,41.854344],[-72.306863,41.855828],[-72.306478,41.860243],[-72.306745,41.861544],[-72.307991,41.863332],[-72.307918,41.864942],[-72.310179,41.867761],[-72.310631,41.869221],[-72.310218,41.87042],[-72.311654,41.871922],[-72.311882,41.873651],[-72.311079,41.874237],[-72.309255,41.874357],[-72.308162,41.875002],[-72.308961,41.877965],[-72.308341,41.879238],[-72.306664,41.880682],[-72.306519,41.881341],[-72.306957,41.882466],[-72.305451,41.883284],[-72.304698,41.882462],[-72.304252,41.883364],[-72.302602,41.883866],[-72.301253,41.886878],[-72.298557,41.887413],[-72.298195,41.8882],[-72.299061,41.888863],[-72.302553,41.889098],[-72.303081,41.890182],[-72.302962,41.8905],[-72.302389,41.891847],[-72.300251,41.89349],[-72.299221,41.893988],[-72.293038,41.895592],[-72.290869,41.897329],[-72.292215,41.899102],[-72.292677,41.900519],[-72.291363,41.903578],[-72.290831,41.904975],[-72.291184,41.906313],[-72.293007,41.90699],[-72.293805,41.908919],[-72.296822,41.911091],[-72.297661,41.914488],[-72.297467,41.915927],[-72.299051,41.919471],[-72.301721,41.92055],[-72.302915,41.922395],[-72.305201,41.92421],[-72.305169,41.925272],[-72.306279,41.925957],[-72.306659,41.928381],[-72.306904,41.929627],[-72.307746,41.929379],[-72.321575,41.928145],[-72.335758,41.926389],[-72.344668,41.925325],[-72.353163,41.92418],[-72.373557,41.921672],[-72.377932,41.921243],[-72.383471,41.920586],[-72.389456,41.91999],[-72.394692,41.919508],[-72.408415,41.917954],[-72.411542,41.917648],[-72.429516,41.915022],[-72.431311,41.915048],[-72.431225,41.91448],[-72.430543,41.907463],[-72.430326,41.904887],[-72.429324,41.893694],[-72.429398,41.893019],[-72.429375,41.892956],[-72.429622,41.891898],[-72.429061,41.885897],[-72.428779,41.88127],[-72.428017,41.874598],[-72.429383,41.874487],[-72.43802,41.873299],[-72.438194,41.873279],[-72.441662,41.872788],[-72.444292,41.872482],[-72.447467,41.872169],[-72.448468,41.871989],[-72.450816,41.871699],[-72.458394,41.8708],[-72.458812,41.870764],[-72.460069,41.87066],[-72.460488,41.870626],[-72.460713,41.870577],[-72.461389,41.870431],[-72.461615,41.870383],[-72.463102,41.870099],[-72.463868,41.870015],[-72.464403,41.869958],[-72.46581,41.869775],[-72.469569,41.869305],[-72.481955,41.867792],[-72.485035,41.867256],[-72.487191,41.86701],[-72.488149,41.866895],[-72.492802,41.866391],[-72.494467,41.86617],[-72.495537,41.865991],[-72.495815,41.8645],[-72.49681,41.860616],[-72.497262,41.858759],[-72.498733,41.853329],[-72.499273,41.850273],[-72.501382,41.839197],[-72.50232,41.834745],[-72.502632,41.833589],[-72.503211,41.830868],[-72.503515,41.829328],[-72.503517,41.829316],[-72.503631,41.828743],[-72.503637,41.828715],[-72.503764,41.828073],[-72.503884,41.827467],[-72.504042,41.826658],[-72.504077,41.826484],[-72.504435,41.824674],[-72.505255,41.821308],[-72.505416,41.820391],[-72.50543,41.820298],[-72.505608,41.820264],[-72.50697,41.820008],[-72.51374,41.818166],[-72.516687,41.817205],[-72.519315,41.816795],[-72.519667,41.816744],[-72.520724,41.816595],[-72.521077,41.816545],[-72.523359,41.816013],[-72.528878,41.814511],[-72.530958,41.813976],[-72.535564,41.812972],[-72.540541,41.811741],[-72.555338,41.808089],[-72.566111,41.805384],[-72.575916,41.802894],[-72.579588,41.80208],[-72.580539,41.801567],[-72.581149,41.801375],[-72.582981,41.800803],[-72.583,41.800797],[-72.583151,41.80075],[-72.583489,41.800644],[-72.595044,41.800108],[-72.60128,41.799823],[-72.602734,41.799744],[-72.604227,41.799682],[-72.616796,41.799129],[-72.618658,41.799018],[-72.618856,41.799009],[-72.620806,41.798933],[-72.623469,41.798817],[-72.625013,41.798736],[-72.627787,41.798906],[-72.631078,41.798662],[-72.639895,41.798287],[-72.644272,41.797788],[-72.646035,41.797599],[-72.64564,41.805834],[-72.644264,41.813011],[-72.644239,41.813113],[-72.640394,41.825239],[-72.638927,41.828753],[-72.638222,41.829416],[-72.637234,41.830534],[-72.629935,41.837198],[-72.625611,41.845728],[-72.624902,41.84866],[-72.620636,41.863511],[-72.619264,41.868296],[-72.619327,41.872885],[-72.619401,41.876525],[-72.619693,41.882841],[-72.620448,41.88714],[-72.620441,41.890404],[-72.621543,41.893178],[-72.620942,41.894741],[-72.620685,41.897712],[-72.621734,41.904597],[-72.624302,41.904381],[-72.625038,41.90428],[-72.627398,41.904086],[-72.627394,41.904117],[-72.630026,41.903742],[-72.633606,41.903489],[-72.634102,41.903477],[-72.635427,41.903308],[-72.639834,41.897596],[-72.639969,41.897707],[-72.640153,41.897857],[-72.642643,41.894853],[-72.643142,41.895218],[-72.643568,41.895517],[-72.644055,41.895858],[-72.644931,41.896547],[-72.645718,41.896301],[-72.652338,41.896654],[-72.653884,41.896404],[-72.656417,41.896731],[-72.657927,41.896689],[-72.663607,41.897455],[-72.665371,41.897459],[-72.667793,41.897808],[-72.667883,41.898459],[-72.668036,41.898468],[-72.66805,41.8999],[-72.669012,41.900647],[-72.673059,41.902475],[-72.676331,41.902554],[-72.677902,41.902195],[-72.679232,41.90106],[-72.680714,41.899726],[-72.683586,41.899743],[-72.686539,41.901164],[-72.68579,41.904463],[-72.686363,41.907108],[-72.687604,41.908019],[-72.687671,41.911888],[-72.690102,41.914381],[-72.690246,41.914406],[-72.690044,41.91445],[-72.689986,41.914519],[-72.689857,41.914672],[-72.690266,41.91487],[-72.691281,41.915362],[-72.692088,41.915325],[-72.692659,41.915298],[-72.692746,41.915295],[-72.693019,41.91537],[-72.693391,41.915474],[-72.693359,41.915401],[-72.69626,41.916042],[-72.698832,41.915433],[-72.700794,41.915823],[-72.70255,41.915625],[-72.704575,41.914325],[-72.707244,41.912227],[-72.708808,41.908122],[-72.710533,41.905761],[-72.711709,41.904784],[-72.714544,41.903917],[-72.716967,41.901606],[-72.716739,41.900629],[-72.717413,41.897111],[-72.718485,41.896057],[-72.720762,41.895315],[-72.722775,41.895375],[-72.726952,41.894249],[-72.72953,41.892609],[-72.730461,41.891254],[-72.73175,41.890766],[-72.733688,41.890766],[-72.737729,41.892608],[-72.737806,41.892376],[-72.740264,41.89363],[-72.7422,41.894846],[-72.743218,41.895267],[-72.743926,41.895736],[-72.744941,41.896056],[-72.747104,41.896375],[-72.749428,41.896918],[-72.751728,41.898317],[-72.753831,41.899196],[-72.757698,41.901193],[-72.760503,41.902923],[-72.761096,41.90463],[-72.760585,41.905705],[-72.761216,41.90536],[-72.762717,41.904068],[-72.765054,41.902614],[-72.766425,41.898273],[-72.766945,41.895886],[-72.771387,41.885117],[-72.770403,41.880789],[-72.772214,41.878172],[-72.77454,41.874198],[-72.780848,41.862085],[-72.78444,41.855698],[-72.784948,41.848752],[-72.785156,41.843414],[-72.784459,41.838995],[-72.784267,41.837778],[-72.783486,41.836558],[-72.784438,41.833307],[-72.783336,41.826907],[-72.78455,41.826593],[-72.797961,41.824947],[-72.798552,41.824885],[-72.798119,41.819392],[-72.79804,41.814937],[-72.797829,41.814316],[-72.798327,41.811016],[-72.797241,41.804699],[-72.797943,41.796674],[-72.797954,41.796545],[-72.798742,41.792824],[-72.798942,41.791926],[-72.800042,41.791827],[-72.796742,41.758799],[-72.794973,41.747468],[-72.794992,41.747224],[-72.794876,41.747073],[-72.793066,41.744651],[-72.792769,41.742883],[-72.792575,41.741779],[-72.792523,41.740923],[-72.792225,41.739159],[-72.791935,41.739047],[-72.793826,41.737469],[-72.794839,41.736118],[-72.793698,41.735154],[-72.79316,41.73294],[-72.791651,41.732385],[-72.793395,41.73074],[-72.792934,41.729273],[-72.790666,41.728862],[-72.790521,41.728322],[-72.790689,41.728295],[-72.791206,41.723855],[-72.789881,41.723345],[-72.792717,41.722323],[-72.789472,41.72307],[-72.78666,41.723994],[-72.787226,41.722741],[-72.783973,41.722166],[-72.781946,41.722157],[-72.780624,41.722538],[-72.77695,41.723679],[-72.774369,41.72329],[-72.773487,41.718479],[-72.772043,41.7186],[-72.771874,41.716357],[-72.771668,41.714613],[-72.774223,41.714224],[-72.77523,41.714071],[-72.776215,41.713921],[-72.777218,41.71377],[-72.778195,41.713622],[-72.779119,41.7135],[-72.781327,41.71314],[-72.782992,41.71284],[-72.787506,41.709366],[-72.792198,41.705772],[-72.793649,41.704882],[-72.79595,41.703399],[-72.798151,41.701199],[-72.800977,41.69886],[-72.804073,41.696571],[-72.810099,41.691829],[-72.811103,41.692247],[-72.812224,41.69003],[-72.814307,41.68829],[-72.814702,41.688136],[-72.815428,41.687854],[-72.815442,41.68782],[-72.815782,41.687114],[-72.819779,41.683104],[-72.821559,41.677691],[-72.823411,41.672568],[-72.825335,41.669244],[-72.825418,41.668938],[-72.825523,41.668711],[-72.825624,41.66849],[-72.825525,41.668273],[-72.82537,41.667341],[-72.824289,41.661853],[-72.82343,41.658779],[-72.822573,41.65571],[-72.820739,41.655715],[-72.819428,41.646101],[-72.819441,41.645806],[-72.819442,41.645579],[-72.819297,41.645256],[-72.819185,41.645004],[-72.818401,41.645018],[-72.818048,41.645025],[-72.817467,41.64513],[-72.814322,41.645699],[-72.814188,41.645706],[-72.809612,41.64605],[-72.806424,41.646256],[-72.800128,41.646781],[-72.796388,41.647201],[-72.794642,41.647213],[-72.79304,41.647357],[-72.79116,41.647484],[-72.790973,41.647491],[-72.789623,41.647553],[-72.78852,41.647625],[-72.781528,41.648],[-72.778572,41.648244],[-72.77131,41.648393],[-72.768871,41.648879],[-72.768402,41.648901],[-72.767824,41.648901],[-72.767619,41.648904],[-72.758153,41.649722],[-72.753881,41.649833],[-72.751643,41.650006],[-72.750357,41.650167],[-72.750512,41.651201],[-72.750552,41.653948],[-72.751915,41.659156],[-72.750673,41.658669],[-72.748763,41.65657],[-72.747043,41.65663],[-72.748062,41.659513],[-72.745942,41.661441],[-72.744355,41.662364],[-72.741904,41.662699],[-72.739629,41.662251],[-72.73961,41.663991],[-72.73939,41.665876],[-72.739289,41.666871],[-72.739051,41.669132],[-72.738831,41.670323],[-72.738597,41.671327],[-72.737978,41.674076],[-72.734447,41.674477],[-72.729148,41.675423],[-72.72834,41.671105],[-72.727869,41.668647],[-72.72388,41.669838],[-72.721963,41.670159],[-72.718307,41.670518],[-72.717884,41.669851],[-72.717754,41.669703],[-72.715931,41.669114],[-72.711288,41.669642],[-72.707216,41.670273],[-72.706534,41.670628],[-72.70628,41.670782],[-72.70694,41.673714],[-72.700364,41.674573],[-72.700653,41.675777],[-72.701053,41.677325],[-72.700868,41.67747],[-72.701935,41.682634],[-72.700662,41.682809],[-72.699566,41.682951],[-72.696461,41.682639],[-72.696676,41.684411],[-72.697554,41.688157],[-72.697517,41.688264],[-72.697407,41.688586],[-72.697371,41.688694],[-72.695307,41.68827],[-72.692186,41.688454],[-72.690345,41.688688],[-72.688665,41.6889],[-72.687342,41.689168],[-72.686729,41.68944],[-72.683051,41.691353],[-72.680277,41.691921],[-72.681631,41.694313],[-72.682238,41.695219],[-72.676398,41.696354],[-72.675453,41.696719],[-72.670452,41.697707],[-72.670124,41.696805],[-72.668102,41.697215],[-72.668047,41.696977],[-72.664125,41.697736],[-72.663347,41.697156],[-72.662351,41.69537],[-72.663586,41.695127],[-72.664822,41.694875],[-72.666073,41.694621],[-72.667435,41.694387],[-72.668395,41.694178],[-72.669797,41.693882],[-72.670668,41.693723],[-72.670401,41.692937],[-72.670729,41.691483],[-72.671066,41.690359],[-72.672314,41.684751],[-72.673829,41.684444],[-72.674338,41.684351],[-72.675399,41.684157],[-72.675428,41.682818],[-72.675248,41.680042],[-72.675344,41.678321],[-72.675405,41.677375],[-72.676796,41.67495],[-72.673552,41.675081],[-72.671945,41.675283],[-72.671293,41.675371],[-72.672134,41.674132],[-72.67216,41.674128],[-72.672478,41.673191],[-72.673976,41.671955],[-72.672635,41.671391],[-72.673347,41.669886],[-72.672465,41.669642],[-72.670936,41.669805],[-72.66994,41.669893],[-72.667374,41.671945],[-72.667199,41.672173],[-72.666521,41.674609],[-72.66629,41.675695],[-72.666161,41.67641],[-72.66538,41.679933],[-72.665355,41.680027],[-72.665143,41.679968],[-72.66491,41.679622],[-72.665652,41.676034],[-72.666106,41.675677],[-72.665723,41.675478],[-72.665955,41.67482],[-72.666326,41.674611],[-72.66631,41.674591],[-72.665908,41.674057],[-72.666604,41.671665],[-72.66706,41.671723],[-72.667132,41.672046],[-72.668292,41.67008],[-72.672058,41.668181],[-72.672661,41.668258],[-72.672686,41.667764],[-72.670239,41.663983],[-72.669672,41.661743],[-72.670666,41.660063],[-72.673513,41.65958],[-72.673609,41.658772],[-72.671171,41.659067],[-72.672095,41.655945],[-72.672716,41.650575],[-72.673219,41.648741],[-72.674733,41.646101],[-72.677359,41.64331],[-72.676979,41.643391],[-72.676996,41.643001],[-72.676561,41.641673],[-72.676793,41.641412],[-72.675558,41.641577],[-72.675,41.639211],[-72.673464,41.63936],[-72.673153,41.637298],[-72.672262,41.637348],[-72.671572,41.634769],[-72.673954,41.634486],[-72.67355,41.633446],[-72.67587,41.633095],[-72.675884,41.633093],[-72.685766,41.631794],[-72.688425,41.631399],[-72.701203,41.629488],[-72.701424,41.629451],[-72.713897,41.627705],[-72.7155,41.625573],[-72.715706,41.625353],[-72.715527,41.622821],[-72.713287,41.620839],[-72.712844,41.618927],[-72.711134,41.618036],[-72.71181,41.617196],[-72.712567,41.616684],[-72.712767,41.614064],[-72.713644,41.610736],[-72.7151,41.608074],[-72.715769,41.607014],[-72.715608,41.605671],[-72.714538,41.60431],[-72.720196,41.60353],[-72.720984,41.603419],[-72.723032,41.603135],[-72.723352,41.60309],[-72.723679,41.603045],[-72.723941,41.603003],[-72.724146,41.602957],[-72.724177,41.602952],[-72.727041,41.602398],[-72.727175,41.601994],[-72.72994,41.601498],[-72.73167,41.595803],[-72.731671,41.595779],[-72.73448,41.595406],[-72.739077,41.594794],[-72.74284,41.594398],[-72.752941,41.592497],[-72.752181,41.578894],[-72.750864,41.564441],[-72.75024,41.559177],[-72.749348,41.549757],[-72.74917,41.547055],[-72.748991,41.546308],[-72.748931,41.545673],[-72.748878,41.544279],[-72.742527,41.544073],[-72.735024,41.544358],[-72.734939,41.544341],[-72.734864,41.544327],[-72.734652,41.544566],[-72.734378,41.544877],[-72.73425,41.545022],[-72.734122,41.545166],[-72.734035,41.545265],[-72.733801,41.545726],[-72.733584,41.546158],[-72.73356,41.54616],[-72.733491,41.546168],[-72.733468,41.546172],[-72.722619,41.547959],[-72.719704,41.548127],[-72.712268,41.548608],[-72.711203,41.547719],[-72.700903,41.549028],[-72.700902,41.549004],[-72.7009,41.548959],[-72.700899,41.548933],[-72.700899,41.54891],[-72.700549,41.548942],[-72.699502,41.549038],[-72.699292,41.549058],[-72.699315,41.549195],[-72.697449,41.549292],[-72.694554,41.549531],[-72.694345,41.549201],[-72.691323,41.543959],[-72.690218,41.542023],[-72.688199,41.538631],[-72.688093,41.537033],[-72.687362,41.536157],[-72.686435,41.535126],[-72.682575,41.531089],[-72.68201,41.529468],[-72.681619,41.526753],[-72.680863,41.522705],[-72.681269,41.516869],[-72.680313,41.5162],[-72.680459,41.514708],[-72.679725,41.511035],[-72.679593,41.510365],[-72.679054,41.507989],[-72.677896,41.49623],[-72.677595,41.494838],[-72.675548,41.495079],[-72.671501,41.495685],[-72.654672,41.497743],[-72.648322,41.498425],[-72.634166,41.500141],[-72.633701,41.500201],[-72.632951,41.497782],[-72.629496,41.488723],[-72.62792,41.485459],[-72.629489,41.48164],[-72.630821,41.478361],[-72.637001,41.463917],[-72.636773,41.463534],[-72.63136,41.459679],[-72.628018,41.457811],[-72.623455,41.45497],[-72.622647,41.45461],[-72.619174,41.451455],[-72.60896,41.44309],[-72.608787,41.442976],[-72.607802,41.442325],[-72.604916,41.440206],[-72.59843,41.435487],[-72.592284,41.430904],[-72.582433,41.423801],[-72.582184,41.423608],[-72.581438,41.42303],[-72.58119,41.422838],[-72.58103,41.422733],[-72.580553,41.422421],[-72.580394,41.422317],[-72.580235,41.42219],[-72.579761,41.421812],[-72.579603,41.421686],[-72.575668,41.418897],[-72.573255,41.417191],[-72.569999,41.41477],[-72.563835,41.416311],[-72.555342,41.418145],[-72.548278,41.419343],[-72.547054,41.419609],[-72.538782,41.421491],[-72.533231,41.404515],[-72.528007,41.388321],[-72.524062,41.376179],[-72.520447,41.365319],[-72.518141,41.358455],[-72.517101,41.355523],[-72.51395,41.346403],[-72.512034,41.341599],[-72.517379,41.340303],[-72.526203,41.33832],[-72.526213,41.338348],[-72.526432,41.338283],[-72.531728,41.336764],[-72.530901,41.335426],[-72.53066,41.333934],[-72.530888,41.331697],[-72.529411,41.329725],[-72.532513,41.328987],[-72.53529,41.33009],[-72.536674,41.331837],[-72.538552,41.332354],[-72.539378,41.331098],[-72.542657,41.329212],[-72.53977,41.327489],[-72.536933,41.326394],[-72.537444,41.325724],[-72.539856,41.324586],[-72.541772,41.324345],[-72.542347,41.323787],[-72.54211,41.32254],[-72.544714,41.321886],[-72.543842,41.319807],[-72.541009,41.316206],[-72.539915,41.314214],[-72.538811,41.309503],[-72.539751,41.309059],[-72.541584,41.30967],[-72.54338,41.309225],[-72.546793,41.307509],[-72.545537,41.303888],[-72.544227,41.303622],[-72.54189,41.300788],[-72.540029,41.298655],[-72.538419,41.297093],[-72.538026,41.296673],[-72.538107,41.295287],[-72.536828,41.291498],[-72.535891,41.287684],[-72.535826,41.287536],[-72.538491,41.287425],[-72.54451,41.287772],[-72.544268,41.286743],[-72.545035,41.285677],[-72.545869,41.2843],[-72.547692,41.284114],[-72.547542,41.283565],[-72.547468,41.283458],[-72.547479,41.283339],[-72.547504,41.283289],[-72.547699,41.283286],[-72.547798,41.283271],[-72.54784,41.283217],[-72.547799,41.283147],[-72.547732,41.283113],[-72.547578,41.283075],[-72.54745,41.283057],[-72.547343,41.28302],[-72.547332,41.282975],[-72.547343,41.282928],[-72.547623,41.282748],[-72.548004,41.282609],[-72.548268,41.282327],[-72.548346,41.282276],[-72.548435,41.282273],[-72.548493,41.282314],[-72.548609,41.282476],[-72.548681,41.282492],[-72.548777,41.282477],[-72.548859,41.28229],[-72.548894,41.281855],[-72.548873,41.281892],[-72.548056,41.281452],[-72.547344,41.281067],[-72.545986,41.280335],[-72.546088,41.280184],[-72.546103,41.28002],[-72.546197,41.27986],[-72.546336,41.279564],[-72.546496,41.279388],[-72.546805,41.278993],[-72.548046,41.277415],[-72.547687,41.277126],[-72.546609,41.276263],[-72.546253,41.275977],[-72.545782,41.275855],[-72.545143,41.275476],[-72.544744,41.274683],[-72.544339,41.273697],[-72.544929,41.273404],[-72.545001,41.273353],[-72.545721,41.272622],[-72.546486,41.272123],[-72.547035,41.2716],[-72.546761,41.269923],[-72.546531,41.269506],[-72.546549,41.269153],[-72.54655,41.268834],[-72.54636,41.267398],[-72.547655,41.264323],[-72.547235,41.262499],[-72.545837,41.260304],[-72.545734,41.260238],[-72.535942,41.254592],[-72.532709,41.252791],[-72.532652,41.252759],[-72.532483,41.252665],[-72.532427,41.252634],[-72.532281,41.252552],[-72.527902,41.250115],[-72.526739,41.254601],[-72.525632,41.25501],[-72.52107,41.250963],[-72.517982,41.248755],[-72.516526,41.248195],[-72.501742,41.247795],[-72.499534,41.251097],[-72.497875,41.252536],[-72.494626,41.256537],[-72.485214,41.256263],[-72.475516,41.25627],[-72.474614,41.255375],[-72.468891,41.25771],[-72.461976,41.260532],[-72.464028,41.264077],[-72.46739,41.266952],[-72.468102,41.269012],[-72.465988,41.269702],[-72.458602,41.274145],[-72.456124,41.275423],[-72.453013,41.276528],[-72.448056,41.277355],[-72.442478,41.277528],[-72.438805,41.277178],[-72.433696,41.275228],[-72.430246,41.273067],[-72.427946,41.272332],[-72.424806,41.272185],[-72.423412,41.272475],[-72.41686,41.275537],[-72.413394,41.275908],[-72.410252,41.275329],[-72.408826,41.274995],[-72.4044,41.274681],[-72.400968,41.274778],[-72.397852,41.274283],[-72.396224,41.27194],[-72.395092,41.272416],[-72.395045,41.272145],[-72.395115,41.271438],[-72.390537,41.265546],[-72.389338,41.263729],[-72.389114,41.262094],[-72.388317,41.261258],[-72.388526,41.260727],[-72.388323,41.260491],[-72.387137,41.261067],[-72.386711,41.261412],[-72.385318,41.262377],[-72.384495,41.262816],[-72.382895,41.263013],[-72.382568,41.263254],[-72.381134,41.264027],[-72.380108,41.264477],[-72.379613,41.264592],[-72.378573,41.264575],[-72.377664,41.264744],[-72.376289,41.264766],[-72.374811,41.264642],[-72.372869,41.264226],[-72.371923,41.263958],[-72.370803,41.263821],[-72.369661,41.263761],[-72.367712,41.263927],[-72.366461,41.264427],[-72.365196,41.265141],[-72.3641,41.265621],[-72.363088,41.266311],[-72.358471,41.268459],[-72.355431,41.26897],[-72.353242,41.2689],[-72.350318,41.269504],[-72.346776,41.269703],[-72.342971,41.268606],[-72.3355,41.273567],[-72.337327,41.274998],[-72.338867,41.276084],[-72.341705,41.280486],[-72.342227,41.282498],[-72.34314,41.286444],[-72.349548,41.296302],[-72.349727,41.297398],[-72.34993,41.299994],[-72.349231,41.310801],[-72.34793,41.31569],[-72.347439,41.318803],[-72.347432,41.319043],[-72.347916,41.321784],[-72.349121,41.324492],[-72.351242,41.326369],[-72.353379,41.329833],[-72.357834,41.335135],[-72.362489,41.338942],[-72.366058,41.341079],[-72.369147,41.342337],[-72.372158,41.343433],[-72.376206,41.345435],[-72.377687,41.346465],[-72.378771,41.347998],[-72.379397,41.349746],[-72.378393,41.35591],[-72.377626,41.360228],[-72.377366,41.364478],[-72.376428,41.369098],[-72.374971,41.372519],[-72.375093,41.374507],[-72.375256,41.375098],[-72.376004,41.376255],[-72.381601,41.380606],[-72.382594,41.38248],[-72.384833,41.38519],[-72.38718,41.386054],[-72.394893,41.38755],[-72.397246,41.387664],[-72.402022,41.388545],[-72.405295,41.388444],[-72.411751,41.389524],[-72.416213,41.389347],[-72.4196,41.389851],[-72.421676,41.39051],[-72.423514,41.391888],[-72.425753,41.395968],[-72.426292,41.397711],[-72.426194,41.39975],[-72.425663,41.400805],[-72.42525,41.40198],[-72.425102,41.408566],[-72.425479,41.411656],[-72.426855,41.414273],[-72.430337,41.418896],[-72.430648,41.419755],[-72.43371,41.423995],[-72.431006,41.42368],[-72.428584,41.4234],[-72.427612,41.423289],[-72.423339,41.423751],[-72.420686,41.424061],[-72.409349,41.425276],[-72.408464,41.425155],[-72.406755,41.424956],[-72.405217,41.424816],[-72.405171,41.424815],[-72.403029,41.424774],[-72.399793,41.42611],[-72.390521,41.427184],[-72.386129,41.427658],[-72.385813,41.427692],[-72.361452,41.430308],[-72.356351,41.430856],[-72.351319,41.431398],[-72.350726,41.431462],[-72.33925,41.432689],[-72.33796,41.432811],[-72.335024,41.433125],[-72.332749,41.43337],[-72.314255,41.435348],[-72.312124,41.435577],[-72.305531,41.436282],[-72.306541,41.44236],[-72.308482,41.454035],[-72.309978,41.46303],[-72.312502,41.478198],[-72.315246,41.478091],[-72.319345,41.499047],[-72.321848,41.512221],[-72.322931,41.518119],[-72.323306,41.532592],[-72.323372,41.533852],[-72.323394,41.53425],[-72.331753,41.533498],[-72.334715,41.533296],[-72.340891,41.532747],[-72.342629,41.532591],[-72.344566,41.532417],[-72.348831,41.532164],[-72.353797,41.531801],[-72.358576,41.531436],[-72.361634,41.530818],[-72.374528,41.529909],[-72.381298,41.529229],[-72.383057,41.529],[-72.388384,41.52851],[-72.402354,41.527244],[-72.413544,41.526238],[-72.418311,41.525784],[-72.422261,41.525302],[-72.430767,41.524567],[-72.435138,41.53187],[-72.43745,41.535617],[-72.44117,41.541774],[-72.443301,41.545346],[-72.443946,41.546422],[-72.446853,41.550377],[-72.446554,41.550657],[-72.44686,41.551374],[-72.448424,41.553259],[-72.448737,41.553534],[-72.45185,41.558567],[-72.454833,41.563459],[-72.457694,41.568401],[-72.460624,41.572956],[-72.46673,41.583899],[-72.469042,41.587316],[-72.472602,41.592388],[-72.474342,41.595157],[-72.476607,41.599398],[-72.481537,41.607741],[-72.481842,41.60818],[-72.490762,41.622785],[-72.495696,41.630941],[-72.50267,41.642159],[-72.504766,41.645367],[-72.505431,41.646999],[-72.501913,41.654163],[-72.501777,41.654467],[-72.497307,41.662399],[-72.485997,41.666245],[-72.481504,41.667518],[-72.478318,41.668429],[-72.477319,41.668756],[-72.478945,41.673454],[-72.482725,41.681292],[-72.476798,41.686094],[-72.469875,41.68679],[-72.471046,41.693961],[-72.471207,41.699625],[-72.466583,41.700135],[-72.466012,41.700506],[-72.467931,41.701534],[-72.471701,41.704695],[-72.471246,41.705283],[-72.467554,41.705626],[-72.468068,41.707447],[-72.465215,41.707979],[-72.466763,41.709771],[-72.468554,41.710383],[-72.471658,41.711946],[-72.473851,41.709875],[-72.473837,41.708447],[-72.474508,41.706851],[-72.476524,41.70771],[-72.480085,41.707578],[-72.481526,41.707936],[-72.483989,41.709441],[-72.485611,41.709975],[-72.489014,41.709914],[-72.492842,41.709118],[-72.495054,41.70942],[-72.498019,41.709855],[-72.502923,41.709224],[-72.506716,41.709688],[-72.50547,41.710485],[-72.504744,41.710585],[-72.504423,41.710854],[-72.504274,41.711095],[-72.504217,41.711364],[-72.504234,41.711788],[-72.504326,41.712034],[-72.504337,41.712309],[-72.504314,41.712441],[-72.504333,41.712599],[-72.505502,41.714025],[-72.505509,41.715669],[-72.50482,41.716447],[-72.501999,41.717462],[-72.499734,41.716681],[-72.498629,41.717598],[-72.496999,41.719622],[-72.497416,41.719733],[-72.494937,41.721502],[-72.495642,41.724866],[-72.495427,41.72531],[-72.494146,41.726803],[-72.493818,41.729009],[-72.494611,41.730886],[-72.493909,41.73222],[-72.495075,41.73386],[-72.494798,41.73622],[-72.492265,41.73857],[-72.491871,41.739854],[-72.489762,41.741803],[-72.489123,41.742998],[-72.474227,41.744492],[-72.463899,41.745572],[-72.464669,41.749006],[-72.46509,41.750025],[-72.467226,41.762877],[-72.468065,41.767133],[-72.468724,41.770475],[-72.468829,41.771659],[-72.46906,41.772798],[-72.470335,41.779834],[-72.470721,41.782139],[-72.470852,41.783133],[-72.471062,41.784371],[-72.472281,41.79096],[-72.472559,41.79244],[-72.473034,41.795326],[-72.473468,41.798264],[-72.473388,41.798277],[-72.470899,41.798597],[-72.45514,41.801448],[-72.449128,41.802098],[-72.439247,41.803541],[-72.439223,41.803622],[-72.434598,41.804205],[-72.429634,41.804875],[-72.428783,41.8051],[-72.427509,41.805291],[-72.427268,41.805327],[-72.426547,41.805434],[-72.426307,41.805471],[-72.423974,41.80579],[-72.420821,41.806198],[-72.419391,41.806486],[-72.418891,41.806559],[-72.416523,41.796953],[-72.416269,41.795768],[-72.41163,41.772553],[-72.411494,41.771922],[-72.411252,41.77044],[-72.411165,41.769922],[-72.410251,41.765505],[-72.408284,41.765467],[-72.406022,41.765349],[-72.403668,41.765102],[-72.39723,41.7648],[-72.393856,41.764629],[-72.393421,41.764585],[-72.38092,41.76386],[-72.376672,41.764384],[-72.373361,41.764776],[-72.372756,41.764862],[-72.370944,41.765124],[-72.370341,41.765211],[-72.366474,41.765661],[-72.354883,41.767127],[-72.353271,41.765844],[-72.339983,41.7512],[-72.338043,41.749137],[-72.336793,41.747474],[-72.332369,41.742751],[-72.328872,41.738819],[-72.327743,41.73809],[-72.328556,41.736382],[-72.327501,41.735636],[-72.327135,41.734484],[-72.322651,41.733661],[-72.321823,41.733809],[-72.320754,41.732377],[-72.317662,41.731537],[-72.3166,41.731971],[-72.315054,41.731148],[-72.313494,41.731005],[-72.311004,41.731604],[-72.309695,41.730641],[-72.306824,41.72902],[-72.302565,41.727701],[-72.301013,41.725555],[-72.300295,41.725209],[-72.298024,41.726153],[-72.296435,41.726037],[-72.294611,41.724994],[-72.290967,41.724827],[-72.287935,41.725063],[-72.284759,41.725112],[-72.283639,41.723762],[-72.284687,41.72402],[-72.284475,41.722599],[-72.282395,41.722917],[-72.282329,41.721967],[-72.280615,41.722378],[-72.279333,41.723635],[-72.278513,41.722844],[-72.27819,41.723881],[-72.277151,41.722575],[-72.275763,41.721901],[-72.275605,41.721791],[-72.27551,41.721725],[-72.275517,41.72159],[-72.275634,41.72147],[-72.275789,41.72144],[-72.27588,41.721424],[-72.27598,41.721436],[-72.276092,41.72141],[-72.27644,41.721334],[-72.276535,41.721287],[-72.276918,41.720961],[-72.276747,41.720659],[-72.275511,41.720368],[-72.274317,41.721026],[-72.272449,41.72113],[-72.26833,41.719952],[-72.26637,41.718043],[-72.26485,41.717571],[-72.263311,41.718042],[-72.261517,41.719497],[-72.2594,41.721958],[-72.256964,41.722186],[-72.253229,41.721018],[-72.252704,41.721921],[-72.249183,41.723186],[-72.247813,41.721936],[-72.24679,41.722879],[-72.246596,41.722901],[-72.246115,41.721875],[-72.245285,41.720486],[-72.244311,41.717145],[-72.244246,41.716923],[-72.243925,41.716808],[-72.24354,41.716709],[-72.243209,41.71661],[-72.242901,41.716482],[-72.242814,41.716446],[-72.242293,41.716048],[-72.242197,41.715967],[-72.241857,41.715683],[-72.241379,41.715309],[-72.24023,41.714529],[-72.239559,41.714191],[-72.237889,41.713117],[-72.236171,41.711646],[-72.232487,41.708911],[-72.227991,41.705752],[-72.223496,41.702607],[-72.218425,41.698922],[-72.214587,41.696343],[-72.211589,41.69441],[-72.211178,41.694145],[-72.207632,41.691807],[-72.202665,41.688174],[-72.198866,41.685394],[-72.193896,41.681728],[-72.189529,41.678447]]]]}}]}