{"type":"FeatureCollection","features":[{"type":"Feature","properties":{"id":1,"NAME":"1","TotalPop":776970,"PopDevPct":-0.00000144,"DemPct":0.43151569,"RepPct":0.55665746,"WhitePct":0.73331239,"MinorityPct":0.26668761,"BlackPct":0.06254717,"HispanicPct":0.14755441,"PacificPct":0.00099352,"AsianPct":0.04746323,"NativePct":0.01456315,"TotalVAP":624041,"Margin":-0.06848431,"color":"#ff2020","opacity":"0.5"},"geometry":{"type":"MultiPolygon","coordinates":[[[[-73.145317,40.645589],[-73.140998,40.637827],[-73.134001,40.6251],[-73.124558,40.607177],[-73.120208,40.599407],[-73.095301,40.605273],[-73.085149,40.607013],[-73.079128,40.608353],[-73.072007,40.609758],[-73.064093,40.611667],[-73.054157,40.614177],[-73.032084,40.619528],[-73.025706,40.621636],[-73.014004,40.625099],[-72.874542,40.675019],[-72.849117,40.681596],[-72.828607,40.686901],[-72.807644,40.693928],[-72.782441,40.702377],[-72.749544,40.713405],[-72.728422,40.718839],[-72.692655,40.728042],[-72.624539,40.745567],[-72.608854,40.750099],[-72.588198,40.756182],[-72.541705,40.76991],[-72.499492,40.782376],[-72.456507,40.794995],[-72.396531,40.812603],[-72.374529,40.818595],[-72.321626,40.838982],[-72.264542,40.860979],[-72.249525,40.866765],[-72.225963,40.8751],[-72.208588,40.88131],[-72.194875,40.886212],[-72.124533,40.911357],[-72.11411,40.915069],[-72.050883,40.937589],[-71.999516,40.956019],[-71.979667,40.963941],[-71.970135,40.967746],[-71.932751,40.981952],[-71.931698,40.982497],[-71.92747,40.983308],[-71.919623,40.985516],[-71.902545,40.989671],[-71.899907,40.990496],[-71.896835,40.990625],[-71.884775,40.992269],[-71.876434,40.994719],[-71.870139,40.996971],[-71.864619,41.000102],[-71.837088,41.010892],[-71.808163,41.027812],[-71.794139,41.036977],[-71.782748,41.055307],[-71.777491,41.067292],[-71.777491,41.077162],[-71.779244,41.088442],[-71.780704,41.09275],[-71.781872,41.096197],[-71.790635,41.101837],[-71.790636,41.125101],[-71.790972,41.184101],[-71.809384,41.203235],[-71.854462,41.2501],[-71.858425,41.253618],[-71.874513,41.270686],[-71.879847,41.276246],[-71.907258,41.304483],[-71.929451,41.310387],[-71.999486,41.295794],[-72.019214,41.290594],[-72.067079,41.2689],[-72.081775,41.26224],[-72.10556,41.257408],[-72.141534,41.250098],[-72.184863,41.242245],[-72.249553,41.230526],[-72.315072,41.218108],[-72.402344,41.201569],[-72.476419,41.18753],[-72.527901,41.177774],[-72.575225,41.168703],[-72.623562,41.159437],[-72.690996,41.146513],[-72.694717,41.1458],[-72.749393,41.135305],[-72.803115,41.125097],[-72.863707,41.113379],[-72.88656,41.108959],[-72.910274,41.104373],[-72.979306,41.091023],[-72.999547,41.087108],[-73.024524,41.08099],[-73.051948,41.074272],[-73.104957,41.061285],[-73.147441,41.050878],[-73.177505,41.043514],[-73.183476,41.042052],[-73.229104,41.030604],[-73.231797,41.030083],[-73.238213,41.028494],[-73.247572,41.026326],[-73.249557,41.025866],[-73.275392,41.02112],[-73.296597,41.01683],[-73.296581,40.983981],[-73.296552,40.983981],[-73.296554,40.934798],[-73.296459,40.934797],[-73.29666,40.927598],[-73.295061,40.924498],[-73.295481,40.92388],[-73.294596,40.922896],[-73.297862,40.919898],[-73.299166,40.91818],[-73.299571,40.916465],[-73.300982,40.912508],[-73.300937,40.912428],[-73.298991,40.909858],[-73.298167,40.908061],[-73.298067,40.907706],[-73.297733,40.906359],[-73.297389,40.905585],[-73.296734,40.904666],[-73.296641,40.903735],[-73.296945,40.901934],[-73.297175,40.901412],[-73.297404,40.900416],[-73.296716,40.899302],[-73.295068,40.89815],[-73.293261,40.894931],[-73.292448,40.892538],[-73.292246,40.891738],[-73.290522,40.888877],[-73.288706,40.885852],[-73.288005,40.884413],[-73.287921,40.883895],[-73.287761,40.883845],[-73.28796,40.882319],[-73.286448,40.880126],[-73.2867,40.877879],[-73.286484,40.876349],[-73.288521,40.873218],[-73.289408,40.87097],[-73.289599,40.870333],[-73.289966,40.869395],[-73.289705,40.867202],[-73.290371,40.864913],[-73.290577,40.862155],[-73.290645,40.861167],[-73.290743,40.859069],[-73.290775,40.858672],[-73.290905,40.855761],[-73.290934,40.855094],[-73.291049,40.852446],[-73.291101,40.851386],[-73.291393,40.847426],[-73.291311,40.842726],[-73.291352,40.842546],[-73.292011,40.839702],[-73.29227,40.836055],[-73.292239,40.8356],[-73.292354,40.833651],[-73.292629,40.832507],[-73.292522,40.830878],[-73.293049,40.82856],[-73.292995,40.827517],[-73.293187,40.825244],[-73.293275,40.823902],[-73.293536,40.821207],[-73.293633,40.818563],[-73.293636,40.818477],[-73.293814,40.816932],[-73.29382,40.816817],[-73.293984,40.814704],[-73.294008,40.814387],[-73.294265,40.81084],[-73.294471,40.808505],[-73.294472,40.807629],[-73.294618,40.805089],[-73.294638,40.804759],[-73.294643,40.804482],[-73.294652,40.804164],[-73.294652,40.803983],[-73.289915,40.804391],[-73.287155,40.804349],[-73.286186,40.804606],[-73.281478,40.80472],[-73.281461,40.804983],[-73.281264,40.805111],[-73.280937,40.80517],[-73.274659,40.80507],[-73.275467,40.805442],[-73.275014,40.805469],[-73.269936,40.80578],[-73.269387,40.805807],[-73.258074,40.806691],[-73.255595,40.806844],[-73.251928,40.807074],[-73.249016,40.807279],[-73.248861,40.807188],[-73.246797,40.807354],[-73.241931,40.807705],[-73.241135,40.807753],[-73.237806,40.807955],[-73.235394,40.808315],[-73.233782,40.80849],[-73.230951,40.808834],[-73.230731,40.811536],[-73.230692,40.811955],[-73.230532,40.813473],[-73.23018,40.818683],[-73.229739,40.82367],[-73.228159,40.823961],[-73.227268,40.824174],[-73.226789,40.824312],[-73.225306,40.824293],[-73.222195,40.82449],[-73.21752,40.824767],[-73.217375,40.824768],[-73.215781,40.824741],[-73.21472,40.824731],[-73.211278,40.824969],[-73.210255,40.825153],[-73.210184,40.824804],[-73.207643,40.8252],[-73.205814,40.825318],[-73.202891,40.825482],[-73.201215,40.825605],[-73.19989,40.825665],[-73.195184,40.825899],[-73.194907,40.82592],[-73.192514,40.826034],[-73.190317,40.826156],[-73.189184,40.826231],[-73.188417,40.826283],[-73.186079,40.826428],[-73.180973,40.826741],[-73.180785,40.826758],[-73.175272,40.82712],[-73.171479,40.827415],[-73.17041,40.827495],[-73.168311,40.827658],[-73.16759,40.827715],[-73.165541,40.827874],[-73.161841,40.82813],[-73.160899,40.82819],[-73.160581,40.828216],[-73.159547,40.828286],[-73.158824,40.828336],[-73.158563,40.828355],[-73.157885,40.828396],[-73.156041,40.828521],[-73.15471,40.828611],[-73.149595,40.82887],[-73.148533,40.82878],[-73.14643,40.828922],[-73.145201,40.828942],[-73.144667,40.828976],[-73.143841,40.829042],[-73.142818,40.829116],[-73.142437,40.829138],[-73.14198,40.829173],[-73.141078,40.829236],[-73.139774,40.829415],[-73.138933,40.829475],[-73.138079,40.829531],[-73.137242,40.829592],[-73.136401,40.829663],[-73.135556,40.829723],[-73.134472,40.829808],[-73.128309,40.830195],[-73.126337,40.832275],[-73.123074,40.832977],[-73.121412,40.832545],[-73.117904,40.830775],[-73.116811,40.829756],[-73.116877,40.829165],[-73.117253,40.825844],[-73.116613,40.82397],[-73.117971,40.822371],[-73.117773,40.821738],[-73.118149,40.821124],[-73.118228,40.820552],[-73.118406,40.819023],[-73.118277,40.818549],[-73.118238,40.81816],[-73.118252,40.817979],[-73.118307,40.817294],[-73.118321,40.817038],[-73.118351,40.816499],[-73.118398,40.816039],[-73.118461,40.815796],[-73.118582,40.815333],[-73.118648,40.815084],[-73.118742,40.81465],[-73.118917,40.813941],[-73.11902,40.813522],[-73.119085,40.813259],[-73.119089,40.813239],[-73.119189,40.812763],[-73.119241,40.812491],[-73.119333,40.812017],[-73.11934,40.811983],[-73.11958,40.811091],[-73.11976,40.810559],[-73.119818,40.810408],[-73.120029,40.809862],[-73.1201,40.809707],[-73.120162,40.809005],[-73.120107,40.808306],[-73.12008,40.807637],[-73.120021,40.806921],[-73.118486,40.807041],[-73.118445,40.807049],[-73.113894,40.807456],[-73.111277,40.807685],[-73.111123,40.807699],[-73.110949,40.807738],[-73.103902,40.808288],[-73.091232,40.80941],[-73.091124,40.809419],[-73.090669,40.809459],[-73.086644,40.80981],[-73.086577,40.809642],[-73.086503,40.8088],[-73.08642,40.807895],[-73.085461,40.80798],[-73.085224,40.805264],[-73.084291,40.805343],[-73.084182,40.80417],[-73.083302,40.804368],[-73.080799,40.804919],[-73.08074,40.804285],[-73.079887,40.804332],[-73.079085,40.804376],[-73.079143,40.805018],[-73.077229,40.80511],[-73.077263,40.805696],[-73.075592,40.806028],[-73.073261,40.806607],[-73.071577,40.807],[-73.067877,40.807974],[-73.067171,40.806691],[-73.067435,40.805353],[-73.064698,40.805863],[-73.064236,40.80126],[-73.064443,40.799813],[-73.059958,40.796663],[-73.056144,40.793932],[-73.051682,40.791019],[-73.0514,40.790856],[-73.051364,40.786596],[-73.050827,40.783359],[-73.048891,40.779309],[-73.046902,40.774873],[-73.046565,40.772928],[-73.046522,40.77252],[-73.046504,40.772327],[-73.04679,40.772226],[-73.046771,40.772046],[-73.046488,40.77215],[-73.046484,40.772108],[-73.046472,40.771964],[-73.046454,40.77172],[-73.046197,40.768743],[-73.046024,40.766932],[-73.045439,40.76267],[-73.045719,40.762672],[-73.047008,40.762682],[-73.047121,40.75609],[-73.047134,40.754027],[-73.04715,40.752231],[-73.047178,40.748453],[-73.049909,40.747372],[-73.050772,40.747198],[-73.051685,40.746999],[-73.052647,40.746849],[-73.05316,40.746818],[-73.053328,40.745788],[-73.053346,40.745622],[-73.053884,40.742531],[-73.054074,40.741441],[-73.054822,40.737149],[-73.057371,40.736477],[-73.058635,40.73618],[-73.060624,40.729126],[-73.061701,40.729262],[-73.062291,40.727422],[-73.066314,40.726017],[-73.067572,40.723506],[-73.069189,40.722675],[-73.069845,40.722565],[-73.07479,40.723501],[-73.077765,40.723399],[-73.079135,40.722822],[-73.080221,40.722088],[-73.081718,40.722353],[-73.083783,40.72193],[-73.085959,40.720916],[-73.089011,40.720466],[-73.089667,40.720355],[-73.091809,40.720196],[-73.092468,40.719664],[-73.092511,40.721731],[-73.093736,40.721279],[-73.094023,40.720115],[-73.095831,40.71981],[-73.100897,40.717956],[-73.103011,40.716675],[-73.104453,40.716499],[-73.108039,40.717186],[-73.110434,40.718482],[-73.118598,40.724098],[-73.121543,40.725138],[-73.120989,40.726666],[-73.121633,40.726765],[-73.122629,40.726114],[-73.123749,40.726677],[-73.124041,40.725896],[-73.124664,40.723602],[-73.125541,40.723301],[-73.127237,40.721618],[-73.132543,40.720002],[-73.13278,40.719202],[-73.135066,40.717892],[-73.139215,40.715624],[-73.143387,40.712385],[-73.143668,40.71213],[-73.145211,40.709549],[-73.146943,40.704512],[-73.14679,40.698517],[-73.146662,40.690995],[-73.146886,40.687699],[-73.147359,40.674107],[-73.148065,40.658278],[-73.147679,40.651729],[-73.147372,40.649064],[-73.147149,40.648606],[-73.146671,40.647621],[-73.146394,40.647049],[-73.145317,40.645589]]]]}},{"type":"Feature","properties":{"id":2,"NAME":"2","TotalPop":776404,"PopDevPct":-0.00072991,"DemPct":0.420222,"RepPct":0.56804692,"WhitePct":0.59873801,"MinorityPct":0.40126199,"BlackPct":0.10136675,"HispanicPct":0.23163259,"PacificPct":0.00106225,"AsianPct":0.06669371,"NativePct":0.01580505,"TotalVAP":613791,"Margin":-0.079778,"color":"#ff2020","opacity":"0.5"},"geometry":{"type":"MultiPolygon","coordinates":[[[[-73.264524,40.555697],[-73.249562,40.562565],[-73.124558,40.598366],[-73.120208,40.599407],[-73.124558,40.607177],[-73.134001,40.6251],[-73.140998,40.637827],[-73.145317,40.645589],[-73.146394,40.647049],[-73.146671,40.647621],[-73.147149,40.648606],[-73.147372,40.649064],[-73.147679,40.651729],[-73.148065,40.658278],[-73.147359,40.674107],[-73.146886,40.687699],[-73.146662,40.690995],[-73.14679,40.698517],[-73.146943,40.704512],[-73.145211,40.709549],[-73.143668,40.71213],[-73.143387,40.712385],[-73.139215,40.715624],[-73.135066,40.717892],[-73.13278,40.719202],[-73.132543,40.720002],[-73.127237,40.721618],[-73.125541,40.723301],[-73.124664,40.723602],[-73.124041,40.725896],[-73.123749,40.726677],[-73.122629,40.726114],[-73.121633,40.726765],[-73.120989,40.726666],[-73.121543,40.725138],[-73.118598,40.724098],[-73.110434,40.718482],[-73.108039,40.717186],[-73.104453,40.716499],[-73.103011,40.716675],[-73.100897,40.717956],[-73.095831,40.71981],[-73.094023,40.720115],[-73.093736,40.721279],[-73.092511,40.721731],[-73.092468,40.719664],[-73.091809,40.720196],[-73.089667,40.720355],[-73.089011,40.720466],[-73.085959,40.720916],[-73.083783,40.72193],[-73.081718,40.722353],[-73.080221,40.722088],[-73.079135,40.722822],[-73.077765,40.723399],[-73.07479,40.723501],[-73.069845,40.722565],[-73.069189,40.722675],[-73.067572,40.723506],[-73.066314,40.726017],[-73.062291,40.727422],[-73.061701,40.729262],[-73.060624,40.729126],[-73.058635,40.73618],[-73.057371,40.736477],[-73.054822,40.737149],[-73.054074,40.741441],[-73.053884,40.742531],[-73.053346,40.745622],[-73.053328,40.745788],[-73.05316,40.746818],[-73.052647,40.746849],[-73.051685,40.746999],[-73.050772,40.747198],[-73.049909,40.747372],[-73.047178,40.748453],[-73.04715,40.752231],[-73.047134,40.754027],[-73.047121,40.75609],[-73.047008,40.762682],[-73.045719,40.762672],[-73.045439,40.76267],[-73.046024,40.766932],[-73.046197,40.768743],[-73.046454,40.77172],[-73.046472,40.771964],[-73.046484,40.772108],[-73.046488,40.77215],[-73.046771,40.772046],[-73.04679,40.772226],[-73.046504,40.772327],[-73.046522,40.77252],[-73.046565,40.772928],[-73.046902,40.774873],[-73.048891,40.779309],[-73.050827,40.783359],[-73.051364,40.786596],[-73.0514,40.790856],[-73.051682,40.791019],[-73.056144,40.793932],[-73.059958,40.796663],[-73.064443,40.799813],[-73.064236,40.80126],[-73.064698,40.805863],[-73.067435,40.805353],[-73.067171,40.806691],[-73.067877,40.807974],[-73.071577,40.807],[-73.073261,40.806607],[-73.075592,40.806028],[-73.077263,40.805696],[-73.077229,40.80511],[-73.079143,40.805018],[-73.079085,40.804376],[-73.079887,40.804332],[-73.08074,40.804285],[-73.080799,40.804919],[-73.083302,40.804368],[-73.084182,40.80417],[-73.084291,40.805343],[-73.085224,40.805264],[-73.085461,40.80798],[-73.08642,40.807895],[-73.086503,40.8088],[-73.086577,40.809642],[-73.086644,40.80981],[-73.090669,40.809459],[-73.091124,40.809419],[-73.091232,40.80941],[-73.103902,40.808288],[-73.110949,40.807738],[-73.111123,40.807699],[-73.111277,40.807685],[-73.113894,40.807456],[-73.118445,40.807049],[-73.118486,40.807041],[-73.120021,40.806921],[-73.12008,40.807637],[-73.120107,40.808306],[-73.120162,40.809005],[-73.1201,40.809707],[-73.120029,40.809862],[-73.119818,40.810408],[-73.11976,40.810559],[-73.11958,40.811091],[-73.11934,40.811983],[-73.119333,40.812017],[-73.119241,40.812491],[-73.119189,40.812763],[-73.119089,40.813239],[-73.119085,40.813259],[-73.11902,40.813522],[-73.118917,40.813941],[-73.118742,40.81465],[-73.118648,40.815084],[-73.118582,40.815333],[-73.118461,40.815796],[-73.118398,40.816039],[-73.118351,40.816499],[-73.118321,40.817038],[-73.118307,40.817294],[-73.118252,40.817979],[-73.118238,40.81816],[-73.118277,40.818549],[-73.118406,40.819023],[-73.118228,40.820552],[-73.118149,40.821124],[-73.117773,40.821738],[-73.117971,40.822371],[-73.116613,40.82397],[-73.117253,40.825844],[-73.116877,40.829165],[-73.116811,40.829756],[-73.117904,40.830775],[-73.121412,40.832545],[-73.123074,40.832977],[-73.126337,40.832275],[-73.128309,40.830195],[-73.134472,40.829808],[-73.135556,40.829723],[-73.136401,40.829663],[-73.137242,40.829592],[-73.138079,40.829531],[-73.138933,40.829475],[-73.139774,40.829415],[-73.141078,40.829236],[-73.14198,40.829173],[-73.142437,40.829138],[-73.142818,40.829116],[-73.143841,40.829042],[-73.144667,40.828976],[-73.145201,40.828942],[-73.14643,40.828922],[-73.148533,40.82878],[-73.149595,40.82887],[-73.15471,40.828611],[-73.156041,40.828521],[-73.157885,40.828396],[-73.158563,40.828355],[-73.158824,40.828336],[-73.159547,40.828286],[-73.160581,40.828216],[-73.160899,40.82819],[-73.161841,40.82813],[-73.165541,40.827874],[-73.16759,40.827715],[-73.168311,40.827658],[-73.17041,40.827495],[-73.171479,40.827415],[-73.175272,40.82712],[-73.180785,40.826758],[-73.180973,40.826741],[-73.186079,40.826428],[-73.188417,40.826283],[-73.189184,40.826231],[-73.190317,40.826156],[-73.192514,40.826034],[-73.194907,40.82592],[-73.195184,40.825899],[-73.19989,40.825665],[-73.201215,40.825605],[-73.202891,40.825482],[-73.205814,40.825318],[-73.207643,40.8252],[-73.210184,40.824804],[-73.210255,40.825153],[-73.211278,40.824969],[-73.21472,40.824731],[-73.215781,40.824741],[-73.217375,40.824768],[-73.21752,40.824767],[-73.222195,40.82449],[-73.225306,40.824293],[-73.226789,40.824312],[-73.227268,40.824174],[-73.228159,40.823961],[-73.229739,40.82367],[-73.23018,40.818683],[-73.230532,40.813473],[-73.230692,40.811955],[-73.230731,40.811536],[-73.230951,40.808834],[-73.233782,40.80849],[-73.235394,40.808315],[-73.237806,40.807955],[-73.241135,40.807753],[-73.241931,40.807705],[-73.246797,40.807354],[-73.248861,40.807188],[-73.249016,40.807279],[-73.251928,40.807074],[-73.255595,40.806844],[-73.258074,40.806691],[-73.269387,40.805807],[-73.269936,40.80578],[-73.275014,40.805469],[-73.275467,40.805442],[-73.274659,40.80507],[-73.280937,40.80517],[-73.281264,40.805111],[-73.281461,40.804983],[-73.281478,40.80472],[-73.286186,40.804606],[-73.287155,40.804349],[-73.289915,40.804391],[-73.294652,40.803983],[-73.294759,40.795257],[-73.294782,40.794901],[-73.294652,40.794696],[-73.294907,40.78707],[-73.294966,40.784297],[-73.301562,40.782698],[-73.308682,40.781282],[-73.310466,40.780604],[-73.31054,40.780601],[-73.312698,40.780298],[-73.314316,40.779822],[-73.315677,40.779603],[-73.31579,40.779552],[-73.316614,40.77922],[-73.317934,40.779071],[-73.320433,40.778379],[-73.326579,40.776994],[-73.333125,40.775545],[-73.334051,40.775291],[-73.334965,40.775066],[-73.335118,40.775037],[-73.336728,40.77472],[-73.337582,40.774472],[-73.337968,40.774372],[-73.339315,40.774047],[-73.339941,40.773924],[-73.34067,40.773783],[-73.342692,40.773218],[-73.345412,40.772577],[-73.354299,40.770601],[-73.354865,40.770472],[-73.359601,40.769388],[-73.36019,40.769245],[-73.360806,40.769103],[-73.363719,40.768314],[-73.363726,40.768323],[-73.363818,40.768285],[-73.365593,40.76781],[-73.366044,40.767906],[-73.368493,40.767244],[-73.369074,40.767147],[-73.370449,40.766805],[-73.372892,40.766334],[-73.391805,40.76214],[-73.391993,40.762087],[-73.392565,40.761926],[-73.402883,40.759473],[-73.403042,40.759434],[-73.405737,40.758799],[-73.414979,40.756637],[-73.42194,40.755181],[-73.422031,40.755159],[-73.422176,40.755125],[-73.422277,40.7551],[-73.423742,40.754753],[-73.423931,40.754707],[-73.429702,40.753323],[-73.432889,40.752558],[-73.433163,40.752498],[-73.43437,40.752258],[-73.438617,40.751287],[-73.440222,40.760415],[-73.44052,40.761639],[-73.440967,40.764399],[-73.44315,40.775904],[-73.444096,40.781606],[-73.444754,40.781205],[-73.446464,40.781235],[-73.451478,40.779899],[-73.454802,40.778852],[-73.457074,40.777958],[-73.460851,40.776471],[-73.461857,40.776263],[-73.462407,40.776186],[-73.4654,40.776317],[-73.466945,40.776418],[-73.467669,40.776426],[-73.468448,40.776415],[-73.470445,40.776277],[-73.472861,40.775664],[-73.474219,40.775313],[-73.476479,40.77477],[-73.476548,40.774756],[-73.477168,40.774638],[-73.480043,40.774048],[-73.481114,40.77383],[-73.481266,40.773796],[-73.482412,40.773559],[-73.484033,40.773221],[-73.484829,40.773055],[-73.486171,40.772777],[-73.48659,40.77269],[-73.489063,40.77218],[-73.489513,40.772089],[-73.491103,40.771761],[-73.492486,40.771475],[-73.493027,40.771364],[-73.495452,40.770871],[-73.496155,40.770727],[-73.497037,40.770548],[-73.499092,40.770123],[-73.499275,40.770086],[-73.500307,40.769876],[-73.501211,40.769702],[-73.501374,40.770809],[-73.501475,40.771492],[-73.501565,40.772049],[-73.501581,40.772189],[-73.501677,40.772883],[-73.501772,40.77357],[-73.501865,40.774263],[-73.502548,40.774221],[-73.50366,40.773767],[-73.504164,40.773919],[-73.5055,40.773907],[-73.50633,40.773746],[-73.506411,40.774301],[-73.506909,40.774611],[-73.5072,40.776714],[-73.508097,40.776646],[-73.50764,40.778435],[-73.50811,40.778778],[-73.508752,40.778273],[-73.508936,40.778525],[-73.509039,40.779211],[-73.509054,40.779376],[-73.509111,40.780053],[-73.509203,40.780741],[-73.509265,40.781173],[-73.509306,40.781473],[-73.509401,40.782259],[-73.50943,40.78242],[-73.510276,40.782355],[-73.511137,40.782288],[-73.512003,40.782221],[-73.512861,40.782156],[-73.513725,40.782091],[-73.514589,40.782025],[-73.514757,40.783301],[-73.514922,40.784554],[-73.517451,40.784579],[-73.518562,40.784424],[-73.518941,40.784046],[-73.520805,40.783303],[-73.522484,40.782312],[-73.523217,40.781905],[-73.524529,40.781464],[-73.525377,40.781202],[-73.525751,40.781626],[-73.526032,40.78147],[-73.526826,40.782945],[-73.52768,40.782726],[-73.528531,40.782495],[-73.52938,40.782265],[-73.530232,40.782037],[-73.531076,40.781811],[-73.531785,40.781625],[-73.531962,40.781578],[-73.532289,40.782292],[-73.535299,40.781608],[-73.536696,40.780673],[-73.538162,40.779471],[-73.53927,40.778441],[-73.540696,40.777132],[-73.541869,40.776306],[-73.542688,40.775827],[-73.544638,40.774885],[-73.545952,40.774435],[-73.547265,40.774105],[-73.548742,40.773827],[-73.551026,40.77361],[-73.551024,40.773493],[-73.550966,40.772053],[-73.5509,40.770499],[-73.550501,40.765001],[-73.550162,40.761978],[-73.549614,40.757631],[-73.549553,40.756678],[-73.549317,40.756123],[-73.548756,40.752417],[-73.548486,40.751039],[-73.548214,40.748296],[-73.547885,40.746632],[-73.547661,40.74402],[-73.547652,40.743603],[-73.546917,40.743593],[-73.54569,40.743582],[-73.545214,40.742412],[-73.544389,40.73978],[-73.543492,40.735391],[-73.542955,40.733793],[-73.542749,40.733229],[-73.5409,40.72911],[-73.540819,40.728957],[-73.540756,40.728839],[-73.540371,40.728121],[-73.539736,40.726999],[-73.539376,40.726405],[-73.539172,40.726078],[-73.538869,40.725579],[-73.538538,40.725062],[-73.538447,40.724908],[-73.538032,40.724337],[-73.537954,40.724201],[-73.535988,40.721479],[-73.532931,40.717824],[-73.532817,40.717677],[-73.532196,40.716847],[-73.532149,40.716785],[-73.531442,40.715816],[-73.530788,40.714891],[-73.530179,40.713999],[-73.529202,40.712513],[-73.528449,40.711303],[-73.528186,40.710873],[-73.527038,40.708925],[-73.526424,40.707949],[-73.52627,40.707722],[-73.52615,40.707743],[-73.525612,40.707834],[-73.524855,40.707896],[-73.522621,40.707486],[-73.521106,40.707137],[-73.518849,40.70656],[-73.516948,40.706006],[-73.514373,40.705342],[-73.512763,40.704803],[-73.510998,40.704166],[-73.507325,40.702861],[-73.505473,40.702175],[-73.50592,40.701485],[-73.506369,40.700017],[-73.50401,40.700471],[-73.492485,40.70131],[-73.490379,40.701415],[-73.490137,40.701431],[-73.484245,40.702766],[-73.484225,40.702563],[-73.48402,40.701532],[-73.483728,40.699738],[-73.483644,40.699419],[-73.483448,40.698482],[-73.483275,40.69768],[-73.483186,40.697012],[-73.483047,40.696313],[-73.482906,40.69546],[-73.482849,40.695263],[-73.482746,40.695188],[-73.482592,40.695001],[-73.482948,40.694922],[-73.482906,40.694713],[-73.482773,40.694655],[-73.482606,40.693835],[-73.48209,40.691287],[-73.481658,40.688296],[-73.481576,40.685817],[-73.481504,40.684495],[-73.481477,40.683791],[-73.48155,40.681196],[-73.482068,40.6787],[-73.482068,40.676099],[-73.481996,40.675279],[-73.481985,40.675121],[-73.482167,40.673201],[-73.481669,40.6722],[-73.482369,40.6689],[-73.481069,40.667601],[-73.482076,40.666794],[-73.482123,40.666791],[-73.48217,40.666785],[-73.482201,40.666302],[-73.482332,40.665343],[-73.483578,40.663716],[-73.484369,40.66175],[-73.485265,40.660985],[-73.485962,40.660137],[-73.486725,40.658526],[-73.487034,40.656439],[-73.487033,40.65557],[-73.486386,40.655246],[-73.485856,40.654716],[-73.485775,40.654378],[-73.486375,40.653546],[-73.485948,40.653352],[-73.485888,40.652986],[-73.486126,40.651819],[-73.485613,40.650355],[-73.486542,40.648867],[-73.484647,40.64878],[-73.485246,40.646055],[-73.484943,40.645052],[-73.484963,40.641369],[-73.484866,40.637879],[-73.484911,40.628242],[-73.484978,40.623766],[-73.484974,40.621318],[-73.484899,40.617503],[-73.484975,40.614082],[-73.484375,40.607895],[-73.484894,40.606193],[-73.484827,40.60025],[-73.484856,40.599154],[-73.48486,40.598991],[-73.484936,40.596853],[-73.484866,40.589686],[-73.484794,40.589699],[-73.48439,40.552681],[-73.484946,40.520921],[-73.47098,40.524664],[-73.465597,40.526107],[-73.441215,40.531709],[-73.42531,40.534265],[-73.406384,40.53731],[-73.378519,40.545713],[-73.343688,40.554116],[-73.326272,40.556916],[-73.31234,40.554115],[-73.291441,40.551314],[-73.274025,40.551314],[-73.264524,40.555697]]]]}},{"type":"Feature","properties":{"id":3,"NAME":"3","TotalPop":777693,"PopDevPct":0.0009291,"DemPct":0.48696928,"RepPct":0.49571563,"WhitePct":0.59202716,"MinorityPct":0.40797284,"BlackPct":0.05225641,"HispanicPct":0.12919572,"PacificPct":0.00125678,"AsianPct":0.21935865,"NativePct":0.00916485,"TotalVAP":620632,"Margin":-0.01303072,"color":"#ffd2d2","opacity":"0.5"},"geometry":{"type":"MultiPolygon","coordinates":[[[[-73.457074,40.777958],[-73.454802,40.778852],[-73.451478,40.779899],[-73.446464,40.781235],[-73.444754,40.781205],[-73.444096,40.781606],[-73.44315,40.775904],[-73.440967,40.764399],[-73.44052,40.761639],[-73.440222,40.760415],[-73.438617,40.751287],[-73.43437,40.752258],[-73.433163,40.752498],[-73.432889,40.752558],[-73.429702,40.753323],[-73.423931,40.754707],[-73.423742,40.754753],[-73.422277,40.7551],[-73.422176,40.755125],[-73.422031,40.755159],[-73.42194,40.755181],[-73.414979,40.756637],[-73.405737,40.758799],[-73.403042,40.759434],[-73.402883,40.759473],[-73.392565,40.761926],[-73.391993,40.762087],[-73.391805,40.76214],[-73.372892,40.766334],[-73.370449,40.766805],[-73.369074,40.767147],[-73.368493,40.767244],[-73.366044,40.767906],[-73.365593,40.76781],[-73.363818,40.768285],[-73.363726,40.768323],[-73.363719,40.768314],[-73.360806,40.769103],[-73.36019,40.769245],[-73.359601,40.769388],[-73.354865,40.770472],[-73.354299,40.770601],[-73.345412,40.772577],[-73.342692,40.773218],[-73.34067,40.773783],[-73.339941,40.773924],[-73.339315,40.774047],[-73.337968,40.774372],[-73.337582,40.774472],[-73.336728,40.77472],[-73.335118,40.775037],[-73.334965,40.775066],[-73.334051,40.775291],[-73.333125,40.775545],[-73.326579,40.776994],[-73.320433,40.778379],[-73.317934,40.779071],[-73.316614,40.77922],[-73.31579,40.779552],[-73.315677,40.779603],[-73.314316,40.779822],[-73.312698,40.780298],[-73.31054,40.780601],[-73.310466,40.780604],[-73.308682,40.781282],[-73.301562,40.782698],[-73.294966,40.784297],[-73.294907,40.78707],[-73.294652,40.794696],[-73.294782,40.794901],[-73.294759,40.795257],[-73.294652,40.803983],[-73.294652,40.804164],[-73.294643,40.804482],[-73.294638,40.804759],[-73.294618,40.805089],[-73.294472,40.807629],[-73.294471,40.808505],[-73.294265,40.81084],[-73.294008,40.814387],[-73.293984,40.814704],[-73.29382,40.816817],[-73.293814,40.816932],[-73.293636,40.818477],[-73.293633,40.818563],[-73.293536,40.821207],[-73.293275,40.823902],[-73.293187,40.825244],[-73.292995,40.827517],[-73.293049,40.82856],[-73.292522,40.830878],[-73.292629,40.832507],[-73.292354,40.833651],[-73.292239,40.8356],[-73.29227,40.836055],[-73.292011,40.839702],[-73.291352,40.842546],[-73.291311,40.842726],[-73.291393,40.847426],[-73.291101,40.851386],[-73.291049,40.852446],[-73.290934,40.855094],[-73.290905,40.855761],[-73.290775,40.858672],[-73.290743,40.859069],[-73.290645,40.861167],[-73.290577,40.862155],[-73.290371,40.864913],[-73.289705,40.867202],[-73.289966,40.869395],[-73.289599,40.870333],[-73.289408,40.87097],[-73.288521,40.873218],[-73.286484,40.876349],[-73.2867,40.877879],[-73.286448,40.880126],[-73.28796,40.882319],[-73.287761,40.883845],[-73.287921,40.883895],[-73.288005,40.884413],[-73.288706,40.885852],[-73.290522,40.888877],[-73.292246,40.891738],[-73.292448,40.892538],[-73.293261,40.894931],[-73.295068,40.89815],[-73.296716,40.899302],[-73.297404,40.900416],[-73.297175,40.901412],[-73.296945,40.901934],[-73.296641,40.903735],[-73.296734,40.904666],[-73.297389,40.905585],[-73.297733,40.906359],[-73.298067,40.907706],[-73.298167,40.908061],[-73.298991,40.909858],[-73.300937,40.912428],[-73.300982,40.912508],[-73.299571,40.916465],[-73.299166,40.91818],[-73.297862,40.919898],[-73.294596,40.922896],[-73.295481,40.92388],[-73.295061,40.924498],[-73.29666,40.927598],[-73.296459,40.934797],[-73.296554,40.934798],[-73.296552,40.983981],[-73.296581,40.983981],[-73.296597,41.01683],[-73.37456,41.00106],[-73.378172,41.000097],[-73.389588,40.997932],[-73.431919,40.989009],[-73.499565,40.974745],[-73.527766,40.968897],[-73.562248,40.961661],[-73.590669,40.955698],[-73.612885,40.950943],[-73.61309,40.950821],[-73.694448,40.90305],[-73.709674,40.894173],[-73.7185,40.889044],[-73.73139,40.881553],[-73.740597,40.876203],[-73.748004,40.871874],[-73.74806,40.871721],[-73.753787,40.856409],[-73.757801,40.845679],[-73.757967,40.845536],[-73.76164,40.842372],[-73.766501,40.838182],[-73.77452,40.831273],[-73.774977,40.830879],[-73.780193,40.8264],[-73.778958,40.811713],[-73.779556,40.811247],[-73.782676,40.805386],[-73.784745,40.802592],[-73.787918,40.800362],[-73.793371,40.800387],[-73.793559,40.80038],[-73.799745,40.802199],[-73.811299,40.805397],[-73.817418,40.80579],[-73.823438,40.80481],[-73.827583,40.803936],[-73.824088,40.798048],[-73.823541,40.797131],[-73.82297,40.796213],[-73.825229,40.795726],[-73.82559,40.79564],[-73.825725,40.795609],[-73.824039,40.793046],[-73.823732,40.792787],[-73.823534,40.791711],[-73.823404,40.790619],[-73.823511,40.789389],[-73.82417,40.786746],[-73.825285,40.781697],[-73.825916,40.780518],[-73.826235,40.779921],[-73.825929,40.779808],[-73.825667,40.77973],[-73.824505,40.779353],[-73.823547,40.779036],[-73.823313,40.779579],[-73.82224,40.77949],[-73.821323,40.779409],[-73.820321,40.779335],[-73.81931,40.77926],[-73.817281,40.779106],[-73.81453,40.778888],[-73.814663,40.777905],[-73.814759,40.777204],[-73.814788,40.776996],[-73.814859,40.776486],[-73.814943,40.775862],[-73.815053,40.775066],[-73.815151,40.774356],[-73.815314,40.773652],[-73.813837,40.773535],[-73.813915,40.772823],[-73.813171,40.772765],[-73.80994,40.772509],[-73.80801,40.772355],[-73.807078,40.772282],[-73.806153,40.772209],[-73.806026,40.772198],[-73.80522,40.772135],[-73.804279,40.772061],[-73.804418,40.771086],[-73.804629,40.769486],[-73.803694,40.769411],[-73.802761,40.769339],[-73.801825,40.769263],[-73.800894,40.769191],[-73.799963,40.769118],[-73.799026,40.769042],[-73.798092,40.76897],[-73.79716,40.768897],[-73.796227,40.768821],[-73.795971,40.770686],[-73.795037,40.770612],[-73.794103,40.770538],[-73.793237,40.770468],[-73.793179,40.770403],[-73.792393,40.76951],[-73.791902,40.768936],[-73.791526,40.768475],[-73.791423,40.768349],[-73.790693,40.767525],[-73.790599,40.767419],[-73.790228,40.766955],[-73.789911,40.766524],[-73.789636,40.766142],[-73.788075,40.764199],[-73.787532,40.7639],[-73.785853,40.763014],[-73.785707,40.762937],[-73.785445,40.762597],[-73.785351,40.762257],[-73.785274,40.761842],[-73.784231,40.761924],[-73.783077,40.762029],[-73.782232,40.762131],[-73.78132,40.762188],[-73.780405,40.762295],[-73.779349,40.762363],[-73.779031,40.76238],[-73.778796,40.762407],[-73.778368,40.762454],[-73.775469,40.762729],[-73.770769,40.763193],[-73.768347,40.76343],[-73.767484,40.763515],[-73.766405,40.76362],[-73.765577,40.763701],[-73.76514,40.76225],[-73.764224,40.762399],[-73.76331,40.762552],[-73.762395,40.76271],[-73.761477,40.762861],[-73.760784,40.762974],[-73.760305,40.761684],[-73.759409,40.761841],[-73.758481,40.761995],[-73.758115,40.762054],[-73.757562,40.761254],[-73.756968,40.760972],[-73.755084,40.760756],[-73.754071,40.760444],[-73.753853,40.760465],[-73.751652,40.759794],[-73.750216,40.759209],[-73.749002,40.75848],[-73.74846,40.758065],[-73.747407,40.757041],[-73.746429,40.755975],[-73.744508,40.753682],[-73.744409,40.753563],[-73.746808,40.752028],[-73.746867,40.752093],[-73.747099,40.752347],[-73.748439,40.751613],[-73.749291,40.751282],[-73.750167,40.751055],[-73.751076,40.750897],[-73.751115,40.750889],[-73.754269,40.750248],[-73.75699,40.749575],[-73.756866,40.749361],[-73.756813,40.749272],[-73.756698,40.749076],[-73.755801,40.747332],[-73.754951,40.745618],[-73.754788,40.745277],[-73.753978,40.743518],[-73.753473,40.742405],[-73.755463,40.741717],[-73.756483,40.741388],[-73.757353,40.741116],[-73.758293,40.74084],[-73.759221,40.740533],[-73.759882,40.740316],[-73.7595,40.739586],[-73.759997,40.739199],[-73.758547,40.738388],[-73.762683,40.737256],[-73.762733,40.735262],[-73.765041,40.734477],[-73.764709,40.734085],[-73.7637,40.732864],[-73.765551,40.732544],[-73.76571,40.732516],[-73.762427,40.729467],[-73.761228,40.728698],[-73.759414,40.727443],[-73.759275,40.726204],[-73.760818,40.725962],[-73.762063,40.725986],[-73.759114,40.725732],[-73.75671,40.726179],[-73.756028,40.725596],[-73.755244,40.724783],[-73.754969,40.72416],[-73.753458,40.722929],[-73.752279,40.721969],[-73.751092,40.721007],[-73.750499,40.720527],[-73.749906,40.720046],[-73.749126,40.720589],[-73.748386,40.721017],[-73.747695,40.721425],[-73.746972,40.721775],[-73.746826,40.721829],[-73.746205,40.722076],[-73.74548,40.722529],[-73.744748,40.722982],[-73.744021,40.723426],[-73.743264,40.723894],[-73.742505,40.72436],[-73.741326,40.72325],[-73.739488,40.721525],[-73.738648,40.721846],[-73.737857,40.722126],[-73.737763,40.722166],[-73.736917,40.722467],[-73.736588,40.721783],[-73.735566,40.722013],[-73.733313,40.722516],[-73.731497,40.722919],[-73.731013,40.721587],[-73.730326,40.722157],[-73.729503,40.722595],[-73.729234,40.722705],[-73.728783,40.722876],[-73.728261,40.723063],[-73.728175,40.723092],[-73.726465,40.723751],[-73.72472,40.724298],[-73.724551,40.72435],[-73.724141,40.724469],[-73.723431,40.724649],[-73.721196,40.725265],[-73.720919,40.725341],[-73.718288,40.726043],[-73.715865,40.726541],[-73.712403,40.726978],[-73.710485,40.72723],[-73.70976,40.727382],[-73.707939,40.727771],[-73.707647,40.727796],[-73.706738,40.72797],[-73.705867,40.728158],[-73.704982,40.728351],[-73.703409,40.728684],[-73.701821,40.729003],[-73.701293,40.729117],[-73.700389,40.729302],[-73.699852,40.72941],[-73.697593,40.729877],[-73.697046,40.729991],[-73.696073,40.730192],[-73.695302,40.730351],[-73.694818,40.730453],[-73.69434,40.730562],[-73.693933,40.730655],[-73.693452,40.730763],[-73.69251,40.730755],[-73.691633,40.730915],[-73.690765,40.731054],[-73.689865,40.731211],[-73.688979,40.731349],[-73.688064,40.731449],[-73.687157,40.731639],[-73.686226,40.731759],[-73.685293,40.731866],[-73.684379,40.732032],[-73.682406,40.73234],[-73.681091,40.732476],[-73.681061,40.73233],[-73.679698,40.732655],[-73.678808,40.732853],[-73.677902,40.732952],[-73.677021,40.733099],[-73.676135,40.733231],[-73.675366,40.733364],[-73.672633,40.733841],[-73.671199,40.734135],[-73.671182,40.734005],[-73.670358,40.734113],[-73.669474,40.734262],[-73.668586,40.734403],[-73.667654,40.734541],[-73.666718,40.734695],[-73.665837,40.734844],[-73.665613,40.734877],[-73.663261,40.735249],[-73.660886,40.735648],[-73.659792,40.735829],[-73.657604,40.736207],[-73.651299,40.737128],[-73.650997,40.736848],[-73.650529,40.736907],[-73.650374,40.736927],[-73.650102,40.736993],[-73.649229,40.737154],[-73.648348,40.737314],[-73.647472,40.737472],[-73.646593,40.737631],[-73.645638,40.737809],[-73.645053,40.737917],[-73.64474,40.737969],[-73.643856,40.738125],[-73.642966,40.73829],[-73.64207,40.738449],[-73.641174,40.73861],[-73.640505,40.738733],[-73.639237,40.738973],[-73.638295,40.739132],[-73.63765,40.739239],[-73.636378,40.739455],[-73.635714,40.73959],[-73.633814,40.739965],[-73.63311,40.740089],[-73.631161,40.74044],[-73.630755,40.740513],[-73.630286,40.740598],[-73.629882,40.740671],[-73.629406,40.740757],[-73.629004,40.740829],[-73.628531,40.740915],[-73.628091,40.740994],[-73.627651,40.741074],[-73.627182,40.741158],[-73.626755,40.741235],[-73.62595,40.741381],[-73.625428,40.741475],[-73.625147,40.741526],[-73.624541,40.741635],[-73.624353,40.741669],[-73.623661,40.741788],[-73.623548,40.741806],[-73.622778,40.741932],[-73.622208,40.74204],[-73.622005,40.742078],[-73.617101,40.743004],[-73.611738,40.743647],[-73.611542,40.743678],[-73.610244,40.743918],[-73.608519,40.74428],[-73.607513,40.744461],[-73.607243,40.744521],[-73.606346,40.744715],[-73.603449,40.745269],[-73.600127,40.745723],[-73.599151,40.745893],[-73.598133,40.746097],[-73.597263,40.746277],[-73.596355,40.746464],[-73.595493,40.74664],[-73.594593,40.746824],[-73.593717,40.747004],[-73.592985,40.747165],[-73.592819,40.747192],[-73.591966,40.747277],[-73.591031,40.747307],[-73.590134,40.747303],[-73.58914,40.747306],[-73.587642,40.747566],[-73.579641,40.749524],[-73.577943,40.749851],[-73.577235,40.749982],[-73.577022,40.750021],[-73.574526,40.750468],[-73.573929,40.750558],[-73.573323,40.750645],[-73.571338,40.750978],[-73.570474,40.751158],[-73.569609,40.75139],[-73.569445,40.751428],[-73.568767,40.751669],[-73.56794,40.751975],[-73.567109,40.752282],[-73.566796,40.752397],[-73.566284,40.752586],[-73.565913,40.752716],[-73.565444,40.752871],[-73.564977,40.753017],[-73.564037,40.753313],[-73.563741,40.753403],[-73.563084,40.75361],[-73.562649,40.753743],[-73.561783,40.754005],[-73.56092,40.754267],[-73.560048,40.75451],[-73.55929,40.754699],[-73.559176,40.754725],[-73.558297,40.754911],[-73.557415,40.755096],[-73.556974,40.755188],[-73.553213,40.755949],[-73.552167,40.756157],[-73.551305,40.756329],[-73.550562,40.756477],[-73.550441,40.756501],[-73.549553,40.756678],[-73.549614,40.757631],[-73.550162,40.761978],[-73.550501,40.765001],[-73.5509,40.770499],[-73.550966,40.772053],[-73.551024,40.773493],[-73.551026,40.77361],[-73.548742,40.773827],[-73.547265,40.774105],[-73.545952,40.774435],[-73.544638,40.774885],[-73.542688,40.775827],[-73.541869,40.776306],[-73.540696,40.777132],[-73.53927,40.778441],[-73.538162,40.779471],[-73.536696,40.780673],[-73.535299,40.781608],[-73.532289,40.782292],[-73.531962,40.781578],[-73.531785,40.781625],[-73.531076,40.781811],[-73.530232,40.782037],[-73.52938,40.782265],[-73.528531,40.782495],[-73.52768,40.782726],[-73.526826,40.782945],[-73.526032,40.78147],[-73.525751,40.781626],[-73.525377,40.781202],[-73.524529,40.781464],[-73.523217,40.781905],[-73.522484,40.782312],[-73.520805,40.783303],[-73.518941,40.784046],[-73.518562,40.784424],[-73.517451,40.784579],[-73.514922,40.784554],[-73.514757,40.783301],[-73.514589,40.782025],[-73.513725,40.782091],[-73.512861,40.782156],[-73.512003,40.782221],[-73.511137,40.782288],[-73.510276,40.782355],[-73.50943,40.78242],[-73.509401,40.782259],[-73.509306,40.781473],[-73.509265,40.781173],[-73.509203,40.780741],[-73.509111,40.780053],[-73.509054,40.779376],[-73.509039,40.779211],[-73.508936,40.778525],[-73.508752,40.778273],[-73.50811,40.778778],[-73.50764,40.778435],[-73.508097,40.776646],[-73.5072,40.776714],[-73.506909,40.774611],[-73.506411,40.774301],[-73.50633,40.773746],[-73.5055,40.773907],[-73.504164,40.773919],[-73.50366,40.773767],[-73.502548,40.774221],[-73.501865,40.774263],[-73.501772,40.77357],[-73.501677,40.772883],[-73.501581,40.772189],[-73.501565,40.772049],[-73.501475,40.771492],[-73.501374,40.770809],[-73.501211,40.769702],[-73.500307,40.769876],[-73.499275,40.770086],[-73.499092,40.770123],[-73.497037,40.770548],[-73.496155,40.770727],[-73.495452,40.770871],[-73.493027,40.771364],[-73.492486,40.771475],[-73.491103,40.771761],[-73.489513,40.772089],[-73.489063,40.77218],[-73.48659,40.77269],[-73.486171,40.772777],[-73.484829,40.773055],[-73.484033,40.773221],[-73.482412,40.773559],[-73.481266,40.773796],[-73.481114,40.77383],[-73.480043,40.774048],[-73.477168,40.774638],[-73.476548,40.774756],[-73.476479,40.77477],[-73.474219,40.775313],[-73.472861,40.775664],[-73.470445,40.776277],[-73.468448,40.776415],[-73.467669,40.776426],[-73.466945,40.776418],[-73.4654,40.776317],[-73.462407,40.776186],[-73.461857,40.776263],[-73.460851,40.776471],[-73.457074,40.777958]],[[-73.797593,40.773682],[-73.798456,40.773197],[-73.798384,40.773747],[-73.797593,40.773682]]]]}},{"type":"Feature","properties":{"id":4,"NAME":"4","TotalPop":776680,"PopDevPct":-0.00037468,"DemPct":0.5011113,"RepPct":0.48681503,"WhitePct":0.52836604,"MinorityPct":0.47163396,"BlackPct":0.18957675,"HispanicPct":0.2030386,"PacificPct":0.0013324,"AsianPct":0.07849353,"NativePct":0.01275955,"TotalVAP":609426,"Margin":0.0011113,"color":"#cbcbff","opacity":"0.5"},"geometry":{"type":"MultiPolygon","coordinates":[[[[-73.727763,40.663985],[-73.727814,40.663224],[-73.728153,40.662454],[-73.727592,40.661094],[-73.727208,40.660422],[-73.72681,40.659795],[-73.726444,40.659162],[-73.726211,40.658479],[-73.724874,40.653447],[-73.724821,40.65302],[-73.72643,40.651791],[-73.726515,40.651753],[-73.726671,40.651685],[-73.726818,40.651577],[-73.726873,40.651541],[-73.727024,40.651498],[-73.72853,40.650973],[-73.728703,40.650916],[-73.728991,40.650839],[-73.729497,40.650636],[-73.729739,40.650558],[-73.730004,40.65048],[-73.731055,40.650231],[-73.731427,40.650171],[-73.732208,40.650091],[-73.734388,40.649821],[-73.736735,40.6491],[-73.73919,40.648122],[-73.741437,40.646889],[-73.741661,40.642198],[-73.741428,40.640502],[-73.742283,40.640121],[-73.741534,40.63923],[-73.740284,40.637175],[-73.739471,40.635706],[-73.73996,40.635144],[-73.740141,40.63511],[-73.740802,40.634986],[-73.741095,40.634931],[-73.741678,40.634838],[-73.742237,40.634851],[-73.74265,40.635045],[-73.742673,40.635408],[-73.742629,40.635537],[-73.74258,40.635648],[-73.742531,40.635715],[-73.742081,40.636381],[-73.74127,40.637257],[-73.741201,40.63759],[-73.741501,40.63785],[-73.742361,40.638093],[-73.743295,40.638048],[-73.743941,40.637541],[-73.744177,40.637356],[-73.746022,40.635212],[-73.748001,40.634631],[-73.767425,40.626606],[-73.767782,40.625912],[-73.768604,40.624733],[-73.768838,40.623952],[-73.768553,40.623155],[-73.767571,40.621477],[-73.767459,40.620511],[-73.766757,40.615284],[-73.766719,40.615004],[-73.765244,40.614942],[-73.764349,40.614316],[-73.763476,40.613706],[-73.763454,40.61369],[-73.760021,40.611349],[-73.75891,40.611206],[-73.754947,40.610497],[-73.754732,40.610405],[-73.753458,40.61052],[-73.74912,40.611794],[-73.748216,40.612011],[-73.747194,40.611998],[-73.746942,40.611775],[-73.745492,40.611805],[-73.745169,40.6113],[-73.744451,40.610169],[-73.743676,40.608956],[-73.743215,40.608234],[-73.743059,40.607998],[-73.743146,40.607957],[-73.74307,40.607886],[-73.743204,40.607705],[-73.743393,40.607569],[-73.743213,40.607205],[-73.741148,40.60546],[-73.740571,40.60488],[-73.739463,40.604235],[-73.738265,40.602557],[-73.738397,40.598473],[-73.738405,40.598187],[-73.738447,40.597481],[-73.738447,40.597139],[-73.738449,40.596982],[-73.738464,40.595924],[-73.737977,40.594543],[-73.737637,40.594415],[-73.737421,40.593458],[-73.737232,40.592964],[-73.743237,40.592839],[-73.74338,40.592847],[-73.744469,40.592904],[-73.747749,40.591503],[-73.752371,40.587965],[-73.755183,40.585649],[-73.75557,40.583094],[-73.755701,40.578688],[-73.758256,40.555364],[-73.762234,40.550203],[-73.764932,40.544402],[-73.768781,40.533747],[-73.706094,40.534542],[-73.624574,40.534511],[-73.574877,40.530639],[-73.552674,40.528909],[-73.55008,40.528492],[-73.52933,40.525153],[-73.517844,40.523306],[-73.512378,40.522818],[-73.500947,40.521796],[-73.486496,40.520505],[-73.484946,40.520921],[-73.48439,40.552681],[-73.484794,40.589699],[-73.484866,40.589686],[-73.484936,40.596853],[-73.48486,40.598991],[-73.484856,40.599154],[-73.484827,40.60025],[-73.484894,40.606193],[-73.484375,40.607895],[-73.484975,40.614082],[-73.484899,40.617503],[-73.484974,40.621318],[-73.484978,40.623766],[-73.484911,40.628242],[-73.484866,40.637879],[-73.484963,40.641369],[-73.484943,40.645052],[-73.485246,40.646055],[-73.484647,40.64878],[-73.486542,40.648867],[-73.485613,40.650355],[-73.486126,40.651819],[-73.485888,40.652986],[-73.485948,40.653352],[-73.486375,40.653546],[-73.485775,40.654378],[-73.485856,40.654716],[-73.486386,40.655246],[-73.487033,40.65557],[-73.487034,40.656439],[-73.486725,40.658526],[-73.485962,40.660137],[-73.485265,40.660985],[-73.484369,40.66175],[-73.483578,40.663716],[-73.482332,40.665343],[-73.482201,40.666302],[-73.48217,40.666785],[-73.482123,40.666791],[-73.482076,40.666794],[-73.481069,40.667601],[-73.482369,40.6689],[-73.481669,40.6722],[-73.482167,40.673201],[-73.481985,40.675121],[-73.481996,40.675279],[-73.482068,40.676099],[-73.482068,40.6787],[-73.48155,40.681196],[-73.481477,40.683791],[-73.481504,40.684495],[-73.481576,40.685817],[-73.481658,40.688296],[-73.48209,40.691287],[-73.482606,40.693835],[-73.482773,40.694655],[-73.482906,40.694713],[-73.482948,40.694922],[-73.482592,40.695001],[-73.482746,40.695188],[-73.482849,40.695263],[-73.482906,40.69546],[-73.483047,40.696313],[-73.483186,40.697012],[-73.483275,40.69768],[-73.483448,40.698482],[-73.483644,40.699419],[-73.483728,40.699738],[-73.48402,40.701532],[-73.484225,40.702563],[-73.484245,40.702766],[-73.490137,40.701431],[-73.490379,40.701415],[-73.492485,40.70131],[-73.50401,40.700471],[-73.506369,40.700017],[-73.50592,40.701485],[-73.505473,40.702175],[-73.507325,40.702861],[-73.510998,40.704166],[-73.512763,40.704803],[-73.514373,40.705342],[-73.516948,40.706006],[-73.518849,40.70656],[-73.521106,40.707137],[-73.522621,40.707486],[-73.524855,40.707896],[-73.525612,40.707834],[-73.52615,40.707743],[-73.52627,40.707722],[-73.526424,40.707949],[-73.527038,40.708925],[-73.528186,40.710873],[-73.528449,40.711303],[-73.529202,40.712513],[-73.530179,40.713999],[-73.530788,40.714891],[-73.531442,40.715816],[-73.532149,40.716785],[-73.532196,40.716847],[-73.532817,40.717677],[-73.532931,40.717824],[-73.535988,40.721479],[-73.537954,40.724201],[-73.538032,40.724337],[-73.538447,40.724908],[-73.538538,40.725062],[-73.538869,40.725579],[-73.539172,40.726078],[-73.539376,40.726405],[-73.539736,40.726999],[-73.540371,40.728121],[-73.540756,40.728839],[-73.540819,40.728957],[-73.5409,40.72911],[-73.542749,40.733229],[-73.542955,40.733793],[-73.543492,40.735391],[-73.544389,40.73978],[-73.545214,40.742412],[-73.54569,40.743582],[-73.546917,40.743593],[-73.547652,40.743603],[-73.547661,40.74402],[-73.547885,40.746632],[-73.548214,40.748296],[-73.548486,40.751039],[-73.548756,40.752417],[-73.549317,40.756123],[-73.549553,40.756678],[-73.550441,40.756501],[-73.550562,40.756477],[-73.551305,40.756329],[-73.552167,40.756157],[-73.553213,40.755949],[-73.556974,40.755188],[-73.557415,40.755096],[-73.558297,40.754911],[-73.559176,40.754725],[-73.55929,40.754699],[-73.560048,40.75451],[-73.56092,40.754267],[-73.561783,40.754005],[-73.562649,40.753743],[-73.563084,40.75361],[-73.563741,40.753403],[-73.564037,40.753313],[-73.564977,40.753017],[-73.565444,40.752871],[-73.565913,40.752716],[-73.566284,40.752586],[-73.566796,40.752397],[-73.567109,40.752282],[-73.56794,40.751975],[-73.568767,40.751669],[-73.569445,40.751428],[-73.569609,40.75139],[-73.570474,40.751158],[-73.571338,40.750978],[-73.573323,40.750645],[-73.573929,40.750558],[-73.574526,40.750468],[-73.577022,40.750021],[-73.577235,40.749982],[-73.577943,40.749851],[-73.579641,40.749524],[-73.587642,40.747566],[-73.58914,40.747306],[-73.590134,40.747303],[-73.591031,40.747307],[-73.591966,40.747277],[-73.592819,40.747192],[-73.592985,40.747165],[-73.593717,40.747004],[-73.594593,40.746824],[-73.595493,40.74664],[-73.596355,40.746464],[-73.597263,40.746277],[-73.598133,40.746097],[-73.599151,40.745893],[-73.600127,40.745723],[-73.603449,40.745269],[-73.606346,40.744715],[-73.607243,40.744521],[-73.607513,40.744461],[-73.608519,40.74428],[-73.610244,40.743918],[-73.611542,40.743678],[-73.611738,40.743647],[-73.617101,40.743004],[-73.622005,40.742078],[-73.622208,40.74204],[-73.622778,40.741932],[-73.623548,40.741806],[-73.623661,40.741788],[-73.624353,40.741669],[-73.624541,40.741635],[-73.625147,40.741526],[-73.625428,40.741475],[-73.62595,40.741381],[-73.626755,40.741235],[-73.627182,40.741158],[-73.627651,40.741074],[-73.628091,40.740994],[-73.628531,40.740915],[-73.629004,40.740829],[-73.629406,40.740757],[-73.629882,40.740671],[-73.630286,40.740598],[-73.630755,40.740513],[-73.631161,40.74044],[-73.63311,40.740089],[-73.633814,40.739965],[-73.635714,40.73959],[-73.636378,40.739455],[-73.63765,40.739239],[-73.638295,40.739132],[-73.639237,40.738973],[-73.640505,40.738733],[-73.641174,40.73861],[-73.64207,40.738449],[-73.642966,40.73829],[-73.643856,40.738125],[-73.64474,40.737969],[-73.645053,40.737917],[-73.645638,40.737809],[-73.646593,40.737631],[-73.647472,40.737472],[-73.648348,40.737314],[-73.649229,40.737154],[-73.650102,40.736993],[-73.650374,40.736927],[-73.650529,40.736907],[-73.650997,40.736848],[-73.651299,40.737128],[-73.657604,40.736207],[-73.659792,40.735829],[-73.660886,40.735648],[-73.663261,40.735249],[-73.665613,40.734877],[-73.665837,40.734844],[-73.666718,40.734695],[-73.667654,40.734541],[-73.668586,40.734403],[-73.669474,40.734262],[-73.670358,40.734113],[-73.671182,40.734005],[-73.671199,40.734135],[-73.672633,40.733841],[-73.675366,40.733364],[-73.676135,40.733231],[-73.677021,40.733099],[-73.677902,40.732952],[-73.678808,40.732853],[-73.679698,40.732655],[-73.681061,40.73233],[-73.681091,40.732476],[-73.682406,40.73234],[-73.684379,40.732032],[-73.685293,40.731866],[-73.686226,40.731759],[-73.687157,40.731639],[-73.688064,40.731449],[-73.688979,40.731349],[-73.689865,40.731211],[-73.690765,40.731054],[-73.691633,40.730915],[-73.69251,40.730755],[-73.693452,40.730763],[-73.693933,40.730655],[-73.69434,40.730562],[-73.694818,40.730453],[-73.695302,40.730351],[-73.696073,40.730192],[-73.697046,40.729991],[-73.697593,40.729877],[-73.699852,40.72941],[-73.700389,40.729302],[-73.701293,40.729117],[-73.701821,40.729003],[-73.703409,40.728684],[-73.704982,40.728351],[-73.705867,40.728158],[-73.706738,40.72797],[-73.707647,40.727796],[-73.707939,40.727771],[-73.70976,40.727382],[-73.710485,40.72723],[-73.712403,40.726978],[-73.715865,40.726541],[-73.718288,40.726043],[-73.720919,40.725341],[-73.721196,40.725265],[-73.723431,40.724649],[-73.724141,40.724469],[-73.724551,40.72435],[-73.72472,40.724298],[-73.726465,40.723751],[-73.728175,40.723092],[-73.728261,40.723063],[-73.728783,40.722876],[-73.729234,40.722705],[-73.729503,40.722595],[-73.730326,40.722157],[-73.729661,40.720483],[-73.729176,40.719167],[-73.728554,40.716898],[-73.728501,40.716706],[-73.728313,40.715998],[-73.728064,40.715051],[-73.726971,40.710715],[-73.726895,40.7058],[-73.726781,40.703145],[-73.726772,40.702954],[-73.726762,40.702768],[-73.726751,40.70208],[-73.726713,40.701448],[-73.726503,40.696886],[-73.726258,40.690611],[-73.7262,40.688984],[-73.725996,40.686932],[-73.725941,40.686399],[-73.725926,40.686225],[-73.725821,40.68395],[-73.725843,40.683575],[-73.725861,40.683223],[-73.725907,40.682657],[-73.725824,40.681636],[-73.725754,40.680946],[-73.725687,40.68025],[-73.725841,40.678753],[-73.726011,40.678078],[-73.726198,40.677381],[-73.726456,40.676748],[-73.726543,40.676487],[-73.726713,40.67609],[-73.726945,40.675552],[-73.727141,40.675096],[-73.727441,40.674429],[-73.727542,40.67416],[-73.727829,40.671474],[-73.727941,40.670809],[-73.728,40.670112],[-73.728095,40.669442],[-73.728178,40.668719],[-73.728264,40.668073],[-73.728222,40.667314],[-73.728264,40.666606],[-73.728272,40.66644],[-73.728224,40.665965],[-73.728031,40.665519],[-73.727954,40.665344],[-73.727815,40.66469],[-73.727763,40.663985]]]]}},{"type":"Feature","properties":{"id":5,"NAME":"5","TotalPop":776863,"PopDevPct":-0.00013915,"DemPct":0.70719869,"RepPct":0.27793507,"WhitePct":0.1284444,"MinorityPct":0.8715556,"BlackPct":0.47397222,"HispanicPct":0.19849318,"PacificPct":0.00484426,"AsianPct":0.17341203,"NativePct":0.02822685,"TotalVAP":616399,"Margin":0.20719869,"color":"#00008b","opacity":"0.5"},"geometry":{"type":"MultiPolygon","coordinates":[[[[-73.762063,40.725986],[-73.760818,40.725962],[-73.7647,40.726479],[-73.766244,40.726403],[-73.769241,40.725903],[-73.77359,40.724742],[-73.776056,40.723356],[-73.777385,40.722442],[-73.780361,40.720527],[-73.78499,40.719972],[-73.785014,40.719822],[-73.785053,40.719584],[-73.788841,40.718736],[-73.787759,40.717838],[-73.787227,40.716803],[-73.786621,40.715325],[-73.787288,40.714655],[-73.787448,40.71368],[-73.787101,40.71284],[-73.788597,40.712344],[-73.789012,40.712073],[-73.789413,40.711998],[-73.790215,40.711717],[-73.791014,40.711433],[-73.792029,40.711069],[-73.793038,40.710711],[-73.793896,40.710352],[-73.794731,40.710012],[-73.795617,40.709753],[-73.796394,40.709532],[-73.797314,40.70927],[-73.797768,40.709143],[-73.798184,40.709024],[-73.798982,40.708801],[-73.799304,40.708698],[-73.800222,40.708446],[-73.801077,40.708202],[-73.801857,40.70798],[-73.802787,40.707716],[-73.8045,40.707228],[-73.806589,40.706634],[-73.808493,40.706087],[-73.809001,40.705949],[-73.80969,40.705746],[-73.810589,40.705496],[-73.811904,40.705124],[-73.812781,40.704874],[-73.812879,40.705611],[-73.812968,40.706293],[-73.813059,40.706978],[-73.813145,40.707659],[-73.813239,40.70835],[-73.813327,40.709027],[-73.813418,40.709711],[-73.813571,40.710932],[-73.812451,40.712114],[-73.81243,40.712645],[-73.81244,40.712879],[-73.814262,40.712672],[-73.814856,40.713521],[-73.812629,40.713544],[-73.812867,40.714256],[-73.812894,40.714971],[-73.812905,40.71567],[-73.815241,40.715647],[-73.816433,40.715644],[-73.817833,40.715708],[-73.81964,40.715963],[-73.821629,40.716287],[-73.821326,40.716304],[-73.822825,40.7163],[-73.823588,40.71637],[-73.825567,40.716151],[-73.825705,40.716063],[-73.826253,40.71573],[-73.826272,40.71572],[-73.826396,40.715655],[-73.826976,40.715391],[-73.827139,40.715342],[-73.828496,40.715014],[-73.829256,40.714757],[-73.829896,40.714571],[-73.829945,40.714559],[-73.830934,40.714322],[-73.830982,40.71431],[-73.831096,40.714281],[-73.831217,40.714228],[-73.8313,40.714195],[-73.832395,40.713631],[-73.833147,40.713232],[-73.833277,40.713167],[-73.833634,40.712989],[-73.833678,40.713038],[-73.833763,40.71313],[-73.834342,40.712755],[-73.834926,40.712474],[-73.836115,40.711825],[-73.838058,40.710921],[-73.839732,40.7104],[-73.840692,40.710153],[-73.843016,40.709176],[-73.841577,40.708978],[-73.841445,40.708957],[-73.839011,40.708555],[-73.837147,40.707957],[-73.837812,40.706987],[-73.837846,40.70563],[-73.837336,40.704861],[-73.836962,40.704212],[-73.83843,40.703386],[-73.839478,40.70269],[-73.841564,40.701101],[-73.842144,40.70087],[-73.842938,40.700554],[-73.843594,40.700172],[-73.844274,40.699781],[-73.845025,40.699359],[-73.847017,40.698842],[-73.847911,40.698647],[-73.848221,40.698545],[-73.84908,40.698351],[-73.849478,40.698196],[-73.847733,40.694775],[-73.845967,40.691166],[-73.846847,40.690918],[-73.846772,40.690763],[-73.846508,40.690222],[-73.846254,40.689708],[-73.845955,40.689071],[-73.845885,40.688913],[-73.847051,40.688586],[-73.846966,40.688405],[-73.846463,40.68739],[-73.847319,40.687147],[-73.846173,40.686139],[-73.846748,40.685972],[-73.846871,40.685936],[-73.84698,40.685904],[-73.847101,40.685869],[-73.847608,40.685722],[-73.848489,40.685475],[-73.849369,40.685227],[-73.850248,40.684977],[-73.851111,40.684734],[-73.851955,40.684492],[-73.851129,40.682809],[-73.85087,40.682259],[-73.851979,40.682564],[-73.852819,40.682331],[-73.853664,40.682088],[-73.854496,40.681851],[-73.855353,40.681607],[-73.856198,40.681367],[-73.857043,40.681127],[-73.857907,40.68088],[-73.858786,40.68063],[-73.85966,40.680383],[-73.859779,40.680349],[-73.860531,40.680135],[-73.860659,40.680099],[-73.861423,40.679879],[-73.861564,40.679839],[-73.862296,40.679632],[-73.863349,40.679352],[-73.863282,40.679073],[-73.862346,40.679165],[-73.862028,40.677886],[-73.861712,40.676611],[-73.861397,40.675335],[-73.861318,40.675021],[-73.860296,40.674772],[-73.859593,40.674556],[-73.861064,40.674343],[-73.861077,40.674021],[-73.860775,40.672806],[-73.860389,40.671269],[-73.859474,40.671381],[-73.858555,40.671533],[-73.857633,40.671656],[-73.857309,40.670419],[-73.857282,40.670312],[-73.857226,40.670094],[-73.856847,40.668603],[-73.856425,40.667033],[-73.856063,40.665511],[-73.855685,40.663867],[-73.85843,40.663453],[-73.858025,40.661721],[-73.857615,40.660119],[-73.860138,40.659676],[-73.861222,40.659221],[-73.863171,40.658277],[-73.8627,40.657623],[-73.860988,40.655212],[-73.860676,40.654868],[-73.860567,40.654751],[-73.860483,40.654659],[-73.859907,40.654229],[-73.859755,40.654104],[-73.85898,40.652675],[-73.856537,40.649916],[-73.856148,40.649198],[-73.855021,40.643098],[-73.854938,40.64265],[-73.848338,40.643521],[-73.837652,40.63284],[-73.836238,40.631111],[-73.835376,40.630315],[-73.833041,40.628261],[-73.833422,40.626782],[-73.834008,40.614425],[-73.834283,40.609186],[-73.834463,40.607193],[-73.835876,40.605637],[-73.842017,40.598313],[-73.844437,40.595855],[-73.84668,40.593209],[-73.847386,40.592028],[-73.849852,40.588669],[-73.853522,40.586592],[-73.854937,40.585974],[-73.859492,40.583938],[-73.865607,40.581205],[-73.866005,40.581001],[-73.867374,40.580299],[-73.86751,40.580229],[-73.869232,40.579342],[-73.871418,40.578535],[-73.879222,40.574656],[-73.885069,40.573749],[-73.886292,40.573505],[-73.890518,40.572705],[-73.903871,40.571619],[-73.904908,40.571407],[-73.926236,40.568072],[-73.92807,40.567786],[-73.936525,40.566436],[-73.945004,40.565313],[-73.950703,40.564427],[-73.959281,40.563079],[-73.997087,40.557283],[-74.036293,40.551042],[-74.038131,40.538294],[-74.042279,40.508085],[-73.977874,40.519095],[-73.90214,40.492121],[-73.889645,40.486511],[-73.886652,40.489794],[-73.882272,40.49521],[-73.876778,40.501127],[-73.870029,40.502486],[-73.854843,40.512],[-73.826158,40.522874],[-73.783969,40.532387],[-73.772964,40.533371],[-73.768781,40.533747],[-73.764932,40.544402],[-73.762234,40.550203],[-73.758256,40.555364],[-73.755701,40.578688],[-73.75557,40.583094],[-73.755183,40.585649],[-73.752371,40.587965],[-73.747749,40.591503],[-73.744469,40.592904],[-73.74338,40.592847],[-73.743237,40.592839],[-73.737232,40.592964],[-73.737421,40.593458],[-73.737637,40.594415],[-73.737977,40.594543],[-73.738464,40.595924],[-73.738449,40.596982],[-73.738447,40.597139],[-73.738447,40.597481],[-73.738405,40.598187],[-73.738397,40.598473],[-73.738265,40.602557],[-73.739463,40.604235],[-73.740571,40.60488],[-73.741148,40.60546],[-73.743213,40.607205],[-73.743393,40.607569],[-73.743204,40.607705],[-73.74307,40.607886],[-73.743146,40.607957],[-73.743059,40.607998],[-73.743215,40.608234],[-73.743676,40.608956],[-73.744451,40.610169],[-73.745169,40.6113],[-73.745492,40.611805],[-73.746942,40.611775],[-73.747194,40.611998],[-73.748216,40.612011],[-73.74912,40.611794],[-73.753458,40.61052],[-73.754732,40.610405],[-73.754947,40.610497],[-73.75891,40.611206],[-73.760021,40.611349],[-73.763454,40.61369],[-73.763476,40.613706],[-73.764349,40.614316],[-73.765244,40.614942],[-73.766719,40.615004],[-73.766757,40.615284],[-73.767459,40.620511],[-73.767571,40.621477],[-73.768553,40.623155],[-73.768838,40.623952],[-73.768604,40.624733],[-73.767782,40.625912],[-73.767425,40.626606],[-73.748001,40.634631],[-73.746022,40.635212],[-73.744177,40.637356],[-73.743941,40.637541],[-73.743295,40.638048],[-73.742361,40.638093],[-73.741501,40.63785],[-73.741201,40.63759],[-73.74127,40.637257],[-73.742081,40.636381],[-73.742531,40.635715],[-73.74258,40.635648],[-73.742629,40.635537],[-73.742673,40.635408],[-73.74265,40.635045],[-73.742237,40.634851],[-73.741678,40.634838],[-73.741095,40.634931],[-73.740802,40.634986],[-73.740141,40.63511],[-73.73996,40.635144],[-73.739471,40.635706],[-73.740284,40.637175],[-73.741534,40.63923],[-73.742283,40.640121],[-73.741428,40.640502],[-73.741661,40.642198],[-73.741437,40.646889],[-73.73919,40.648122],[-73.736735,40.6491],[-73.734388,40.649821],[-73.732208,40.650091],[-73.731427,40.650171],[-73.731055,40.650231],[-73.730004,40.65048],[-73.729739,40.650558],[-73.729497,40.650636],[-73.728991,40.650839],[-73.728703,40.650916],[-73.72853,40.650973],[-73.727024,40.651498],[-73.726873,40.651541],[-73.726818,40.651577],[-73.726671,40.651685],[-73.726515,40.651753],[-73.72643,40.651791],[-73.724821,40.65302],[-73.724874,40.653447],[-73.726211,40.658479],[-73.726444,40.659162],[-73.72681,40.659795],[-73.727208,40.660422],[-73.727592,40.661094],[-73.728153,40.662454],[-73.727814,40.663224],[-73.727763,40.663985],[-73.727815,40.66469],[-73.727954,40.665344],[-73.728031,40.665519],[-73.728224,40.665965],[-73.728272,40.66644],[-73.728264,40.666606],[-73.728222,40.667314],[-73.728264,40.668073],[-73.728178,40.668719],[-73.728095,40.669442],[-73.728,40.670112],[-73.727941,40.670809],[-73.727829,40.671474],[-73.727542,40.67416],[-73.727441,40.674429],[-73.727141,40.675096],[-73.726945,40.675552],[-73.726713,40.67609],[-73.726543,40.676487],[-73.726456,40.676748],[-73.726198,40.677381],[-73.726011,40.678078],[-73.725841,40.678753],[-73.725687,40.68025],[-73.725754,40.680946],[-73.725824,40.681636],[-73.725907,40.682657],[-73.725861,40.683223],[-73.725843,40.683575],[-73.725821,40.68395],[-73.725926,40.686225],[-73.725941,40.686399],[-73.725996,40.686932],[-73.7262,40.688984],[-73.726258,40.690611],[-73.726503,40.696886],[-73.726713,40.701448],[-73.726751,40.70208],[-73.726762,40.702768],[-73.726772,40.702954],[-73.726781,40.703145],[-73.726895,40.7058],[-73.726971,40.710715],[-73.728064,40.715051],[-73.728313,40.715998],[-73.728501,40.716706],[-73.728554,40.716898],[-73.729176,40.719167],[-73.729661,40.720483],[-73.730326,40.722157],[-73.731013,40.721587],[-73.731497,40.722919],[-73.733313,40.722516],[-73.735566,40.722013],[-73.736588,40.721783],[-73.736917,40.722467],[-73.737763,40.722166],[-73.737857,40.722126],[-73.738648,40.721846],[-73.739488,40.721525],[-73.741326,40.72325],[-73.742505,40.72436],[-73.743264,40.723894],[-73.744021,40.723426],[-73.744748,40.722982],[-73.74548,40.722529],[-73.746205,40.722076],[-73.746826,40.721829],[-73.746972,40.721775],[-73.747695,40.721425],[-73.748386,40.721017],[-73.749126,40.720589],[-73.749906,40.720046],[-73.750499,40.720527],[-73.751092,40.721007],[-73.752279,40.721969],[-73.753458,40.722929],[-73.754969,40.72416],[-73.755244,40.724783],[-73.756028,40.725596],[-73.75671,40.726179],[-73.759114,40.725732],[-73.762063,40.725986]]]]}},{"type":"Feature","properties":{"id":6,"NAME":"6","TotalPop":777204,"PopDevPct":0.00029973,"DemPct":0.54518988,"RepPct":0.43322039,"WhitePct":0.24245793,"MinorityPct":0.75754207,"BlackPct":0.05650729,"HispanicPct":0.21690609,"PacificPct":0.00191462,"AsianPct":0.48650119,"NativePct":0.01461136,"TotalVAP":637723,"Margin":0.04518988,"color":"#2020ff","opacity":"0.5"},"geometry":{"type":"MultiPolygon","coordinates":[[[[-73.835649,40.746358],[-73.835616,40.746622],[-73.837295,40.744684],[-73.837847,40.743334],[-73.837861,40.743215],[-73.841862,40.741638],[-73.845399,40.739931],[-73.845354,40.739749],[-73.845546,40.739659],[-73.847325,40.738771],[-73.847214,40.738644],[-73.848607,40.738105],[-73.851688,40.736997],[-73.851832,40.73727],[-73.851914,40.737426],[-73.852048,40.737682],[-73.852758,40.737527],[-73.853734,40.737326],[-73.854215,40.737233],[-73.854072,40.73744],[-73.855581,40.73793],[-73.858439,40.738855],[-73.857952,40.739159],[-73.859491,40.740358],[-73.860249,40.739921],[-73.860734,40.739636],[-73.861855,40.741589],[-73.863524,40.740688],[-73.864411,40.740472],[-73.865312,40.740258],[-73.866209,40.740051],[-73.866647,40.73995],[-73.867147,40.739837],[-73.867318,40.740261],[-73.867563,40.740942],[-73.867557,40.741678],[-73.869506,40.741243],[-73.869746,40.741846],[-73.871095,40.741549],[-73.871294,40.742068],[-73.872161,40.741881],[-73.873045,40.741685],[-73.873485,40.742501],[-73.873997,40.742892],[-73.874505,40.743311],[-73.874658,40.743268],[-73.874685,40.743349],[-73.874226,40.743955],[-73.876282,40.744869],[-73.877904,40.74559],[-73.877536,40.746222],[-73.879363,40.747034],[-73.881304,40.747909],[-73.881137,40.747927],[-73.88152,40.750039],[-73.882451,40.74994],[-73.88338,40.749845],[-73.884311,40.749745],[-73.884684,40.751788],[-73.885037,40.753731],[-73.885965,40.753634],[-73.886298,40.75546],[-73.887228,40.755363],[-73.888157,40.755266],[-73.888544,40.757388],[-73.888823,40.758937],[-73.88975,40.758841],[-73.890691,40.758744],[-73.891609,40.758646],[-73.892528,40.75855],[-73.893473,40.758451],[-73.894402,40.758353],[-73.895336,40.758255],[-73.896262,40.758159],[-73.897191,40.75806],[-73.898192,40.757955],[-73.899212,40.757848],[-73.899703,40.757783],[-73.899967,40.757768],[-73.900519,40.757708],[-73.901019,40.757657],[-73.901348,40.757622],[-73.901899,40.757564],[-73.902786,40.757472],[-73.903678,40.757377],[-73.904665,40.757274],[-73.904847,40.757255],[-73.905487,40.757187],[-73.905575,40.757178],[-73.906468,40.757082],[-73.907366,40.756988],[-73.907828,40.756999],[-73.908269,40.757194],[-73.909066,40.757565],[-73.909885,40.757946],[-73.910684,40.758319],[-73.912397,40.756236],[-73.912611,40.755971],[-73.913411,40.756348],[-73.915265,40.754068],[-73.915473,40.753792],[-73.916505,40.753892],[-73.917632,40.753858],[-73.918923,40.753636],[-73.920277,40.753338],[-73.920479,40.753285],[-73.921619,40.753028],[-73.92204,40.752938],[-73.922966,40.752729],[-73.924417,40.752404],[-73.924689,40.751727],[-73.924715,40.751228],[-73.925247,40.748539],[-73.925342,40.748049],[-73.925467,40.747432],[-73.926353,40.747551],[-73.927323,40.747485],[-73.928318,40.74729],[-73.929335,40.747062],[-73.92948,40.746189],[-73.929796,40.744606],[-73.929859,40.744289],[-73.930227,40.742446],[-73.930597,40.740598],[-73.929668,40.740492],[-73.930237,40.737674],[-73.929946,40.737536],[-73.928494,40.736869],[-73.928011,40.736657],[-73.927635,40.736597],[-73.926672,40.736463],[-73.925769,40.736278],[-73.924879,40.736032],[-73.923972,40.735784],[-73.921211,40.735235],[-73.921341,40.734836],[-73.921268,40.734724],[-73.919017,40.732089],[-73.919038,40.732021],[-73.919061,40.731954],[-73.917366,40.731328],[-73.911772,40.729849],[-73.911731,40.729964],[-73.909303,40.728846],[-73.906933,40.727574],[-73.90707,40.727466],[-73.903698,40.726215],[-73.899842,40.725859],[-73.898613,40.72574],[-73.896073,40.725512],[-73.894974,40.725407],[-73.89485,40.725226],[-73.894678,40.724999],[-73.894549,40.72462],[-73.894336,40.723921],[-73.894113,40.723214],[-73.892656,40.723888],[-73.892182,40.723299],[-73.891713,40.722715],[-73.891242,40.722124],[-73.89042,40.722508],[-73.889619,40.722881],[-73.888818,40.723251],[-73.88724,40.72128],[-73.885751,40.719382],[-73.885473,40.719384],[-73.885569,40.719097],[-73.885318,40.718909],[-73.884738,40.718151],[-73.884229,40.717524],[-73.88342,40.717902],[-73.882629,40.718271],[-73.88183,40.71864],[-73.881025,40.719013],[-73.880122,40.719251],[-73.879167,40.719431],[-73.877941,40.717898],[-73.87714,40.718269],[-73.876338,40.718642],[-73.875368,40.717452],[-73.874402,40.717575],[-73.873209,40.717741],[-73.872392,40.717831],[-73.87143,40.717992],[-73.870531,40.718161],[-73.869586,40.718545],[-73.868779,40.718904],[-73.867969,40.719268],[-73.867167,40.719641],[-73.865476,40.720281],[-73.865239,40.719977],[-73.864687,40.719427],[-73.864123,40.718845],[-73.863571,40.718277],[-73.863018,40.717708],[-73.862425,40.717148],[-73.861834,40.716593],[-73.861224,40.716037],[-73.860627,40.715487],[-73.860038,40.714932],[-73.859632,40.713598],[-73.859654,40.71338],[-73.859024,40.712524],[-73.858284,40.711808],[-73.858187,40.7116],[-73.857298,40.711465],[-73.856448,40.711338],[-73.855745,40.71123],[-73.855558,40.711201],[-73.854799,40.711084],[-73.854641,40.71106],[-73.853723,40.710913],[-73.853329,40.710852],[-73.852799,40.710771],[-73.851892,40.710627],[-73.850916,40.710471],[-73.849975,40.710321],[-73.849058,40.710178],[-73.848474,40.710079],[-73.848139,40.710029],[-73.847237,40.709876],[-73.846301,40.709731],[-73.846027,40.709689],[-73.845379,40.709581],[-73.844934,40.709511],[-73.84412,40.709378],[-73.843207,40.709275],[-73.843016,40.709176],[-73.840692,40.710153],[-73.839732,40.7104],[-73.838058,40.710921],[-73.836115,40.711825],[-73.834926,40.712474],[-73.834342,40.712755],[-73.833763,40.71313],[-73.833678,40.713038],[-73.833634,40.712989],[-73.833277,40.713167],[-73.833147,40.713232],[-73.832395,40.713631],[-73.8313,40.714195],[-73.831217,40.714228],[-73.831096,40.714281],[-73.830982,40.71431],[-73.830934,40.714322],[-73.829945,40.714559],[-73.829896,40.714571],[-73.829256,40.714757],[-73.828496,40.715014],[-73.827139,40.715342],[-73.826976,40.715391],[-73.826396,40.715655],[-73.826272,40.71572],[-73.826253,40.71573],[-73.825705,40.716063],[-73.825567,40.716151],[-73.823588,40.71637],[-73.822825,40.7163],[-73.821326,40.716304],[-73.821629,40.716287],[-73.81964,40.715963],[-73.817833,40.715708],[-73.816433,40.715644],[-73.815241,40.715647],[-73.812905,40.71567],[-73.812894,40.714971],[-73.812867,40.714256],[-73.812629,40.713544],[-73.81244,40.712879],[-73.81243,40.712645],[-73.812451,40.712114],[-73.813571,40.710932],[-73.813418,40.709711],[-73.813327,40.709027],[-73.813239,40.70835],[-73.813145,40.707659],[-73.813059,40.706978],[-73.812968,40.706293],[-73.812879,40.705611],[-73.812781,40.704874],[-73.811904,40.705124],[-73.810589,40.705496],[-73.80969,40.705746],[-73.809001,40.705949],[-73.808493,40.706087],[-73.806589,40.706634],[-73.8045,40.707228],[-73.802787,40.707716],[-73.801857,40.70798],[-73.801077,40.708202],[-73.800222,40.708446],[-73.799304,40.708698],[-73.798982,40.708801],[-73.798184,40.709024],[-73.797768,40.709143],[-73.797314,40.70927],[-73.796394,40.709532],[-73.795617,40.709753],[-73.794731,40.710012],[-73.793896,40.710352],[-73.793038,40.710711],[-73.792029,40.711069],[-73.791014,40.711433],[-73.790215,40.711717],[-73.789413,40.711998],[-73.789012,40.712073],[-73.788597,40.712344],[-73.787101,40.71284],[-73.787448,40.71368],[-73.787288,40.714655],[-73.786621,40.715325],[-73.787227,40.716803],[-73.787759,40.717838],[-73.788841,40.718736],[-73.785053,40.719584],[-73.785014,40.719822],[-73.78499,40.719972],[-73.780361,40.720527],[-73.777385,40.722442],[-73.776056,40.723356],[-73.77359,40.724742],[-73.769241,40.725903],[-73.766244,40.726403],[-73.7647,40.726479],[-73.760818,40.725962],[-73.759275,40.726204],[-73.759414,40.727443],[-73.761228,40.728698],[-73.762427,40.729467],[-73.76571,40.732516],[-73.765551,40.732544],[-73.7637,40.732864],[-73.764709,40.734085],[-73.765041,40.734477],[-73.762733,40.735262],[-73.762683,40.737256],[-73.758547,40.738388],[-73.759997,40.739199],[-73.7595,40.739586],[-73.759882,40.740316],[-73.759221,40.740533],[-73.758293,40.74084],[-73.757353,40.741116],[-73.756483,40.741388],[-73.755463,40.741717],[-73.753473,40.742405],[-73.753978,40.743518],[-73.754788,40.745277],[-73.754951,40.745618],[-73.755801,40.747332],[-73.756698,40.749076],[-73.756813,40.749272],[-73.756866,40.749361],[-73.75699,40.749575],[-73.754269,40.750248],[-73.751115,40.750889],[-73.751076,40.750897],[-73.750167,40.751055],[-73.749291,40.751282],[-73.748439,40.751613],[-73.747099,40.752347],[-73.746867,40.752093],[-73.746808,40.752028],[-73.744409,40.753563],[-73.744508,40.753682],[-73.746429,40.755975],[-73.747407,40.757041],[-73.74846,40.758065],[-73.749002,40.75848],[-73.750216,40.759209],[-73.751652,40.759794],[-73.753853,40.760465],[-73.754071,40.760444],[-73.755084,40.760756],[-73.756968,40.760972],[-73.757562,40.761254],[-73.758115,40.762054],[-73.758481,40.761995],[-73.759409,40.761841],[-73.760305,40.761684],[-73.760784,40.762974],[-73.761477,40.762861],[-73.762395,40.76271],[-73.76331,40.762552],[-73.764224,40.762399],[-73.76514,40.76225],[-73.765577,40.763701],[-73.766405,40.76362],[-73.767484,40.763515],[-73.768347,40.76343],[-73.770769,40.763193],[-73.775469,40.762729],[-73.778368,40.762454],[-73.778796,40.762407],[-73.779031,40.76238],[-73.779349,40.762363],[-73.780405,40.762295],[-73.78132,40.762188],[-73.782232,40.762131],[-73.783077,40.762029],[-73.784231,40.761924],[-73.785274,40.761842],[-73.785351,40.762257],[-73.785445,40.762597],[-73.785707,40.762937],[-73.785853,40.763014],[-73.787532,40.7639],[-73.788075,40.764199],[-73.789636,40.766142],[-73.789911,40.766524],[-73.790228,40.766955],[-73.790599,40.767419],[-73.790693,40.767525],[-73.791423,40.768349],[-73.791526,40.768475],[-73.791902,40.768936],[-73.792393,40.76951],[-73.793179,40.770403],[-73.793237,40.770468],[-73.794103,40.770538],[-73.795037,40.770612],[-73.795971,40.770686],[-73.796227,40.768821],[-73.79716,40.768897],[-73.798092,40.76897],[-73.799026,40.769042],[-73.799963,40.769118],[-73.800894,40.769191],[-73.801825,40.769263],[-73.802761,40.769339],[-73.803694,40.769411],[-73.804629,40.769486],[-73.804418,40.771086],[-73.804279,40.772061],[-73.80522,40.772135],[-73.806026,40.772198],[-73.806153,40.772209],[-73.807078,40.772282],[-73.80801,40.772355],[-73.80994,40.772509],[-73.813171,40.772765],[-73.813915,40.772823],[-73.813837,40.773535],[-73.815314,40.773652],[-73.815151,40.774356],[-73.815053,40.775066],[-73.814943,40.775862],[-73.814859,40.776486],[-73.814788,40.776996],[-73.814759,40.777204],[-73.814663,40.777905],[-73.81453,40.778888],[-73.817281,40.779106],[-73.81931,40.77926],[-73.820321,40.779335],[-73.821323,40.779409],[-73.82224,40.77949],[-73.823313,40.779579],[-73.823547,40.779036],[-73.824505,40.779353],[-73.825667,40.77973],[-73.825929,40.779808],[-73.826235,40.779921],[-73.827101,40.77842],[-73.828528,40.776007],[-73.829279,40.774882],[-73.830157,40.773825],[-73.831713,40.772474],[-73.833428,40.771434],[-73.833347,40.771245],[-73.835018,40.770199],[-73.836667,40.76876],[-73.838347,40.766491],[-73.838029,40.766337],[-73.83742,40.765655],[-73.837036,40.765087],[-73.836024,40.76359],[-73.835635,40.762969],[-73.835593,40.762853],[-73.836917,40.762767],[-73.836927,40.762599],[-73.836821,40.761249],[-73.838619,40.757045],[-73.838406,40.756101],[-73.837917,40.754541],[-73.837674,40.754114],[-73.835108,40.750368],[-73.834619,40.748661],[-73.835035,40.747062],[-73.835649,40.746358]]],[[[-73.798384,40.773747],[-73.798456,40.773197],[-73.797593,40.773682],[-73.798384,40.773747]]]]}},{"type":"Feature","properties":{"id":7,"NAME":"9","TotalPop":776734,"PopDevPct":-0.00030518,"DemPct":0.88068423,"RepPct":0.09383932,"WhitePct":0.28093224,"MinorityPct":0.71906776,"BlackPct":0.52722628,"HispanicPct":0.13682367,"PacificPct":0.00201335,"AsianPct":0.07524341,"NativePct":0.01491435,"TotalVAP":629796,"Margin":0.38068423,"color":"#00008b","opacity":"0.5"},"geometry":{"type":"MultiPolygon","coordinates":[[[[-73.98087,40.688866],[-73.979841,40.687345],[-73.979363,40.686682],[-73.979812,40.686645],[-73.980272,40.685959],[-73.980702,40.685324],[-73.981133,40.684689],[-73.981562,40.684053],[-73.981993,40.683418],[-73.982423,40.682783],[-73.982855,40.682149],[-73.983276,40.681523],[-73.983711,40.68088],[-73.984139,40.680246],[-73.98457,40.679612],[-73.984998,40.678977],[-73.982611,40.678051],[-73.982817,40.677747],[-73.983041,40.677417],[-73.983472,40.676781],[-73.983901,40.676148],[-73.984199,40.675774],[-73.984702,40.675173],[-73.985209,40.674567],[-73.985707,40.673966],[-73.986194,40.673381],[-73.986709,40.672767],[-73.987211,40.672161],[-73.987715,40.671557],[-73.988219,40.670953],[-73.988726,40.670342],[-73.991023,40.671458],[-73.991345,40.671073],[-73.991522,40.670861],[-73.992024,40.670257],[-73.992527,40.669655],[-73.993029,40.669053],[-73.993531,40.668451],[-73.995895,40.669593],[-73.997416,40.670349],[-73.99754,40.670304],[-73.997624,40.670274],[-73.997266,40.669723],[-73.997014,40.669312],[-73.996672,40.668739],[-73.996528,40.668894],[-73.996033,40.66806],[-73.994912,40.666666],[-73.995219,40.666076],[-73.995795,40.665516],[-73.99418,40.664542],[-73.993934,40.664394],[-73.994223,40.664115],[-73.994516,40.663834],[-73.992255,40.662469],[-73.992838,40.661909],[-73.990635,40.660579],[-73.991217,40.660019],[-73.989013,40.658691],[-73.988428,40.65925],[-73.986228,40.657921],[-73.984024,40.656592],[-73.981796,40.655246],[-73.981453,40.653416],[-73.981297,40.652637],[-73.98111,40.651592],[-73.980712,40.649524],[-73.980364,40.647694],[-73.980291,40.647297],[-73.979118,40.647428],[-73.978191,40.647526],[-73.977774,40.645342],[-73.977453,40.643636],[-73.977322,40.642949],[-73.976396,40.643051],[-73.975467,40.643152],[-73.974375,40.643274],[-73.974096,40.643305],[-73.973813,40.643336],[-73.97272,40.643456],[-73.971648,40.643573],[-73.970717,40.643677],[-73.970089,40.643746],[-73.969885,40.643031],[-73.969686,40.642356],[-73.969484,40.64169],[-73.969399,40.641383],[-73.968791,40.639256],[-73.968722,40.639018],[-73.968224,40.637297],[-73.968039,40.636651],[-73.967627,40.635238],[-73.967543,40.634948],[-73.967406,40.63447],[-73.967185,40.633704],[-73.967028,40.633152],[-73.966777,40.632295],[-73.966676,40.631922],[-73.966074,40.629545],[-73.96508,40.629655],[-73.964152,40.629757],[-73.963225,40.629859],[-73.962298,40.629961],[-73.961824,40.630017],[-73.961369,40.63006],[-73.960408,40.63017],[-73.959445,40.630277],[-73.9585,40.630381],[-73.958328,40.629454],[-73.957124,40.629586],[-73.956099,40.629665],[-73.955177,40.629771],[-73.954249,40.629862],[-73.953305,40.629957],[-73.952332,40.630058],[-73.951387,40.630161],[-73.950448,40.63026],[-73.948598,40.630465],[-73.947458,40.63059],[-73.946537,40.630694],[-73.945511,40.630792],[-73.944808,40.630127],[-73.944155,40.629508],[-73.943331,40.628731],[-73.942274,40.627724],[-73.942162,40.627291],[-73.941815,40.627314],[-73.941199,40.626715],[-73.940998,40.626544],[-73.940112,40.625681],[-73.939968,40.625546],[-73.939557,40.625158],[-73.938578,40.624228],[-73.937984,40.623678],[-73.937226,40.622958],[-73.936637,40.622401],[-73.936128,40.621922],[-73.93538,40.621216],[-73.934989,40.620866],[-73.934181,40.620119],[-73.933537,40.619572],[-73.932706,40.618812],[-73.932463,40.618601],[-73.931731,40.617927],[-73.930602,40.616922],[-73.930759,40.61871],[-73.92979,40.61877],[-73.928819,40.61883],[-73.927883,40.618889],[-73.926879,40.61895],[-73.925875,40.619013],[-73.924944,40.619071],[-73.923975,40.619131],[-73.923008,40.619193],[-73.922072,40.619249],[-73.921102,40.619309],[-73.920134,40.61937],[-73.919201,40.619426],[-73.918266,40.619485],[-73.917265,40.619548],[-73.917413,40.620958],[-73.91747,40.621513],[-73.917515,40.621941],[-73.917709,40.623717],[-73.917694,40.624103],[-73.917995,40.626458],[-73.918162,40.628005],[-73.918242,40.62877],[-73.91835,40.629767],[-73.918604,40.632096],[-73.918852,40.634483],[-73.919006,40.635893],[-73.919164,40.637404],[-73.919172,40.63747],[-73.91929,40.638596],[-73.919415,40.639775],[-73.919462,40.640239],[-73.919556,40.641185],[-73.919662,40.642104],[-73.919729,40.642725],[-73.919907,40.64433],[-73.919951,40.644707],[-73.919976,40.64503],[-73.920532,40.644999],[-73.920984,40.644975],[-73.921916,40.644909],[-73.922849,40.644854],[-73.923819,40.644806],[-73.924923,40.644755],[-73.925721,40.644674],[-73.926689,40.644614],[-73.92766,40.644553],[-73.928594,40.644494],[-73.929599,40.644433],[-73.930605,40.644371],[-73.930806,40.646256],[-73.931005,40.648118],[-73.931213,40.650049],[-73.931392,40.65169],[-73.931608,40.653742],[-73.931772,40.655273],[-73.931907,40.656537],[-73.930903,40.65661],[-73.931083,40.658296],[-73.931325,40.660594],[-73.931406,40.661331],[-73.93148,40.662051],[-73.931556,40.662756],[-73.931579,40.66323],[-73.931607,40.663557],[-73.931539,40.664343],[-73.931455,40.665234],[-73.931381,40.666126],[-73.931291,40.667015],[-73.931214,40.667825],[-73.93114,40.668581],[-73.931119,40.668798],[-73.92835,40.668647],[-73.925598,40.668496],[-73.925573,40.668715],[-73.925491,40.669435],[-73.925413,40.670279],[-73.925328,40.671169],[-73.925245,40.672062],[-73.925161,40.672954],[-73.925122,40.673399],[-73.925082,40.673844],[-73.922132,40.673684],[-73.922049,40.674574],[-73.921975,40.675348],[-73.921901,40.676131],[-73.921832,40.676849],[-73.921816,40.677019],[-73.921711,40.678116],[-73.921646,40.67887],[-73.91905,40.678729],[-73.917968,40.678669],[-73.916301,40.678577],[-73.916393,40.678906],[-73.91654,40.679637],[-73.916687,40.680371],[-73.914028,40.680677],[-73.911374,40.68098],[-73.911518,40.681712],[-73.911664,40.682446],[-73.911813,40.68318],[-73.911512,40.683505],[-73.912273,40.683935],[-73.913037,40.684368],[-73.913238,40.684482],[-73.913308,40.684521],[-73.913798,40.6848],[-73.91454,40.685227],[-73.914701,40.685317],[-73.91529,40.685645],[-73.915501,40.685762],[-73.916046,40.686072],[-73.916611,40.686391],[-73.916798,40.686497],[-73.917614,40.686966],[-73.918046,40.687213],[-73.918294,40.687357],[-73.918783,40.687626],[-73.919061,40.687784],[-73.91981,40.688211],[-73.92055,40.688641],[-73.921214,40.689019],[-73.921306,40.689072],[-73.922072,40.68949],[-73.922807,40.689924],[-73.923169,40.690123],[-73.923644,40.690399],[-73.924392,40.690831],[-73.925365,40.691367],[-73.92556,40.691491],[-73.926316,40.691929],[-73.92645,40.692002],[-73.927071,40.692346],[-73.927507,40.692604],[-73.927811,40.692774],[-73.928043,40.692904],[-73.928507,40.693166],[-73.929702,40.693864],[-73.930512,40.694317],[-73.931145,40.694674],[-73.931458,40.694855],[-73.931773,40.695028],[-73.931929,40.695115],[-73.932366,40.695358],[-73.933118,40.695791],[-73.933828,40.696184],[-73.934134,40.696359],[-73.934797,40.696737],[-73.935222,40.696986],[-73.936006,40.697406],[-73.936388,40.697616],[-73.93676,40.697831],[-73.937391,40.698186],[-73.938177,40.698641],[-73.938568,40.698848],[-73.938902,40.699037],[-73.93969,40.699456],[-73.94042,40.699874],[-73.941149,40.700281],[-73.941931,40.700725],[-73.944388,40.700425],[-73.946316,40.700215],[-73.947128,40.700123],[-73.947248,40.700105],[-73.948133,40.700006],[-73.949794,40.699823],[-73.950091,40.699791],[-73.95337,40.699405],[-73.95429,40.699296],[-73.955184,40.699193],[-73.956075,40.69909],[-73.956645,40.699019],[-73.95702,40.698974],[-73.957434,40.698905],[-73.957959,40.69882],[-73.958858,40.698677],[-73.960197,40.698462],[-73.961051,40.698326],[-73.961899,40.698188],[-73.962274,40.698128],[-73.962469,40.698098],[-73.962839,40.698039],[-73.963904,40.697867],[-73.964875,40.697714],[-73.965774,40.697636],[-73.966743,40.697672],[-73.967727,40.697717],[-73.968739,40.69776],[-73.969728,40.697804],[-73.970762,40.69784],[-73.971784,40.697882],[-73.972795,40.697921],[-73.973309,40.697943],[-73.973775,40.697959],[-73.974786,40.698004],[-73.975783,40.698047],[-73.976787,40.698087],[-73.977531,40.698116],[-73.980544,40.698246],[-73.980515,40.697437],[-73.980388,40.696507],[-73.980381,40.696404],[-73.980356,40.696178],[-73.979537,40.696172],[-73.979409,40.695365],[-73.979187,40.694771],[-73.980139,40.694683],[-73.979168,40.693489],[-73.980112,40.693524],[-73.980983,40.693556],[-73.981712,40.693584],[-73.982512,40.693614],[-73.982395,40.692973],[-73.982559,40.692272],[-73.982452,40.69205],[-73.982079,40.691292],[-73.98136,40.689928],[-73.98087,40.688866]]]]}},{"type":"Feature","properties":{"id":8,"NAME":"8","TotalPop":776401,"PopDevPct":-0.00073377,"DemPct":0.76455076,"RepPct":0.21763361,"WhitePct":0.16790822,"MinorityPct":0.83209178,"BlackPct":0.47586982,"HispanicPct":0.31504007,"PacificPct":0.00295195,"AsianPct":0.07510398,"NativePct":0.02210776,"TotalVAP":612138,"Margin":0.26455076,"color":"#00008b","opacity":"0.5"},"geometry":{"type":"MultiPolygon","coordinates":[[[[-73.875368,40.717452],[-73.876338,40.718642],[-73.87714,40.718269],[-73.877941,40.717898],[-73.879167,40.719431],[-73.880122,40.719251],[-73.881025,40.719013],[-73.88183,40.71864],[-73.882629,40.718271],[-73.88342,40.717902],[-73.884229,40.717524],[-73.884738,40.718151],[-73.885318,40.718909],[-73.885569,40.719097],[-73.885473,40.719384],[-73.885751,40.719382],[-73.88724,40.72128],[-73.888818,40.723251],[-73.889619,40.722881],[-73.89042,40.722508],[-73.891242,40.722124],[-73.891713,40.722715],[-73.892182,40.723299],[-73.892656,40.723888],[-73.894113,40.723214],[-73.894336,40.723921],[-73.894549,40.72462],[-73.894678,40.724999],[-73.89485,40.725226],[-73.894974,40.725407],[-73.896073,40.725512],[-73.898613,40.72574],[-73.899842,40.725859],[-73.903698,40.726215],[-73.90707,40.727466],[-73.906933,40.727574],[-73.909303,40.728846],[-73.911731,40.729964],[-73.911772,40.729849],[-73.917366,40.731328],[-73.919061,40.731954],[-73.919038,40.732021],[-73.919017,40.732089],[-73.921268,40.734724],[-73.922248,40.734415],[-73.9224,40.73436],[-73.922573,40.734286],[-73.923493,40.733827],[-73.923954,40.733529],[-73.924184,40.73338],[-73.924363,40.733244],[-73.924676,40.732981],[-73.924758,40.732893],[-73.925164,40.732455],[-73.925186,40.732431],[-73.925336,40.732234],[-73.925448,40.73208],[-73.925669,40.731749],[-73.926012,40.731148],[-73.926395,40.730565],[-73.926656,40.730183],[-73.92688,40.729885],[-73.927117,40.729582],[-73.927241,40.729429],[-73.927512,40.729122],[-73.928307,40.72834],[-73.928745,40.727955],[-73.929058,40.727688],[-73.927171,40.725233],[-73.925344,40.721638],[-73.92418,40.72002],[-73.924278,40.718536],[-73.923127,40.717024],[-73.922711,40.716478],[-73.924327,40.715568],[-73.924059,40.714112],[-73.92404,40.714008],[-73.923137,40.713396],[-73.922233,40.712854],[-73.921687,40.711894],[-73.921221,40.710791],[-73.920745,40.71053],[-73.921892,40.709396],[-73.922337,40.709006],[-73.922862,40.708546],[-73.923062,40.708369],[-73.923852,40.707677],[-73.924169,40.707394],[-73.925137,40.706539],[-73.926089,40.70568],[-73.926578,40.705557],[-73.928109,40.704964],[-73.928738,40.704717],[-73.9298,40.704305],[-73.930237,40.704131],[-73.931155,40.703773],[-73.931729,40.703546],[-73.932698,40.703171],[-73.933523,40.702849],[-73.933951,40.702674],[-73.935336,40.702315],[-73.936982,40.70191],[-73.93763,40.701739],[-73.938365,40.701545],[-73.939501,40.701281],[-73.94042,40.701077],[-73.941931,40.700725],[-73.941149,40.700281],[-73.94042,40.699874],[-73.93969,40.699456],[-73.938902,40.699037],[-73.938568,40.698848],[-73.938177,40.698641],[-73.937391,40.698186],[-73.93676,40.697831],[-73.936388,40.697616],[-73.936006,40.697406],[-73.935222,40.696986],[-73.934797,40.696737],[-73.934134,40.696359],[-73.933828,40.696184],[-73.933118,40.695791],[-73.932366,40.695358],[-73.931929,40.695115],[-73.931773,40.695028],[-73.931458,40.694855],[-73.931145,40.694674],[-73.930512,40.694317],[-73.929702,40.693864],[-73.928507,40.693166],[-73.928043,40.692904],[-73.927811,40.692774],[-73.927507,40.692604],[-73.927071,40.692346],[-73.92645,40.692002],[-73.926316,40.691929],[-73.92556,40.691491],[-73.925365,40.691367],[-73.924392,40.690831],[-73.923644,40.690399],[-73.923169,40.690123],[-73.922807,40.689924],[-73.922072,40.68949],[-73.921306,40.689072],[-73.921214,40.689019],[-73.92055,40.688641],[-73.91981,40.688211],[-73.919061,40.687784],[-73.918783,40.687626],[-73.918294,40.687357],[-73.918046,40.687213],[-73.917614,40.686966],[-73.916798,40.686497],[-73.916611,40.686391],[-73.916046,40.686072],[-73.915501,40.685762],[-73.91529,40.685645],[-73.914701,40.685317],[-73.91454,40.685227],[-73.913798,40.6848],[-73.913308,40.684521],[-73.913238,40.684482],[-73.913037,40.684368],[-73.912273,40.683935],[-73.911512,40.683505],[-73.911813,40.68318],[-73.911664,40.682446],[-73.911518,40.681712],[-73.911374,40.68098],[-73.914028,40.680677],[-73.916687,40.680371],[-73.91654,40.679637],[-73.916393,40.678906],[-73.916301,40.678577],[-73.917968,40.678669],[-73.91905,40.678729],[-73.921646,40.67887],[-73.921711,40.678116],[-73.921816,40.677019],[-73.921832,40.676849],[-73.921901,40.676131],[-73.921975,40.675348],[-73.922049,40.674574],[-73.922132,40.673684],[-73.925082,40.673844],[-73.925122,40.673399],[-73.925161,40.672954],[-73.925245,40.672062],[-73.925328,40.671169],[-73.925413,40.670279],[-73.925491,40.669435],[-73.925573,40.668715],[-73.925598,40.668496],[-73.92835,40.668647],[-73.931119,40.668798],[-73.93114,40.668581],[-73.931214,40.667825],[-73.931291,40.667015],[-73.931381,40.666126],[-73.931455,40.665234],[-73.931539,40.664343],[-73.931607,40.663557],[-73.931579,40.66323],[-73.931556,40.662756],[-73.93148,40.662051],[-73.931406,40.661331],[-73.931325,40.660594],[-73.931083,40.658296],[-73.930903,40.65661],[-73.931907,40.656537],[-73.931772,40.655273],[-73.931608,40.653742],[-73.931392,40.65169],[-73.931213,40.650049],[-73.931005,40.648118],[-73.930806,40.646256],[-73.930605,40.644371],[-73.929599,40.644433],[-73.928594,40.644494],[-73.92766,40.644553],[-73.926689,40.644614],[-73.925721,40.644674],[-73.924923,40.644755],[-73.923819,40.644806],[-73.922849,40.644854],[-73.921916,40.644909],[-73.920984,40.644975],[-73.920532,40.644999],[-73.919976,40.64503],[-73.919951,40.644707],[-73.919907,40.64433],[-73.919729,40.642725],[-73.919662,40.642104],[-73.919556,40.641185],[-73.919462,40.640239],[-73.919415,40.639775],[-73.91929,40.638596],[-73.919172,40.63747],[-73.919164,40.637404],[-73.919006,40.635893],[-73.918852,40.634483],[-73.918604,40.632096],[-73.916922,40.631669],[-73.916332,40.632038],[-73.908252,40.628248],[-73.904128,40.626306],[-73.901147,40.625685],[-73.898261,40.622989],[-73.896922,40.622411],[-73.896207,40.622116],[-73.892306,40.620556],[-73.887051,40.61632],[-73.884456,40.60944],[-73.871418,40.578535],[-73.869232,40.579342],[-73.86751,40.580229],[-73.867374,40.580299],[-73.866005,40.581001],[-73.865607,40.581205],[-73.859492,40.583938],[-73.854937,40.585974],[-73.853522,40.586592],[-73.849852,40.588669],[-73.847386,40.592028],[-73.84668,40.593209],[-73.844437,40.595855],[-73.842017,40.598313],[-73.835876,40.605637],[-73.834463,40.607193],[-73.834283,40.609186],[-73.834008,40.614425],[-73.833422,40.626782],[-73.833041,40.628261],[-73.835376,40.630315],[-73.836238,40.631111],[-73.837652,40.63284],[-73.848338,40.643521],[-73.854938,40.64265],[-73.855021,40.643098],[-73.856148,40.649198],[-73.856537,40.649916],[-73.85898,40.652675],[-73.859755,40.654104],[-73.859907,40.654229],[-73.860483,40.654659],[-73.860567,40.654751],[-73.860676,40.654868],[-73.860988,40.655212],[-73.8627,40.657623],[-73.863171,40.658277],[-73.861222,40.659221],[-73.860138,40.659676],[-73.857615,40.660119],[-73.858025,40.661721],[-73.85843,40.663453],[-73.855685,40.663867],[-73.856063,40.665511],[-73.856425,40.667033],[-73.856847,40.668603],[-73.857226,40.670094],[-73.857282,40.670312],[-73.857309,40.670419],[-73.857633,40.671656],[-73.858555,40.671533],[-73.859474,40.671381],[-73.860389,40.671269],[-73.860775,40.672806],[-73.861077,40.674021],[-73.861064,40.674343],[-73.859593,40.674556],[-73.860296,40.674772],[-73.861318,40.675021],[-73.861397,40.675335],[-73.861712,40.676611],[-73.862028,40.677886],[-73.862346,40.679165],[-73.863282,40.679073],[-73.863349,40.679352],[-73.862296,40.679632],[-73.861564,40.679839],[-73.861423,40.679879],[-73.860659,40.680099],[-73.860531,40.680135],[-73.859779,40.680349],[-73.85966,40.680383],[-73.858786,40.68063],[-73.857907,40.68088],[-73.857043,40.681127],[-73.856198,40.681367],[-73.855353,40.681607],[-73.854496,40.681851],[-73.853664,40.682088],[-73.852819,40.682331],[-73.851979,40.682564],[-73.85087,40.682259],[-73.851129,40.682809],[-73.851955,40.684492],[-73.851111,40.684734],[-73.850248,40.684977],[-73.849369,40.685227],[-73.848489,40.685475],[-73.847608,40.685722],[-73.847101,40.685869],[-73.84698,40.685904],[-73.846871,40.685936],[-73.846748,40.685972],[-73.846173,40.686139],[-73.847319,40.687147],[-73.846463,40.68739],[-73.846966,40.688405],[-73.847051,40.688586],[-73.845885,40.688913],[-73.845955,40.689071],[-73.846254,40.689708],[-73.846508,40.690222],[-73.846772,40.690763],[-73.846847,40.690918],[-73.845967,40.691166],[-73.847733,40.694775],[-73.849478,40.698196],[-73.84908,40.698351],[-73.848221,40.698545],[-73.847911,40.698647],[-73.847017,40.698842],[-73.845025,40.699359],[-73.844274,40.699781],[-73.843594,40.700172],[-73.842938,40.700554],[-73.842144,40.70087],[-73.841564,40.701101],[-73.839478,40.70269],[-73.83843,40.703386],[-73.836962,40.704212],[-73.837336,40.704861],[-73.837846,40.70563],[-73.837812,40.706987],[-73.837147,40.707957],[-73.839011,40.708555],[-73.841445,40.708957],[-73.841577,40.708978],[-73.843016,40.709176],[-73.843207,40.709275],[-73.84412,40.709378],[-73.844934,40.709511],[-73.845379,40.709581],[-73.846027,40.709689],[-73.846301,40.709731],[-73.847237,40.709876],[-73.848139,40.710029],[-73.848474,40.710079],[-73.849058,40.710178],[-73.849975,40.710321],[-73.850916,40.710471],[-73.851892,40.710627],[-73.852799,40.710771],[-73.853329,40.710852],[-73.853723,40.710913],[-73.854641,40.71106],[-73.854799,40.711084],[-73.855558,40.711201],[-73.855745,40.71123],[-73.856448,40.711338],[-73.857298,40.711465],[-73.858187,40.7116],[-73.858284,40.711808],[-73.859024,40.712524],[-73.859654,40.71338],[-73.859632,40.713598],[-73.860038,40.714932],[-73.860627,40.715487],[-73.861224,40.716037],[-73.861834,40.716593],[-73.862425,40.717148],[-73.863018,40.717708],[-73.863571,40.718277],[-73.864123,40.718845],[-73.864687,40.719427],[-73.865239,40.719977],[-73.865476,40.720281],[-73.867167,40.719641],[-73.867969,40.719268],[-73.868779,40.718904],[-73.869586,40.718545],[-73.870531,40.718161],[-73.87143,40.717992],[-73.872392,40.717831],[-73.873209,40.717741],[-73.874402,40.717575],[-73.875368,40.717452]]],[[[-73.81244,40.712879],[-73.812629,40.713544],[-73.814856,40.713521],[-73.814262,40.712672],[-73.81244,40.712879]]]]}},{"type":"Feature","properties":{"id":9,"NAME":"10","TotalPop":777240,"PopDevPct":0.00034607,"DemPct":0.80243134,"RepPct":0.17559307,"WhitePct":0.54169796,"MinorityPct":0.45830204,"BlackPct":0.09382803,"HispanicPct":0.17053579,"PacificPct":0.00350892,"AsianPct":0.19628259,"NativePct":0.01262233,"TotalVAP":655188,"Margin":0.30243134,"color":"#00008b","opacity":"0.5"},"geometry":{"type":"MultiPolygon","coordinates":[[[[-73.967697,40.747866],[-73.967977,40.748005],[-73.968126,40.74807],[-73.969666,40.748789],[-73.969691,40.748733],[-73.97019,40.748108],[-73.970366,40.748095],[-73.97078,40.747543],[-73.971228,40.746919],[-73.971657,40.746304],[-73.971944,40.745932],[-73.97213,40.745681],[-73.972576,40.745068],[-73.973027,40.74445],[-73.973512,40.743782],[-73.974015,40.743095],[-73.974924,40.741847],[-73.975343,40.741274],[-73.9758,40.740644],[-73.976146,40.74017],[-73.976251,40.740026],[-73.9767,40.73941],[-73.977148,40.738796],[-73.977603,40.738172],[-73.978052,40.737554],[-73.978498,40.736791],[-73.980905,40.737886],[-73.981392,40.737222],[-73.981841,40.736602],[-73.982267,40.73602],[-73.982695,40.735431],[-73.984934,40.736376],[-73.986535,40.73705],[-73.986961,40.736465],[-73.987387,40.735879],[-73.989016,40.73656],[-73.990331,40.737132],[-73.992225,40.737917],[-73.995446,40.739272],[-73.998287,40.74047],[-73.998713,40.739881],[-73.999185,40.739243],[-73.999684,40.738552],[-74.002523,40.739753],[-74.002744,40.739845],[-74.005063,40.740818],[-74.005158,40.740858],[-74.005366,40.740945],[-74.00697,40.741628],[-74.008204,40.742148],[-74.008699,40.742362],[-74.008893,40.742384],[-74.009331,40.742572],[-74.017283,40.74418],[-74.018136,40.740667],[-74.019184,40.736366],[-74.020062,40.732759],[-74.020968,40.729037],[-74.021311,40.727624],[-74.021352,40.727462],[-74.021832,40.725487],[-74.023066,40.720414],[-74.023637,40.718069],[-74.024397,40.713111],[-74.025676,40.704764],[-74.026153,40.701649],[-74.02639,40.700103],[-74.035443,40.685125],[-74.019399,40.679573],[-74.019549,40.679035],[-74.018591,40.678978],[-74.018247,40.678515],[-74.019632,40.678429],[-74.019362,40.678288],[-74.018408,40.67832],[-74.018385,40.677929],[-74.019212,40.677781],[-74.019103,40.677204],[-74.02002,40.677049],[-74.019849,40.676498],[-74.018194,40.676603],[-74.017905,40.676445],[-74.018011,40.675935],[-74.018507,40.675919],[-74.018427,40.675547],[-74.01884,40.675155],[-74.018734,40.675032],[-74.018281,40.675439],[-74.017804,40.675238],[-74.018197,40.674942],[-74.018427,40.674513],[-74.018009,40.674747],[-74.018237,40.674416],[-74.017894,40.674159],[-74.017696,40.673918],[-74.017431,40.673741],[-74.01727,40.673568],[-74.017379,40.673461],[-74.019729,40.67275],[-74.019147,40.671605],[-74.018688,40.670799],[-74.017819,40.66572],[-74.016903,40.664847],[-74.015319,40.664651],[-74.011665,40.665049],[-74.00981,40.668511],[-74.006843,40.668557],[-74.00544,40.670922],[-74.004754,40.670721],[-74.005885,40.667985],[-74.005197,40.667879],[-74.00577,40.666218],[-74.001454,40.667633],[-74.000175,40.668601],[-73.999239,40.67073],[-73.999021,40.671429],[-73.998753,40.671669],[-73.998619,40.67183],[-73.998457,40.671568],[-73.997624,40.670274],[-73.99754,40.670304],[-73.997416,40.670349],[-73.995895,40.669593],[-73.993531,40.668451],[-73.993029,40.669053],[-73.992527,40.669655],[-73.992024,40.670257],[-73.991522,40.670861],[-73.991345,40.671073],[-73.991023,40.671458],[-73.988726,40.670342],[-73.988219,40.670953],[-73.987715,40.671557],[-73.987211,40.672161],[-73.986709,40.672767],[-73.986194,40.673381],[-73.985707,40.673966],[-73.985209,40.674567],[-73.984702,40.675173],[-73.984199,40.675774],[-73.983901,40.676148],[-73.983472,40.676781],[-73.983041,40.677417],[-73.982817,40.677747],[-73.982611,40.678051],[-73.984998,40.678977],[-73.98457,40.679612],[-73.984139,40.680246],[-73.983711,40.68088],[-73.983276,40.681523],[-73.982855,40.682149],[-73.982423,40.682783],[-73.981993,40.683418],[-73.981562,40.684053],[-73.981133,40.684689],[-73.980702,40.685324],[-73.980272,40.685959],[-73.979812,40.686645],[-73.979363,40.686682],[-73.979841,40.687345],[-73.98087,40.688866],[-73.98136,40.689928],[-73.982079,40.691292],[-73.982452,40.69205],[-73.982559,40.692272],[-73.982395,40.692973],[-73.982512,40.693614],[-73.981712,40.693584],[-73.980983,40.693556],[-73.980112,40.693524],[-73.979168,40.693489],[-73.980139,40.694683],[-73.979187,40.694771],[-73.979409,40.695365],[-73.979537,40.696172],[-73.980356,40.696178],[-73.980381,40.696404],[-73.980388,40.696507],[-73.980515,40.697437],[-73.980544,40.698246],[-73.977531,40.698116],[-73.976787,40.698087],[-73.975783,40.698047],[-73.974786,40.698004],[-73.973775,40.697959],[-73.973309,40.697943],[-73.972795,40.697921],[-73.971784,40.697882],[-73.970762,40.69784],[-73.969728,40.697804],[-73.968739,40.69776],[-73.967727,40.697717],[-73.966743,40.697672],[-73.965774,40.697636],[-73.964875,40.697714],[-73.963904,40.697867],[-73.962839,40.698039],[-73.962469,40.698098],[-73.962274,40.698128],[-73.961899,40.698188],[-73.961051,40.698326],[-73.960197,40.698462],[-73.958858,40.698677],[-73.957959,40.69882],[-73.957434,40.698905],[-73.95702,40.698974],[-73.956645,40.699019],[-73.956075,40.69909],[-73.955184,40.699193],[-73.95429,40.699296],[-73.95337,40.699405],[-73.950091,40.699791],[-73.949794,40.699823],[-73.948133,40.700006],[-73.947248,40.700105],[-73.947128,40.700123],[-73.946316,40.700215],[-73.944388,40.700425],[-73.941931,40.700725],[-73.94042,40.701077],[-73.939501,40.701281],[-73.938365,40.701545],[-73.93763,40.701739],[-73.936982,40.70191],[-73.935336,40.702315],[-73.933951,40.702674],[-73.933523,40.702849],[-73.932698,40.703171],[-73.931729,40.703546],[-73.931155,40.703773],[-73.930237,40.704131],[-73.9298,40.704305],[-73.928738,40.704717],[-73.928109,40.704964],[-73.926578,40.705557],[-73.926089,40.70568],[-73.925137,40.706539],[-73.924169,40.707394],[-73.923852,40.707677],[-73.923062,40.708369],[-73.922862,40.708546],[-73.922337,40.709006],[-73.921892,40.709396],[-73.920745,40.71053],[-73.921221,40.710791],[-73.921687,40.711894],[-73.922233,40.712854],[-73.923137,40.713396],[-73.92404,40.714008],[-73.924059,40.714112],[-73.924327,40.715568],[-73.922711,40.716478],[-73.923127,40.717024],[-73.924278,40.718536],[-73.92418,40.72002],[-73.925344,40.721638],[-73.927171,40.725233],[-73.929058,40.727688],[-73.928745,40.727955],[-73.928307,40.72834],[-73.927512,40.729122],[-73.927241,40.729429],[-73.927117,40.729582],[-73.92688,40.729885],[-73.926656,40.730183],[-73.926395,40.730565],[-73.926012,40.731148],[-73.925669,40.731749],[-73.925448,40.73208],[-73.925336,40.732234],[-73.925186,40.732431],[-73.925164,40.732455],[-73.924758,40.732893],[-73.924676,40.732981],[-73.924363,40.733244],[-73.924184,40.73338],[-73.923954,40.733529],[-73.923493,40.733827],[-73.922573,40.734286],[-73.9224,40.73436],[-73.922248,40.734415],[-73.921268,40.734724],[-73.921341,40.734836],[-73.921211,40.735235],[-73.923972,40.735784],[-73.924879,40.736032],[-73.925769,40.736278],[-73.926672,40.736463],[-73.927635,40.736597],[-73.928011,40.736657],[-73.928494,40.736869],[-73.929946,40.737536],[-73.930237,40.737674],[-73.929668,40.740492],[-73.930597,40.740598],[-73.930227,40.742446],[-73.929859,40.744289],[-73.929796,40.744606],[-73.92948,40.746189],[-73.929335,40.747062],[-73.928318,40.74729],[-73.927323,40.747485],[-73.926353,40.747551],[-73.925467,40.747432],[-73.925342,40.748049],[-73.925247,40.748539],[-73.924715,40.751228],[-73.924689,40.751727],[-73.924417,40.752404],[-73.922966,40.752729],[-73.92204,40.752938],[-73.922573,40.753219],[-73.923372,40.753594],[-73.924157,40.753961],[-73.924954,40.754337],[-73.925754,40.754711],[-73.926554,40.755086],[-73.927352,40.75546],[-73.928154,40.755836],[-73.928956,40.756213],[-73.929751,40.756581],[-73.930553,40.756959],[-73.931351,40.757334],[-73.932152,40.75771],[-73.9309,40.759253],[-73.929651,40.760798],[-73.930548,40.761223],[-73.929454,40.762366],[-73.931226,40.763216],[-73.93135,40.763275],[-73.930867,40.763874],[-73.930365,40.764491],[-73.931692,40.765224],[-73.933627,40.766292],[-73.934935,40.767013],[-73.935949,40.767578],[-73.936184,40.767692],[-73.935821,40.768631],[-73.935227,40.769526],[-73.934474,40.770412],[-73.934246,40.771029],[-73.934527,40.771177],[-73.934807,40.771734],[-73.937466,40.772531],[-73.937466,40.772504],[-73.934956,40.77173],[-73.935323,40.770485],[-73.936404,40.769475],[-73.938204,40.768728],[-73.939836,40.767988],[-73.940463,40.76753],[-73.943503,40.764499],[-73.944715,40.762879],[-73.947832,40.758989],[-73.950766,40.755313],[-73.95084,40.755219],[-73.954317,40.751258],[-73.956842,40.748828],[-73.957732,40.747775],[-73.958216,40.747212],[-73.958327,40.747081],[-73.959725,40.745261],[-73.960211,40.744511],[-73.967697,40.747866]]]]}},{"type":"Feature","properties":{"id":10,"NAME":"7","TotalPop":776580,"PopDevPct":-0.00050338,"DemPct":0.3591239,"RepPct":0.62169593,"WhitePct":0.44577377,"MinorityPct":0.55422623,"BlackPct":0.06534579,"HispanicPct":0.16843758,"PacificPct":0.00142382,"AsianPct":0.31719788,"NativePct":0.01639919,"TotalVAP":573809,"Margin":-0.1408761,"color":"#960018","opacity":"0.5"},"geometry":{"type":"MultiPolygon","coordinates":[[[[-73.950448,40.63026],[-73.951387,40.630161],[-73.952332,40.630058],[-73.953305,40.629957],[-73.954249,40.629862],[-73.955177,40.629771],[-73.956099,40.629665],[-73.957124,40.629586],[-73.958328,40.629454],[-73.9585,40.630381],[-73.959445,40.630277],[-73.960408,40.63017],[-73.961369,40.63006],[-73.961824,40.630017],[-73.962298,40.629961],[-73.963225,40.629859],[-73.964152,40.629757],[-73.96508,40.629655],[-73.966074,40.629545],[-73.966676,40.631922],[-73.966777,40.632295],[-73.967028,40.633152],[-73.967185,40.633704],[-73.967406,40.63447],[-73.967543,40.634948],[-73.967627,40.635238],[-73.968039,40.636651],[-73.968224,40.637297],[-73.968722,40.639018],[-73.968791,40.639256],[-73.969399,40.641383],[-73.969484,40.64169],[-73.969686,40.642356],[-73.969885,40.643031],[-73.970089,40.643746],[-73.970717,40.643677],[-73.971648,40.643573],[-73.97272,40.643456],[-73.973813,40.643336],[-73.974096,40.643305],[-73.974375,40.643274],[-73.975467,40.643152],[-73.976396,40.643051],[-73.977322,40.642949],[-73.977453,40.643636],[-73.977774,40.645342],[-73.978191,40.647526],[-73.979118,40.647428],[-73.980291,40.647297],[-73.980364,40.647694],[-73.980712,40.649524],[-73.98111,40.651592],[-73.981297,40.652637],[-73.981453,40.653416],[-73.981796,40.655246],[-73.984024,40.656592],[-73.986228,40.657921],[-73.988428,40.65925],[-73.989013,40.658691],[-73.991217,40.660019],[-73.990635,40.660579],[-73.992838,40.661909],[-73.992255,40.662469],[-73.994516,40.663834],[-73.994223,40.664115],[-73.993934,40.664394],[-73.99418,40.664542],[-73.995795,40.665516],[-73.995219,40.666076],[-73.994912,40.666666],[-73.996033,40.66806],[-73.996528,40.668894],[-73.996672,40.668739],[-73.997014,40.669312],[-73.997266,40.669723],[-73.997624,40.670274],[-73.998457,40.671568],[-73.998619,40.67183],[-73.998753,40.671669],[-73.999021,40.671429],[-73.999239,40.67073],[-74.000175,40.668601],[-74.001454,40.667633],[-74.00577,40.666218],[-74.005197,40.667879],[-74.005885,40.667985],[-74.004754,40.670721],[-74.00544,40.670922],[-74.006843,40.668557],[-74.00981,40.668511],[-74.011665,40.665049],[-74.015319,40.664651],[-74.016903,40.664847],[-74.017819,40.66572],[-74.018688,40.670799],[-74.019147,40.671605],[-74.019729,40.67275],[-74.017379,40.673461],[-74.01727,40.673568],[-74.017431,40.673741],[-74.017696,40.673918],[-74.017894,40.674159],[-74.018237,40.674416],[-74.018009,40.674747],[-74.018427,40.674513],[-74.018197,40.674942],[-74.017804,40.675238],[-74.018281,40.675439],[-74.018734,40.675032],[-74.01884,40.675155],[-74.018427,40.675547],[-74.018507,40.675919],[-74.018011,40.675935],[-74.017905,40.676445],[-74.018194,40.676603],[-74.019849,40.676498],[-74.02002,40.677049],[-74.019103,40.677204],[-74.019212,40.677781],[-74.018385,40.677929],[-74.018408,40.67832],[-74.019362,40.678288],[-74.019632,40.678429],[-74.018247,40.678515],[-74.018591,40.678978],[-74.019549,40.679035],[-74.019399,40.679573],[-74.035443,40.685125],[-74.042769,40.672996],[-74.048976,40.662718],[-74.049631,40.661634],[-74.050735,40.659807],[-74.053229,40.655657],[-74.032644,40.6438],[-74.028923,40.641451],[-74.026606,40.640236],[-74.026257,40.640132],[-74.025729,40.640035],[-74.024664,40.639983],[-74.024574,40.639924],[-74.023545,40.639314],[-74.0226,40.63971],[-74.021854,40.639245],[-74.021586,40.639074],[-74.021087,40.638262],[-74.018897,40.636856],[-74.016752,40.63544],[-74.016692,40.635519],[-74.014754,40.633962],[-74.015139,40.633217],[-74.015424,40.632513],[-74.015748,40.631765],[-74.016048,40.631033],[-74.016343,40.630286],[-74.016643,40.629576],[-74.016934,40.628817],[-74.017223,40.628101],[-74.015001,40.626769],[-74.012827,40.625456],[-74.010624,40.624126],[-74.008422,40.622796],[-74.006219,40.621464],[-74.004019,40.620136],[-74.004599,40.619577],[-74.005227,40.618973],[-74.005854,40.618371],[-74.006434,40.617814],[-74.007016,40.617254],[-74.007599,40.616695],[-74.008177,40.616133],[-74.008761,40.615576],[-74.009341,40.615015],[-74.009924,40.614457],[-74.010504,40.613897],[-74.011086,40.613339],[-74.011712,40.612735],[-74.013482,40.611038],[-74.012737,40.610589],[-74.012022,40.610156],[-74.011278,40.609706],[-74.010538,40.609258],[-74.009822,40.608827],[-74.009397,40.60857],[-74.009078,40.608378],[-74.008252,40.607881],[-74.007447,40.607393],[-74.006625,40.606895],[-74.005882,40.606447],[-74.005167,40.606016],[-74.004425,40.605568],[-74.004934,40.605075],[-74.004446,40.604801],[-74.005587,40.603571],[-74.006781,40.602291],[-74.005924,40.60184],[-74.00514,40.601432],[-74.004354,40.601022],[-74.003602,40.600628],[-74.00283,40.600204],[-74.002122,40.599719],[-74.00145,40.599249],[-74.000738,40.598766],[-74.000091,40.598319],[-74.000053,40.598293],[-73.999376,40.597811],[-73.998672,40.597269],[-73.998022,40.596701],[-73.997386,40.596183],[-73.996747,40.595643],[-73.996116,40.595116],[-73.995499,40.594594],[-73.995308,40.594428],[-73.99484,40.594031],[-73.994021,40.593645],[-73.993317,40.593217],[-73.992565,40.592762],[-73.991822,40.592313],[-73.991107,40.591881],[-73.990364,40.591432],[-73.989621,40.590982],[-73.988905,40.590551],[-73.988163,40.590101],[-73.987421,40.589651],[-73.986706,40.589219],[-73.985962,40.588771],[-73.985219,40.588321],[-73.984505,40.58789],[-73.983723,40.588619],[-73.983803,40.589042],[-73.982811,40.589158],[-73.981881,40.589259],[-73.980938,40.589376],[-73.97848,40.589654],[-73.978285,40.59093],[-73.978764,40.592825],[-73.978217,40.592503],[-73.977695,40.592179],[-73.977222,40.591922],[-73.976513,40.591453],[-73.975838,40.591065],[-73.975135,40.590641],[-73.974217,40.590111],[-73.972976,40.590241],[-73.972077,40.590341],[-73.971151,40.590443],[-73.970224,40.59054],[-73.969299,40.590647],[-73.968371,40.59075],[-73.967445,40.590851],[-73.966519,40.590953],[-73.96542,40.591075],[-73.965129,40.591108],[-73.964826,40.591141],[-73.964061,40.591225],[-73.963774,40.591257],[-73.963303,40.591308],[-73.962838,40.59136],[-73.962441,40.591403],[-73.961208,40.591539],[-73.96068,40.591598],[-73.960136,40.591657],[-73.959677,40.591707],[-73.958998,40.591784],[-73.957676,40.591929],[-73.957003,40.592002],[-73.956077,40.592101],[-73.955148,40.592207],[-73.954637,40.592248],[-73.954223,40.592308],[-73.95326,40.592413],[-73.9523,40.592514],[-73.951349,40.592622],[-73.950152,40.592754],[-73.949116,40.592868],[-73.94819,40.592967],[-73.947264,40.593072],[-73.946337,40.593174],[-73.945374,40.59328],[-73.944408,40.593385],[-73.943484,40.593487],[-73.942558,40.593588],[-73.941631,40.593691],[-73.940611,40.593808],[-73.939641,40.593922],[-73.938717,40.594024],[-73.93778,40.594126],[-73.935899,40.594335],[-73.934949,40.594429],[-73.934006,40.594527],[-73.933011,40.594639],[-73.933056,40.594887],[-73.932431,40.595238],[-73.932054,40.59547],[-73.931684,40.595719],[-73.931293,40.595984],[-73.930944,40.596201],[-73.930574,40.596439],[-73.9302,40.596676],[-73.929738,40.596978],[-73.929569,40.59682],[-73.928669,40.596021],[-73.9276,40.595061],[-73.926533,40.594104],[-73.925472,40.593149],[-73.924404,40.592185],[-73.924055,40.591872],[-73.923638,40.591497],[-73.923321,40.591212],[-73.922308,40.590308],[-73.92096,40.589095],[-73.919725,40.587987],[-73.917991,40.586534],[-73.917663,40.585605],[-73.915694,40.586214],[-73.912788,40.585863],[-73.912703,40.58575],[-73.911856,40.586196],[-73.911481,40.585759],[-73.906078,40.587315],[-73.904217,40.586895],[-73.902085,40.587366],[-73.900812,40.588069],[-73.899424,40.58798],[-73.898305,40.586841],[-73.898245,40.585295],[-73.89695,40.583587],[-73.89637,40.582242],[-73.896885,40.579636],[-73.895507,40.577259],[-73.8957,40.576643],[-73.891148,40.577844],[-73.887735,40.578009],[-73.885069,40.573749],[-73.879222,40.574656],[-73.871418,40.578535],[-73.884456,40.60944],[-73.887051,40.61632],[-73.892306,40.620556],[-73.896207,40.622116],[-73.896922,40.622411],[-73.898261,40.622989],[-73.901147,40.625685],[-73.904128,40.626306],[-73.908252,40.628248],[-73.916332,40.632038],[-73.916922,40.631669],[-73.918604,40.632096],[-73.91835,40.629767],[-73.918242,40.62877],[-73.918162,40.628005],[-73.917995,40.626458],[-73.917694,40.624103],[-73.917709,40.623717],[-73.917515,40.621941],[-73.91747,40.621513],[-73.917413,40.620958],[-73.917265,40.619548],[-73.918266,40.619485],[-73.919201,40.619426],[-73.920134,40.61937],[-73.921102,40.619309],[-73.922072,40.619249],[-73.923008,40.619193],[-73.923975,40.619131],[-73.924944,40.619071],[-73.925875,40.619013],[-73.926879,40.61895],[-73.927883,40.618889],[-73.928819,40.61883],[-73.92979,40.61877],[-73.930759,40.61871],[-73.930602,40.616922],[-73.931731,40.617927],[-73.932463,40.618601],[-73.932706,40.618812],[-73.933537,40.619572],[-73.934181,40.620119],[-73.934989,40.620866],[-73.93538,40.621216],[-73.936128,40.621922],[-73.936637,40.622401],[-73.937226,40.622958],[-73.937984,40.623678],[-73.938578,40.624228],[-73.939557,40.625158],[-73.939968,40.625546],[-73.940112,40.625681],[-73.940998,40.626544],[-73.941199,40.626715],[-73.941815,40.627314],[-73.942162,40.627291],[-73.942274,40.627724],[-73.943331,40.628731],[-73.944155,40.629508],[-73.944808,40.630127],[-73.945511,40.630792],[-73.946537,40.630694],[-73.947458,40.63059],[-73.948598,40.630465],[-73.950448,40.63026]]]]}},{"type":"Feature","properties":{"id":11,"NAME":"11","TotalPop":776336,"PopDevPct":-0.00081742,"DemPct":0.36464801,"RepPct":0.61752261,"WhitePct":0.59849982,"MinorityPct":0.40150018,"BlackPct":0.09726158,"HispanicPct":0.1585426,"PacificPct":0.00160664,"AsianPct":0.14977588,"NativePct":0.01333022,"TotalVAP":616194,"Margin":-0.13535199,"color":"#960018","opacity":"0.5"},"geometry":{"type":"MultiPolygon","coordinates":[[[[-74.098035,40.498489],[-74.056729,40.505599],[-74.042279,40.508085],[-74.038131,40.538294],[-74.036293,40.551042],[-73.997087,40.557283],[-73.959281,40.563079],[-73.950703,40.564427],[-73.945004,40.565313],[-73.936525,40.566436],[-73.92807,40.567786],[-73.926236,40.568072],[-73.904908,40.571407],[-73.903871,40.571619],[-73.890518,40.572705],[-73.886292,40.573505],[-73.885069,40.573749],[-73.887735,40.578009],[-73.891148,40.577844],[-73.8957,40.576643],[-73.895507,40.577259],[-73.896885,40.579636],[-73.89637,40.582242],[-73.89695,40.583587],[-73.898245,40.585295],[-73.898305,40.586841],[-73.899424,40.58798],[-73.900812,40.588069],[-73.902085,40.587366],[-73.904217,40.586895],[-73.906078,40.587315],[-73.911481,40.585759],[-73.911856,40.586196],[-73.912703,40.58575],[-73.912788,40.585863],[-73.915694,40.586214],[-73.917663,40.585605],[-73.917991,40.586534],[-73.919725,40.587987],[-73.92096,40.589095],[-73.922308,40.590308],[-73.923321,40.591212],[-73.923638,40.591497],[-73.924055,40.591872],[-73.924404,40.592185],[-73.925472,40.593149],[-73.926533,40.594104],[-73.9276,40.595061],[-73.928669,40.596021],[-73.929569,40.59682],[-73.929738,40.596978],[-73.9302,40.596676],[-73.930574,40.596439],[-73.930944,40.596201],[-73.931293,40.595984],[-73.931684,40.595719],[-73.932054,40.59547],[-73.932431,40.595238],[-73.933056,40.594887],[-73.933011,40.594639],[-73.934006,40.594527],[-73.934949,40.594429],[-73.935899,40.594335],[-73.93778,40.594126],[-73.938717,40.594024],[-73.939641,40.593922],[-73.940611,40.593808],[-73.941631,40.593691],[-73.942558,40.593588],[-73.943484,40.593487],[-73.944408,40.593385],[-73.945374,40.59328],[-73.946337,40.593174],[-73.947264,40.593072],[-73.94819,40.592967],[-73.949116,40.592868],[-73.950152,40.592754],[-73.951349,40.592622],[-73.9523,40.592514],[-73.95326,40.592413],[-73.954223,40.592308],[-73.954637,40.592248],[-73.955148,40.592207],[-73.956077,40.592101],[-73.957003,40.592002],[-73.957676,40.591929],[-73.958998,40.591784],[-73.959677,40.591707],[-73.960136,40.591657],[-73.96068,40.591598],[-73.961208,40.591539],[-73.962441,40.591403],[-73.962838,40.59136],[-73.963303,40.591308],[-73.963774,40.591257],[-73.964061,40.591225],[-73.964826,40.591141],[-73.965129,40.591108],[-73.96542,40.591075],[-73.966519,40.590953],[-73.967445,40.590851],[-73.968371,40.59075],[-73.969299,40.590647],[-73.970224,40.59054],[-73.971151,40.590443],[-73.972077,40.590341],[-73.972976,40.590241],[-73.974217,40.590111],[-73.975135,40.590641],[-73.975838,40.591065],[-73.976513,40.591453],[-73.977222,40.591922],[-73.977695,40.592179],[-73.978217,40.592503],[-73.978764,40.592825],[-73.978285,40.59093],[-73.97848,40.589654],[-73.980938,40.589376],[-73.981881,40.589259],[-73.982811,40.589158],[-73.983803,40.589042],[-73.983723,40.588619],[-73.984505,40.58789],[-73.985219,40.588321],[-73.985962,40.588771],[-73.986706,40.589219],[-73.987421,40.589651],[-73.988163,40.590101],[-73.988905,40.590551],[-73.989621,40.590982],[-73.990364,40.591432],[-73.991107,40.591881],[-73.991822,40.592313],[-73.992565,40.592762],[-73.993317,40.593217],[-73.994021,40.593645],[-73.99484,40.594031],[-73.995308,40.594428],[-73.995499,40.594594],[-73.996116,40.595116],[-73.996747,40.595643],[-73.997386,40.596183],[-73.998022,40.596701],[-73.998672,40.597269],[-73.999376,40.597811],[-74.000053,40.598293],[-74.000091,40.598319],[-74.000738,40.598766],[-74.00145,40.599249],[-74.002122,40.599719],[-74.00283,40.600204],[-74.003602,40.600628],[-74.004354,40.601022],[-74.00514,40.601432],[-74.005924,40.60184],[-74.006781,40.602291],[-74.005587,40.603571],[-74.004446,40.604801],[-74.004934,40.605075],[-74.004425,40.605568],[-74.005167,40.606016],[-74.005882,40.606447],[-74.006625,40.606895],[-74.007447,40.607393],[-74.008252,40.607881],[-74.009078,40.608378],[-74.009397,40.60857],[-74.009822,40.608827],[-74.010538,40.609258],[-74.011278,40.609706],[-74.012022,40.610156],[-74.012737,40.610589],[-74.013482,40.611038],[-74.011712,40.612735],[-74.011086,40.613339],[-74.010504,40.613897],[-74.009924,40.614457],[-74.009341,40.615015],[-74.008761,40.615576],[-74.008177,40.616133],[-74.007599,40.616695],[-74.007016,40.617254],[-74.006434,40.617814],[-74.005854,40.618371],[-74.005227,40.618973],[-74.004599,40.619577],[-74.004019,40.620136],[-74.006219,40.621464],[-74.008422,40.622796],[-74.010624,40.624126],[-74.012827,40.625456],[-74.015001,40.626769],[-74.017223,40.628101],[-74.016934,40.628817],[-74.016643,40.629576],[-74.016343,40.630286],[-74.016048,40.631033],[-74.015748,40.631765],[-74.015424,40.632513],[-74.015139,40.633217],[-74.014754,40.633962],[-74.016692,40.635519],[-74.016752,40.63544],[-74.018897,40.636856],[-74.021087,40.638262],[-74.021586,40.639074],[-74.021854,40.639245],[-74.0226,40.63971],[-74.023545,40.639314],[-74.024574,40.639924],[-74.024664,40.639983],[-74.025729,40.640035],[-74.026257,40.640132],[-74.026606,40.640236],[-74.028923,40.641451],[-74.032644,40.6438],[-74.053229,40.655657],[-74.055749,40.651476],[-74.071661,40.651496],[-74.086986,40.651506],[-74.091127,40.649301],[-74.093442,40.648065],[-74.10024,40.648064],[-74.105038,40.648064],[-74.109848,40.648064],[-74.121643,40.643754],[-74.126018,40.642151],[-74.132921,40.643684],[-74.13654,40.643082],[-74.142237,40.642135],[-74.14311,40.64199],[-74.158107,40.643757],[-74.161536,40.644157],[-74.170623,40.64523],[-74.18165,40.646528],[-74.185641,40.646042],[-74.19143,40.642025],[-74.196203,40.637734],[-74.197393,40.635956],[-74.197447,40.635874],[-74.198164,40.634787],[-74.2024,40.631592],[-74.202281,40.628781],[-74.203925,40.62437],[-74.202425,40.61677],[-74.203889,40.614276],[-74.204833,40.606062],[-74.199589,40.600382],[-74.199589,40.597846],[-74.207242,40.587915],[-74.209095,40.578853],[-74.210144,40.573724],[-74.214575,40.560533],[-74.216495,40.558588],[-74.218003,40.557058],[-74.231415,40.559182],[-74.247484,40.549377],[-74.250284,40.5423],[-74.246782,40.524771],[-74.24602,40.520958],[-74.254095,40.515661],[-74.258129,40.508717],[-74.258186,40.507919],[-74.258596,40.502281],[-74.258754,40.500103],[-74.258843,40.498875],[-74.256134,40.493183],[-74.253036,40.48666],[-74.237956,40.481172],[-74.225331,40.476578],[-74.158821,40.488023],[-74.098035,40.498489]]]]}},{"type":"Feature","properties":{"id":12,"NAME":"12","TotalPop":777809,"PopDevPct":0.0010784,"DemPct":0.80971018,"RepPct":0.17008789,"WhitePct":0.64962312,"MinorityPct":0.35037688,"BlackPct":0.07090231,"HispanicPct":0.11487596,"PacificPct":0.002794,"AsianPct":0.15987706,"NativePct":0.00903915,"TotalVAP":683250,"Margin":0.30971018,"color":"#00008b","opacity":"0.5"},"geometry":{"type":"MultiPolygon","coordinates":[[[[-74.000447,40.776152],[-74.002953,40.772719],[-74.004653,40.770391],[-74.006583,40.767748],[-74.008603,40.764981],[-74.009884,40.763226],[-74.010046,40.763006],[-74.010235,40.762747],[-74.012952,40.759026],[-74.014249,40.756656],[-74.015013,40.753506],[-74.017283,40.74418],[-74.009331,40.742572],[-74.008893,40.742384],[-74.008699,40.742362],[-74.008204,40.742148],[-74.00697,40.741628],[-74.005366,40.740945],[-74.005158,40.740858],[-74.005063,40.740818],[-74.002744,40.739845],[-74.002523,40.739753],[-73.999684,40.738552],[-73.999185,40.739243],[-73.998713,40.739881],[-73.998287,40.74047],[-73.995446,40.739272],[-73.992225,40.737917],[-73.990331,40.737132],[-73.989016,40.73656],[-73.987387,40.735879],[-73.986961,40.736465],[-73.986535,40.73705],[-73.984934,40.736376],[-73.982695,40.735431],[-73.982267,40.73602],[-73.981841,40.736602],[-73.981392,40.737222],[-73.980905,40.737886],[-73.978498,40.736791],[-73.978052,40.737554],[-73.977603,40.738172],[-73.977148,40.738796],[-73.9767,40.73941],[-73.976251,40.740026],[-73.976146,40.74017],[-73.9758,40.740644],[-73.975343,40.741274],[-73.974924,40.741847],[-73.974015,40.743095],[-73.973512,40.743782],[-73.973027,40.74445],[-73.972576,40.745068],[-73.97213,40.745681],[-73.971944,40.745932],[-73.971657,40.746304],[-73.971228,40.746919],[-73.97078,40.747543],[-73.970366,40.748095],[-73.97019,40.748108],[-73.969691,40.748733],[-73.969666,40.748789],[-73.968126,40.74807],[-73.967977,40.748005],[-73.967697,40.747866],[-73.960211,40.744511],[-73.959725,40.745261],[-73.958327,40.747081],[-73.958216,40.747212],[-73.957732,40.747775],[-73.956842,40.748828],[-73.954317,40.751258],[-73.95084,40.755219],[-73.950766,40.755313],[-73.947832,40.758989],[-73.944715,40.762879],[-73.943503,40.764499],[-73.940463,40.76753],[-73.939836,40.767988],[-73.938204,40.768728],[-73.936404,40.769475],[-73.935323,40.770485],[-73.934956,40.77173],[-73.937466,40.772504],[-73.937466,40.772531],[-73.937655,40.775086],[-73.935855,40.777212],[-73.934412,40.778093],[-73.937288,40.780963],[-73.937608,40.781754],[-73.943604,40.78265],[-73.94376,40.782829],[-73.943833,40.782859],[-73.943955,40.782916],[-73.944054,40.782964],[-73.944723,40.783247],[-73.947069,40.784236],[-73.946588,40.784941],[-73.948827,40.785881],[-73.948378,40.786497],[-73.948857,40.786699],[-73.949981,40.787173],[-73.951609,40.787858],[-73.952797,40.788359],[-73.95321,40.788533],[-73.954817,40.789205],[-73.955275,40.788584],[-73.95675,40.789204],[-73.957394,40.789475],[-73.96027,40.790442],[-73.96256,40.791635],[-73.964176,40.792362],[-73.963804,40.792881],[-73.962834,40.794203],[-73.964303,40.794787],[-73.965628,40.795456],[-73.968476,40.796643],[-73.968038,40.79725],[-73.967575,40.79787],[-73.96712,40.798503],[-73.966662,40.799133],[-73.966206,40.799761],[-73.965711,40.800437],[-73.965215,40.801111],[-73.96476,40.801741],[-73.964301,40.802373],[-73.963861,40.802972],[-73.961077,40.8018],[-73.959647,40.801156],[-73.959147,40.801844],[-73.958688,40.80247],[-73.958249,40.803107],[-73.958204,40.803894],[-73.958254,40.804714],[-73.958182,40.805597],[-73.957722,40.806291],[-73.957266,40.806916],[-73.956806,40.807546],[-73.956344,40.808174],[-73.955884,40.808802],[-73.95543,40.809429],[-73.954966,40.810064],[-73.954513,40.810687],[-73.954288,40.810992],[-73.954835,40.811725],[-73.956269,40.813375],[-73.956984,40.814193],[-73.957546,40.814834],[-73.957829,40.815156],[-73.958292,40.815687],[-73.959493,40.817007],[-73.960687,40.817511],[-73.96102,40.817649],[-73.961575,40.81791],[-73.961688,40.817967],[-73.961819,40.818023],[-73.962067,40.818099],[-73.96298,40.818512],[-73.967865,40.820771],[-73.971152,40.816269],[-73.975085,40.810882],[-73.977172,40.808025],[-73.978864,40.805707],[-73.980634,40.803283],[-73.982516,40.800706],[-73.984362,40.798179],[-73.986256,40.795585],[-73.98815,40.792991],[-73.990009,40.790445],[-73.991372,40.788579],[-73.994845,40.783823],[-73.995769,40.782558],[-73.997807,40.779767],[-74.000447,40.776152]]],[[[-74.047207,40.690893],[-74.046248,40.689319],[-74.044792,40.68859],[-74.043619,40.68876],[-74.043885,40.690185],[-74.04597,40.691103],[-74.047207,40.690893]]],[[[-74.040747,40.700167],[-74.040234,40.698833],[-74.038368,40.698687],[-74.038936,40.699655],[-74.040747,40.700167]]]]}},{"type":"Feature","properties":{"id":13,"NAME":"13","TotalPop":777484,"PopDevPct":0.00066011,"DemPct":0.77763896,"RepPct":0.20548205,"WhitePct":0.1916291,"MinorityPct":0.8083709,"BlackPct":0.32756041,"HispanicPct":0.49172774,"PacificPct":0.00336939,"AsianPct":0.06335333,"NativePct":0.02879654,"TotalVAP":631569,"Margin":0.27763896,"color":"#00008b","opacity":"0.5"},"geometry":{"type":"MultiPolygon","coordinates":[[[[-73.90108,40.862756],[-73.900284,40.862472],[-73.899962,40.862351],[-73.899618,40.862159],[-73.898387,40.862344],[-73.897306,40.862499],[-73.897068,40.862534],[-73.896904,40.862495],[-73.895884,40.862258],[-73.894591,40.863964],[-73.894323,40.86429],[-73.893986,40.865001],[-73.893716,40.865293],[-73.893459,40.865344],[-73.893299,40.865294],[-73.89276,40.865021],[-73.892132,40.864633],[-73.891312,40.864132],[-73.890054,40.865302],[-73.889217,40.865809],[-73.888359,40.866327],[-73.886907,40.867228],[-73.886244,40.867678],[-73.885738,40.867088],[-73.88514,40.866383],[-73.884429,40.866801],[-73.883625,40.867258],[-73.883079,40.866593],[-73.87986,40.868274],[-73.876292,40.870526],[-73.874367,40.872701],[-73.871605,40.876922],[-73.870944,40.878511],[-73.870148,40.878314],[-73.869984,40.878269],[-73.869435,40.878129],[-73.869224,40.878524],[-73.868846,40.878586],[-73.868119,40.880062],[-73.867053,40.882255],[-73.865982,40.884391],[-73.86622,40.885442],[-73.86538,40.886884],[-73.8646,40.8883],[-73.863863,40.88975],[-73.863044,40.891116],[-73.862652,40.891822],[-73.86136,40.894663],[-73.860711,40.895371],[-73.859873,40.896751],[-73.86053,40.897348],[-73.859478,40.898882],[-73.858626,40.900136],[-73.859258,40.900338],[-73.859393,40.900381],[-73.860775,40.900787],[-73.860956,40.900846],[-73.86159,40.901051],[-73.862643,40.901474],[-73.86286,40.901525],[-73.865268,40.901962],[-73.865635,40.902086],[-73.866952,40.902475],[-73.867876,40.902983],[-73.87094,40.903887],[-73.872913,40.904467],[-73.874087,40.904807],[-73.874797,40.90501],[-73.875559,40.905232],[-73.876455,40.905497],[-73.877855,40.905922],[-73.878012,40.905965],[-73.878189,40.905983],[-73.87835,40.905983],[-73.879239,40.906365],[-73.880111,40.906591],[-73.880929,40.90683],[-73.881825,40.907134],[-73.882993,40.907423],[-73.884106,40.907501],[-73.886124,40.908016],[-73.886237,40.908052],[-73.887984,40.908593],[-73.891928,40.909809],[-73.896634,40.911324],[-73.89812,40.911798],[-73.899505,40.911978],[-73.900697,40.912381],[-73.902454,40.912979],[-73.905947,40.913948],[-73.908328,40.914616],[-73.908814,40.914747],[-73.909496,40.914931],[-73.910279,40.915187],[-73.910516,40.915282],[-73.918317,40.917705],[-73.919431,40.914892],[-73.923842,40.903675],[-73.929428,40.889692],[-73.929821,40.888682],[-73.933788,40.882207],[-73.938354,40.874749],[-73.94584,40.86252],[-73.952486,40.851666],[-73.952565,40.851537],[-73.955727,40.84451],[-73.957831,40.839721],[-73.958824,40.837462],[-73.960136,40.834474],[-73.96168,40.830961],[-73.962585,40.828901],[-73.963787,40.826355],[-73.965138,40.824504],[-73.965981,40.82335],[-73.967865,40.820771],[-73.96298,40.818512],[-73.962067,40.818099],[-73.961819,40.818023],[-73.961688,40.817967],[-73.961575,40.81791],[-73.96102,40.817649],[-73.960687,40.817511],[-73.959493,40.817007],[-73.958292,40.815687],[-73.957829,40.815156],[-73.957546,40.814834],[-73.956984,40.814193],[-73.956269,40.813375],[-73.954835,40.811725],[-73.954288,40.810992],[-73.954513,40.810687],[-73.954966,40.810064],[-73.95543,40.809429],[-73.955884,40.808802],[-73.956344,40.808174],[-73.956806,40.807546],[-73.957266,40.806916],[-73.957722,40.806291],[-73.958182,40.805597],[-73.958254,40.804714],[-73.958204,40.803894],[-73.958249,40.803107],[-73.958688,40.80247],[-73.959147,40.801844],[-73.959647,40.801156],[-73.961077,40.8018],[-73.963861,40.802972],[-73.964301,40.802373],[-73.96476,40.801741],[-73.965215,40.801111],[-73.965711,40.800437],[-73.966206,40.799761],[-73.966662,40.799133],[-73.96712,40.798503],[-73.967575,40.79787],[-73.968038,40.79725],[-73.968476,40.796643],[-73.965628,40.795456],[-73.964303,40.794787],[-73.962834,40.794203],[-73.963804,40.792881],[-73.964176,40.792362],[-73.96256,40.791635],[-73.96027,40.790442],[-73.957394,40.789475],[-73.95675,40.789204],[-73.955275,40.788584],[-73.954817,40.789205],[-73.95321,40.788533],[-73.952797,40.788359],[-73.951609,40.787858],[-73.949981,40.787173],[-73.948857,40.786699],[-73.948378,40.786497],[-73.948827,40.785881],[-73.946588,40.784941],[-73.947069,40.784236],[-73.944723,40.783247],[-73.944054,40.782964],[-73.943955,40.782916],[-73.943833,40.782859],[-73.94376,40.782829],[-73.943604,40.78265],[-73.937608,40.781754],[-73.937288,40.780963],[-73.934412,40.778093],[-73.933908,40.778117],[-73.931847,40.777892],[-73.929881,40.776222],[-73.928277,40.776899],[-73.925908,40.778361],[-73.925745,40.778405],[-73.924234,40.779101],[-73.922957,40.780441],[-73.920999,40.781749],[-73.919965,40.782635],[-73.91909,40.783368],[-73.918474,40.783754],[-73.918189,40.783933],[-73.917738,40.784076],[-73.917245,40.784142],[-73.917171,40.784193],[-73.916833,40.785191],[-73.915344,40.786116],[-73.915587,40.78643],[-73.9126,40.789376],[-73.91125,40.789744],[-73.910296,40.790657],[-73.910673,40.793116],[-73.912456,40.796096],[-73.913624,40.796786],[-73.916252,40.797838],[-73.918901,40.798903],[-73.919053,40.798988],[-73.920357,40.799672],[-73.921742,40.801689],[-73.923022,40.802425],[-73.925081,40.802521],[-73.927525,40.802764],[-73.928225,40.80385],[-73.931801,40.807876],[-73.93257,40.809256],[-73.932605,40.811517],[-73.93241,40.81406],[-73.932401,40.814151],[-73.932327,40.819503],[-73.932749,40.825492],[-73.933059,40.828156],[-73.933459,40.833184],[-73.933144,40.834815],[-73.933006,40.835679],[-73.930406,40.840279],[-73.929695,40.842195],[-73.929609,40.84228],[-73.928245,40.845349],[-73.928159,40.845492],[-73.927397,40.846436],[-73.927296,40.846557],[-73.923904,40.850488],[-73.923305,40.850341],[-73.92281,40.850221],[-73.920966,40.85226],[-73.91982,40.853486],[-73.919702,40.853408],[-73.919595,40.853339],[-73.918615,40.852844],[-73.918167,40.852983],[-73.916935,40.854609],[-73.91619,40.854582],[-73.915711,40.85586],[-73.915448,40.856498],[-73.91394,40.856321],[-73.91213,40.856014],[-73.910413,40.855729],[-73.90981,40.857348],[-73.908967,40.85699],[-73.90844,40.857604],[-73.9079,40.858195],[-73.907359,40.85879],[-73.906798,40.859374],[-73.906252,40.859963],[-73.905708,40.860567],[-73.904366,40.861218],[-73.903514,40.860918],[-73.902293,40.862717],[-73.90108,40.862756]]]]}},{"type":"Feature","properties":{"id":14,"NAME":"14","TotalPop":777650,"PopDevPct":0.00087376,"DemPct":0.64235254,"RepPct":0.33964554,"WhitePct":0.19734745,"MinorityPct":0.80265255,"BlackPct":0.18859407,"HispanicPct":0.52611354,"PacificPct":0.00296966,"AsianPct":0.12488473,"NativePct":0.03297423,"TotalVAP":610507,"Margin":0.14235254,"color":"#00008b","opacity":"0.5"},"geometry":{"type":"MultiPolygon","coordinates":[[[[-73.848546,40.843007],[-73.849392,40.842919],[-73.849992,40.842852],[-73.850523,40.84279],[-73.851208,40.842715],[-73.851799,40.842648],[-73.852312,40.842587],[-73.853335,40.84247],[-73.853268,40.842075],[-73.853095,40.841047],[-73.853035,40.840735],[-73.854151,40.840617],[-73.853877,40.839741],[-73.853488,40.837676],[-73.853222,40.836256],[-73.854192,40.836151],[-73.855125,40.836049],[-73.855858,40.835897],[-73.855646,40.83572],[-73.857531,40.835175],[-73.85813,40.835002],[-73.857906,40.834315],[-73.860906,40.83399],[-73.860851,40.833614],[-73.861298,40.833541],[-73.861442,40.833451],[-73.86288,40.833889],[-73.866373,40.835033],[-73.869993,40.835914],[-73.870177,40.83595],[-73.870459,40.835988],[-73.870761,40.836038],[-73.871227,40.83611],[-73.871542,40.836146],[-73.872089,40.836208],[-73.873365,40.836291],[-73.873716,40.836318],[-73.873689,40.83639],[-73.873824,40.836399],[-73.873843,40.836327],[-73.876399,40.836455],[-73.877615,40.836569],[-73.880599,40.837419],[-73.880706,40.837471],[-73.88079,40.837512],[-73.88172,40.837954],[-73.882741,40.838644],[-73.883468,40.839057],[-73.884197,40.839348],[-73.884499,40.839229],[-73.884649,40.839175],[-73.885345,40.838793],[-73.886056,40.838393],[-73.8877,40.837434],[-73.887289,40.838135],[-73.888412,40.838553],[-73.890601,40.836898],[-73.891481,40.836687],[-73.893377,40.83654],[-73.895139,40.835429],[-73.896966,40.834343],[-73.897015,40.834391],[-73.898093,40.834629],[-73.898453,40.834721],[-73.899634,40.835016],[-73.900183,40.834192],[-73.901856,40.834622],[-73.903521,40.83501],[-73.905029,40.83274],[-73.90584,40.831059],[-73.906571,40.829452],[-73.907031,40.82828],[-73.907228,40.827783],[-73.907647,40.826695],[-73.907739,40.826492],[-73.907844,40.82622],[-73.907931,40.825996],[-73.908212,40.825314],[-73.908461,40.824624],[-73.908709,40.824067],[-73.908779,40.823946],[-73.909111,40.823376],[-73.909241,40.823141],[-73.909403,40.822869],[-73.909851,40.822553],[-73.909497,40.822438],[-73.909909,40.821241],[-73.908926,40.820963],[-73.909181,40.82035],[-73.909739,40.818995],[-73.911025,40.815977],[-73.911812,40.813883],[-73.910948,40.813621],[-73.910019,40.813432],[-73.909075,40.813233],[-73.908159,40.813044],[-73.907245,40.812855],[-73.90633,40.812667],[-73.905413,40.812476],[-73.904466,40.812282],[-73.90418,40.812125],[-73.903417,40.811507],[-73.903243,40.810713],[-73.903074,40.80988],[-73.903057,40.809783],[-73.90303,40.809631],[-73.902988,40.809364],[-73.902952,40.809146],[-73.902184,40.804877],[-73.904584,40.803111],[-73.906181,40.801496],[-73.90853,40.799092],[-73.909885,40.797995],[-73.91141,40.796686],[-73.913624,40.796786],[-73.912456,40.796096],[-73.910673,40.793116],[-73.910296,40.790657],[-73.91125,40.789744],[-73.9126,40.789376],[-73.915587,40.78643],[-73.915344,40.786116],[-73.916833,40.785191],[-73.917171,40.784193],[-73.917245,40.784142],[-73.917738,40.784076],[-73.918189,40.783933],[-73.918474,40.783754],[-73.91909,40.783368],[-73.919965,40.782635],[-73.920999,40.781749],[-73.922957,40.780441],[-73.924234,40.779101],[-73.925745,40.778405],[-73.925908,40.778361],[-73.928277,40.776899],[-73.929881,40.776222],[-73.931847,40.777892],[-73.933908,40.778117],[-73.934412,40.778093],[-73.935855,40.777212],[-73.937655,40.775086],[-73.937466,40.772531],[-73.934807,40.771734],[-73.934527,40.771177],[-73.934246,40.771029],[-73.934474,40.770412],[-73.935227,40.769526],[-73.935821,40.768631],[-73.936184,40.767692],[-73.935949,40.767578],[-73.934935,40.767013],[-73.933627,40.766292],[-73.931692,40.765224],[-73.930365,40.764491],[-73.930867,40.763874],[-73.93135,40.763275],[-73.931226,40.763216],[-73.929454,40.762366],[-73.930548,40.761223],[-73.929651,40.760798],[-73.9309,40.759253],[-73.932152,40.75771],[-73.931351,40.757334],[-73.930553,40.756959],[-73.929751,40.756581],[-73.928956,40.756213],[-73.928154,40.755836],[-73.927352,40.75546],[-73.926554,40.755086],[-73.925754,40.754711],[-73.924954,40.754337],[-73.924157,40.753961],[-73.923372,40.753594],[-73.922573,40.753219],[-73.92204,40.752938],[-73.921619,40.753028],[-73.920479,40.753285],[-73.920277,40.753338],[-73.918923,40.753636],[-73.917632,40.753858],[-73.916505,40.753892],[-73.915473,40.753792],[-73.915265,40.754068],[-73.913411,40.756348],[-73.912611,40.755971],[-73.912397,40.756236],[-73.910684,40.758319],[-73.909885,40.757946],[-73.909066,40.757565],[-73.908269,40.757194],[-73.907828,40.756999],[-73.907366,40.756988],[-73.906468,40.757082],[-73.905575,40.757178],[-73.905487,40.757187],[-73.904847,40.757255],[-73.904665,40.757274],[-73.903678,40.757377],[-73.902786,40.757472],[-73.901899,40.757564],[-73.901348,40.757622],[-73.901019,40.757657],[-73.900519,40.757708],[-73.899967,40.757768],[-73.899703,40.757783],[-73.899212,40.757848],[-73.898192,40.757955],[-73.897191,40.75806],[-73.896262,40.758159],[-73.895336,40.758255],[-73.894402,40.758353],[-73.893473,40.758451],[-73.892528,40.75855],[-73.891609,40.758646],[-73.890691,40.758744],[-73.88975,40.758841],[-73.888823,40.758937],[-73.888544,40.757388],[-73.888157,40.755266],[-73.887228,40.755363],[-73.886298,40.75546],[-73.885965,40.753634],[-73.885037,40.753731],[-73.884684,40.751788],[-73.884311,40.749745],[-73.88338,40.749845],[-73.882451,40.74994],[-73.88152,40.750039],[-73.881137,40.747927],[-73.881304,40.747909],[-73.879363,40.747034],[-73.877536,40.746222],[-73.877904,40.74559],[-73.876282,40.744869],[-73.874226,40.743955],[-73.874685,40.743349],[-73.874658,40.743268],[-73.874505,40.743311],[-73.873997,40.742892],[-73.873485,40.742501],[-73.873045,40.741685],[-73.872161,40.741881],[-73.871294,40.742068],[-73.871095,40.741549],[-73.869746,40.741846],[-73.869506,40.741243],[-73.867557,40.741678],[-73.867563,40.740942],[-73.867318,40.740261],[-73.867147,40.739837],[-73.866647,40.73995],[-73.866209,40.740051],[-73.865312,40.740258],[-73.864411,40.740472],[-73.863524,40.740688],[-73.861855,40.741589],[-73.860734,40.739636],[-73.860249,40.739921],[-73.859491,40.740358],[-73.857952,40.739159],[-73.858439,40.738855],[-73.855581,40.73793],[-73.854072,40.73744],[-73.854215,40.737233],[-73.853734,40.737326],[-73.852758,40.737527],[-73.852048,40.737682],[-73.851914,40.737426],[-73.851832,40.73727],[-73.851688,40.736997],[-73.848607,40.738105],[-73.847214,40.738644],[-73.847325,40.738771],[-73.845546,40.739659],[-73.845354,40.739749],[-73.845399,40.739931],[-73.841862,40.741638],[-73.837861,40.743215],[-73.837847,40.743334],[-73.837295,40.744684],[-73.835616,40.746622],[-73.835649,40.746358],[-73.835035,40.747062],[-73.834619,40.748661],[-73.835108,40.750368],[-73.837674,40.754114],[-73.837917,40.754541],[-73.838406,40.756101],[-73.838619,40.757045],[-73.836821,40.761249],[-73.836927,40.762599],[-73.836917,40.762767],[-73.835593,40.762853],[-73.835635,40.762969],[-73.836024,40.76359],[-73.837036,40.765087],[-73.83742,40.765655],[-73.838029,40.766337],[-73.838347,40.766491],[-73.836667,40.76876],[-73.835018,40.770199],[-73.833347,40.771245],[-73.833428,40.771434],[-73.831713,40.772474],[-73.830157,40.773825],[-73.829279,40.774882],[-73.828528,40.776007],[-73.827101,40.77842],[-73.826235,40.779921],[-73.825916,40.780518],[-73.825285,40.781697],[-73.82417,40.786746],[-73.823511,40.789389],[-73.823404,40.790619],[-73.823534,40.791711],[-73.823732,40.792787],[-73.824039,40.793046],[-73.825725,40.795609],[-73.82559,40.79564],[-73.825229,40.795726],[-73.82297,40.796213],[-73.823541,40.797131],[-73.824088,40.798048],[-73.827583,40.803936],[-73.823438,40.80481],[-73.817418,40.80579],[-73.811299,40.805397],[-73.799745,40.802199],[-73.793559,40.80038],[-73.793371,40.800387],[-73.787918,40.800362],[-73.784745,40.802592],[-73.782676,40.805386],[-73.779556,40.811247],[-73.778958,40.811713],[-73.780193,40.8264],[-73.774977,40.830879],[-73.77452,40.831273],[-73.766501,40.838182],[-73.76164,40.842372],[-73.757967,40.845536],[-73.757801,40.845679],[-73.753787,40.856409],[-73.74806,40.871721],[-73.760988,40.875178],[-73.781202,40.880478],[-73.783519,40.881033],[-73.783702,40.881078],[-73.793016,40.883361],[-73.793702,40.882897],[-73.794493,40.883068],[-73.795773,40.880925],[-73.795801,40.879031],[-73.797222,40.877298],[-73.802201,40.875604],[-73.805561,40.874103],[-73.808113,40.873364],[-73.809167,40.872682],[-73.811313,40.869636],[-73.813249,40.866057],[-73.81434,40.864065],[-73.815104,40.863057],[-73.815464,40.86254],[-73.816414,40.86118],[-73.817612,40.859615],[-73.819957,40.858195],[-73.822725,40.857223],[-73.82632,40.856693],[-73.826549,40.856666],[-73.830382,40.85617],[-73.831601,40.856078],[-73.832154,40.856032],[-73.832615,40.856096],[-73.832821,40.856124],[-73.834567,40.854616],[-73.835877,40.852514],[-73.836239,40.851102],[-73.83676,40.846171],[-73.837256,40.844572],[-73.838937,40.843214],[-73.839287,40.8436],[-73.84146,40.845979],[-73.84462,40.846361],[-73.84491,40.845427],[-73.845541,40.844981],[-73.846235,40.84449],[-73.84749,40.843562],[-73.848069,40.843072],[-73.848546,40.843007]]]]}},{"type":"Feature","properties":{"id":15,"NAME":"15","TotalPop":777252,"PopDevPct":0.00036151,"DemPct":0.73953944,"RepPct":0.25006196,"WhitePct":0.06440873,"MinorityPct":0.93559127,"BlackPct":0.43879801,"HispanicPct":0.53743127,"PacificPct":0.00385149,"AsianPct":0.04554084,"NativePct":0.02900358,"TotalVAP":587824,"Margin":0.23953944,"color":"#00008b","opacity":"0.5"},"geometry":{"type":"MultiPolygon","coordinates":[[[[-73.906252,40.859963],[-73.906798,40.859374],[-73.907359,40.85879],[-73.9079,40.858195],[-73.90844,40.857604],[-73.908967,40.85699],[-73.90981,40.857348],[-73.910413,40.855729],[-73.91213,40.856014],[-73.91394,40.856321],[-73.915448,40.856498],[-73.915711,40.85586],[-73.91619,40.854582],[-73.916935,40.854609],[-73.918167,40.852983],[-73.918615,40.852844],[-73.919595,40.853339],[-73.919702,40.853408],[-73.91982,40.853486],[-73.920966,40.85226],[-73.92281,40.850221],[-73.923305,40.850341],[-73.923904,40.850488],[-73.927296,40.846557],[-73.927397,40.846436],[-73.928159,40.845492],[-73.928245,40.845349],[-73.929609,40.84228],[-73.929695,40.842195],[-73.930406,40.840279],[-73.933006,40.835679],[-73.933144,40.834815],[-73.933459,40.833184],[-73.933059,40.828156],[-73.932749,40.825492],[-73.932327,40.819503],[-73.932401,40.814151],[-73.93241,40.81406],[-73.932605,40.811517],[-73.93257,40.809256],[-73.931801,40.807876],[-73.928225,40.80385],[-73.927525,40.802764],[-73.925081,40.802521],[-73.923022,40.802425],[-73.921742,40.801689],[-73.920357,40.799672],[-73.919053,40.798988],[-73.918901,40.798903],[-73.916252,40.797838],[-73.913624,40.796786],[-73.91141,40.796686],[-73.909885,40.797995],[-73.90853,40.799092],[-73.906181,40.801496],[-73.904584,40.803111],[-73.902184,40.804877],[-73.902952,40.809146],[-73.902988,40.809364],[-73.90303,40.809631],[-73.903057,40.809783],[-73.903074,40.80988],[-73.903243,40.810713],[-73.903417,40.811507],[-73.90418,40.812125],[-73.904466,40.812282],[-73.905413,40.812476],[-73.90633,40.812667],[-73.907245,40.812855],[-73.908159,40.813044],[-73.909075,40.813233],[-73.910019,40.813432],[-73.910948,40.813621],[-73.911812,40.813883],[-73.911025,40.815977],[-73.909739,40.818995],[-73.909181,40.82035],[-73.908926,40.820963],[-73.909909,40.821241],[-73.909497,40.822438],[-73.909851,40.822553],[-73.909403,40.822869],[-73.909241,40.823141],[-73.909111,40.823376],[-73.908779,40.823946],[-73.908709,40.824067],[-73.908461,40.824624],[-73.908212,40.825314],[-73.907931,40.825996],[-73.907844,40.82622],[-73.907739,40.826492],[-73.907647,40.826695],[-73.907228,40.827783],[-73.907031,40.82828],[-73.906571,40.829452],[-73.90584,40.831059],[-73.905029,40.83274],[-73.903521,40.83501],[-73.901856,40.834622],[-73.900183,40.834192],[-73.899634,40.835016],[-73.898453,40.834721],[-73.898093,40.834629],[-73.897015,40.834391],[-73.896966,40.834343],[-73.895139,40.835429],[-73.893377,40.83654],[-73.891481,40.836687],[-73.890601,40.836898],[-73.888412,40.838553],[-73.887289,40.838135],[-73.8877,40.837434],[-73.886056,40.838393],[-73.885345,40.838793],[-73.884649,40.839175],[-73.884499,40.839229],[-73.884197,40.839348],[-73.883468,40.839057],[-73.882741,40.838644],[-73.88172,40.837954],[-73.88079,40.837512],[-73.880706,40.837471],[-73.880599,40.837419],[-73.877615,40.836569],[-73.876399,40.836455],[-73.873843,40.836327],[-73.873824,40.836399],[-73.873689,40.83639],[-73.873716,40.836318],[-73.873365,40.836291],[-73.872089,40.836208],[-73.871542,40.836146],[-73.871227,40.83611],[-73.870761,40.836038],[-73.870459,40.835988],[-73.870177,40.83595],[-73.869993,40.835914],[-73.866373,40.835033],[-73.86288,40.833889],[-73.861442,40.833451],[-73.861298,40.833541],[-73.860851,40.833614],[-73.860906,40.83399],[-73.857906,40.834315],[-73.85813,40.835002],[-73.857531,40.835175],[-73.855646,40.83572],[-73.855858,40.835897],[-73.855125,40.836049],[-73.854192,40.836151],[-73.853222,40.836256],[-73.853488,40.837676],[-73.853877,40.839741],[-73.854151,40.840617],[-73.853035,40.840735],[-73.853095,40.841047],[-73.853268,40.842075],[-73.853335,40.84247],[-73.852312,40.842587],[-73.851799,40.842648],[-73.851208,40.842715],[-73.850523,40.84279],[-73.849992,40.842852],[-73.849392,40.842919],[-73.848546,40.843007],[-73.848069,40.843072],[-73.84749,40.843562],[-73.846235,40.84449],[-73.845541,40.844981],[-73.84491,40.845427],[-73.84462,40.846361],[-73.84146,40.845979],[-73.839287,40.8436],[-73.838937,40.843214],[-73.837256,40.844572],[-73.83676,40.846171],[-73.836239,40.851102],[-73.835877,40.852514],[-73.834567,40.854616],[-73.832821,40.856124],[-73.832615,40.856096],[-73.832154,40.856032],[-73.831601,40.856078],[-73.830382,40.85617],[-73.826549,40.856666],[-73.82632,40.856693],[-73.822725,40.857223],[-73.819957,40.858195],[-73.817612,40.859615],[-73.816414,40.86118],[-73.815464,40.86254],[-73.815104,40.863057],[-73.81434,40.864065],[-73.813249,40.866057],[-73.811313,40.869636],[-73.809167,40.872682],[-73.808113,40.873364],[-73.805561,40.874103],[-73.802201,40.875604],[-73.797222,40.877298],[-73.795801,40.879031],[-73.795773,40.880925],[-73.794493,40.883068],[-73.793702,40.882897],[-73.793016,40.883361],[-73.794107,40.883631],[-73.794961,40.883853],[-73.796246,40.884186],[-73.797353,40.884468],[-73.799279,40.884965],[-73.801932,40.885648],[-73.803017,40.885926],[-73.804402,40.886281],[-73.804997,40.886433],[-73.805368,40.886528],[-73.806398,40.886795],[-73.807575,40.887098],[-73.808757,40.887402],[-73.809942,40.88769],[-73.811281,40.888054],[-73.813666,40.888661],[-73.815165,40.888999],[-73.815329,40.889066],[-73.816619,40.889419],[-73.817614,40.889679],[-73.819558,40.890163],[-73.819719,40.890206],[-73.823583,40.887971],[-73.824015,40.887814],[-73.824568,40.887483],[-73.827955,40.886084],[-73.827896,40.885952],[-73.829533,40.885303],[-73.830337,40.884969],[-73.830654,40.884853],[-73.831302,40.884711],[-73.832337,40.88455],[-73.833618,40.884186],[-73.834047,40.88399],[-73.834346,40.88385],[-73.834544,40.883708],[-73.836218,40.882393],[-73.836641,40.88212],[-73.836987,40.881939],[-73.837827,40.881608],[-73.838743,40.881266],[-73.839652,40.880926],[-73.840462,40.880623],[-73.841277,40.880317],[-73.842015,40.879872],[-73.843798,40.881021],[-73.845233,40.881636],[-73.845143,40.881761],[-73.846359,40.882206],[-73.846576,40.882211],[-73.849585,40.883345],[-73.849735,40.883555],[-73.852371,40.884398],[-73.855104,40.885271],[-73.857986,40.886191],[-73.857593,40.886892],[-73.857193,40.887595],[-73.860081,40.888511],[-73.861086,40.888832],[-73.862948,40.889428],[-73.863863,40.88975],[-73.8646,40.8883],[-73.86538,40.886884],[-73.86622,40.885442],[-73.865982,40.884391],[-73.867053,40.882255],[-73.868119,40.880062],[-73.868846,40.878586],[-73.869224,40.878524],[-73.869435,40.878129],[-73.869984,40.878269],[-73.870148,40.878314],[-73.870944,40.878511],[-73.871605,40.876922],[-73.874367,40.872701],[-73.876292,40.870526],[-73.87986,40.868274],[-73.883079,40.866593],[-73.883625,40.867258],[-73.884429,40.866801],[-73.88514,40.866383],[-73.885738,40.867088],[-73.886244,40.867678],[-73.886907,40.867228],[-73.888359,40.866327],[-73.889217,40.865809],[-73.890054,40.865302],[-73.891312,40.864132],[-73.892132,40.864633],[-73.89276,40.865021],[-73.893299,40.865294],[-73.893459,40.865344],[-73.893716,40.865293],[-73.893986,40.865001],[-73.894323,40.86429],[-73.894591,40.863964],[-73.895884,40.862258],[-73.896904,40.862495],[-73.897068,40.862534],[-73.897306,40.862499],[-73.898387,40.862344],[-73.899618,40.862159],[-73.899962,40.862351],[-73.900284,40.862472],[-73.90108,40.862756],[-73.902293,40.862717],[-73.903514,40.860918],[-73.904366,40.861218],[-73.905708,40.860567],[-73.906252,40.859963]]]]}},{"type":"Feature","properties":{"id":16,"NAME":"16","TotalPop":776968,"PopDevPct":-0.00000401,"DemPct":0.6565421,"RepPct":0.33735495,"WhitePct":0.41732324,"MinorityPct":0.58267676,"BlackPct":0.24914756,"HispanicPct":0.26801876,"PacificPct":0.00172309,"AsianPct":0.07571655,"NativePct":0.01773903,"TotalVAP":604148,"Margin":0.1565421,"color":"#00008b","opacity":"0.5"},"geometry":{"type":"MultiPolygon","coordinates":[[[[-73.859873,40.896751],[-73.860711,40.895371],[-73.86136,40.894663],[-73.862652,40.891822],[-73.863044,40.891116],[-73.863863,40.88975],[-73.862948,40.889428],[-73.861086,40.888832],[-73.860081,40.888511],[-73.857193,40.887595],[-73.857593,40.886892],[-73.857986,40.886191],[-73.855104,40.885271],[-73.852371,40.884398],[-73.849735,40.883555],[-73.849585,40.883345],[-73.846576,40.882211],[-73.846359,40.882206],[-73.845143,40.881761],[-73.845233,40.881636],[-73.843798,40.881021],[-73.842015,40.879872],[-73.841277,40.880317],[-73.840462,40.880623],[-73.839652,40.880926],[-73.838743,40.881266],[-73.837827,40.881608],[-73.836987,40.881939],[-73.836641,40.88212],[-73.836218,40.882393],[-73.834544,40.883708],[-73.834346,40.88385],[-73.834047,40.88399],[-73.833618,40.884186],[-73.832337,40.88455],[-73.831302,40.884711],[-73.830654,40.884853],[-73.830337,40.884969],[-73.829533,40.885303],[-73.827896,40.885952],[-73.827955,40.886084],[-73.824568,40.887483],[-73.824015,40.887814],[-73.823583,40.887971],[-73.819719,40.890206],[-73.819558,40.890163],[-73.817614,40.889679],[-73.816619,40.889419],[-73.815329,40.889066],[-73.815165,40.888999],[-73.813666,40.888661],[-73.811281,40.888054],[-73.809942,40.88769],[-73.808757,40.887402],[-73.807575,40.887098],[-73.806398,40.886795],[-73.805368,40.886528],[-73.804997,40.886433],[-73.804402,40.886281],[-73.803017,40.885926],[-73.801932,40.885648],[-73.799279,40.884965],[-73.797353,40.884468],[-73.796246,40.884186],[-73.794961,40.883853],[-73.794107,40.883631],[-73.793016,40.883361],[-73.783702,40.881078],[-73.783519,40.881033],[-73.781202,40.880478],[-73.760988,40.875178],[-73.74806,40.871721],[-73.748004,40.871874],[-73.740597,40.876203],[-73.73139,40.881553],[-73.7185,40.889044],[-73.709674,40.894173],[-73.694448,40.90305],[-73.61309,40.950821],[-73.612885,40.950943],[-73.656423,40.984243],[-73.656913,40.984675],[-73.657615,40.985499],[-73.659671,40.987909],[-73.657228,40.990914],[-73.659585,40.99414],[-73.659639,40.994339],[-73.659494,40.995525],[-73.659309,40.997171],[-73.660268,41.000484],[-73.658555,41.004018],[-73.657874,41.005164],[-73.656065,41.008923],[-73.655255,41.012246],[-73.65565,41.012678],[-73.656867,41.014465],[-73.658772,41.01683],[-73.659447,41.017651],[-73.660293,41.018399],[-73.661716,41.019653],[-73.662739,41.020558],[-73.664179,41.022286],[-73.664672,41.022997],[-73.665177,41.023621],[-73.666421,41.025144],[-73.666539,41.025288],[-73.666715,41.025502],[-73.669727,41.02933],[-73.670606,41.03083],[-73.675501,41.036739],[-73.675575,41.036813],[-73.676088,41.037505],[-73.679771,41.041944],[-73.68296,41.045314],[-73.687173,41.050697],[-73.68885,41.052537],[-73.692346,41.057143],[-73.694681,41.05979],[-73.696483,41.061976],[-73.701555,41.068188],[-73.705565,41.073125],[-73.706304,41.074071],[-73.706506,41.073803],[-73.706601,41.072949],[-73.713522,41.07255],[-73.717073,41.072328],[-73.71827,41.072249],[-73.718557,41.072234],[-73.719162,41.072189],[-73.721361,41.072045],[-73.720822,41.073042],[-73.720636,41.077845],[-73.721024,41.079122],[-73.723759,41.079519],[-73.72505,41.079143],[-73.725525,41.077187],[-73.726284,41.075928],[-73.727942,41.074942],[-73.731801,41.076241],[-73.734303,41.075101],[-73.735758,41.076311],[-73.737388,41.078403],[-73.739879,41.078896],[-73.74425,41.077829],[-73.745793,41.078167],[-73.747014,41.079546],[-73.748795,41.079299],[-73.750714,41.079042],[-73.752577,41.078753],[-73.75237,41.076482],[-73.752123,41.074196],[-73.750932,41.068705],[-73.750666,41.067247],[-73.751458,41.066078],[-73.752848,41.067554],[-73.754032,41.066878],[-73.756842,41.067456],[-73.758117,41.067325],[-73.757409,41.069581],[-73.759127,41.070032],[-73.760405,41.068166],[-73.762083,41.064922],[-73.763967,41.064696],[-73.763911,41.064225],[-73.764562,41.063875],[-73.764103,41.061443],[-73.762518,41.058752],[-73.763256,41.056919],[-73.762216,41.055596],[-73.762588,41.055052],[-73.763054,41.054494],[-73.762228,41.053401],[-73.76611,41.053789],[-73.766198,41.053798],[-73.766818,41.053857],[-73.767966,41.053966],[-73.769097,41.054073],[-73.769124,41.054076],[-73.771689,41.054321],[-73.772295,41.054378],[-73.771668,41.055187],[-73.771839,41.056646],[-73.772494,41.058706],[-73.772948,41.06074],[-73.773396,41.061737],[-73.774242,41.06231],[-73.774385,41.062428],[-73.77492,41.062927],[-73.777445,41.064583],[-73.778573,41.065181],[-73.77958,41.066103],[-73.779507,41.066506],[-73.781897,41.069433],[-73.782717,41.070004],[-73.786263,41.070232],[-73.788141,41.070449],[-73.793072,41.071527],[-73.795889,41.072042],[-73.798775,41.072458],[-73.799837,41.072668],[-73.801583,41.073588],[-73.801829,41.07372],[-73.804621,41.075089],[-73.80547,41.075372],[-73.807059,41.075641],[-73.811923,41.075697],[-73.813908,41.076137],[-73.816098,41.076363],[-73.817788,41.076309],[-73.819134,41.076827],[-73.820346,41.077772],[-73.823021,41.078756],[-73.825521,41.079285],[-73.827374,41.080176],[-73.827768,41.080427],[-73.827415,41.081574],[-73.828644,41.081629],[-73.828813,41.081662],[-73.829353,41.082445],[-73.831244,41.082856],[-73.830994,41.082353],[-73.831037,41.082273],[-73.834929,41.08232],[-73.836315,41.082244],[-73.838593,41.08218],[-73.840301,41.081896],[-73.842594,41.080662],[-73.843114,41.080276],[-73.844366,41.080131],[-73.845888,41.07917],[-73.846552,41.077867],[-73.84821,41.077952],[-73.849237,41.078143],[-73.851536,41.078672],[-73.852424,41.078606],[-73.853937,41.076589],[-73.854523,41.076198],[-73.854891,41.074321],[-73.854962,41.073457],[-73.856099,41.072333],[-73.856865,41.071155],[-73.85843,41.071514],[-73.85901,41.07165],[-73.860087,41.071903],[-73.860283,41.071596],[-73.860691,41.070929],[-73.861114,41.070103],[-73.861819,41.068576],[-73.862152,41.067916],[-73.862442,41.067045],[-73.862341,41.064136],[-73.862314,41.063621],[-73.863251,41.063802],[-73.863806,41.063909],[-73.866677,41.064349],[-73.867747,41.064512],[-73.868363,41.064395],[-73.86821,41.063532],[-73.868815,41.060121],[-73.869067,41.060039],[-73.87018,41.055484],[-73.870464,41.049532],[-73.87082,41.046962],[-73.872138,41.043676],[-73.873757,41.043062],[-73.874531,41.040069],[-73.874907,41.038399],[-73.875879,41.035214],[-73.875048,41.034056],[-73.876537,41.030104],[-73.876512,41.029197],[-73.876887,41.028277],[-73.87687,41.025623],[-73.877401,41.022802],[-73.877442,41.022584],[-73.878068,41.019705],[-73.879256,41.018461],[-73.88016,41.013923],[-73.880743,41.013497],[-73.880215,41.012722],[-73.881323,41.010664],[-73.88088,41.009805],[-73.882443,41.007065],[-73.883519,41.004035],[-73.883565,41.003851],[-73.893579,41.005297],[-73.893984,40.997172],[-73.893628,40.997165],[-73.896144,40.981873],[-73.898703,40.974813],[-73.90477,40.958073],[-73.907135,40.951544],[-73.909112,40.945894],[-73.910368,40.94151],[-73.912096,40.935485],[-73.914253,40.92796],[-73.915461,40.924895],[-73.917609,40.919491],[-73.918317,40.917705],[-73.910516,40.915282],[-73.910279,40.915187],[-73.909496,40.914931],[-73.908814,40.914747],[-73.908328,40.914616],[-73.905947,40.913948],[-73.902454,40.912979],[-73.900697,40.912381],[-73.899505,40.911978],[-73.89812,40.911798],[-73.896634,40.911324],[-73.891928,40.909809],[-73.887984,40.908593],[-73.886237,40.908052],[-73.886124,40.908016],[-73.884106,40.907501],[-73.882993,40.907423],[-73.881825,40.907134],[-73.880929,40.90683],[-73.880111,40.906591],[-73.879239,40.906365],[-73.87835,40.905983],[-73.878189,40.905983],[-73.878012,40.905965],[-73.877855,40.905922],[-73.876455,40.905497],[-73.875559,40.905232],[-73.874797,40.90501],[-73.874087,40.904807],[-73.872913,40.904467],[-73.87094,40.903887],[-73.867876,40.902983],[-73.866952,40.902475],[-73.865635,40.902086],[-73.865268,40.901962],[-73.86286,40.901525],[-73.862643,40.901474],[-73.86159,40.901051],[-73.860956,40.900846],[-73.860775,40.900787],[-73.859393,40.900381],[-73.859258,40.900338],[-73.858626,40.900136],[-73.859478,40.898882],[-73.86053,40.897348],[-73.859873,40.896751]]]]}},{"type":"Feature","properties":{"id":17,"NAME":"17","TotalPop":776950,"PopDevPct":-0.00002718,"DemPct":0.4911517,"RepPct":0.50194931,"WhitePct":0.65006824,"MinorityPct":0.34993176,"BlackPct":0.09335258,"HispanicPct":0.18630096,"PacificPct":0.0011741,"AsianPct":0.06034646,"NativePct":0.01255468,"TotalVAP":571500,"Margin":-0.0088483,"color":"#ffd0d0","opacity":"0.5"},"geometry":{"type":"MultiPolygon","coordinates":[[[[-74.234288,41.143008],[-74.23304,41.142485],[-74.228169,41.140441],[-74.217766,41.136017],[-74.21539,41.135228],[-74.2127,41.134338],[-74.206273,41.131612],[-74.19532,41.126929],[-74.168138,41.115307],[-74.162685,41.112915],[-74.162496,41.112833],[-74.158952,41.111276],[-74.15829,41.110985],[-74.156164,41.110052],[-74.155172,41.109617],[-74.154652,41.109389],[-74.153672,41.108958],[-74.153403,41.108841],[-74.152169,41.108299],[-74.150203,41.107425],[-74.149904,41.107295],[-74.147252,41.106128],[-74.146673,41.105872],[-74.145709,41.105447],[-74.142347,41.103962],[-74.129422,41.098266],[-74.127248,41.097311],[-74.120771,41.094429],[-74.112378,41.090734],[-74.098243,41.08454],[-74.096768,41.083897],[-74.09236,41.081928],[-74.091217,41.081411],[-74.084283,41.078326],[-74.081706,41.077179],[-74.073579,41.073564],[-74.067892,41.071031],[-74.05952,41.067311],[-74.057218,41.066284],[-74.056807,41.066103],[-74.052045,41.063989],[-74.050852,41.063458],[-74.04614,41.061371],[-74.043039,41.059998],[-74.040909,41.059054],[-74.037295,41.057453],[-74.033541,41.055785],[-74.025816,41.052346],[-74.024543,41.051779],[-74.022509,41.050877],[-74.019384,41.049497],[-74.019306,41.049458],[-74.01833,41.049026],[-74.01349,41.046886],[-73.999819,41.040819],[-73.9993,41.040588],[-73.992682,41.037644],[-73.977282,41.030797],[-73.967045,41.026232],[-73.966562,41.026017],[-73.958808,41.022551],[-73.952975,41.019963],[-73.951858,41.019468],[-73.950422,41.018822],[-73.946896,41.017236],[-73.945605,41.016656],[-73.945089,41.016421],[-73.939049,41.0137],[-73.929514,41.009395],[-73.923226,41.006533],[-73.920238,41.005191],[-73.919881,41.00503],[-73.911661,41.001335],[-73.911345,41.001188],[-73.902682,40.997326],[-73.893984,40.997172],[-73.893579,41.005297],[-73.883565,41.003851],[-73.883519,41.004035],[-73.882443,41.007065],[-73.88088,41.009805],[-73.881323,41.010664],[-73.880215,41.012722],[-73.880743,41.013497],[-73.88016,41.013923],[-73.879256,41.018461],[-73.878068,41.019705],[-73.877442,41.022584],[-73.877401,41.022802],[-73.87687,41.025623],[-73.876887,41.028277],[-73.876512,41.029197],[-73.876537,41.030104],[-73.875048,41.034056],[-73.875879,41.035214],[-73.874907,41.038399],[-73.874531,41.040069],[-73.873757,41.043062],[-73.872138,41.043676],[-73.87082,41.046962],[-73.870464,41.049532],[-73.87018,41.055484],[-73.869067,41.060039],[-73.868815,41.060121],[-73.86821,41.063532],[-73.868363,41.064395],[-73.867747,41.064512],[-73.866677,41.064349],[-73.863806,41.063909],[-73.863251,41.063802],[-73.862314,41.063621],[-73.862341,41.064136],[-73.862442,41.067045],[-73.862152,41.067916],[-73.861819,41.068576],[-73.861114,41.070103],[-73.860691,41.070929],[-73.860283,41.071596],[-73.860087,41.071903],[-73.85901,41.07165],[-73.85843,41.071514],[-73.856865,41.071155],[-73.856099,41.072333],[-73.854962,41.073457],[-73.854891,41.074321],[-73.854523,41.076198],[-73.853937,41.076589],[-73.852424,41.078606],[-73.851536,41.078672],[-73.849237,41.078143],[-73.84821,41.077952],[-73.846552,41.077867],[-73.845888,41.07917],[-73.844366,41.080131],[-73.843114,41.080276],[-73.842594,41.080662],[-73.840301,41.081896],[-73.838593,41.08218],[-73.836315,41.082244],[-73.834929,41.08232],[-73.831037,41.082273],[-73.830994,41.082353],[-73.831244,41.082856],[-73.829353,41.082445],[-73.828813,41.081662],[-73.828644,41.081629],[-73.827415,41.081574],[-73.827768,41.080427],[-73.827374,41.080176],[-73.825521,41.079285],[-73.823021,41.078756],[-73.820346,41.077772],[-73.819134,41.076827],[-73.817788,41.076309],[-73.816098,41.076363],[-73.813908,41.076137],[-73.811923,41.075697],[-73.807059,41.075641],[-73.80547,41.075372],[-73.804621,41.075089],[-73.801829,41.07372],[-73.801583,41.073588],[-73.799837,41.072668],[-73.798775,41.072458],[-73.795889,41.072042],[-73.793072,41.071527],[-73.788141,41.070449],[-73.786263,41.070232],[-73.782717,41.070004],[-73.781897,41.069433],[-73.779507,41.066506],[-73.77958,41.066103],[-73.778573,41.065181],[-73.777445,41.064583],[-73.77492,41.062927],[-73.774385,41.062428],[-73.774242,41.06231],[-73.773396,41.061737],[-73.772948,41.06074],[-73.772494,41.058706],[-73.771839,41.056646],[-73.771668,41.055187],[-73.772295,41.054378],[-73.771689,41.054321],[-73.769124,41.054076],[-73.769097,41.054073],[-73.767966,41.053966],[-73.766818,41.053857],[-73.766198,41.053798],[-73.76611,41.053789],[-73.762228,41.053401],[-73.763054,41.054494],[-73.762588,41.055052],[-73.762216,41.055596],[-73.763256,41.056919],[-73.762518,41.058752],[-73.764103,41.061443],[-73.764562,41.063875],[-73.763911,41.064225],[-73.763967,41.064696],[-73.762083,41.064922],[-73.760405,41.068166],[-73.759127,41.070032],[-73.757409,41.069581],[-73.758117,41.067325],[-73.756842,41.067456],[-73.754032,41.066878],[-73.752848,41.067554],[-73.751458,41.066078],[-73.750666,41.067247],[-73.750932,41.068705],[-73.752123,41.074196],[-73.75237,41.076482],[-73.752577,41.078753],[-73.750714,41.079042],[-73.748795,41.079299],[-73.747014,41.079546],[-73.745793,41.078167],[-73.74425,41.077829],[-73.739879,41.078896],[-73.737388,41.078403],[-73.735758,41.076311],[-73.734303,41.075101],[-73.731801,41.076241],[-73.727942,41.074942],[-73.726284,41.075928],[-73.725525,41.077187],[-73.72505,41.079143],[-73.723759,41.079519],[-73.721024,41.079122],[-73.720636,41.077845],[-73.720822,41.073042],[-73.721361,41.072045],[-73.719162,41.072189],[-73.718557,41.072234],[-73.71827,41.072249],[-73.717073,41.072328],[-73.713522,41.07255],[-73.706601,41.072949],[-73.706506,41.073803],[-73.706304,41.074071],[-73.715478,41.08581],[-73.717679,41.088715],[-73.71797,41.089115],[-73.721726,41.092837],[-73.723382,41.094437],[-73.726172,41.098501],[-73.727775,41.100696],[-73.71355,41.107334],[-73.71296,41.107609],[-73.712272,41.1079],[-73.705534,41.111061],[-73.703542,41.111825],[-73.700703,41.113377],[-73.695958,41.115304],[-73.689265,41.118594],[-73.686074,41.120096],[-73.676774,41.124496],[-73.667804,41.128628],[-73.661769,41.131403],[-73.661607,41.131474],[-73.661121,41.131686],[-73.66096,41.131758],[-73.660873,41.131796],[-73.660573,41.131996],[-73.644074,41.139501],[-73.639672,41.141496],[-73.635501,41.143348],[-73.628796,41.146429],[-73.624174,41.148354],[-73.615749,41.152171],[-73.614443,41.152752],[-73.613512,41.153184],[-73.60019,41.159149],[-73.59711,41.160786],[-73.591828,41.163002],[-73.578804,41.168892],[-73.566162,41.17469],[-73.564759,41.175255],[-73.551468,41.181458],[-73.54005,41.186595],[-73.535884,41.188489],[-73.524542,41.193775],[-73.52426,41.193932],[-73.52377,41.194098],[-73.513993,41.198854],[-73.512627,41.199446],[-73.51173,41.199811],[-73.509174,41.20093],[-73.503958,41.203312],[-73.494224,41.207504],[-73.487474,41.210549],[-73.485109,41.211652],[-73.482695,41.212772],[-73.487977,41.219387],[-73.491407,41.223588],[-73.502636,41.237355],[-73.512948,41.250095],[-73.517509,41.255526],[-73.523745,41.263071],[-73.525208,41.26473],[-73.526316,41.266101],[-73.536882,41.278604],[-73.540717,41.283144],[-73.548114,41.292095],[-73.548845,41.292969],[-73.550962,41.295421],[-73.549866,41.301767],[-73.549602,41.307109],[-73.54948,41.316746],[-73.549293,41.319581],[-73.549088,41.325134],[-73.548609,41.329982],[-73.548236,41.333459],[-73.548142,41.334439],[-73.546919,41.344941],[-73.54597,41.354843],[-73.544707,41.36654],[-73.543722,41.374281],[-73.543425,41.376622],[-73.542644,41.389032],[-73.542628,41.38925],[-73.542562,41.39019],[-73.542586,41.39025],[-73.542572,41.390443],[-73.542469,41.392594],[-73.541328,41.405315],[-73.541102,41.406474],[-73.538066,41.430511],[-73.537742,41.433255],[-73.537093,41.439706],[-73.536334,41.446632],[-73.536036,41.451338],[-73.535986,41.45306],[-73.535892,41.455035],[-73.535867,41.455518],[-73.535798,41.456626],[-73.535731,41.457738],[-73.535606,41.459587],[-73.535408,41.462064],[-73.535354,41.462814],[-73.535269,41.463494],[-73.535221,41.464525],[-73.535069,41.466227],[-73.535049,41.467044],[-73.534969,41.467807],[-73.534807,41.470096],[-73.534669,41.471448],[-73.534615,41.472236],[-73.534532,41.473297],[-73.53429,41.475898],[-73.534201,41.476579],[-73.534072,41.477676],[-73.533975,41.478945],[-73.533653,41.484544],[-73.533222,41.490463],[-73.532606,41.498729],[-73.530958,41.517225],[-73.530277,41.524838],[-73.530067,41.527194],[-73.536783,41.527046],[-73.539586,41.526941],[-73.548684,41.526789],[-73.560811,41.526637],[-73.573503,41.526462],[-73.578142,41.526399],[-73.582471,41.526129],[-73.587718,41.525557],[-73.588008,41.525525],[-73.603169,41.523993],[-73.604342,41.523874],[-73.613186,41.522888],[-73.620044,41.522044],[-73.6205,41.521994],[-73.621968,41.521831],[-73.633325,41.52027],[-73.638376,41.519546],[-73.64151,41.519106],[-73.644727,41.518716],[-73.645669,41.518579],[-73.647635,41.518293],[-73.653091,41.517405],[-73.670193,41.515115],[-73.671635,41.514916],[-73.672165,41.514837],[-73.673285,41.514701],[-73.676075,41.514298],[-73.677118,41.514188],[-73.677364,41.514162],[-73.681501,41.51362],[-73.683315,41.513377],[-73.683849,41.513306],[-73.684355,41.513239],[-73.685814,41.513038],[-73.686068,41.513003],[-73.68983,41.512607],[-73.691234,41.512433],[-73.692664,41.512246],[-73.695732,41.511948],[-73.713913,41.510186],[-73.715337,41.510049],[-73.719023,41.50971],[-73.739168,41.507911],[-73.742474,41.507547],[-73.755783,41.506245],[-73.762103,41.505553],[-73.77068,41.504413],[-73.772547,41.504186],[-73.795491,41.502276],[-73.795561,41.502268],[-73.79728,41.502074],[-73.800061,41.501762],[-73.80558,41.501261],[-73.806424,41.501172],[-73.806637,41.501149],[-73.808193,41.500987],[-73.809102,41.500952],[-73.809756,41.500905],[-73.809774,41.500904],[-73.809822,41.5009],[-73.813274,41.500574],[-73.814518,41.500457],[-73.817023,41.500219],[-73.820807,41.499814],[-73.835786,41.498431],[-73.837062,41.498263],[-73.838363,41.498126],[-73.838361,41.495736],[-73.83835,41.494457],[-73.838358,41.478273],[-73.838308,41.468948],[-73.838256,41.466707],[-73.838365,41.455804],[-73.838607,41.454749],[-73.838549,41.453691],[-73.838527,41.452377],[-73.838014,41.452535],[-73.83694,41.45305],[-73.834643,41.453737],[-73.836237,41.451629],[-73.835987,41.44862],[-73.837186,41.44688],[-73.839034,41.445543],[-73.840568,41.445086],[-73.841021,41.442458],[-73.842912,41.439685],[-73.842584,41.436362],[-73.842765,41.435293],[-73.844587,41.432251],[-73.845897,41.431014],[-73.847679,41.430359],[-73.848483,41.429071],[-73.848608,41.428328],[-73.848397,41.427891],[-73.847939,41.426774],[-73.849998,41.424496],[-73.850967,41.422432],[-73.850678,41.422014],[-73.850171,41.422008],[-73.849778,41.420999],[-73.849623,41.420255],[-73.849784,41.419799],[-73.849575,41.419627],[-73.849486,41.419066],[-73.847663,41.419122],[-73.847119,41.418748],[-73.845943,41.418441],[-73.845716,41.418194],[-73.845649,41.417733],[-73.845239,41.417149],[-73.844323,41.416179],[-73.844629,41.415529],[-73.844684,41.41504],[-73.845056,41.414588],[-73.845397,41.413293],[-73.845385,41.412565],[-73.845623,41.412078],[-73.84648,41.410834],[-73.846965,41.409449],[-73.845865,41.409205],[-73.844563,41.409356],[-73.842991,41.40913],[-73.838406,41.408273],[-73.836745,41.40825],[-73.834464,41.408528],[-73.834586,41.406273],[-73.834097,41.404724],[-73.834725,41.40381],[-73.835308,41.402908],[-73.83543,41.401181],[-73.834244,41.398961],[-73.831735,41.397814],[-73.831345,41.397261],[-73.832378,41.393936],[-73.833108,41.392504],[-73.833527,41.391359],[-73.833041,41.389674],[-73.83338,41.388447],[-73.833591,41.38744],[-73.834561,41.387915],[-73.836448,41.387742],[-73.839589,41.387921],[-73.841179,41.387629],[-73.842183,41.386867],[-73.843625,41.386319],[-73.84437,41.384718],[-73.84534,41.383883],[-73.846181,41.383287],[-73.847158,41.383014],[-73.847837,41.38265],[-73.848272,41.382426],[-73.849267,41.381907],[-73.850038,41.381303],[-73.850923,41.380996],[-73.852143,41.380655],[-73.852894,41.380162],[-73.85437,41.379561],[-73.855577,41.378766],[-73.856032,41.378356],[-73.857648,41.376343],[-73.85956,41.37497],[-73.860154,41.374423],[-73.861732,41.3738],[-73.862444,41.373203],[-73.863555,41.370717],[-73.864995,41.369234],[-73.866381,41.366419],[-73.867283,41.364981],[-73.867497,41.365115],[-73.867308,41.364932],[-73.870249,41.358886],[-73.870412,41.357147],[-73.869952,41.355281],[-73.870881,41.352159],[-73.872144,41.350241],[-73.874273,41.347754],[-73.875472,41.347277],[-73.877731,41.345155],[-73.877319,41.343323],[-73.877035,41.342642],[-73.876659,41.341851],[-73.875463,41.340402],[-73.875106,41.339693],[-73.874636,41.338249],[-73.874314,41.337014],[-73.874818,41.334825],[-73.874912,41.333465],[-73.875052,41.333023],[-73.878726,41.332702],[-73.879948,41.332623],[-73.881116,41.332471],[-73.881167,41.332465],[-73.882972,41.332275],[-73.883367,41.332235],[-73.887788,41.331738],[-73.888215,41.33169],[-73.888325,41.331677],[-73.889756,41.331531],[-73.89062,41.33143],[-73.89145,41.331339],[-73.89227,41.331245],[-73.893025,41.331184],[-73.893433,41.33115],[-73.90479,41.329955],[-73.908186,41.329592],[-73.909468,41.329466],[-73.913104,41.329056],[-73.914027,41.32897],[-73.918286,41.328532],[-73.926331,41.327676],[-73.926846,41.32764],[-73.927171,41.327604],[-73.931645,41.327137],[-73.931781,41.327122],[-73.934533,41.326846],[-73.947142,41.325582],[-73.9523,41.324918],[-73.96019,41.324147],[-73.976143,41.322503],[-73.97934,41.322179],[-73.979503,41.322161],[-73.982532,41.321824],[-73.981384,41.324693],[-73.984951,41.322204],[-73.986338,41.321254],[-73.986746,41.320963],[-73.988305,41.320021],[-73.990838,41.31801],[-73.997785,41.31325],[-73.998733,41.312658],[-73.998785,41.312619],[-73.99934,41.312204],[-74.001304,41.310729],[-74.001994,41.310229],[-74.005935,41.307401],[-74.009828,41.304702],[-74.011777,41.303347],[-74.022206,41.29587],[-74.024113,41.294502],[-74.025978,41.2933],[-74.026509,41.292943],[-74.02668,41.29283],[-74.069505,41.261794],[-74.08442,41.270651],[-74.085423,41.271303],[-74.085853,41.271564],[-74.089498,41.273752],[-74.089596,41.273806],[-74.091026,41.274675],[-74.095921,41.277645],[-74.096255,41.277645],[-74.104059,41.281762],[-74.10853,41.284409],[-74.111863,41.286185],[-74.11625,41.288509],[-74.119266,41.290096],[-74.120231,41.290628],[-74.12407,41.292663],[-74.126623,41.289714],[-74.131261,41.284867],[-74.131994,41.285308],[-74.136799,41.288376],[-74.139061,41.287767],[-74.140452,41.287417],[-74.140814,41.287314],[-74.141677,41.28707],[-74.141935,41.286994],[-74.144563,41.286301],[-74.145777,41.285971],[-74.145405,41.297294],[-74.145422,41.300129],[-74.145422,41.300187],[-74.14542,41.300528],[-74.145473,41.300523],[-74.145328,41.30226],[-74.145316,41.302417],[-74.145279,41.304606],[-74.145269,41.307671],[-74.145361,41.308675],[-74.145379,41.308867],[-74.145431,41.309423],[-74.145692,41.310292],[-74.146415,41.312257],[-74.146621,41.312652],[-74.146857,41.313166],[-74.147054,41.313666],[-74.14713,41.313847],[-74.147463,41.31458],[-74.147653,41.315016],[-74.14786,41.315486],[-74.150146,41.320616],[-74.150546,41.321497],[-74.150691,41.321815],[-74.150928,41.322323],[-74.151591,41.323783],[-74.153312,41.327568],[-74.153674,41.328362],[-74.1544,41.329956],[-74.154632,41.331941],[-74.155214,41.331734],[-74.155214,41.332322],[-74.155407,41.335468],[-74.155451,41.335959],[-74.155459,41.336059],[-74.155639,41.338026],[-74.155938,41.342082],[-74.156071,41.343884],[-74.156198,41.343956],[-74.16244,41.347763],[-74.166686,41.350373],[-74.168406,41.351427],[-74.174711,41.355023],[-74.175227,41.355286],[-74.176812,41.356145],[-74.179098,41.35742],[-74.184098,41.360788],[-74.184589,41.361119],[-74.186514,41.359434],[-74.186982,41.359028],[-74.189971,41.356413],[-74.189765,41.348528],[-74.190704,41.34794],[-74.192085,41.347019],[-74.19343,41.346079],[-74.193502,41.3459],[-74.194277,41.343964],[-74.194387,41.343891],[-74.19686,41.343775],[-74.208067,41.336491],[-74.209564,41.335436],[-74.210967,41.334448],[-74.213128,41.333032],[-74.213994,41.332466],[-74.216167,41.331026],[-74.216238,41.330924],[-74.217097,41.330324],[-74.217281,41.330202],[-74.217944,41.329764],[-74.219935,41.328485],[-74.22817,41.322873],[-74.228456,41.320011],[-74.228541,41.318948],[-74.228624,41.318122],[-74.228884,41.315519],[-74.229059,41.313709],[-74.229147,41.312639],[-74.229158,41.312505],[-74.229226,41.311815],[-74.229351,41.310602],[-74.229408,41.31006],[-74.229555,41.308188],[-74.229615,41.307437],[-74.22973,41.306273],[-74.229834,41.305164],[-74.230101,41.302498],[-74.230251,41.300788],[-74.230308,41.300187],[-74.232332,41.296936],[-74.234876,41.292938],[-74.238529,41.287231],[-74.238928,41.286597],[-74.239316,41.285978],[-74.239664,41.285347],[-74.239681,41.285318],[-74.240271,41.284366],[-74.241308,41.282635],[-74.247899,41.272134],[-74.247916,41.260997],[-74.247922,41.257118],[-74.247928,41.253371],[-74.247927,41.249275],[-74.247858,41.246623],[-74.247558,41.229373],[-74.247392,41.220109],[-74.246894,41.211768],[-74.246377,41.203418],[-74.245884,41.186686],[-74.243729,41.155774],[-74.243723,41.155356],[-74.243223,41.148731],[-74.243175,41.146868],[-74.242269,41.146478],[-74.234288,41.143008]]]]}},{"type":"Feature","properties":{"id":18,"NAME":"18","TotalPop":777384,"PopDevPct":0.0005314,"DemPct":0.5176423,"RepPct":0.47523505,"WhitePct":0.66985434,"MinorityPct":0.33014566,"BlackPct":0.12363143,"HispanicPct":0.15992798,"PacificPct":0.00137261,"AsianPct":0.03854601,"NativePct":0.02021122,"TotalVAP":619260,"Margin":0.0176423,"color":"#a8a8ff","opacity":"0.5"},"geometry":{"type":"MultiPolygon","coordinates":[[[[-73.893433,41.33115],[-73.893025,41.331184],[-73.89227,41.331245],[-73.89145,41.331339],[-73.89062,41.33143],[-73.889756,41.331531],[-73.888325,41.331677],[-73.888215,41.33169],[-73.887788,41.331738],[-73.883367,41.332235],[-73.882972,41.332275],[-73.881167,41.332465],[-73.881116,41.332471],[-73.879948,41.332623],[-73.878726,41.332702],[-73.875052,41.333023],[-73.874912,41.333465],[-73.874818,41.334825],[-73.874314,41.337014],[-73.874636,41.338249],[-73.875106,41.339693],[-73.875463,41.340402],[-73.876659,41.341851],[-73.877035,41.342642],[-73.877319,41.343323],[-73.877731,41.345155],[-73.875472,41.347277],[-73.874273,41.347754],[-73.872144,41.350241],[-73.870881,41.352159],[-73.869952,41.355281],[-73.870412,41.357147],[-73.870249,41.358886],[-73.867308,41.364932],[-73.867497,41.365115],[-73.867283,41.364981],[-73.866381,41.366419],[-73.864995,41.369234],[-73.863555,41.370717],[-73.862444,41.373203],[-73.861732,41.3738],[-73.860154,41.374423],[-73.85956,41.37497],[-73.857648,41.376343],[-73.856032,41.378356],[-73.855577,41.378766],[-73.85437,41.379561],[-73.852894,41.380162],[-73.852143,41.380655],[-73.850923,41.380996],[-73.850038,41.381303],[-73.849267,41.381907],[-73.848272,41.382426],[-73.847837,41.38265],[-73.847158,41.383014],[-73.846181,41.383287],[-73.84534,41.383883],[-73.84437,41.384718],[-73.843625,41.386319],[-73.842183,41.386867],[-73.841179,41.387629],[-73.839589,41.387921],[-73.836448,41.387742],[-73.834561,41.387915],[-73.833591,41.38744],[-73.83338,41.388447],[-73.833041,41.389674],[-73.833527,41.391359],[-73.833108,41.392504],[-73.832378,41.393936],[-73.831345,41.397261],[-73.831735,41.397814],[-73.834244,41.398961],[-73.83543,41.401181],[-73.835308,41.402908],[-73.834725,41.40381],[-73.834097,41.404724],[-73.834586,41.406273],[-73.834464,41.408528],[-73.836745,41.40825],[-73.838406,41.408273],[-73.842991,41.40913],[-73.844563,41.409356],[-73.845865,41.409205],[-73.846965,41.409449],[-73.84648,41.410834],[-73.845623,41.412078],[-73.845385,41.412565],[-73.845397,41.413293],[-73.845056,41.414588],[-73.844684,41.41504],[-73.844629,41.415529],[-73.844323,41.416179],[-73.845239,41.417149],[-73.845649,41.417733],[-73.845716,41.418194],[-73.845943,41.418441],[-73.847119,41.418748],[-73.847663,41.419122],[-73.849486,41.419066],[-73.849575,41.419627],[-73.849784,41.419799],[-73.849623,41.420255],[-73.849778,41.420999],[-73.850171,41.422008],[-73.850678,41.422014],[-73.850967,41.422432],[-73.849998,41.424496],[-73.847939,41.426774],[-73.848397,41.427891],[-73.848608,41.428328],[-73.848483,41.429071],[-73.847679,41.430359],[-73.845897,41.431014],[-73.844587,41.432251],[-73.842765,41.435293],[-73.842584,41.436362],[-73.842912,41.439685],[-73.841021,41.442458],[-73.840568,41.445086],[-73.839034,41.445543],[-73.837186,41.44688],[-73.835987,41.44862],[-73.836237,41.451629],[-73.834643,41.453737],[-73.83694,41.45305],[-73.838014,41.452535],[-73.838527,41.452377],[-73.838549,41.453691],[-73.838607,41.454749],[-73.838365,41.455804],[-73.838256,41.466707],[-73.838308,41.468948],[-73.838358,41.478273],[-73.83835,41.494457],[-73.838361,41.495736],[-73.838363,41.498126],[-73.837062,41.498263],[-73.835786,41.498431],[-73.820807,41.499814],[-73.817023,41.500219],[-73.814518,41.500457],[-73.813274,41.500574],[-73.809822,41.5009],[-73.809774,41.500904],[-73.809756,41.500905],[-73.809102,41.500952],[-73.808193,41.500987],[-73.806637,41.501149],[-73.806424,41.501172],[-73.80558,41.501261],[-73.800061,41.501762],[-73.79728,41.502074],[-73.795561,41.502268],[-73.795491,41.502276],[-73.772547,41.504186],[-73.77068,41.504413],[-73.762103,41.505553],[-73.755783,41.506245],[-73.742474,41.507547],[-73.739168,41.507911],[-73.719023,41.50971],[-73.715337,41.510049],[-73.713913,41.510186],[-73.695732,41.511948],[-73.692664,41.512246],[-73.691234,41.512433],[-73.68983,41.512607],[-73.686068,41.513003],[-73.685814,41.513038],[-73.684355,41.513239],[-73.683849,41.513306],[-73.683315,41.513377],[-73.681501,41.51362],[-73.677364,41.514162],[-73.677118,41.514188],[-73.676075,41.514298],[-73.673285,41.514701],[-73.672165,41.514837],[-73.671635,41.514916],[-73.670193,41.515115],[-73.653091,41.517405],[-73.647635,41.518293],[-73.645669,41.518579],[-73.644727,41.518716],[-73.64151,41.519106],[-73.638376,41.519546],[-73.633325,41.52027],[-73.621968,41.521831],[-73.6205,41.521994],[-73.620044,41.522044],[-73.613186,41.522888],[-73.604342,41.523874],[-73.603169,41.523993],[-73.588008,41.525525],[-73.587718,41.525557],[-73.582471,41.526129],[-73.578142,41.526399],[-73.573503,41.526462],[-73.560811,41.526637],[-73.548684,41.526789],[-73.539586,41.526941],[-73.536783,41.527046],[-73.530067,41.527194],[-73.529228,41.536248],[-73.528961,41.538158],[-73.527692,41.549951],[-73.527405,41.554352],[-73.526097,41.568541],[-73.526001,41.571918],[-73.521435,41.616612],[-73.521041,41.619773],[-73.521038,41.619829],[-73.520027,41.640979],[-73.519746,41.644587],[-73.518121,41.666361],[-73.518097,41.666606],[-73.51808,41.666723],[-73.51777,41.67097],[-73.516785,41.687581],[-73.516017,41.696285],[-73.514289,41.713661],[-73.513722,41.719974],[-73.511921,41.740941],[-73.511564,41.747918],[-73.511262,41.753409],[-73.51102,41.75768],[-73.510961,41.758749],[-73.508481,41.786141],[-73.507083,41.800764],[-73.505249,41.82185],[-73.505312,41.82394],[-73.505254,41.824431],[-73.501937,41.858331],[-73.501953,41.858464],[-73.500917,41.868572],[-73.499863,41.878124],[-73.499472,41.8819],[-73.498571,41.890138],[-73.498295,41.892648],[-73.497316,41.906568],[-73.496526,41.922408],[-73.493937,41.949591],[-73.493439,41.953335],[-73.493392,41.954668],[-73.493001,41.958163],[-73.492987,41.958312],[-73.492235,41.967094],[-73.489615,42.000092],[-73.48881,42.018705],[-73.488262,42.030049],[-73.487319,42.049525],[-73.497018,42.049624],[-73.512979,42.04984],[-73.513251,42.049845],[-73.518933,42.049932],[-73.521416,42.049966],[-73.523584,42.026267],[-73.524317,42.018254],[-73.524706,42.014],[-73.525365,42.006778],[-73.527072,41.97798],[-73.530893,41.978487],[-73.533414,41.978834],[-73.539639,41.979696],[-73.541823,41.979886],[-73.547271,41.980588],[-73.55125,41.981132],[-73.556048,41.981756],[-73.575279,41.98471],[-73.586519,41.98648],[-73.599956,41.988507],[-73.620177,41.991543],[-73.628789,41.992892],[-73.642191,41.995016],[-73.657333,41.997577],[-73.658308,41.99774],[-73.672432,42.000101],[-73.676326,42.00047],[-73.701876,42.004199],[-73.702078,42.004229],[-73.703106,42.004381],[-73.704618,42.004585],[-73.705277,42.004674],[-73.705491,42.004703],[-73.706573,42.004849],[-73.707132,42.004951],[-73.70846,42.005166],[-73.71093,42.005488],[-73.714393,42.006852],[-73.716467,42.007728],[-73.717907,42.008305],[-73.718184,42.008419],[-73.733797,42.014725],[-73.734402,42.014963],[-73.736244,42.015702],[-73.736365,42.015753],[-73.73924,42.016932],[-73.74275,42.018372],[-73.745917,42.019654],[-73.751815,42.02205],[-73.755381,42.023419],[-73.755669,42.023483],[-73.755959,42.023657],[-73.786208,42.035074],[-73.790893,42.036808],[-73.801119,42.040606],[-73.806503,42.042443],[-73.806755,42.042559],[-73.809667,42.043572],[-73.809949,42.043698],[-73.817151,42.046252],[-73.818533,42.046739],[-73.821537,42.047862],[-73.841986,42.055536],[-73.844999,42.056687],[-73.850532,42.058787],[-73.858412,42.061618],[-73.85869,42.061721],[-73.866643,42.064811],[-73.867712,42.065206],[-73.870878,42.066245],[-73.872265,42.066752],[-73.884309,42.071129],[-73.895488,42.07525],[-73.895994,42.075438],[-73.903503,42.078207],[-73.907785,42.07961],[-73.908633,42.07841],[-73.914765,42.080607],[-73.915593,42.080906],[-73.917098,42.076474],[-73.92144,42.077299],[-73.921576,42.077333],[-73.929626,42.078778],[-73.929688,42.078422],[-73.930074,42.07625],[-73.929754,42.075306],[-73.927098,42.073402],[-73.926346,42.072506],[-73.926298,42.070618],[-73.92729,42.06777],[-73.92729,42.066858],[-73.928314,42.066778],[-73.928234,42.064874],[-73.932282,42.061578],[-73.932877,42.059943],[-73.932763,42.055034],[-73.933723,42.048411],[-73.934395,42.044747],[-73.934075,42.042043],[-73.934171,42.039547],[-73.936235,42.035835],[-73.937051,42.032923],[-73.937171,42.030268],[-73.937035,42.026827],[-73.934639,42.023304],[-73.933819,42.021339],[-73.933323,42.018491],[-73.933435,42.015659],[-73.934315,42.012779],[-73.936796,42.006651],[-73.942406,42.008296],[-73.948086,42.009867],[-73.961987,42.013472],[-73.962745,42.012762],[-73.963327,42.010855],[-73.96471,42.010051],[-73.965459,42.009364],[-73.965726,42.007596],[-73.966924,42.004178],[-73.968461,42.002002],[-73.968342,42.000682],[-73.96924,41.998163],[-73.969748,41.997922],[-73.970648,41.997566],[-73.971112,41.995622],[-73.970869,41.992593],[-73.970782,41.991874],[-73.970485,41.990024],[-73.969512,41.988708],[-73.968527,41.987423],[-73.970547,41.982264],[-73.970868,41.980599],[-73.970876,41.979743],[-73.970926,41.977656],[-73.963203,41.980672],[-73.960582,41.981211],[-73.956641,41.981058],[-73.956652,41.981018],[-73.960692,41.98115],[-73.963082,41.980587],[-73.970935,41.97752],[-73.973396,41.976592],[-73.979135,41.974796],[-73.982017,41.974217],[-73.984795,41.974035],[-73.988812,41.97435],[-73.989024,41.974376],[-73.991741,41.974709],[-73.99934,41.975644],[-74.003359,41.975989],[-74.003011,41.975276],[-74.002647,41.974815],[-74.002619,41.974105],[-74.002937,41.97366],[-74.003624,41.973005],[-74.004397,41.972528],[-74.005642,41.971887],[-74.006329,41.971632],[-74.009182,41.971024],[-74.010007,41.970775],[-74.01089,41.970344],[-74.011687,41.969773],[-74.012319,41.968786],[-74.012429,41.968353],[-74.012162,41.967635],[-74.011415,41.967221],[-74.011624,41.967146],[-74.01209,41.966972],[-74.01373,41.966434],[-74.014164,41.96643],[-74.014856,41.963403],[-74.015366,41.959603],[-74.016304,41.956732],[-74.017661,41.954793],[-74.019542,41.9531],[-74.023608,41.950224],[-74.030059,41.945606],[-74.030154,41.945529],[-74.031566,41.94429],[-74.031701,41.944157],[-74.031876,41.944285],[-74.032915,41.945355],[-74.033485,41.946107],[-74.036258,41.946489],[-74.037701,41.945804],[-74.038378,41.94456],[-74.037613,41.942178],[-74.037752,41.941774],[-74.038065,41.941359],[-74.038051,41.94121],[-74.038694,41.940102],[-74.040384,41.940089],[-74.044629,41.939366],[-74.048289,41.938518],[-74.049464,41.937909],[-74.05225,41.935599],[-74.053493,41.935659],[-74.056068,41.936954],[-74.057533,41.937207],[-74.053931,41.93481],[-74.052395,41.933843],[-74.051482,41.933256],[-74.051051,41.932808],[-74.050927,41.932345],[-74.050722,41.931466],[-74.050362,41.929974],[-74.04998,41.928599],[-74.049589,41.926847],[-74.0494,41.926011],[-74.048923,41.924036],[-74.048631,41.922838],[-74.048371,41.921732],[-74.048163,41.920864],[-74.04791,41.919765],[-74.047622,41.918515],[-74.045878,41.910665],[-74.045113,41.908601],[-74.044473,41.905091],[-74.043938,41.903853],[-74.043564,41.902224],[-74.046101,41.901566],[-74.046789,41.901376],[-74.05662,41.898723],[-74.059542,41.897897],[-74.063518,41.896789],[-74.065363,41.896278],[-74.06766,41.895642],[-74.068799,41.895326],[-74.076112,41.893323],[-74.078279,41.89273],[-74.085508,41.890737],[-74.089828,41.893302],[-74.084056,41.903708],[-74.087253,41.905434],[-74.088352,41.906028],[-74.089732,41.906773],[-74.090479,41.907139],[-74.090837,41.907364],[-74.097268,41.910833],[-74.098074,41.911339],[-74.101131,41.91299],[-74.106363,41.915938],[-74.124681,41.9259],[-74.132189,41.930118],[-74.132348,41.929913],[-74.13407,41.930963],[-74.160161,41.945677],[-74.160217,41.945644],[-74.168599,41.950588],[-74.173106,41.95325],[-74.17748,41.955844],[-74.180772,41.94908],[-74.181221,41.948128],[-74.181654,41.947527],[-74.183261,41.944192],[-74.189125,41.931823],[-74.192127,41.92545],[-74.192505,41.925327],[-74.193636,41.924013],[-74.197704,41.92379],[-74.201416,41.918278],[-74.207506,41.918556],[-74.208111,41.917639],[-74.214666,41.907757],[-74.215177,41.903888],[-74.217137,41.901844],[-74.217078,41.902056],[-74.230647,41.888441],[-74.236269,41.882805],[-74.236468,41.882641],[-74.241376,41.877774],[-74.246948,41.872492],[-74.250509,41.869272],[-74.253024,41.866808],[-74.258802,41.861166],[-74.266762,41.865515],[-74.267372,41.865848],[-74.284563,41.875092],[-74.285762,41.875384],[-74.287411,41.876459],[-74.293606,41.880234],[-74.298976,41.883147],[-74.299975,41.883683],[-74.308759,41.888443],[-74.319725,41.893632],[-74.329431,41.899442],[-74.355392,41.91307],[-74.366129,41.903485],[-74.369504,41.900569],[-74.374708,41.895462],[-74.397746,41.875132],[-74.409347,41.864377],[-74.412149,41.861779],[-74.41417,41.859904],[-74.419067,41.855359],[-74.421485,41.853104],[-74.426454,41.848483],[-74.421299,41.845729],[-74.417333,41.843613],[-74.413969,41.841827],[-74.377846,41.822535],[-74.376441,41.82179],[-74.37107,41.818908],[-74.359023,41.812025],[-74.335294,41.798469],[-74.333158,41.797286],[-74.329149,41.794964],[-74.326777,41.793611],[-74.32313,41.791522],[-74.308538,41.783182],[-74.307154,41.782356],[-74.304692,41.780972],[-74.303581,41.780337],[-74.302198,41.779575],[-74.301695,41.779287],[-74.29871,41.777876],[-74.296645,41.776698],[-74.295592,41.776113],[-74.293484,41.774907],[-74.292425,41.774312],[-74.291854,41.772729],[-74.290456,41.76795],[-74.289159,41.763511],[-74.288961,41.762905],[-74.288644,41.761962],[-74.286001,41.754753],[-74.283527,41.748667],[-74.282421,41.745719],[-74.28197,41.744519],[-74.281692,41.743936],[-74.278645,41.735646],[-74.273924,41.723139],[-74.272511,41.719208],[-74.267033,41.704388],[-74.266172,41.702108],[-74.266032,41.701427],[-74.270518,41.700355],[-74.271131,41.700131],[-74.271553,41.700233],[-74.280179,41.701567],[-74.283751,41.699007],[-74.288542,41.700385],[-74.299016,41.695762],[-74.303632,41.694589],[-74.307673,41.691627],[-74.311473,41.690518],[-74.315673,41.689263],[-74.317419,41.690073],[-74.319915,41.686211],[-74.327822,41.685301],[-74.332138,41.684801],[-74.337522,41.68163],[-74.342881,41.678242],[-74.34257,41.676699],[-74.343638,41.67633],[-74.345221,41.671882],[-74.346912,41.67049],[-74.34899,41.669354],[-74.353478,41.668594],[-74.356093,41.668884],[-74.357114,41.669416],[-74.365379,41.664192],[-74.366526,41.663459],[-74.374598,41.658218],[-74.385575,41.651041],[-74.389622,41.648547],[-74.390339,41.648083],[-74.395071,41.644876],[-74.394373,41.642562],[-74.392734,41.641419],[-74.392986,41.640157],[-74.39224,41.639295],[-74.391551,41.637101],[-74.391457,41.633455],[-74.388303,41.629285],[-74.386985,41.62889],[-74.387136,41.627455],[-74.386314,41.626099],[-74.386503,41.623987],[-74.387168,41.622661],[-74.386362,41.619372],[-74.38604,41.61824],[-74.384008,41.615197],[-74.382124,41.614892],[-74.380724,41.614125],[-74.380841,41.611751],[-74.37966,41.610744],[-74.379549,41.607322],[-74.37863,41.605545],[-74.377494,41.605653],[-74.375937,41.604574],[-74.375332,41.602929],[-74.376476,41.601772],[-74.376138,41.598189],[-74.375114,41.59691],[-74.373073,41.596263],[-74.370313,41.596507],[-74.366086,41.595622],[-74.365654,41.595092],[-74.364486,41.593783],[-74.365995,41.592401],[-74.368272,41.591701],[-74.367055,41.590977],[-74.36899,41.590258],[-74.370324,41.588481],[-74.374599,41.587589],[-74.377974,41.586385],[-74.379334,41.58734],[-74.380357,41.586819],[-74.380756,41.586158],[-74.383515,41.583879],[-74.386149,41.583132],[-74.388452,41.583642],[-74.389007,41.585295],[-74.390613,41.586221],[-74.391458,41.583704],[-74.390709,41.5823],[-74.392647,41.581926],[-74.393546,41.581958],[-74.395429,41.580693],[-74.396064,41.579255],[-74.395788,41.577113],[-74.397614,41.575094],[-74.399345,41.575495],[-74.401874,41.575332],[-74.403836,41.57425],[-74.404464,41.573101],[-74.406952,41.572321],[-74.408163,41.573805],[-74.408278,41.575175],[-74.409941,41.572835],[-74.409786,41.5718],[-74.411023,41.57123],[-74.410222,41.570467],[-74.408092,41.570394],[-74.407625,41.568885],[-74.408251,41.568311],[-74.409894,41.568217],[-74.413026,41.568742],[-74.413517,41.567905],[-74.41502,41.568051],[-74.416934,41.569821],[-74.418302,41.569651],[-74.417781,41.567911],[-74.419321,41.565626],[-74.418812,41.56432],[-74.419733,41.562426],[-74.421284,41.562426],[-74.422665,41.563033],[-74.42344,41.562643],[-74.423028,41.560078],[-74.425823,41.559302],[-74.426083,41.559268],[-74.428974,41.55882],[-74.429959,41.557993],[-74.429149,41.557009],[-74.428662,41.55686],[-74.426255,41.556485],[-74.426531,41.555943],[-74.428865,41.556079],[-74.430158,41.556033],[-74.431417,41.554665],[-74.430288,41.553842],[-74.434171,41.553541],[-74.434393,41.552976],[-74.436152,41.550699],[-74.435036,41.548497],[-74.434787,41.546688],[-74.435514,41.546117],[-74.438616,41.54733],[-74.438775,41.545046],[-74.437769,41.543576],[-74.439199,41.543023],[-74.441248,41.543576],[-74.442933,41.543449],[-74.444776,41.543912],[-74.445176,41.544094],[-74.445564,41.543867],[-74.446108,41.541261],[-74.443787,41.540923],[-74.443819,41.540102],[-74.443647,41.538962],[-74.444602,41.537233],[-74.447921,41.535379],[-74.447939,41.534353],[-74.450465,41.532955],[-74.453527,41.53263],[-74.45454,41.533369],[-74.45604,41.531884],[-74.45545,41.530112],[-74.457462,41.529361],[-74.456989,41.527784],[-74.459025,41.526746],[-74.46024,41.524656],[-74.461329,41.52468],[-74.462356,41.523563],[-74.465748,41.522862],[-74.46484,41.519375],[-74.465729,41.518326],[-74.465616,41.516882],[-74.466977,41.515983],[-74.468195,41.515886],[-74.46889,41.514042],[-74.472685,41.512443],[-74.47246,41.511451],[-74.473336,41.511369],[-74.474084,41.51103],[-74.476092,41.510399],[-74.474055,41.508734],[-74.473948,41.506899],[-74.475811,41.505622],[-74.475591,41.504334],[-74.475619,41.503953],[-74.482781,41.50426],[-74.484787,41.504],[-74.487029,41.503616],[-74.487574,41.504375],[-74.488352,41.503735],[-74.490566,41.503936],[-74.491691,41.503495],[-74.493801,41.504447],[-74.494148,41.504089],[-74.495358,41.504447],[-74.496341,41.503669],[-74.501171,41.503458],[-74.519529,41.502781],[-74.526838,41.502478],[-74.527333,41.502458],[-74.529751,41.502394],[-74.54932,41.501545],[-74.55129,41.501472],[-74.551842,41.501451],[-74.555315,41.501324],[-74.557414,41.501241],[-74.56092,41.5006],[-74.571897,41.500093],[-74.575379,41.500093],[-74.592761,41.499359],[-74.595667,41.499246],[-74.601847,41.499079],[-74.619202,41.498454],[-74.619751,41.498446],[-74.620472,41.498421],[-74.643093,41.497667],[-74.6455,41.497579],[-74.646002,41.49756],[-74.646899,41.497527],[-74.648381,41.497473],[-74.665454,41.496853],[-74.673656,41.496556],[-74.717214,41.494976],[-74.721097,41.494835],[-74.721606,41.494816],[-74.729631,41.494524],[-74.740238,41.494139],[-74.749685,41.493797],[-74.751895,41.493756],[-74.752399,41.493743],[-74.753115,41.492389],[-74.755008,41.491405],[-74.760654,41.49079],[-74.761435,41.490245],[-74.762042,41.488065],[-74.759741,41.485045],[-74.760039,41.482856],[-74.759648,41.481856],[-74.758309,41.480877],[-74.755546,41.479564],[-74.755514,41.479537],[-74.754132,41.478259],[-74.754343,41.476294],[-74.752975,41.474385],[-74.752344,41.472643],[-74.752956,41.468087],[-74.75245,41.46699],[-74.750853,41.465698],[-74.750412,41.46433],[-74.752003,41.462956],[-74.756627,41.461407],[-74.75984,41.46079],[-74.759759,41.458893],[-74.758575,41.454476],[-74.760017,41.452264],[-74.7613,41.450012],[-74.762466,41.449525],[-74.762623,41.445528],[-74.762309,41.444352],[-74.759483,41.442588],[-74.758897,41.440743],[-74.756578,41.436827],[-74.756107,41.433947],[-74.755087,41.433182],[-74.752575,41.433241],[-74.751868,41.432477],[-74.752889,41.430302],[-74.755479,41.429479],[-74.756421,41.428009],[-74.75593,41.426753],[-74.754994,41.425302],[-74.754606,41.424883],[-74.750936,41.427857],[-74.744776,41.430376],[-74.741456,41.431154],[-74.739487,41.431004],[-74.736936,41.429434],[-74.735131,41.4268],[-74.734611,41.424128],[-74.734863,41.421904],[-74.736602,41.418183],[-74.73767,41.415251],[-74.73896,41.413152],[-74.740441,41.41216],[-74.741242,41.410778],[-74.741735,41.408777],[-74.741628,41.406448],[-74.741219,41.405425],[-74.73601,41.39833],[-74.734571,41.397402],[-74.729028,41.395331],[-74.72336,41.394951],[-74.71948,41.394528],[-74.716358,41.39302],[-74.713316,41.389939],[-74.712155,41.3879],[-74.710969,41.383713],[-74.709252,41.380312],[-74.707306,41.378093],[-74.703013,41.375047],[-74.697143,41.371729],[-74.694104,41.370105],[-74.691379,41.367423],[-74.69003,41.365229],[-74.689561,41.362689],[-74.689754,41.361747],[-74.691152,41.360536],[-74.69535,41.357855],[-74.695463,41.357736],[-74.694807,41.357274],[-74.693893,41.35687],[-74.690916,41.355543],[-74.685353,41.35297],[-74.674902,41.348221],[-74.673926,41.347772],[-74.65119,41.337378],[-74.641582,41.332941],[-74.630973,41.328145],[-74.629743,41.327582],[-74.616518,41.321556],[-74.607646,41.317519],[-74.596669,41.312527],[-74.592653,41.310695],[-74.58663,41.30796],[-74.581493,41.305641],[-74.573299,41.30195],[-74.569202,41.300091],[-74.564114,41.297766],[-74.562461,41.297002],[-74.562367,41.296964],[-74.562285,41.296934],[-74.56093,41.296323],[-74.556376,41.294252],[-74.546013,41.289543],[-74.53669,41.285265],[-74.536653,41.285247],[-74.518206,41.276536],[-74.507514,41.271529],[-74.491263,41.263469],[-74.476948,41.257097],[-74.473089,41.255374],[-74.457862,41.248427],[-74.455269,41.247185],[-74.450201,41.244766],[-74.439651,41.239683],[-74.43871,41.239236],[-74.438082,41.238928],[-74.432715,41.236334],[-74.428752,41.234415],[-74.423293,41.231732],[-74.418819,41.22951],[-74.413368,41.226801],[-74.400337,41.220322],[-74.396701,41.218505],[-74.385178,41.212472],[-74.383056,41.211358],[-74.378813,41.209137],[-74.371041,41.205077],[-74.365967,41.202442],[-74.355228,41.197049],[-74.346416,41.192734],[-74.342642,41.19099],[-74.334051,41.18702],[-74.331299,41.18575],[-74.330675,41.185457],[-74.326409,41.183607],[-74.322344,41.181788],[-74.321846,41.181559],[-74.319696,41.180612],[-74.299911,41.171871],[-74.280665,41.163486],[-74.279677,41.163055],[-74.267017,41.157721],[-74.250737,41.150168],[-74.243175,41.146868],[-74.243223,41.148731],[-74.243723,41.155356],[-74.243729,41.155774],[-74.245884,41.186686],[-74.246377,41.203418],[-74.246894,41.211768],[-74.247392,41.220109],[-74.247558,41.229373],[-74.247858,41.246623],[-74.247927,41.249275],[-74.247928,41.253371],[-74.247922,41.257118],[-74.247916,41.260997],[-74.247899,41.272134],[-74.241308,41.282635],[-74.240271,41.284366],[-74.239681,41.285318],[-74.239664,41.285347],[-74.239316,41.285978],[-74.238928,41.286597],[-74.238529,41.287231],[-74.234876,41.292938],[-74.232332,41.296936],[-74.230308,41.300187],[-74.230251,41.300788],[-74.230101,41.302498],[-74.229834,41.305164],[-74.22973,41.306273],[-74.229615,41.307437],[-74.229555,41.308188],[-74.229408,41.31006],[-74.229351,41.310602],[-74.229226,41.311815],[-74.229158,41.312505],[-74.229147,41.312639],[-74.229059,41.313709],[-74.228884,41.315519],[-74.228624,41.318122],[-74.228541,41.318948],[-74.228456,41.320011],[-74.22817,41.322873],[-74.219935,41.328485],[-74.217944,41.329764],[-74.217281,41.330202],[-74.217097,41.330324],[-74.216238,41.330924],[-74.216167,41.331026],[-74.213994,41.332466],[-74.213128,41.333032],[-74.210967,41.334448],[-74.209564,41.335436],[-74.208067,41.336491],[-74.19686,41.343775],[-74.194387,41.343891],[-74.194277,41.343964],[-74.193502,41.3459],[-74.19343,41.346079],[-74.192085,41.347019],[-74.190704,41.34794],[-74.189765,41.348528],[-74.189971,41.356413],[-74.186982,41.359028],[-74.186514,41.359434],[-74.184589,41.361119],[-74.184098,41.360788],[-74.179098,41.35742],[-74.176812,41.356145],[-74.175227,41.355286],[-74.174711,41.355023],[-74.168406,41.351427],[-74.166686,41.350373],[-74.16244,41.347763],[-74.156198,41.343956],[-74.156071,41.343884],[-74.155938,41.342082],[-74.155639,41.338026],[-74.155459,41.336059],[-74.155451,41.335959],[-74.155407,41.335468],[-74.155214,41.332322],[-74.155214,41.331734],[-74.154632,41.331941],[-74.1544,41.329956],[-74.153674,41.328362],[-74.153312,41.327568],[-74.151591,41.323783],[-74.150928,41.322323],[-74.150691,41.321815],[-74.150546,41.321497],[-74.150146,41.320616],[-74.14786,41.315486],[-74.147653,41.315016],[-74.147463,41.31458],[-74.14713,41.313847],[-74.147054,41.313666],[-74.146857,41.313166],[-74.146621,41.312652],[-74.146415,41.312257],[-74.145692,41.310292],[-74.145431,41.309423],[-74.145379,41.308867],[-74.145361,41.308675],[-74.145269,41.307671],[-74.145279,41.304606],[-74.145316,41.302417],[-74.145328,41.30226],[-74.145473,41.300523],[-74.14542,41.300528],[-74.145422,41.300187],[-74.145422,41.300129],[-74.145405,41.297294],[-74.145777,41.285971],[-74.144563,41.286301],[-74.141935,41.286994],[-74.141677,41.28707],[-74.140814,41.287314],[-74.140452,41.287417],[-74.139061,41.287767],[-74.136799,41.288376],[-74.131994,41.285308],[-74.131261,41.284867],[-74.126623,41.289714],[-74.12407,41.292663],[-74.120231,41.290628],[-74.119266,41.290096],[-74.11625,41.288509],[-74.111863,41.286185],[-74.10853,41.284409],[-74.104059,41.281762],[-74.096255,41.277645],[-74.095921,41.277645],[-74.091026,41.274675],[-74.089596,41.273806],[-74.089498,41.273752],[-74.085853,41.271564],[-74.085423,41.271303],[-74.08442,41.270651],[-74.069505,41.261794],[-74.02668,41.29283],[-74.026509,41.292943],[-74.025978,41.2933],[-74.024113,41.294502],[-74.022206,41.29587],[-74.011777,41.303347],[-74.009828,41.304702],[-74.005935,41.307401],[-74.001994,41.310229],[-74.001304,41.310729],[-73.99934,41.312204],[-73.998785,41.312619],[-73.998733,41.312658],[-73.997785,41.31325],[-73.990838,41.31801],[-73.988305,41.320021],[-73.986746,41.320963],[-73.986338,41.321254],[-73.984951,41.322204],[-73.981384,41.324693],[-73.982532,41.321824],[-73.979503,41.322161],[-73.97934,41.322179],[-73.976143,41.322503],[-73.96019,41.324147],[-73.9523,41.324918],[-73.947142,41.325582],[-73.934533,41.326846],[-73.931781,41.327122],[-73.931645,41.327137],[-73.927171,41.327604],[-73.926846,41.32764],[-73.926331,41.327676],[-73.918286,41.328532],[-73.914027,41.32897],[-73.913104,41.329056],[-73.909468,41.329466],[-73.908186,41.329592],[-73.90479,41.329955],[-73.893433,41.33115]]]]}},{"type":"Feature","properties":{"id":19,"NAME":"19","TotalPop":776888,"PopDevPct":-0.00010697,"DemPct":0.46939965,"RepPct":0.52360369,"WhitePct":0.81868921,"MinorityPct":0.18131079,"BlackPct":0.06180662,"HispanicPct":0.05978156,"PacificPct":0.00123957,"AsianPct":0.03665984,"NativePct":0.01967386,"TotalVAP":627635,"Margin":-0.03060035,"color":"#ff9999","opacity":"0.5"},"geometry":{"type":"MultiPolygon","coordinates":[[[[-75.718648,42.931206],[-75.732901,42.931193],[-75.750268,42.931175],[-75.771912,42.931397],[-75.777113,42.93138],[-75.778862,42.931288],[-75.787073,42.931403],[-75.81765,42.931244],[-75.816947,42.920231],[-75.816934,42.919999],[-75.81679,42.919986],[-75.816144,42.911027],[-75.816109,42.910538],[-75.815716,42.905073],[-75.815379,42.898937],[-75.814939,42.891797],[-75.814778,42.889181],[-75.814401,42.885364],[-75.813396,42.871381],[-75.813534,42.871415],[-75.813745,42.871469],[-75.813486,42.870397],[-75.813279,42.869539],[-75.81243,42.857168],[-75.812299,42.855423],[-75.811819,42.848261],[-75.811576,42.844996],[-75.811088,42.838499],[-75.810944,42.83659],[-75.810598,42.830421],[-75.810492,42.829314],[-75.81307,42.829072],[-75.818571,42.828859],[-75.821459,42.82874],[-75.822717,42.828693],[-75.835457,42.828189],[-75.838793,42.828062],[-75.843597,42.827876],[-75.855104,42.827333],[-75.862779,42.827105],[-75.866033,42.826982],[-75.876911,42.826548],[-75.88958,42.826246],[-75.89326,42.825907],[-75.89371,42.825864],[-75.89864,42.825539],[-75.89787,42.814886],[-75.897778,42.814059],[-75.897591,42.811889],[-75.897235,42.806858],[-75.897084,42.805479],[-75.896956,42.801327],[-75.896627,42.798525],[-75.896079,42.790964],[-75.894295,42.775268],[-75.894125,42.773539],[-75.893184,42.762657],[-75.89253,42.755715],[-75.892324,42.754054],[-75.892211,42.75271],[-75.891055,42.738189],[-75.889832,42.723844],[-75.889546,42.720494],[-75.88903,42.714433],[-75.887404,42.696401],[-75.886967,42.69167],[-75.885461,42.674645],[-75.885433,42.674327],[-75.884016,42.657675],[-75.883843,42.655634],[-75.883242,42.648535],[-75.882325,42.637695],[-75.882245,42.636731],[-75.881955,42.633313],[-75.881565,42.628699],[-75.879245,42.601869],[-75.879098,42.598507],[-75.877502,42.579406],[-75.8772,42.577362],[-75.877159,42.575737],[-75.876329,42.5659],[-75.876046,42.563091],[-75.874356,42.543999],[-75.874224,42.542716],[-75.873868,42.539234],[-75.872611,42.524771],[-75.872482,42.523286],[-75.871365,42.510401],[-75.870352,42.499135],[-75.86968,42.490218],[-75.869124,42.482133],[-75.868676,42.475847],[-75.868327,42.471626],[-75.867514,42.45992],[-75.866573,42.447703],[-75.866224,42.442391],[-75.865552,42.432169],[-75.865538,42.43196],[-75.865339,42.428918],[-75.865325,42.428846],[-75.865029,42.427259],[-75.865145,42.426039],[-75.865055,42.425229],[-75.864742,42.422399],[-75.864692,42.421946],[-75.86402,42.415702],[-75.867507,42.415419],[-75.878386,42.414927],[-75.879413,42.414797],[-75.882481,42.41465],[-75.884384,42.414556],[-75.898339,42.413858],[-75.90477,42.413525],[-75.912376,42.413133],[-75.919723,42.4127],[-75.933971,42.412129],[-75.94168,42.411826],[-75.941948,42.411816],[-75.944833,42.411697],[-75.94723,42.411602],[-75.951629,42.411427],[-75.962377,42.410917],[-75.972823,42.410479],[-75.977783,42.410274],[-75.981306,42.410159],[-75.98656,42.409989],[-76.014612,42.40914],[-76.015383,42.40912],[-76.017625,42.409061],[-76.021374,42.409008],[-76.021068,42.410978],[-76.021198,42.411228],[-76.022236,42.412761],[-76.022689,42.412706],[-76.024308,42.41267],[-76.042441,42.412273],[-76.044113,42.412237],[-76.048411,42.412143],[-76.057633,42.411941],[-76.067638,42.411723],[-76.06842,42.411707],[-76.070289,42.411657],[-76.097046,42.411083],[-76.108657,42.410831],[-76.11201,42.410758],[-76.11796,42.410628],[-76.119921,42.410586],[-76.125637,42.410454],[-76.127303,42.410402],[-76.130181,42.410337],[-76.129743,42.403178],[-76.129673,42.402038],[-76.124521,42.402013],[-76.124484,42.395159],[-76.124467,42.392001],[-76.122962,42.391902],[-76.120348,42.381294],[-76.120211,42.380738],[-76.122854,42.380787],[-76.12265,42.376868],[-76.122573,42.374238],[-76.122439,42.367187],[-76.119212,42.367155],[-76.114636,42.367109],[-76.114554,42.366971],[-76.114551,42.364235],[-76.114587,42.36243],[-76.114618,42.357284],[-76.111942,42.357266],[-76.111797,42.354635],[-76.111403,42.347318],[-76.109912,42.347344],[-76.109763,42.344914],[-76.109286,42.337325],[-76.1129,42.337279],[-76.116702,42.33723],[-76.116357,42.326566],[-76.112427,42.326523],[-76.112401,42.318603],[-76.112031,42.318611],[-76.106394,42.318732],[-76.106254,42.310346],[-76.101622,42.310395],[-76.101593,42.303328],[-76.099115,42.303398],[-76.098759,42.293653],[-76.101028,42.293645],[-76.105915,42.293543],[-76.106572,42.29353],[-76.106582,42.287356],[-76.101226,42.287288],[-76.100608,42.278422],[-76.100309,42.27843],[-76.091862,42.278654],[-76.087728,42.278752],[-76.087252,42.271676],[-76.083445,42.271812],[-76.082815,42.264742],[-76.081214,42.264711],[-76.080666,42.257985],[-76.086011,42.257823],[-76.088707,42.257739],[-76.096629,42.25745],[-76.096346,42.249521],[-76.090908,42.249636],[-76.090594,42.244225],[-76.088933,42.244234],[-76.087197,42.244237],[-76.086848,42.240298],[-76.086498,42.234863],[-76.084688,42.234474],[-76.084499,42.230471],[-76.081134,42.230495],[-76.081095,42.229392],[-76.081116,42.22761],[-76.081118,42.227488],[-76.081112,42.224886],[-76.081088,42.218643],[-76.081889,42.218641],[-76.081547,42.213057],[-76.08142,42.21101],[-76.081906,42.21099],[-76.085623,42.210841],[-76.085411,42.207928],[-76.085325,42.206823],[-76.085211,42.205464],[-76.085216,42.20529],[-76.084898,42.199288],[-76.084195,42.199316],[-76.08402,42.196614],[-76.083717,42.193849],[-76.087318,42.19361],[-76.087008,42.187705],[-76.086683,42.186858],[-76.102,42.186203],[-76.116225,42.18561],[-76.116257,42.185146],[-76.116206,42.184274],[-76.116237,42.184266],[-76.116247,42.184238],[-76.116241,42.183943],[-76.11615,42.18016],[-76.115778,42.177884],[-76.115741,42.177071],[-76.114593,42.16033],[-76.114033,42.153418],[-76.114052,42.152945],[-76.114058,42.15278],[-76.113037,42.136634],[-76.111493,42.112486],[-76.108366,42.112322],[-76.107559,42.112358],[-76.107191,42.102021],[-76.108619,42.101953],[-76.108562,42.101256],[-76.111534,42.10117],[-76.111494,42.100442],[-76.110935,42.095331],[-76.109839,42.084216],[-76.108977,42.075815],[-76.108947,42.075161],[-76.108948,42.075111],[-76.108948,42.074751],[-76.108949,42.074574],[-76.108922,42.074331],[-76.108838,42.073316],[-76.108377,42.067949],[-76.108353,42.067648],[-76.108325,42.067345],[-76.108312,42.067221],[-76.108234,42.066408],[-76.106909,42.051961],[-76.106429,42.047411],[-76.106033,42.043683],[-76.105794,42.041275],[-76.105293,42.036228],[-76.104829,42.031568],[-76.106268,42.031174],[-76.106262,42.027905],[-76.105823,42.009651],[-76.10584,41.998914],[-76.090893,41.998945],[-76.064688,41.999014],[-76.037954,41.999033],[-76.005367,41.999008],[-76.000918,41.999019],[-75.993563,41.999019],[-75.98025,41.999035],[-75.958407,41.998987],[-75.953727,41.998987],[-75.936007,41.998854],[-75.899151,41.998636],[-75.88857,41.998565],[-75.870662,41.998438],[-75.857532,41.998348],[-75.833213,41.998179],[-75.793019,41.997975],[-75.788787,41.997952],[-75.788657,41.997951],[-75.764683,41.997856],[-75.76373,41.997867],[-75.763549,41.997868],[-75.762468,41.997876],[-75.761186,41.997892],[-75.757165,41.997926],[-75.756332,41.997932],[-75.752288,41.997949],[-75.751759,41.997952],[-75.74223,41.998047],[-75.73163,41.998139],[-75.724573,41.998196],[-75.695914,41.99842],[-75.692904,41.99844],[-75.688697,41.998462],[-75.672322,41.998544],[-75.652847,41.998644],[-75.634766,41.998765],[-75.609648,41.998874],[-75.608252,41.998879],[-75.606979,41.998884],[-75.602709,41.9989],[-75.584848,41.998951],[-75.579349,41.998962],[-75.553073,41.999034],[-75.544345,41.999062],[-75.538825,41.99908],[-75.501717,41.999207],[-75.482061,41.999249],[-75.467523,41.99926],[-75.46571,41.999272],[-75.437063,41.999345],[-75.436862,41.999326],[-75.429951,41.999382],[-75.401631,41.999456],[-75.398431,41.999456],[-75.361557,41.999552],[-75.360526,41.999554],[-75.359645,41.999554],[-75.354722,41.997472],[-75.349948,41.995958],[-75.346568,41.995324],[-75.341967,41.99339],[-75.34064,41.992418],[-75.339537,41.99081],[-75.33875,41.988699],[-75.337617,41.987241],[-75.337546,41.984265],[-75.339494,41.980387],[-75.340234,41.977539],[-75.341878,41.975351],[-75.342275,41.97327],[-75.341591,41.972216],[-75.337853,41.970368],[-75.336557,41.970874],[-75.329089,41.968577],[-75.327334,41.967184],[-75.326309,41.965231],[-75.322492,41.961951],[-75.319537,41.960106],[-75.318248,41.957232],[-75.31818,41.95471],[-75.317533,41.953578],[-75.315098,41.952497],[-75.312916,41.950198],[-75.310941,41.949103],[-75.308765,41.948757],[-75.307279,41.949142],[-75.302585,41.948012],[-75.300874,41.948603],[-75.301653,41.952268],[-75.300475,41.953838],[-75.297518,41.954685],[-75.296096,41.954659],[-75.293316,41.954347],[-75.291423,41.9523],[-75.291734,41.949392],[-75.29158,41.94647],[-75.290554,41.944371],[-75.288525,41.942458],[-75.284771,41.941981],[-75.281424,41.939795],[-75.279506,41.939241],[-75.27907,41.939006],[-75.278989,41.938949],[-75.278507,41.93591],[-75.276948,41.932886],[-75.277016,41.931447],[-75.276501,41.926679],[-75.276858,41.924097],[-75.276721,41.922515],[-75.275867,41.920537],[-75.273297,41.916659],[-75.271247,41.914067],[-75.267734,41.907868],[-75.26718,41.905107],[-75.267296,41.90303],[-75.268347,41.901262],[-75.272138,41.897846],[-75.273035,41.896313],[-75.272039,41.889983],[-75.27136,41.887513],[-75.269962,41.886518],[-75.263652,41.885228],[-75.260623,41.883783],[-75.258789,41.880685],[-75.25746,41.876842],[-75.258283,41.875075],[-75.261682,41.872964],[-75.264072,41.870754],[-75.264049,41.868684],[-75.26159,41.86494],[-75.257584,41.861957],[-75.254259,41.862194],[-75.250981,41.862007],[-75.248793,41.862739],[-75.244919,41.865913],[-75.243345,41.866877],[-75.241147,41.867252],[-75.238659,41.865614],[-75.23676,41.863982],[-75.234565,41.861569],[-75.231143,41.85924],[-75.229208,41.859246],[-75.226151,41.857595],[-75.223166,41.857916],[-75.219089,41.861733],[-75.217207,41.864919],[-75.215409,41.867018],[-75.213758,41.867739],[-75.209569,41.869319],[-75.206467,41.869899],[-75.20409,41.869893],[-75.202717,41.869345],[-75.19917,41.869158],[-75.194904,41.86758],[-75.192344,41.865948],[-75.191161,41.864787],[-75.190177,41.862796],[-75.188469,41.861162],[-75.185358,41.860063],[-75.183343,41.861092],[-75.182186,41.862378],[-75.180823,41.864687],[-75.179719,41.868268],[-75.178355,41.870585],[-75.176318,41.872423],[-75.173268,41.872478],[-75.170565,41.871608],[-75.169136,41.870342],[-75.16795,41.867517],[-75.168603,41.860289],[-75.168055,41.857968],[-75.165945,41.854709],[-75.165498,41.853239],[-75.163965,41.85129],[-75.161145,41.849767],[-75.157655,41.848692],[-75.15468,41.848455],[-75.151504,41.849071],[-75.146293,41.85123],[-75.144744,41.851677],[-75.14144,41.852209],[-75.139876,41.852058],[-75.138474,41.850721],[-75.134991,41.848495],[-75.131993,41.845755],[-75.130478,41.845164],[-75.126223,41.845152],[-75.121763,41.846115],[-75.119372,41.846184],[-75.116595,41.845449],[-75.114746,41.844209],[-75.113332,41.841667],[-75.113145,41.836165],[-75.114401,41.831731],[-75.115016,41.827058],[-75.113646,41.823477],[-75.111841,41.822152],[-75.108331,41.821391],[-75.103886,41.819669],[-75.100565,41.818927],[-75.096878,41.815684],[-75.095155,41.814451],[-75.090799,41.811991],[-75.08988,41.811701],[-75.085525,41.811712],[-75.081577,41.814225],[-75.079362,41.8151],[-75.077329,41.815359],[-75.07476,41.815294],[-75.072248,41.814131],[-75.071509,41.811304],[-75.072192,41.807297],[-75.073515,41.803509],[-75.075652,41.799555],[-75.076675,41.798537],[-75.07907,41.79704],[-75.082126,41.796496],[-75.083669,41.796626],[-75.086684,41.797575],[-75.090532,41.797414],[-75.092638,41.79666],[-75.095784,41.792949],[-75.100538,41.789276],[-75.102214,41.786434],[-75.103948,41.78015],[-75.103879,41.776048],[-75.104711,41.774384],[-75.103492,41.771238],[-75.101895,41.769609],[-75.100197,41.769014],[-75.095299,41.768453],[-75.09281,41.768361],[-75.087182,41.769392],[-75.079938,41.771432],[-75.07577,41.771667],[-75.074099,41.77091],[-75.073318,41.769857],[-75.072464,41.768548],[-75.068554,41.767322],[-75.064758,41.766687],[-75.061251,41.764799],[-75.059633,41.762994],[-75.057007,41.758555],[-75.056016,41.756153],[-75.054815,41.755016],[-75.053197,41.752425],[-75.052951,41.751206],[-75.053088,41.748252],[-75.052679,41.744826],[-75.054721,41.736487],[-75.054787,41.734412],[-75.053958,41.730087],[-75.053864,41.729195],[-75.053557,41.726868],[-75.05218,41.722348],[-75.051831,41.719921],[-75.049652,41.715472],[-75.049848,41.713066],[-75.051155,41.711678],[-75.05311,41.711521],[-75.059203,41.71281],[-75.063394,41.713058],[-75.066222,41.71276],[-75.067507,41.71214],[-75.068917,41.709794],[-75.068683,41.708021],[-75.066817,41.704918],[-75.06373,41.702959],[-75.059936,41.699978],[-75.056032,41.694629],[-75.053938,41.690905],[-75.052627,41.68811],[-75.052295,41.684991],[-75.051121,41.681955],[-75.051252,41.680018],[-75.053334,41.677987],[-75.05798,41.675209],[-75.059425,41.673537],[-75.059041,41.670445],[-75.058448,41.669686],[-75.057238,41.668715],[-75.05474,41.668631],[-75.053996,41.668074],[-75.052635,41.665478],[-75.0508,41.663616],[-75.050207,41.662534],[-75.04888,41.657808],[-75.049192,41.650055],[-75.048661,41.647212],[-75.047726,41.645662],[-75.049188,41.642979],[-75.049497,41.641562],[-75.048867,41.638979],[-75.048855,41.63537],[-75.048488,41.632494],[-75.046203,41.627989],[-75.045274,41.6257],[-75.043884,41.624121],[-75.043635,41.622828],[-75.044494,41.620512],[-75.044274,41.617644],[-75.045773,41.615852],[-75.048381,41.615922],[-75.05162,41.6179],[-75.05302,41.618515],[-75.05582,41.618486],[-75.059731,41.617556],[-75.061329,41.616685],[-75.061537,41.615274],[-75.059937,41.61226],[-75.059728,41.610415],[-75.061754,41.609729],[-75.064245,41.609312],[-75.06823,41.61022],[-75.071633,41.609474],[-75.074475,41.608125],[-75.074354,41.605911],[-75.073144,41.604664],[-75.069698,41.602002],[-75.066955,41.599428],[-75.062718,41.593799],[-75.060996,41.592017],[-75.060012,41.590813],[-75.0573,41.589414],[-75.052934,41.587894],[-75.047246,41.583682],[-75.046482,41.582769],[-75.044915,41.579027],[-75.043904,41.574702],[-75.04049,41.569688],[-75.037792,41.567598],[-75.033188,41.565069],[-75.030881,41.56479],[-75.028435,41.564603],[-75.027343,41.563541],[-75.02455,41.559231],[-75.02238,41.556381],[-75.020682,41.554808],[-75.018804,41.552436],[-75.017814,41.549915],[-75.016128,41.546592],[-75.015859,41.545195],[-75.016466,41.543346],[-75.0179,41.5425],[-75.021664,41.541942],[-75.0247,41.540131],[-75.025024,41.537929],[-75.024638,41.535011],[-75.02371,41.533428],[-75.022699,41.533003],[-75.016797,41.532195],[-75.011139,41.529318],[-75.008017,41.527474],[-75.003212,41.523481],[-75.001297,41.52065],[-75.000749,41.518597],[-75.000956,41.517593],[-75.002592,41.51456],[-75.003715,41.511582],[-75.003682,41.508507],[-75.001541,41.507552],[-74.99933,41.507523],[-74.996308,41.508406],[-74.991951,41.509021],[-74.987491,41.508819],[-74.985443,41.507834],[-74.983734,41.505463],[-74.982558,41.501076],[-74.98227,41.498685],[-74.982816,41.495605],[-74.984805,41.491159],[-74.985629,41.486883],[-74.985396,41.484645],[-74.98447,41.482619],[-74.982821,41.480508],[-74.981804,41.479949],[-74.976513,41.479173],[-74.972803,41.47824],[-74.966984,41.477037],[-74.963192,41.476722],[-74.95823,41.476581],[-74.955375,41.477177],[-74.94808,41.480625],[-74.946041,41.483087],[-74.943415,41.483681],[-74.937957,41.483301],[-74.933653,41.482703],[-74.932312,41.482145],[-74.926835,41.478327],[-74.923366,41.476995],[-74.918485,41.477186],[-74.913694,41.47628],[-74.91275,41.475825],[-74.910209,41.473961],[-74.909424,41.472981],[-74.907964,41.467404],[-74.907939,41.463849],[-74.906553,41.460876],[-74.904124,41.459867],[-74.894768,41.458145],[-74.891199,41.456544],[-74.890308,41.455809],[-74.889351,41.453137],[-74.889098,41.45143],[-74.889936,41.450092],[-74.8934,41.447742],[-74.894855,41.446191],[-74.896358,41.442348],[-74.896427,41.440911],[-74.895128,41.439335],[-74.892625,41.438617],[-74.88901,41.438165],[-74.885718,41.438988],[-74.879388,41.439796],[-74.876721,41.440338],[-74.871408,41.441831],[-74.869618,41.442713],[-74.863142,41.444387],[-74.857653,41.444156],[-74.853909,41.443146],[-74.847431,41.43931],[-74.846072,41.437887],[-74.842997,41.435679],[-74.839639,41.433691],[-74.837795,41.432111],[-74.835857,41.431095],[-74.83277,41.430399],[-74.829256,41.430691],[-74.826858,41.431392],[-74.824877,41.433173],[-74.823582,41.435805],[-74.822584,41.437014],[-74.819656,41.439317],[-74.817995,41.440505],[-74.812488,41.442802],[-74.8106,41.443114],[-74.808242,41.44292],[-74.805158,41.441853],[-74.801403,41.43867],[-74.800253,41.436274],[-74.799986,41.432845],[-74.799256,41.430806],[-74.796227,41.425223],[-74.79423,41.422851],[-74.790848,41.42168],[-74.788286,41.421491],[-74.782713,41.422849],[-74.778817,41.424905],[-74.777068,41.425487],[-74.772707,41.426342],[-74.770502,41.42611],[-74.767875,41.42493],[-74.763701,41.423613],[-74.76156,41.423183],[-74.758587,41.423287],[-74.754606,41.424883],[-74.754994,41.425302],[-74.75593,41.426753],[-74.756421,41.428009],[-74.755479,41.429479],[-74.752889,41.430302],[-74.751868,41.432477],[-74.752575,41.433241],[-74.755087,41.433182],[-74.756107,41.433947],[-74.756578,41.436827],[-74.758897,41.440743],[-74.759483,41.442588],[-74.762309,41.444352],[-74.762623,41.445528],[-74.762466,41.449525],[-74.7613,41.450012],[-74.760017,41.452264],[-74.758575,41.454476],[-74.759759,41.458893],[-74.75984,41.46079],[-74.756627,41.461407],[-74.752003,41.462956],[-74.750412,41.46433],[-74.750853,41.465698],[-74.75245,41.46699],[-74.752956,41.468087],[-74.752344,41.472643],[-74.752975,41.474385],[-74.754343,41.476294],[-74.754132,41.478259],[-74.755514,41.479537],[-74.755546,41.479564],[-74.758309,41.480877],[-74.759648,41.481856],[-74.760039,41.482856],[-74.759741,41.485045],[-74.762042,41.488065],[-74.761435,41.490245],[-74.760654,41.49079],[-74.755008,41.491405],[-74.753115,41.492389],[-74.752399,41.493743],[-74.751895,41.493756],[-74.749685,41.493797],[-74.740238,41.494139],[-74.729631,41.494524],[-74.721606,41.494816],[-74.721097,41.494835],[-74.717214,41.494976],[-74.673656,41.496556],[-74.665454,41.496853],[-74.648381,41.497473],[-74.646899,41.497527],[-74.646002,41.49756],[-74.6455,41.497579],[-74.643093,41.497667],[-74.620472,41.498421],[-74.619751,41.498446],[-74.619202,41.498454],[-74.601847,41.499079],[-74.595667,41.499246],[-74.592761,41.499359],[-74.575379,41.500093],[-74.571897,41.500093],[-74.56092,41.5006],[-74.557414,41.501241],[-74.555315,41.501324],[-74.551842,41.501451],[-74.55129,41.501472],[-74.54932,41.501545],[-74.529751,41.502394],[-74.527333,41.502458],[-74.526838,41.502478],[-74.519529,41.502781],[-74.501171,41.503458],[-74.496341,41.503669],[-74.495358,41.504447],[-74.494148,41.504089],[-74.493801,41.504447],[-74.491691,41.503495],[-74.490566,41.503936],[-74.488352,41.503735],[-74.487574,41.504375],[-74.487029,41.503616],[-74.484787,41.504],[-74.482781,41.50426],[-74.475619,41.503953],[-74.475591,41.504334],[-74.475811,41.505622],[-74.473948,41.506899],[-74.474055,41.508734],[-74.476092,41.510399],[-74.474084,41.51103],[-74.473336,41.511369],[-74.47246,41.511451],[-74.472685,41.512443],[-74.46889,41.514042],[-74.468195,41.515886],[-74.466977,41.515983],[-74.465616,41.516882],[-74.465729,41.518326],[-74.46484,41.519375],[-74.465748,41.522862],[-74.462356,41.523563],[-74.461329,41.52468],[-74.46024,41.524656],[-74.459025,41.526746],[-74.456989,41.527784],[-74.457462,41.529361],[-74.45545,41.530112],[-74.45604,41.531884],[-74.45454,41.533369],[-74.453527,41.53263],[-74.450465,41.532955],[-74.447939,41.534353],[-74.447921,41.535379],[-74.444602,41.537233],[-74.443647,41.538962],[-74.443819,41.540102],[-74.443787,41.540923],[-74.446108,41.541261],[-74.445564,41.543867],[-74.445176,41.544094],[-74.444776,41.543912],[-74.442933,41.543449],[-74.441248,41.543576],[-74.439199,41.543023],[-74.437769,41.543576],[-74.438775,41.545046],[-74.438616,41.54733],[-74.435514,41.546117],[-74.434787,41.546688],[-74.435036,41.548497],[-74.436152,41.550699],[-74.434393,41.552976],[-74.434171,41.553541],[-74.430288,41.553842],[-74.431417,41.554665],[-74.430158,41.556033],[-74.428865,41.556079],[-74.426531,41.555943],[-74.426255,41.556485],[-74.428662,41.55686],[-74.429149,41.557009],[-74.429959,41.557993],[-74.428974,41.55882],[-74.426083,41.559268],[-74.425823,41.559302],[-74.423028,41.560078],[-74.42344,41.562643],[-74.422665,41.563033],[-74.421284,41.562426],[-74.419733,41.562426],[-74.418812,41.56432],[-74.419321,41.565626],[-74.417781,41.567911],[-74.418302,41.569651],[-74.416934,41.569821],[-74.41502,41.568051],[-74.413517,41.567905],[-74.413026,41.568742],[-74.409894,41.568217],[-74.408251,41.568311],[-74.407625,41.568885],[-74.408092,41.570394],[-74.410222,41.570467],[-74.411023,41.57123],[-74.409786,41.5718],[-74.409941,41.572835],[-74.408278,41.575175],[-74.408163,41.573805],[-74.406952,41.572321],[-74.404464,41.573101],[-74.403836,41.57425],[-74.401874,41.575332],[-74.399345,41.575495],[-74.397614,41.575094],[-74.395788,41.577113],[-74.396064,41.579255],[-74.395429,41.580693],[-74.393546,41.581958],[-74.392647,41.581926],[-74.390709,41.5823],[-74.391458,41.583704],[-74.390613,41.586221],[-74.389007,41.585295],[-74.388452,41.583642],[-74.386149,41.583132],[-74.383515,41.583879],[-74.380756,41.586158],[-74.380357,41.586819],[-74.379334,41.58734],[-74.377974,41.586385],[-74.374599,41.587589],[-74.370324,41.588481],[-74.36899,41.590258],[-74.367055,41.590977],[-74.368272,41.591701],[-74.365995,41.592401],[-74.364486,41.593783],[-74.365654,41.595092],[-74.366086,41.595622],[-74.370313,41.596507],[-74.373073,41.596263],[-74.375114,41.59691],[-74.376138,41.598189],[-74.376476,41.601772],[-74.375332,41.602929],[-74.375937,41.604574],[-74.377494,41.605653],[-74.37863,41.605545],[-74.379549,41.607322],[-74.37966,41.610744],[-74.380841,41.611751],[-74.380724,41.614125],[-74.382124,41.614892],[-74.384008,41.615197],[-74.38604,41.61824],[-74.386362,41.619372],[-74.387168,41.622661],[-74.386503,41.623987],[-74.386314,41.626099],[-74.387136,41.627455],[-74.386985,41.62889],[-74.388303,41.629285],[-74.391457,41.633455],[-74.391551,41.637101],[-74.39224,41.639295],[-74.392986,41.640157],[-74.392734,41.641419],[-74.394373,41.642562],[-74.395071,41.644876],[-74.390339,41.648083],[-74.389622,41.648547],[-74.385575,41.651041],[-74.374598,41.658218],[-74.366526,41.663459],[-74.365379,41.664192],[-74.357114,41.669416],[-74.356093,41.668884],[-74.353478,41.668594],[-74.34899,41.669354],[-74.346912,41.67049],[-74.345221,41.671882],[-74.343638,41.67633],[-74.34257,41.676699],[-74.342881,41.678242],[-74.337522,41.68163],[-74.332138,41.684801],[-74.327822,41.685301],[-74.319915,41.686211],[-74.317419,41.690073],[-74.315673,41.689263],[-74.311473,41.690518],[-74.307673,41.691627],[-74.303632,41.694589],[-74.299016,41.695762],[-74.288542,41.700385],[-74.283751,41.699007],[-74.280179,41.701567],[-74.271553,41.700233],[-74.271131,41.700131],[-74.270518,41.700355],[-74.266032,41.701427],[-74.266172,41.702108],[-74.267033,41.704388],[-74.272511,41.719208],[-74.273924,41.723139],[-74.278645,41.735646],[-74.281692,41.743936],[-74.28197,41.744519],[-74.282421,41.745719],[-74.283527,41.748667],[-74.286001,41.754753],[-74.288644,41.761962],[-74.288961,41.762905],[-74.289159,41.763511],[-74.290456,41.76795],[-74.291854,41.772729],[-74.292425,41.774312],[-74.293484,41.774907],[-74.295592,41.776113],[-74.296645,41.776698],[-74.29871,41.777876],[-74.301695,41.779287],[-74.302198,41.779575],[-74.303581,41.780337],[-74.304692,41.780972],[-74.307154,41.782356],[-74.308538,41.783182],[-74.32313,41.791522],[-74.326777,41.793611],[-74.329149,41.794964],[-74.333158,41.797286],[-74.335294,41.798469],[-74.359023,41.812025],[-74.37107,41.818908],[-74.376441,41.82179],[-74.377846,41.822535],[-74.413969,41.841827],[-74.417333,41.843613],[-74.421299,41.845729],[-74.426454,41.848483],[-74.421485,41.853104],[-74.419067,41.855359],[-74.41417,41.859904],[-74.412149,41.861779],[-74.409347,41.864377],[-74.397746,41.875132],[-74.374708,41.895462],[-74.369504,41.900569],[-74.366129,41.903485],[-74.355392,41.91307],[-74.329431,41.899442],[-74.319725,41.893632],[-74.308759,41.888443],[-74.299975,41.883683],[-74.298976,41.883147],[-74.293606,41.880234],[-74.287411,41.876459],[-74.285762,41.875384],[-74.284563,41.875092],[-74.267372,41.865848],[-74.266762,41.865515],[-74.258802,41.861166],[-74.253024,41.866808],[-74.250509,41.869272],[-74.246948,41.872492],[-74.241376,41.877774],[-74.236468,41.882641],[-74.236269,41.882805],[-74.230647,41.888441],[-74.217078,41.902056],[-74.217137,41.901844],[-74.215177,41.903888],[-74.214666,41.907757],[-74.208111,41.917639],[-74.207506,41.918556],[-74.201416,41.918278],[-74.197704,41.92379],[-74.193636,41.924013],[-74.192505,41.925327],[-74.192127,41.92545],[-74.189125,41.931823],[-74.183261,41.944192],[-74.181654,41.947527],[-74.181221,41.948128],[-74.180772,41.94908],[-74.17748,41.955844],[-74.173106,41.95325],[-74.168599,41.950588],[-74.160217,41.945644],[-74.160161,41.945677],[-74.13407,41.930963],[-74.132348,41.929913],[-74.132189,41.930118],[-74.124681,41.9259],[-74.106363,41.915938],[-74.101131,41.91299],[-74.098074,41.911339],[-74.097268,41.910833],[-74.090837,41.907364],[-74.090479,41.907139],[-74.089732,41.906773],[-74.088352,41.906028],[-74.087253,41.905434],[-74.084056,41.903708],[-74.089828,41.893302],[-74.085508,41.890737],[-74.078279,41.89273],[-74.076112,41.893323],[-74.068799,41.895326],[-74.06766,41.895642],[-74.065363,41.896278],[-74.063518,41.896789],[-74.059542,41.897897],[-74.05662,41.898723],[-74.046789,41.901376],[-74.046101,41.901566],[-74.043564,41.902224],[-74.043938,41.903853],[-74.044473,41.905091],[-74.045113,41.908601],[-74.045878,41.910665],[-74.047622,41.918515],[-74.04791,41.919765],[-74.048163,41.920864],[-74.048371,41.921732],[-74.048631,41.922838],[-74.048923,41.924036],[-74.0494,41.926011],[-74.049589,41.926847],[-74.04998,41.928599],[-74.050362,41.929974],[-74.050722,41.931466],[-74.050927,41.932345],[-74.051051,41.932808],[-74.051482,41.933256],[-74.052395,41.933843],[-74.053931,41.93481],[-74.057533,41.937207],[-74.056068,41.936954],[-74.053493,41.935659],[-74.05225,41.935599],[-74.049464,41.937909],[-74.048289,41.938518],[-74.044629,41.939366],[-74.040384,41.940089],[-74.038694,41.940102],[-74.038051,41.94121],[-74.038065,41.941359],[-74.037752,41.941774],[-74.037613,41.942178],[-74.038378,41.94456],[-74.037701,41.945804],[-74.036258,41.946489],[-74.033485,41.946107],[-74.032915,41.945355],[-74.031876,41.944285],[-74.031701,41.944157],[-74.031566,41.94429],[-74.030154,41.945529],[-74.030059,41.945606],[-74.023608,41.950224],[-74.019542,41.9531],[-74.017661,41.954793],[-74.016304,41.956732],[-74.015366,41.959603],[-74.014856,41.963403],[-74.014164,41.96643],[-74.01373,41.966434],[-74.01209,41.966972],[-74.011624,41.967146],[-74.011415,41.967221],[-74.012162,41.967635],[-74.012429,41.968353],[-74.012319,41.968786],[-74.011687,41.969773],[-74.01089,41.970344],[-74.010007,41.970775],[-74.009182,41.971024],[-74.006329,41.971632],[-74.005642,41.971887],[-74.004397,41.972528],[-74.003624,41.973005],[-74.002937,41.97366],[-74.002619,41.974105],[-74.002647,41.974815],[-74.003011,41.975276],[-74.003359,41.975989],[-73.99934,41.975644],[-73.991741,41.974709],[-73.989024,41.974376],[-73.988812,41.97435],[-73.984795,41.974035],[-73.982017,41.974217],[-73.979135,41.974796],[-73.973396,41.976592],[-73.970935,41.97752],[-73.963082,41.980587],[-73.960692,41.98115],[-73.956652,41.981018],[-73.956641,41.981058],[-73.960582,41.981211],[-73.963203,41.980672],[-73.970926,41.977656],[-73.970876,41.979743],[-73.970868,41.980599],[-73.970547,41.982264],[-73.968527,41.987423],[-73.969512,41.988708],[-73.970485,41.990024],[-73.970782,41.991874],[-73.970869,41.992593],[-73.971112,41.995622],[-73.970648,41.997566],[-73.969748,41.997922],[-73.96924,41.998163],[-73.968342,42.000682],[-73.968461,42.002002],[-73.966924,42.004178],[-73.965726,42.007596],[-73.965459,42.009364],[-73.96471,42.010051],[-73.963327,42.010855],[-73.962745,42.012762],[-73.961987,42.013472],[-73.948086,42.009867],[-73.942406,42.008296],[-73.936796,42.006651],[-73.934315,42.012779],[-73.933435,42.015659],[-73.933323,42.018491],[-73.933819,42.021339],[-73.934639,42.023304],[-73.937035,42.026827],[-73.937171,42.030268],[-73.937051,42.032923],[-73.936235,42.035835],[-73.934171,42.039547],[-73.934075,42.042043],[-73.934395,42.044747],[-73.933723,42.048411],[-73.932763,42.055034],[-73.932877,42.059943],[-73.932282,42.061578],[-73.928234,42.064874],[-73.928314,42.066778],[-73.92729,42.066858],[-73.92729,42.06777],[-73.926298,42.070618],[-73.926346,42.072506],[-73.927098,42.073402],[-73.929754,42.075306],[-73.930074,42.07625],[-73.929688,42.078422],[-73.929626,42.078778],[-73.921576,42.077333],[-73.92144,42.077299],[-73.917098,42.076474],[-73.915593,42.080906],[-73.914765,42.080607],[-73.908633,42.07841],[-73.907785,42.07961],[-73.903503,42.078207],[-73.895994,42.075438],[-73.895488,42.07525],[-73.884309,42.071129],[-73.872265,42.066752],[-73.870878,42.066245],[-73.867712,42.065206],[-73.866643,42.064811],[-73.85869,42.061721],[-73.858412,42.061618],[-73.850532,42.058787],[-73.844999,42.056687],[-73.841986,42.055536],[-73.821537,42.047862],[-73.818533,42.046739],[-73.817151,42.046252],[-73.809949,42.043698],[-73.809667,42.043572],[-73.806755,42.042559],[-73.806503,42.042443],[-73.801119,42.040606],[-73.790893,42.036808],[-73.786208,42.035074],[-73.755959,42.023657],[-73.755669,42.023483],[-73.755381,42.023419],[-73.751815,42.02205],[-73.745917,42.019654],[-73.74275,42.018372],[-73.73924,42.016932],[-73.736365,42.015753],[-73.736244,42.015702],[-73.734402,42.014963],[-73.733797,42.014725],[-73.718184,42.008419],[-73.717907,42.008305],[-73.716467,42.007728],[-73.714393,42.006852],[-73.71093,42.005488],[-73.70846,42.005166],[-73.707132,42.004951],[-73.706573,42.004849],[-73.705491,42.004703],[-73.705277,42.004674],[-73.704618,42.004585],[-73.703106,42.004381],[-73.702078,42.004229],[-73.701876,42.004199],[-73.676326,42.00047],[-73.672432,42.000101],[-73.658308,41.99774],[-73.657333,41.997577],[-73.642191,41.995016],[-73.628789,41.992892],[-73.620177,41.991543],[-73.599956,41.988507],[-73.586519,41.98648],[-73.575279,41.98471],[-73.556048,41.981756],[-73.55125,41.981132],[-73.547271,41.980588],[-73.541823,41.979886],[-73.539639,41.979696],[-73.533414,41.978834],[-73.530893,41.978487],[-73.527072,41.97798],[-73.525365,42.006778],[-73.524706,42.014],[-73.524317,42.018254],[-73.523584,42.026267],[-73.521416,42.049966],[-73.518933,42.049932],[-73.513251,42.049845],[-73.512979,42.04984],[-73.497018,42.049624],[-73.503143,42.069661],[-73.50821,42.086134],[-73.499563,42.10999],[-73.497584,42.115305],[-73.497277,42.116158],[-73.489671,42.137095],[-73.486882,42.144861],[-73.483416,42.154448],[-73.477198,42.171318],[-73.476856,42.172241],[-73.476673,42.172732],[-73.476166,42.174095],[-73.470248,42.190229],[-73.463019,42.209815],[-73.454412,42.233363],[-73.45373,42.235233],[-73.450231,42.244793],[-73.443116,42.264018],[-73.431615,42.295306],[-73.418705,42.330358],[-73.418378,42.331252],[-73.416442,42.336537],[-73.414266,42.342469],[-73.413874,42.34353],[-73.412235,42.347999],[-73.41216,42.348194],[-73.411539,42.349883],[-73.411434,42.350176],[-73.411256,42.350648],[-73.406122,42.364585],[-73.405397,42.366548],[-73.400761,42.379029],[-73.398079,42.386323],[-73.396769,42.389886],[-73.391667,42.403765],[-73.388782,42.411581],[-73.382205,42.429441],[-73.378595,42.439223],[-73.375335,42.44806],[-73.374514,42.450267],[-73.369816,42.46299],[-73.364627,42.477043],[-73.363523,42.480036],[-73.362812,42.481948],[-73.36235,42.483186],[-73.357143,42.49728],[-73.352429,42.510017],[-73.35201,42.511144],[-73.347202,42.524137],[-73.342951,42.535766],[-73.341631,42.539323],[-73.329072,42.573185],[-73.322704,42.590209],[-73.312511,42.617715],[-73.309828,42.625081],[-73.305049,42.637788],[-73.294055,42.667336],[-73.274003,42.721193],[-73.272976,42.723947],[-73.264827,42.745851],[-73.276421,42.746019],[-73.281557,42.76614],[-73.290944,42.80192],[-73.289305,42.804097],[-73.286343,42.808063],[-73.286547,42.809484],[-73.286168,42.810194],[-73.285407,42.811366],[-73.283695,42.813856],[-73.284328,42.814901],[-73.285646,42.817483],[-73.287063,42.82014],[-73.286627,42.823152],[-73.285388,42.834093],[-73.284311,42.834954],[-73.278673,42.83341],[-73.278306,42.837558],[-73.27707,42.866826],[-73.276981,42.871211],[-73.27686,42.873957],[-73.276748,42.875075],[-73.275997,42.892697],[-73.275836,42.897646],[-73.275961,42.901225],[-73.275385,42.916017],[-73.274772,42.933858],[-73.27457,42.937754],[-73.274462,42.940457],[-73.274401,42.942222],[-73.274399,42.942294],[-73.274294,42.943652],[-73.27558,42.943657],[-73.311208,42.943806],[-73.320385,42.943846],[-73.329661,42.943886],[-73.333107,42.943902],[-73.348715,42.943967],[-73.35489,42.943993],[-73.368152,42.944047],[-73.380235,42.943739],[-73.379889,42.94403],[-73.378512,42.945319],[-73.379037,42.947162],[-73.380176,42.948035],[-73.382642,42.947802],[-73.384129,42.947212],[-73.388899,42.948237],[-73.389467,42.949794],[-73.389692,42.950587],[-73.389886,42.950766],[-73.389925,42.950802],[-73.390725,42.951458],[-73.392102,42.952586],[-73.393472,42.95309],[-73.393596,42.953113],[-73.395141,42.953288],[-73.397341,42.952976],[-73.398075,42.953088],[-73.398158,42.953067],[-73.401321,42.952263],[-73.403109,42.951285],[-73.403225,42.951242],[-73.403842,42.951477],[-73.40392,42.951757],[-73.404571,42.952322],[-73.40479,42.952721],[-73.404803,42.953205],[-73.404451,42.954173],[-73.404106,42.954623],[-73.403986,42.954871],[-73.404508,42.95549],[-73.404916,42.955798],[-73.405584,42.956119],[-73.406249,42.956297],[-73.408213,42.956932],[-73.409814,42.957138],[-73.412103,42.957383],[-73.413898,42.957056],[-73.416349,42.956671],[-73.417837,42.956087],[-73.419806,42.955357],[-73.420659,42.954903],[-73.421228,42.954934],[-73.422543,42.955213],[-73.42388,42.955588],[-73.424921,42.955989],[-73.425417,42.957092],[-73.426066,42.957848],[-73.426845,42.958515],[-73.428291,42.958535],[-73.430623,42.95865],[-73.432692,42.958435],[-73.43316,42.958241],[-73.436049,42.956798],[-73.43949,42.954315],[-73.443001,42.952895],[-73.447443,42.951972],[-73.449596,42.950749],[-73.449326,42.945317],[-73.450593,42.944581],[-73.462299,42.944806],[-73.464464,42.944259],[-73.464937,42.944194],[-73.472581,42.944133],[-73.487927,42.943916],[-73.496004,42.943794],[-73.498821,42.943712],[-73.49964,42.943688],[-73.50421,42.943617],[-73.510237,42.943489],[-73.517323,42.943356],[-73.519886,42.943309],[-73.527618,42.943162],[-73.536463,42.942988],[-73.546832,42.942786],[-73.55987,42.942532],[-73.562268,42.942485],[-73.577201,42.942212],[-73.577273,42.942211],[-73.585015,42.942113],[-73.595717,42.941892],[-73.598028,42.941839],[-73.600175,42.94179],[-73.614593,42.941459],[-73.624561,42.941222],[-73.632014,42.941248],[-73.63315,42.941257],[-73.635463,42.94129],[-73.63771,42.940118],[-73.639952,42.939418],[-73.647144,42.938994],[-73.650897,42.938138],[-73.6578,42.934284],[-73.658572,42.933949],[-73.660433,42.932534],[-73.662943,42.929556],[-73.663369,42.928614],[-73.663376,42.927308],[-73.663677,42.926445],[-73.664831,42.925779],[-73.666116,42.923827],[-73.668431,42.922256],[-73.671365,42.919573],[-73.671421,42.919522],[-73.671695,42.919262],[-73.671725,42.919233],[-73.678913,42.912212],[-73.679376,42.909455],[-73.682367,42.905414],[-73.683654,42.901314],[-73.683807,42.899048],[-73.683681,42.897221],[-73.68461,42.892399],[-73.684007,42.890892],[-73.683229,42.8906],[-73.681871,42.887199],[-73.680761,42.885581],[-73.680693,42.884221],[-73.679809,42.882332],[-73.678911,42.881552],[-73.67619,42.879307],[-73.674536,42.877533],[-73.673238,42.875344],[-73.673378,42.870486],[-73.673814,42.866762],[-73.675904,42.858575],[-73.673757,42.855465],[-73.67324,42.854043],[-73.672404,42.849844],[-73.671952,42.843859],[-73.670823,42.840312],[-73.669343,42.837892],[-73.667748,42.836531],[-73.665759,42.833373],[-73.664391,42.830344],[-73.664239,42.828979],[-73.663021,42.82544],[-73.66117,42.821941],[-73.659663,42.818978],[-73.660162,42.816777],[-73.659562,42.812877],[-73.658462,42.809077],[-73.661362,42.802977],[-73.663562,42.800877],[-73.667362,42.800177],[-73.672162,42.796177],[-73.672355,42.795791],[-73.671255,42.795355],[-73.670662,42.795347],[-73.669311,42.794898],[-73.668359,42.794523],[-73.666961,42.793833],[-73.663956,42.793058],[-73.663158,42.79285],[-73.659705,42.791611],[-73.659165,42.791663],[-73.656573,42.791085],[-73.655784,42.792339],[-73.655129,42.792142],[-73.654457,42.791924],[-73.654469,42.790592],[-73.649808,42.792291],[-73.648606,42.793416],[-73.644455,42.794159],[-73.635326,42.795407],[-73.624556,42.796388],[-73.620746,42.797143],[-73.612729,42.798613],[-73.611131,42.798924],[-73.603768,42.799784],[-73.598635,42.800398],[-73.590926,42.801352],[-73.588623,42.801614],[-73.588098,42.801674],[-73.577439,42.802905],[-73.575363,42.803144],[-73.56642,42.804177],[-73.548168,42.806293],[-73.539782,42.807247],[-73.52309,42.809185],[-73.512184,42.81044],[-73.511755,42.810493],[-73.508552,42.810862],[-73.506023,42.811159],[-73.509894,42.800242],[-73.510756,42.797882],[-73.511994,42.794379],[-73.520635,42.770603],[-73.520779,42.77018],[-73.521264,42.768765],[-73.52283,42.764301],[-73.526205,42.755027],[-73.528016,42.75009],[-73.529212,42.747772],[-73.529869,42.746401],[-73.532435,42.739271],[-73.54009,42.718072],[-73.542359,42.711678],[-73.548927,42.710753],[-73.560393,42.709287],[-73.567331,42.708509],[-73.573917,42.707766],[-73.577804,42.707211],[-73.582791,42.706688],[-73.590593,42.705574],[-73.595062,42.705025],[-73.603344,42.704007],[-73.60846,42.703378],[-73.609191,42.701278],[-73.609498,42.700175],[-73.609776,42.6994],[-73.610212,42.698236],[-73.612329,42.690188],[-73.613029,42.687784],[-73.614311,42.683317],[-73.617607,42.671604],[-73.617698,42.671283],[-73.617946,42.670675],[-73.618243,42.669415],[-73.618849,42.667628],[-73.619447,42.66487],[-73.619641,42.663903],[-73.62079,42.659867],[-73.615509,42.659483],[-73.614866,42.659461],[-73.611251,42.658866],[-73.609649,42.658635],[-73.599183,42.657153],[-73.598138,42.657002],[-73.58716,42.65564],[-73.58557,42.655468],[-73.578094,42.654457],[-73.566986,42.653007],[-73.559367,42.654175],[-73.555569,42.654674],[-73.552697,42.655054],[-73.550915,42.655289],[-73.55024,42.655382],[-73.533546,42.657583],[-73.522233,42.658974],[-73.500406,42.660492],[-73.49423,42.661238],[-73.47886,42.663195],[-73.455508,42.666167],[-73.450376,42.666826],[-73.455025,42.649366],[-73.455899,42.646149],[-73.457974,42.638058],[-73.461671,42.625499],[-73.461737,42.624855],[-73.462015,42.622698],[-73.46234,42.621516],[-73.46396,42.615924],[-73.466899,42.606562],[-73.467214,42.606027],[-73.479861,42.605055],[-73.481471,42.604936],[-73.485772,42.604603],[-73.495765,42.603895],[-73.501127,42.6035],[-73.518661,42.6029],[-73.521978,42.602788],[-73.522622,42.60275],[-73.534932,42.601272],[-73.538474,42.600698],[-73.547695,42.59978],[-73.551818,42.599328],[-73.55525,42.598955],[-73.564303,42.597964],[-73.566347,42.597583],[-73.567053,42.597512],[-73.568368,42.597482],[-73.569614,42.597355],[-73.579265,42.596005],[-73.583749,42.595371],[-73.584518,42.591847],[-73.588586,42.574134],[-73.590847,42.564163],[-73.59141,42.560138],[-73.593219,42.552229],[-73.59361,42.550811],[-73.594959,42.550473],[-73.595651,42.548478],[-73.59531,42.547425],[-73.595704,42.546991],[-73.5958,42.546485],[-73.596303,42.546131],[-73.596037,42.54475],[-73.596625,42.544209],[-73.597383,42.543632],[-73.597945,42.542757],[-73.598358,42.542878],[-73.598669,42.542722],[-73.598825,42.542254],[-73.599158,42.541841],[-73.599188,42.54176],[-73.601123,42.541445],[-73.603072,42.540145],[-73.603569,42.538307],[-73.603708,42.535272],[-73.603449,42.53401],[-73.601917,42.530926],[-73.602377,42.53021],[-73.601948,42.529332],[-73.60204,42.528871],[-73.602525,42.528681],[-73.603967,42.526645],[-73.604049,42.526369],[-73.603527,42.525924],[-73.603527,42.525691],[-73.604491,42.525438],[-73.604792,42.525134],[-73.6048,42.524783],[-73.605598,42.524444],[-73.606691,42.524178],[-73.607414,42.522496],[-73.607453,42.521994],[-73.607729,42.521112],[-73.608117,42.520995],[-73.611601,42.520585],[-73.611658,42.518068],[-73.611154,42.517392],[-73.613425,42.517044],[-73.614729,42.518085],[-73.615636,42.517175],[-73.616602,42.516383],[-73.616648,42.514351],[-73.618097,42.513837],[-73.618786,42.512334],[-73.61854,42.511547],[-73.619263,42.510166],[-73.617833,42.510103],[-73.616897,42.50954],[-73.618171,42.508571],[-73.616313,42.507878],[-73.616091,42.505707],[-73.617473,42.504477],[-73.619651,42.504205],[-73.62012,42.503449],[-73.623861,42.503076],[-73.62331,42.50204],[-73.623726,42.500786],[-73.624858,42.499693],[-73.626176,42.499682],[-73.627177,42.496999],[-73.628162,42.496496],[-73.6294,42.494414],[-73.630037,42.492809],[-73.628772,42.491423],[-73.62839,42.489236],[-73.628076,42.487086],[-73.630403,42.487004],[-73.630876,42.486467],[-73.630609,42.48261],[-73.630873,42.482116],[-73.631572,42.479593],[-73.633178,42.479478],[-73.643875,42.478382],[-73.650462,42.477707],[-73.652115,42.477537],[-73.657862,42.476948],[-73.659446,42.476786],[-73.684729,42.474194],[-73.685037,42.474162],[-73.686722,42.47399],[-73.686785,42.473984],[-73.688555,42.473803],[-73.689049,42.473753],[-73.689657,42.473691],[-73.690952,42.473531],[-73.698676,42.472736],[-73.706527,42.471929],[-73.7174,42.470812],[-73.71799,42.470751],[-73.71847,42.470702],[-73.72922,42.469596],[-73.737797,42.468715],[-73.753228,42.467074],[-73.764525,42.465964],[-73.770256,42.465503],[-73.770924,42.465438],[-73.772043,42.465325],[-73.772057,42.465322],[-73.772317,42.465281],[-73.772774,42.465225],[-73.775143,42.465009],[-73.777523,42.464793],[-73.778766,42.46468],[-73.781428,42.464438],[-73.783721,42.464231],[-73.787484,42.463831],[-73.791862,42.463367],[-73.800081,42.462493],[-73.800277,42.462473],[-73.807895,42.461663],[-73.808021,42.46165],[-73.80833,42.461617],[-73.809251,42.461519],[-73.809414,42.461501],[-73.812442,42.461179],[-73.817485,42.460644],[-73.818097,42.460578],[-73.825173,42.459825],[-73.836757,42.458592],[-73.838056,42.458399],[-73.839491,42.458187],[-73.854061,42.456097],[-73.86559,42.454372],[-73.876035,42.452881],[-73.878651,42.452528],[-73.886126,42.451507],[-73.892771,42.45055],[-73.903599,42.448999],[-73.90558,42.44874],[-73.907085,42.448507],[-73.907754,42.448413],[-73.920097,42.446628],[-73.930699,42.445192],[-73.931491,42.445075],[-73.939837,42.444063],[-73.948003,42.443204],[-73.963792,42.441622],[-73.969502,42.441027],[-73.984156,42.439658],[-73.987746,42.439241],[-73.992017,42.438644],[-73.995803,42.43829],[-73.999575,42.437918],[-74.017553,42.435795],[-74.018636,42.435669],[-74.028744,42.434502],[-74.043579,42.432703],[-74.057055,42.430985],[-74.061539,42.430428],[-74.071903,42.429146],[-74.076377,42.428592],[-74.084058,42.427643],[-74.087099,42.427268],[-74.090671,42.426834],[-74.096366,42.426145],[-74.107934,42.424744],[-74.116845,42.423664],[-74.124578,42.423243],[-74.126442,42.422984],[-74.130067,42.422515],[-74.137404,42.421581],[-74.139101,42.421363],[-74.147402,42.420294],[-74.149656,42.419995],[-74.156361,42.419128],[-74.157858,42.418932],[-74.164963,42.418106],[-74.175424,42.416955],[-74.190568,42.415289],[-74.194807,42.414824],[-74.198186,42.414453],[-74.20147,42.414093],[-74.201584,42.414081],[-74.225652,42.411408],[-74.232356,42.410663],[-74.240915,42.409712],[-74.244809,42.40928],[-74.253302,42.408325],[-74.254303,42.408207],[-74.25427,42.408102],[-74.251965,42.400783],[-74.247846,42.387446],[-74.245195,42.378799],[-74.244692,42.377159],[-74.246454,42.378852],[-74.248282,42.379294],[-74.251952,42.379282],[-74.25506,42.379824],[-74.258911,42.379151],[-74.260398,42.3784],[-74.261513,42.376951],[-74.265357,42.37456],[-74.2679,42.371746],[-74.269134,42.36981],[-74.269549,42.368354],[-74.273474,42.365032],[-74.276645,42.363349],[-74.281577,42.362855],[-74.284033,42.361761],[-74.289193,42.361383],[-74.293001,42.36121],[-74.29502,42.361464],[-74.299468,42.362575],[-74.303797,42.36101],[-74.308546,42.359817],[-74.312582,42.35709],[-74.317501,42.360007],[-74.318938,42.360554],[-74.320965,42.360661],[-74.324843,42.359834],[-74.326453,42.359165],[-74.329364,42.357375],[-74.332793,42.35715],[-74.337012,42.358282],[-74.340968,42.358479],[-74.346087,42.355691],[-74.348139,42.357997],[-74.349241,42.358373],[-74.351969,42.36028],[-74.355323,42.361142],[-74.356697,42.364243],[-74.359999,42.366175],[-74.362976,42.36728],[-74.366547,42.367776],[-74.367485,42.36845],[-74.371723,42.370145],[-74.37459,42.370129],[-74.376179,42.370655],[-74.378319,42.372487],[-74.379051,42.373873],[-74.383969,42.372565],[-74.418951,42.362194],[-74.43181,42.358436],[-74.433956,42.357808],[-74.438155,42.35658],[-74.443506,42.355017],[-74.44448,42.355409],[-74.445445,42.355796],[-74.456224,42.360126],[-74.467889,42.364811],[-74.476274,42.368178],[-74.498953,42.377146],[-74.503732,42.379028],[-74.517562,42.384484],[-74.518639,42.384908],[-74.526693,42.388085],[-74.537819,42.392474],[-74.543474,42.394704],[-74.546565,42.395924],[-74.552586,42.398299],[-74.566719,42.403875],[-74.567524,42.404193],[-74.588114,42.412291],[-74.588861,42.412583],[-74.597998,42.416157],[-74.605092,42.418924],[-74.611098,42.421301],[-74.617778,42.423946],[-74.617965,42.42402],[-74.619831,42.425314],[-74.620462,42.425937],[-74.623999,42.429572],[-74.629826,42.435419],[-74.634925,42.440559],[-74.636505,42.442156],[-74.644917,42.450659],[-74.645847,42.4516],[-74.657011,42.462885],[-74.664092,42.470043],[-74.669791,42.475804],[-74.671619,42.477652],[-74.677292,42.483388],[-74.684907,42.491086],[-74.688909,42.49513],[-74.695644,42.501823],[-74.699859,42.50605],[-74.703761,42.509962],[-74.71158,42.517799],[-74.709301,42.520602],[-74.707573,42.522675],[-74.698442,42.533559],[-74.69543,42.537147],[-74.686092,42.548214],[-74.681579,42.553578],[-74.681471,42.553706],[-74.672428,42.564455],[-74.670576,42.566948],[-74.670024,42.56763],[-74.658142,42.585693],[-74.657468,42.586721],[-74.655469,42.589418],[-74.651653,42.595297],[-74.640454,42.612335],[-74.639594,42.613816],[-74.633639,42.622455],[-74.632974,42.62343],[-74.630652,42.62677],[-74.630922,42.627982],[-74.631126,42.628931],[-74.634011,42.644379],[-74.635123,42.649151],[-74.635224,42.64943],[-74.635302,42.649733],[-74.63558,42.651063],[-74.637521,42.657373],[-74.638844,42.661558],[-74.639515,42.663654],[-74.641821,42.670731],[-74.643407,42.675906],[-74.644522,42.679495],[-74.646937,42.687446],[-74.647451,42.689173],[-74.648002,42.690817],[-74.649074,42.694348],[-74.649622,42.696399],[-74.649771,42.69688],[-74.652399,42.705399],[-74.652489,42.705693],[-74.655263,42.714999],[-74.655976,42.717458],[-74.656379,42.718695],[-74.659304,42.727463],[-74.659509,42.728038],[-74.660305,42.730275],[-74.663603,42.739747],[-74.664042,42.741089],[-74.664666,42.742678],[-74.664889,42.743266],[-74.665227,42.744218],[-74.667512,42.75071],[-74.668057,42.764004],[-74.668031,42.764592],[-74.667414,42.771179],[-74.666875,42.776949],[-74.665517,42.790547],[-74.665217,42.792237],[-74.665168,42.792347],[-74.66485,42.793049],[-74.660309,42.80306],[-74.660261,42.803167],[-74.651096,42.823384],[-74.648298,42.829558],[-74.649715,42.829846],[-74.650213,42.829941],[-74.667931,42.835203],[-74.668043,42.835236],[-74.685461,42.8404],[-74.688663,42.841337],[-74.689513,42.841591],[-74.691696,42.842238],[-74.702054,42.845305],[-74.709837,42.847611],[-74.727756,42.852678],[-74.737597,42.855525],[-74.749377,42.859068],[-74.751246,42.859658],[-74.763303,42.863237],[-74.78265,42.869217],[-74.794829,42.873043],[-74.800358,42.874763],[-74.802896,42.875616],[-74.83253,42.884497],[-74.843019,42.887661],[-74.863816,42.893842],[-74.874595,42.896963],[-74.878822,42.898274],[-74.879607,42.894226],[-74.881793,42.88312],[-74.882273,42.880765],[-74.884176,42.87172],[-74.885477,42.864785],[-74.885659,42.863523],[-74.887798,42.852014],[-74.889154,42.847961],[-74.890884,42.841329],[-74.894671,42.832051],[-74.898783,42.829455],[-74.899858,42.828837],[-74.906738,42.824943],[-74.919164,42.830588],[-74.922679,42.832178],[-74.927124,42.834214],[-74.939468,42.83987],[-74.954822,42.846422],[-74.961749,42.849378],[-74.971247,42.853447],[-74.977139,42.856238],[-74.979089,42.857047],[-74.980495,42.857709],[-74.981651,42.858196],[-74.981855,42.858315],[-74.983114,42.858895],[-74.983803,42.859643],[-74.985019,42.860127],[-74.992987,42.863357],[-74.995164,42.864269],[-74.999439,42.865907],[-75.000373,42.866282],[-75.008177,42.869568],[-75.011386,42.870936],[-75.024164,42.876325],[-75.030814,42.879121],[-75.039783,42.882826],[-75.05006,42.887113],[-75.065442,42.89353],[-75.074076,42.897131],[-75.07712,42.898401],[-75.08109,42.900057],[-75.083957,42.901253],[-75.097756,42.907009],[-75.100999,42.908363],[-75.103204,42.905606],[-75.106314,42.901745],[-75.114657,42.891359],[-75.116886,42.888583],[-75.117363,42.887989],[-75.118516,42.886501],[-75.119744,42.885025],[-75.122298,42.881634],[-75.127903,42.87534],[-75.137565,42.862463],[-75.13987,42.85976],[-75.145955,42.859487],[-75.18429,42.857785],[-75.200631,42.857101],[-75.209644,42.856611],[-75.210666,42.856957],[-75.211289,42.867404],[-75.212145,42.879759],[-75.212158,42.879973],[-75.211586,42.880009],[-75.201444,42.880664],[-75.201867,42.884126],[-75.202005,42.885232],[-75.202289,42.887505],[-75.204176,42.907236],[-75.204638,42.911943],[-75.205087,42.916866],[-75.20649,42.931426],[-75.207066,42.937407],[-75.207362,42.940574],[-75.209083,42.957954],[-75.209359,42.960706],[-75.209811,42.965212],[-75.210022,42.967357],[-75.211468,42.981101],[-75.212061,42.986419],[-75.21356,43.000069],[-75.213767,43.003119],[-75.214967,43.01091],[-75.215297,43.015582],[-75.216006,43.022769],[-75.216609,43.0291],[-75.217056,43.033779],[-75.217211,43.035404],[-75.217984,43.043495],[-75.219106,43.052469],[-75.213232,43.058876],[-75.212439,43.059737],[-75.209411,43.062765],[-75.208633,43.063567],[-75.207002,43.065574],[-75.205959,43.06666],[-75.201371,43.071505],[-75.199933,43.072942],[-75.199907,43.072969],[-75.199307,43.073569],[-75.199272,43.073621],[-75.199075,43.073917],[-75.198907,43.074169],[-75.198836,43.074216],[-75.195728,43.077651],[-75.192961,43.07743],[-75.189648,43.076939],[-75.182334,43.075303],[-75.181177,43.078583],[-75.1779,43.082543],[-75.18084,43.083897],[-75.182061,43.08221],[-75.184078,43.083329],[-75.183563,43.084942],[-75.181701,43.087701],[-75.18553,43.088445],[-75.182784,43.091412],[-75.182692,43.09153],[-75.182502,43.091774],[-75.181502,43.092873],[-75.180598,43.093777],[-75.179646,43.094736],[-75.173664,43.101458],[-75.173296,43.101879],[-75.170016,43.105159],[-75.169885,43.105302],[-75.167791,43.107585],[-75.167422,43.107985],[-75.167207,43.108218],[-75.167113,43.10832],[-75.166938,43.10851],[-75.166569,43.10891],[-75.162206,43.113669],[-75.160906,43.114769],[-75.162082,43.115033],[-75.164621,43.11547],[-75.166355,43.115838],[-75.174878,43.11758],[-75.175911,43.117826],[-75.176914,43.118076],[-75.179596,43.118468],[-75.184953,43.119415],[-75.188228,43.119864],[-75.191799,43.120496],[-75.192797,43.120758],[-75.193887,43.120969],[-75.197316,43.121789],[-75.198498,43.122027],[-75.204526,43.124065],[-75.205719,43.12461],[-75.209145,43.126058],[-75.210735,43.126551],[-75.214455,43.127742],[-75.21547,43.128087],[-75.216075,43.128313],[-75.216499,43.128471],[-75.216909,43.128624],[-75.217546,43.128816],[-75.218804,43.129192],[-75.223315,43.130774],[-75.223463,43.130822],[-75.224104,43.131131],[-75.225084,43.131607],[-75.226094,43.132088],[-75.226973,43.132438],[-75.228653,43.13017],[-75.232689,43.124625],[-75.233567,43.123325],[-75.233685,43.123151],[-75.233755,43.123047],[-75.233884,43.122883],[-75.235286,43.121096],[-75.235644,43.120651],[-75.238699,43.116516],[-75.243284,43.110166],[-75.244124,43.110713],[-75.244863,43.111642],[-75.245726,43.114141],[-75.24745,43.115605],[-75.24836,43.114964],[-75.246767,43.113704],[-75.246971,43.113165],[-75.249425,43.113212],[-75.254011,43.112839],[-75.255143,43.111265],[-75.258465,43.111901],[-75.261108,43.112721],[-75.266603,43.114891],[-75.268054,43.112992],[-75.268102,43.112827],[-75.268142,43.1127],[-75.267168,43.112442],[-75.265508,43.111837],[-75.264625,43.111483],[-75.26339,43.110899],[-75.262305,43.110287],[-75.261691,43.109901],[-75.261372,43.109729],[-75.262335,43.108538],[-75.263577,43.107014],[-75.264821,43.105483],[-75.265629,43.104525],[-75.265711,43.104427],[-75.266611,43.103333],[-75.267062,43.102701],[-75.267549,43.102813],[-75.273194,43.102364],[-75.274856,43.102225],[-75.276041,43.102126],[-75.277995,43.101952],[-75.279762,43.101745],[-75.281911,43.101554],[-75.285046,43.101273],[-75.286426,43.101158],[-75.28811,43.101016],[-75.28956,43.100778],[-75.291699,43.100607],[-75.292034,43.100556],[-75.294414,43.100441],[-75.296019,43.100237],[-75.298986,43.099941],[-75.300862,43.099971],[-75.301202,43.099981],[-75.303674,43.099875],[-75.304508,43.099459],[-75.309394,43.09894],[-75.309592,43.098924],[-75.312073,43.098698],[-75.314444,43.098493],[-75.31686,43.098312],[-75.319358,43.098292],[-75.322285,43.09799],[-75.324312,43.097734],[-75.339093,43.096236],[-75.340927,43.096061],[-75.344133,43.095756],[-75.349644,43.095217],[-75.364413,43.093841],[-75.370587,43.093293],[-75.370972,43.093918],[-75.372034,43.095103],[-75.373524,43.096691],[-75.3753,43.098506],[-75.376641,43.098067],[-75.378265,43.096826],[-75.378974,43.096105],[-75.379213,43.095732],[-75.379275,43.094225],[-75.379368,43.094042],[-75.380904,43.092569],[-75.384189,43.088928],[-75.384555,43.088036],[-75.385455,43.085769],[-75.386904,43.079826],[-75.386913,43.079662],[-75.386916,43.079465],[-75.387177,43.078577],[-75.390572,43.077061],[-75.391284,43.07663],[-75.402851,43.071558],[-75.410557,43.068274],[-75.414903,43.066431],[-75.418687,43.064766],[-75.428409,43.060539],[-75.441628,43.054819],[-75.445836,43.052905],[-75.457722,43.047962],[-75.459818,43.046969],[-75.459818,43.044309],[-75.459817,43.043575],[-75.459811,43.042063],[-75.459566,43.038781],[-75.459375,43.032416],[-75.459327,43.030552],[-75.459217,43.026175],[-75.459149,43.023145],[-75.459115,43.021768],[-75.470747,43.021601],[-75.473013,43.021569],[-75.478234,43.021494],[-75.481084,43.021448],[-75.492078,43.021279],[-75.501238,43.020905],[-75.506312,43.020986],[-75.509034,43.020906],[-75.530866,43.020673],[-75.533081,43.020624],[-75.550924,43.020411],[-75.551072,43.022182],[-75.551737,43.029076],[-75.552774,43.037554],[-75.55604,43.037344],[-75.56382,43.036983],[-75.569581,43.036784],[-75.574205,43.036461],[-75.584101,43.036049],[-75.586094,43.035938],[-75.596879,43.035399],[-75.597506,43.03712],[-75.598709,43.038066],[-75.598171,43.04013],[-75.59911,43.041828],[-75.597926,43.042873],[-75.598254,43.043766],[-75.599896,43.04518],[-75.600457,43.046171],[-75.602072,43.046596],[-75.602232,43.048486],[-75.603548,43.049245],[-75.604496,43.050684],[-75.606173,43.051157],[-75.605983,43.050389],[-75.606794,43.050941],[-75.606921,43.052591],[-75.607949,43.05297],[-75.606474,43.054647],[-75.604177,43.054648],[-75.603703,43.055341],[-75.604681,43.056502],[-75.603974,43.057477],[-75.601848,43.058271],[-75.599496,43.0614],[-75.600228,43.061558],[-75.602264,43.064077],[-75.605286,43.065045],[-75.606953,43.064844],[-75.608421,43.065704],[-75.608905,43.065224],[-75.612389,43.065812],[-75.613128,43.065359],[-75.614565,43.065788],[-75.617704,43.0674],[-75.616367,43.06871],[-75.617133,43.06967],[-75.619438,43.069041],[-75.61963,43.069535],[-75.61823,43.071131],[-75.619401,43.071738],[-75.621494,43.071819],[-75.622213,43.073846],[-75.623408,43.073289],[-75.624759,43.073624],[-75.625183,43.073439],[-75.628327,43.074149],[-75.628259,43.074901],[-75.629412,43.076046],[-75.632096,43.076833],[-75.634748,43.076132],[-75.634147,43.075344],[-75.635975,43.074801],[-75.636465,43.075358],[-75.635709,43.07677],[-75.637316,43.076468],[-75.638305,43.07831],[-75.640203,43.078888],[-75.641752,43.081908],[-75.640507,43.08102],[-75.638778,43.081966],[-75.638821,43.082971],[-75.640401,43.084659],[-75.640302,43.086393],[-75.639732,43.087126],[-75.641201,43.087847],[-75.641058,43.087965],[-75.641257,43.088839],[-75.641017,43.092527],[-75.641504,43.095381],[-75.640561,43.095631],[-75.639392,43.095622],[-75.639556,43.096437],[-75.639729,43.097711],[-75.643094,43.099393],[-75.644354,43.100869],[-75.645969,43.100972],[-75.645028,43.102005],[-75.646303,43.102874],[-75.645613,43.103909],[-75.646025,43.105857],[-75.646962,43.106344],[-75.648267,43.105899],[-75.649147,43.10674],[-75.650931,43.106344],[-75.650934,43.106313],[-75.650932,43.106297],[-75.650933,43.106269],[-75.65093,43.106209],[-75.650911,43.106142],[-75.650895,43.106048],[-75.650891,43.106018],[-75.65089,43.106007],[-75.650898,43.105974],[-75.650843,43.105857],[-75.650853,43.105746],[-75.650843,43.105675],[-75.650862,43.1056],[-75.65089,43.105555],[-75.650943,43.105518],[-75.650979,43.105498],[-75.651027,43.105503],[-75.651074,43.105507],[-75.651498,43.106438],[-75.6532,43.10795],[-75.655874,43.109791],[-75.654632,43.111872],[-75.653839,43.111485],[-75.652836,43.113794],[-75.65297,43.113953],[-75.655128,43.114092],[-75.659732,43.113639],[-75.660394,43.115382],[-75.6614,43.115856],[-75.664256,43.114767],[-75.666742,43.1152],[-75.668836,43.115156],[-75.669701,43.115183],[-75.670616,43.11664],[-75.670776,43.116703],[-75.671499,43.117394],[-75.673601,43.118038],[-75.673847,43.118854],[-75.672433,43.120638],[-75.672699,43.121742],[-75.674551,43.122339],[-75.677129,43.121457],[-75.678873,43.121644],[-75.679272,43.120708],[-75.679935,43.121738],[-75.681487,43.121233],[-75.681665,43.122499],[-75.680302,43.123081],[-75.682573,43.123849],[-75.68467,43.123482],[-75.685137,43.124972],[-75.683516,43.125239],[-75.68249,43.126476],[-75.680265,43.125901],[-75.678197,43.126897],[-75.678746,43.127833],[-75.68097,43.128487],[-75.683653,43.128153],[-75.68543,43.128748],[-75.68685,43.129838],[-75.686401,43.131897],[-75.687101,43.13352],[-75.688454,43.133669],[-75.690753,43.132867],[-75.69243,43.132954],[-75.693805,43.133643],[-75.69375,43.135287],[-75.696297,43.136457],[-75.696123,43.137655],[-75.694557,43.138798],[-75.694603,43.139627],[-75.697141,43.13964],[-75.699514,43.138437],[-75.701374,43.136719],[-75.702346,43.136612],[-75.705268,43.137735],[-75.705855,43.136739],[-75.706771,43.137026],[-75.707759,43.139701],[-75.706497,43.140784],[-75.707254,43.143055],[-75.706415,43.144461],[-75.708513,43.145539],[-75.708443,43.147363],[-75.707404,43.148622],[-75.706579,43.150729],[-75.707166,43.151445],[-75.709363,43.151405],[-75.70904,43.147278],[-75.708362,43.139662],[-75.708169,43.13795],[-75.70731,43.129186],[-75.70725,43.128022],[-75.70709,43.123729],[-75.706518,43.116598],[-75.706388,43.114376],[-75.706007,43.108983],[-75.705654,43.103998],[-75.70564,43.10378],[-75.705471,43.102076],[-75.705226,43.099384],[-75.704902,43.093305],[-75.70465,43.091052],[-75.704513,43.08965],[-75.703866,43.082615],[-75.703649,43.079466],[-75.703592,43.078704],[-75.703344,43.075566],[-75.702606,43.066402],[-75.702549,43.065753],[-75.702521,43.065406],[-75.702184,43.061924],[-75.70467,43.061851],[-75.705188,43.061657],[-75.707252,43.06055],[-75.709874,43.059888],[-75.713718,43.059552],[-75.716071,43.057522],[-75.718478,43.054846],[-75.721194,43.053678],[-75.723306,43.051935],[-75.724577,43.051417],[-75.727354,43.051056],[-75.729253,43.050806],[-75.733898,43.05013],[-75.736563,43.04799],[-75.738324,43.046988],[-75.739396,43.046225],[-75.742514,43.043003],[-75.743653,43.042066],[-75.744799,43.041673],[-75.744781,43.041352],[-75.745442,43.041041],[-75.745102,43.040046],[-75.744997,43.037971],[-75.74308,43.035832],[-75.740471,43.033811],[-75.740455,43.032604],[-75.741284,43.030613],[-75.741373,43.028748],[-75.739285,43.025106],[-75.738882,43.023568],[-75.738129,43.020315],[-75.737222,43.017778],[-75.736541,43.012477],[-75.736215,43.011001],[-75.734283,43.007431],[-75.720823,43.007377],[-75.718536,43.00739],[-75.718559,42.999789],[-75.718572,42.992482],[-75.718581,42.985075],[-75.71861,42.980732],[-75.718612,42.977631],[-75.718619,42.97563],[-75.718638,42.96354],[-75.71864,42.962262],[-75.718657,42.952363],[-75.71869,42.933343],[-75.718691,42.933065],[-75.718648,42.931206]]]]}},{"type":"Feature","properties":{"id":20,"NAME":"20","TotalPop":777191,"PopDevPct":0.000283,"DemPct":0.57126105,"RepPct":0.41629612,"WhitePct":0.74641386,"MinorityPct":0.25358614,"BlackPct":0.10669755,"HispanicPct":0.06021935,"PacificPct":0.00168543,"AsianPct":0.06466101,"NativePct":0.0184357,"TotalVAP":624766,"Margin":0.07126105,"color":"#2020ff","opacity":"0.5"},"geometry":{"type":"MultiPolygon","coordinates":[[[[-73.659165,42.791663],[-73.659705,42.791611],[-73.663158,42.79285],[-73.663956,42.793058],[-73.666961,42.793833],[-73.668359,42.794523],[-73.669311,42.794898],[-73.670662,42.795347],[-73.671255,42.795355],[-73.672355,42.795791],[-73.672162,42.796177],[-73.667362,42.800177],[-73.663562,42.800877],[-73.661362,42.802977],[-73.658462,42.809077],[-73.659562,42.812877],[-73.660162,42.816777],[-73.659663,42.818978],[-73.66117,42.821941],[-73.663021,42.82544],[-73.664239,42.828979],[-73.664391,42.830344],[-73.665759,42.833373],[-73.667748,42.836531],[-73.669343,42.837892],[-73.670823,42.840312],[-73.671952,42.843859],[-73.672404,42.849844],[-73.67324,42.854043],[-73.673757,42.855465],[-73.675904,42.858575],[-73.673814,42.866762],[-73.673378,42.870486],[-73.673238,42.875344],[-73.674536,42.877533],[-73.67619,42.879307],[-73.678911,42.881552],[-73.679809,42.882332],[-73.680693,42.884221],[-73.680761,42.885581],[-73.681871,42.887199],[-73.683229,42.8906],[-73.684007,42.890892],[-73.68461,42.892399],[-73.683681,42.897221],[-73.683807,42.899048],[-73.683654,42.901314],[-73.682367,42.905414],[-73.679376,42.909455],[-73.678913,42.912212],[-73.680771,42.912221],[-73.681934,42.91224],[-73.68378,42.9097],[-73.685377,42.909384],[-73.685792,42.909352],[-73.686953,42.909255],[-73.687133,42.909241],[-73.689226,42.909452],[-73.690089,42.909803],[-73.6909,42.910139],[-73.691195,42.910258],[-73.691541,42.909406],[-73.695643,42.910569],[-73.698388,42.911701],[-73.703306,42.913244],[-73.70726,42.915212],[-73.708365,42.915273],[-73.71198,42.917299],[-73.713511,42.917687],[-73.714162,42.918453],[-73.717496,42.918761],[-73.718029,42.919662],[-73.719201,42.919376],[-73.719114,42.917542],[-73.723062,42.91776],[-73.72551,42.918203],[-73.726874,42.920016],[-73.7289,42.918838],[-73.730651,42.919447],[-73.732354,42.920391],[-73.733789,42.921109],[-73.73587,42.921343],[-73.736369,42.921911],[-73.740675,42.921559],[-73.742739,42.920874],[-73.744114,42.921495],[-73.745114,42.919957],[-73.745378,42.921075],[-73.746309,42.921132],[-73.746916,42.91995],[-73.751739,42.921588],[-73.750746,42.920713],[-73.752301,42.919878],[-73.753212,42.920289],[-73.755394,42.919869],[-73.755937,42.920326],[-73.757296,42.919562],[-73.758124,42.920393],[-73.759828,42.920693],[-73.760953,42.920022],[-73.761666,42.920726],[-73.764179,42.921355],[-73.76252,42.927096],[-73.762319,42.927793],[-73.761036,42.932076],[-73.758262,42.942238],[-73.757673,42.944388],[-73.755966,42.950398],[-73.75437,42.956165],[-73.753492,42.95935],[-73.753109,42.96136],[-73.752963,42.961952],[-73.751979,42.964888],[-73.749574,42.973304],[-73.746523,42.984397],[-73.746147,42.986308],[-73.746446,42.988661],[-73.748047,42.992424],[-73.750835,42.996947],[-73.751325,43.000701],[-73.752575,43.002861],[-73.75255,43.003907],[-73.751171,43.006305],[-73.750395,43.008436],[-73.749195,43.009757],[-73.747346,43.01025],[-73.746935,43.013618],[-73.744882,43.015301],[-73.743703,43.016709],[-73.742525,43.018768],[-73.740038,43.022009],[-73.738704,43.026274],[-73.730629,43.031431],[-73.728313,43.033097],[-73.727112,43.03491],[-73.725527,43.038381],[-73.724459,43.040847],[-73.723908,43.042892],[-73.724248,43.043976],[-73.726972,43.04738],[-73.727425,43.048638],[-73.726653,43.052471],[-73.726013,43.053153],[-73.721801,43.053971],[-73.720081,43.055061],[-73.718426,43.056862],[-73.714257,43.061347],[-73.711057,43.064168],[-73.707755,43.065871],[-73.705723,43.067248],[-73.704345,43.069037],[-73.702291,43.070422],[-73.702304,43.071973],[-73.701611,43.072542],[-73.698247,43.073264],[-73.695526,43.074263],[-73.695084,43.074528],[-73.695047,43.074797],[-73.696058,43.078883],[-73.697838,43.088584],[-73.699431,43.097423],[-73.69969,43.098824],[-73.700232,43.102229],[-73.700285,43.102457],[-73.702455,43.102263],[-73.718864,43.10058],[-73.723955,43.100059],[-73.727277,43.09987],[-73.733653,43.099026],[-73.735932,43.098968],[-73.740924,43.098453],[-73.745242,43.098097],[-73.746574,43.098037],[-73.75011,43.097587],[-73.750026,43.097774],[-73.750373,43.097858],[-73.752295,43.097542],[-73.753066,43.097472],[-73.761408,43.09664],[-73.764369,43.096447],[-73.765024,43.096324],[-73.768767,43.095987],[-73.770673,43.095902],[-73.77098,43.098691],[-73.770903,43.10162],[-73.770876,43.102693],[-73.77241,43.102722],[-73.772414,43.104675],[-73.772393,43.104976],[-73.773102,43.109162],[-73.773384,43.111041],[-73.77352,43.111852],[-73.773712,43.113016],[-73.778012,43.140356],[-73.779421,43.148598],[-73.78862,43.147254],[-73.794684,43.145742],[-73.795789,43.144776],[-73.797176,43.143817],[-73.800148,43.142418],[-73.805113,43.139217],[-73.808358,43.137068],[-73.809871,43.136015],[-73.812773,43.133089],[-73.815209,43.13095],[-73.818369,43.129771],[-73.826685,43.129122],[-73.830322,43.129013],[-73.826613,43.105122],[-73.826091,43.101765],[-73.825813,43.099913],[-73.825267,43.096371],[-73.824439,43.091231],[-73.829092,43.090696],[-73.830748,43.090535],[-73.83116,43.090576],[-73.833278,43.090382],[-73.837275,43.09008],[-73.839115,43.08979],[-73.841582,43.089728],[-73.842409,43.089678],[-73.846151,43.089346],[-73.847876,43.089172],[-73.848813,43.089075],[-73.860732,43.087942],[-73.862113,43.08783],[-73.865829,43.08763],[-73.872516,43.087176],[-73.872945,43.087212],[-73.879179,43.086428],[-73.88588,43.085825],[-73.889225,43.085529],[-73.897216,43.084842],[-73.913746,43.083497],[-73.910859,43.080035],[-73.909708,43.076968],[-73.907768,43.074536],[-73.903848,43.071902],[-73.900533,43.070856],[-73.895079,43.069768],[-73.894205,43.069589],[-73.890943,43.068877],[-73.890228,43.065908],[-73.890883,43.061774],[-73.891461,43.055201],[-73.891115,43.053421],[-73.889005,43.0458],[-73.88892,43.044073],[-73.889531,43.040966],[-73.889299,43.040224],[-73.888557,43.038111],[-73.88781,43.033083],[-73.887197,43.029145],[-73.886822,43.026768],[-73.885215,43.016003],[-73.884782,43.012937],[-73.885465,43.010365],[-73.885332,43.009224],[-73.884522,43.003108],[-73.884329,42.998952],[-73.884377,42.997948],[-73.887616,42.997634],[-73.897028,42.996792],[-73.902598,42.99632],[-73.907725,42.995915],[-73.920068,42.994854],[-73.921824,42.994327],[-73.921934,42.99464],[-73.928759,42.994065],[-73.930725,42.993889],[-73.934509,42.993612],[-73.943973,42.992769],[-73.950715,42.992132],[-73.957079,42.991484],[-73.957922,42.991476],[-73.970498,42.990507],[-73.973781,42.99022],[-73.981036,42.989565],[-73.994338,42.988429],[-73.997868,42.988143],[-74.000436,42.987925],[-74.010979,42.987123],[-74.025991,42.985694],[-74.029377,42.985398],[-74.03996,42.984515],[-74.042751,42.984302],[-74.066105,42.982116],[-74.077041,42.981223],[-74.092484,42.979763],[-74.096897,42.979378],[-74.097467,42.982934],[-74.105581,42.982899],[-74.105996,42.982897],[-74.112479,42.982818],[-74.130321,42.982817],[-74.142302,42.982995],[-74.143346,42.983034],[-74.1438,42.983029],[-74.145342,42.983054],[-74.148942,42.983061],[-74.150475,42.983115],[-74.162629,42.983259],[-74.166553,42.983167],[-74.170421,42.983349],[-74.170962,42.983284],[-74.180395,42.983445],[-74.18556,42.983374],[-74.188194,42.983352],[-74.211169,42.983622],[-74.213484,42.983626],[-74.226337,42.983738],[-74.23233,42.983823],[-74.247107,42.983981],[-74.253581,42.984128],[-74.268592,42.984322],[-74.276452,42.984409],[-74.280275,42.984314],[-74.285972,42.984415],[-74.289304,42.984415],[-74.289112,42.983244],[-74.288936,42.982215],[-74.288699,42.98072],[-74.288587,42.980262],[-74.28856,42.9798],[-74.286544,42.966786],[-74.286263,42.965462],[-74.285325,42.958629],[-74.285208,42.95783],[-74.285036,42.957293],[-74.285038,42.956975],[-74.285033,42.956854],[-74.284746,42.955084],[-74.284016,42.949925],[-74.28386,42.948564],[-74.283508,42.947675],[-74.286149,42.945731],[-74.288372,42.944774],[-74.291411,42.943315],[-74.292928,42.941667],[-74.291478,42.940982],[-74.287311,42.939734],[-74.284466,42.939373],[-74.281861,42.938425],[-74.280824,42.937316],[-74.279188,42.934279],[-74.278354,42.931668],[-74.278291,42.931489],[-74.278073,42.930306],[-74.278318,42.929227],[-74.278761,42.928462],[-74.279612,42.927884],[-74.280952,42.927806],[-74.28271,42.928018],[-74.284227,42.928414],[-74.287487,42.927588],[-74.288064,42.92738],[-74.288747,42.926888],[-74.289183,42.926382],[-74.289218,42.925385],[-74.289027,42.924998],[-74.288957,42.924228],[-74.288712,42.923455],[-74.288096,42.92224],[-74.287037,42.921407],[-74.286174,42.919476],[-74.285997,42.918246],[-74.286249,42.917723],[-74.286411,42.91605],[-74.286681,42.915109],[-74.286738,42.914],[-74.286581,42.913366],[-74.285936,42.912619],[-74.285161,42.912182],[-74.283431,42.911785],[-74.282262,42.911704],[-74.280585,42.911784],[-74.278011,42.912054],[-74.276865,42.91212],[-74.275796,42.912067],[-74.274947,42.91216],[-74.273908,42.91192],[-74.273051,42.91134],[-74.272966,42.9109],[-74.272368,42.910411],[-74.271488,42.909267],[-74.270898,42.907868],[-74.270548,42.906206],[-74.270546,42.904915],[-74.270841,42.903817],[-74.271586,42.902522],[-74.272051,42.902023],[-74.272689,42.901572],[-74.274869,42.900879],[-74.275686,42.900713],[-74.279466,42.899565],[-74.284569,42.896766],[-74.287594,42.893193],[-74.287681,42.890945],[-74.286421,42.889135],[-74.283783,42.888369],[-74.281641,42.88893],[-74.278801,42.89171],[-74.277431,42.892081],[-74.275787,42.890671],[-74.276445,42.88872],[-74.277553,42.887265],[-74.279007,42.884688],[-74.278487,42.881117],[-74.275782,42.875869],[-74.275055,42.874072],[-74.27343,42.87263],[-74.27173,42.873124],[-74.268486,42.871392],[-74.26524,42.870038],[-74.264017,42.868877],[-74.264433,42.868242],[-74.266441,42.867879],[-74.270027,42.868029],[-74.271806,42.867342],[-74.273129,42.866017],[-74.275585,42.86509],[-74.277621,42.86272],[-74.277813,42.860289],[-74.276191,42.85893],[-74.275672,42.857516],[-74.274396,42.857119],[-74.272787,42.858045],[-74.27032,42.857871],[-74.267397,42.856841],[-74.265589,42.855683],[-74.265027,42.854108],[-74.265995,42.852373],[-74.270952,42.851091],[-74.271362,42.850799],[-74.272352,42.849129],[-74.272695,42.847903],[-74.272746,42.846013],[-74.272466,42.844866],[-74.272054,42.844179],[-74.271225,42.843984],[-74.268856,42.843859],[-74.267643,42.843946],[-74.266299,42.844129],[-74.264989,42.844127],[-74.263658,42.843972],[-74.262785,42.843784],[-74.261455,42.843346],[-74.260703,42.84303],[-74.259744,42.842439],[-74.259135,42.841905],[-74.25856,42.841088],[-74.258464,42.840337],[-74.258655,42.839078],[-74.259054,42.837641],[-74.25955,42.836374],[-74.260376,42.834728],[-74.261199,42.83364],[-74.26199,42.83226],[-74.26264,42.830937],[-74.263037,42.829522],[-74.263233,42.827164],[-74.263152,42.825947],[-74.26287,42.823409],[-74.262596,42.822618],[-74.261299,42.819794],[-74.260029,42.817135],[-74.259535,42.815573],[-74.258934,42.814355],[-74.258263,42.813322],[-74.256829,42.812214],[-74.256442,42.8119],[-74.254947,42.809815],[-74.254778,42.808479],[-74.254918,42.807143],[-74.255323,42.806064],[-74.255709,42.805457],[-74.256619,42.804553],[-74.257634,42.803486],[-74.258528,42.802386],[-74.25951,42.801788],[-74.260757,42.801138],[-74.261802,42.800757],[-74.264286,42.800116],[-74.264672,42.799659],[-74.264759,42.798948],[-74.264057,42.797376],[-74.263632,42.796753],[-74.263314,42.796534],[-74.261902,42.795451],[-74.261161,42.795194],[-74.260457,42.79512],[-74.258968,42.795325],[-74.257405,42.795797],[-74.256547,42.79587],[-74.255425,42.795671],[-74.254442,42.795297],[-74.253884,42.794504],[-74.253739,42.793809],[-74.253433,42.790533],[-74.253266,42.790178],[-74.252762,42.789739],[-74.251808,42.789117],[-74.249573,42.788267],[-74.248741,42.78758],[-74.248131,42.786886],[-74.247734,42.785474],[-74.248062,42.78457],[-74.248657,42.783807],[-74.249573,42.782877],[-74.250649,42.782133],[-74.251633,42.780889],[-74.252602,42.779089],[-74.253502,42.77725],[-74.254379,42.776006],[-74.2547,42.774709],[-74.254723,42.773656],[-74.25441,42.772237],[-74.253487,42.770082],[-74.252922,42.768972],[-74.252548,42.768447],[-74.252022,42.767606],[-74.251686,42.766874],[-74.25148,42.766096],[-74.251686,42.765306],[-74.252815,42.76349],[-74.253899,42.762189],[-74.254746,42.761438],[-74.255292,42.760701],[-74.258034,42.758771],[-74.258797,42.757135],[-74.259636,42.756696],[-74.263839,42.755567],[-74.265274,42.755807],[-74.267502,42.756857],[-74.269722,42.757368],[-74.275444,42.756792],[-74.278282,42.756681],[-74.283731,42.756799],[-74.286988,42.756685],[-74.293168,42.755762],[-74.298311,42.75445],[-74.304811,42.752187],[-74.305932,42.751493],[-74.306665,42.750074],[-74.305176,42.747242],[-74.302029,42.744089],[-74.301102,42.743161],[-74.292035,42.73412],[-74.287507,42.729607],[-74.282052,42.724004],[-74.281581,42.723367],[-74.279045,42.720705],[-74.27784,42.719472],[-74.270768,42.719542],[-74.271153,42.718243],[-74.271881,42.715712],[-74.27213,42.714845],[-74.272206,42.714578],[-74.272295,42.71427],[-74.259466,42.715278],[-74.252673,42.71584],[-74.243059,42.716682],[-74.241105,42.71685],[-74.240986,42.716914],[-74.240713,42.717476],[-74.240631,42.717643],[-74.240526,42.71786],[-74.239846,42.718924],[-74.219557,42.714499],[-74.207751,42.711925],[-74.202713,42.710826],[-74.198024,42.711251],[-74.184299,42.712494],[-74.182678,42.71936],[-74.181708,42.723637],[-74.180274,42.729979],[-74.172928,42.723964],[-74.171558,42.722842],[-74.16967,42.721295],[-74.166985,42.719096],[-74.164678,42.717207],[-74.164769,42.71676],[-74.165066,42.715304],[-74.166241,42.709536],[-74.168045,42.69991],[-74.168193,42.699051],[-74.169046,42.694107],[-74.169498,42.690953],[-74.168895,42.681609],[-74.168867,42.681187],[-74.168756,42.679452],[-74.16857,42.673868],[-74.169436,42.669462],[-74.169725,42.667426],[-74.171166,42.664544],[-74.173546,42.659247],[-74.173553,42.656963],[-74.174934,42.655661],[-74.179883,42.645537],[-74.182059,42.641788],[-74.184085,42.639611],[-74.184235,42.639622],[-74.185572,42.637363],[-74.18596,42.636717],[-74.19164,42.628402],[-74.192024,42.627849],[-74.192731,42.625658],[-74.193495,42.618999],[-74.197585,42.614882],[-74.198439,42.614044],[-74.201316,42.61124],[-74.205223,42.607431],[-74.209035,42.602881],[-74.210509,42.60099],[-74.215166,42.597435],[-74.218756,42.592646],[-74.219639,42.591386],[-74.220012,42.588021],[-74.220274,42.585412],[-74.226334,42.581094],[-74.233995,42.575688],[-74.234114,42.575276],[-74.23442,42.574162],[-74.236954,42.564971],[-74.237081,42.564629],[-74.237621,42.563124],[-74.236959,42.56012],[-74.240517,42.553105],[-74.241019,42.55182],[-74.241572,42.550802],[-74.237977,42.544593],[-74.238151,42.543857],[-74.234419,42.53784],[-74.23358,42.536486],[-74.230887,42.532035],[-74.229186,42.529284],[-74.225639,42.526403],[-74.225557,42.52023],[-74.225633,42.515948],[-74.225431,42.514962],[-74.225186,42.51118],[-74.225139,42.510585],[-74.224985,42.50855],[-74.225772,42.506956],[-74.226568,42.502633],[-74.226447,42.499233],[-74.227294,42.497231],[-74.228501,42.494381],[-74.230217,42.492071],[-74.234037,42.48774],[-74.236447,42.485459],[-74.241629,42.472036],[-74.244484,42.470182],[-74.249585,42.454598],[-74.250201,42.452482],[-74.252431,42.445347],[-74.25422,42.441653],[-74.255333,42.439338],[-74.255686,42.438606],[-74.256018,42.437915],[-74.260426,42.428949],[-74.261547,42.426615],[-74.264731,42.420127],[-74.264755,42.418876],[-74.264285,42.414589],[-74.263749,42.409695],[-74.263469,42.407127],[-74.254303,42.408207],[-74.253302,42.408325],[-74.244809,42.40928],[-74.240915,42.409712],[-74.232356,42.410663],[-74.225652,42.411408],[-74.201584,42.414081],[-74.20147,42.414093],[-74.198186,42.414453],[-74.194807,42.414824],[-74.190568,42.415289],[-74.175424,42.416955],[-74.164963,42.418106],[-74.157858,42.418932],[-74.156361,42.419128],[-74.149656,42.419995],[-74.147402,42.420294],[-74.139101,42.421363],[-74.137404,42.421581],[-74.130067,42.422515],[-74.126442,42.422984],[-74.124578,42.423243],[-74.116845,42.423664],[-74.107934,42.424744],[-74.096366,42.426145],[-74.090671,42.426834],[-74.087099,42.427268],[-74.084058,42.427643],[-74.076377,42.428592],[-74.071903,42.429146],[-74.061539,42.430428],[-74.057055,42.430985],[-74.043579,42.432703],[-74.028744,42.434502],[-74.018636,42.435669],[-74.017553,42.435795],[-73.999575,42.437918],[-73.995803,42.43829],[-73.992017,42.438644],[-73.987746,42.439241],[-73.984156,42.439658],[-73.969502,42.441027],[-73.963792,42.441622],[-73.948003,42.443204],[-73.939837,42.444063],[-73.931491,42.445075],[-73.930699,42.445192],[-73.920097,42.446628],[-73.907754,42.448413],[-73.907085,42.448507],[-73.90558,42.44874],[-73.903599,42.448999],[-73.892771,42.45055],[-73.886126,42.451507],[-73.878651,42.452528],[-73.876035,42.452881],[-73.86559,42.454372],[-73.854061,42.456097],[-73.839491,42.458187],[-73.838056,42.458399],[-73.836757,42.458592],[-73.825173,42.459825],[-73.818097,42.460578],[-73.817485,42.460644],[-73.812442,42.461179],[-73.809414,42.461501],[-73.809251,42.461519],[-73.80833,42.461617],[-73.808021,42.46165],[-73.807895,42.461663],[-73.800277,42.462473],[-73.800081,42.462493],[-73.791862,42.463367],[-73.787484,42.463831],[-73.783721,42.464231],[-73.781428,42.464438],[-73.778766,42.46468],[-73.777523,42.464793],[-73.775143,42.465009],[-73.772774,42.465225],[-73.772317,42.465281],[-73.772057,42.465322],[-73.772043,42.465325],[-73.770924,42.465438],[-73.770256,42.465503],[-73.764525,42.465964],[-73.753228,42.467074],[-73.737797,42.468715],[-73.72922,42.469596],[-73.71847,42.470702],[-73.71799,42.470751],[-73.7174,42.470812],[-73.706527,42.471929],[-73.698676,42.472736],[-73.690952,42.473531],[-73.689657,42.473691],[-73.689049,42.473753],[-73.688555,42.473803],[-73.686785,42.473984],[-73.686722,42.47399],[-73.685037,42.474162],[-73.684729,42.474194],[-73.659446,42.476786],[-73.657862,42.476948],[-73.652115,42.477537],[-73.650462,42.477707],[-73.643875,42.478382],[-73.633178,42.479478],[-73.631572,42.479593],[-73.630873,42.482116],[-73.630609,42.48261],[-73.630876,42.486467],[-73.630403,42.487004],[-73.628076,42.487086],[-73.62839,42.489236],[-73.628772,42.491423],[-73.630037,42.492809],[-73.6294,42.494414],[-73.628162,42.496496],[-73.627177,42.496999],[-73.626176,42.499682],[-73.624858,42.499693],[-73.623726,42.500786],[-73.62331,42.50204],[-73.623861,42.503076],[-73.62012,42.503449],[-73.619651,42.504205],[-73.617473,42.504477],[-73.616091,42.505707],[-73.616313,42.507878],[-73.618171,42.508571],[-73.616897,42.50954],[-73.617833,42.510103],[-73.619263,42.510166],[-73.61854,42.511547],[-73.618786,42.512334],[-73.618097,42.513837],[-73.616648,42.514351],[-73.616602,42.516383],[-73.615636,42.517175],[-73.614729,42.518085],[-73.613425,42.517044],[-73.611154,42.517392],[-73.611658,42.518068],[-73.611601,42.520585],[-73.608117,42.520995],[-73.607729,42.521112],[-73.607453,42.521994],[-73.607414,42.522496],[-73.606691,42.524178],[-73.605598,42.524444],[-73.6048,42.524783],[-73.604792,42.525134],[-73.604491,42.525438],[-73.603527,42.525691],[-73.603527,42.525924],[-73.604049,42.526369],[-73.603967,42.526645],[-73.602525,42.528681],[-73.60204,42.528871],[-73.601948,42.529332],[-73.602377,42.53021],[-73.601917,42.530926],[-73.603449,42.53401],[-73.603708,42.535272],[-73.603569,42.538307],[-73.603072,42.540145],[-73.601123,42.541445],[-73.599188,42.54176],[-73.599158,42.541841],[-73.598825,42.542254],[-73.598669,42.542722],[-73.598358,42.542878],[-73.597945,42.542757],[-73.597383,42.543632],[-73.596625,42.544209],[-73.596037,42.54475],[-73.596303,42.546131],[-73.5958,42.546485],[-73.595704,42.546991],[-73.59531,42.547425],[-73.595651,42.548478],[-73.594959,42.550473],[-73.59361,42.550811],[-73.593219,42.552229],[-73.59141,42.560138],[-73.590847,42.564163],[-73.588586,42.574134],[-73.584518,42.591847],[-73.583749,42.595371],[-73.579265,42.596005],[-73.569614,42.597355],[-73.568368,42.597482],[-73.567053,42.597512],[-73.566347,42.597583],[-73.564303,42.597964],[-73.55525,42.598955],[-73.551818,42.599328],[-73.547695,42.59978],[-73.538474,42.600698],[-73.534932,42.601272],[-73.522622,42.60275],[-73.521978,42.602788],[-73.518661,42.6029],[-73.501127,42.6035],[-73.495765,42.603895],[-73.485772,42.604603],[-73.481471,42.604936],[-73.479861,42.605055],[-73.467214,42.606027],[-73.466899,42.606562],[-73.46396,42.615924],[-73.46234,42.621516],[-73.462015,42.622698],[-73.461737,42.624855],[-73.461671,42.625499],[-73.457974,42.638058],[-73.455899,42.646149],[-73.455025,42.649366],[-73.450376,42.666826],[-73.455508,42.666167],[-73.47886,42.663195],[-73.49423,42.661238],[-73.500406,42.660492],[-73.522233,42.658974],[-73.533546,42.657583],[-73.55024,42.655382],[-73.550915,42.655289],[-73.552697,42.655054],[-73.555569,42.654674],[-73.559367,42.654175],[-73.566986,42.653007],[-73.578094,42.654457],[-73.58557,42.655468],[-73.58716,42.65564],[-73.598138,42.657002],[-73.599183,42.657153],[-73.609649,42.658635],[-73.611251,42.658866],[-73.614866,42.659461],[-73.615509,42.659483],[-73.62079,42.659867],[-73.619641,42.663903],[-73.619447,42.66487],[-73.618849,42.667628],[-73.618243,42.669415],[-73.617946,42.670675],[-73.617698,42.671283],[-73.617607,42.671604],[-73.614311,42.683317],[-73.613029,42.687784],[-73.612329,42.690188],[-73.610212,42.698236],[-73.609776,42.6994],[-73.609498,42.700175],[-73.609191,42.701278],[-73.60846,42.703378],[-73.603344,42.704007],[-73.595062,42.705025],[-73.590593,42.705574],[-73.582791,42.706688],[-73.577804,42.707211],[-73.573917,42.707766],[-73.567331,42.708509],[-73.560393,42.709287],[-73.548927,42.710753],[-73.542359,42.711678],[-73.54009,42.718072],[-73.532435,42.739271],[-73.529869,42.746401],[-73.529212,42.747772],[-73.528016,42.75009],[-73.526205,42.755027],[-73.52283,42.764301],[-73.521264,42.768765],[-73.520779,42.77018],[-73.520635,42.770603],[-73.511994,42.794379],[-73.510756,42.797882],[-73.509894,42.800242],[-73.506023,42.811159],[-73.508552,42.810862],[-73.511755,42.810493],[-73.512184,42.81044],[-73.52309,42.809185],[-73.539782,42.807247],[-73.548168,42.806293],[-73.56642,42.804177],[-73.575363,42.803144],[-73.577439,42.802905],[-73.588098,42.801674],[-73.588623,42.801614],[-73.590926,42.801352],[-73.598635,42.800398],[-73.603768,42.799784],[-73.611131,42.798924],[-73.612729,42.798613],[-73.620746,42.797143],[-73.624556,42.796388],[-73.635326,42.795407],[-73.644455,42.794159],[-73.648606,42.793416],[-73.649808,42.792291],[-73.654469,42.790592],[-73.654457,42.791924],[-73.655129,42.792142],[-73.655784,42.792339],[-73.656573,42.791085],[-73.659165,42.791663]]]]}},{"type":"Feature","properties":{"id":21,"NAME":"21","TotalPop":776664,"PopDevPct":-0.00039527,"DemPct":0.39932153,"RepPct":0.59595725,"WhitePct":0.89361801,"MinorityPct":0.10638199,"BlackPct":0.0316012,"HispanicPct":0.02769255,"PacificPct":0.00103129,"AsianPct":0.01154471,"NativePct":0.02689703,"TotalVAP":623489,"Margin":-0.10067847,"color":"#ff2020","opacity":"0.5"},"geometry":{"type":"MultiPolygon","coordinates":[[[[-74.763303,42.863237],[-74.751246,42.859658],[-74.749377,42.859068],[-74.737597,42.855525],[-74.727756,42.852678],[-74.709837,42.847611],[-74.702054,42.845305],[-74.691696,42.842238],[-74.689513,42.841591],[-74.688663,42.841337],[-74.685461,42.8404],[-74.668043,42.835236],[-74.667931,42.835203],[-74.650213,42.829941],[-74.649715,42.829846],[-74.648298,42.829558],[-74.651096,42.823384],[-74.660261,42.803167],[-74.660309,42.80306],[-74.66485,42.793049],[-74.665168,42.792347],[-74.665217,42.792237],[-74.665517,42.790547],[-74.666875,42.776949],[-74.667414,42.771179],[-74.668031,42.764592],[-74.668057,42.764004],[-74.667512,42.75071],[-74.665227,42.744218],[-74.664889,42.743266],[-74.664666,42.742678],[-74.664042,42.741089],[-74.663603,42.739747],[-74.660305,42.730275],[-74.659509,42.728038],[-74.659304,42.727463],[-74.656379,42.718695],[-74.655976,42.717458],[-74.655263,42.714999],[-74.652489,42.705693],[-74.652399,42.705399],[-74.649771,42.69688],[-74.649622,42.696399],[-74.649074,42.694348],[-74.648002,42.690817],[-74.647451,42.689173],[-74.646937,42.687446],[-74.644522,42.679495],[-74.643407,42.675906],[-74.641821,42.670731],[-74.639515,42.663654],[-74.638844,42.661558],[-74.637521,42.657373],[-74.63558,42.651063],[-74.635302,42.649733],[-74.635224,42.64943],[-74.635123,42.649151],[-74.634011,42.644379],[-74.631126,42.628931],[-74.630922,42.627982],[-74.630652,42.62677],[-74.632974,42.62343],[-74.633639,42.622455],[-74.639594,42.613816],[-74.640454,42.612335],[-74.651653,42.595297],[-74.655469,42.589418],[-74.657468,42.586721],[-74.658142,42.585693],[-74.670024,42.56763],[-74.670576,42.566948],[-74.672428,42.564455],[-74.681471,42.553706],[-74.681579,42.553578],[-74.686092,42.548214],[-74.69543,42.537147],[-74.698442,42.533559],[-74.707573,42.522675],[-74.709301,42.520602],[-74.71158,42.517799],[-74.703761,42.509962],[-74.699859,42.50605],[-74.695644,42.501823],[-74.688909,42.49513],[-74.684907,42.491086],[-74.677292,42.483388],[-74.671619,42.477652],[-74.669791,42.475804],[-74.664092,42.470043],[-74.657011,42.462885],[-74.645847,42.4516],[-74.644917,42.450659],[-74.636505,42.442156],[-74.634925,42.440559],[-74.629826,42.435419],[-74.623999,42.429572],[-74.620462,42.425937],[-74.619831,42.425314],[-74.617965,42.42402],[-74.617778,42.423946],[-74.611098,42.421301],[-74.605092,42.418924],[-74.597998,42.416157],[-74.588861,42.412583],[-74.588114,42.412291],[-74.567524,42.404193],[-74.566719,42.403875],[-74.552586,42.398299],[-74.546565,42.395924],[-74.543474,42.394704],[-74.537819,42.392474],[-74.526693,42.388085],[-74.518639,42.384908],[-74.517562,42.384484],[-74.503732,42.379028],[-74.498953,42.377146],[-74.476274,42.368178],[-74.467889,42.364811],[-74.456224,42.360126],[-74.445445,42.355796],[-74.44448,42.355409],[-74.443506,42.355017],[-74.438155,42.35658],[-74.433956,42.357808],[-74.43181,42.358436],[-74.418951,42.362194],[-74.383969,42.372565],[-74.379051,42.373873],[-74.378319,42.372487],[-74.376179,42.370655],[-74.37459,42.370129],[-74.371723,42.370145],[-74.367485,42.36845],[-74.366547,42.367776],[-74.362976,42.36728],[-74.359999,42.366175],[-74.356697,42.364243],[-74.355323,42.361142],[-74.351969,42.36028],[-74.349241,42.358373],[-74.348139,42.357997],[-74.346087,42.355691],[-74.340968,42.358479],[-74.337012,42.358282],[-74.332793,42.35715],[-74.329364,42.357375],[-74.326453,42.359165],[-74.324843,42.359834],[-74.320965,42.360661],[-74.318938,42.360554],[-74.317501,42.360007],[-74.312582,42.35709],[-74.308546,42.359817],[-74.303797,42.36101],[-74.299468,42.362575],[-74.29502,42.361464],[-74.293001,42.36121],[-74.289193,42.361383],[-74.284033,42.361761],[-74.281577,42.362855],[-74.276645,42.363349],[-74.273474,42.365032],[-74.269549,42.368354],[-74.269134,42.36981],[-74.2679,42.371746],[-74.265357,42.37456],[-74.261513,42.376951],[-74.260398,42.3784],[-74.258911,42.379151],[-74.25506,42.379824],[-74.251952,42.379282],[-74.248282,42.379294],[-74.246454,42.378852],[-74.244692,42.377159],[-74.245195,42.378799],[-74.247846,42.387446],[-74.251965,42.400783],[-74.25427,42.408102],[-74.254303,42.408207],[-74.263469,42.407127],[-74.263749,42.409695],[-74.264285,42.414589],[-74.264755,42.418876],[-74.264731,42.420127],[-74.261547,42.426615],[-74.260426,42.428949],[-74.256018,42.437915],[-74.255686,42.438606],[-74.255333,42.439338],[-74.25422,42.441653],[-74.252431,42.445347],[-74.250201,42.452482],[-74.249585,42.454598],[-74.244484,42.470182],[-74.241629,42.472036],[-74.236447,42.485459],[-74.234037,42.48774],[-74.230217,42.492071],[-74.228501,42.494381],[-74.227294,42.497231],[-74.226447,42.499233],[-74.226568,42.502633],[-74.225772,42.506956],[-74.224985,42.50855],[-74.225139,42.510585],[-74.225186,42.51118],[-74.225431,42.514962],[-74.225633,42.515948],[-74.225557,42.52023],[-74.225639,42.526403],[-74.229186,42.529284],[-74.230887,42.532035],[-74.23358,42.536486],[-74.234419,42.53784],[-74.238151,42.543857],[-74.237977,42.544593],[-74.241572,42.550802],[-74.241019,42.55182],[-74.240517,42.553105],[-74.236959,42.56012],[-74.237621,42.563124],[-74.237081,42.564629],[-74.236954,42.564971],[-74.23442,42.574162],[-74.234114,42.575276],[-74.233995,42.575688],[-74.226334,42.581094],[-74.220274,42.585412],[-74.220012,42.588021],[-74.219639,42.591386],[-74.218756,42.592646],[-74.215166,42.597435],[-74.210509,42.60099],[-74.209035,42.602881],[-74.205223,42.607431],[-74.201316,42.61124],[-74.198439,42.614044],[-74.197585,42.614882],[-74.193495,42.618999],[-74.192731,42.625658],[-74.192024,42.627849],[-74.19164,42.628402],[-74.18596,42.636717],[-74.185572,42.637363],[-74.184235,42.639622],[-74.184085,42.639611],[-74.182059,42.641788],[-74.179883,42.645537],[-74.174934,42.655661],[-74.173553,42.656963],[-74.173546,42.659247],[-74.171166,42.664544],[-74.169725,42.667426],[-74.169436,42.669462],[-74.16857,42.673868],[-74.168756,42.679452],[-74.168867,42.681187],[-74.168895,42.681609],[-74.169498,42.690953],[-74.169046,42.694107],[-74.168193,42.699051],[-74.168045,42.69991],[-74.166241,42.709536],[-74.165066,42.715304],[-74.164769,42.71676],[-74.164678,42.717207],[-74.166985,42.719096],[-74.16967,42.721295],[-74.171558,42.722842],[-74.172928,42.723964],[-74.180274,42.729979],[-74.181708,42.723637],[-74.182678,42.71936],[-74.184299,42.712494],[-74.198024,42.711251],[-74.202713,42.710826],[-74.207751,42.711925],[-74.219557,42.714499],[-74.239846,42.718924],[-74.240526,42.71786],[-74.240631,42.717643],[-74.240713,42.717476],[-74.240986,42.716914],[-74.241105,42.71685],[-74.243059,42.716682],[-74.252673,42.71584],[-74.259466,42.715278],[-74.272295,42.71427],[-74.272206,42.714578],[-74.27213,42.714845],[-74.271881,42.715712],[-74.271153,42.718243],[-74.270768,42.719542],[-74.27784,42.719472],[-74.279045,42.720705],[-74.281581,42.723367],[-74.282052,42.724004],[-74.287507,42.729607],[-74.292035,42.73412],[-74.301102,42.743161],[-74.302029,42.744089],[-74.305176,42.747242],[-74.306665,42.750074],[-74.305932,42.751493],[-74.304811,42.752187],[-74.298311,42.75445],[-74.293168,42.755762],[-74.286988,42.756685],[-74.283731,42.756799],[-74.278282,42.756681],[-74.275444,42.756792],[-74.269722,42.757368],[-74.267502,42.756857],[-74.265274,42.755807],[-74.263839,42.755567],[-74.259636,42.756696],[-74.258797,42.757135],[-74.258034,42.758771],[-74.255292,42.760701],[-74.254746,42.761438],[-74.253899,42.762189],[-74.252815,42.76349],[-74.251686,42.765306],[-74.25148,42.766096],[-74.251686,42.766874],[-74.252022,42.767606],[-74.252548,42.768447],[-74.252922,42.768972],[-74.253487,42.770082],[-74.25441,42.772237],[-74.254723,42.773656],[-74.2547,42.774709],[-74.254379,42.776006],[-74.253502,42.77725],[-74.252602,42.779089],[-74.251633,42.780889],[-74.250649,42.782133],[-74.249573,42.782877],[-74.248657,42.783807],[-74.248062,42.78457],[-74.247734,42.785474],[-74.248131,42.786886],[-74.248741,42.78758],[-74.249573,42.788267],[-74.251808,42.789117],[-74.252762,42.789739],[-74.253266,42.790178],[-74.253433,42.790533],[-74.253739,42.793809],[-74.253884,42.794504],[-74.254442,42.795297],[-74.255425,42.795671],[-74.256547,42.79587],[-74.257405,42.795797],[-74.258968,42.795325],[-74.260457,42.79512],[-74.261161,42.795194],[-74.261902,42.795451],[-74.263314,42.796534],[-74.263632,42.796753],[-74.264057,42.797376],[-74.264759,42.798948],[-74.264672,42.799659],[-74.264286,42.800116],[-74.261802,42.800757],[-74.260757,42.801138],[-74.25951,42.801788],[-74.258528,42.802386],[-74.257634,42.803486],[-74.256619,42.804553],[-74.255709,42.805457],[-74.255323,42.806064],[-74.254918,42.807143],[-74.254778,42.808479],[-74.254947,42.809815],[-74.256442,42.8119],[-74.256829,42.812214],[-74.258263,42.813322],[-74.258934,42.814355],[-74.259535,42.815573],[-74.260029,42.817135],[-74.261299,42.819794],[-74.262596,42.822618],[-74.26287,42.823409],[-74.263152,42.825947],[-74.263233,42.827164],[-74.263037,42.829522],[-74.26264,42.830937],[-74.26199,42.83226],[-74.261199,42.83364],[-74.260376,42.834728],[-74.25955,42.836374],[-74.259054,42.837641],[-74.258655,42.839078],[-74.258464,42.840337],[-74.25856,42.841088],[-74.259135,42.841905],[-74.259744,42.842439],[-74.260703,42.84303],[-74.261455,42.843346],[-74.262785,42.843784],[-74.263658,42.843972],[-74.264989,42.844127],[-74.266299,42.844129],[-74.267643,42.843946],[-74.268856,42.843859],[-74.271225,42.843984],[-74.272054,42.844179],[-74.272466,42.844866],[-74.272746,42.846013],[-74.272695,42.847903],[-74.272352,42.849129],[-74.271362,42.850799],[-74.270952,42.851091],[-74.265995,42.852373],[-74.265027,42.854108],[-74.265589,42.855683],[-74.267397,42.856841],[-74.27032,42.857871],[-74.272787,42.858045],[-74.274396,42.857119],[-74.275672,42.857516],[-74.276191,42.85893],[-74.277813,42.860289],[-74.277621,42.86272],[-74.275585,42.86509],[-74.273129,42.866017],[-74.271806,42.867342],[-74.270027,42.868029],[-74.266441,42.867879],[-74.264433,42.868242],[-74.264017,42.868877],[-74.26524,42.870038],[-74.268486,42.871392],[-74.27173,42.873124],[-74.27343,42.87263],[-74.275055,42.874072],[-74.275782,42.875869],[-74.278487,42.881117],[-74.279007,42.884688],[-74.277553,42.887265],[-74.276445,42.88872],[-74.275787,42.890671],[-74.277431,42.892081],[-74.278801,42.89171],[-74.281641,42.88893],[-74.283783,42.888369],[-74.286421,42.889135],[-74.287681,42.890945],[-74.287594,42.893193],[-74.284569,42.896766],[-74.279466,42.899565],[-74.275686,42.900713],[-74.274869,42.900879],[-74.272689,42.901572],[-74.272051,42.902023],[-74.271586,42.902522],[-74.270841,42.903817],[-74.270546,42.904915],[-74.270548,42.906206],[-74.270898,42.907868],[-74.271488,42.909267],[-74.272368,42.910411],[-74.272966,42.9109],[-74.273051,42.91134],[-74.273908,42.91192],[-74.274947,42.91216],[-74.275796,42.912067],[-74.276865,42.91212],[-74.278011,42.912054],[-74.280585,42.911784],[-74.282262,42.911704],[-74.283431,42.911785],[-74.285161,42.912182],[-74.285936,42.912619],[-74.286581,42.913366],[-74.286738,42.914],[-74.286681,42.915109],[-74.286411,42.91605],[-74.286249,42.917723],[-74.285997,42.918246],[-74.286174,42.919476],[-74.287037,42.921407],[-74.288096,42.92224],[-74.288712,42.923455],[-74.288957,42.924228],[-74.289027,42.924998],[-74.289218,42.925385],[-74.289183,42.926382],[-74.288747,42.926888],[-74.288064,42.92738],[-74.287487,42.927588],[-74.284227,42.928414],[-74.28271,42.928018],[-74.280952,42.927806],[-74.279612,42.927884],[-74.278761,42.928462],[-74.278318,42.929227],[-74.278073,42.930306],[-74.278291,42.931489],[-74.278354,42.931668],[-74.279188,42.934279],[-74.280824,42.937316],[-74.281861,42.938425],[-74.284466,42.939373],[-74.287311,42.939734],[-74.291478,42.940982],[-74.292928,42.941667],[-74.291411,42.943315],[-74.288372,42.944774],[-74.286149,42.945731],[-74.283508,42.947675],[-74.28386,42.948564],[-74.284016,42.949925],[-74.284746,42.955084],[-74.285033,42.956854],[-74.285038,42.956975],[-74.285036,42.957293],[-74.285208,42.95783],[-74.285325,42.958629],[-74.286263,42.965462],[-74.286544,42.966786],[-74.28856,42.9798],[-74.288587,42.980262],[-74.288699,42.98072],[-74.288936,42.982215],[-74.289112,42.983244],[-74.289304,42.984415],[-74.285972,42.984415],[-74.280275,42.984314],[-74.276452,42.984409],[-74.268592,42.984322],[-74.253581,42.984128],[-74.247107,42.983981],[-74.23233,42.983823],[-74.226337,42.983738],[-74.213484,42.983626],[-74.211169,42.983622],[-74.188194,42.983352],[-74.18556,42.983374],[-74.180395,42.983445],[-74.170962,42.983284],[-74.170421,42.983349],[-74.166553,42.983167],[-74.162629,42.983259],[-74.150475,42.983115],[-74.148942,42.983061],[-74.145342,42.983054],[-74.1438,42.983029],[-74.143346,42.983034],[-74.142302,42.982995],[-74.130321,42.982817],[-74.112479,42.982818],[-74.105996,42.982897],[-74.105581,42.982899],[-74.097467,42.982934],[-74.096897,42.979378],[-74.092484,42.979763],[-74.077041,42.981223],[-74.066105,42.982116],[-74.042751,42.984302],[-74.03996,42.984515],[-74.029377,42.985398],[-74.025991,42.985694],[-74.010979,42.987123],[-74.000436,42.987925],[-73.997868,42.988143],[-73.994338,42.988429],[-73.981036,42.989565],[-73.973781,42.99022],[-73.970498,42.990507],[-73.957922,42.991476],[-73.957079,42.991484],[-73.950715,42.992132],[-73.943973,42.992769],[-73.934509,42.993612],[-73.930725,42.993889],[-73.928759,42.994065],[-73.921934,42.99464],[-73.921824,42.994327],[-73.920068,42.994854],[-73.907725,42.995915],[-73.902598,42.99632],[-73.897028,42.996792],[-73.887616,42.997634],[-73.884377,42.997948],[-73.884329,42.998952],[-73.884522,43.003108],[-73.885332,43.009224],[-73.885465,43.010365],[-73.884782,43.012937],[-73.885215,43.016003],[-73.886822,43.026768],[-73.887197,43.029145],[-73.88781,43.033083],[-73.888557,43.038111],[-73.889299,43.040224],[-73.889531,43.040966],[-73.88892,43.044073],[-73.889005,43.0458],[-73.891115,43.053421],[-73.891461,43.055201],[-73.890883,43.061774],[-73.890228,43.065908],[-73.890943,43.068877],[-73.894205,43.069589],[-73.895079,43.069768],[-73.900533,43.070856],[-73.903848,43.071902],[-73.907768,43.074536],[-73.909708,43.076968],[-73.910859,43.080035],[-73.913746,43.083497],[-73.897216,43.084842],[-73.889225,43.085529],[-73.88588,43.085825],[-73.879179,43.086428],[-73.872945,43.087212],[-73.872516,43.087176],[-73.865829,43.08763],[-73.862113,43.08783],[-73.860732,43.087942],[-73.848813,43.089075],[-73.847876,43.089172],[-73.846151,43.089346],[-73.842409,43.089678],[-73.841582,43.089728],[-73.839115,43.08979],[-73.837275,43.09008],[-73.833278,43.090382],[-73.83116,43.090576],[-73.830748,43.090535],[-73.829092,43.090696],[-73.824439,43.091231],[-73.825267,43.096371],[-73.825813,43.099913],[-73.826091,43.101765],[-73.826613,43.105122],[-73.830322,43.129013],[-73.826685,43.129122],[-73.818369,43.129771],[-73.815209,43.13095],[-73.812773,43.133089],[-73.809871,43.136015],[-73.808358,43.137068],[-73.805113,43.139217],[-73.800148,43.142418],[-73.797176,43.143817],[-73.795789,43.144776],[-73.794684,43.145742],[-73.78862,43.147254],[-73.779421,43.148598],[-73.778012,43.140356],[-73.773712,43.113016],[-73.77352,43.111852],[-73.773384,43.111041],[-73.773102,43.109162],[-73.772393,43.104976],[-73.772414,43.104675],[-73.77241,43.102722],[-73.770876,43.102693],[-73.770903,43.10162],[-73.77098,43.098691],[-73.770673,43.095902],[-73.768767,43.095987],[-73.765024,43.096324],[-73.764369,43.096447],[-73.761408,43.09664],[-73.753066,43.097472],[-73.752295,43.097542],[-73.750373,43.097858],[-73.750026,43.097774],[-73.75011,43.097587],[-73.746574,43.098037],[-73.745242,43.098097],[-73.740924,43.098453],[-73.735932,43.098968],[-73.733653,43.099026],[-73.727277,43.09987],[-73.723955,43.100059],[-73.718864,43.10058],[-73.702455,43.102263],[-73.700285,43.102457],[-73.700232,43.102229],[-73.69969,43.098824],[-73.699431,43.097423],[-73.697838,43.088584],[-73.696058,43.078883],[-73.695047,43.074797],[-73.695084,43.074528],[-73.695526,43.074263],[-73.698247,43.073264],[-73.701611,43.072542],[-73.702304,43.071973],[-73.702291,43.070422],[-73.704345,43.069037],[-73.705723,43.067248],[-73.707755,43.065871],[-73.711057,43.064168],[-73.714257,43.061347],[-73.718426,43.056862],[-73.720081,43.055061],[-73.721801,43.053971],[-73.726013,43.053153],[-73.726653,43.052471],[-73.727425,43.048638],[-73.726972,43.04738],[-73.724248,43.043976],[-73.723908,43.042892],[-73.724459,43.040847],[-73.725527,43.038381],[-73.727112,43.03491],[-73.728313,43.033097],[-73.730629,43.031431],[-73.738704,43.026274],[-73.740038,43.022009],[-73.742525,43.018768],[-73.743703,43.016709],[-73.744882,43.015301],[-73.746935,43.013618],[-73.747346,43.01025],[-73.749195,43.009757],[-73.750395,43.008436],[-73.751171,43.006305],[-73.75255,43.003907],[-73.752575,43.002861],[-73.751325,43.000701],[-73.750835,42.996947],[-73.748047,42.992424],[-73.746446,42.988661],[-73.746147,42.986308],[-73.746523,42.984397],[-73.749574,42.973304],[-73.751979,42.964888],[-73.752963,42.961952],[-73.753109,42.96136],[-73.753492,42.95935],[-73.75437,42.956165],[-73.755966,42.950398],[-73.757673,42.944388],[-73.758262,42.942238],[-73.761036,42.932076],[-73.762319,42.927793],[-73.76252,42.927096],[-73.764179,42.921355],[-73.761666,42.920726],[-73.760953,42.920022],[-73.759828,42.920693],[-73.758124,42.920393],[-73.757296,42.919562],[-73.755937,42.920326],[-73.755394,42.919869],[-73.753212,42.920289],[-73.752301,42.919878],[-73.750746,42.920713],[-73.751739,42.921588],[-73.746916,42.91995],[-73.746309,42.921132],[-73.745378,42.921075],[-73.745114,42.919957],[-73.744114,42.921495],[-73.742739,42.920874],[-73.740675,42.921559],[-73.736369,42.921911],[-73.73587,42.921343],[-73.733789,42.921109],[-73.732354,42.920391],[-73.730651,42.919447],[-73.7289,42.918838],[-73.726874,42.920016],[-73.72551,42.918203],[-73.723062,42.91776],[-73.719114,42.917542],[-73.719201,42.919376],[-73.718029,42.919662],[-73.717496,42.918761],[-73.714162,42.918453],[-73.713511,42.917687],[-73.71198,42.917299],[-73.708365,42.915273],[-73.70726,42.915212],[-73.703306,42.913244],[-73.698388,42.911701],[-73.695643,42.910569],[-73.691541,42.909406],[-73.691195,42.910258],[-73.6909,42.910139],[-73.690089,42.909803],[-73.689226,42.909452],[-73.687133,42.909241],[-73.686953,42.909255],[-73.685792,42.909352],[-73.685377,42.909384],[-73.68378,42.9097],[-73.681934,42.91224],[-73.680771,42.912221],[-73.678913,42.912212],[-73.671725,42.919233],[-73.671695,42.919262],[-73.671421,42.919522],[-73.671365,42.919573],[-73.668431,42.922256],[-73.666116,42.923827],[-73.664831,42.925779],[-73.663677,42.926445],[-73.663376,42.927308],[-73.663369,42.928614],[-73.662943,42.929556],[-73.660433,42.932534],[-73.658572,42.933949],[-73.6578,42.934284],[-73.650897,42.938138],[-73.647144,42.938994],[-73.639952,42.939418],[-73.63771,42.940118],[-73.635463,42.94129],[-73.63315,42.941257],[-73.632014,42.941248],[-73.624561,42.941222],[-73.614593,42.941459],[-73.600175,42.94179],[-73.598028,42.941839],[-73.595717,42.941892],[-73.585015,42.942113],[-73.577273,42.942211],[-73.577201,42.942212],[-73.562268,42.942485],[-73.55987,42.942532],[-73.546832,42.942786],[-73.536463,42.942988],[-73.527618,42.943162],[-73.519886,42.943309],[-73.517323,42.943356],[-73.510237,42.943489],[-73.50421,42.943617],[-73.49964,42.943688],[-73.498821,42.943712],[-73.496004,42.943794],[-73.487927,42.943916],[-73.472581,42.944133],[-73.464937,42.944194],[-73.464464,42.944259],[-73.462299,42.944806],[-73.450593,42.944581],[-73.449326,42.945317],[-73.449596,42.950749],[-73.447443,42.951972],[-73.443001,42.952895],[-73.43949,42.954315],[-73.436049,42.956798],[-73.43316,42.958241],[-73.432692,42.958435],[-73.430623,42.95865],[-73.428291,42.958535],[-73.426845,42.958515],[-73.426066,42.957848],[-73.425417,42.957092],[-73.424921,42.955989],[-73.42388,42.955588],[-73.422543,42.955213],[-73.421228,42.954934],[-73.420659,42.954903],[-73.419806,42.955357],[-73.417837,42.956087],[-73.416349,42.956671],[-73.413898,42.957056],[-73.412103,42.957383],[-73.409814,42.957138],[-73.408213,42.956932],[-73.406249,42.956297],[-73.405584,42.956119],[-73.404916,42.955798],[-73.404508,42.95549],[-73.403986,42.954871],[-73.404106,42.954623],[-73.404451,42.954173],[-73.404803,42.953205],[-73.40479,42.952721],[-73.404571,42.952322],[-73.40392,42.951757],[-73.403842,42.951477],[-73.403225,42.951242],[-73.403109,42.951285],[-73.401321,42.952263],[-73.398158,42.953067],[-73.398075,42.953088],[-73.397341,42.952976],[-73.395141,42.953288],[-73.393596,42.953113],[-73.393472,42.95309],[-73.392102,42.952586],[-73.390725,42.951458],[-73.389925,42.950802],[-73.389886,42.950766],[-73.389692,42.950587],[-73.389467,42.949794],[-73.388899,42.948237],[-73.384129,42.947212],[-73.382642,42.947802],[-73.380176,42.948035],[-73.379037,42.947162],[-73.378512,42.945319],[-73.379889,42.94403],[-73.380235,42.943739],[-73.368152,42.944047],[-73.35489,42.943993],[-73.348715,42.943967],[-73.333107,42.943902],[-73.329661,42.943886],[-73.320385,42.943846],[-73.311208,42.943806],[-73.27558,42.943657],[-73.274294,42.943652],[-73.274244,42.945783],[-73.27417,42.949028],[-73.273269,42.963663],[-73.273325,42.964782],[-73.272759,42.975495],[-73.272515,42.982091],[-73.271893,42.994361],[-73.271427,43.000083],[-73.270703,43.017565],[-73.269777,43.035976],[-73.269027,43.046808],[-73.268898,43.04866],[-73.266774,43.079485],[-73.266223,43.087158],[-73.266164,43.087998],[-73.265595,43.095926],[-73.265041,43.106154],[-73.264913,43.108599],[-73.264406,43.117082],[-73.263951,43.125081],[-73.262438,43.154023],[-73.262275,43.157158],[-73.261631,43.169499],[-73.260596,43.189307],[-73.260035,43.200002],[-73.259707,43.206374],[-73.259651,43.207421],[-73.259159,43.216848],[-73.258801,43.227462],[-73.258697,43.230555],[-73.257613,43.245188],[-73.257091,43.252531],[-73.256475,43.260093],[-73.256346,43.26535],[-73.25575,43.279057],[-73.255621,43.283902],[-73.255131,43.30214],[-73.254293,43.323169],[-73.253761,43.340699],[-73.253306,43.352677],[-73.253288,43.353],[-73.253231,43.354209],[-73.253303,43.361208],[-73.252833,43.363494],[-73.252675,43.370286],[-73.252353,43.372994],[-73.252129,43.378315],[-73.251465,43.394537],[-73.251307,43.398031],[-73.251231,43.39973],[-73.251008,43.404798],[-73.250952,43.406147],[-73.250422,43.419011],[-73.25001,43.429561],[-73.249694,43.438101],[-73.249552,43.442889],[-73.248396,43.470634],[-73.247793,43.491872],[-73.24711,43.508044],[-73.247065,43.514317],[-73.246748,43.515538],[-73.248037,43.51636],[-73.246844,43.517252],[-73.24672,43.518876],[-73.247631,43.519241],[-73.247601,43.520522],[-73.246502,43.52146],[-73.247698,43.523174],[-73.246526,43.526017],[-73.24544,43.526857],[-73.244875,43.527154],[-73.243901,43.527429],[-73.243367,43.527727],[-73.24277,43.528321],[-73.242331,43.528642],[-73.241892,43.529419],[-73.242678,43.530105],[-73.242647,43.530722],[-73.242365,43.53118],[-73.241454,43.532049],[-73.241391,43.532346],[-73.241486,43.532621],[-73.241989,43.532986],[-73.242178,43.533489],[-73.242587,43.533763],[-73.242744,43.533991],[-73.242725,43.534058],[-73.242658,43.5343],[-73.242537,43.534381],[-73.242238,43.534398],[-73.241993,43.534342],[-73.24186,43.534327],[-73.241717,43.534399],[-73.241607,43.534545],[-73.241574,43.534714],[-73.241575,43.534851],[-73.241579,43.53496],[-73.241588,43.534971],[-73.241614,43.534995],[-73.241627,43.535006],[-73.24171,43.535076],[-73.241833,43.535076],[-73.241883,43.53504],[-73.242043,43.534925],[-73.24223,43.534873],[-73.242304,43.534853],[-73.24237,43.534835],[-73.242444,43.534815],[-73.242485,43.534804],[-73.242737,43.534778],[-73.242839,43.534768],[-73.243531,43.535408],[-73.243689,43.535797],[-73.243815,43.536871],[-73.244193,43.537809],[-73.244194,43.538358],[-73.244414,43.538815],[-73.244918,43.539249],[-73.245452,43.5395],[-73.246395,43.539751],[-73.24671,43.540346],[-73.24649,43.540643],[-73.246459,43.540963],[-73.246554,43.541123],[-73.246586,43.541855],[-73.247813,43.542814],[-73.249554,43.543064],[-73.250133,43.543429],[-73.250101,43.543749],[-73.249967,43.544252],[-73.249936,43.544869],[-73.249157,43.545283],[-73.248223,43.544941],[-73.247815,43.545055],[-73.247815,43.545421],[-73.248193,43.545787],[-73.248633,43.545901],[-73.249173,43.545969],[-73.249554,43.546105],[-73.249856,43.546127],[-73.249554,43.546437],[-73.249189,43.546655],[-73.249253,43.547204],[-73.249554,43.547226],[-73.250029,43.547522],[-73.250028,43.547933],[-73.249554,43.548277],[-73.249269,43.548461],[-73.249206,43.548896],[-73.249554,43.549146],[-73.249965,43.549374],[-73.249925,43.549724],[-73.249996,43.549854],[-73.250314,43.55022],[-73.250408,43.550426],[-73.250219,43.550792],[-73.249139,43.55097],[-73.24881,43.551046],[-73.248607,43.551206],[-73.24867,43.551503],[-73.24916,43.551754],[-73.249161,43.552189],[-73.248985,43.552417],[-73.24842,43.552578],[-73.248451,43.552875],[-73.248766,43.553149],[-73.248641,43.553858],[-73.249554,43.554337],[-73.251441,43.555388],[-73.25449,43.555596],[-73.254395,43.556282],[-73.254206,43.556373],[-73.252603,43.556441],[-73.252602,43.556852],[-73.252948,43.557356],[-73.25345,43.557882],[-73.253827,43.558431],[-73.255272,43.559575],[-73.255555,43.559895],[-73.255585,43.560947],[-73.25571,43.561427],[-73.25593,43.561885],[-73.25681,43.562251],[-73.257156,43.562548],[-73.25835,43.563052],[-73.258381,43.563509],[-73.258161,43.563921],[-73.258192,43.564287],[-73.258631,43.56495],[-73.260015,43.56591],[-73.260235,43.566207],[-73.260739,43.566535],[-73.260749,43.566522],[-73.261813,43.565548],[-73.262298,43.567016],[-73.262354,43.567212],[-73.264602,43.568195],[-73.264572,43.568633],[-73.2641,43.568884],[-73.264163,43.569136],[-73.266049,43.569685],[-73.266489,43.569868],[-73.266647,43.569777],[-73.266679,43.56916],[-73.26693,43.569],[-73.267528,43.569],[-73.267936,43.569137],[-73.267834,43.569481],[-73.267514,43.569683],[-73.267539,43.569981],[-73.268012,43.569918],[-73.268269,43.569669],[-73.268615,43.569695],[-73.268988,43.569929],[-73.269296,43.570276],[-73.26929,43.570506],[-73.268347,43.570448],[-73.268153,43.570721],[-73.267523,43.570784],[-73.267458,43.570873],[-73.267548,43.571126],[-73.26836,43.571295],[-73.268452,43.571434],[-73.268354,43.571592],[-73.267532,43.571811],[-73.267528,43.571972],[-73.267932,43.57225],[-73.268296,43.572185],[-73.269323,43.571979],[-73.2697,43.57177],[-73.270238,43.571815],[-73.271187,43.572065],[-73.271663,43.572433],[-73.272297,43.572569],[-73.273753,43.572657],[-73.275338,43.573045],[-73.275751,43.573273],[-73.276319,43.57341],[-73.276509,43.573549],[-73.276419,43.57433],[-73.276549,43.574468],[-73.277367,43.574423],[-73.277807,43.574629],[-73.278185,43.574537],[-73.278751,43.574057],[-73.27916,43.57408],[-73.279411,43.574263],[-73.279726,43.574241],[-73.280292,43.573555],[-73.280858,43.573578],[-73.281078,43.574172],[-73.281109,43.574973],[-73.280952,43.575407],[-73.281077,43.57655],[-73.281296,43.577579],[-73.281674,43.577945],[-73.282051,43.578128],[-73.283592,43.578083],[-73.283906,43.578312],[-73.284189,43.578746],[-73.284912,43.579272],[-73.285825,43.57893],[-73.2879,43.578701],[-73.289159,43.578336],[-73.289771,43.577791],[-73.289851,43.577719],[-73.29004,43.577673],[-73.291109,43.577856],[-73.291738,43.578519],[-73.292021,43.578588],[-73.294128,43.578474],[-73.294474,43.578314],[-73.294285,43.577788],[-73.294506,43.577148],[-73.294946,43.576828],[-73.295292,43.576782],[-73.295725,43.577146],[-73.295757,43.577786],[-73.295668,43.578633],[-73.295984,43.57889],[-73.297042,43.579142],[-73.297324,43.579373],[-73.297258,43.579691],[-73.295226,43.581724],[-73.294225,43.582442],[-73.293215,43.583571],[-73.292332,43.584267],[-73.292109,43.584544],[-73.292111,43.584885],[-73.292363,43.585137],[-73.292869,43.585361],[-73.294189,43.585777],[-73.295287,43.586471],[-73.295573,43.586683],[-73.29671,43.587114],[-73.29691,43.587672],[-73.295909,43.58865],[-73.295811,43.588877],[-73.295205,43.589938],[-73.293839,43.591978],[-73.29328,43.592547],[-73.292802,43.593862],[-73.292358,43.595752],[-73.292447,43.595994],[-73.292762,43.596603],[-73.292679,43.597088],[-73.292055,43.598169],[-73.291135,43.59903],[-73.291019,43.599235],[-73.291161,43.599878],[-73.292158,43.600567],[-73.292646,43.60134],[-73.292698,43.601955],[-73.292216,43.602555],[-73.292484,43.603122],[-73.292704,43.603305],[-73.293082,43.603854],[-73.293711,43.604357],[-73.293742,43.605203],[-73.295,43.606049],[-73.295283,43.606849],[-73.296416,43.607604],[-73.296636,43.608199],[-73.296699,43.608633],[-73.296856,43.60877],[-73.297454,43.609045],[-73.297863,43.609434],[-73.29802,43.610028],[-73.298303,43.610211],[-73.299876,43.610394],[-73.300128,43.610577],[-73.300285,43.610806],[-73.300883,43.610737],[-73.30123,43.610234],[-73.301481,43.609617],[-73.301607,43.609503],[-73.302111,43.609388],[-73.302488,43.60948],[-73.302772,43.609777],[-73.302771,43.610075],[-73.302425,43.610463],[-73.302425,43.611309],[-73.302236,43.611789],[-73.300977,43.613161],[-73.300851,43.613458],[-73.301197,43.615082],[-73.301134,43.616019],[-73.301008,43.616431],[-73.300441,43.617071],[-73.300315,43.617323],[-73.300378,43.617803],[-73.30085,43.618397],[-73.302455,43.619632],[-73.302895,43.620295],[-73.30299,43.620524],[-73.302958,43.621004],[-73.302076,43.623108],[-73.302077,43.624365],[-73.302347,43.625066],[-73.302553,43.625709],[-73.304126,43.627058],[-73.305228,43.627653],[-73.305579,43.627781],[-73.306012,43.628131],[-73.307534,43.627758],[-73.308275,43.62686],[-73.309491,43.625066],[-73.310229,43.624229],[-73.311173,43.624092],[-73.311834,43.624229],[-73.312967,43.624706],[-73.313129,43.625512],[-73.314797,43.626144],[-73.315521,43.626555],[-73.31678,43.626784],[-73.317567,43.627356],[-73.317693,43.62843],[-73.318322,43.628499],[-73.319298,43.627653],[-73.319928,43.627333],[-73.320715,43.627264],[-73.32232,43.627538],[-73.323894,43.62763],[-73.324492,43.627515],[-73.325939,43.626463],[-73.326537,43.626166],[-73.327702,43.625914],[-73.32814,43.625917],[-73.330692,43.625937],[-73.33129,43.626074],[-73.331668,43.626508],[-73.332078,43.627171],[-73.333085,43.627766],[-73.333683,43.628017],[-73.334187,43.627994],[-73.334313,43.62788],[-73.334313,43.627422],[-73.334218,43.627285],[-73.334218,43.626919],[-73.336201,43.626644],[-73.337365,43.626324],[-73.337806,43.626095],[-73.338026,43.625442],[-73.338827,43.625066],[-73.340068,43.624647],[-73.340791,43.624636],[-73.341578,43.624739],[-73.34196,43.625464],[-73.342181,43.626071],[-73.342433,43.626323],[-73.342842,43.626506],[-73.344101,43.626368],[-73.34451,43.626277],[-73.345171,43.625865],[-73.346082,43.625066],[-73.346992,43.624156],[-73.347275,43.623584],[-73.347621,43.62251],[-73.348218,43.621709],[-73.348753,43.621458],[-73.349496,43.621497],[-73.349985,43.621633],[-73.350473,43.621882],[-73.351232,43.622502],[-73.351795,43.623295],[-73.352071,43.623586],[-73.35261,43.624085],[-73.35324,43.625176],[-73.353638,43.625927],[-73.353907,43.626131],[-73.354703,43.626244],[-73.356085,43.626052],[-73.357291,43.625906],[-73.358455,43.625416],[-73.358594,43.625066],[-73.359111,43.624599],[-73.359741,43.624472],[-73.363738,43.623922],[-73.365563,43.623441],[-73.366538,43.623463],[-73.367168,43.623623],[-73.368271,43.624586],[-73.3689,43.624711],[-73.371104,43.624756],[-73.37189,43.62449],[-73.372299,43.624078],[-73.372456,43.623666],[-73.372487,43.622752],[-73.371636,43.621403],[-73.370376,43.620352],[-73.369871,43.619712],[-73.36984,43.619392],[-73.369934,43.619094],[-73.371097,43.61811],[-73.372952,43.616006],[-73.374558,43.614678],[-73.375595,43.613351],[-73.376037,43.612597],[-73.376037,43.612117],[-73.375754,43.611796],[-73.374558,43.610928],[-73.374242,43.61086],[-73.374226,43.610197],[-73.374558,43.610173],[-73.374919,43.609898],[-73.375284,43.609555],[-73.376039,43.609304],[-73.376354,43.609099],[-73.376386,43.608824],[-73.376103,43.608664],[-73.374557,43.60815],[-73.374066,43.607979],[-73.373163,43.607248],[-73.372375,43.606014],[-73.372343,43.605374],[-73.372469,43.604848],[-73.372908,43.603887],[-73.373443,43.603292],[-73.374557,43.602365],[-73.37492,43.602113],[-73.376294,43.601114],[-73.376672,43.600791],[-73.377094,43.60055],[-73.377395,43.600421],[-73.377636,43.600228],[-73.377748,43.600067],[-73.377748,43.599656],[-73.377583,43.59946],[-73.377229,43.598962],[-73.377194,43.598815],[-73.377213,43.598572],[-73.37737,43.598398],[-73.378777,43.598152],[-73.379505,43.597944],[-73.380271,43.597905],[-73.38078,43.598229],[-73.3811,43.598407],[-73.38135,43.598505],[-73.381601,43.598488],[-73.382186,43.598265],[-73.38349,43.597366],[-73.383597,43.596975],[-73.383468,43.596694],[-73.382728,43.59545],[-73.382627,43.595029],[-73.382578,43.594495],[-73.382449,43.594159],[-73.382281,43.593862],[-73.382073,43.593585],[-73.381885,43.593288],[-73.381715,43.592963],[-73.381773,43.592487],[-73.381999,43.592025],[-73.382138,43.591824],[-73.382414,43.591577],[-73.382967,43.591387],[-73.383518,43.591308],[-73.38409,43.591415],[-73.385351,43.591499],[-73.385833,43.591426],[-73.386282,43.591252],[-73.386626,43.591019],[-73.386901,43.59077],[-73.386968,43.590408],[-73.387039,43.589463],[-73.386792,43.58896],[-73.386253,43.588411],[-73.385153,43.587702],[-73.38432,43.587334],[-73.38293,43.587076],[-73.382619,43.586865],[-73.382465,43.586578],[-73.382425,43.586062],[-73.382616,43.585625],[-73.383059,43.585221],[-73.383426,43.584728],[-73.384559,43.583905],[-73.384722,43.583777],[-73.385251,43.583263],[-73.385251,43.583031],[-73.385108,43.582455],[-73.384897,43.582055],[-73.384496,43.581553],[-73.383414,43.58055],[-73.382711,43.579196],[-73.382762,43.578776],[-73.382861,43.578565],[-73.383126,43.577688],[-73.383285,43.5772],[-73.383888,43.576064],[-73.384339,43.575398],[-73.384935,43.575114],[-73.386126,43.574799],[-73.387311,43.574668],[-73.38798,43.574697],[-73.388828,43.574717],[-73.389288,43.574741],[-73.389741,43.574683],[-73.390794,43.574183],[-73.391427,43.57361],[-73.391891,43.572949],[-73.391931,43.572723],[-73.391913,43.572534],[-73.391793,43.572179],[-73.391531,43.571609],[-73.391381,43.571171],[-73.391344,43.570851],[-73.391447,43.570454],[-73.391673,43.57012],[-73.391768,43.570057],[-73.392005,43.569899],[-73.39312,43.569601],[-73.393974,43.569595],[-73.394886,43.56971],[-73.395169,43.569619],[-73.395422,43.56859],[-73.395768,43.568087],[-73.396208,43.56795],[-73.39712,43.567904],[-73.398126,43.568065],[-73.399918,43.56882],[-73.400296,43.568889],[-73.40563,43.571179],[-73.408057,43.572862],[-73.416965,43.577731],[-73.420384,43.581495],[-73.422159,43.58213],[-73.426699,43.582993],[-73.428637,43.583994],[-73.430948,43.587036],[-73.431229,43.588285],[-73.430325,43.590532],[-73.426882,43.595215],[-73.424977,43.598775],[-73.422421,43.601557],[-73.421616,43.603023],[-73.422155,43.606512],[-73.423816,43.61099],[-73.423709,43.612357],[-73.417828,43.620586],[-73.417669,43.621687],[-73.41832,43.623325],[-73.419898,43.625065],[-73.42791,43.634428],[-73.428505,43.636817],[-73.426911,43.640671],[-73.426463,43.642599],[-73.425217,43.644291],[-73.423139,43.645894],[-73.419385,43.647487],[-73.418396,43.648284],[-73.415847,43.651887],[-73.415189,43.653467],[-73.415093,43.65671],[-73.413677,43.659733],[-73.412108,43.661659],[-73.409734,43.66656],[-73.408062,43.669438],[-73.407878,43.672164],[-73.407274,43.674003],[-73.404127,43.68134],[-73.40351,43.683977],[-73.404026,43.686406],[-73.405243,43.688368],[-73.404973,43.689763],[-73.402901,43.692495],[-73.401561,43.693359],[-73.398332,43.694625],[-73.396307,43.696042],[-73.394726,43.697677],[-73.3936,43.699539],[-73.392928,43.701732],[-73.39179,43.703481],[-73.388639,43.706655],[-73.388167,43.708509],[-73.385493,43.711756],[-73.381485,43.715186],[-73.377756,43.717713],[-73.37456,43.720975],[-73.370612,43.725329],[-73.369916,43.728789],[-73.370724,43.73557],[-73.370331,43.74223],[-73.369944,43.743855],[-73.366883,43.747661],[-73.365944,43.749738],[-73.362823,43.753084],[-73.360123,43.756818],[-73.359466,43.758087],[-73.354644,43.764564],[-73.353287,43.766957],[-73.351265,43.769823],[-73.350998,43.772434],[-73.354401,43.776373],[-73.355362,43.777927],[-73.357521,43.785557],[-73.358154,43.786475],[-73.362213,43.789955],[-73.364059,43.791215],[-73.366928,43.792669],[-73.370995,43.795132],[-73.376793,43.799158],[-73.377891,43.804882],[-73.379281,43.808481],[-73.380722,43.810819],[-73.382057,43.812216],[-73.385666,43.814806],[-73.389565,43.81704],[-73.391014,43.818411],[-73.392174,43.820471],[-73.392799,43.822771],[-73.391586,43.826531],[-73.389297,43.831235],[-73.388192,43.832655],[-73.385002,43.835343],[-73.381325,43.83742],[-73.377793,43.838716],[-73.375572,43.840544],[-73.373711,43.842966],[-73.372589,43.845354],[-73.373627,43.847521],[-73.380249,43.851923],[-73.382062,43.854488],[-73.382186,43.857019],[-73.381248,43.860018],[-73.380191,43.861975],[-73.379089,43.865187],[-73.376554,43.869607],[-73.3741,43.875304],[-73.374494,43.876956],[-73.383694,43.891284],[-73.396179,43.903264],[-73.397956,43.908508],[-73.39962,43.91219],[-73.401194,43.917008],[-73.402364,43.919906],[-73.404682,43.923775],[-73.407134,43.928186],[-73.408554,43.931894],[-73.408859,43.934505],[-73.408554,43.93731],[-73.407448,43.94248],[-73.405646,43.948069],[-73.405511,43.949726],[-73.405736,43.955932],[-73.406448,43.959582],[-73.406469,43.962972],[-73.407069,43.968172],[-73.409736,43.973617],[-73.412048,43.977604],[-73.41251,43.982216],[-73.412048,43.984388],[-73.411177,43.986292],[-73.410408,43.991851],[-73.409057,43.996012],[-73.408805,44.000679],[-73.407544,44.004363],[-73.407166,44.00695],[-73.406009,44.011417],[-73.405838,44.014071],[-73.406121,44.016371],[-73.407645,44.021111],[-73.410385,44.026503],[-73.414059,44.029309],[-73.416691,44.03038],[-73.421483,44.031862],[-73.423249,44.032822],[-73.42509,44.034376],[-73.42749,44.037109],[-73.430152,44.038514],[-73.43571,44.04188],[-73.4375,44.04346],[-73.437905,44.045125],[-73.43721,44.048438],[-73.436196,44.050774],[-73.434654,44.0553],[-73.432541,44.062329],[-73.43235,44.063956],[-73.431122,44.067766],[-73.430234,44.071941],[-73.430038,44.077195],[-73.429215,44.079831],[-73.426674,44.083582],[-73.420784,44.093001],[-73.418579,44.096637],[-73.415215,44.101344],[-73.414589,44.105243],[-73.413933,44.107845],[-73.411689,44.111518],[-73.411225,44.113767],[-73.412027,44.119631],[-73.412496,44.121275],[-73.414049,44.124082],[-73.414162,44.128159],[-73.416138,44.132355],[-73.415649,44.133451],[-73.411972,44.13778],[-73.408127,44.139897],[-73.403045,44.144984],[-73.402146,44.14806],[-73.402877,44.150483],[-73.402397,44.151539],[-73.400933,44.152698],[-73.400291,44.154363],[-73.3993,44.158653],[-73.398857,44.161915],[-73.396759,44.164514],[-73.395813,44.166266],[-73.396007,44.168232],[-73.397492,44.170912],[-73.397171,44.173838],[-73.396065,44.175776],[-73.394653,44.177377],[-73.391907,44.178428],[-73.390228,44.180331],[-73.389824,44.181757],[-73.390571,44.186131],[-73.390907,44.18811],[-73.390625,44.191068],[-73.388893,44.192619],[-73.385925,44.192766],[-73.383759,44.194032],[-73.383392,44.195936],[-73.381935,44.197734],[-73.377876,44.199567],[-73.374802,44.200243],[-73.373739,44.200964],[-73.370865,44.204527],[-73.36866,44.205729],[-73.363393,44.207737],[-73.361847,44.209421],[-73.36222,44.212461],[-73.36164,44.213354],[-73.359741,44.214694],[-73.358177,44.216355],[-73.357826,44.217331],[-73.35566,44.220055],[-73.355377,44.223157],[-73.351379,44.22598],[-73.350479,44.229893],[-73.34951,44.230905],[-73.345583,44.232841],[-73.342835,44.234446],[-73.342636,44.235334],[-73.343567,44.23722],[-73.343376,44.23819],[-73.339119,44.238893],[-73.335213,44.240475],[-73.332389,44.242982],[-73.330375,44.244312],[-73.324653,44.243517],[-73.323174,44.245061],[-73.323364,44.24691],[-73.322479,44.248733],[-73.319603,44.249909],[-73.316427,44.257737],[-73.312741,44.265411],[-73.310914,44.274298],[-73.31221,44.280069],[-73.316767,44.287728],[-73.320124,44.295909],[-73.322216,44.301542],[-73.324195,44.310033],[-73.324526,44.319246],[-73.323842,44.325327],[-73.324021,44.333835],[-73.32515,44.338528],[-73.327353,44.34436],[-73.330255,44.349824],[-73.334648,44.356879],[-73.33495,44.36444],[-73.333613,44.3723],[-73.330396,44.376],[-73.322563,44.381551],[-73.317066,44.385991],[-73.31504,44.388526],[-73.312441,44.394706],[-73.31179,44.397867],[-73.310505,44.402601],[-73.309599,44.404505],[-73.301164,44.419698],[-73.296052,44.428334],[-73.294574,44.434353],[-73.293627,44.438903],[-73.293969,44.442579],[-73.295225,44.445883],[-73.296627,44.448553],[-73.29948,44.453009],[-73.300201,44.455551],[-73.298706,44.464453],[-73.298706,44.469617],[-73.299371,44.473579],[-73.299896,44.476651],[-73.300658,44.478559],[-73.304107,44.484585],[-73.30484,44.489318],[-73.304869,44.49153],[-73.305384,44.494933],[-73.306713,44.500335],[-73.308603,44.502767],[-73.312874,44.507244],[-73.316662,44.510372],[-73.319747,44.512339],[-73.320846,44.51363],[-73.321427,44.516454],[-73.321091,44.5193],[-73.321673,44.521185],[-73.321702,44.524395],[-73.323273,44.526697],[-73.324852,44.527507],[-73.327812,44.528222],[-73.329166,44.528892],[-73.3308,44.531713],[-73.33091,44.534269],[-73.332519,44.537082],[-73.335723,44.540223],[-73.338806,44.542926],[-73.33931,44.543935],[-73.338636,44.546844],[-73.338752,44.548046],[-73.342933,44.551907],[-73.351371,44.556011],[-73.355187,44.556919],[-73.356789,44.557919],[-73.360088,44.562547],[-73.36154,44.563615],[-73.362694,44.564137],[-73.367343,44.567605],[-73.370301,44.572013],[-73.37495,44.575817],[-73.375308,44.577546],[-73.37523,44.580204],[-73.375667,44.582038],[-73.377795,44.585128],[-73.381849,44.589316],[-73.381,44.591334],[-73.377897,44.593849],[-73.376806,44.595456],[-73.376332,44.597219],[-73.376849,44.599599],[-73.379576,44.603063],[-73.381619,44.607221],[-73.382393,44.611346],[-73.383842,44.613033],[-73.387141,44.615032],[-73.38982,44.617211],[-73.389966,44.619621],[-73.387346,44.623673],[-73.386497,44.626925],[-73.385899,44.631044],[-73.3863,44.632942],[-73.387169,44.635543],[-73.385811,44.637202],[-73.380976,44.639639],[-73.378907,44.640958],[-73.378881,44.641872],[-73.383564,44.646142],[-73.384483,44.646683],[-73.383974,44.647605],[-73.381148,44.649002],[-73.378317,44.652165],[-73.378013,44.653846],[-73.378967,44.65518],[-73.379073,44.656772],[-73.377209,44.658142],[-73.37594,44.660244],[-73.374133,44.66234],[-73.373062,44.662713],[-73.370589,44.662518],[-73.369668,44.663478],[-73.370064,44.666071],[-73.372547,44.668184],[-73.372686,44.668989],[-73.3713,44.67186],[-73.371105,44.673689],[-73.37187,44.676013],[-73.371843,44.676957],[-73.370413,44.677718],[-73.367209,44.678514],[-73.367414,44.681293],[-73.369685,44.68376],[-73.370142,44.684855],[-73.365736,44.687169],[-73.36446,44.689652],[-73.362316,44.692492],[-73.361308,44.694524],[-73.362264,44.696004],[-73.365249,44.69657],[-73.365977,44.697559],[-73.365752,44.698821],[-73.365326,44.703294],[-73.365784,44.707095],[-73.365247,44.710648],[-73.365547,44.719202],[-73.365069,44.725647],[-73.365084,44.73383],[-73.365751,44.741062],[-73.365227,44.742673],[-73.363792,44.745254],[-73.361497,44.747772],[-73.358684,44.750042],[-73.357671,44.751018],[-73.354361,44.755296],[-73.353861,44.756314],[-73.352382,44.759521],[-73.351193,44.763647],[-73.350019,44.765279],[-73.348712,44.76823],[-73.347085,44.77298],[-73.345245,44.775339],[-73.343075,44.777156],[-73.339958,44.778893],[-73.336377,44.78148],[-73.334759,44.783285],[-73.333771,44.785192],[-73.333152,44.789588],[-73.33375,44.79788],[-73.33443,44.802189],[-73.335044,44.804109],[-73.340906,44.808356],[-73.343499,44.811546],[-73.34508,44.813015],[-73.346995,44.814083],[-73.3502,44.816394],[-73.353472,44.820386],[-73.358081,44.82331],[-73.365679,44.826451],[-73.368146,44.827928],[-73.37133,44.830742],[-73.372686,44.832997],[-73.375346,44.836307],[-73.378717,44.837358],[-73.379452,44.83801],[-73.379918,44.840578],[-73.379412,44.842551],[-73.379684,44.843904],[-73.381336,44.844683],[-73.380468,44.847591],[-73.381397,44.848806],[-73.381296,44.849861],[-73.379986,44.850837],[-73.379365,44.852553],[-73.379877,44.85554],[-73.379822,44.857038],[-73.377482,44.858151],[-73.376331,44.860238],[-73.371968,44.862415],[-73.369104,44.866681],[-73.36646,44.875041],[-73.36448,44.883234],[-73.363105,44.888262],[-73.36223,44.891463],[-73.360328,44.897236],[-73.356218,44.904492],[-73.353657,44.907346],[-73.350652,44.909634],[-73.347837,44.911309],[-73.344516,44.912725],[-73.341106,44.914632],[-73.339288,44.91691],[-73.338622,44.919366],[-73.338483,44.924112],[-73.339192,44.933076],[-73.339603,44.943371],[-73.33903,44.951338],[-73.337907,44.960542],[-73.338244,44.964751],[-73.339709,44.966792],[-73.34474,44.970468],[-73.347579,44.973038],[-73.350218,44.976222],[-73.352886,44.980644],[-73.353717,44.98296],[-73.354633,44.987352],[-73.353353,44.990259],[-73.350862,44.993049],[-73.349191,44.997101],[-73.348323,44.998643],[-73.348174,44.998895],[-73.343178,45.010713],[-73.353031,45.010559],[-73.369369,45.010351],[-73.370862,45.010333],[-73.372794,45.010309],[-73.388678,45.01011],[-73.427892,45.009407],[-73.441841,45.009091],[-73.451971,45.00886],[-73.452664,45.008844],[-73.471843,45.008403],[-73.484003,45.00807],[-73.505963,45.007412],[-73.517116,45.007064],[-73.51931,45.006995],[-73.532115,45.006593],[-73.560281,45.005703],[-73.572864,45.005305],[-73.60303,45.004459],[-73.639675,45.003331],[-73.652033,45.002989],[-73.667186,45.002872],[-73.675332,45.002882],[-73.705478,45.00317],[-73.72682,45.003162],[-73.756365,45.00314],[-73.763453,45.003093],[-73.785793,45.002922],[-73.792239,45.002833],[-73.802266,45.002693],[-73.803554,45.002675],[-73.811606,45.002561],[-73.813677,45.002531],[-73.841415,45.002136],[-73.882766,45.000987],[-73.899461,45.000391],[-73.93921,44.998964],[-73.958405,44.998213],[-73.992395,44.996933],[-74.027389,44.995693],[-74.047202,44.994987],[-74.084639,44.993712],[-74.08583,44.993671],[-74.124159,44.9922],[-74.144689,44.99154],[-74.146926,44.991466],[-74.149697,44.991374],[-74.166236,44.991655],[-74.174725,44.991741],[-74.202286,44.991993],[-74.243078,44.992161],[-74.263106,44.992164],[-74.306593,44.992079],[-74.308201,44.992076],[-74.326849,44.991927],[-74.336547,44.992017],[-74.342825,44.99234],[-74.351574,44.992789],[-74.37207,44.993685],[-74.384053,44.994177],[-74.414197,44.995408],[-74.424769,44.995855],[-74.441856,44.996552],[-74.456443,44.997032],[-74.485804,44.997604],[-74.507843,44.998005],[-74.508505,44.998017],[-74.50916,44.99803],[-74.545568,44.998658],[-74.558731,44.998845],[-74.571634,44.999027],[-74.602387,44.999293],[-74.614372,44.999367],[-74.625232,44.999425],[-74.637131,44.999443],[-74.637792,44.999445],[-74.642496,44.999445],[-74.646697,44.999445],[-74.650067,44.999445],[-74.661202,44.999444],[-74.663059,44.998923],[-74.664101,44.99995],[-74.670527,45.006286],[-74.673273,45.000842],[-74.678402,45.000048],[-74.683966,44.99969],[-74.686932,45.000098],[-74.694541,45.00179],[-74.702019,45.003322],[-74.714504,45.000053],[-74.722573,44.998064],[-74.726228,44.994863],[-74.731301,44.990419],[-74.739719,44.990511],[-74.74464,44.990562],[-74.757191,44.994069],[-74.760217,44.994945],[-74.761735,45.00005],[-74.763407,45.005613],[-74.785766,45.004792],[-74.793149,45.004645],[-74.799885,45.010707],[-74.801638,45.014569],[-74.813263,45.013543],[-74.817195,45.011728],[-74.826576,45.015865],[-74.834674,45.014698],[-74.84179,45.011415],[-74.846175,45.01029],[-74.854778,45.005303],[-74.856422,45.004524],[-74.862643,45.004591],[-74.86664,45.000536],[-74.877232,45.001362],[-74.887837,45.000046],[-74.888042,44.999658],[-74.900725,44.992761],[-74.907948,44.983369],[-74.939447,44.984417],[-74.947506,44.984583],[-74.950228,44.984494],[-74.972491,44.983405],[-74.992727,44.977469],[-74.99927,44.971638],[-74.999258,44.966111],[-74.999878,44.965911],[-75.003083,44.962412],[-75.005151,44.958406],[-75.015435,44.952853],[-75.027125,44.946568],[-75.053077,44.937017],[-75.059966,44.93457],[-75.060706,44.933588],[-75.064826,44.929449],[-75.090125,44.927502],[-75.096659,44.927067],[-75.105086,44.919541],[-75.117575,44.921342],[-75.124657,44.91855],[-75.134416,44.915102],[-75.138877,44.900046],[-75.139866,44.896684],[-75.165123,44.893324],[-75.188277,44.883212],[-75.194072,44.882625],[-75.203012,44.877548],[-75.216484,44.877478],[-75.218576,44.877569],[-75.228638,44.867891],[-75.241294,44.866948],[-75.245673,44.864026],[-75.248628,44.862222],[-75.255516,44.857655],[-75.260932,44.856693],[-75.270604,44.854034],[-75.273545,44.853084],[-75.276905,44.851589],[-75.283128,44.849148],[-75.290429,44.845575],[-75.307621,44.83681],[-75.301976,44.826637],[-75.306011,44.824062],[-75.320025,44.815091],[-75.333743,44.806375],[-75.338751,44.807518],[-75.344538,44.809139],[-75.358614,44.797212],[-75.369829,44.788065],[-75.369953,44.782883],[-75.37468,44.782318],[-75.387367,44.780026],[-75.397008,44.773471],[-75.413792,44.772534],[-75.423938,44.756327],[-75.444052,44.742682],[-75.446757,44.740969],[-75.457862,44.73343],[-75.471894,44.723903],[-75.477641,44.720224],[-75.47969,44.719127],[-75.50015,44.7082],[-75.50615,44.704893],[-75.520952,44.693747],[-75.580039,44.649181],[-75.610405,44.625936],[-75.618364,44.619637],[-75.620265,44.618373],[-75.633074,44.610599],[-75.640794,44.605663],[-75.650953,44.599363],[-75.66091,44.592892],[-75.662373,44.591927],[-75.679275,44.579973],[-75.696583,44.567581],[-75.703805,44.56186],[-75.725704,44.544108],[-75.727052,44.542812],[-75.738121,44.535003],[-75.749677,44.52695],[-75.765488,44.516277],[-75.766226,44.515847],[-75.771961,44.509909],[-75.784568,44.496334],[-75.80171,44.477955],[-75.807765,44.471641],[-75.811385,44.460571],[-75.813894,44.452912],[-75.820819,44.432239],[-75.860046,44.403263],[-75.849256,44.39828],[-75.848198,44.397788],[-75.846341,44.396925],[-75.845612,44.396586],[-75.839732,44.393852],[-75.832127,44.390302],[-75.823782,44.386438],[-75.823424,44.386275],[-75.814189,44.381951],[-75.799477,44.375055],[-75.795606,44.373349],[-75.784311,44.368107],[-75.765562,44.359662],[-75.751221,44.353234],[-75.735137,44.346353],[-75.729378,44.343616],[-75.718963,44.338649],[-75.717829,44.33811],[-75.715239,44.336874],[-75.709333,44.334055],[-75.708548,44.333681],[-75.706673,44.332788],[-75.70605,44.33249],[-75.704657,44.331825],[-75.704249,44.331644],[-75.68434,44.322783],[-75.676061,44.31921],[-75.6706,44.317014],[-75.662729,44.31375],[-75.66094,44.313008],[-75.658765,44.312105],[-75.65691,44.311336],[-75.645151,44.306269],[-75.629537,44.299541],[-75.628517,44.299102],[-75.624891,44.297496],[-75.619849,44.295385],[-75.619466,44.295222],[-75.619061,44.295049],[-75.606582,44.289731],[-75.606219,44.289576],[-75.605917,44.289447],[-75.605675,44.289343],[-75.60396,44.288614],[-75.592943,44.283847],[-75.587525,44.281445],[-75.574729,44.275773],[-75.566889,44.272332],[-75.548223,44.264161],[-75.546727,44.263491],[-75.543504,44.262105],[-75.543445,44.262094],[-75.539878,44.260415],[-75.536484,44.258914],[-75.535299,44.258038],[-75.531188,44.256476],[-75.521757,44.25222],[-75.511391,44.247681],[-75.509752,44.246897],[-75.508437,44.246316],[-75.506095,44.245276],[-75.504564,44.244605],[-75.49737,44.241302],[-75.484355,44.235498],[-75.476583,44.231647],[-75.472315,44.22966],[-75.468295,44.227666],[-75.462552,44.225087],[-75.451733,44.220313],[-75.446124,44.217655],[-75.44604,44.217621],[-75.430436,44.210836],[-75.413919,44.203654],[-75.413334,44.203399],[-75.388516,44.192532],[-75.384007,44.190555],[-75.374648,44.186452],[-75.363184,44.181224],[-75.360801,44.180155],[-75.352757,44.176521],[-75.333122,44.167645],[-75.332313,44.167256],[-75.329723,44.165993],[-75.328201,44.165251],[-75.319687,44.161101],[-75.31594,44.159275],[-75.312031,44.157618],[-75.310133,44.156817],[-75.288326,44.147596],[-75.284656,44.146044],[-75.279354,44.143802],[-75.278228,44.143327],[-75.274318,44.141674],[-75.267021,44.138588],[-75.266738,44.138469],[-75.264634,44.137582],[-75.261169,44.136123],[-75.232389,44.123957],[-75.231386,44.123518],[-75.221905,44.119407],[-75.202689,44.111075],[-75.170159,44.096959],[-75.170051,44.096107],[-75.167337,44.074721],[-75.166996,44.072048],[-75.164076,44.049035],[-75.163154,44.041762],[-75.160593,44.021588],[-75.158936,44.008514],[-75.158327,44.003715],[-75.157874,44.00015],[-75.15663,43.988318],[-75.156493,43.987195],[-75.155685,43.981268],[-75.148096,43.920171],[-75.147199,43.914677],[-75.145347,43.903095],[-75.145222,43.902105],[-75.142172,43.874239],[-75.141955,43.872253],[-75.141737,43.87112],[-75.141643,43.870545],[-75.141463,43.868571],[-75.140538,43.861844],[-75.140396,43.860679],[-75.137652,43.837962],[-75.134423,43.811233],[-75.133487,43.802515],[-75.131194,43.784197],[-75.130505,43.77871],[-75.130204,43.776311],[-75.127992,43.760289],[-75.126236,43.746199],[-75.123477,43.724722],[-75.123208,43.721441],[-75.123087,43.72037],[-75.119785,43.693737],[-75.115369,43.658032],[-75.113605,43.64386],[-75.111271,43.625068],[-75.11016,43.615229],[-75.124615,43.608525],[-75.128864,43.606651],[-75.129676,43.606301],[-75.133292,43.604633],[-75.18256,43.581806],[-75.203651,43.572042],[-75.223322,43.562957],[-75.225253,43.562204],[-75.232807,43.558672],[-75.243178,43.553822],[-75.247784,43.551727],[-75.253517,43.549214],[-75.261884,43.545356],[-75.262306,43.545358],[-75.262644,43.545056],[-75.271043,43.541241],[-75.277645,43.538255],[-75.301137,43.527634],[-75.303205,43.526753],[-75.306113,43.525444],[-75.311452,43.522871],[-75.315677,43.520924],[-75.31614,43.520709],[-75.316831,43.520388],[-75.32296,43.517637],[-75.325982,43.516258],[-75.32747,43.515599],[-75.334387,43.512451],[-75.336135,43.511653],[-75.340159,43.509821],[-75.3517,43.504562],[-75.357661,43.50185],[-75.361639,43.500069],[-75.366788,43.497523],[-75.37267,43.494682],[-75.384314,43.489474],[-75.392396,43.485727],[-75.406688,43.479156],[-75.419858,43.47289],[-75.424301,43.470803],[-75.428263,43.468996],[-75.442645,43.462271],[-75.447267,43.459997],[-75.457369,43.455307],[-75.459802,43.454169],[-75.462224,43.453036],[-75.464518,43.451956],[-75.479913,43.444823],[-75.490367,43.439819],[-75.50818,43.431459],[-75.517593,43.427088],[-75.525158,43.423579],[-75.52914,43.421733],[-75.5335,43.419756],[-75.538278,43.420717],[-75.546656,43.422403],[-75.547129,43.422498],[-75.547142,43.422501],[-75.553707,43.423822],[-75.55792,43.42487],[-75.56242,43.425992],[-75.586174,43.43189],[-75.589145,43.432577],[-75.603345,43.435856],[-75.605574,43.436371],[-75.607581,43.436835],[-75.632146,43.44248],[-75.6395,43.444149],[-75.640076,43.444277],[-75.651702,43.446807],[-75.65369,43.447135],[-75.658728,43.448308],[-75.659549,43.448574],[-75.661976,43.449116],[-75.669466,43.450723],[-75.685447,43.454414],[-75.688865,43.455157],[-75.694247,43.456333],[-75.699965,43.457556],[-75.702808,43.45819],[-75.712346,43.460443],[-75.715815,43.461169],[-75.719897,43.462146],[-75.727362,43.463778],[-75.731371,43.464634],[-75.750104,43.468963],[-75.755453,43.470214],[-75.756213,43.470388],[-75.764928,43.472394],[-75.773881,43.474422],[-75.785727,43.477133],[-75.796854,43.479589],[-75.80007,43.480283],[-75.811075,43.482773],[-75.811599,43.482893],[-75.814627,43.483578],[-75.816029,43.480461],[-75.823652,43.463524],[-75.825539,43.459329],[-75.835835,43.436453],[-75.838997,43.429425],[-75.84059,43.425885],[-75.842319,43.422043],[-75.84794,43.409536],[-75.848913,43.407368],[-75.850555,43.403729],[-75.853796,43.396533],[-75.856728,43.390023],[-75.861099,43.380321],[-75.863461,43.375069],[-75.867781,43.365877],[-75.873176,43.354408],[-75.876254,43.34764],[-75.877447,43.34507],[-75.880739,43.337978],[-75.881814,43.335664],[-75.883573,43.331889],[-75.886756,43.325021],[-75.877986,43.322887],[-75.869902,43.320951],[-75.865461,43.319883],[-75.862934,43.319222],[-75.868422,43.279532],[-75.869725,43.273199],[-75.870912,43.263152],[-75.870738,43.261701],[-75.872361,43.249948],[-75.872409,43.249235],[-75.872979,43.246285],[-75.873392,43.243256],[-75.874251,43.237111],[-75.874792,43.232527],[-75.874912,43.231474],[-75.875059,43.23019],[-75.884275,43.155562],[-75.882275,43.154309],[-75.879617,43.153608],[-75.878618,43.152972],[-75.87751,43.15279],[-75.877237,43.152547],[-75.876616,43.152394],[-75.875411,43.152351],[-75.875139,43.152059],[-75.874652,43.152825],[-75.873429,43.15111],[-75.873508,43.149739],[-75.87184,43.148328],[-75.868099,43.146699],[-75.866712,43.146663],[-75.86509,43.147384],[-75.86451,43.146995],[-75.863135,43.147027],[-75.85997,43.148205],[-75.856627,43.150351],[-75.856527,43.151667],[-75.85474,43.152666],[-75.852974,43.156462],[-75.846423,43.157517],[-75.844154,43.15826],[-75.839993,43.160513],[-75.837297,43.160405],[-75.834961,43.159565],[-75.832784,43.159173],[-75.829578,43.159135],[-75.828425,43.158961],[-75.826994,43.159693],[-75.825994,43.15927],[-75.823767,43.159711],[-75.818855,43.161361],[-75.814588,43.161577],[-75.812732,43.161355],[-75.811938,43.161255],[-75.808304,43.160765],[-75.80535,43.160825],[-75.802938,43.16023],[-75.802674,43.159485],[-75.797959,43.158985],[-75.796561,43.159259],[-75.795687,43.159751],[-75.795333,43.161027],[-75.794622,43.160173],[-75.793059,43.160201],[-75.793244,43.161053],[-75.792103,43.161491],[-75.79021,43.163022],[-75.787809,43.164062],[-75.787544,43.165795],[-75.786489,43.166704],[-75.7825,43.167369],[-75.778513,43.168052],[-75.777516,43.169024],[-75.776975,43.171325],[-75.778023,43.172731],[-75.776144,43.173294],[-75.775576,43.171614],[-75.773399,43.170718],[-75.768787,43.169895],[-75.767559,43.168297],[-75.764414,43.166583],[-75.761357,43.165637],[-75.760163,43.164685],[-75.758117,43.161715],[-75.755413,43.160808],[-75.754966,43.160163],[-75.753566,43.160318],[-75.753712,43.159421],[-75.751856,43.158809],[-75.75055,43.159523],[-75.750124,43.158009],[-75.747394,43.158113],[-75.746097,43.158728],[-75.743733,43.160092],[-75.740072,43.163105],[-75.738396,43.164766],[-75.737774,43.164673],[-75.736685,43.164131],[-75.73629,43.163846],[-75.735155,43.162826],[-75.73306,43.162943],[-75.731784,43.161986],[-75.731691,43.160736],[-75.730856,43.160761],[-75.729847,43.161899],[-75.728424,43.162375],[-75.727018,43.161679],[-75.728216,43.161066],[-75.726037,43.157424],[-75.724639,43.157481],[-75.724071,43.15988],[-75.723371,43.160269],[-75.724246,43.161181],[-75.724086,43.162771],[-75.723284,43.161768],[-75.719899,43.161053],[-75.718878,43.158521],[-75.720321,43.158368],[-75.720636,43.157577],[-75.722525,43.15618],[-75.722132,43.155363],[-75.720279,43.154421],[-75.717498,43.151983],[-75.716085,43.153312],[-75.714222,43.152656],[-75.714201,43.151747],[-75.716174,43.151217],[-75.71614,43.15065],[-75.713731,43.149397],[-75.713104,43.150571],[-75.71178,43.151246],[-75.709363,43.151405],[-75.707166,43.151445],[-75.706579,43.150729],[-75.707404,43.148622],[-75.708443,43.147363],[-75.708513,43.145539],[-75.706415,43.144461],[-75.707254,43.143055],[-75.706497,43.140784],[-75.707759,43.139701],[-75.706771,43.137026],[-75.705855,43.136739],[-75.705268,43.137735],[-75.702346,43.136612],[-75.701374,43.136719],[-75.699514,43.138437],[-75.697141,43.13964],[-75.694603,43.139627],[-75.694557,43.138798],[-75.696123,43.137655],[-75.696297,43.136457],[-75.69375,43.135287],[-75.693805,43.133643],[-75.69243,43.132954],[-75.690753,43.132867],[-75.688454,43.133669],[-75.687101,43.13352],[-75.686401,43.131897],[-75.68685,43.129838],[-75.68543,43.128748],[-75.683653,43.128153],[-75.68097,43.128487],[-75.678746,43.127833],[-75.678197,43.126897],[-75.680265,43.125901],[-75.68249,43.126476],[-75.683516,43.125239],[-75.685137,43.124972],[-75.68467,43.123482],[-75.682573,43.123849],[-75.680302,43.123081],[-75.681665,43.122499],[-75.681487,43.121233],[-75.679935,43.121738],[-75.679272,43.120708],[-75.678873,43.121644],[-75.677129,43.121457],[-75.674551,43.122339],[-75.672699,43.121742],[-75.672433,43.120638],[-75.673847,43.118854],[-75.673601,43.118038],[-75.671499,43.117394],[-75.670776,43.116703],[-75.670616,43.11664],[-75.669701,43.115183],[-75.668836,43.115156],[-75.666742,43.1152],[-75.664256,43.114767],[-75.6614,43.115856],[-75.660394,43.115382],[-75.659732,43.113639],[-75.655128,43.114092],[-75.65297,43.113953],[-75.652836,43.113794],[-75.653839,43.111485],[-75.654632,43.111872],[-75.655874,43.109791],[-75.6532,43.10795],[-75.651498,43.106438],[-75.651074,43.105507],[-75.651027,43.105503],[-75.650979,43.105498],[-75.650943,43.105518],[-75.65089,43.105555],[-75.650862,43.1056],[-75.650843,43.105675],[-75.650853,43.105746],[-75.650843,43.105857],[-75.650898,43.105974],[-75.65089,43.106007],[-75.650891,43.106018],[-75.650895,43.106048],[-75.650911,43.106142],[-75.65093,43.106209],[-75.650933,43.106269],[-75.650932,43.106297],[-75.650934,43.106313],[-75.650931,43.106344],[-75.649147,43.10674],[-75.648267,43.105899],[-75.646962,43.106344],[-75.646025,43.105857],[-75.645613,43.103909],[-75.646303,43.102874],[-75.645028,43.102005],[-75.645969,43.100972],[-75.644354,43.100869],[-75.643094,43.099393],[-75.639729,43.097711],[-75.639556,43.096437],[-75.639392,43.095622],[-75.640561,43.095631],[-75.641504,43.095381],[-75.641017,43.092527],[-75.641257,43.088839],[-75.641058,43.087965],[-75.641201,43.087847],[-75.639732,43.087126],[-75.640302,43.086393],[-75.640401,43.084659],[-75.638821,43.082971],[-75.638778,43.081966],[-75.640507,43.08102],[-75.641752,43.081908],[-75.640203,43.078888],[-75.638305,43.07831],[-75.637316,43.076468],[-75.635709,43.07677],[-75.636465,43.075358],[-75.635975,43.074801],[-75.634147,43.075344],[-75.634748,43.076132],[-75.632096,43.076833],[-75.629412,43.076046],[-75.628259,43.074901],[-75.628327,43.074149],[-75.625183,43.073439],[-75.624759,43.073624],[-75.623408,43.073289],[-75.622213,43.073846],[-75.621494,43.071819],[-75.619401,43.071738],[-75.61823,43.071131],[-75.61963,43.069535],[-75.619438,43.069041],[-75.617133,43.06967],[-75.616367,43.06871],[-75.617704,43.0674],[-75.614565,43.065788],[-75.613128,43.065359],[-75.612389,43.065812],[-75.608905,43.065224],[-75.608421,43.065704],[-75.606953,43.064844],[-75.605286,43.065045],[-75.602264,43.064077],[-75.600228,43.061558],[-75.599496,43.0614],[-75.601848,43.058271],[-75.603974,43.057477],[-75.604681,43.056502],[-75.603703,43.055341],[-75.604177,43.054648],[-75.606474,43.054647],[-75.607949,43.05297],[-75.606921,43.052591],[-75.606794,43.050941],[-75.605983,43.050389],[-75.606173,43.051157],[-75.604496,43.050684],[-75.603548,43.049245],[-75.602232,43.048486],[-75.602072,43.046596],[-75.600457,43.046171],[-75.599896,43.04518],[-75.598254,43.043766],[-75.597926,43.042873],[-75.59911,43.041828],[-75.598171,43.04013],[-75.598709,43.038066],[-75.597506,43.03712],[-75.596879,43.035399],[-75.586094,43.035938],[-75.584101,43.036049],[-75.574205,43.036461],[-75.569581,43.036784],[-75.56382,43.036983],[-75.55604,43.037344],[-75.552774,43.037554],[-75.551737,43.029076],[-75.551072,43.022182],[-75.550924,43.020411],[-75.533081,43.020624],[-75.530866,43.020673],[-75.509034,43.020906],[-75.506312,43.020986],[-75.501238,43.020905],[-75.492078,43.021279],[-75.481084,43.021448],[-75.478234,43.021494],[-75.473013,43.021569],[-75.470747,43.021601],[-75.459115,43.021768],[-75.459149,43.023145],[-75.459217,43.026175],[-75.459327,43.030552],[-75.459375,43.032416],[-75.459566,43.038781],[-75.459811,43.042063],[-75.459817,43.043575],[-75.459818,43.044309],[-75.459818,43.046969],[-75.457722,43.047962],[-75.445836,43.052905],[-75.441628,43.054819],[-75.428409,43.060539],[-75.418687,43.064766],[-75.414903,43.066431],[-75.410557,43.068274],[-75.402851,43.071558],[-75.391284,43.07663],[-75.390572,43.077061],[-75.387177,43.078577],[-75.386916,43.079465],[-75.386913,43.079662],[-75.386904,43.079826],[-75.385455,43.085769],[-75.384555,43.088036],[-75.384189,43.088928],[-75.380904,43.092569],[-75.379368,43.094042],[-75.379275,43.094225],[-75.379213,43.095732],[-75.378974,43.096105],[-75.378265,43.096826],[-75.376641,43.098067],[-75.3753,43.098506],[-75.373524,43.096691],[-75.372034,43.095103],[-75.370972,43.093918],[-75.370587,43.093293],[-75.364413,43.093841],[-75.349644,43.095217],[-75.344133,43.095756],[-75.340927,43.096061],[-75.339093,43.096236],[-75.324312,43.097734],[-75.322285,43.09799],[-75.319358,43.098292],[-75.31686,43.098312],[-75.314444,43.098493],[-75.312073,43.098698],[-75.309592,43.098924],[-75.309394,43.09894],[-75.304508,43.099459],[-75.303674,43.099875],[-75.301202,43.099981],[-75.300862,43.099971],[-75.298986,43.099941],[-75.296019,43.100237],[-75.294414,43.100441],[-75.292034,43.100556],[-75.291699,43.100607],[-75.28956,43.100778],[-75.28811,43.101016],[-75.286426,43.101158],[-75.285046,43.101273],[-75.281911,43.101554],[-75.279762,43.101745],[-75.277995,43.101952],[-75.276041,43.102126],[-75.274856,43.102225],[-75.273194,43.102364],[-75.267549,43.102813],[-75.267062,43.102701],[-75.266611,43.103333],[-75.265711,43.104427],[-75.265629,43.104525],[-75.264821,43.105483],[-75.263577,43.107014],[-75.262335,43.108538],[-75.261372,43.109729],[-75.261691,43.109901],[-75.262305,43.110287],[-75.26339,43.110899],[-75.264625,43.111483],[-75.265508,43.111837],[-75.267168,43.112442],[-75.268142,43.1127],[-75.268102,43.112827],[-75.268054,43.112992],[-75.266603,43.114891],[-75.261108,43.112721],[-75.258465,43.111901],[-75.255143,43.111265],[-75.254011,43.112839],[-75.249425,43.113212],[-75.246971,43.113165],[-75.246767,43.113704],[-75.24836,43.114964],[-75.24745,43.115605],[-75.245726,43.114141],[-75.244863,43.111642],[-75.244124,43.110713],[-75.243284,43.110166],[-75.238699,43.116516],[-75.235644,43.120651],[-75.235286,43.121096],[-75.233884,43.122883],[-75.233755,43.123047],[-75.233685,43.123151],[-75.233567,43.123325],[-75.232689,43.124625],[-75.228653,43.13017],[-75.226973,43.132438],[-75.226094,43.132088],[-75.225084,43.131607],[-75.224104,43.131131],[-75.223463,43.130822],[-75.223315,43.130774],[-75.218804,43.129192],[-75.217546,43.128816],[-75.216909,43.128624],[-75.216499,43.128471],[-75.216075,43.128313],[-75.21547,43.128087],[-75.214455,43.127742],[-75.210735,43.126551],[-75.209145,43.126058],[-75.205719,43.12461],[-75.204526,43.124065],[-75.198498,43.122027],[-75.197316,43.121789],[-75.193887,43.120969],[-75.192797,43.120758],[-75.191799,43.120496],[-75.188228,43.119864],[-75.184953,43.119415],[-75.179596,43.118468],[-75.176914,43.118076],[-75.175911,43.117826],[-75.174878,43.11758],[-75.166355,43.115838],[-75.164621,43.11547],[-75.162082,43.115033],[-75.160906,43.114769],[-75.162206,43.113669],[-75.166569,43.10891],[-75.166938,43.10851],[-75.167113,43.10832],[-75.167207,43.108218],[-75.167422,43.107985],[-75.167791,43.107585],[-75.169885,43.105302],[-75.170016,43.105159],[-75.173296,43.101879],[-75.173664,43.101458],[-75.179646,43.094736],[-75.180598,43.093777],[-75.181502,43.092873],[-75.182502,43.091774],[-75.182692,43.09153],[-75.182784,43.091412],[-75.18553,43.088445],[-75.181701,43.087701],[-75.183563,43.084942],[-75.184078,43.083329],[-75.182061,43.08221],[-75.18084,43.083897],[-75.1779,43.082543],[-75.181177,43.078583],[-75.182334,43.075303],[-75.189648,43.076939],[-75.192961,43.07743],[-75.195728,43.077651],[-75.198836,43.074216],[-75.198907,43.074169],[-75.199075,43.073917],[-75.199272,43.073621],[-75.199307,43.073569],[-75.199907,43.072969],[-75.199933,43.072942],[-75.201371,43.071505],[-75.205959,43.06666],[-75.207002,43.065574],[-75.208633,43.063567],[-75.209411,43.062765],[-75.212439,43.059737],[-75.213232,43.058876],[-75.219106,43.052469],[-75.217984,43.043495],[-75.217211,43.035404],[-75.217056,43.033779],[-75.216609,43.0291],[-75.216006,43.022769],[-75.215297,43.015582],[-75.214967,43.01091],[-75.213767,43.003119],[-75.21356,43.000069],[-75.212061,42.986419],[-75.211468,42.981101],[-75.210022,42.967357],[-75.209811,42.965212],[-75.209359,42.960706],[-75.209083,42.957954],[-75.207362,42.940574],[-75.207066,42.937407],[-75.20649,42.931426],[-75.205087,42.916866],[-75.204638,42.911943],[-75.204176,42.907236],[-75.202289,42.887505],[-75.202005,42.885232],[-75.201867,42.884126],[-75.201444,42.880664],[-75.211586,42.880009],[-75.212158,42.879973],[-75.212145,42.879759],[-75.211289,42.867404],[-75.210666,42.856957],[-75.209644,42.856611],[-75.200631,42.857101],[-75.18429,42.857785],[-75.145955,42.859487],[-75.13987,42.85976],[-75.137565,42.862463],[-75.127903,42.87534],[-75.122298,42.881634],[-75.119744,42.885025],[-75.118516,42.886501],[-75.117363,42.887989],[-75.116886,42.888583],[-75.114657,42.891359],[-75.106314,42.901745],[-75.103204,42.905606],[-75.100999,42.908363],[-75.097756,42.907009],[-75.083957,42.901253],[-75.08109,42.900057],[-75.07712,42.898401],[-75.074076,42.897131],[-75.065442,42.89353],[-75.05006,42.887113],[-75.039783,42.882826],[-75.030814,42.879121],[-75.024164,42.876325],[-75.011386,42.870936],[-75.008177,42.869568],[-75.000373,42.866282],[-74.999439,42.865907],[-74.995164,42.864269],[-74.992987,42.863357],[-74.985019,42.860127],[-74.983803,42.859643],[-74.983114,42.858895],[-74.981855,42.858315],[-74.981651,42.858196],[-74.980495,42.857709],[-74.979089,42.857047],[-74.977139,42.856238],[-74.971247,42.853447],[-74.961749,42.849378],[-74.954822,42.846422],[-74.939468,42.83987],[-74.927124,42.834214],[-74.922679,42.832178],[-74.919164,42.830588],[-74.906738,42.824943],[-74.899858,42.828837],[-74.898783,42.829455],[-74.894671,42.832051],[-74.890884,42.841329],[-74.889154,42.847961],[-74.887798,42.852014],[-74.885659,42.863523],[-74.885477,42.864785],[-74.884176,42.87172],[-74.882273,42.880765],[-74.881793,42.88312],[-74.879607,42.894226],[-74.878822,42.898274],[-74.874595,42.896963],[-74.863816,42.893842],[-74.843019,42.887661],[-74.83253,42.884497],[-74.802896,42.875616],[-74.800358,42.874763],[-74.794829,42.873043],[-74.78265,42.869217],[-74.763303,42.863237]]]]}},{"type":"Feature","properties":{"id":22,"NAME":"22","TotalPop":776914,"PopDevPct":-0.00007351,"DemPct":0.57311226,"RepPct":0.41896711,"WhitePct":0.78788151,"MinorityPct":0.21211849,"BlackPct":0.09271247,"HispanicPct":0.04705116,"PacificPct":0.00129377,"AsianPct":0.049256,"NativePct":0.02070027,"TotalVAP":624533,"Margin":0.07311226,"color":"#2020ff","opacity":"0.5"},"geometry":{"type":"MultiPolygon","coordinates":[[[[-76.858773,43.018434],[-76.859518,43.018402],[-76.863247,43.018235],[-76.868846,43.018014],[-76.871364,43.017891],[-76.878562,43.017629],[-76.882904,43.017439],[-76.890929,43.017016],[-76.8949,43.016814],[-76.902299,43.01644],[-76.903496,43.016365],[-76.905454,43.016256],[-76.912189,43.015914],[-76.91221,43.015953],[-76.915446,43.015772],[-76.91927,43.015554],[-76.92206,43.015395],[-76.926053,43.01517],[-76.927545,43.015086],[-76.929767,43.014959],[-76.938282,43.01447],[-76.949695,43.01388],[-76.955623,43.013577],[-76.963926,43.013157],[-76.963906,43.00603],[-76.963878,43.003608],[-76.963869,43.003194],[-76.963745,42.99076],[-76.963732,42.986106],[-76.96369,42.984331],[-76.963637,42.979891],[-76.963641,42.978455],[-76.963616,42.976338],[-76.963563,42.972915],[-76.963701,42.9696],[-76.963716,42.966663],[-76.963692,42.957602],[-76.963687,42.955699],[-76.963684,42.955431],[-76.963507,42.95127],[-76.963562,42.946502],[-76.963531,42.941143],[-76.9635,42.939197],[-76.963407,42.935199],[-76.963396,42.933511],[-76.963394,42.919489],[-76.963408,42.918803],[-76.963395,42.909574],[-76.963371,42.906253],[-76.96335,42.90302],[-76.975506,42.902979],[-76.975603,42.902979],[-76.977987,42.902971],[-76.985032,42.902893],[-76.985396,42.902895],[-76.995836,42.902831],[-77.011967,42.902586],[-77.024248,42.902371],[-77.024039,42.89489],[-77.023589,42.88691],[-77.023418,42.879333],[-77.023328,42.879323],[-77.023333,42.871197],[-77.023112,42.858823],[-77.022556,42.857923],[-77.023439,42.858051],[-77.023135,42.857153],[-77.023107,42.845751],[-77.023098,42.841439],[-77.022877,42.833893],[-77.022361,42.831596],[-77.021273,42.826234],[-77.02115,42.823291],[-77.020625,42.81077],[-77.02026,42.802671],[-77.020136,42.799073],[-77.020057,42.797169],[-77.019472,42.781659],[-77.019069,42.774259],[-77.01881,42.767035],[-77.018645,42.764579],[-77.018626,42.7638],[-77.017719,42.763796],[-77.014784,42.763863],[-77.007175,42.764031],[-77.001624,42.764072],[-77.000842,42.764079],[-76.99087,42.764071],[-76.976267,42.764193],[-76.973747,42.764208],[-76.97209,42.764213],[-76.971392,42.764223],[-76.947429,42.76443],[-76.947641,42.759179],[-76.94766,42.757639],[-76.94692,42.750069],[-76.946737,42.749743],[-76.944986,42.737294],[-76.942945,42.731921],[-76.941088,42.727585],[-76.938702,42.721525],[-76.936387,42.7173],[-76.933111,42.712307],[-76.93022,42.708257],[-76.925857,42.702621],[-76.908013,42.679071],[-76.898694,42.666639],[-76.897117,42.66365],[-76.895349,42.656255],[-76.895006,42.650478],[-76.894706,42.636882],[-76.894535,42.629155],[-76.894673,42.623216],[-76.894438,42.607333],[-76.894314,42.598583],[-76.894139,42.58503],[-76.894061,42.578795],[-76.894077,42.572504],[-76.894398,42.557647],[-76.895596,42.541537],[-76.880935,42.541902],[-76.879821,42.541881],[-76.873874,42.542097],[-76.86275,42.542473],[-76.852441,42.542689],[-76.849717,42.542586],[-76.84844,42.542689],[-76.84177,42.542971],[-76.834919,42.543145],[-76.82945,42.543295],[-76.825017,42.543415],[-76.823805,42.543444],[-76.819193,42.543576],[-76.818812,42.54358],[-76.810336,42.543814],[-76.805033,42.543942],[-76.797306,42.544165],[-76.79163,42.544297],[-76.788451,42.544386],[-76.78088,42.544587],[-76.780189,42.544633],[-76.779929,42.544624],[-76.772022,42.544835],[-76.760558,42.545115],[-76.745229,42.545494],[-76.741027,42.545611],[-76.738296,42.545693],[-76.736618,42.545744],[-76.735709,42.545772],[-76.720944,42.546142],[-76.714996,42.546308],[-76.701577,42.546648],[-76.696655,42.54679],[-76.696058,42.537777],[-76.696002,42.536937],[-76.695963,42.536477],[-76.694789,42.517337],[-76.694312,42.510435],[-76.694206,42.509381],[-76.694153,42.508152],[-76.694086,42.507122],[-76.693804,42.502742],[-76.693504,42.497135],[-76.693292,42.492123],[-76.693154,42.490147],[-76.692594,42.483602],[-76.692194,42.478769],[-76.692134,42.477906],[-76.691365,42.467406],[-76.691291,42.466362],[-76.691133,42.464195],[-76.691039,42.463081],[-76.690307,42.452324],[-76.689947,42.447148],[-76.689522,42.440319],[-76.689496,42.440017],[-76.689171,42.435675],[-76.689056,42.434059],[-76.688774,42.429089],[-76.688283,42.420673],[-76.688212,42.419644],[-76.687968,42.414892],[-76.687822,42.412175],[-76.687697,42.408745],[-76.686785,42.393136],[-76.686622,42.390351],[-76.686556,42.389183],[-76.686206,42.383244],[-76.685726,42.375108],[-76.685938,42.373194],[-76.690552,42.373217],[-76.690524,42.369569],[-76.690481,42.363538],[-76.690458,42.360684],[-76.690409,42.353976],[-76.690382,42.350304],[-76.690156,42.336818],[-76.690045,42.333618],[-76.690074,42.323636],[-76.689727,42.313443],[-76.691069,42.313319],[-76.691158,42.306989],[-76.691317,42.295904],[-76.691327,42.295167],[-76.691452,42.286343],[-76.691406,42.284307],[-76.689639,42.284336],[-76.670135,42.283933],[-76.657456,42.283672],[-76.645731,42.28343],[-76.62707,42.283046],[-76.619303,42.282853],[-76.618686,42.282848],[-76.609134,42.282783],[-76.595512,42.28269],[-76.584585,42.282624],[-76.579489,42.28259],[-76.561519,42.281985],[-76.548929,42.281832],[-76.544951,42.281785],[-76.542396,42.281773],[-76.541221,42.281752],[-76.538349,42.281755],[-76.530447,42.28169],[-76.518965,42.281593],[-76.51492,42.281528],[-76.514141,42.281514],[-76.492989,42.281166],[-76.491851,42.281267],[-76.486675,42.281291],[-76.481799,42.281117],[-76.474936,42.281119],[-76.473962,42.281132],[-76.474142,42.275143],[-76.474494,42.263761],[-76.470037,42.263704],[-76.462865,42.263586],[-76.455341,42.263469],[-76.44506,42.263343],[-76.439294,42.263269],[-76.424368,42.263075],[-76.422447,42.263052],[-76.416284,42.262977],[-76.416199,42.262976],[-76.416018,42.27467],[-76.415735,42.286516],[-76.415569,42.298476],[-76.415475,42.305577],[-76.415305,42.318368],[-76.410097,42.318401],[-76.409084,42.318408],[-76.400438,42.318474],[-76.399484,42.318485],[-76.39465,42.318509],[-76.374256,42.318172],[-76.373187,42.318178],[-76.350871,42.318288],[-76.350895,42.317203],[-76.35087,42.316512],[-76.35084,42.315689],[-76.350619,42.308437],[-76.347486,42.308419],[-76.342652,42.308402],[-76.330575,42.308359],[-76.330342,42.308357],[-76.327849,42.308349],[-76.31836,42.308315],[-76.315663,42.308305],[-76.314197,42.308299],[-76.302191,42.308215],[-76.301873,42.308219],[-76.299132,42.308194],[-76.292586,42.308305],[-76.28822,42.308227],[-76.288174,42.296764],[-76.283522,42.296753],[-76.283191,42.296753],[-76.271896,42.296728],[-76.271089,42.296726],[-76.259667,42.296701],[-76.254686,42.296691],[-76.250149,42.296676],[-76.249746,42.299043],[-76.249144,42.299898],[-76.2493,42.303548],[-76.250059,42.304483],[-76.250416,42.306576],[-76.251099,42.307113],[-76.251407,42.309913],[-76.25026,42.310774],[-76.250487,42.313162],[-76.249364,42.315741],[-76.250092,42.316921],[-76.25108,42.319602],[-76.250043,42.320853],[-76.250056,42.322291],[-76.250973,42.323099],[-76.251363,42.324894],[-76.250792,42.326287],[-76.249934,42.32699],[-76.249747,42.328307],[-76.247328,42.328796],[-76.246872,42.330708],[-76.24597,42.332315],[-76.247264,42.334322],[-76.245765,42.335588],[-76.246104,42.336724],[-76.245476,42.338233],[-76.246125,42.340001],[-76.245491,42.341862],[-76.243694,42.342697],[-76.241765,42.34657],[-76.240318,42.347236],[-76.239653,42.350033],[-76.237695,42.351358],[-76.238768,42.354743],[-76.238555,42.356621],[-76.239742,42.359079],[-76.239779,42.359705],[-76.242209,42.362026],[-76.242129,42.363678],[-76.243987,42.363908],[-76.246506,42.36546],[-76.250266,42.366531],[-76.251969,42.368015],[-76.254213,42.369179],[-76.254475,42.369964],[-76.255933,42.3707],[-76.258538,42.371338],[-76.260055,42.372673],[-76.264718,42.37408],[-76.265062,42.375155],[-76.270806,42.376865],[-76.272724,42.376597],[-76.275788,42.377075],[-76.277898,42.377773],[-76.278356,42.378114],[-76.279689,42.378833],[-76.279407,42.379887],[-76.280688,42.38026],[-76.282926,42.380047],[-76.283717,42.379504],[-76.286108,42.379559],[-76.289151,42.380015],[-76.289973,42.37956],[-76.291473,42.379918],[-76.295481,42.38011],[-76.296229,42.381279],[-76.298613,42.381697],[-76.299198,42.38285],[-76.299493,42.385012],[-76.297901,42.386132],[-76.296293,42.389623],[-76.297313,42.391784],[-76.297727,42.393772],[-76.298432,42.395689],[-76.296581,42.399648],[-76.296526,42.399877],[-76.295739,42.40177],[-76.295068,42.402731],[-76.294697,42.405086],[-76.292898,42.406578],[-76.288834,42.40668],[-76.269718,42.407158],[-76.254042,42.40755],[-76.253359,42.407568],[-76.252036,42.407619],[-76.237766,42.407989],[-76.223189,42.408324],[-76.213237,42.408553],[-76.208174,42.408669],[-76.20479,42.408747],[-76.202004,42.408811],[-76.200128,42.408806],[-76.197896,42.408855],[-76.189943,42.409028],[-76.184667,42.409144],[-76.171115,42.409441],[-76.165097,42.409571],[-76.163216,42.409614],[-76.157659,42.409735],[-76.157198,42.409746],[-76.153279,42.409832],[-76.149274,42.40992],[-76.139922,42.410124],[-76.132738,42.410281],[-76.132625,42.410283],[-76.130181,42.410337],[-76.127303,42.410402],[-76.125637,42.410454],[-76.119921,42.410586],[-76.11796,42.410628],[-76.11201,42.410758],[-76.108657,42.410831],[-76.097046,42.411083],[-76.070289,42.411657],[-76.06842,42.411707],[-76.067638,42.411723],[-76.057633,42.411941],[-76.048411,42.412143],[-76.044113,42.412237],[-76.042441,42.412273],[-76.024308,42.41267],[-76.022689,42.412706],[-76.022236,42.412761],[-76.021198,42.411228],[-76.021068,42.410978],[-76.021374,42.409008],[-76.017625,42.409061],[-76.015383,42.40912],[-76.014612,42.40914],[-75.98656,42.409989],[-75.981306,42.410159],[-75.977783,42.410274],[-75.972823,42.410479],[-75.962377,42.410917],[-75.951629,42.411427],[-75.94723,42.411602],[-75.944833,42.411697],[-75.941948,42.411816],[-75.94168,42.411826],[-75.933971,42.412129],[-75.919723,42.4127],[-75.912376,42.413133],[-75.90477,42.413525],[-75.898339,42.413858],[-75.884384,42.414556],[-75.882481,42.41465],[-75.879413,42.414797],[-75.878386,42.414927],[-75.867507,42.415419],[-75.86402,42.415702],[-75.864692,42.421946],[-75.864742,42.422399],[-75.865055,42.425229],[-75.865145,42.426039],[-75.865029,42.427259],[-75.865325,42.428846],[-75.865339,42.428918],[-75.865538,42.43196],[-75.865552,42.432169],[-75.866224,42.442391],[-75.866573,42.447703],[-75.867514,42.45992],[-75.868327,42.471626],[-75.868676,42.475847],[-75.869124,42.482133],[-75.86968,42.490218],[-75.870352,42.499135],[-75.871365,42.510401],[-75.872482,42.523286],[-75.872611,42.524771],[-75.873868,42.539234],[-75.874224,42.542716],[-75.874356,42.543999],[-75.876046,42.563091],[-75.876329,42.5659],[-75.877159,42.575737],[-75.8772,42.577362],[-75.877502,42.579406],[-75.879098,42.598507],[-75.879245,42.601869],[-75.881565,42.628699],[-75.881955,42.633313],[-75.882245,42.636731],[-75.882325,42.637695],[-75.883242,42.648535],[-75.883843,42.655634],[-75.884016,42.657675],[-75.885433,42.674327],[-75.885461,42.674645],[-75.886967,42.69167],[-75.887404,42.696401],[-75.88903,42.714433],[-75.889546,42.720494],[-75.889832,42.723844],[-75.891055,42.738189],[-75.892211,42.75271],[-75.892324,42.754054],[-75.89253,42.755715],[-75.893184,42.762657],[-75.894125,42.773539],[-75.894295,42.775268],[-75.896079,42.790964],[-75.896627,42.798525],[-75.896956,42.801327],[-75.897084,42.805479],[-75.897235,42.806858],[-75.897591,42.811889],[-75.897778,42.814059],[-75.89787,42.814886],[-75.89864,42.825539],[-75.89371,42.825864],[-75.89326,42.825907],[-75.88958,42.826246],[-75.876911,42.826548],[-75.866033,42.826982],[-75.862779,42.827105],[-75.855104,42.827333],[-75.843597,42.827876],[-75.838793,42.828062],[-75.835457,42.828189],[-75.822717,42.828693],[-75.821459,42.82874],[-75.818571,42.828859],[-75.81307,42.829072],[-75.810492,42.829314],[-75.810598,42.830421],[-75.810944,42.83659],[-75.811088,42.838499],[-75.811576,42.844996],[-75.811819,42.848261],[-75.812299,42.855423],[-75.81243,42.857168],[-75.813279,42.869539],[-75.813486,42.870397],[-75.813745,42.871469],[-75.813534,42.871415],[-75.813396,42.871381],[-75.814401,42.885364],[-75.814778,42.889181],[-75.814939,42.891797],[-75.815379,42.898937],[-75.815716,42.905073],[-75.816109,42.910538],[-75.816144,42.911027],[-75.81679,42.919986],[-75.816934,42.919999],[-75.816947,42.920231],[-75.81765,42.931244],[-75.787073,42.931403],[-75.778862,42.931288],[-75.777113,42.93138],[-75.771912,42.931397],[-75.750268,42.931175],[-75.732901,42.931193],[-75.718648,42.931206],[-75.718691,42.933065],[-75.71869,42.933343],[-75.718657,42.952363],[-75.71864,42.962262],[-75.718638,42.96354],[-75.718619,42.97563],[-75.718612,42.977631],[-75.71861,42.980732],[-75.718581,42.985075],[-75.718572,42.992482],[-75.718559,42.999789],[-75.718536,43.00739],[-75.720823,43.007377],[-75.734283,43.007431],[-75.736215,43.011001],[-75.736541,43.012477],[-75.737222,43.017778],[-75.738129,43.020315],[-75.738882,43.023568],[-75.739285,43.025106],[-75.741373,43.028748],[-75.741284,43.030613],[-75.740455,43.032604],[-75.740471,43.033811],[-75.74308,43.035832],[-75.744997,43.037971],[-75.745102,43.040046],[-75.745442,43.041041],[-75.744781,43.041352],[-75.744799,43.041673],[-75.743653,43.042066],[-75.742514,43.043003],[-75.739396,43.046225],[-75.738324,43.046988],[-75.736563,43.04799],[-75.733898,43.05013],[-75.729253,43.050806],[-75.727354,43.051056],[-75.724577,43.051417],[-75.723306,43.051935],[-75.721194,43.053678],[-75.718478,43.054846],[-75.716071,43.057522],[-75.713718,43.059552],[-75.709874,43.059888],[-75.707252,43.06055],[-75.705188,43.061657],[-75.70467,43.061851],[-75.702184,43.061924],[-75.702521,43.065406],[-75.702549,43.065753],[-75.702606,43.066402],[-75.703344,43.075566],[-75.703592,43.078704],[-75.703649,43.079466],[-75.703866,43.082615],[-75.704513,43.08965],[-75.70465,43.091052],[-75.704902,43.093305],[-75.705226,43.099384],[-75.705471,43.102076],[-75.70564,43.10378],[-75.705654,43.103998],[-75.706007,43.108983],[-75.706388,43.114376],[-75.706518,43.116598],[-75.70709,43.123729],[-75.70725,43.128022],[-75.70731,43.129186],[-75.708169,43.13795],[-75.708362,43.139662],[-75.70904,43.147278],[-75.709363,43.151405],[-75.71178,43.151246],[-75.713104,43.150571],[-75.713731,43.149397],[-75.71614,43.15065],[-75.716174,43.151217],[-75.714201,43.151747],[-75.714222,43.152656],[-75.716085,43.153312],[-75.717498,43.151983],[-75.720279,43.154421],[-75.722132,43.155363],[-75.722525,43.15618],[-75.720636,43.157577],[-75.720321,43.158368],[-75.718878,43.158521],[-75.719899,43.161053],[-75.723284,43.161768],[-75.724086,43.162771],[-75.724246,43.161181],[-75.723371,43.160269],[-75.724071,43.15988],[-75.724639,43.157481],[-75.726037,43.157424],[-75.728216,43.161066],[-75.727018,43.161679],[-75.728424,43.162375],[-75.729847,43.161899],[-75.730856,43.160761],[-75.731691,43.160736],[-75.731784,43.161986],[-75.73306,43.162943],[-75.735155,43.162826],[-75.73629,43.163846],[-75.736685,43.164131],[-75.737774,43.164673],[-75.738396,43.164766],[-75.740072,43.163105],[-75.743733,43.160092],[-75.746097,43.158728],[-75.747394,43.158113],[-75.750124,43.158009],[-75.75055,43.159523],[-75.751856,43.158809],[-75.753712,43.159421],[-75.753566,43.160318],[-75.754966,43.160163],[-75.755413,43.160808],[-75.758117,43.161715],[-75.760163,43.164685],[-75.761357,43.165637],[-75.764414,43.166583],[-75.767559,43.168297],[-75.768787,43.169895],[-75.773399,43.170718],[-75.775576,43.171614],[-75.776144,43.173294],[-75.778023,43.172731],[-75.776975,43.171325],[-75.777516,43.169024],[-75.778513,43.168052],[-75.7825,43.167369],[-75.786489,43.166704],[-75.787544,43.165795],[-75.787809,43.164062],[-75.79021,43.163022],[-75.792103,43.161491],[-75.793244,43.161053],[-75.793059,43.160201],[-75.794622,43.160173],[-75.795333,43.161027],[-75.795687,43.159751],[-75.796561,43.159259],[-75.797959,43.158985],[-75.802674,43.159485],[-75.802938,43.16023],[-75.80535,43.160825],[-75.808304,43.160765],[-75.811938,43.161255],[-75.812732,43.161355],[-75.814588,43.161577],[-75.818855,43.161361],[-75.823767,43.159711],[-75.825994,43.15927],[-75.826994,43.159693],[-75.828425,43.158961],[-75.829578,43.159135],[-75.832784,43.159173],[-75.834961,43.159565],[-75.837297,43.160405],[-75.839993,43.160513],[-75.844154,43.15826],[-75.846423,43.157517],[-75.852974,43.156462],[-75.85474,43.152666],[-75.856527,43.151667],[-75.856627,43.150351],[-75.85997,43.148205],[-75.863135,43.147027],[-75.86451,43.146995],[-75.86509,43.147384],[-75.866712,43.146663],[-75.868099,43.146699],[-75.87184,43.148328],[-75.873508,43.149739],[-75.873429,43.15111],[-75.874652,43.152825],[-75.875139,43.152059],[-75.875411,43.152351],[-75.876616,43.152394],[-75.877237,43.152547],[-75.87751,43.15279],[-75.878618,43.152972],[-75.879617,43.153608],[-75.882275,43.154309],[-75.884275,43.155562],[-75.887144,43.156321],[-75.890969,43.156642],[-75.892945,43.156666],[-75.904577,43.157884],[-75.911253,43.158909],[-75.917535,43.160391],[-75.9191,43.16022],[-75.921596,43.161307],[-75.923164,43.161164],[-75.925365,43.161708],[-75.927558,43.162806],[-75.928264,43.164824],[-75.928189,43.167616],[-75.92816,43.169339],[-75.930034,43.171117],[-75.930655,43.173892],[-75.931352,43.175183],[-75.932895,43.176688],[-75.935026,43.176076],[-75.935864,43.175747],[-75.938172,43.174318],[-75.939007,43.174384],[-75.939877,43.174043],[-75.942602,43.174151],[-75.943189,43.174015],[-75.94608,43.173714],[-75.946997,43.173333],[-75.947545,43.172374],[-75.948016,43.172202],[-75.949486,43.171302],[-75.952692,43.171097],[-75.954196,43.171605],[-75.954394,43.171831],[-75.955599,43.172182],[-75.956777,43.173123],[-75.957728,43.173967],[-75.95788,43.174263],[-75.958671,43.175115],[-75.959274,43.17624],[-75.959754,43.178054],[-75.959839,43.179647],[-75.959359,43.180389],[-75.961299,43.180424],[-75.961487,43.180252],[-75.962759,43.180053],[-75.963437,43.180252],[-75.963927,43.179977],[-75.964869,43.179998],[-75.965291,43.180318],[-75.965807,43.180448],[-75.966677,43.180293],[-75.967443,43.180377],[-75.968547,43.180065],[-75.968956,43.180098],[-75.969196,43.180338],[-75.969641,43.18026],[-75.970652,43.179572],[-75.971142,43.179606],[-75.971255,43.179936],[-75.971962,43.180114],[-75.973124,43.179831],[-75.973438,43.179898],[-75.973981,43.179639],[-75.974703,43.179084],[-75.975862,43.178541],[-75.976861,43.178156],[-75.977219,43.178221],[-75.97794,43.17802],[-75.978273,43.177731],[-75.979489,43.177401],[-75.980167,43.177476],[-75.981193,43.177932],[-75.982229,43.178122],[-75.983802,43.179035],[-75.983793,43.179317],[-75.984547,43.17966],[-75.984924,43.180237],[-75.986017,43.181576],[-75.9863,43.18214],[-75.986385,43.182648],[-75.986159,43.182868],[-75.986195,43.183376],[-75.986894,43.183938],[-75.987286,43.184047],[-75.98938,43.184399],[-75.989569,43.184866],[-75.98988,43.184948],[-75.990285,43.184597],[-75.991237,43.184535],[-75.991736,43.184803],[-75.992226,43.184852],[-75.992443,43.185216],[-75.992718,43.185088],[-75.992413,43.184715],[-75.992971,43.184006],[-75.993503,43.183868],[-75.993394,43.183376],[-75.993366,43.183344],[-75.994217,43.18218],[-75.995379,43.182586],[-75.999418,43.180239],[-76.002541,43.179621],[-76.002285,43.178139],[-76.002927,43.177793],[-76.002787,43.179469],[-76.005215,43.179352],[-76.006639,43.179863],[-76.008653,43.181345],[-76.008512,43.182602],[-76.011647,43.185477],[-76.016251,43.187399],[-76.017297,43.188114],[-76.019522,43.1885],[-76.025719,43.190482],[-76.031007,43.190591],[-76.032525,43.19119],[-76.03514,43.195618],[-76.040754,43.198861],[-76.042746,43.200396],[-76.046131,43.202161],[-76.049958,43.202953],[-76.052619,43.202857],[-76.053335,43.20171],[-76.052159,43.2016],[-76.051991,43.200737],[-76.053467,43.201362],[-76.053633,43.20045],[-76.055248,43.199386],[-76.056711,43.1993],[-76.058028,43.200034],[-76.058921,43.199802],[-76.060389,43.200492],[-76.065844,43.200563],[-76.066931,43.200093],[-76.071695,43.199848],[-76.074154,43.199223],[-76.07731,43.199331],[-76.078672,43.19941],[-76.080538,43.200805],[-76.081865,43.202257],[-76.082687,43.204537],[-76.082457,43.20685],[-76.081936,43.207933],[-76.08076,43.208616],[-76.078243,43.208329],[-76.079514,43.208887],[-76.080142,43.209931],[-76.083167,43.210579],[-76.085306,43.211605],[-76.085288,43.212875],[-76.083643,43.21419],[-76.081009,43.214268],[-76.079779,43.213559],[-76.076825,43.214145],[-76.076259,43.213823],[-76.073024,43.213777],[-76.068371,43.21263],[-76.069459,43.213481],[-76.069414,43.214699],[-76.071614,43.214185],[-76.072015,43.214732],[-76.072378,43.214403],[-76.074951,43.215821],[-76.075818,43.214971],[-76.078737,43.215461],[-76.079781,43.216627],[-76.080011,43.215995],[-76.082148,43.216187],[-76.082701,43.216821],[-76.084682,43.216892],[-76.085107,43.217859],[-76.086469,43.217865],[-76.087517,43.219197],[-76.090645,43.220483],[-76.092662,43.221862],[-76.095417,43.223106],[-76.09575,43.22366],[-76.099378,43.224931],[-76.102653,43.223686],[-76.103751,43.223686],[-76.106601,43.224422],[-76.107433,43.225647],[-76.106654,43.226866],[-76.109787,43.228988],[-76.109911,43.2296],[-76.113824,43.231613],[-76.114311,43.232536],[-76.116781,43.233458],[-76.121496,43.234548],[-76.126504,43.233805],[-76.129542,43.234972],[-76.129748,43.234943],[-76.130148,43.234555],[-76.131816,43.235846],[-76.134497,43.236437],[-76.13624,43.238328],[-76.137758,43.238597],[-76.138142,43.239637],[-76.140676,43.240416],[-76.143372,43.240228],[-76.148526,43.239636],[-76.156145,43.24267],[-76.157647,43.243268],[-76.161347,43.243568],[-76.163967,43.244948],[-76.169047,43.246668],[-76.172338,43.250068],[-76.174275,43.251373],[-76.177314,43.252238],[-76.179626,43.253593],[-76.182104,43.257621],[-76.185278,43.258674],[-76.18943,43.261672],[-76.194068,43.266066],[-76.196801,43.267625],[-76.200428,43.270584],[-76.202944,43.271605],[-76.20633,43.270582],[-76.21083,43.268473],[-76.211621,43.266772],[-76.211474,43.266582],[-76.210512,43.265986],[-76.209598,43.265271],[-76.20902,43.264442],[-76.208825,43.263648],[-76.208957,43.262917],[-76.2093,43.262144],[-76.211178,43.259256],[-76.212757,43.257409],[-76.212977,43.256672],[-76.212981,43.256092],[-76.212773,43.255346],[-76.21235,43.254872],[-76.21195,43.2536],[-76.211994,43.250068],[-76.210929,43.246484],[-76.210609,43.244004],[-76.213393,43.24002],[-76.212017,43.238964],[-76.206656,43.238228],[-76.205008,43.237412],[-76.203936,43.234756],[-76.204832,43.232068],[-76.20472,43.22898],[-76.203027,43.223446],[-76.202548,43.222268],[-76.194248,43.217068],[-76.198748,43.212568],[-76.205179,43.216067],[-76.206176,43.216612],[-76.209729,43.21306],[-76.210649,43.210568],[-76.210129,43.210004],[-76.208864,43.209124],[-76.208336,43.208036],[-76.210149,43.206968],[-76.212349,43.207268],[-76.214913,43.205412],[-76.217646,43.204821],[-76.22212,43.204899],[-76.224449,43.204968],[-76.230049,43.207868],[-76.233849,43.212368],[-76.24015,43.214168],[-76.24465,43.214568],[-76.24645,43.218168],[-76.247826,43.220196],[-76.249075,43.223565],[-76.250001,43.225191],[-76.25285,43.227768],[-76.25655,43.232068],[-76.257951,43.234868],[-76.25745,43.236868],[-76.258951,43.237468],[-76.262651,43.236268],[-76.263751,43.236368],[-76.265651,43.238468],[-76.267551,43.239668],[-76.26829,43.239579],[-76.270051,43.239368],[-76.272851,43.240168],[-76.274051,43.240168],[-76.275551,43.238768],[-76.272151,43.234868],[-76.268351,43.233368],[-76.267451,43.231768],[-76.267451,43.229568],[-76.266851,43.227468],[-76.263551,43.226168],[-76.262151,43.223568],[-76.262951,43.220868],[-76.262051,43.218468],[-76.264351,43.214968],[-76.264451,43.213468],[-76.266352,43.211319],[-76.266522,43.211127],[-76.268151,43.209468],[-76.269751,43.205568],[-76.271351,43.203968],[-76.276151,43.201768],[-76.277837,43.201531],[-76.280153,43.201201],[-76.281027,43.201091],[-76.282412,43.205707],[-76.282915,43.206756],[-76.287076,43.210692],[-76.287876,43.212676],[-76.287684,43.21618],[-76.289524,43.219028],[-76.29266,43.2209],[-76.295556,43.22226],[-76.297876,43.22378],[-76.300836,43.227076],[-76.303473,43.228771],[-76.303516,43.228791],[-76.306437,43.230451],[-76.308869,43.230884],[-76.312261,43.230388],[-76.314565,43.229668],[-76.317349,43.22954],[-76.322437,43.230916],[-76.324213,43.232308],[-76.324986,43.232228],[-76.326374,43.232228],[-76.344582,43.231525],[-76.344632,43.23267],[-76.352072,43.232304],[-76.353913,43.232187],[-76.35415,43.232177],[-76.358387,43.231943],[-76.366004,43.23167],[-76.381264,43.23095],[-76.38335,43.230867],[-76.395272,43.230473],[-76.403001,43.230212],[-76.41166,43.229919],[-76.413801,43.229803],[-76.415279,43.229752],[-76.423952,43.229449],[-76.430465,43.229222],[-76.450875,43.228503],[-76.457481,43.228276],[-76.46048,43.228173],[-76.471071,43.227804],[-76.479224,43.227519],[-76.478749,43.220462],[-76.478347,43.216266],[-76.477928,43.208273],[-76.477692,43.205904],[-76.477204,43.199207],[-76.477315,43.198798],[-76.477047,43.19531],[-76.476714,43.192678],[-76.47607,43.184556],[-76.47594,43.182953],[-76.47563,43.178868],[-76.474424,43.163],[-76.474314,43.161546],[-76.473512,43.150423],[-76.473431,43.148899],[-76.473066,43.146017],[-76.476997,43.145954],[-76.481227,43.145886],[-76.483508,43.145151],[-76.486303,43.143223],[-76.486171,43.142208],[-76.484736,43.140328],[-76.483019,43.137121],[-76.480289,43.133779],[-76.47864,43.131231],[-76.475689,43.123862],[-76.474641,43.120967],[-76.472785,43.114647],[-76.47206,43.110929],[-76.471862,43.106831],[-76.471774,43.104983],[-76.473594,43.104029],[-76.479216,43.104835],[-76.48319,43.106101],[-76.483695,43.106162],[-76.488261,43.106711],[-76.491232,43.106295],[-76.497829,43.102657],[-76.498838,43.100605],[-76.499312,43.097949],[-76.499387,43.097885],[-76.499418,43.097196],[-76.49943,43.09526],[-76.502326,43.087681],[-76.503487,43.086446],[-76.506739,43.081698],[-76.509654,43.079083],[-76.514313,43.076827],[-76.516389,43.07635],[-76.519661,43.075158],[-76.520149,43.074964],[-76.520924,43.074706],[-76.521476,43.074551],[-76.521571,43.074524],[-76.52243,43.07438],[-76.523199,43.074284],[-76.524363,43.074224],[-76.525664,43.074246],[-76.530223,43.074296],[-76.536156,43.073352],[-76.539236,43.074186],[-76.540969,43.073672],[-76.542964,43.071957],[-76.544067,43.071678],[-76.547261,43.071765],[-76.551428,43.071569],[-76.556472,43.070926],[-76.558684,43.070869],[-76.560424,43.071837],[-76.563839,43.076133],[-76.566274,43.078187],[-76.570028,43.079488],[-76.572092,43.080741],[-76.573893,43.083205],[-76.574961,43.083707],[-76.577647,43.082838],[-76.57988,43.07983],[-76.581375,43.078605],[-76.583953,43.077631],[-76.587849,43.076743],[-76.596356,43.07598],[-76.600811,43.075109],[-76.603016,43.074485],[-76.606578,43.073529],[-76.609452,43.073277],[-76.613353,43.073308],[-76.617791,43.074227],[-76.624667,43.076421],[-76.625643,43.076528],[-76.629761,43.077563],[-76.635283,43.079739],[-76.639388,43.080195],[-76.643444,43.079652],[-76.64483,43.079715],[-76.645382,43.079779],[-76.646848,43.08003],[-76.650081,43.082771],[-76.651805,43.083294],[-76.65433,43.083132],[-76.658341,43.081277],[-76.65975,43.08095],[-76.661084,43.079933],[-76.661848,43.077485],[-76.661422,43.076656],[-76.660549,43.075017],[-76.66022,43.073302],[-76.660363,43.07228],[-76.660543,43.072253],[-76.661169,43.07141],[-76.663404,43.07015],[-76.667992,43.067468],[-76.670899,43.065734],[-76.672758,43.064951],[-76.675467,43.064575],[-76.678017,43.063646],[-76.679708,43.061584],[-76.681864,43.059417],[-76.6827,43.059326],[-76.685163,43.059887],[-76.685116,43.059891],[-76.685756,43.060322],[-76.687101,43.061317],[-76.687612,43.061563],[-76.689447,43.061962],[-76.693748,43.063217],[-76.697918,43.0652],[-76.704344,43.067275],[-76.707084,43.066943],[-76.707809,43.066614],[-76.710737,43.065856],[-76.713453,43.063971],[-76.714871,43.064185],[-76.715714,43.064514],[-76.717124,43.063542],[-76.717768,43.061807],[-76.717465,43.058563],[-76.716898,43.056166],[-76.717163,43.054603],[-76.718072,43.04758],[-76.71865,43.043871],[-76.718981,43.041602],[-76.719111,43.040303],[-76.719042,43.039038],[-76.719106,43.037139],[-76.718834,43.036577],[-76.718614,43.033116],[-76.717497,43.030257],[-76.713806,43.024035],[-76.714505,43.024051],[-76.725381,43.02364],[-76.744173,43.022979],[-76.752821,43.02267],[-76.757984,43.022521],[-76.76098,43.022404],[-76.769915,43.022104],[-76.775181,43.021953],[-76.783468,43.021607],[-76.792436,43.021223],[-76.796772,43.021043],[-76.7982,43.021059],[-76.798379,43.021051],[-76.799234,43.021014],[-76.806086,43.020698],[-76.806822,43.020645],[-76.812951,43.020401],[-76.814269,43.020343],[-76.825594,43.019718],[-76.829232,43.019591],[-76.833769,43.019446],[-76.83991,43.019245],[-76.84174,43.019163],[-76.845368,43.01899],[-76.846553,43.018948],[-76.849796,43.018811],[-76.85399,43.018636],[-76.857381,43.018494],[-76.858773,43.018434]]]]}},{"type":"Feature","properties":{"id":23,"NAME":"23","TotalPop":777052,"PopDevPct":0.0001041,"DemPct":0.38902214,"RepPct":0.60283365,"WhitePct":0.89958412,"MinorityPct":0.10041588,"BlackPct":0.02794951,"HispanicPct":0.02926564,"PacificPct":0.00089199,"AsianPct":0.01407755,"NativePct":0.02193709,"TotalVAP":617721,"Margin":-0.11097786,"color":"#960018","opacity":"0.5"},"geometry":{"type":"MultiPolygon","coordinates":[[[[-76.47303,41.999142],[-76.472589,41.999134],[-76.466519,41.999058],[-76.460088,41.998966],[-76.444997,41.998784],[-76.425281,41.998626],[-76.390842,41.998504],[-76.384982,41.998484],[-76.383489,41.998485],[-76.378705,41.998457],[-76.350833,41.998401],[-76.350729,41.998401],[-76.349896,41.998398],[-76.344827,41.998383],[-76.342299,41.99838],[-76.312718,41.998334],[-76.294995,41.99834],[-76.292725,41.998345],[-76.281712,41.99837],[-76.275799,41.998378],[-76.269333,41.998411],[-76.244503,41.998404],[-76.224888,41.998486],[-76.204873,41.998575],[-76.174066,41.998639],[-76.156587,41.99876],[-76.137783,41.998902],[-76.136184,41.99886],[-76.131246,41.998888],[-76.12715,41.998863],[-76.126046,41.998859],[-76.124435,41.998864],[-76.10584,41.998914],[-76.105823,42.009651],[-76.106262,42.027905],[-76.106268,42.031174],[-76.104829,42.031568],[-76.105293,42.036228],[-76.105794,42.041275],[-76.106033,42.043683],[-76.106429,42.047411],[-76.106909,42.051961],[-76.108234,42.066408],[-76.108312,42.067221],[-76.108325,42.067345],[-76.108353,42.067648],[-76.108377,42.067949],[-76.108838,42.073316],[-76.108922,42.074331],[-76.108949,42.074574],[-76.108948,42.074751],[-76.108948,42.075111],[-76.108947,42.075161],[-76.108977,42.075815],[-76.109839,42.084216],[-76.110935,42.095331],[-76.111494,42.100442],[-76.111534,42.10117],[-76.108562,42.101256],[-76.108619,42.101953],[-76.107191,42.102021],[-76.107559,42.112358],[-76.108366,42.112322],[-76.111493,42.112486],[-76.113037,42.136634],[-76.114058,42.15278],[-76.114052,42.152945],[-76.114033,42.153418],[-76.114593,42.16033],[-76.115741,42.177071],[-76.115778,42.177884],[-76.11615,42.18016],[-76.116241,42.183943],[-76.116247,42.184238],[-76.116237,42.184266],[-76.116206,42.184274],[-76.116257,42.185146],[-76.116225,42.18561],[-76.102,42.186203],[-76.086683,42.186858],[-76.087008,42.187705],[-76.087318,42.19361],[-76.083717,42.193849],[-76.08402,42.196614],[-76.084195,42.199316],[-76.084898,42.199288],[-76.085216,42.20529],[-76.085211,42.205464],[-76.085325,42.206823],[-76.085411,42.207928],[-76.085623,42.210841],[-76.081906,42.21099],[-76.08142,42.21101],[-76.081547,42.213057],[-76.081889,42.218641],[-76.081088,42.218643],[-76.081112,42.224886],[-76.081118,42.227488],[-76.081116,42.22761],[-76.081095,42.229392],[-76.081134,42.230495],[-76.084499,42.230471],[-76.084688,42.234474],[-76.086498,42.234863],[-76.086848,42.240298],[-76.087197,42.244237],[-76.088933,42.244234],[-76.090594,42.244225],[-76.090908,42.249636],[-76.096346,42.249521],[-76.096629,42.25745],[-76.088707,42.257739],[-76.086011,42.257823],[-76.080666,42.257985],[-76.081214,42.264711],[-76.082815,42.264742],[-76.083445,42.271812],[-76.087252,42.271676],[-76.087728,42.278752],[-76.091862,42.278654],[-76.100309,42.27843],[-76.100608,42.278422],[-76.101226,42.287288],[-76.106582,42.287356],[-76.106572,42.29353],[-76.105915,42.293543],[-76.101028,42.293645],[-76.098759,42.293653],[-76.099115,42.303398],[-76.101593,42.303328],[-76.101622,42.310395],[-76.106254,42.310346],[-76.106394,42.318732],[-76.112031,42.318611],[-76.112401,42.318603],[-76.112427,42.326523],[-76.116357,42.326566],[-76.116702,42.33723],[-76.1129,42.337279],[-76.109286,42.337325],[-76.109763,42.344914],[-76.109912,42.347344],[-76.111403,42.347318],[-76.111797,42.354635],[-76.111942,42.357266],[-76.114618,42.357284],[-76.114587,42.36243],[-76.114551,42.364235],[-76.114554,42.366971],[-76.114636,42.367109],[-76.119212,42.367155],[-76.122439,42.367187],[-76.122573,42.374238],[-76.12265,42.376868],[-76.122854,42.380787],[-76.120211,42.380738],[-76.120348,42.381294],[-76.122962,42.391902],[-76.124467,42.392001],[-76.124484,42.395159],[-76.124521,42.402013],[-76.129673,42.402038],[-76.129743,42.403178],[-76.130181,42.410337],[-76.132625,42.410283],[-76.132738,42.410281],[-76.139922,42.410124],[-76.149274,42.40992],[-76.153279,42.409832],[-76.157198,42.409746],[-76.157659,42.409735],[-76.163216,42.409614],[-76.165097,42.409571],[-76.171115,42.409441],[-76.184667,42.409144],[-76.189943,42.409028],[-76.197896,42.408855],[-76.200128,42.408806],[-76.202004,42.408811],[-76.20479,42.408747],[-76.208174,42.408669],[-76.213237,42.408553],[-76.223189,42.408324],[-76.237766,42.407989],[-76.252036,42.407619],[-76.253359,42.407568],[-76.254042,42.40755],[-76.269718,42.407158],[-76.288834,42.40668],[-76.292898,42.406578],[-76.294697,42.405086],[-76.295068,42.402731],[-76.295739,42.40177],[-76.296526,42.399877],[-76.296581,42.399648],[-76.298432,42.395689],[-76.297727,42.393772],[-76.297313,42.391784],[-76.296293,42.389623],[-76.297901,42.386132],[-76.299493,42.385012],[-76.299198,42.38285],[-76.298613,42.381697],[-76.296229,42.381279],[-76.295481,42.38011],[-76.291473,42.379918],[-76.289973,42.37956],[-76.289151,42.380015],[-76.286108,42.379559],[-76.283717,42.379504],[-76.282926,42.380047],[-76.280688,42.38026],[-76.279407,42.379887],[-76.279689,42.378833],[-76.278356,42.378114],[-76.277898,42.377773],[-76.275788,42.377075],[-76.272724,42.376597],[-76.270806,42.376865],[-76.265062,42.375155],[-76.264718,42.37408],[-76.260055,42.372673],[-76.258538,42.371338],[-76.255933,42.3707],[-76.254475,42.369964],[-76.254213,42.369179],[-76.251969,42.368015],[-76.250266,42.366531],[-76.246506,42.36546],[-76.243987,42.363908],[-76.242129,42.363678],[-76.242209,42.362026],[-76.239779,42.359705],[-76.239742,42.359079],[-76.238555,42.356621],[-76.238768,42.354743],[-76.237695,42.351358],[-76.239653,42.350033],[-76.240318,42.347236],[-76.241765,42.34657],[-76.243694,42.342697],[-76.245491,42.341862],[-76.246125,42.340001],[-76.245476,42.338233],[-76.246104,42.336724],[-76.245765,42.335588],[-76.247264,42.334322],[-76.24597,42.332315],[-76.246872,42.330708],[-76.247328,42.328796],[-76.249747,42.328307],[-76.249934,42.32699],[-76.250792,42.326287],[-76.251363,42.324894],[-76.250973,42.323099],[-76.250056,42.322291],[-76.250043,42.320853],[-76.25108,42.319602],[-76.250092,42.316921],[-76.249364,42.315741],[-76.250487,42.313162],[-76.25026,42.310774],[-76.251407,42.309913],[-76.251099,42.307113],[-76.250416,42.306576],[-76.250059,42.304483],[-76.2493,42.303548],[-76.249144,42.299898],[-76.249746,42.299043],[-76.250149,42.296676],[-76.254686,42.296691],[-76.259667,42.296701],[-76.271089,42.296726],[-76.271896,42.296728],[-76.283191,42.296753],[-76.283522,42.296753],[-76.288174,42.296764],[-76.28822,42.308227],[-76.292586,42.308305],[-76.299132,42.308194],[-76.301873,42.308219],[-76.302191,42.308215],[-76.314197,42.308299],[-76.315663,42.308305],[-76.31836,42.308315],[-76.327849,42.308349],[-76.330342,42.308357],[-76.330575,42.308359],[-76.342652,42.308402],[-76.347486,42.308419],[-76.350619,42.308437],[-76.35084,42.315689],[-76.35087,42.316512],[-76.350895,42.317203],[-76.350871,42.318288],[-76.373187,42.318178],[-76.374256,42.318172],[-76.39465,42.318509],[-76.399484,42.318485],[-76.400438,42.318474],[-76.409084,42.318408],[-76.410097,42.318401],[-76.415305,42.318368],[-76.415475,42.305577],[-76.415569,42.298476],[-76.415735,42.286516],[-76.416018,42.27467],[-76.416199,42.262976],[-76.416284,42.262977],[-76.422447,42.263052],[-76.424368,42.263075],[-76.439294,42.263269],[-76.44506,42.263343],[-76.455341,42.263469],[-76.462865,42.263586],[-76.470037,42.263704],[-76.474494,42.263761],[-76.474142,42.275143],[-76.473962,42.281132],[-76.474936,42.281119],[-76.481799,42.281117],[-76.486675,42.281291],[-76.491851,42.281267],[-76.492989,42.281166],[-76.514141,42.281514],[-76.51492,42.281528],[-76.518965,42.281593],[-76.530447,42.28169],[-76.538349,42.281755],[-76.541221,42.281752],[-76.542396,42.281773],[-76.544951,42.281785],[-76.548929,42.281832],[-76.561519,42.281985],[-76.579489,42.28259],[-76.584585,42.282624],[-76.595512,42.28269],[-76.609134,42.282783],[-76.618686,42.282848],[-76.619303,42.282853],[-76.62707,42.283046],[-76.645731,42.28343],[-76.657456,42.283672],[-76.670135,42.283933],[-76.689639,42.284336],[-76.691406,42.284307],[-76.691452,42.286343],[-76.691327,42.295167],[-76.691317,42.295904],[-76.691158,42.306989],[-76.691069,42.313319],[-76.689727,42.313443],[-76.690074,42.323636],[-76.690045,42.333618],[-76.690156,42.336818],[-76.690382,42.350304],[-76.690409,42.353976],[-76.690458,42.360684],[-76.690481,42.363538],[-76.690524,42.369569],[-76.690552,42.373217],[-76.685938,42.373194],[-76.685726,42.375108],[-76.686206,42.383244],[-76.686556,42.389183],[-76.686622,42.390351],[-76.686785,42.393136],[-76.687697,42.408745],[-76.687822,42.412175],[-76.687968,42.414892],[-76.688212,42.419644],[-76.688283,42.420673],[-76.688774,42.429089],[-76.689056,42.434059],[-76.689171,42.435675],[-76.689496,42.440017],[-76.689522,42.440319],[-76.689947,42.447148],[-76.690307,42.452324],[-76.691039,42.463081],[-76.691133,42.464195],[-76.691291,42.466362],[-76.691365,42.467406],[-76.692134,42.477906],[-76.692194,42.478769],[-76.692594,42.483602],[-76.693154,42.490147],[-76.693292,42.492123],[-76.693504,42.497135],[-76.693804,42.502742],[-76.694086,42.507122],[-76.694153,42.508152],[-76.694206,42.509381],[-76.694312,42.510435],[-76.694789,42.517337],[-76.695963,42.536477],[-76.696002,42.536937],[-76.696058,42.537777],[-76.696655,42.54679],[-76.701577,42.546648],[-76.714996,42.546308],[-76.720944,42.546142],[-76.735709,42.545772],[-76.736618,42.545744],[-76.738296,42.545693],[-76.741027,42.545611],[-76.745229,42.545494],[-76.760558,42.545115],[-76.772022,42.544835],[-76.779929,42.544624],[-76.780189,42.544633],[-76.78088,42.544587],[-76.788451,42.544386],[-76.79163,42.544297],[-76.797306,42.544165],[-76.805033,42.543942],[-76.810336,42.543814],[-76.818812,42.54358],[-76.819193,42.543576],[-76.823805,42.543444],[-76.825017,42.543415],[-76.82945,42.543295],[-76.834919,42.543145],[-76.84177,42.542971],[-76.84844,42.542689],[-76.849717,42.542586],[-76.852441,42.542689],[-76.86275,42.542473],[-76.873874,42.542097],[-76.879821,42.541881],[-76.880935,42.541902],[-76.895596,42.541537],[-76.899485,42.520631],[-76.900396,42.505715],[-76.900689,42.499225],[-76.900841,42.493812],[-76.898575,42.484254],[-76.889805,42.463054],[-76.903319,42.462282],[-76.905486,42.46219],[-76.914596,42.461742],[-76.916057,42.461664],[-76.93012,42.46092],[-76.933544,42.460739],[-76.934649,42.460691],[-76.942864,42.460259],[-76.957012,42.459605],[-76.963977,42.459186],[-76.964131,42.460802],[-76.964436,42.46404],[-76.964456,42.46425],[-76.972994,42.463882],[-76.98795,42.46325],[-76.988252,42.46765],[-76.98832,42.46908],[-76.988932,42.478535],[-76.989293,42.484476],[-76.989329,42.484821],[-77.003655,42.484718],[-77.013521,42.484742],[-77.014287,42.484704],[-77.022248,42.484681],[-77.037045,42.484584],[-77.040918,42.48459],[-77.050329,42.484475],[-77.051518,42.484459],[-77.066727,42.48427],[-77.077569,42.484137],[-77.081067,42.484094],[-77.092918,42.483947],[-77.105803,42.483788],[-77.107203,42.483771],[-77.107209,42.483979],[-77.107546,42.499707],[-77.107566,42.504379],[-77.107574,42.505107],[-77.107581,42.505365],[-77.107593,42.50577],[-77.11439,42.50813],[-77.117893,42.50387],[-77.123093,42.50007],[-77.123112,42.50007],[-77.127279,42.497259],[-77.130354,42.496005],[-77.134777,42.494807],[-77.138904,42.494279],[-77.143946,42.494705],[-77.147414,42.497101],[-77.149502,42.50007],[-77.149995,42.50427],[-77.150095,42.50787],[-77.149495,42.51527],[-77.148659,42.519541],[-77.147695,42.52397],[-77.146995,42.52917],[-77.146895,42.53207],[-77.147295,42.53507],[-77.149295,42.54587],[-77.149695,42.54997],[-77.149595,42.55387],[-77.148795,42.559669],[-77.147495,42.565069],[-77.143795,42.576869],[-77.149065,42.576835],[-77.14994,42.57683],[-77.150649,42.576825],[-77.159956,42.576764],[-77.166647,42.57672],[-77.176544,42.576657],[-77.184386,42.576614],[-77.192152,42.576562],[-77.19497,42.576552],[-77.213664,42.576513],[-77.218531,42.576494],[-77.221518,42.57648],[-77.23123,42.576491],[-77.238357,42.576426],[-77.242763,42.576374],[-77.248507,42.576324],[-77.257549,42.57627],[-77.273274,42.57617],[-77.273243,42.576215],[-77.288491,42.576177],[-77.306803,42.576206],[-77.312848,42.57625],[-77.33474,42.576285],[-77.335139,42.576233],[-77.339428,42.576301],[-77.347573,42.57632],[-77.348498,42.57634],[-77.352148,42.576332],[-77.356624,42.576343],[-77.366505,42.576368],[-77.383398,42.576409],[-77.401876,42.576509],[-77.411313,42.576566],[-77.417118,42.576601],[-77.419494,42.576616],[-77.423093,42.576637],[-77.441588,42.576754],[-77.441697,42.576866],[-77.443179,42.576829],[-77.445766,42.576871],[-77.445871,42.576789],[-77.451932,42.576859],[-77.455632,42.576895],[-77.459575,42.576937],[-77.473903,42.577092],[-77.482674,42.577187],[-77.485171,42.577214],[-77.490595,42.577282],[-77.490889,42.577288],[-77.493321,42.577353],[-77.497387,42.577457],[-77.502594,42.577582],[-77.50274,42.577585],[-77.533245,42.578274],[-77.534666,42.578289],[-77.539675,42.578399],[-77.553044,42.578695],[-77.562074,42.578894],[-77.574741,42.579193],[-77.5837,42.579439],[-77.586912,42.579518],[-77.588975,42.579572],[-77.60282,42.579867],[-77.604828,42.579921],[-77.604967,42.579976],[-77.605203,42.580044],[-77.605369,42.580066],[-77.605569,42.580079],[-77.60579,42.580073],[-77.606327,42.580042],[-77.607799,42.579949],[-77.614525,42.580058],[-77.620457,42.580164],[-77.62145,42.579858],[-77.624269,42.580161],[-77.6375,42.580305],[-77.637911,42.580295],[-77.639827,42.580302],[-77.643365,42.580326],[-77.650847,42.580369],[-77.654259,42.580394],[-77.659917,42.580409],[-77.66004,42.576432],[-77.66036,42.566024],[-77.660457,42.559279],[-77.66064,42.556233],[-77.660837,42.552344],[-77.660831,42.55083],[-77.660879,42.549067],[-77.66088,42.549015],[-77.660885,42.548859],[-77.660887,42.548808],[-77.660931,42.54749],[-77.660942,42.547146],[-77.66122,42.538128],[-77.661315,42.535067],[-77.666966,42.535066],[-77.667691,42.535066],[-77.668651,42.535067],[-77.678728,42.535064],[-77.681105,42.535067],[-77.686444,42.535069],[-77.688323,42.535067],[-77.691349,42.535067],[-77.695221,42.535067],[-77.697063,42.535067],[-77.703858,42.535313],[-77.704369,42.534592],[-77.706915,42.534636],[-77.720617,42.535066],[-77.720872,42.528139],[-77.721118,42.52157],[-77.721395,42.514123],[-77.721985,42.499829],[-77.722111,42.496812],[-77.722673,42.47971],[-77.722964,42.471216],[-77.730276,42.471355],[-77.743581,42.471609],[-77.745546,42.471647],[-77.751401,42.47187],[-77.756078,42.471899],[-77.756492,42.471911],[-77.767573,42.472246],[-77.777281,42.472522],[-77.77987,42.472679],[-77.811922,42.473687],[-77.840231,42.474576],[-77.840409,42.483885],[-77.84067,42.499893],[-77.840632,42.502128],[-77.840717,42.517022],[-77.840694,42.517771],[-77.84669,42.517828],[-77.856889,42.517931],[-77.866349,42.518029],[-77.874722,42.518115],[-77.877945,42.518041],[-77.890338,42.518101],[-77.891254,42.518096],[-77.892569,42.518084],[-77.896193,42.51808],[-77.898946,42.518107],[-77.903624,42.518182],[-77.911003,42.518229],[-77.916379,42.518306],[-77.921361,42.518263],[-77.936486,42.518311],[-77.942942,42.518331],[-77.949127,42.518351],[-77.954578,42.518368],[-77.954956,42.518369],[-77.955896,42.518373],[-77.964386,42.518399],[-77.985004,42.518466],[-78.000184,42.518514],[-78.02191,42.518486],[-78.038279,42.518467],[-78.042604,42.518462],[-78.043418,42.518464],[-78.042195,42.518933],[-78.038261,42.521522],[-78.040241,42.520968],[-78.051724,42.520982],[-78.086022,42.521117],[-78.088914,42.521135],[-78.09574,42.521178],[-78.095951,42.521179],[-78.106992,42.52125],[-78.117993,42.521321],[-78.11821,42.521321],[-78.128068,42.521367],[-78.13345,42.521374],[-78.145346,42.521388],[-78.148083,42.521391],[-78.163035,42.521409],[-78.163703,42.521411],[-78.171247,42.521419],[-78.190337,42.52144],[-78.196442,42.52148],[-78.200307,42.521652],[-78.204679,42.521764],[-78.221683,42.521758],[-78.224693,42.52161],[-78.235131,42.521535],[-78.238481,42.521723],[-78.248759,42.521711],[-78.25189,42.521601],[-78.276152,42.521495],[-78.278737,42.521472],[-78.297231,42.521352],[-78.308839,42.521217],[-78.329336,42.520931],[-78.34128,42.520746],[-78.343469,42.520692],[-78.343961,42.520682],[-78.35806,42.520481],[-78.362416,42.5204],[-78.384501,42.52003],[-78.388383,42.519923],[-78.402266,42.519641],[-78.404198,42.51943],[-78.404313,42.519321],[-78.41279,42.519271],[-78.424533,42.519226],[-78.432746,42.51922],[-78.446626,42.519215],[-78.446849,42.519215],[-78.447033,42.519214],[-78.461565,42.519193],[-78.464556,42.519166],[-78.464343,42.522521],[-78.464228,42.524986],[-78.464054,42.530664],[-78.46394,42.536332],[-78.463773,42.541557],[-78.463737,42.542585],[-78.463474,42.551471],[-78.462938,42.568462],[-78.462744,42.581548],[-78.462656,42.587488],[-78.462519,42.595802],[-78.46237,42.606545],[-78.46223,42.616736],[-78.462165,42.620232],[-78.462045,42.62503],[-78.462549,42.639339],[-78.462567,42.640836],[-78.462848,42.64829],[-78.46339,42.666462],[-78.463636,42.678378],[-78.463669,42.679463],[-78.463743,42.690842],[-78.463801,42.693918],[-78.463814,42.698904],[-78.463743,42.711059],[-78.463719,42.715984],[-78.463698,42.717874],[-78.463687,42.720959],[-78.46367,42.722683],[-78.463652,42.724605],[-78.463642,42.725591],[-78.463605,42.729411],[-78.463562,42.733896],[-78.463538,42.737077],[-78.463417,42.748263],[-78.463442,42.75388],[-78.463447,42.761594],[-78.463431,42.763904],[-78.463467,42.769637],[-78.463233,42.780461],[-78.483501,42.780623],[-78.488143,42.78066],[-78.488118,42.781571],[-78.48807,42.783536],[-78.487948,42.788442],[-78.487676,42.79924],[-78.487553,42.803949],[-78.487273,42.813431],[-78.487028,42.823431],[-78.486999,42.824183],[-78.486799,42.832556],[-78.486798,42.832586],[-78.486591,42.841144],[-78.486465,42.846323],[-78.48639,42.849678],[-78.486249,42.85733],[-78.486153,42.861532],[-78.486256,42.867731],[-78.479672,42.867594],[-78.464381,42.867461],[-78.464287,42.873251],[-78.464202,42.878056],[-78.464086,42.886152],[-78.464067,42.88681],[-78.463946,42.893781],[-78.463919,42.895133],[-78.463855,42.899909],[-78.463856,42.901024],[-78.46385,42.920604],[-78.46386,42.921866],[-78.463887,42.924325],[-78.463889,42.924501],[-78.464005,42.934338],[-78.464051,42.938289],[-78.464241,42.946698],[-78.464249,42.948486],[-78.464231,42.954555],[-78.464269,42.955181],[-78.464333,42.960497],[-78.464314,42.965469],[-78.464235,42.973865],[-78.46424,42.9763],[-78.46385,42.985742],[-78.463841,42.986061],[-78.463544,42.997956],[-78.46338,43.002158],[-78.463229,43.006479],[-78.463144,43.009678],[-78.463053,43.013364],[-78.463238,43.022088],[-78.463484,43.032991],[-78.463644,43.039318],[-78.463838,43.041891],[-78.464133,43.054395],[-78.464245,43.064958],[-78.464264,43.067711],[-78.464252,43.079132],[-78.464229,43.080303],[-78.464449,43.088703],[-78.465347,43.088039],[-78.46801,43.087723],[-78.46772,43.087029],[-78.465157,43.085968],[-78.468469,43.08394],[-78.469736,43.082797],[-78.472038,43.08152],[-78.472633,43.081829],[-78.471916,43.084202],[-78.47464,43.082788],[-78.474152,43.084648],[-78.475471,43.085045],[-78.475227,43.086048],[-78.476677,43.086246],[-78.47693,43.084729],[-78.478027,43.084816],[-78.481621,43.083778],[-78.481766,43.085346],[-78.482819,43.085773],[-78.484668,43.086163],[-78.486664,43.085014],[-78.488945,43.08271],[-78.491646,43.083955],[-78.492736,43.083997],[-78.492439,43.081966],[-78.493752,43.082592],[-78.496498,43.081751],[-78.497849,43.082033],[-78.497879,43.083023],[-78.49938,43.083134],[-78.499321,43.084053],[-78.498238,43.084404],[-78.496887,43.086445],[-78.498215,43.087055],[-78.500725,43.086021],[-78.5028,43.086575],[-78.502696,43.08728],[-78.500977,43.088089],[-78.500724,43.089062],[-78.503128,43.088715],[-78.505043,43.090084],[-78.506088,43.089687],[-78.505173,43.091602],[-78.506119,43.093071],[-78.504745,43.092903],[-78.503479,43.091415],[-78.503726,43.093238],[-78.504562,43.093822],[-78.507469,43.094185],[-78.508591,43.093288],[-78.509285,43.094009],[-78.508461,43.096279],[-78.509987,43.096863],[-78.509719,43.097553],[-78.510559,43.097816],[-78.511612,43.095592],[-78.513245,43.094654],[-78.514839,43.094875],[-78.515099,43.09285],[-78.515785,43.091507],[-78.51403,43.09137],[-78.514099,43.090363],[-78.515823,43.090542],[-78.518551,43.089641],[-78.52079,43.088799],[-78.521309,43.08979],[-78.522377,43.089561],[-78.522263,43.08815],[-78.525337,43.088032],[-78.526222,43.087612],[-78.528069,43.088299],[-78.526672,43.088966],[-78.52697,43.090363],[-78.528976,43.090115],[-78.528244,43.08857],[-78.531395,43.087349],[-78.531952,43.088593],[-78.533148,43.087925],[-78.534431,43.086182],[-78.53627,43.085491],[-78.536858,43.086819],[-78.538292,43.087421],[-78.539078,43.086571],[-78.537987,43.086075],[-78.54,43.08567],[-78.540146,43.087166],[-78.542114,43.088089],[-78.540482,43.088299],[-78.540443,43.090092],[-78.542282,43.091099],[-78.542923,43.090153],[-78.542625,43.088802],[-78.544662,43.0895],[-78.545403,43.09045],[-78.546822,43.090065],[-78.547462,43.091751],[-78.546394,43.093285],[-78.544182,43.093266],[-78.543488,43.092762],[-78.541267,43.093349],[-78.542091,43.095158],[-78.541908,43.096478],[-78.544373,43.096645],[-78.545998,43.098694],[-78.547577,43.097446],[-78.550171,43.096588],[-78.549156,43.095055],[-78.549767,43.093681],[-78.551097,43.092752],[-78.553458,43.092224],[-78.555145,43.092419],[-78.555428,43.091446],[-78.56015,43.089935],[-78.560875,43.090405],[-78.559204,43.091705],[-78.557388,43.093845],[-78.554893,43.094913],[-78.555203,43.095375],[-78.557632,43.095081],[-78.558731,43.097214],[-78.561011,43.096972],[-78.564064,43.094635],[-78.563011,43.093643],[-78.563907,43.091527],[-78.564484,43.088894],[-78.565323,43.088219],[-78.567902,43.087963],[-78.569542,43.088608],[-78.571411,43.088379],[-78.576248,43.088791],[-78.574333,43.08712],[-78.57531,43.085739],[-78.574738,43.083149],[-78.574165,43.082409],[-78.572372,43.08205],[-78.57431,43.080208],[-78.576065,43.079758],[-78.576715,43.080313],[-78.576637,43.081707],[-78.578178,43.082664],[-78.577271,43.084141],[-78.579208,43.085228],[-78.578201,43.087498],[-78.578583,43.087994],[-78.580231,43.087547],[-78.581253,43.088787],[-78.582497,43.088654],[-78.584557,43.086655],[-78.585089,43.084574],[-78.58448,43.083729],[-78.582123,43.0825],[-78.580193,43.08017],[-78.58213,43.077499],[-78.584114,43.076859],[-78.584099,43.075958],[-78.582577,43.075359],[-78.583101,43.074785],[-78.586273,43.073048],[-78.586914,43.07304],[-78.588005,43.074589],[-78.590904,43.076157],[-78.5915,43.073916],[-78.591949,43.071365],[-78.592522,43.070393],[-78.59404,43.0695],[-78.595306,43.069641],[-78.594849,43.072273],[-78.597229,43.072227],[-78.599274,43.072048],[-78.600929,43.072498],[-78.601318,43.073936],[-78.602303,43.072453],[-78.603989,43.072025],[-78.606544,43.072674],[-78.60685,43.073357],[-78.604222,43.073983],[-78.601479,43.075863],[-78.601479,43.076435],[-78.603745,43.076481],[-78.605904,43.075584],[-78.607018,43.075592],[-78.609669,43.076505],[-78.611916,43.077881],[-78.612605,43.077315],[-78.612053,43.076248],[-78.613579,43.075165],[-78.614174,43.074291],[-78.616074,43.0742],[-78.616295,43.07497],[-78.615486,43.076698],[-78.61721,43.077892],[-78.616158,43.080177],[-78.614365,43.080826],[-78.61277,43.082268],[-78.612511,43.083645],[-78.615242,43.084522],[-78.616615,43.084991],[-78.617572,43.086553],[-78.618881,43.087444],[-78.620461,43.08709],[-78.621364,43.085585],[-78.623329,43.084988],[-78.626671,43.08511],[-78.628992,43.086669],[-78.629556,43.088562],[-78.632683,43.090961],[-78.63089,43.091591],[-78.630077,43.093546],[-78.631027,43.094128],[-78.634155,43.094128],[-78.636071,43.093273],[-78.636681,43.093426],[-78.638344,43.09568],[-78.640732,43.097275],[-78.64212,43.096878],[-78.64212,43.094585],[-78.640762,43.090668],[-78.640823,43.089535],[-78.641753,43.088583],[-78.643311,43.088207],[-78.646721,43.089771],[-78.647392,43.089622],[-78.648995,43.087287],[-78.648582,43.086475],[-78.646608,43.085602],[-78.646683,43.083977],[-78.645981,43.081562],[-78.646561,43.080791],[-78.648392,43.080589],[-78.650574,43.082111],[-78.654869,43.082867],[-78.658485,43.085175],[-78.663353,43.086357],[-78.664711,43.086399],[-78.666733,43.085364],[-78.674518,43.083941],[-78.676239,43.084003],[-78.679253,43.084839],[-78.680107,43.083],[-78.68026,43.081448],[-78.681808,43.080269],[-78.684212,43.081047],[-78.687309,43.084488],[-78.687408,43.086464],[-78.688866,43.087708],[-78.690872,43.088642],[-78.692772,43.088177],[-78.695625,43.086681],[-78.696906,43.086337],[-78.696865,43.085096],[-78.696866,43.082344],[-78.696896,43.067773],[-78.696933,43.059234],[-78.696927,43.058331],[-78.696913,43.057726],[-78.696908,43.04839],[-78.69691,43.047065],[-78.696918,43.043992],[-78.696942,43.038607],[-78.696942,43.038409],[-78.696949,43.035203],[-78.69695,43.034794],[-78.696946,43.0334],[-78.696937,43.030334],[-78.696922,43.0274],[-78.696936,43.023211],[-78.696936,43.022963],[-78.696937,43.018604],[-78.696952,43.017113],[-78.69695,43.016563],[-78.696941,43.013333],[-78.696937,43.011124],[-78.696927,43.007194],[-78.696924,43.004833],[-78.696921,43.000239],[-78.69692,43.000011],[-78.69693,42.995974],[-78.69695,42.989289],[-78.696925,42.981468],[-78.696899,42.978192],[-78.696875,42.976994],[-78.69693,42.975289],[-78.696921,42.971707],[-78.696924,42.971021],[-78.69692,42.9653],[-78.696919,42.965264],[-78.696882,42.962307],[-78.696948,42.959301],[-78.697017,42.956466],[-78.697021,42.952424],[-78.697027,42.95104],[-78.697028,42.950775],[-78.696925,42.949898],[-78.696926,42.949717],[-78.696925,42.949293],[-78.696932,42.947003],[-78.696941,42.944816],[-78.696954,42.940179],[-78.696988,42.938679],[-78.696975,42.937933],[-78.696935,42.93424],[-78.696938,42.929984],[-78.696925,42.927847],[-78.696915,42.92579],[-78.696921,42.924597],[-78.696912,42.923829],[-78.696909,42.921074],[-78.696909,42.919544],[-78.696912,42.918604],[-78.696891,42.9172],[-78.696892,42.916861],[-78.696897,42.915912],[-78.696903,42.915399],[-78.696918,42.914703],[-78.696915,42.913869],[-78.696917,42.913734],[-78.696921,42.912817],[-78.696924,42.911922],[-78.696928,42.91094],[-78.696928,42.910659],[-78.696932,42.910148],[-78.696932,42.910111],[-78.696933,42.908602],[-78.696928,42.906208],[-78.696914,42.905622],[-78.696912,42.903838],[-78.696911,42.901931],[-78.69691,42.900842],[-78.696926,42.898796],[-78.696928,42.895899],[-78.696931,42.895393],[-78.696931,42.894856],[-78.696931,42.894746],[-78.696931,42.893956],[-78.696959,42.892367],[-78.696917,42.885504],[-78.696912,42.885002],[-78.696946,42.88027],[-78.696927,42.876944],[-78.696927,42.874509],[-78.696934,42.871628],[-78.696945,42.868117],[-78.69695,42.86646],[-78.696951,42.866162],[-78.696947,42.863664],[-78.696956,42.860034],[-78.696963,42.85945],[-78.696946,42.855591],[-78.696903,42.846135],[-78.696903,42.846101],[-78.696902,42.842957],[-78.696914,42.839304],[-78.696914,42.839164],[-78.696915,42.838421],[-78.696918,42.836919],[-78.69693,42.834388],[-78.696934,42.834029],[-78.696934,42.827431],[-78.69683,42.81536],[-78.69689,42.814389],[-78.696844,42.813525],[-78.696901,42.81265],[-78.696913,42.811595],[-78.696915,42.811166],[-78.697899,42.811197],[-78.700802,42.811191],[-78.705131,42.811215],[-78.706794,42.811223],[-78.708056,42.811224],[-78.709913,42.811232],[-78.711201,42.811236],[-78.712864,42.811241],[-78.713123,42.811242],[-78.713679,42.811242],[-78.721916,42.811265],[-78.722962,42.811268],[-78.72582,42.811272],[-78.728125,42.811275],[-78.728874,42.811276],[-78.735102,42.81128],[-78.736747,42.811281],[-78.738388,42.811283],[-78.738393,42.809832],[-78.738398,42.808085],[-78.738401,42.805616],[-78.738411,42.803862],[-78.742993,42.803883],[-78.748136,42.803897],[-78.751753,42.80391],[-78.755376,42.803941],[-78.761861,42.803989],[-78.767455,42.804021],[-78.768111,42.804035],[-78.769302,42.804015],[-78.775369,42.804031],[-78.778178,42.804031],[-78.778267,42.804042],[-78.779376,42.804026],[-78.781244,42.804122],[-78.782146,42.80413],[-78.783006,42.80414],[-78.783425,42.804145],[-78.793431,42.804306],[-78.796558,42.804364],[-78.79726,42.804378],[-78.798006,42.804391],[-78.803819,42.804513],[-78.809726,42.804641],[-78.809766,42.804642],[-78.810467,42.80453],[-78.811416,42.804679],[-78.811704,42.804685],[-78.812218,42.804696],[-78.819494,42.804856],[-78.822942,42.804912],[-78.823947,42.804928],[-78.828796,42.804862],[-78.8318,42.804951],[-78.832216,42.804962],[-78.83438,42.805052],[-78.835571,42.805059],[-78.836602,42.805042],[-78.840291,42.804987],[-78.841171,42.804972],[-78.841955,42.804958],[-78.842621,42.804991],[-78.846159,42.805169],[-78.847892,42.80516],[-78.848427,42.805157],[-78.850922,42.805197],[-78.851433,42.805205],[-78.853567,42.805239],[-78.862375,42.805379],[-78.864989,42.81097],[-78.866567,42.813559],[-78.868268,42.815625],[-78.870429,42.820426],[-78.871768,42.822377],[-78.872553,42.825874],[-78.872205,42.826665],[-78.872667,42.828456],[-78.871302,42.828151],[-78.870145,42.829074],[-78.867894,42.829905],[-78.869028,42.831359],[-78.868965,42.832299],[-78.868649,42.833871],[-78.867152,42.833376],[-78.865678,42.832284],[-78.86404,42.832277],[-78.862283,42.83227],[-78.861918,42.833213],[-78.86226,42.836092],[-78.863935,42.838111],[-78.865588,42.839565],[-78.863297,42.840323],[-78.86358,42.842005],[-78.865376,42.842005],[-78.867852,42.844446],[-78.870498,42.848263],[-78.87118,42.849953],[-78.873912,42.849765],[-78.875383,42.850923],[-78.878007,42.854477],[-78.884094,42.864516],[-78.887675,42.867994],[-78.893762,42.874293],[-78.894657,42.876065],[-78.89456,42.87841],[-78.893943,42.879674],[-78.89242,42.880921],[-78.894294,42.884697],[-78.896987,42.887154],[-78.903256,42.892469],[-78.90534,42.894072],[-78.90622,42.899032],[-78.915359,42.880757],[-78.930559,42.850105],[-78.956877,42.83271],[-78.99976,42.804368],[-79.045504,42.787188],[-79.124764,42.757423],[-79.143474,42.750057],[-79.249766,42.710385],[-79.312136,42.686805],[-79.374769,42.663153],[-79.411573,42.64943],[-79.476942,42.625057],[-79.499771,42.616209],[-79.532228,42.603855],[-79.663155,42.553991],[-79.749775,42.520956],[-79.762418,42.516072],[-79.76259,42.500058],[-79.762326,42.44534],[-79.762569,42.375058],[-79.761974,42.273673],[-79.761867,42.269326],[-79.761855,42.267546],[-79.76194,42.252705],[-79.761917,42.252144],[-79.761846,42.243325],[-79.761852,42.241537],[-79.761866,42.235825],[-79.761877,42.233251],[-79.76185,42.230941],[-79.761928,42.219149],[-79.761922,42.217646],[-79.761854,42.200227],[-79.76189,42.19467],[-79.761755,42.183622],[-79.761789,42.173417],[-79.761741,42.162695],[-79.76179,42.150718],[-79.761952,42.150658],[-79.761979,42.139398],[-79.761924,42.1327],[-79.761965,42.131183],[-79.761855,42.130191],[-79.761855,42.129435],[-79.761869,42.118822],[-79.761871,42.107513],[-79.761873,42.100557],[-79.761871,42.094795],[-79.761875,42.086281],[-79.761892,42.041893],[-79.761945,42.019988],[-79.761945,42.01973],[-79.761948,42.018897],[-79.761954,41.998841],[-79.725786,41.99885],[-79.703305,41.998871],[-79.691865,41.998916],[-79.678278,41.998875],[-79.659771,41.998912],[-79.645029,41.998888],[-79.631938,41.998832],[-79.625325,41.998802],[-79.622084,41.998789],[-79.592015,41.998659],[-79.581529,41.998626],[-79.564373,41.998588],[-79.562062,41.998579],[-79.55306,41.998539],[-79.551886,41.998534],[-79.527994,41.998451],[-79.513771,41.998379],[-79.507441,41.998377],[-79.477729,41.998417],[-79.464315,41.99841],[-79.452271,41.998466],[-79.449079,41.998487],[-79.445574,41.998505],[-79.411731,41.998404],[-79.388302,41.998644],[-79.382467,41.998677],[-79.381808,41.998681],[-79.365114,41.998774],[-79.35162,41.998869],[-79.342342,41.998933],[-79.314215,41.998705],[-79.307918,41.998725],[-79.295573,41.998766],[-79.265291,41.998825],[-79.256451,41.998835],[-79.249772,41.998897],[-79.234336,41.999041],[-79.217381,41.999197],[-79.206925,41.999288],[-79.184813,41.999485],[-79.179522,41.999531],[-79.158413,41.99967],[-79.14523,41.999624],[-79.130219,41.999572],[-79.091108,41.999485],[-79.061259,41.999411],[-79.053523,41.99939],[-79.042062,41.999314],[-78.996507,41.998988],[-78.983212,41.998885],[-78.97758,41.998839],[-78.971958,41.998794],[-78.969896,41.998777],[-78.962731,41.998718],[-78.944521,41.998462],[-78.944065,41.998455],[-78.936383,41.998323],[-78.905944,41.997955],[-78.90568,41.997993],[-78.888701,41.997871],[-78.858195,41.997711],[-78.827412,41.997943],[-78.816677,41.99801],[-78.784465,41.998067],[-78.759236,41.998203],[-78.755369,41.998266],[-78.715337,41.998539],[-78.697253,41.99867],[-78.631861,41.999835],[-78.619474,41.999976],[-78.619092,41.999973],[-78.618775,41.999969],[-78.617984,41.999967],[-78.579681,41.999905],[-78.558869,41.999867],[-78.541753,41.999845],[-78.52834,41.999889],[-78.522688,41.999905],[-78.520212,41.999905],[-78.519786,41.999897],[-78.505763,41.999924],[-78.491701,41.999878],[-78.478354,41.999808],[-78.465407,41.999784],[-78.463318,41.999779],[-78.444168,41.999812],[-78.442146,41.999811],[-78.428779,41.99981],[-78.412719,41.999729],[-78.385902,41.999609],[-78.380466,41.999614],[-78.366818,41.999536],[-78.359943,41.99951],[-78.350584,41.999473],[-78.349974,41.999469],[-78.348771,41.999466],[-78.347829,41.999461],[-78.344828,41.999449],[-78.322721,41.99928],[-78.311812,41.999215],[-78.308144,41.999193],[-78.300266,41.999163],[-78.297802,41.999158],[-78.284023,41.999108],[-78.281027,41.999099],[-78.272898,41.999111],[-78.268814,41.999151],[-78.248061,41.999313],[-78.245831,41.999327],[-78.196149,41.999565],[-78.191267,41.999664],[-78.17709,42.000014],[-78.174494,42.000041],[-78.167564,42.000101],[-78.156104,42.000165],[-78.144757,42.000314],[-78.136682,42.000281],[-78.121515,42.000389],[-78.114454,42.000257],[-78.074355,41.999848],[-78.072578,41.999826],[-78.055245,41.999643],[-78.04042,41.999419],[-78.030097,41.999343],[-78.024776,41.999302],[-78.003795,41.999137],[-77.996995,41.99908],[-77.98101,41.998948],[-77.96455,41.998759],[-77.957122,41.998692],[-77.947478,41.998553],[-77.940354,41.99847],[-77.929829,41.998403],[-77.906817,41.998227],[-77.894351,41.998207],[-77.880408,41.998223],[-77.870259,41.998237],[-77.863285,41.998243],[-77.863255,41.998243],[-77.861191,41.998246],[-77.840382,41.998277],[-77.823247,41.998296],[-77.81754,41.998323],[-77.769932,41.998565],[-77.749936,41.998663],[-77.736866,41.998722],[-77.721894,41.998797],[-77.714373,41.998833],[-77.7132,41.998839],[-77.707863,41.998796],[-77.68763,41.999058],[-77.653272,41.999425],[-77.635716,41.999439],[-77.631166,41.999426],[-77.619878,41.999397],[-77.595604,41.999442],[-77.562856,41.999606],[-77.511961,42.000077],[-77.503988,42.000101],[-77.50143,42.000104],[-77.488769,42.000128],[-77.475769,42.000149],[-77.456577,42.000162],[-77.428223,42.000113],[-77.425094,42.000072],[-77.424022,42.000071],[-77.392631,42.000049],[-77.39085,42.00004],[-77.362454,41.999915],[-77.338975,41.999836],[-77.338445,41.999834],[-77.337015,41.999829],[-77.316309,41.999766],[-77.316268,41.999766],[-77.302933,41.999722],[-77.294174,41.999741],[-77.257658,41.999649],[-77.256795,41.999647],[-77.244319,41.999633],[-77.228794,41.999612],[-77.22059,41.99962],[-77.203828,41.999713],[-77.200405,41.999659],[-77.184677,41.999678],[-77.179116,41.999761],[-77.171891,41.999699],[-77.161419,41.999605],[-77.135699,41.999755],[-77.135389,41.999756],[-77.134085,41.99976],[-77.126985,41.999799],[-77.114702,41.999817],[-77.113715,41.999819],[-77.111789,41.99982],[-77.096069,41.999899],[-77.083272,42.000018],[-77.064384,42.0002],[-77.03511,42.000483],[-77.021545,42.000585],[-77.014157,42.000737],[-77.008675,42.000724],[-76.965791,42.001114],[-76.955399,42.001236],[-76.942641,42.001364],[-76.937114,42.001466],[-76.90271,42.00177],[-76.902539,42.001771],[-76.901373,42.001781],[-76.888758,42.001878],[-76.868464,42.001922],[-76.833997,42.001991],[-76.821258,42.001916],[-76.81481,42.001938],[-76.787924,42.001866],[-76.785589,42.001856],[-76.77783,42.001837],[-76.76373,42.001756],[-76.748524,42.001684],[-76.742454,42.001628],[-76.734886,42.001564],[-76.730756,42.001529],[-76.729568,42.001519],[-76.7285,42.001509],[-76.728368,42.001508],[-76.727692,42.001502],[-76.726099,42.001489],[-76.725923,42.001487],[-76.725161,42.001481],[-76.706951,42.001327],[-76.705707,42.001319],[-76.701652,42.001285],[-76.647086,42.000801],[-76.633003,42.000678],[-76.625699,42.000614],[-76.622088,42.000582],[-76.621091,42.000574],[-76.595981,42.000348],[-76.595072,42.00034],[-76.594767,42.000337],[-76.593738,42.000328],[-76.587682,42.000275],[-76.558664,42.000069],[-76.557727,42.000064],[-76.553099,42.000033],[-76.551741,42.000026],[-76.550128,42.000014],[-76.548867,42.000005],[-76.548763,42.000003],[-76.541361,41.999955],[-76.534994,41.999884],[-76.533526,41.99987],[-76.531661,41.99985],[-76.524707,41.999774],[-76.524313,41.99977],[-76.511951,41.999636],[-76.496443,41.999422],[-76.47422,41.999154],[-76.47303,41.999142]]]]}},{"type":"Feature","properties":{"id":24,"NAME":"24","TotalPop":776200,"PopDevPct":-0.00099246,"DemPct":0.37241417,"RepPct":0.62123598,"WhitePct":0.88641324,"MinorityPct":0.11358676,"BlackPct":0.03622723,"HispanicPct":0.03586642,"PacificPct":0.00134247,"AsianPct":0.01190834,"NativePct":0.02156406,"TotalVAP":615283,"Margin":-0.12758583,"color":"#960018","opacity":"0.5"},"geometry":{"type":"MultiPolygon","coordinates":[[[[-77.423093,42.576637],[-77.419494,42.576616],[-77.417118,42.576601],[-77.411313,42.576566],[-77.401876,42.576509],[-77.383398,42.576409],[-77.366505,42.576368],[-77.356624,42.576343],[-77.352148,42.576332],[-77.348498,42.57634],[-77.347573,42.57632],[-77.339428,42.576301],[-77.335139,42.576233],[-77.33474,42.576285],[-77.312848,42.57625],[-77.306803,42.576206],[-77.288491,42.576177],[-77.273243,42.576215],[-77.273274,42.57617],[-77.257549,42.57627],[-77.248507,42.576324],[-77.242763,42.576374],[-77.238357,42.576426],[-77.23123,42.576491],[-77.221518,42.57648],[-77.218531,42.576494],[-77.213664,42.576513],[-77.19497,42.576552],[-77.192152,42.576562],[-77.184386,42.576614],[-77.176544,42.576657],[-77.166647,42.57672],[-77.159956,42.576764],[-77.150649,42.576825],[-77.14994,42.57683],[-77.149065,42.576835],[-77.143795,42.576869],[-77.147495,42.565069],[-77.148795,42.559669],[-77.149595,42.55387],[-77.149695,42.54997],[-77.149295,42.54587],[-77.147295,42.53507],[-77.146895,42.53207],[-77.146995,42.52917],[-77.147695,42.52397],[-77.148659,42.519541],[-77.149495,42.51527],[-77.150095,42.50787],[-77.149995,42.50427],[-77.149502,42.50007],[-77.147414,42.497101],[-77.143946,42.494705],[-77.138904,42.494279],[-77.134777,42.494807],[-77.130354,42.496005],[-77.127279,42.497259],[-77.123112,42.50007],[-77.123093,42.50007],[-77.117893,42.50387],[-77.11439,42.50813],[-77.107593,42.50577],[-77.107581,42.505365],[-77.107574,42.505107],[-77.107566,42.504379],[-77.107546,42.499707],[-77.107209,42.483979],[-77.107203,42.483771],[-77.105803,42.483788],[-77.092918,42.483947],[-77.081067,42.484094],[-77.077569,42.484137],[-77.066727,42.48427],[-77.051518,42.484459],[-77.050329,42.484475],[-77.040918,42.48459],[-77.037045,42.484584],[-77.022248,42.484681],[-77.014287,42.484704],[-77.013521,42.484742],[-77.003655,42.484718],[-76.989329,42.484821],[-76.989293,42.484476],[-76.988932,42.478535],[-76.98832,42.46908],[-76.988252,42.46765],[-76.98795,42.46325],[-76.972994,42.463882],[-76.964456,42.46425],[-76.964436,42.46404],[-76.964131,42.460802],[-76.963977,42.459186],[-76.957012,42.459605],[-76.942864,42.460259],[-76.934649,42.460691],[-76.933544,42.460739],[-76.93012,42.46092],[-76.916057,42.461664],[-76.914596,42.461742],[-76.905486,42.46219],[-76.903319,42.462282],[-76.889805,42.463054],[-76.898575,42.484254],[-76.900841,42.493812],[-76.900689,42.499225],[-76.900396,42.505715],[-76.899485,42.520631],[-76.895596,42.541537],[-76.894398,42.557647],[-76.894077,42.572504],[-76.894061,42.578795],[-76.894139,42.58503],[-76.894314,42.598583],[-76.894438,42.607333],[-76.894673,42.623216],[-76.894535,42.629155],[-76.894706,42.636882],[-76.895006,42.650478],[-76.895349,42.656255],[-76.897117,42.66365],[-76.898694,42.666639],[-76.908013,42.679071],[-76.925857,42.702621],[-76.93022,42.708257],[-76.933111,42.712307],[-76.936387,42.7173],[-76.938702,42.721525],[-76.941088,42.727585],[-76.942945,42.731921],[-76.944986,42.737294],[-76.946737,42.749743],[-76.94692,42.750069],[-76.94766,42.757639],[-76.947641,42.759179],[-76.947429,42.76443],[-76.971392,42.764223],[-76.97209,42.764213],[-76.973747,42.764208],[-76.976267,42.764193],[-76.99087,42.764071],[-77.000842,42.764079],[-77.001624,42.764072],[-77.007175,42.764031],[-77.014784,42.763863],[-77.017719,42.763796],[-77.018626,42.7638],[-77.018645,42.764579],[-77.01881,42.767035],[-77.019069,42.774259],[-77.019472,42.781659],[-77.020057,42.797169],[-77.020136,42.799073],[-77.02026,42.802671],[-77.020625,42.81077],[-77.02115,42.823291],[-77.021273,42.826234],[-77.022361,42.831596],[-77.022877,42.833893],[-77.023098,42.841439],[-77.023107,42.845751],[-77.023135,42.857153],[-77.023439,42.858051],[-77.022556,42.857923],[-77.023112,42.858823],[-77.023333,42.871197],[-77.023328,42.879323],[-77.023418,42.879333],[-77.023589,42.88691],[-77.024039,42.89489],[-77.024248,42.902371],[-77.011967,42.902586],[-76.995836,42.902831],[-76.985396,42.902895],[-76.985032,42.902893],[-76.977987,42.902971],[-76.975603,42.902979],[-76.975506,42.902979],[-76.96335,42.90302],[-76.963371,42.906253],[-76.963395,42.909574],[-76.963408,42.918803],[-76.963394,42.919489],[-76.963396,42.933511],[-76.963407,42.935199],[-76.9635,42.939197],[-76.963531,42.941143],[-76.963562,42.946502],[-76.963507,42.95127],[-76.963684,42.955431],[-76.963687,42.955699],[-76.963692,42.957602],[-76.963716,42.966663],[-76.963701,42.9696],[-76.963563,42.972915],[-76.963616,42.976338],[-76.963641,42.978455],[-76.963637,42.979891],[-76.96369,42.984331],[-76.963732,42.986106],[-76.963745,42.99076],[-76.963869,43.003194],[-76.963878,43.003608],[-76.963906,43.00603],[-76.963926,43.013157],[-76.955623,43.013577],[-76.949695,43.01388],[-76.938282,43.01447],[-76.929767,43.014959],[-76.927545,43.015086],[-76.926053,43.01517],[-76.92206,43.015395],[-76.91927,43.015554],[-76.915446,43.015772],[-76.91221,43.015953],[-76.912189,43.015914],[-76.905454,43.016256],[-76.903496,43.016365],[-76.902299,43.01644],[-76.8949,43.016814],[-76.890929,43.017016],[-76.882904,43.017439],[-76.878562,43.017629],[-76.871364,43.017891],[-76.868846,43.018014],[-76.863247,43.018235],[-76.859518,43.018402],[-76.858773,43.018434],[-76.857381,43.018494],[-76.85399,43.018636],[-76.849796,43.018811],[-76.846553,43.018948],[-76.845368,43.01899],[-76.84174,43.019163],[-76.83991,43.019245],[-76.833769,43.019446],[-76.829232,43.019591],[-76.825594,43.019718],[-76.814269,43.020343],[-76.812951,43.020401],[-76.806822,43.020645],[-76.806086,43.020698],[-76.799234,43.021014],[-76.798379,43.021051],[-76.7982,43.021059],[-76.796772,43.021043],[-76.792436,43.021223],[-76.783468,43.021607],[-76.775181,43.021953],[-76.769915,43.022104],[-76.76098,43.022404],[-76.757984,43.022521],[-76.752821,43.02267],[-76.744173,43.022979],[-76.725381,43.02364],[-76.714505,43.024051],[-76.713806,43.024035],[-76.717497,43.030257],[-76.718614,43.033116],[-76.718834,43.036577],[-76.719106,43.037139],[-76.719042,43.039038],[-76.719111,43.040303],[-76.718981,43.041602],[-76.71865,43.043871],[-76.718072,43.04758],[-76.717163,43.054603],[-76.716898,43.056166],[-76.717465,43.058563],[-76.717768,43.061807],[-76.717124,43.063542],[-76.715714,43.064514],[-76.714871,43.064185],[-76.713453,43.063971],[-76.710737,43.065856],[-76.707809,43.066614],[-76.707084,43.066943],[-76.704344,43.067275],[-76.697918,43.0652],[-76.693748,43.063217],[-76.689447,43.061962],[-76.687612,43.061563],[-76.687101,43.061317],[-76.685756,43.060322],[-76.685116,43.059891],[-76.685163,43.059887],[-76.6827,43.059326],[-76.681864,43.059417],[-76.679708,43.061584],[-76.678017,43.063646],[-76.675467,43.064575],[-76.672758,43.064951],[-76.670899,43.065734],[-76.667992,43.067468],[-76.663404,43.07015],[-76.661169,43.07141],[-76.660543,43.072253],[-76.660363,43.07228],[-76.66022,43.073302],[-76.660549,43.075017],[-76.661422,43.076656],[-76.661848,43.077485],[-76.661084,43.079933],[-76.65975,43.08095],[-76.658341,43.081277],[-76.65433,43.083132],[-76.651805,43.083294],[-76.650081,43.082771],[-76.646848,43.08003],[-76.645382,43.079779],[-76.64483,43.079715],[-76.643444,43.079652],[-76.639388,43.080195],[-76.635283,43.079739],[-76.629761,43.077563],[-76.625643,43.076528],[-76.624667,43.076421],[-76.617791,43.074227],[-76.613353,43.073308],[-76.609452,43.073277],[-76.606578,43.073529],[-76.603016,43.074485],[-76.600811,43.075109],[-76.596356,43.07598],[-76.587849,43.076743],[-76.583953,43.077631],[-76.581375,43.078605],[-76.57988,43.07983],[-76.577647,43.082838],[-76.574961,43.083707],[-76.573893,43.083205],[-76.572092,43.080741],[-76.570028,43.079488],[-76.566274,43.078187],[-76.563839,43.076133],[-76.560424,43.071837],[-76.558684,43.070869],[-76.556472,43.070926],[-76.551428,43.071569],[-76.547261,43.071765],[-76.544067,43.071678],[-76.542964,43.071957],[-76.540969,43.073672],[-76.539236,43.074186],[-76.536156,43.073352],[-76.530223,43.074296],[-76.525664,43.074246],[-76.524363,43.074224],[-76.523199,43.074284],[-76.52243,43.07438],[-76.521571,43.074524],[-76.521476,43.074551],[-76.520924,43.074706],[-76.520149,43.074964],[-76.519661,43.075158],[-76.516389,43.07635],[-76.514313,43.076827],[-76.509654,43.079083],[-76.506739,43.081698],[-76.503487,43.086446],[-76.502326,43.087681],[-76.49943,43.09526],[-76.499418,43.097196],[-76.499387,43.097885],[-76.499312,43.097949],[-76.498838,43.100605],[-76.497829,43.102657],[-76.491232,43.106295],[-76.488261,43.106711],[-76.483695,43.106162],[-76.48319,43.106101],[-76.479216,43.104835],[-76.473594,43.104029],[-76.471774,43.104983],[-76.471862,43.106831],[-76.47206,43.110929],[-76.472785,43.114647],[-76.474641,43.120967],[-76.475689,43.123862],[-76.47864,43.131231],[-76.480289,43.133779],[-76.483019,43.137121],[-76.484736,43.140328],[-76.486171,43.142208],[-76.486303,43.143223],[-76.483508,43.145151],[-76.481227,43.145886],[-76.476997,43.145954],[-76.473066,43.146017],[-76.473431,43.148899],[-76.473512,43.150423],[-76.474314,43.161546],[-76.474424,43.163],[-76.47563,43.178868],[-76.47594,43.182953],[-76.47607,43.184556],[-76.476714,43.192678],[-76.477047,43.19531],[-76.477315,43.198798],[-76.477204,43.199207],[-76.477692,43.205904],[-76.477928,43.208273],[-76.478347,43.216266],[-76.478749,43.220462],[-76.479224,43.227519],[-76.471071,43.227804],[-76.46048,43.228173],[-76.457481,43.228276],[-76.450875,43.228503],[-76.430465,43.229222],[-76.423952,43.229449],[-76.415279,43.229752],[-76.413801,43.229803],[-76.41166,43.229919],[-76.403001,43.230212],[-76.395272,43.230473],[-76.38335,43.230867],[-76.381264,43.23095],[-76.366004,43.23167],[-76.358387,43.231943],[-76.35415,43.232177],[-76.353913,43.232187],[-76.352072,43.232304],[-76.344632,43.23267],[-76.344582,43.231525],[-76.326374,43.232228],[-76.324986,43.232228],[-76.324213,43.232308],[-76.322437,43.230916],[-76.317349,43.22954],[-76.314565,43.229668],[-76.312261,43.230388],[-76.308869,43.230884],[-76.306437,43.230451],[-76.303516,43.228791],[-76.303473,43.228771],[-76.300836,43.227076],[-76.297876,43.22378],[-76.295556,43.22226],[-76.29266,43.2209],[-76.289524,43.219028],[-76.287684,43.21618],[-76.287876,43.212676],[-76.287076,43.210692],[-76.282915,43.206756],[-76.282412,43.205707],[-76.281027,43.201091],[-76.280153,43.201201],[-76.277837,43.201531],[-76.276151,43.201768],[-76.271351,43.203968],[-76.269751,43.205568],[-76.268151,43.209468],[-76.266522,43.211127],[-76.266352,43.211319],[-76.264451,43.213468],[-76.264351,43.214968],[-76.262051,43.218468],[-76.262951,43.220868],[-76.262151,43.223568],[-76.263551,43.226168],[-76.266851,43.227468],[-76.267451,43.229568],[-76.267451,43.231768],[-76.268351,43.233368],[-76.272151,43.234868],[-76.275551,43.238768],[-76.274051,43.240168],[-76.272851,43.240168],[-76.270051,43.239368],[-76.26829,43.239579],[-76.267551,43.239668],[-76.265651,43.238468],[-76.263751,43.236368],[-76.262651,43.236268],[-76.258951,43.237468],[-76.25745,43.236868],[-76.257951,43.234868],[-76.25655,43.232068],[-76.25285,43.227768],[-76.250001,43.225191],[-76.249075,43.223565],[-76.247826,43.220196],[-76.24645,43.218168],[-76.24465,43.214568],[-76.24015,43.214168],[-76.233849,43.212368],[-76.230049,43.207868],[-76.224449,43.204968],[-76.22212,43.204899],[-76.217646,43.204821],[-76.214913,43.205412],[-76.212349,43.207268],[-76.210149,43.206968],[-76.208336,43.208036],[-76.208864,43.209124],[-76.210129,43.210004],[-76.210649,43.210568],[-76.209729,43.21306],[-76.206176,43.216612],[-76.205179,43.216067],[-76.198748,43.212568],[-76.194248,43.217068],[-76.202548,43.222268],[-76.203027,43.223446],[-76.20472,43.22898],[-76.204832,43.232068],[-76.203936,43.234756],[-76.205008,43.237412],[-76.206656,43.238228],[-76.212017,43.238964],[-76.213393,43.24002],[-76.210609,43.244004],[-76.210929,43.246484],[-76.211994,43.250068],[-76.21195,43.2536],[-76.21235,43.254872],[-76.212773,43.255346],[-76.212981,43.256092],[-76.212977,43.256672],[-76.212757,43.257409],[-76.211178,43.259256],[-76.2093,43.262144],[-76.208957,43.262917],[-76.208825,43.263648],[-76.20902,43.264442],[-76.209598,43.265271],[-76.210512,43.265986],[-76.211474,43.266582],[-76.211621,43.266772],[-76.21083,43.268473],[-76.20633,43.270582],[-76.202944,43.271605],[-76.200428,43.270584],[-76.196801,43.267625],[-76.194068,43.266066],[-76.18943,43.261672],[-76.185278,43.258674],[-76.182104,43.257621],[-76.179626,43.253593],[-76.177314,43.252238],[-76.174275,43.251373],[-76.172338,43.250068],[-76.169047,43.246668],[-76.163967,43.244948],[-76.161347,43.243568],[-76.157647,43.243268],[-76.156145,43.24267],[-76.148526,43.239636],[-76.143372,43.240228],[-76.140676,43.240416],[-76.138142,43.239637],[-76.137758,43.238597],[-76.13624,43.238328],[-76.134497,43.236437],[-76.131816,43.235846],[-76.130148,43.234555],[-76.129748,43.234943],[-76.129542,43.234972],[-76.126504,43.233805],[-76.121496,43.234548],[-76.116781,43.233458],[-76.114311,43.232536],[-76.113824,43.231613],[-76.109911,43.2296],[-76.109787,43.228988],[-76.106654,43.226866],[-76.107433,43.225647],[-76.106601,43.224422],[-76.103751,43.223686],[-76.102653,43.223686],[-76.099378,43.224931],[-76.09575,43.22366],[-76.095417,43.223106],[-76.092662,43.221862],[-76.090645,43.220483],[-76.087517,43.219197],[-76.086469,43.217865],[-76.085107,43.217859],[-76.084682,43.216892],[-76.082701,43.216821],[-76.082148,43.216187],[-76.080011,43.215995],[-76.079781,43.216627],[-76.078737,43.215461],[-76.075818,43.214971],[-76.074951,43.215821],[-76.072378,43.214403],[-76.072015,43.214732],[-76.071614,43.214185],[-76.069414,43.214699],[-76.069459,43.213481],[-76.068371,43.21263],[-76.073024,43.213777],[-76.076259,43.213823],[-76.076825,43.214145],[-76.079779,43.213559],[-76.081009,43.214268],[-76.083643,43.21419],[-76.085288,43.212875],[-76.085306,43.211605],[-76.083167,43.210579],[-76.080142,43.209931],[-76.079514,43.208887],[-76.078243,43.208329],[-76.08076,43.208616],[-76.081936,43.207933],[-76.082457,43.20685],[-76.082687,43.204537],[-76.081865,43.202257],[-76.080538,43.200805],[-76.078672,43.19941],[-76.07731,43.199331],[-76.074154,43.199223],[-76.071695,43.199848],[-76.066931,43.200093],[-76.065844,43.200563],[-76.060389,43.200492],[-76.058921,43.199802],[-76.058028,43.200034],[-76.056711,43.1993],[-76.055248,43.199386],[-76.053633,43.20045],[-76.053467,43.201362],[-76.051991,43.200737],[-76.052159,43.2016],[-76.053335,43.20171],[-76.052619,43.202857],[-76.049958,43.202953],[-76.046131,43.202161],[-76.042746,43.200396],[-76.040754,43.198861],[-76.03514,43.195618],[-76.032525,43.19119],[-76.031007,43.190591],[-76.025719,43.190482],[-76.019522,43.1885],[-76.017297,43.188114],[-76.016251,43.187399],[-76.011647,43.185477],[-76.008512,43.182602],[-76.008653,43.181345],[-76.006639,43.179863],[-76.005215,43.179352],[-76.002787,43.179469],[-76.002927,43.177793],[-76.002285,43.178139],[-76.002541,43.179621],[-75.999418,43.180239],[-75.995379,43.182586],[-75.994217,43.18218],[-75.993366,43.183344],[-75.993394,43.183376],[-75.993503,43.183868],[-75.992971,43.184006],[-75.992413,43.184715],[-75.992718,43.185088],[-75.992443,43.185216],[-75.992226,43.184852],[-75.991736,43.184803],[-75.991237,43.184535],[-75.990285,43.184597],[-75.98988,43.184948],[-75.989569,43.184866],[-75.98938,43.184399],[-75.987286,43.184047],[-75.986894,43.183938],[-75.986195,43.183376],[-75.986159,43.182868],[-75.986385,43.182648],[-75.9863,43.18214],[-75.986017,43.181576],[-75.984924,43.180237],[-75.984547,43.17966],[-75.983793,43.179317],[-75.983802,43.179035],[-75.982229,43.178122],[-75.981193,43.177932],[-75.980167,43.177476],[-75.979489,43.177401],[-75.978273,43.177731],[-75.97794,43.17802],[-75.977219,43.178221],[-75.976861,43.178156],[-75.975862,43.178541],[-75.974703,43.179084],[-75.973981,43.179639],[-75.973438,43.179898],[-75.973124,43.179831],[-75.971962,43.180114],[-75.971255,43.179936],[-75.971142,43.179606],[-75.970652,43.179572],[-75.969641,43.18026],[-75.969196,43.180338],[-75.968956,43.180098],[-75.968547,43.180065],[-75.967443,43.180377],[-75.966677,43.180293],[-75.965807,43.180448],[-75.965291,43.180318],[-75.964869,43.179998],[-75.963927,43.179977],[-75.963437,43.180252],[-75.962759,43.180053],[-75.961487,43.180252],[-75.961299,43.180424],[-75.959359,43.180389],[-75.959839,43.179647],[-75.959754,43.178054],[-75.959274,43.17624],[-75.958671,43.175115],[-75.95788,43.174263],[-75.957728,43.173967],[-75.956777,43.173123],[-75.955599,43.172182],[-75.954394,43.171831],[-75.954196,43.171605],[-75.952692,43.171097],[-75.949486,43.171302],[-75.948016,43.172202],[-75.947545,43.172374],[-75.946997,43.173333],[-75.94608,43.173714],[-75.943189,43.174015],[-75.942602,43.174151],[-75.939877,43.174043],[-75.939007,43.174384],[-75.938172,43.174318],[-75.935864,43.175747],[-75.935026,43.176076],[-75.932895,43.176688],[-75.931352,43.175183],[-75.930655,43.173892],[-75.930034,43.171117],[-75.92816,43.169339],[-75.928189,43.167616],[-75.928264,43.164824],[-75.927558,43.162806],[-75.925365,43.161708],[-75.923164,43.161164],[-75.921596,43.161307],[-75.9191,43.16022],[-75.917535,43.160391],[-75.911253,43.158909],[-75.904577,43.157884],[-75.892945,43.156666],[-75.890969,43.156642],[-75.887144,43.156321],[-75.884275,43.155562],[-75.875059,43.23019],[-75.874912,43.231474],[-75.874792,43.232527],[-75.874251,43.237111],[-75.873392,43.243256],[-75.872979,43.246285],[-75.872409,43.249235],[-75.872361,43.249948],[-75.870738,43.261701],[-75.870912,43.263152],[-75.869725,43.273199],[-75.868422,43.279532],[-75.862934,43.319222],[-75.865461,43.319883],[-75.869902,43.320951],[-75.877986,43.322887],[-75.886756,43.325021],[-75.883573,43.331889],[-75.881814,43.335664],[-75.880739,43.337978],[-75.877447,43.34507],[-75.876254,43.34764],[-75.873176,43.354408],[-75.867781,43.365877],[-75.863461,43.375069],[-75.861099,43.380321],[-75.856728,43.390023],[-75.853796,43.396533],[-75.850555,43.403729],[-75.848913,43.407368],[-75.84794,43.409536],[-75.842319,43.422043],[-75.84059,43.425885],[-75.838997,43.429425],[-75.835835,43.436453],[-75.825539,43.459329],[-75.823652,43.463524],[-75.816029,43.480461],[-75.814627,43.483578],[-75.811599,43.482893],[-75.811075,43.482773],[-75.80007,43.480283],[-75.796854,43.479589],[-75.785727,43.477133],[-75.773881,43.474422],[-75.764928,43.472394],[-75.756213,43.470388],[-75.755453,43.470214],[-75.750104,43.468963],[-75.731371,43.464634],[-75.727362,43.463778],[-75.719897,43.462146],[-75.715815,43.461169],[-75.712346,43.460443],[-75.702808,43.45819],[-75.699965,43.457556],[-75.694247,43.456333],[-75.688865,43.455157],[-75.685447,43.454414],[-75.669466,43.450723],[-75.661976,43.449116],[-75.659549,43.448574],[-75.658728,43.448308],[-75.65369,43.447135],[-75.651702,43.446807],[-75.640076,43.444277],[-75.6395,43.444149],[-75.632146,43.44248],[-75.607581,43.436835],[-75.605574,43.436371],[-75.603345,43.435856],[-75.589145,43.432577],[-75.586174,43.43189],[-75.56242,43.425992],[-75.55792,43.42487],[-75.553707,43.423822],[-75.547142,43.422501],[-75.547129,43.422498],[-75.546656,43.422403],[-75.538278,43.420717],[-75.5335,43.419756],[-75.52914,43.421733],[-75.525158,43.423579],[-75.517593,43.427088],[-75.50818,43.431459],[-75.490367,43.439819],[-75.479913,43.444823],[-75.464518,43.451956],[-75.462224,43.453036],[-75.459802,43.454169],[-75.457369,43.455307],[-75.447267,43.459997],[-75.442645,43.462271],[-75.428263,43.468996],[-75.424301,43.470803],[-75.419858,43.47289],[-75.406688,43.479156],[-75.392396,43.485727],[-75.384314,43.489474],[-75.37267,43.494682],[-75.366788,43.497523],[-75.361639,43.500069],[-75.357661,43.50185],[-75.3517,43.504562],[-75.340159,43.509821],[-75.336135,43.511653],[-75.334387,43.512451],[-75.32747,43.515599],[-75.325982,43.516258],[-75.32296,43.517637],[-75.316831,43.520388],[-75.31614,43.520709],[-75.315677,43.520924],[-75.311452,43.522871],[-75.306113,43.525444],[-75.303205,43.526753],[-75.301137,43.527634],[-75.277645,43.538255],[-75.271043,43.541241],[-75.262644,43.545056],[-75.262306,43.545358],[-75.261884,43.545356],[-75.253517,43.549214],[-75.247784,43.551727],[-75.243178,43.553822],[-75.232807,43.558672],[-75.225253,43.562204],[-75.223322,43.562957],[-75.203651,43.572042],[-75.18256,43.581806],[-75.133292,43.604633],[-75.129676,43.606301],[-75.128864,43.606651],[-75.124615,43.608525],[-75.11016,43.615229],[-75.111271,43.625068],[-75.113605,43.64386],[-75.115369,43.658032],[-75.119785,43.693737],[-75.123087,43.72037],[-75.123208,43.721441],[-75.123477,43.724722],[-75.126236,43.746199],[-75.127992,43.760289],[-75.130204,43.776311],[-75.130505,43.77871],[-75.131194,43.784197],[-75.133487,43.802515],[-75.134423,43.811233],[-75.137652,43.837962],[-75.140396,43.860679],[-75.140538,43.861844],[-75.141463,43.868571],[-75.141643,43.870545],[-75.141737,43.87112],[-75.141955,43.872253],[-75.142172,43.874239],[-75.145222,43.902105],[-75.145347,43.903095],[-75.147199,43.914677],[-75.148096,43.920171],[-75.155685,43.981268],[-75.156493,43.987195],[-75.15663,43.988318],[-75.157874,44.00015],[-75.158327,44.003715],[-75.158936,44.008514],[-75.160593,44.021588],[-75.163154,44.041762],[-75.164076,44.049035],[-75.166996,44.072048],[-75.167337,44.074721],[-75.170051,44.096107],[-75.170159,44.096959],[-75.202689,44.111075],[-75.221905,44.119407],[-75.231386,44.123518],[-75.232389,44.123957],[-75.261169,44.136123],[-75.264634,44.137582],[-75.266738,44.138469],[-75.267021,44.138588],[-75.274318,44.141674],[-75.278228,44.143327],[-75.279354,44.143802],[-75.284656,44.146044],[-75.288326,44.147596],[-75.310133,44.156817],[-75.312031,44.157618],[-75.31594,44.159275],[-75.319687,44.161101],[-75.328201,44.165251],[-75.329723,44.165993],[-75.332313,44.167256],[-75.333122,44.167645],[-75.352757,44.176521],[-75.360801,44.180155],[-75.363184,44.181224],[-75.374648,44.186452],[-75.384007,44.190555],[-75.388516,44.192532],[-75.413334,44.203399],[-75.413919,44.203654],[-75.430436,44.210836],[-75.44604,44.217621],[-75.446124,44.217655],[-75.451733,44.220313],[-75.462552,44.225087],[-75.468295,44.227666],[-75.472315,44.22966],[-75.476583,44.231647],[-75.484355,44.235498],[-75.49737,44.241302],[-75.504564,44.244605],[-75.506095,44.245276],[-75.508437,44.246316],[-75.509752,44.246897],[-75.511391,44.247681],[-75.521757,44.25222],[-75.531188,44.256476],[-75.535299,44.258038],[-75.536484,44.258914],[-75.539878,44.260415],[-75.543445,44.262094],[-75.543504,44.262105],[-75.546727,44.263491],[-75.548223,44.264161],[-75.566889,44.272332],[-75.574729,44.275773],[-75.587525,44.281445],[-75.592943,44.283847],[-75.60396,44.288614],[-75.605675,44.289343],[-75.605917,44.289447],[-75.606219,44.289576],[-75.606582,44.289731],[-75.619061,44.295049],[-75.619466,44.295222],[-75.619849,44.295385],[-75.624891,44.297496],[-75.628517,44.299102],[-75.629537,44.299541],[-75.645151,44.306269],[-75.65691,44.311336],[-75.658765,44.312105],[-75.66094,44.313008],[-75.662729,44.31375],[-75.6706,44.317014],[-75.676061,44.31921],[-75.68434,44.322783],[-75.704249,44.331644],[-75.704657,44.331825],[-75.70605,44.33249],[-75.706673,44.332788],[-75.708548,44.333681],[-75.709333,44.334055],[-75.715239,44.336874],[-75.717829,44.33811],[-75.718963,44.338649],[-75.729378,44.343616],[-75.735137,44.346353],[-75.751221,44.353234],[-75.765562,44.359662],[-75.784311,44.368107],[-75.795606,44.373349],[-75.799477,44.375055],[-75.814189,44.381951],[-75.823424,44.386275],[-75.823782,44.386438],[-75.832127,44.390302],[-75.839732,44.393852],[-75.845612,44.396586],[-75.846341,44.396925],[-75.848198,44.397788],[-75.849256,44.39828],[-75.860046,44.403263],[-75.871496,44.394839],[-75.874676,44.392924],[-75.902168,44.375046],[-75.912985,44.368084],[-75.920859,44.368807],[-75.921719,44.368886],[-75.929465,44.359603],[-75.939664,44.355395],[-75.94954,44.349129],[-75.970178,44.342828],[-75.973059,44.343626],[-75.974438,44.345602],[-75.974833,44.346163],[-75.978276,44.346873],[-75.978598,44.346349],[-75.980405,44.346448],[-75.982394,44.347401],[-75.983334,44.347377],[-75.983714,44.347359],[-75.991437,44.347124],[-75.991537,44.347399],[-76.000998,44.347534],[-76.008361,44.343856],[-76.045224,44.33172],[-76.071013,44.315798],[-76.097351,44.299541],[-76.111931,44.298031],[-76.118136,44.29485],[-76.12467,44.295008],[-76.129198,44.29517],[-76.130884,44.296635],[-76.161825,44.280776],[-76.163711,44.250045],[-76.164258,44.239603],[-76.191324,44.221239],[-76.201805,44.216693],[-76.206774,44.214538],[-76.245487,44.203664],[-76.249661,44.204165],[-76.286546,44.203767],[-76.312639,44.199045],[-76.352679,44.134743],[-76.355674,44.133253],[-76.374672,44.123889],[-76.399665,44.112297],[-76.438287,44.094172],[-76.469673,44.045453],[-76.498927,44.000059],[-76.49967,43.999538],[-76.600096,43.875058],[-76.624682,43.845569],[-76.633617,43.83443],[-76.701286,43.750059],[-76.734725,43.708121],[-76.753538,43.684275],[-76.776233,43.629529],[-76.835231,43.629444],[-76.895914,43.629357],[-76.962071,43.629259],[-76.999264,43.629213],[-77.007679,43.629325],[-77.12471,43.631118],[-77.191697,43.630838],[-77.249715,43.630594],[-77.249715,43.63154],[-77.309145,43.631516],[-77.374797,43.631475],[-77.387995,43.631543],[-77.377199,43.375785],[-77.376215,43.345163],[-77.375862,43.296712],[-77.375952,43.286954],[-77.376046,43.276773],[-77.376046,43.276211],[-77.376055,43.269596],[-77.376016,43.267301],[-77.375939,43.263345],[-77.375804,43.255436],[-77.375782,43.253881],[-77.37577,43.253035],[-77.37562,43.243961],[-77.375574,43.240829],[-77.375559,43.23934],[-77.375456,43.233852],[-77.375411,43.230952],[-77.375334,43.225765],[-77.375305,43.224488],[-77.375288,43.223833],[-77.375302,43.223631],[-77.375294,43.223317],[-77.375264,43.222632],[-77.375264,43.221607],[-77.375257,43.219762],[-77.375223,43.217189],[-77.375223,43.21639],[-77.375215,43.215577],[-77.375137,43.209422],[-77.375077,43.203816],[-77.37508,43.20262],[-77.375048,43.196387],[-77.374992,43.193044],[-77.374688,43.188863],[-77.37471,43.182727],[-77.374706,43.178932],[-77.374548,43.172926],[-77.374555,43.167119],[-77.374533,43.16651],[-77.374573,43.160358],[-77.374521,43.159867],[-77.374351,43.152584],[-77.374178,43.145392],[-77.37417,43.145139],[-77.37398,43.139676],[-77.373949,43.138344],[-77.373577,43.131041],[-77.373483,43.127072],[-77.373313,43.12341],[-77.373244,43.122804],[-77.373272,43.122235],[-77.373224,43.1218],[-77.373124,43.116066],[-77.372955,43.108904],[-77.372926,43.107367],[-77.372868,43.105624],[-77.37269,43.099467],[-77.372622,43.097272],[-77.372573,43.095738],[-77.372215,43.086935],[-77.372003,43.077464],[-77.371972,43.075979],[-77.371972,43.075902],[-77.371983,43.075599],[-77.371969,43.075332],[-77.371734,43.064337],[-77.371717,43.062682],[-77.371584,43.053683],[-77.371482,43.047307],[-77.37142,43.043519],[-77.371364,43.039491],[-77.371457,43.037464],[-77.371441,43.037446],[-77.371478,43.034696],[-77.371377,43.027424],[-77.371343,43.025582],[-77.371257,43.01724],[-77.371202,43.012736],[-77.371179,43.010395],[-77.371148,43.003986],[-77.371087,42.995924],[-77.371085,42.99576],[-77.371026,42.98959],[-77.371025,42.984379],[-77.366065,42.986111],[-77.363405,42.986779],[-77.362016,42.983968],[-77.359583,42.979664],[-77.355463,42.974395],[-77.364941,42.974342],[-77.366721,42.97434],[-77.36676,42.97366],[-77.365041,42.973097],[-77.365169,42.971829],[-77.365192,42.971613],[-77.365232,42.969927],[-77.367104,42.969854],[-77.366916,42.968278],[-77.365178,42.968309],[-77.365133,42.967309],[-77.360744,42.967389],[-77.360723,42.966384],[-77.361592,42.966371],[-77.361566,42.964091],[-77.360071,42.964105],[-77.360066,42.963122],[-77.364315,42.963087],[-77.366192,42.963687],[-77.366821,42.961599],[-77.368756,42.961481],[-77.370604,42.961362],[-77.370559,42.95035],[-77.370591,42.944241],[-77.37469,42.944279],[-77.376501,42.944285],[-77.386714,42.944275],[-77.390068,42.944373],[-77.39762,42.944238],[-77.399005,42.944212],[-77.402863,42.944184],[-77.411707,42.944074],[-77.418135,42.944038],[-77.419697,42.944028],[-77.419973,42.943858],[-77.426224,42.943729],[-77.432237,42.943687],[-77.432727,42.943857],[-77.436446,42.943829],[-77.437391,42.943793],[-77.440662,42.943709],[-77.449447,42.943556],[-77.45509,42.943608],[-77.467905,42.943392],[-77.478656,42.943224],[-77.482517,42.943164],[-77.498365,42.943362],[-77.507051,42.943454],[-77.517555,42.943561],[-77.524565,42.943612],[-77.532555,42.943659],[-77.538365,42.943658],[-77.548005,42.943788],[-77.553942,42.943862],[-77.557343,42.943872],[-77.560383,42.943889],[-77.573959,42.943993],[-77.580205,42.943965],[-77.580377,42.943963],[-77.580576,42.943964],[-77.581232,42.943964],[-77.586868,42.944051],[-77.586941,42.944053],[-77.587051,42.944057],[-77.587077,42.944058],[-77.587155,42.944061],[-77.587233,42.944064],[-77.587386,42.944063],[-77.587845,42.944063],[-77.587916,42.944063],[-77.587999,42.944068],[-77.589851,42.944067],[-77.590262,42.944062],[-77.5934,42.944089],[-77.607321,42.944064],[-77.611962,42.944157],[-77.618042,42.944164],[-77.621885,42.944162],[-77.634901,42.944461],[-77.635022,42.944464],[-77.637522,42.939964],[-77.650976,42.940061],[-77.665975,42.940062],[-77.67042,42.940165],[-77.670815,42.940167],[-77.691099,42.940262],[-77.69134,42.940225],[-77.691854,42.940229],[-77.699478,42.940262],[-77.700317,42.940262],[-77.709031,42.940264],[-77.711686,42.940263],[-77.713241,42.940266],[-77.718698,42.940292],[-77.721991,42.940312],[-77.73411,42.940359],[-77.734384,42.940358],[-77.758595,42.940463],[-77.758727,42.940461],[-77.759052,42.940462],[-77.760615,42.942573],[-77.760736,42.942998],[-77.76039,42.943784],[-77.759418,42.944491],[-77.758449,42.944536],[-77.755466,42.944416],[-77.754634,42.944912],[-77.753184,42.945648],[-77.752545,42.94564],[-77.75019,42.944364],[-77.74772,42.944131],[-77.746371,42.944072],[-77.745424,42.944541],[-77.744637,42.944805],[-77.742646,42.944744],[-77.74124,42.945231],[-77.739987,42.946295],[-77.738493,42.94774],[-77.737554,42.947869],[-77.735226,42.94678],[-77.73375,42.94528],[-77.733124,42.945186],[-77.732378,42.945285],[-77.731671,42.946078],[-77.731181,42.946901],[-77.730858,42.948023],[-77.730907,42.948417],[-77.731661,42.949087],[-77.732903,42.950704],[-77.733128,42.951175],[-77.733674,42.953297],[-77.734469,42.954771],[-77.733891,42.955612],[-77.733004,42.955907],[-77.732568,42.955931],[-77.730302,42.955092],[-77.729904,42.954676],[-77.729596,42.953786],[-77.729125,42.953175],[-77.728407,42.953033],[-77.727682,42.954178],[-77.72698,42.955471],[-77.725747,42.957307],[-77.725352,42.958222],[-77.725032,42.959223],[-77.725554,42.963589],[-77.726199,42.965431],[-77.726199,42.965968],[-77.725764,42.966937],[-77.725094,42.968041],[-77.724643,42.969174],[-77.724506,42.969894],[-77.724586,42.971293],[-77.724328,42.971748],[-77.723409,42.972208],[-77.722449,42.972096],[-77.719925,42.971217],[-77.718837,42.971441],[-77.717884,42.972616],[-77.717828,42.973365],[-77.71815,42.97444],[-77.719352,42.977269],[-77.719866,42.978093],[-77.720748,42.979193],[-77.721635,42.979465],[-77.72274,42.979571],[-77.724942,42.979423],[-77.727734,42.979969],[-77.731474,42.980752],[-77.732457,42.981341],[-77.732941,42.981912],[-77.732319,42.983325],[-77.731875,42.984553],[-77.731553,42.987032],[-77.731319,42.987876],[-77.730957,42.988372],[-77.731126,42.98837],[-77.743163,42.988463],[-77.771622,42.98833],[-77.79167,42.988155],[-77.806914,42.988162],[-77.811695,42.988135],[-77.824583,42.988058],[-77.838062,42.988098],[-77.841599,42.988029],[-77.846364,42.98801],[-77.854286,42.987915],[-77.858507,42.98788],[-77.860076,42.987963],[-77.862213,42.987874],[-77.862491,42.987862],[-77.865829,42.987862],[-77.878331,42.987862],[-77.900154,42.987862],[-77.909832,42.987762],[-77.909748,42.990497],[-77.909632,42.994524],[-77.909421,43.002235],[-77.909418,43.002424],[-77.907991,43.002251],[-77.90754,43.002859],[-77.907382,43.005979],[-77.905707,43.023059],[-77.904561,43.023492],[-77.904796,43.02527],[-77.904828,43.029977],[-77.904823,43.030219],[-77.904722,43.032437],[-77.904121,43.037056],[-77.908666,43.037266],[-77.92578,43.038204],[-77.942927,43.039073],[-77.951044,43.039544],[-77.948233,43.045161],[-77.94702,43.047287],[-77.946799,43.047906],[-77.94633,43.049258],[-77.938925,43.06407],[-77.934152,43.074238],[-77.931167,43.080421],[-77.930079,43.083009],[-77.929004,43.085206],[-77.928513,43.086215],[-77.926585,43.090353],[-77.926565,43.090399],[-77.923824,43.096102],[-77.921165,43.10157],[-77.92044,43.103041],[-77.915093,43.114532],[-77.909266,43.126852],[-77.908122,43.129335],[-77.905934,43.133561],[-77.909805,43.13349],[-77.921799,43.133269],[-77.939361,43.132946],[-77.959875,43.132864],[-77.966717,43.132845],[-77.977247,43.133043],[-77.987306,43.132838],[-77.9888,43.133107],[-77.99729,43.132981],[-77.997248,43.136519],[-77.997099,43.144716],[-77.996864,43.148865],[-77.997103,43.158739],[-77.997137,43.176122],[-77.997053,43.197714],[-77.997074,43.198925],[-77.997031,43.202927],[-77.996983,43.209042],[-77.996938,43.213614],[-77.996904,43.214923],[-77.99691,43.217765],[-77.996899,43.219521],[-77.996869,43.220645],[-77.996932,43.221297],[-77.996937,43.221689],[-77.996891,43.22413],[-77.996872,43.22721],[-77.996857,43.230375],[-77.996831,43.231255],[-77.996817,43.231807],[-77.996747,43.240057],[-77.996634,43.250626],[-77.996558,43.254384],[-77.996543,43.254769],[-77.996285,43.266582],[-77.996206,43.269448],[-77.996178,43.270272],[-77.995698,43.284963],[-77.995665,43.287448],[-77.995486,43.297217],[-77.99549,43.297772],[-77.995466,43.298463],[-77.995427,43.301926],[-77.995243,43.315456],[-77.995237,43.319093],[-77.995213,43.320974],[-77.99523,43.322678],[-77.995234,43.323513],[-77.995212,43.328083],[-77.995212,43.328929],[-77.995161,43.343375],[-77.995235,43.350263],[-77.995305,43.355545],[-77.995488,43.360794],[-77.995498,43.361183],[-77.995628,43.364569],[-77.99561,43.365053],[-77.995503,43.366265],[-77.994777,43.375058],[-77.994018,43.500058],[-77.993957,43.500058],[-77.99395,43.625058],[-77.993982,43.631234],[-77.999739,43.631287],[-78.038652,43.631251],[-78.117781,43.631181],[-78.128812,43.631194],[-78.193967,43.631503],[-78.249744,43.631766],[-78.269122,43.631817],[-78.367448,43.632062],[-78.374749,43.632092],[-78.374749,43.633178],[-78.388822,43.633215],[-78.468711,43.633428],[-78.499752,43.633519],[-78.508467,43.633604],[-78.624745,43.634799],[-78.688295,43.634742],[-78.701731,43.629441],[-78.711567,43.625413],[-78.749761,43.609258],[-78.775043,43.600457],[-78.874247,43.565946],[-78.998166,43.5225],[-79.063719,43.50002],[-79.12477,43.478464],[-79.172346,43.460929],[-79.200936,43.450422],[-79.148772,43.375055],[-79.124757,43.340422],[-79.105302,43.312555],[-79.075855,43.270168],[-79.070452,43.262455],[-79.05606,43.254156],[-79.056052,43.253618],[-79.055858,43.238554],[-79.05564,43.237576],[-79.052858,43.222055],[-79.054275,43.218436],[-79.057058,43.210654],[-79.048658,43.199655],[-79.050316,43.192846],[-79.052567,43.183655],[-79.052816,43.179797],[-79.052925,43.17346],[-79.052611,43.172775],[-79.04837,43.16455],[-79.046538,43.16232],[-79.044522,43.153082],[-79.044505,43.153001],[-79.042931,43.149643],[-79.042357,43.143654],[-79.044057,43.138049],[-79.04946,43.13505],[-79.052055,43.132055],[-79.051034,43.132055],[-79.049216,43.132099],[-79.048965,43.132099],[-79.046864,43.132029],[-79.045806,43.131935],[-79.041921,43.132414],[-79.040877,43.13239],[-79.040308,43.132386],[-79.037384,43.132356],[-79.030756,43.132139],[-79.029718,43.132105],[-79.024038,43.131811],[-79.019325,43.131727],[-79.019005,43.131645],[-79.008574,43.131646],[-79.006084,43.131584],[-79.004038,43.131648],[-79.001063,43.131776],[-78.998086,43.131748],[-78.99685,43.131754],[-78.995345,43.131766],[-78.993796,43.131756],[-78.977059,43.13204],[-78.976356,43.132053],[-78.974683,43.132137],[-78.967976,43.132293],[-78.965955,43.132331],[-78.951493,43.132411],[-78.950826,43.132391],[-78.942224,43.132504],[-78.942358,43.127439],[-78.942156,43.125448],[-78.942205,43.121463],[-78.942108,43.121469],[-78.938983,43.121533],[-78.935017,43.1215],[-78.933081,43.121488],[-78.930931,43.121475],[-78.926838,43.121446],[-78.922987,43.121407],[-78.920964,43.121395],[-78.91719,43.121379],[-78.889891,43.121269],[-78.884977,43.121259],[-78.883373,43.121259],[-78.870178,43.121274],[-78.870004,43.116125],[-78.858907,43.116174],[-78.837332,43.1163],[-78.824373,43.116231],[-78.824358,43.115834],[-78.824352,43.115677],[-78.823995,43.106417],[-78.823541,43.091496],[-78.823337,43.084944],[-78.823305,43.083917],[-78.82328,43.083346],[-78.823135,43.08005],[-78.8231,43.079089],[-78.823007,43.076673],[-78.822776,43.069713],[-78.822663,43.066022],[-78.82266,43.065782],[-78.822475,43.0576],[-78.822385,43.052448],[-78.822261,43.05171],[-78.822357,43.051557],[-78.813845,43.051665],[-78.806821,43.053626],[-78.804624,43.055187],[-78.804403,43.055796],[-78.80505,43.057246],[-78.806483,43.058572],[-78.806912,43.059457],[-78.807076,43.060243],[-78.807122,43.061139],[-78.806817,43.062297],[-78.806143,43.063181],[-78.804515,43.064426],[-78.802051,43.065781],[-78.800759,43.066272],[-78.799571,43.066435],[-78.798525,43.066176],[-78.797505,43.066161],[-78.790303,43.066344],[-78.786851,43.066557],[-78.78647,43.06656],[-78.783669,43.066184],[-78.782387,43.065871],[-78.77858,43.065415],[-78.777644,43.065496],[-78.774272,43.066818],[-78.773074,43.067812],[-78.77237,43.068545],[-78.770784,43.069539],[-78.769027,43.070027],[-78.763582,43.070338],[-78.759141,43.070928],[-78.757653,43.07086],[-78.755487,43.070077],[-78.75374,43.069459],[-78.751257,43.069256],[-78.747656,43.069655],[-78.747118,43.069435],[-78.745354,43.069786],[-78.744015,43.070376],[-78.743185,43.07095],[-78.742508,43.07177],[-78.741176,43.074338],[-78.741249,43.074854],[-78.737663,43.078256],[-78.7367,43.080285],[-78.736157,43.081797],[-78.735748,43.08247],[-78.735168,43.083031],[-78.733606,43.084219],[-78.730774,43.085007],[-78.727647,43.08622],[-78.724014,43.085461],[-78.721748,43.083641],[-78.720449,43.081438],[-78.719048,43.081055],[-78.717133,43.081802],[-78.715942,43.08289],[-78.71418,43.083199],[-78.711746,43.082352],[-78.709625,43.08252],[-78.708193,43.084208],[-78.707893,43.086555],[-78.707024,43.086983],[-78.703079,43.086643],[-78.699478,43.086884],[-78.696906,43.086337],[-78.695625,43.086681],[-78.692772,43.088177],[-78.690872,43.088642],[-78.688866,43.087708],[-78.687408,43.086464],[-78.687309,43.084488],[-78.684212,43.081047],[-78.681808,43.080269],[-78.68026,43.081448],[-78.680107,43.083],[-78.679253,43.084839],[-78.676239,43.084003],[-78.674518,43.083941],[-78.666733,43.085364],[-78.664711,43.086399],[-78.663353,43.086357],[-78.658485,43.085175],[-78.654869,43.082867],[-78.650574,43.082111],[-78.648392,43.080589],[-78.646561,43.080791],[-78.645981,43.081562],[-78.646683,43.083977],[-78.646608,43.085602],[-78.648582,43.086475],[-78.648995,43.087287],[-78.647392,43.089622],[-78.646721,43.089771],[-78.643311,43.088207],[-78.641753,43.088583],[-78.640823,43.089535],[-78.640762,43.090668],[-78.64212,43.094585],[-78.64212,43.096878],[-78.640732,43.097275],[-78.638344,43.09568],[-78.636681,43.093426],[-78.636071,43.093273],[-78.634155,43.094128],[-78.631027,43.094128],[-78.630077,43.093546],[-78.63089,43.091591],[-78.632683,43.090961],[-78.629556,43.088562],[-78.628992,43.086669],[-78.626671,43.08511],[-78.623329,43.084988],[-78.621364,43.085585],[-78.620461,43.08709],[-78.618881,43.087444],[-78.617572,43.086553],[-78.616615,43.084991],[-78.615242,43.084522],[-78.612511,43.083645],[-78.61277,43.082268],[-78.614365,43.080826],[-78.616158,43.080177],[-78.61721,43.077892],[-78.615486,43.076698],[-78.616295,43.07497],[-78.616074,43.0742],[-78.614174,43.074291],[-78.613579,43.075165],[-78.612053,43.076248],[-78.612605,43.077315],[-78.611916,43.077881],[-78.609669,43.076505],[-78.607018,43.075592],[-78.605904,43.075584],[-78.603745,43.076481],[-78.601479,43.076435],[-78.601479,43.075863],[-78.604222,43.073983],[-78.60685,43.073357],[-78.606544,43.072674],[-78.603989,43.072025],[-78.602303,43.072453],[-78.601318,43.073936],[-78.600929,43.072498],[-78.599274,43.072048],[-78.597229,43.072227],[-78.594849,43.072273],[-78.595306,43.069641],[-78.59404,43.0695],[-78.592522,43.070393],[-78.591949,43.071365],[-78.5915,43.073916],[-78.590904,43.076157],[-78.588005,43.074589],[-78.586914,43.07304],[-78.586273,43.073048],[-78.583101,43.074785],[-78.582577,43.075359],[-78.584099,43.075958],[-78.584114,43.076859],[-78.58213,43.077499],[-78.580193,43.08017],[-78.582123,43.0825],[-78.58448,43.083729],[-78.585089,43.084574],[-78.584557,43.086655],[-78.582497,43.088654],[-78.581253,43.088787],[-78.580231,43.087547],[-78.578583,43.087994],[-78.578201,43.087498],[-78.579208,43.085228],[-78.577271,43.084141],[-78.578178,43.082664],[-78.576637,43.081707],[-78.576715,43.080313],[-78.576065,43.079758],[-78.57431,43.080208],[-78.572372,43.08205],[-78.574165,43.082409],[-78.574738,43.083149],[-78.57531,43.085739],[-78.574333,43.08712],[-78.576248,43.088791],[-78.571411,43.088379],[-78.569542,43.088608],[-78.567902,43.087963],[-78.565323,43.088219],[-78.564484,43.088894],[-78.563907,43.091527],[-78.563011,43.093643],[-78.564064,43.094635],[-78.561011,43.096972],[-78.558731,43.097214],[-78.557632,43.095081],[-78.555203,43.095375],[-78.554893,43.094913],[-78.557388,43.093845],[-78.559204,43.091705],[-78.560875,43.090405],[-78.56015,43.089935],[-78.555428,43.091446],[-78.555145,43.092419],[-78.553458,43.092224],[-78.551097,43.092752],[-78.549767,43.093681],[-78.549156,43.095055],[-78.550171,43.096588],[-78.547577,43.097446],[-78.545998,43.098694],[-78.544373,43.096645],[-78.541908,43.096478],[-78.542091,43.095158],[-78.541267,43.093349],[-78.543488,43.092762],[-78.544182,43.093266],[-78.546394,43.093285],[-78.547462,43.091751],[-78.546822,43.090065],[-78.545403,43.09045],[-78.544662,43.0895],[-78.542625,43.088802],[-78.542923,43.090153],[-78.542282,43.091099],[-78.540443,43.090092],[-78.540482,43.088299],[-78.542114,43.088089],[-78.540146,43.087166],[-78.54,43.08567],[-78.537987,43.086075],[-78.539078,43.086571],[-78.538292,43.087421],[-78.536858,43.086819],[-78.53627,43.085491],[-78.534431,43.086182],[-78.533148,43.087925],[-78.531952,43.088593],[-78.531395,43.087349],[-78.528244,43.08857],[-78.528976,43.090115],[-78.52697,43.090363],[-78.526672,43.088966],[-78.528069,43.088299],[-78.526222,43.087612],[-78.525337,43.088032],[-78.522263,43.08815],[-78.522377,43.089561],[-78.521309,43.08979],[-78.52079,43.088799],[-78.518551,43.089641],[-78.515823,43.090542],[-78.514099,43.090363],[-78.51403,43.09137],[-78.515785,43.091507],[-78.515099,43.09285],[-78.514839,43.094875],[-78.513245,43.094654],[-78.511612,43.095592],[-78.510559,43.097816],[-78.509719,43.097553],[-78.509987,43.096863],[-78.508461,43.096279],[-78.509285,43.094009],[-78.508591,43.093288],[-78.507469,43.094185],[-78.504562,43.093822],[-78.503726,43.093238],[-78.503479,43.091415],[-78.504745,43.092903],[-78.506119,43.093071],[-78.505173,43.091602],[-78.506088,43.089687],[-78.505043,43.090084],[-78.503128,43.088715],[-78.500724,43.089062],[-78.500977,43.088089],[-78.502696,43.08728],[-78.5028,43.086575],[-78.500725,43.086021],[-78.498215,43.087055],[-78.496887,43.086445],[-78.498238,43.084404],[-78.499321,43.084053],[-78.49938,43.083134],[-78.497879,43.083023],[-78.497849,43.082033],[-78.496498,43.081751],[-78.493752,43.082592],[-78.492439,43.081966],[-78.492736,43.083997],[-78.491646,43.083955],[-78.488945,43.08271],[-78.486664,43.085014],[-78.484668,43.086163],[-78.482819,43.085773],[-78.481766,43.085346],[-78.481621,43.083778],[-78.478027,43.084816],[-78.47693,43.084729],[-78.476677,43.086246],[-78.475227,43.086048],[-78.475471,43.085045],[-78.474152,43.084648],[-78.47464,43.082788],[-78.471916,43.084202],[-78.472633,43.081829],[-78.472038,43.08152],[-78.469736,43.082797],[-78.468469,43.08394],[-78.465157,43.085968],[-78.46772,43.087029],[-78.46801,43.087723],[-78.465347,43.088039],[-78.464449,43.088703],[-78.464229,43.080303],[-78.464252,43.079132],[-78.464264,43.067711],[-78.464245,43.064958],[-78.464133,43.054395],[-78.463838,43.041891],[-78.463644,43.039318],[-78.463484,43.032991],[-78.463238,43.022088],[-78.463053,43.013364],[-78.463144,43.009678],[-78.463229,43.006479],[-78.46338,43.002158],[-78.463544,42.997956],[-78.463841,42.986061],[-78.46385,42.985742],[-78.46424,42.9763],[-78.464235,42.973865],[-78.464314,42.965469],[-78.464333,42.960497],[-78.464269,42.955181],[-78.464231,42.954555],[-78.464249,42.948486],[-78.464241,42.946698],[-78.464051,42.938289],[-78.464005,42.934338],[-78.463889,42.924501],[-78.463887,42.924325],[-78.46386,42.921866],[-78.46385,42.920604],[-78.463856,42.901024],[-78.463855,42.899909],[-78.463919,42.895133],[-78.463946,42.893781],[-78.464067,42.88681],[-78.464086,42.886152],[-78.464202,42.878056],[-78.464287,42.873251],[-78.464381,42.867461],[-78.479672,42.867594],[-78.486256,42.867731],[-78.486153,42.861532],[-78.486249,42.85733],[-78.48639,42.849678],[-78.486465,42.846323],[-78.486591,42.841144],[-78.486798,42.832586],[-78.486799,42.832556],[-78.486999,42.824183],[-78.487028,42.823431],[-78.487273,42.813431],[-78.487553,42.803949],[-78.487676,42.79924],[-78.487948,42.788442],[-78.48807,42.783536],[-78.488118,42.781571],[-78.488143,42.78066],[-78.483501,42.780623],[-78.463233,42.780461],[-78.463467,42.769637],[-78.463431,42.763904],[-78.463447,42.761594],[-78.463442,42.75388],[-78.463417,42.748263],[-78.463538,42.737077],[-78.463562,42.733896],[-78.463605,42.729411],[-78.463642,42.725591],[-78.463652,42.724605],[-78.46367,42.722683],[-78.463687,42.720959],[-78.463698,42.717874],[-78.463719,42.715984],[-78.463743,42.711059],[-78.463814,42.698904],[-78.463801,42.693918],[-78.463743,42.690842],[-78.463669,42.679463],[-78.463636,42.678378],[-78.46339,42.666462],[-78.462848,42.64829],[-78.462567,42.640836],[-78.462549,42.639339],[-78.462045,42.62503],[-78.462165,42.620232],[-78.46223,42.616736],[-78.46237,42.606545],[-78.462519,42.595802],[-78.462656,42.587488],[-78.462744,42.581548],[-78.462938,42.568462],[-78.463474,42.551471],[-78.463737,42.542585],[-78.463773,42.541557],[-78.46394,42.536332],[-78.464054,42.530664],[-78.464228,42.524986],[-78.464343,42.522521],[-78.464556,42.519166],[-78.461565,42.519193],[-78.447033,42.519214],[-78.446849,42.519215],[-78.446626,42.519215],[-78.432746,42.51922],[-78.424533,42.519226],[-78.41279,42.519271],[-78.404313,42.519321],[-78.404198,42.51943],[-78.402266,42.519641],[-78.388383,42.519923],[-78.384501,42.52003],[-78.362416,42.5204],[-78.35806,42.520481],[-78.343961,42.520682],[-78.343469,42.520692],[-78.34128,42.520746],[-78.329336,42.520931],[-78.308839,42.521217],[-78.297231,42.521352],[-78.278737,42.521472],[-78.276152,42.521495],[-78.25189,42.521601],[-78.248759,42.521711],[-78.238481,42.521723],[-78.235131,42.521535],[-78.224693,42.52161],[-78.221683,42.521758],[-78.204679,42.521764],[-78.200307,42.521652],[-78.196442,42.52148],[-78.190337,42.52144],[-78.171247,42.521419],[-78.163703,42.521411],[-78.163035,42.521409],[-78.148083,42.521391],[-78.145346,42.521388],[-78.13345,42.521374],[-78.128068,42.521367],[-78.11821,42.521321],[-78.117993,42.521321],[-78.106992,42.52125],[-78.095951,42.521179],[-78.09574,42.521178],[-78.088914,42.521135],[-78.086022,42.521117],[-78.051724,42.520982],[-78.040241,42.520968],[-78.038261,42.521522],[-78.042195,42.518933],[-78.043418,42.518464],[-78.042604,42.518462],[-78.038279,42.518467],[-78.02191,42.518486],[-78.000184,42.518514],[-77.985004,42.518466],[-77.964386,42.518399],[-77.955896,42.518373],[-77.954956,42.518369],[-77.954578,42.518368],[-77.949127,42.518351],[-77.942942,42.518331],[-77.936486,42.518311],[-77.921361,42.518263],[-77.916379,42.518306],[-77.911003,42.518229],[-77.903624,42.518182],[-77.898946,42.518107],[-77.896193,42.51808],[-77.892569,42.518084],[-77.891254,42.518096],[-77.890338,42.518101],[-77.877945,42.518041],[-77.874722,42.518115],[-77.866349,42.518029],[-77.856889,42.517931],[-77.84669,42.517828],[-77.840694,42.517771],[-77.840717,42.517022],[-77.840632,42.502128],[-77.84067,42.499893],[-77.840409,42.483885],[-77.840231,42.474576],[-77.811922,42.473687],[-77.77987,42.472679],[-77.777281,42.472522],[-77.767573,42.472246],[-77.756492,42.471911],[-77.756078,42.471899],[-77.751401,42.47187],[-77.745546,42.471647],[-77.743581,42.471609],[-77.730276,42.471355],[-77.722964,42.471216],[-77.722673,42.47971],[-77.722111,42.496812],[-77.721985,42.499829],[-77.721395,42.514123],[-77.721118,42.52157],[-77.720872,42.528139],[-77.720617,42.535066],[-77.706915,42.534636],[-77.704369,42.534592],[-77.703858,42.535313],[-77.697063,42.535067],[-77.695221,42.535067],[-77.691349,42.535067],[-77.688323,42.535067],[-77.686444,42.535069],[-77.681105,42.535067],[-77.678728,42.535064],[-77.668651,42.535067],[-77.667691,42.535066],[-77.666966,42.535066],[-77.661315,42.535067],[-77.66122,42.538128],[-77.660942,42.547146],[-77.660931,42.54749],[-77.660887,42.548808],[-77.660885,42.548859],[-77.66088,42.549015],[-77.660879,42.549067],[-77.660831,42.55083],[-77.660837,42.552344],[-77.66064,42.556233],[-77.660457,42.559279],[-77.66036,42.566024],[-77.66004,42.576432],[-77.659917,42.580409],[-77.654259,42.580394],[-77.650847,42.580369],[-77.643365,42.580326],[-77.639827,42.580302],[-77.637911,42.580295],[-77.6375,42.580305],[-77.624269,42.580161],[-77.62145,42.579858],[-77.620457,42.580164],[-77.614525,42.580058],[-77.607799,42.579949],[-77.606327,42.580042],[-77.60579,42.580073],[-77.605569,42.580079],[-77.605369,42.580066],[-77.605203,42.580044],[-77.604967,42.579976],[-77.604828,42.579921],[-77.60282,42.579867],[-77.588975,42.579572],[-77.586912,42.579518],[-77.5837,42.579439],[-77.574741,42.579193],[-77.562074,42.578894],[-77.553044,42.578695],[-77.539675,42.578399],[-77.534666,42.578289],[-77.533245,42.578274],[-77.50274,42.577585],[-77.502594,42.577582],[-77.497387,42.577457],[-77.493321,42.577353],[-77.490889,42.577288],[-77.490595,42.577282],[-77.485171,42.577214],[-77.482674,42.577187],[-77.473903,42.577092],[-77.459575,42.576937],[-77.455632,42.576895],[-77.451932,42.576859],[-77.445871,42.576789],[-77.445766,42.576871],[-77.443179,42.576829],[-77.441697,42.576866],[-77.441588,42.576754],[-77.423093,42.576637]]]]}},{"type":"Feature","properties":{"id":25,"NAME":"25","TotalPop":776971,"PopDevPct":-1.5e-7,"DemPct":0.58677347,"RepPct":0.40201097,"WhitePct":0.70748249,"MinorityPct":0.29251751,"BlackPct":0.15495282,"HispanicPct":0.0790822,"PacificPct":0.00124617,"AsianPct":0.04924535,"NativePct":0.01454991,"TotalVAP":618698,"Margin":0.08677347,"color":"#2020ff","opacity":"0.5"},"geometry":{"type":"MultiPolygon","coordinates":[[[[-77.948233,43.045161],[-77.951044,43.039544],[-77.942927,43.039073],[-77.92578,43.038204],[-77.908666,43.037266],[-77.904121,43.037056],[-77.904722,43.032437],[-77.904823,43.030219],[-77.904828,43.029977],[-77.904796,43.02527],[-77.904561,43.023492],[-77.905707,43.023059],[-77.907382,43.005979],[-77.90754,43.002859],[-77.907991,43.002251],[-77.909418,43.002424],[-77.909421,43.002235],[-77.909632,42.994524],[-77.909748,42.990497],[-77.909832,42.987762],[-77.900154,42.987862],[-77.878331,42.987862],[-77.865829,42.987862],[-77.862491,42.987862],[-77.862213,42.987874],[-77.860076,42.987963],[-77.858507,42.98788],[-77.854286,42.987915],[-77.846364,42.98801],[-77.841599,42.988029],[-77.838062,42.988098],[-77.824583,42.988058],[-77.811695,42.988135],[-77.806914,42.988162],[-77.79167,42.988155],[-77.771622,42.98833],[-77.743163,42.988463],[-77.731126,42.98837],[-77.730957,42.988372],[-77.731319,42.987876],[-77.731553,42.987032],[-77.731875,42.984553],[-77.732319,42.983325],[-77.732941,42.981912],[-77.732457,42.981341],[-77.731474,42.980752],[-77.727734,42.979969],[-77.724942,42.979423],[-77.72274,42.979571],[-77.721635,42.979465],[-77.720748,42.979193],[-77.719866,42.978093],[-77.719352,42.977269],[-77.71815,42.97444],[-77.717828,42.973365],[-77.717884,42.972616],[-77.718837,42.971441],[-77.719925,42.971217],[-77.722449,42.972096],[-77.723409,42.972208],[-77.724328,42.971748],[-77.724586,42.971293],[-77.724506,42.969894],[-77.724643,42.969174],[-77.725094,42.968041],[-77.725764,42.966937],[-77.726199,42.965968],[-77.726199,42.965431],[-77.725554,42.963589],[-77.725032,42.959223],[-77.725352,42.958222],[-77.725747,42.957307],[-77.72698,42.955471],[-77.727682,42.954178],[-77.728407,42.953033],[-77.729125,42.953175],[-77.729596,42.953786],[-77.729904,42.954676],[-77.730302,42.955092],[-77.732568,42.955931],[-77.733004,42.955907],[-77.733891,42.955612],[-77.734469,42.954771],[-77.733674,42.953297],[-77.733128,42.951175],[-77.732903,42.950704],[-77.731661,42.949087],[-77.730907,42.948417],[-77.730858,42.948023],[-77.731181,42.946901],[-77.731671,42.946078],[-77.732378,42.945285],[-77.733124,42.945186],[-77.73375,42.94528],[-77.735226,42.94678],[-77.737554,42.947869],[-77.738493,42.94774],[-77.739987,42.946295],[-77.74124,42.945231],[-77.742646,42.944744],[-77.744637,42.944805],[-77.745424,42.944541],[-77.746371,42.944072],[-77.74772,42.944131],[-77.75019,42.944364],[-77.752545,42.94564],[-77.753184,42.945648],[-77.754634,42.944912],[-77.755466,42.944416],[-77.758449,42.944536],[-77.759418,42.944491],[-77.76039,42.943784],[-77.760736,42.942998],[-77.760615,42.942573],[-77.759052,42.940462],[-77.758727,42.940461],[-77.758595,42.940463],[-77.734384,42.940358],[-77.73411,42.940359],[-77.721991,42.940312],[-77.718698,42.940292],[-77.713241,42.940266],[-77.711686,42.940263],[-77.709031,42.940264],[-77.700317,42.940262],[-77.699478,42.940262],[-77.691854,42.940229],[-77.69134,42.940225],[-77.691099,42.940262],[-77.670815,42.940167],[-77.67042,42.940165],[-77.665975,42.940062],[-77.650976,42.940061],[-77.637522,42.939964],[-77.635022,42.944464],[-77.634901,42.944461],[-77.621885,42.944162],[-77.618042,42.944164],[-77.611962,42.944157],[-77.607321,42.944064],[-77.5934,42.944089],[-77.590262,42.944062],[-77.589851,42.944067],[-77.587999,42.944068],[-77.587916,42.944063],[-77.587845,42.944063],[-77.587386,42.944063],[-77.587233,42.944064],[-77.587155,42.944061],[-77.587077,42.944058],[-77.587051,42.944057],[-77.586941,42.944053],[-77.586868,42.944051],[-77.581232,42.943964],[-77.580576,42.943964],[-77.580377,42.943963],[-77.580205,42.943965],[-77.573959,42.943993],[-77.560383,42.943889],[-77.557343,42.943872],[-77.553942,42.943862],[-77.548005,42.943788],[-77.538365,42.943658],[-77.532555,42.943659],[-77.524565,42.943612],[-77.517555,42.943561],[-77.507051,42.943454],[-77.498365,42.943362],[-77.482517,42.943164],[-77.478656,42.943224],[-77.467905,42.943392],[-77.45509,42.943608],[-77.449447,42.943556],[-77.440662,42.943709],[-77.437391,42.943793],[-77.436446,42.943829],[-77.432727,42.943857],[-77.432237,42.943687],[-77.426224,42.943729],[-77.419973,42.943858],[-77.419697,42.944028],[-77.418135,42.944038],[-77.411707,42.944074],[-77.402863,42.944184],[-77.399005,42.944212],[-77.39762,42.944238],[-77.390068,42.944373],[-77.386714,42.944275],[-77.376501,42.944285],[-77.37469,42.944279],[-77.370591,42.944241],[-77.370559,42.95035],[-77.370604,42.961362],[-77.368756,42.961481],[-77.366821,42.961599],[-77.366192,42.963687],[-77.364315,42.963087],[-77.360066,42.963122],[-77.360071,42.964105],[-77.361566,42.964091],[-77.361592,42.966371],[-77.360723,42.966384],[-77.360744,42.967389],[-77.365133,42.967309],[-77.365178,42.968309],[-77.366916,42.968278],[-77.367104,42.969854],[-77.365232,42.969927],[-77.365192,42.971613],[-77.365169,42.971829],[-77.365041,42.973097],[-77.36676,42.97366],[-77.366721,42.97434],[-77.364941,42.974342],[-77.355463,42.974395],[-77.359583,42.979664],[-77.362016,42.983968],[-77.363405,42.986779],[-77.366065,42.986111],[-77.371025,42.984379],[-77.371026,42.98959],[-77.371085,42.99576],[-77.371087,42.995924],[-77.371148,43.003986],[-77.371179,43.010395],[-77.371202,43.012736],[-77.371257,43.01724],[-77.371343,43.025582],[-77.371377,43.027424],[-77.371478,43.034696],[-77.371441,43.037446],[-77.371457,43.037464],[-77.371364,43.039491],[-77.37142,43.043519],[-77.371482,43.047307],[-77.371584,43.053683],[-77.371717,43.062682],[-77.371734,43.064337],[-77.371969,43.075332],[-77.371983,43.075599],[-77.371972,43.075902],[-77.371972,43.075979],[-77.372003,43.077464],[-77.372215,43.086935],[-77.372573,43.095738],[-77.372622,43.097272],[-77.37269,43.099467],[-77.372868,43.105624],[-77.372926,43.107367],[-77.372955,43.108904],[-77.373124,43.116066],[-77.373224,43.1218],[-77.373272,43.122235],[-77.373244,43.122804],[-77.373313,43.12341],[-77.373483,43.127072],[-77.373577,43.131041],[-77.373949,43.138344],[-77.37398,43.139676],[-77.37417,43.145139],[-77.374178,43.145392],[-77.374351,43.152584],[-77.374521,43.159867],[-77.374573,43.160358],[-77.374533,43.16651],[-77.374555,43.167119],[-77.374548,43.172926],[-77.374706,43.178932],[-77.37471,43.182727],[-77.374688,43.188863],[-77.374992,43.193044],[-77.375048,43.196387],[-77.37508,43.20262],[-77.375077,43.203816],[-77.375137,43.209422],[-77.375215,43.215577],[-77.375223,43.21639],[-77.375223,43.217189],[-77.375257,43.219762],[-77.375264,43.221607],[-77.375264,43.222632],[-77.375294,43.223317],[-77.375302,43.223631],[-77.375288,43.223833],[-77.375305,43.224488],[-77.375334,43.225765],[-77.375411,43.230952],[-77.375456,43.233852],[-77.375559,43.23934],[-77.375574,43.240829],[-77.37562,43.243961],[-77.37577,43.253035],[-77.375782,43.253881],[-77.375804,43.255436],[-77.375939,43.263345],[-77.376016,43.267301],[-77.376055,43.269596],[-77.376046,43.276211],[-77.376046,43.276773],[-77.375952,43.286954],[-77.375862,43.296712],[-77.376215,43.345163],[-77.377199,43.375785],[-77.387995,43.631543],[-77.499725,43.632084],[-77.530969,43.631954],[-77.601682,43.631658],[-77.696302,43.631262],[-77.747622,43.631421],[-77.802641,43.631478],[-77.874735,43.631471],[-77.993982,43.631234],[-77.99395,43.625058],[-77.993957,43.500058],[-77.994018,43.500058],[-77.994777,43.375058],[-77.995503,43.366265],[-77.99561,43.365053],[-77.995628,43.364569],[-77.995498,43.361183],[-77.995488,43.360794],[-77.995305,43.355545],[-77.995235,43.350263],[-77.995161,43.343375],[-77.995212,43.328929],[-77.995212,43.328083],[-77.995234,43.323513],[-77.99523,43.322678],[-77.995213,43.320974],[-77.995237,43.319093],[-77.995243,43.315456],[-77.995427,43.301926],[-77.995466,43.298463],[-77.99549,43.297772],[-77.995486,43.297217],[-77.995665,43.287448],[-77.995698,43.284963],[-77.996178,43.270272],[-77.996206,43.269448],[-77.996285,43.266582],[-77.996543,43.254769],[-77.996558,43.254384],[-77.996634,43.250626],[-77.996747,43.240057],[-77.996817,43.231807],[-77.996831,43.231255],[-77.996857,43.230375],[-77.996872,43.22721],[-77.996891,43.22413],[-77.996937,43.221689],[-77.996932,43.221297],[-77.996869,43.220645],[-77.996899,43.219521],[-77.99691,43.217765],[-77.996904,43.214923],[-77.996938,43.213614],[-77.996983,43.209042],[-77.997031,43.202927],[-77.997074,43.198925],[-77.997053,43.197714],[-77.997137,43.176122],[-77.997103,43.158739],[-77.996864,43.148865],[-77.997099,43.144716],[-77.997248,43.136519],[-77.99729,43.132981],[-77.9888,43.133107],[-77.987306,43.132838],[-77.977247,43.133043],[-77.966717,43.132845],[-77.959875,43.132864],[-77.939361,43.132946],[-77.921799,43.133269],[-77.909805,43.13349],[-77.905934,43.133561],[-77.908122,43.129335],[-77.909266,43.126852],[-77.915093,43.114532],[-77.92044,43.103041],[-77.921165,43.10157],[-77.923824,43.096102],[-77.926565,43.090399],[-77.926585,43.090353],[-77.928513,43.086215],[-77.929004,43.085206],[-77.930079,43.083009],[-77.931167,43.080421],[-77.934152,43.074238],[-77.938925,43.06407],[-77.94633,43.049258],[-77.946799,43.047906],[-77.94702,43.047287],[-77.948233,43.045161]]]]}},{"type":"Feature","properties":{"id":26,"NAME":"26","TotalPop":776767,"PopDevPct":-0.00026271,"DemPct":0.58905634,"RepPct":0.39601112,"WhitePct":0.68533083,"MinorityPct":0.31466917,"BlackPct":0.18383685,"HispanicPct":0.06056576,"PacificPct":0.00104555,"AsianPct":0.05926165,"NativePct":0.01614861,"TotalVAP":618815,"Margin":0.08905634,"color":"#2020ff","opacity":"0.5"},"geometry":{"type":"MultiPolygon","coordinates":[[[[-78.697028,42.950775],[-78.697027,42.95104],[-78.697021,42.952424],[-78.697017,42.956466],[-78.696948,42.959301],[-78.696882,42.962307],[-78.696919,42.965264],[-78.69692,42.9653],[-78.696924,42.971021],[-78.696921,42.971707],[-78.69693,42.975289],[-78.696875,42.976994],[-78.696899,42.978192],[-78.696925,42.981468],[-78.69695,42.989289],[-78.69693,42.995974],[-78.69692,43.000011],[-78.696921,43.000239],[-78.696924,43.004833],[-78.696927,43.007194],[-78.696937,43.011124],[-78.696941,43.013333],[-78.69695,43.016563],[-78.696952,43.017113],[-78.696937,43.018604],[-78.696936,43.022963],[-78.696936,43.023211],[-78.696922,43.0274],[-78.696937,43.030334],[-78.696946,43.0334],[-78.69695,43.034794],[-78.696949,43.035203],[-78.696942,43.038409],[-78.696942,43.038607],[-78.696918,43.043992],[-78.69691,43.047065],[-78.696908,43.04839],[-78.696913,43.057726],[-78.696927,43.058331],[-78.696933,43.059234],[-78.696896,43.067773],[-78.696866,43.082344],[-78.696865,43.085096],[-78.696906,43.086337],[-78.699478,43.086884],[-78.703079,43.086643],[-78.707024,43.086983],[-78.707893,43.086555],[-78.708193,43.084208],[-78.709625,43.08252],[-78.711746,43.082352],[-78.71418,43.083199],[-78.715942,43.08289],[-78.717133,43.081802],[-78.719048,43.081055],[-78.720449,43.081438],[-78.721748,43.083641],[-78.724014,43.085461],[-78.727647,43.08622],[-78.730774,43.085007],[-78.733606,43.084219],[-78.735168,43.083031],[-78.735748,43.08247],[-78.736157,43.081797],[-78.7367,43.080285],[-78.737663,43.078256],[-78.741249,43.074854],[-78.741176,43.074338],[-78.742508,43.07177],[-78.743185,43.07095],[-78.744015,43.070376],[-78.745354,43.069786],[-78.747118,43.069435],[-78.747656,43.069655],[-78.751257,43.069256],[-78.75374,43.069459],[-78.755487,43.070077],[-78.757653,43.07086],[-78.759141,43.070928],[-78.763582,43.070338],[-78.769027,43.070027],[-78.770784,43.069539],[-78.77237,43.068545],[-78.773074,43.067812],[-78.774272,43.066818],[-78.777644,43.065496],[-78.77858,43.065415],[-78.782387,43.065871],[-78.783669,43.066184],[-78.78647,43.06656],[-78.786851,43.066557],[-78.790303,43.066344],[-78.797505,43.066161],[-78.798525,43.066176],[-78.799571,43.066435],[-78.800759,43.066272],[-78.802051,43.065781],[-78.804515,43.064426],[-78.806143,43.063181],[-78.806817,43.062297],[-78.807122,43.061139],[-78.807076,43.060243],[-78.806912,43.059457],[-78.806483,43.058572],[-78.80505,43.057246],[-78.804403,43.055796],[-78.804624,43.055187],[-78.806821,43.053626],[-78.813845,43.051665],[-78.822357,43.051557],[-78.822261,43.05171],[-78.822385,43.052448],[-78.822475,43.0576],[-78.82266,43.065782],[-78.822663,43.066022],[-78.822776,43.069713],[-78.823007,43.076673],[-78.8231,43.079089],[-78.823135,43.08005],[-78.82328,43.083346],[-78.823305,43.083917],[-78.823337,43.084944],[-78.823541,43.091496],[-78.823995,43.106417],[-78.824352,43.115677],[-78.824358,43.115834],[-78.824373,43.116231],[-78.837332,43.1163],[-78.858907,43.116174],[-78.870004,43.116125],[-78.870178,43.121274],[-78.883373,43.121259],[-78.884977,43.121259],[-78.889891,43.121269],[-78.91719,43.121379],[-78.920964,43.121395],[-78.922987,43.121407],[-78.926838,43.121446],[-78.930931,43.121475],[-78.933081,43.121488],[-78.935017,43.1215],[-78.938983,43.121533],[-78.942108,43.121469],[-78.942205,43.121463],[-78.942156,43.125448],[-78.942358,43.127439],[-78.942224,43.132504],[-78.950826,43.132391],[-78.951493,43.132411],[-78.965955,43.132331],[-78.967976,43.132293],[-78.974683,43.132137],[-78.976356,43.132053],[-78.977059,43.13204],[-78.993796,43.131756],[-78.995345,43.131766],[-78.99685,43.131754],[-78.998086,43.131748],[-79.001063,43.131776],[-79.004038,43.131648],[-79.006084,43.131584],[-79.008574,43.131646],[-79.019005,43.131645],[-79.019325,43.131727],[-79.024038,43.131811],[-79.029718,43.132105],[-79.030756,43.132139],[-79.037384,43.132356],[-79.040308,43.132386],[-79.040877,43.13239],[-79.041921,43.132414],[-79.045806,43.131935],[-79.046864,43.132029],[-79.048965,43.132099],[-79.049216,43.132099],[-79.051034,43.132055],[-79.052055,43.132055],[-79.053772,43.12973],[-79.056767,43.126855],[-79.05966,43.126248],[-79.069556,43.120255],[-79.061957,43.115362],[-79.0602,43.113604],[-79.059267,43.112155],[-79.058262,43.109279],[-79.058257,43.109256],[-79.05811,43.108633],[-79.057961,43.106957],[-79.063559,43.095855],[-79.065961,43.091052],[-79.067222,43.090036],[-79.074003,43.083012],[-79.075367,43.081355],[-79.074459,43.077863],[-79.045567,43.072562],[-79.039765,43.071462],[-79.026863,43.069164],[-79.019228,43.067958],[-79.00713,43.065757],[-78.999435,43.056057],[-79.005139,43.047056],[-79.011747,43.028956],[-79.023256,43.016356],[-79.020875,43.000717],[-79.019964,42.994756],[-79.011563,42.985256],[-78.983257,42.97246],[-78.975062,42.968756],[-78.972462,42.966756],[-78.961761,42.957756],[-78.93236,42.955857],[-78.918859,42.946857],[-78.914247,42.940332],[-78.912359,42.937757],[-78.909159,42.933257],[-78.907723,42.929556],[-78.905659,42.923357],[-78.905759,42.921157],[-78.905759,42.913057],[-78.905769,42.906942],[-78.905758,42.90605],[-78.905758,42.899957],[-78.90622,42.899032],[-78.90534,42.894072],[-78.903256,42.892469],[-78.896987,42.887154],[-78.894294,42.884697],[-78.89242,42.880921],[-78.893943,42.879674],[-78.89456,42.87841],[-78.894657,42.876065],[-78.893762,42.874293],[-78.887675,42.867994],[-78.884094,42.864516],[-78.878007,42.854477],[-78.875383,42.850923],[-78.873912,42.849765],[-78.87118,42.849953],[-78.870498,42.848263],[-78.867852,42.844446],[-78.865376,42.842005],[-78.86358,42.842005],[-78.863297,42.840323],[-78.865588,42.839565],[-78.863935,42.838111],[-78.86226,42.836092],[-78.861918,42.833213],[-78.862283,42.83227],[-78.86404,42.832277],[-78.865678,42.832284],[-78.867152,42.833376],[-78.868649,42.833871],[-78.868965,42.832299],[-78.869028,42.831359],[-78.867894,42.829905],[-78.870145,42.829074],[-78.871302,42.828151],[-78.872667,42.828456],[-78.872205,42.826665],[-78.872553,42.825874],[-78.871768,42.822377],[-78.870429,42.820426],[-78.868268,42.815625],[-78.866567,42.813559],[-78.864989,42.81097],[-78.862375,42.805379],[-78.853567,42.805239],[-78.851433,42.805205],[-78.850922,42.805197],[-78.848427,42.805157],[-78.847892,42.80516],[-78.846159,42.805169],[-78.842621,42.804991],[-78.841955,42.804958],[-78.841171,42.804972],[-78.840291,42.804987],[-78.836602,42.805042],[-78.835571,42.805059],[-78.83438,42.805052],[-78.832216,42.804962],[-78.8318,42.804951],[-78.828796,42.804862],[-78.823947,42.804928],[-78.822942,42.804912],[-78.819494,42.804856],[-78.812218,42.804696],[-78.811704,42.804685],[-78.811416,42.804679],[-78.810467,42.80453],[-78.809766,42.804642],[-78.809726,42.804641],[-78.803819,42.804513],[-78.798006,42.804391],[-78.79726,42.804378],[-78.796558,42.804364],[-78.793431,42.804306],[-78.783425,42.804145],[-78.783006,42.80414],[-78.782146,42.80413],[-78.781244,42.804122],[-78.779376,42.804026],[-78.778267,42.804042],[-78.778178,42.804031],[-78.775369,42.804031],[-78.769302,42.804015],[-78.768111,42.804035],[-78.767455,42.804021],[-78.761861,42.803989],[-78.755376,42.803941],[-78.751753,42.80391],[-78.748136,42.803897],[-78.742993,42.803883],[-78.738411,42.803862],[-78.738401,42.805616],[-78.738398,42.808085],[-78.738393,42.809832],[-78.738388,42.811283],[-78.736747,42.811281],[-78.735102,42.81128],[-78.728874,42.811276],[-78.728125,42.811275],[-78.72582,42.811272],[-78.722962,42.811268],[-78.721916,42.811265],[-78.713679,42.811242],[-78.713123,42.811242],[-78.712864,42.811241],[-78.711201,42.811236],[-78.709913,42.811232],[-78.708056,42.811224],[-78.706794,42.811223],[-78.705131,42.811215],[-78.700802,42.811191],[-78.697899,42.811197],[-78.696915,42.811166],[-78.696913,42.811595],[-78.696901,42.81265],[-78.696844,42.813525],[-78.69689,42.814389],[-78.69683,42.81536],[-78.696934,42.827431],[-78.696934,42.834029],[-78.69693,42.834388],[-78.696918,42.836919],[-78.696915,42.838421],[-78.696914,42.839164],[-78.696914,42.839304],[-78.696902,42.842957],[-78.696903,42.846101],[-78.696903,42.846135],[-78.696946,42.855591],[-78.696963,42.85945],[-78.696956,42.860034],[-78.696947,42.863664],[-78.696951,42.866162],[-78.69695,42.86646],[-78.696945,42.868117],[-78.696934,42.871628],[-78.696927,42.874509],[-78.696927,42.876944],[-78.696946,42.88027],[-78.696912,42.885002],[-78.696917,42.885504],[-78.696959,42.892367],[-78.696931,42.893956],[-78.696931,42.894746],[-78.696931,42.894856],[-78.696931,42.895393],[-78.696928,42.895899],[-78.696926,42.898796],[-78.69691,42.900842],[-78.696911,42.901931],[-78.696912,42.903838],[-78.696914,42.905622],[-78.696928,42.906208],[-78.696933,42.908602],[-78.696932,42.910111],[-78.696932,42.910148],[-78.696928,42.910659],[-78.696928,42.91094],[-78.696924,42.911922],[-78.696921,42.912817],[-78.696917,42.913734],[-78.696915,42.913869],[-78.696918,42.914703],[-78.696903,42.915399],[-78.696897,42.915912],[-78.696892,42.916861],[-78.696891,42.9172],[-78.696912,42.918604],[-78.696909,42.919544],[-78.696909,42.921074],[-78.696912,42.923829],[-78.696921,42.924597],[-78.696915,42.92579],[-78.696925,42.927847],[-78.696938,42.929984],[-78.696935,42.93424],[-78.696975,42.937933],[-78.696988,42.938679],[-78.696954,42.940179],[-78.696941,42.944816],[-78.696932,42.947003],[-78.696925,42.949293],[-78.696926,42.949717],[-78.696925,42.949898],[-78.697028,42.950775]]]]}}],"labels":{"type":"FeatureCollection","features":[{"type":"Feature","properties":{"id":"1","NAME":"1","featureLabel":{"left":-72.86818420764159,"right":-72.86818420764159,"top":40.89689988269041,"bottom":40.89689988269041},"text-field":"1"},"geometry":{"type":"Point","coordinates":[-72.86818420764159,40.89689988269041]}},{"type":"Feature","properties":{"id":"2","NAME":"2","featureLabel":{"left":-73.29533301989744,"right":-73.29533301989744,"top":40.667078210083,"bottom":40.667078210083},"text-field":"2"},"geometry":{"type":"Point","coordinates":[-73.29533301989744,40.667078210083]}},{"type":"Feature","properties":{"id":"3","NAME":"3","featureLabel":{"left":-73.40576080688479,"right":-73.40576080688479,"top":40.88337773413087,"bottom":40.88337773413087},"text-field":"3"},"geometry":{"type":"Point","coordinates":[-73.40576080688479,40.88337773413087]}},{"type":"Feature","properties":{"id":"4","NAME":"4","featureLabel":{"left":-73.60517893289183,"right":-73.60517893289183,"top":40.638368069732664,"bottom":40.638368069732664},"text-field":"4"},"geometry":{"type":"Point","coordinates":[-73.60517893289183,40.638368069732664]}},{"type":"Feature","properties":{"id":"5","NAME":"5","featureLabel":{"left":-73.79939634960935,"right":-73.79939634960935,"top":40.660350123046875,"bottom":40.660350123046875},"text-field":"5"},"geometry":{"type":"Point","coordinates":[-73.79939634960935,40.660350123046875]}},{"type":"Feature","properties":{"id":"6","NAME":"6","featureLabel":{"left":-73.80418879327392,"right":-73.80418879327392,"top":40.74180661480712,"bottom":40.74180661480712},"text-field":"6"},"geometry":{"type":"Point","coordinates":[-73.80418879327392,40.74180661480712]}},{"type":"Feature","properties":{"id":"7","NAME":"7","featureLabel":{"left":-73.95804979278566,"right":-73.95804979278566,"top":40.66758537371825,"bottom":40.66758537371825},"text-field":"9"},"geometry":{"type":"Point","coordinates":[-73.95804979278566,40.66758537371825]}},{"type":"Feature","properties":{"id":"8","NAME":"8","featureLabel":{"left":-73.89294910913087,"right":-73.89294910913087,"top":40.657557344970705,"bottom":40.657557344970705},"text-field":"8"},"geometry":{"type":"Point","coordinates":[-73.89294910913087,40.657557344970705]}},{"type":"Feature","properties":{"id":"9","NAME":"9","featureLabel":{"left":-73.99936008984375,"right":-73.99936008984375,"top":40.714008207031256,"bottom":40.714008207031256},"text-field":"10"},"geometry":{"type":"Point","coordinates":[-73.99936008984375,40.714008207031256]}},{"type":"Feature","properties":{"id":"10","NAME":"10","featureLabel":{"left":-73.98252454589841,"right":-73.98252454589841,"top":40.61467886425781,"bottom":40.61467886425781},"text-field":"7"},"geometry":{"type":"Point","coordinates":[-73.98252454589841,40.61467886425781]}},{"type":"Feature","properties":{"id":"11","NAME":"11","featureLabel":{"left":-74.13154541860962,"right":-74.13154541860962,"top":40.56807945559692,"bottom":40.56807945559692},"text-field":"11"},"geometry":{"type":"Point","coordinates":[-74.13154541860962,40.56807945559692]}},{"type":"Feature","properties":{"id":"12","NAME":"12","featureLabel":{"left":-73.97484600720216,"right":-73.97484600720216,"top":40.77157578552246,"bottom":40.77157578552246},"text-field":"12"},"geometry":{"type":"Point","coordinates":[-73.97484600720216,40.77157578552246]}},{"type":"Feature","properties":{"id":"13","NAME":"13","featureLabel":{"left":-73.90371518762208,"right":-73.90371518762208,"top":40.88775488269042,"bottom":40.88775488269042},"text-field":"13"},"geometry":{"type":"Point","coordinates":[-73.90371518762208,40.88775488269042]}},{"type":"Feature","properties":{"id":"14","NAME":"14","featureLabel":{"left":-73.86500453430175,"right":-73.86500453430175,"top":40.7948359720459,"bottom":40.7948359720459},"text-field":"14"},"geometry":{"type":"Point","coordinates":[-73.86500453430175,40.7948359720459]}},{"type":"Feature","properties":{"id":"15","NAME":"15","featureLabel":{"left":-73.8550480966797,"right":-73.8550480966797,"top":40.863737967773446,"bottom":40.863737967773446},"text-field":"15"},"geometry":{"type":"Point","coordinates":[-73.8550480966797,40.863737967773446]}},{"type":"Feature","properties":{"id":"16","NAME":"16","featureLabel":{"left":-73.76093869265746,"right":-73.76093869265746,"top":40.965761384674074,"bottom":40.965761384674074},"text-field":"16"},"geometry":{"type":"Point","coordinates":[-73.76093869265746,40.965761384674074]}},{"type":"Feature","properties":{"id":"17","NAME":"17","featureLabel":{"left":-73.71064747422788,"right":-73.71064747422788,"top":41.28501803901672,"bottom":41.28501803901672},"text-field":"17"},"geometry":{"type":"Point","coordinates":[-73.71064747422788,41.28501803901672]}},{"type":"Feature","properties":{"id":"18","NAME":"18","featureLabel":{"left":-73.8109549187317,"right":-73.8109549187317,"top":41.76360729403685,"bottom":41.76360729403685},"text-field":"18"},"geometry":{"type":"Point","coordinates":[-73.8109549187317,41.76360729403685]}},{"type":"Feature","properties":{"id":"19","NAME":"19","featureLabel":{"left":-75.15110295378115,"right":-75.15110295378115,"top":42.405056536758416,"bottom":42.405056536758416},"text-field":"19"},"geometry":{"type":"Point","coordinates":[-75.15110295378115,42.405056536758416]}},{"type":"Feature","properties":{"id":"20","NAME":"20","featureLabel":{"left":-73.91033168906404,"right":-73.91033168906404,"top":42.705198658790586,"bottom":42.705198658790586},"text-field":"20"},"geometry":{"type":"Point","coordinates":[-73.91033168906404,42.705198658790586]}},{"type":"Feature","properties":{"id":"21","NAME":"21","featureLabel":{"left":-74.30050475247002,"right":-74.30050475247002,"top":44.125726510297774,"bottom":44.125726510297774},"text-field":"21"},"geometry":{"type":"Point","coordinates":[-74.30050475247002,44.125726510297774]}},{"type":"Feature","properties":{"id":"22","NAME":"22","featureLabel":{"left":-76.27365155701831,"right":-76.27365155701831,"top":42.78420846002579,"bottom":42.78420846002579},"text-field":"22"},"geometry":{"type":"Point","coordinates":[-76.27365155701831,42.78420846002579]}},{"type":"Feature","properties":{"id":"23","NAME":"23","featureLabel":{"left":-78.91448399291228,"right":-78.91448399291228,"top":42.403414566871646,"bottom":42.403414566871646},"text-field":"23"},"geometry":{"type":"Point","coordinates":[-78.91448399291228,42.403414566871646]}},{"type":"Feature","properties":{"id":"24","NAME":"24","featureLabel":{"left":-75.85624609116361,"right":-75.85624609116361,"top":43.91975038004302,"bottom":43.91975038004302},"text-field":"24"},"geometry":{"type":"Point","coordinates":[-75.85624609116361,43.91975038004302]}},{"type":"Feature","properties":{"id":"25","NAME":"25","featureLabel":{"left":-77.67744399180606,"right":-77.67744399180606,"top":43.330009836318965,"bottom":43.330009836318965},"text-field":"25"},"geometry":{"type":"Point","coordinates":[-77.67744399180606,43.330009836318965]}},{"type":"Feature","properties":{"id":"26","NAME":"26","featureLabel":{"left":-78.80259855291749,"right":-78.80259855291749,"top":42.94660985113526,"bottom":42.94660985113526},"text-field":"26"},"geometry":{"type":"Point","coordinates":[-78.80259855291749,42.94660985113526]}}]}}