{"type":"FeatureCollection","features":[{"type":"Feature","properties":{"id":1,"NAME":"1","TotalPop":798070,"PopDevPct":0.00059899,"DemPct":0.43906012,"RepPct":0.54351899,"WhitePct":0.8850292,"MinorityPct":0.1149708,"BlackPct":0.04848024,"HispanicPct":0.02850337,"PacificPct":0.00312504,"AsianPct":0.0173824,"NativePct":0.01484148,"TotalVAP":616313,"Margin":-0.06093988,"color":"#0000FF","opacity":"0.5"},"geometry":{"type":"MultiPolygon","coordinates":[[[[-93.001929,42.26718],[-93.001897,42.261681],[-93.001893,42.260931],[-93.001887,42.259927],[-93.001872,42.256281],[-93.001857,42.252659],[-93.00182,42.241669],[-93.001794,42.233332],[-93.00179,42.23153],[-93.001768,42.223686],[-93.001702,42.214969],[-93.001674,42.209267],[-92.982055,42.209533],[-92.962716,42.209646],[-92.961857,42.209653],[-92.953072,42.209709],[-92.943327,42.209764],[-92.933554,42.209806],[-92.923889,42.209787],[-92.904537,42.209901],[-92.884997,42.210004],[-92.874153,42.210061],[-92.869334,42.21007],[-92.864472,42.210078],[-92.854874,42.210062],[-92.845061,42.210052],[-92.835168,42.210089],[-92.825664,42.210124],[-92.806632,42.210111],[-92.804392,42.210033],[-92.801346,42.209989],[-92.786844,42.210035],[-92.777204,42.210064],[-92.767463,42.21014],[-92.767273,42.19571],[-92.767213,42.187478],[-92.767178,42.181273],[-92.767146,42.176581],[-92.767055,42.166806],[-92.766989,42.152273],[-92.766984,42.151761],[-92.766895,42.13792],[-92.766861,42.130706],[-92.766821,42.127008],[-92.766793,42.12346],[-92.766797,42.120627],[-92.766757,42.114021],[-92.766721,42.107325],[-92.766697,42.092883],[-92.766571,42.078425],[-92.766473,42.063987],[-92.766437,42.056779],[-92.766417,42.053188],[-92.766598,42.049433],[-92.766365,42.048982],[-92.766341,42.048684],[-92.766362,42.04246],[-92.766306,42.035044],[-92.766283,42.031409],[-92.76612,42.014026],[-92.766067,42.009501],[-92.766042,42.007109],[-92.766041,42.006855],[-92.766041,42.006647],[-92.766113,41.999549],[-92.766122,41.998118],[-92.765892,41.992474],[-92.765811,41.978067],[-92.765787,41.970934],[-92.765779,41.963674],[-92.765715,41.956804],[-92.765849,41.949338],[-92.765667,41.939677],[-92.765662,41.938822],[-92.765653,41.935007],[-92.765702,41.923049],[-92.765757,41.916125],[-92.765956,41.914677],[-92.765706,41.913273],[-92.765736,41.905952],[-92.765801,41.891415],[-92.765814,41.886675],[-92.765875,41.876849],[-92.765911,41.865056],[-92.765999,41.862373],[-92.755656,41.862273],[-92.750193,41.862208],[-92.746901,41.862426],[-92.727448,41.862384],[-92.707994,41.862314],[-92.688516,41.862282],[-92.678541,41.862222],[-92.675293,41.862222],[-92.669089,41.862267],[-92.658064,41.862241],[-92.649665,41.862311],[-92.630203,41.862239],[-92.620836,41.862268],[-92.610553,41.86228],[-92.601052,41.862289],[-92.59114,41.862267],[-92.571931,41.862275],[-92.566838,41.862288],[-92.562202,41.862267],[-92.558756,41.862279],[-92.557353,41.862258],[-92.552489,41.86225],[-92.542737,41.862247],[-92.539943,41.862215],[-92.533093,41.8622],[-92.512832,41.862305],[-92.507136,41.862276],[-92.493225,41.862361],[-92.473909,41.862439],[-92.46784,41.862437],[-92.461788,41.862449],[-92.454803,41.862459],[-92.454328,41.86246],[-92.450098,41.862466],[-92.430288,41.862512],[-92.425536,41.862511],[-92.415599,41.862508],[-92.401037,41.862495],[-92.391777,41.862492],[-92.390796,41.862551],[-92.386016,41.862528],[-92.375185,41.862442],[-92.366056,41.862509],[-92.356998,41.862538],[-92.350172,41.862608],[-92.327547,41.862698],[-92.298164,41.862779],[-92.28944,41.862841],[-92.277892,41.862863],[-92.264888,41.862886],[-92.239527,41.863057],[-92.239153,41.862922],[-92.230925,41.862979],[-92.23022,41.86273],[-92.200873,41.862701],[-92.198619,41.862706],[-92.198104,41.862742],[-92.197515,41.862738],[-92.196837,41.862733],[-92.191315,41.862692],[-92.190253,41.862684],[-92.186647,41.862593],[-92.181143,41.862601],[-92.158419,41.86265],[-92.156705,41.862626],[-92.141881,41.862652],[-92.127159,41.862707],[-92.122682,41.862729],[-92.122538,41.862731],[-92.113223,41.86275],[-92.110664,41.862749],[-92.103507,41.862869],[-92.099801,41.862878],[-92.090225,41.862937],[-92.077001,41.863005],[-92.064458,41.862984],[-92.054515,41.862719],[-92.054513,41.862693],[-92.035086,41.862578],[-92.030149,41.86254],[-92.024192,41.862525],[-92.005945,41.862373],[-92.000179,41.862447],[-91.98637,41.862162],[-91.967131,41.862071],[-91.96225,41.862039],[-91.957338,41.861982],[-91.947732,41.861856],[-91.928258,41.861736],[-91.928196,41.861735],[-91.908667,41.861606],[-91.901223,41.861562],[-91.889551,41.861621],[-91.889463,41.86162],[-91.870142,41.861643],[-91.855509,41.861723],[-91.850716,41.8617],[-91.831379,41.861851],[-91.827109,41.861853],[-91.816813,41.86187],[-91.792403,41.861903],[-91.784337,41.861914],[-91.763311,41.861933],[-91.743755,41.861979],[-91.733978,41.861985],[-91.719721,41.862017],[-91.714518,41.862035],[-91.699908,41.861935],[-91.695256,41.861907],[-91.694751,41.861906],[-91.676719,41.861705],[-91.675417,41.86169],[-91.669465,41.861585],[-91.669078,41.861579],[-91.668763,41.861581],[-91.665836,41.86153],[-91.656074,41.861415],[-91.646345,41.861308],[-91.636318,41.861221],[-91.617191,41.860984],[-91.597895,41.860726],[-91.579997,41.86053],[-91.579731,41.860531],[-91.575074,41.860487],[-91.559596,41.860366],[-91.55924,41.860361],[-91.554237,41.860315],[-91.549131,41.860269],[-91.534844,41.860162],[-91.530935,41.860133],[-91.526994,41.860122],[-91.525228,41.860112],[-91.516339,41.86006],[-91.503618,41.85995],[-91.493335,41.859851],[-91.481936,41.859762],[-91.463493,41.859594],[-91.444102,41.859606],[-91.431393,41.859612],[-91.42453,41.85962],[-91.413145,41.859688],[-91.412642,41.859693],[-91.411988,41.859701],[-91.40597,41.859735],[-91.405131,41.859748],[-91.385705,41.859953],[-91.376657,41.860016],[-91.371115,41.860044],[-91.366221,41.860069],[-91.366208,41.865931],[-91.366166,41.879006],[-91.366119,41.893897],[-91.366138,41.903168],[-91.366014,41.916777],[-91.366006,41.918271],[-91.365977,41.926059],[-91.365974,41.926996],[-91.365877,41.94741],[-91.356414,41.94728],[-91.346392,41.947257],[-91.337515,41.947182],[-91.32775,41.947184],[-91.30767,41.947205],[-91.288315,41.947235],[-91.268737,41.947212],[-91.249113,41.947205],[-91.234488,41.947185],[-91.210574,41.947073],[-91.210218,41.947082],[-91.205944,41.947087],[-91.190922,41.94702],[-91.161691,41.946899],[-91.161455,41.946896],[-91.151821,41.946854],[-91.132172,41.946778],[-91.113084,41.946753],[-91.112665,41.946767],[-91.093397,41.946664],[-91.093178,41.946684],[-91.088334,41.946677],[-91.073708,41.946638],[-91.073579,41.94664],[-91.054409,41.946606],[-91.053429,41.946607],[-91.049474,41.946705],[-91.042342,41.946565],[-91.034687,41.946605],[-91.019933,41.946604],[-91.014978,41.946596],[-91.005342,41.94663],[-90.993253,41.946688],[-90.989057,41.946696],[-90.976503,41.946686],[-90.966628,41.946688],[-90.952066,41.946666],[-90.937301,41.946509],[-90.917904,41.946293],[-90.910902,41.946217],[-90.898484,41.946245],[-90.898611,41.944367],[-90.898461,41.928125],[-90.898434,41.924344],[-90.89845,41.922562],[-90.898337,41.920735],[-90.898941,41.918528],[-90.898771,41.907509],[-90.898464,41.906446],[-90.89846,41.905537],[-90.898405,41.8953],[-90.89836,41.887998],[-90.898323,41.876981],[-90.898276,41.858722],[-90.898388,41.851683],[-90.898319,41.851614],[-90.898465,41.844513],[-90.898467,41.844402],[-90.898501,41.84244],[-90.898593,41.837002],[-90.898329,41.836855],[-90.898348,41.833491],[-90.898482,41.82377],[-90.898436,41.815205],[-90.898359,41.810328],[-90.898427,41.804207],[-90.898179,41.798766],[-90.898167,41.792957],[-90.898317,41.780233],[-90.898326,41.778679],[-90.898361,41.773685],[-90.898373,41.771392],[-90.886902,41.771414],[-90.879143,41.771614],[-90.879013,41.771593],[-90.869616,41.771543],[-90.861647,41.771414],[-90.859744,41.771479],[-90.859227,41.771507],[-90.855797,41.771557],[-90.850387,41.771594],[-90.849819,41.77155],[-90.848133,41.771521],[-90.832541,41.771554],[-90.830653,41.771548],[-90.827139,41.771536],[-90.825635,41.771529],[-90.82102,41.77151],[-90.804744,41.771445],[-90.796555,41.771411],[-90.786212,41.771369],[-90.78546,41.769066],[-90.783688,41.768218],[-90.782174,41.768008],[-90.777091,41.76728],[-90.773456,41.76785],[-90.772082,41.767164],[-90.771472,41.765769],[-90.768296,41.765264],[-90.765028,41.7638],[-90.761883,41.762815],[-90.760327,41.760985],[-90.759931,41.759247],[-90.758436,41.758103],[-90.756665,41.758102],[-90.755017,41.756615],[-90.754744,41.754603],[-90.752974,41.752978],[-90.75267,41.751606],[-90.75331,41.750027],[-90.753034,41.748998],[-90.750715,41.746664],[-90.750144,41.745648],[-90.74933,41.744436],[-90.748926,41.74415],[-90.748114,41.743977],[-90.746618,41.743969],[-90.746143,41.743827],[-90.74523,41.743283],[-90.744696,41.742787],[-90.744146,41.741947],[-90.743643,41.741527],[-90.741632,41.741076],[-90.740261,41.741218],[-90.736152,41.740574],[-90.734426,41.738209],[-90.731588,41.737408],[-90.729743,41.738427],[-90.728643,41.739559],[-90.728704,41.740902],[-90.72756,41.742054],[-90.726187,41.742314],[-90.72492,41.741452],[-90.722921,41.73888],[-90.722341,41.736996],[-90.721843,41.736927],[-90.71996,41.736843],[-90.717842,41.736228],[-90.716573,41.735525],[-90.713902,41.734578],[-90.713475,41.73467],[-90.712682,41.735387],[-90.712331,41.73715],[-90.712529,41.738279],[-90.712514,41.738843],[-90.712117,41.739354],[-90.711095,41.739728],[-90.709462,41.739644],[-90.708409,41.740194],[-90.707942,41.740228],[-90.707738,41.740377],[-90.707036,41.740247],[-90.706742,41.739128],[-90.706258,41.738515],[-90.705089,41.737573],[-90.704542,41.737328],[-90.703572,41.737226],[-90.702142,41.737728],[-90.701817,41.738317],[-90.700902,41.740262],[-90.700627,41.740545],[-90.698842,41.741528],[-90.698342,41.742128],[-90.69825,41.74223],[-90.697977,41.742537],[-90.697887,41.74264],[-90.697649,41.742906],[-90.697542,41.743028],[-90.69668,41.743315],[-90.696342,41.743428],[-90.695642,41.743528],[-90.693703,41.743189],[-90.692342,41.742928],[-90.691642,41.743128],[-90.691167,41.745229],[-90.692042,41.746728],[-90.692742,41.747628],[-90.694342,41.748928],[-90.69314,41.750642],[-90.688315,41.751785],[-90.68688,41.752471],[-90.686513,41.753798],[-90.68746,41.75565],[-90.686971,41.756862],[-90.685383,41.757205],[-90.684223,41.756611],[-90.683123,41.755216],[-90.681749,41.754552],[-90.678786,41.754864],[-90.676344,41.75565],[-90.676099,41.75629],[-90.677565,41.758028],[-90.676526,41.760932],[-90.675213,41.761915],[-90.671883,41.762807],[-90.670051,41.76363],[-90.667851,41.764475],[-90.665823,41.764419],[-90.66388,41.764383],[-90.661161,41.765389],[-90.659756,41.765205],[-90.657436,41.764084],[-90.657528,41.762804],[-90.655849,41.760631],[-90.656125,41.757841],[-90.654141,41.75624],[-90.651454,41.755416],[-90.647209,41.75626],[-90.645131,41.75754],[-90.64403,41.760101],[-90.64238,41.761541],[-90.640761,41.7617],[-90.638532,41.761128],[-90.636364,41.760967],[-90.633827,41.761903],[-90.633154,41.763984],[-90.630679,41.765354],[-90.626525,41.764712],[-90.623632,41.76364],[-90.620331,41.761538],[-90.618161,41.759047],[-90.61816,41.758453],[-90.617608,41.757286],[-90.616284,41.756478],[-90.614643,41.756832],[-90.612844,41.758205],[-90.612357,41.759143],[-90.612513,41.761543],[-90.611263,41.763966],[-90.609889,41.76431],[-90.60662,41.763832],[-90.604726,41.762895],[-90.602953,41.762507],[-90.600083,41.762988],[-90.598892,41.763995],[-90.597092,41.767608],[-90.59523,41.769278],[-90.59242,41.770639],[-90.590702,41.770622],[-90.589187,41.769945],[-90.589314,41.767786],[-90.588907,41.766993],[-90.589028,41.764409],[-90.58769,41.76341],[-90.584141,41.763267],[-90.582888,41.7613],[-90.581544,41.760843],[-90.579131,41.759129],[-90.577207,41.759678],[-90.574856,41.761853],[-90.569937,41.763664],[-90.568218,41.763358],[-90.56793,41.763213],[-90.56648,41.76233],[-90.565416,41.762468],[-90.565081,41.763355],[-90.565966,41.764688],[-90.564763,41.765831],[-90.563783,41.765695],[-90.562322,41.764373],[-90.559637,41.763633],[-90.555405,41.764528],[-90.553263,41.764617],[-90.550911,41.763519],[-90.549537,41.763565],[-90.550269,41.767292],[-90.549994,41.768939],[-90.548711,41.769236],[-90.542816,41.765919],[-90.542113,41.766295],[-90.541014,41.767588],[-90.539823,41.771153],[-90.538937,41.772867],[-90.538143,41.775793],[-90.537616,41.776395],[-90.535764,41.775966],[-90.531727,41.774922],[-90.529345,41.775424],[-90.52797,41.77531],[-90.527511,41.774373],[-90.528336,41.773825],[-90.52791,41.773002],[-90.526383,41.772384],[-90.524397,41.772933],[-90.523175,41.772796],[-90.521802,41.771081],[-90.519999,41.770899],[-90.518075,41.770052],[-90.516333,41.770028],[-90.515234,41.769296],[-90.514869,41.766827],[-90.513801,41.765546],[-90.512794,41.765339],[-90.511113,41.766047],[-90.50879,41.768927],[-90.506651,41.769475],[-90.505369,41.768857],[-90.504301,41.767645],[-90.502561,41.767141],[-90.500135,41.767701],[-90.498537,41.767441],[-90.495786,41.765887],[-90.493649,41.766163],[-90.491816,41.765958],[-90.48971,41.767331],[-90.488213,41.767446],[-90.486136,41.766372],[-90.483937,41.766785],[-90.483785,41.768842],[-90.481312,41.770238],[-90.480213,41.771222],[-90.473617,41.773465],[-90.471723,41.773603],[-90.470073,41.77278],[-90.467262,41.768871],[-90.467322,41.76807],[-90.468879,41.766172],[-90.468328,41.762788],[-90.465181,41.759039],[-90.461149,41.757965],[-90.458462,41.758263],[-90.456539,41.760847],[-90.45315,41.76254],[-90.451696,41.764082],[-90.451104,41.764643],[-90.449333,41.764827],[-90.446583,41.763844],[-90.444934,41.761671],[-90.442582,41.76078],[-90.440811,41.758722],[-90.439498,41.758562],[-90.438154,41.759294],[-90.437208,41.76062],[-90.435528,41.759682],[-90.435325,41.758625],[-90.434205,41.756867],[-90.433093,41.755892],[-90.431284,41.754789],[-90.426032,41.752662],[-90.424201,41.750559],[-90.424165,41.749101],[-90.425936,41.747043],[-90.427463,41.74446],[-90.426548,41.743202],[-90.424044,41.742218],[-90.423099,41.740572],[-90.423526,41.739566],[-90.424809,41.738857],[-90.427098,41.738492],[-90.428167,41.737212],[-90.427526,41.736274],[-90.424809,41.736113],[-90.422581,41.737416],[-90.418093,41.73833],[-90.415986,41.739336],[-90.415131,41.740296],[-90.412504,41.741118],[-90.41168,41.740638],[-90.411041,41.737711],[-90.409728,41.737025],[-90.407653,41.736635],[-90.406249,41.735675],[-90.406464,41.734097],[-90.410188,41.733023],[-90.410525,41.731309],[-90.40961,41.729982],[-90.407931,41.729296],[-90.405489,41.729889],[-90.403628,41.729614],[-90.401826,41.730711],[-90.399048,41.731648],[-90.396971,41.733705],[-90.394957,41.733087],[-90.394622,41.731646],[-90.392608,41.731302],[-90.391387,41.730638],[-90.389586,41.730569],[-90.388304,41.731506],[-90.388242,41.732306],[-90.390346,41.734342],[-90.390254,41.735966],[-90.389642,41.736948],[-90.388329,41.737131],[-90.386407,41.736261],[-90.38143,41.736258],[-90.378044,41.734725],[-90.375907,41.734769],[-90.374508,41.734267],[-90.373064,41.732327],[-90.369095,41.730316],[-90.366041,41.728443],[-90.364178,41.727803],[-90.359636,41.727701],[-90.357525,41.727783],[-90.35664,41.7284],[-90.356671,41.729498],[-90.357923,41.730321],[-90.357802,41.731281],[-90.356673,41.731876],[-90.354946,41.731988],[-90.352369,41.7319],[-90.348888,41.729866],[-90.347728,41.730049],[-90.347729,41.732107],[-90.346508,41.733479],[-90.344891,41.733457],[-90.344251,41.735835],[-90.343183,41.738327],[-90.341731,41.740211],[-90.33946,41.740477],[-90.337078,41.739106],[-90.333874,41.739404],[-90.332408,41.738489],[-90.330117,41.735515],[-90.328896,41.73442],[-90.323646,41.733483],[-90.321936,41.732476],[-90.320715,41.730647],[-90.319676,41.730076],[-90.316562,41.728928],[-90.315549,41.734426],[-90.312609,41.739939],[-90.309973,41.74342],[-90.304525,41.74861],[-90.302782,41.750031],[-90.294383,41.756054],[-90.289732,41.759507],[-90.287697,41.760545],[-90.285356,41.762341],[-90.283552,41.764386],[-90.279736,41.766619],[-90.278633,41.767358],[-90.269758,41.770258],[-90.264696,41.771475],[-90.261623,41.773101],[-90.258622,41.775295],[-90.250128,41.7792],[-90.246656,41.780802],[-90.24238,41.782964],[-90.222263,41.793133],[-90.216889,41.795335],[-90.209517,41.797426],[-90.203588,41.799109],[-90.196165,41.800656],[-90.187969,41.803163],[-90.181973,41.80707],[-90.180954,41.809354],[-90.180643,41.811979],[-90.181904,41.824605],[-90.181889,41.827755],[-90.18281,41.829381],[-90.183973,41.83307],[-90.183736,41.836332],[-90.18327,41.837847],[-90.182608,41.839235],[-90.182016,41.842269],[-90.181401,41.844647],[-90.180169,41.846133],[-90.178942,41.847898],[-90.175057,41.853615],[-90.173009,41.857393],[-90.17287,41.858409],[-90.173329,41.863671],[-90.173213,41.864693],[-90.172101,41.867543],[-90.170909,41.870784],[-90.170491,41.875028],[-90.170041,41.876439],[-90.168645,41.878325],[-90.165065,41.883777],[-90.157019,41.898019],[-90.153986,41.905608],[-90.153584,41.906614],[-90.153471,41.90967],[-90.153362,41.915593],[-90.152138,41.928052],[-90.1516,41.931002],[-90.152659,41.933058],[-90.155104,41.935762],[-90.156902,41.938181],[-90.160648,41.940845],[-90.163847,41.944934],[-90.164939,41.948861],[-90.164867,41.949513],[-90.164135,41.956178],[-90.162141,41.961293],[-90.158592,41.967117],[-90.156315,41.969113],[-90.153828,41.974121],[-90.152107,41.97567],[-90.148599,41.978269],[-90.146753,41.980647],[-90.146225,41.981329],[-90.146399,41.985375],[-90.146033,41.988139],[-90.144241,41.991031],[-90.140613,41.995999],[-90.140536,42.000026],[-90.140061,42.003252],[-90.141167,42.008931],[-90.143776,42.014881],[-90.144683,42.016198],[-90.147194,42.018479],[-90.149112,42.022679],[-90.149733,42.026564],[-90.151579,42.030633],[-90.154221,42.033073],[-90.158829,42.037769],[-90.163446,42.040407],[-90.164485,42.042105],[-90.164537,42.045007],[-90.165294,42.050973],[-90.166663,42.054715],[-90.166808,42.055933],[-90.165526,42.061518],[-90.165897,42.064234],[-90.166482,42.067333],[-90.16729,42.069705],[-90.168054,42.073083],[-90.168142,42.07662],[-90.166512,42.080568],[-90.16573,42.081751],[-90.163718,42.086674],[-90.162615,42.090995],[-90.162401,42.094185],[-90.161504,42.098912],[-90.16113,42.104298],[-90.161352,42.11017],[-90.161884,42.11378],[-90.162895,42.116718],[-90.163992,42.118303],[-90.167533,42.122475],[-90.17041,42.125021],[-90.17097,42.125198],[-90.18471,42.125198],[-90.190452,42.125779],[-90.194717,42.127185],[-90.197342,42.128163],[-90.201404,42.130937],[-90.204145,42.136995],[-90.20536,42.139079],[-90.206369,42.1455],[-90.207421,42.149109],[-90.209479,42.15268],[-90.211328,42.15401],[-90.216107,42.15673],[-90.224244,42.160028],[-90.231127,42.163425],[-90.234919,42.165431],[-90.250129,42.171469],[-90.255456,42.171821],[-90.262345,42.173451],[-90.26908,42.1745],[-90.282173,42.178846],[-90.296151,42.18638],[-90.298442,42.187576],[-90.306647,42.19047],[-90.314465,42.192537],[-90.317774,42.193789],[-90.328273,42.201047],[-90.332177,42.202232],[-90.338169,42.203321],[-90.349162,42.204277],[-90.356964,42.205445],[-90.360435,42.207538],[-90.365138,42.210526],[-90.375129,42.214811],[-90.382251,42.219646],[-90.386781,42.222967],[-90.391108,42.225473],[-90.393151,42.227186],[-90.394865,42.229476],[-90.395883,42.233133],[-90.400653,42.239293],[-90.410471,42.247749],[-90.415169,42.250942],[-90.418274,42.253215],[-90.419326,42.254467],[-90.42098,42.257282],[-90.422439,42.260563],[-90.423242,42.264411],[-90.425612,42.269189],[-90.428204,42.273405],[-90.430884,42.27823],[-90.431039,42.282452],[-90.430218,42.284593],[-90.426909,42.290719],[-90.424326,42.293326],[-90.424257,42.294576],[-90.422675,42.298804],[-90.421676,42.302506],[-90.418915,42.308328],[-90.419008,42.309217],[-90.4203,42.31169],[-90.421182,42.315255],[-90.420075,42.317681],[-90.417125,42.319943],[-90.4162,42.321314],[-90.415937,42.322699],[-90.416535,42.325109],[-90.419027,42.328505],[-90.42135,42.330472],[-90.425363,42.332615],[-90.430546,42.33686],[-90.433949,42.341701],[-90.438951,42.34771],[-90.44248,42.353511],[-90.445167,42.356441],[-90.44632,42.357041],[-90.452724,42.359303],[-90.454646,42.360652],[-90.456298,42.362548],[-90.462619,42.367253],[-90.464788,42.369452],[-90.467875,42.375009],[-90.470273,42.378355],[-90.473798,42.381458],[-90.477941,42.384151],[-90.480148,42.384616],[-90.484621,42.38453],[-90.487154,42.385141],[-90.490334,42.387093],[-90.493642,42.389996],[-90.496157,42.392689],[-90.500128,42.395539],[-90.506829,42.398792],[-90.513504,42.401293],[-90.517516,42.403019],[-90.535863,42.409205],[-90.541954,42.411374],[-90.548068,42.413115],[-90.55281,42.414985],[-90.555018,42.416138],[-90.55755,42.419258],[-90.558168,42.420984],[-90.558326,42.425404],[-90.558985,42.429445],[-90.560439,42.432897],[-90.561841,42.435034],[-90.565248,42.438742],[-90.567968,42.440389],[-90.570736,42.441701],[-90.575104,42.442885],[-90.582128,42.444437],[-90.590416,42.447493],[-90.597488,42.449477],[-90.604016,42.450805],[-90.606328,42.451505],[-90.624328,42.458904],[-90.641027,42.468304],[-90.643252,42.469425],[-90.646419,42.471328],[-90.65112,42.475189],[-90.654496,42.479205],[-90.655441,42.480935],[-90.656302,42.483691],[-90.65671,42.488835],[-90.656046,42.491706],[-90.652945,42.495794],[-90.651026,42.497705],[-90.650547,42.498694],[-90.649612,42.500906],[-90.647865,42.502463],[-90.645505,42.505527],[-90.641766,42.509604],[-90.63856,42.512116],[-90.635986,42.515452],[-90.635988,42.51553],[-90.635829,42.517928],[-90.637084,42.521186],[-90.640981,42.527739],[-90.641921,42.530141],[-90.642641,42.533454],[-90.644033,42.53986],[-90.645937,42.543284],[-90.64703,42.544358],[-90.648885,42.546323],[-90.654127,42.5499],[-90.659127,42.5579],[-90.661527,42.567999],[-90.672727,42.576599],[-90.674827,42.577699],[-90.677055,42.579215],[-90.679375,42.581503],[-90.685487,42.589614],[-90.686975,42.591774],[-90.687775,42.594606],[-90.687999,42.599198],[-90.689215,42.602318],[-90.692031,42.610366],[-90.693999,42.614509],[-90.700095,42.622461],[-90.700856,42.626445],[-90.702671,42.630756],[-90.706303,42.634169],[-90.711749,42.637472],[-90.715133,42.638904],[-90.720209,42.640758],[-90.731132,42.643437],[-90.73454,42.644103],[-90.743677,42.64556],[-90.750126,42.647057],[-90.756946,42.647756],[-90.760389,42.649131],[-90.769495,42.651443],[-90.779373,42.652995],[-90.781996,42.653123],[-90.788226,42.653888],[-90.79291,42.655003],[-90.797017,42.655772],[-90.805452,42.656967],[-90.817679,42.65892],[-90.821742,42.659728],[-90.825957,42.660166],[-90.828921,42.660975],[-90.832702,42.661662],[-90.837723,42.662179],[-90.84391,42.663071],[-90.852497,42.664822],[-90.862493,42.66769],[-90.867125,42.668728],[-90.875127,42.66994],[-90.881197,42.671184],[-90.88743,42.67247],[-90.892682,42.673763],[-90.896951,42.675082],[-90.903351,42.677549],[-90.909774,42.681179],[-90.9134,42.682949],[-90.91719,42.684355],[-90.921155,42.685406],[-90.923634,42.6855],[-90.929881,42.684128],[-90.932371,42.683745],[-90.937045,42.683399],[-90.941567,42.683844],[-90.949303,42.685607],[-90.952415,42.686778],[-90.959824,42.690831],[-90.965048,42.693233],[-90.968927,42.694331],[-90.974237,42.695249],[-90.977735,42.696816],[-90.980578,42.698932],[-90.983478,42.702225],[-90.985241,42.704787],[-90.988776,42.708724],[-90.992233,42.711508],[-90.995536,42.713704],[-91.000128,42.716189],[-91.008124,42.719567],[-91.010572,42.720269],[-91.015101,42.71932],[-91.017239,42.719566],[-91.022243,42.721968],[-91.026786,42.724228],[-91.029692,42.726774],[-91.030718,42.729684],[-91.030956,42.7324],[-91.032013,42.734484],[-91.033389,42.736025],[-91.035418,42.73734],[-91.039383,42.738478],[-91.044139,42.738605],[-91.046571,42.737167],[-91.048,42.736912],[-91.051275,42.737001],[-91.053733,42.738238],[-91.054801,42.740529],[-91.05481,42.744686],[-91.055127,42.745806],[-91.058091,42.749246],[-91.060179,42.749991],[-91.060172,42.750481],[-91.063781,42.750568],[-91.06468,42.750914],[-91.065783,42.753387],[-91.065606,42.756766],[-91.064896,42.757272],[-91.06312,42.757273],[-91.061432,42.757974],[-91.060129,42.759986],[-91.060261,42.761847],[-91.061361,42.762973],[-91.063254,42.763947],[-91.065938,42.766461],[-91.069369,42.769283],[-91.070303,42.773829],[-91.070747,42.774817],[-91.070614,42.777083],[-91.07083,42.782225],[-91.071911,42.784085],[-91.072008,42.786382],[-91.073785,42.79046],[-91.074367,42.793248],[-91.075616,42.795965],[-91.077643,42.803798],[-91.078569,42.809626],[-91.0787,42.813115],[-91.079153,42.817497],[-91.07932,42.822977],[-91.078665,42.827678],[-91.081619,42.829236],[-91.08277,42.829977],[-91.08399,42.82997],[-91.089942,42.829263],[-91.090136,42.829237],[-91.090159,42.829241],[-91.090807,42.829362],[-91.091023,42.829403],[-91.09406,42.830813],[-91.095114,42.834966],[-91.094942,42.835708],[-91.093939,42.840042],[-91.091586,42.848664],[-91.091837,42.851225],[-91.095329,42.85532],[-91.097656,42.859871],[-91.09882,42.864421],[-91.09882,42.869881],[-91.098238,42.875798],[-91.09882,42.878528],[-91.100565,42.883078],[-91.104051,42.885971],[-91.107123,42.887581],[-91.112158,42.891149],[-91.115512,42.894672],[-91.120369,42.897187],[-91.125129,42.89905],[-91.126114,42.899352],[-91.129069,42.900259],[-91.130055,42.900562],[-91.137386,42.903523],[-91.143491,42.904698],[-91.144794,42.905997],[-91.146203,42.909868],[-91.145868,42.914967],[-91.143875,42.92072],[-91.1438,42.922877],[-91.144315,42.926592],[-91.145517,42.930378],[-91.146939,42.934015],[-91.149784,42.940244],[-91.149701,42.943855],[-91.14909,42.946554],[-91.14554,42.95651],[-91.14543,42.958211],[-91.14655,42.963345],[-91.147122,42.964454],[-91.148001,42.966155],[-91.150906,42.970514],[-91.155519,42.975774],[-91.156562,42.978226],[-91.156893,42.980815],[-91.156743,42.98783],[-91.15749,42.991475],[-91.159364,42.996674],[-91.161118,43.000788],[-91.163246,43.006478],[-91.165039,43.011723],[-91.167886,43.018679],[-91.169572,43.022153],[-91.170923,43.026052],[-91.171873,43.03076],[-91.173504,43.035966],[-91.174255,43.037619],[-91.174408,43.038001],[-91.174692,43.038713],[-91.175525,43.044004],[-91.176608,43.051502],[-91.178087,43.062044],[-91.177894,43.064206],[-91.17929,43.06643],[-91.179382,43.068624],[-91.178761,43.070578],[-91.177264,43.072983],[-91.177222,43.080247],[-91.176914,43.085455],[-91.176307,43.089377],[-91.176269,43.092447],[-91.175331,43.101248],[-91.175305,43.104968],[-91.176067,43.108326],[-91.17772,43.118627],[-91.178251,43.124982],[-91.177932,43.128875],[-91.177003,43.131846],[-91.175253,43.134665],[-91.170372,43.137384],[-91.165016,43.138924],[-91.160449,43.140575],[-91.1562,43.142945],[-91.146018,43.152654],[-91.143283,43.156413],[-91.141356,43.163537],[-91.139991,43.167422],[-91.138649,43.169993],[-91.135917,43.173422],[-91.134173,43.174405],[-91.127698,43.183702],[-91.124428,43.187886],[-91.123896,43.193536],[-91.12217,43.197255],[-91.119115,43.200366],[-91.113749,43.202908],[-91.107931,43.206578],[-91.097536,43.21452],[-91.087456,43.221891],[-91.079278,43.228259],[-91.071857,43.235164],[-91.066398,43.239293],[-91.062562,43.243165],[-91.059684,43.248566],[-91.05791,43.253968],[-91.057918,43.255366],[-91.058644,43.257679],[-91.05975,43.259074],[-91.061798,43.259952],[-91.065456,43.260262],[-91.068474,43.259979],[-91.071698,43.261014],[-91.072649,43.262129],[-91.072782,43.264363],[-91.071574,43.268193],[-91.071724,43.271392],[-91.07371,43.274746],[-91.078259,43.280776],[-91.082099,43.285507],[-91.085652,43.29187],[-91.089124,43.295476],[-91.096485,43.302371],[-91.09995,43.306467],[-91.102668,43.308934],[-91.107237,43.313645],[-91.117661,43.319332],[-91.129121,43.32635],[-91.132813,43.32803],[-91.137343,43.329757],[-91.154806,43.334826],[-91.163328,43.338277],[-91.171493,43.341179],[-91.181115,43.345926],[-91.188014,43.347602],[-91.201847,43.349103],[-91.203964,43.349852],[-91.20662,43.352524],[-91.210497,43.359457],[-91.214412,43.365337],[-91.214971,43.366389],[-91.21473,43.368788],[-91.212044,43.371035],[-91.207367,43.373659],[-91.205878,43.375338],[-91.204831,43.378887],[-91.200701,43.38593],[-91.198953,43.389835],[-91.19767,43.395334],[-91.198048,43.399223],[-91.199408,43.403032],[-91.200527,43.408486],[-91.200359,43.412701],[-91.201224,43.415903],[-91.203144,43.419805],[-91.207145,43.425031],[-91.209049,43.426845],[-91.213575,43.431159],[-91.218182,43.434688],[-91.220425,43.437331],[-91.22875,43.445537],[-91.232276,43.450952],[-91.233367,43.455168],[-91.233187,43.457784],[-91.232241,43.460018],[-91.231051,43.461144],[-91.229503,43.462607],[-91.226464,43.464158],[-91.224586,43.465525],[-91.220399,43.471306],[-91.216035,43.481142],[-91.215282,43.484798],[-91.215925,43.486979],[-91.217615,43.491008],[-91.21827,43.497228],[-91.217706,43.50055],[-91.219805,43.500557],[-91.246623,43.500485],[-91.249166,43.500532],[-91.250132,43.50079],[-91.261184,43.501015],[-91.267696,43.500923],[-91.282128,43.500871],[-91.283754,43.500876],[-91.284401,43.500879],[-91.291925,43.500831],[-91.294675,43.500837],[-91.323456,43.50075],[-91.342974,43.500704],[-91.369325,43.500827],[-91.376629,43.500501],[-91.397319,43.500887],[-91.404459,43.500837],[-91.431536,43.500724],[-91.441934,43.500618],[-91.448854,43.500598],[-91.465268,43.500684],[-91.475036,43.500624],[-91.49104,43.500714],[-91.493896,43.500754],[-91.50014,43.50064],[-91.51761,43.500618],[-91.529015,43.500604],[-91.533806,43.50056],[-91.541558,43.500684],[-91.551043,43.500668],[-91.559076,43.500538],[-91.570079,43.500537],[-91.59098,43.50068],[-91.610835,43.500657],[-91.625611,43.500727],[-91.632178,43.500441],[-91.640419,43.500552],[-91.648519,43.500544],[-91.65074,43.500462],[-91.658394,43.500532],[-91.670808,43.500598],[-91.700717,43.500704],[-91.711846,43.500761],[-91.7314,43.50066],[-91.737217,43.500548],[-91.737529,43.500761],[-91.749998,43.500696],[-91.761252,43.500829],[-91.776876,43.500707],[-91.790616,43.5007],[-91.807175,43.500647],[-91.830666,43.500731],[-91.842748,43.500782],[-91.850941,43.500719],[-91.871121,43.500724],[-91.894177,43.500727],[-91.91071,43.500817],[-91.928715,43.500728],[-91.930194,43.500639],[-91.941701,43.500705],[-91.947543,43.500504],[-91.9505,43.500673],[-91.957008,43.500714],[-91.970713,43.500645],[-91.990863,43.500685],[-91.995624,43.500718],[-92.00934,43.500694],[-92.024576,43.500656],[-92.030688,43.500624],[-92.047247,43.500736],[-92.060569,43.500722],[-92.074754,43.500731],[-92.079802,43.500621],[-92.082684,43.500769],[-92.092391,43.500671],[-92.117583,43.500806],[-92.12985,43.500656],[-92.132813,43.500694],[-92.134966,43.500701],[-92.137138,43.500749],[-92.139258,43.500782],[-92.139994,43.500778],[-92.147595,43.50079],[-92.150135,43.500719],[-92.178723,43.500714],[-92.197899,43.500563],[-92.212735,43.500525],[-92.222514,43.500614],[-92.238203,43.500587],[-92.276898,43.500579],[-92.278464,43.50044],[-92.279473,43.5006],[-92.28855,43.50058],[-92.309347,43.500549],[-92.316282,43.500538],[-92.326344,43.500549],[-92.349768,43.500606],[-92.355731,43.500559],[-92.368858,43.500519],[-92.376343,43.500603],[-92.377876,43.50069],[-92.38781,43.500486],[-92.391775,43.500564],[-92.405959,43.500512],[-92.418822,43.500615],[-92.431629,43.500514],[-92.435606,43.5005],[-92.445532,43.500478],[-92.458974,43.500413],[-92.464386,43.500281],[-92.475706,43.500281],[-92.495537,43.500254],[-92.525578,43.500242],[-92.553128,43.500218],[-92.558031,43.500284],[-92.573125,43.500261],[-92.591004,43.500226],[-92.613233,43.500213],[-92.632907,43.500196],[-92.653185,43.500215],[-92.670857,43.500135],[-92.672582,43.500134],[-92.692657,43.500096],[-92.712433,43.500079],[-92.722794,43.500062],[-92.732568,43.500043],[-92.749249,43.500036],[-92.752,43.500029],[-92.768871,43.500005],[-92.790284,43.499986],[-92.810276,43.499951],[-92.821742,43.499982],[-92.830278,43.499898],[-92.858586,43.499912],[-92.870297,43.499882],[-92.890307,43.499838],[-92.905531,43.49985],[-92.91585,43.499814],[-92.92518,43.499809],[-92.931513,43.499794],[-92.944298,43.499777],[-92.944539,43.499786],[-92.946722,43.499775],[-92.965823,43.499772],[-93.001804,43.499772],[-93.007706,43.499755],[-93.024345,43.499733],[-93.024449,43.4875],[-93.024505,43.4722],[-93.024486,43.465647],[-93.024487,43.447777],[-93.024498,43.443845],[-93.024466,43.429358],[-93.024445,43.427975],[-93.024389,43.425559],[-93.024386,43.425405],[-93.024274,43.418694],[-93.024239,43.415071],[-93.024218,43.411417],[-93.024183,43.403984],[-93.024175,43.400511],[-93.023915,43.385942],[-93.023973,43.371441],[-93.024121,43.356884],[-93.024092,43.342336],[-93.024091,43.328102],[-93.024128,43.313584],[-93.024129,43.299088],[-93.024123,43.284565],[-93.02412,43.277218],[-93.024103,43.270055],[-93.024114,43.262789],[-93.024143,43.255538],[-93.024217,43.241878],[-93.024135,43.227363],[-93.024092,43.212812],[-93.023924,43.205544],[-93.024043,43.191031],[-93.024049,43.169279],[-93.023899,43.162573],[-93.023849,43.155344],[-93.023839,43.155263],[-93.023917,43.154979],[-93.023761,43.149962],[-93.02368,43.147457],[-93.02367,43.146976],[-93.023715,43.146817],[-93.023723,43.145205],[-93.02368,43.143813],[-93.023675,43.143407],[-93.023642,43.140865],[-93.02354,43.13726],[-93.023444,43.133615],[-93.023374,43.1264],[-93.023503,43.116482],[-93.02351,43.116232],[-93.023611,43.111771],[-93.023723,43.097987],[-93.023725,43.097433],[-93.023719,43.096466],[-93.023964,43.09566],[-93.023789,43.092097],[-93.023739,43.090012],[-93.023702,43.088591],[-93.023746,43.08737],[-93.023754,43.086873],[-93.023754,43.086738],[-93.023787,43.083144],[-93.023539,43.066739],[-93.023254,43.052383],[-93.023172,43.045136],[-93.023227,43.039337],[-93.023154,43.038099],[-93.022976,43.032772],[-93.023195,43.025731],[-93.023282,43.016229],[-93.023346,43.009011],[-93.023429,43.001947],[-93.023492,42.994571],[-93.02362,42.992402],[-93.023697,42.991961],[-93.024628,42.979951],[-93.024683,42.968015],[-93.024701,42.965426],[-93.024815,42.950943],[-93.024968,42.936457],[-93.025036,42.925638],[-93.025063,42.922011],[-93.025079,42.918388],[-93.025114,42.914771],[-93.025125,42.912577],[-93.025144,42.907549],[-93.025201,42.89834],[-93.025246,42.891085],[-93.025347,42.876572],[-93.025375,42.862107],[-93.02539,42.858828],[-93.025694,42.858213],[-93.0254,42.856688],[-93.025442,42.847613],[-93.025495,42.833139],[-93.025563,42.818648],[-93.025732,42.802906],[-93.025829,42.790749],[-93.025841,42.789234],[-93.025848,42.78844],[-93.025771,42.781228],[-93.025819,42.774062],[-93.025797,42.76683],[-93.025787,42.763216],[-93.025803,42.75641],[-93.025899,42.745124],[-93.025983,42.737884],[-93.025981,42.730675],[-93.026081,42.715797],[-93.026096,42.708553],[-93.026177,42.700875],[-93.026236,42.69416],[-93.026289,42.686828],[-93.026326,42.679566],[-93.026375,42.66506],[-93.026414,42.657778],[-93.026469,42.643272],[-93.026546,42.629406],[-93.02664,42.618266],[-93.026666,42.615171],[-93.026725,42.6076],[-93.026775,42.601187],[-93.026781,42.600372],[-93.026808,42.591184],[-93.026777,42.585872],[-93.026831,42.571343],[-93.026905,42.564075],[-93.026926,42.562431],[-93.026927,42.562284],[-93.027,42.55681],[-93.026914,42.543297],[-93.026875,42.537356],[-93.026787,42.528792],[-93.026778,42.526529],[-93.026731,42.514313],[-93.026755,42.499774],[-93.026922,42.485285],[-93.027115,42.470776],[-93.006653,42.47065],[-93.002902,42.470638],[-93.002906,42.467417],[-93.002712,42.462435],[-93.002745,42.462185],[-93.002886,42.45558],[-93.002843,42.443465],[-93.002835,42.441141],[-93.002809,42.433918],[-93.00264,42.412274],[-93.002573,42.405081],[-93.002504,42.397836],[-93.002479,42.393159],[-93.002368,42.383452],[-93.002276,42.375584],[-93.002248,42.368388],[-93.002252,42.367324],[-93.002269,42.3538],[-93.002252,42.346678],[-93.002235,42.339429],[-93.002232,42.33869],[-93.002167,42.324986],[-93.002118,42.317822],[-93.00211,42.310621],[-93.002107,42.309171],[-93.002076,42.296205],[-93.00202,42.283056],[-93.002023,42.281706],[-93.001929,42.26718]]]]}},{"type":"Feature","properties":{"id":2,"NAME":"2","TotalPop":796914,"PopDevPct":-0.00085037,"DemPct":0.43697133,"RepPct":0.54492298,"WhitePct":0.85371906,"MinorityPct":0.14628094,"BlackPct":0.04697985,"HispanicPct":0.05126591,"PacificPct":0.00159594,"AsianPct":0.02757446,"NativePct":0.01604842,"TotalVAP":617818,"Margin":-0.06302867,"color":"#008000","opacity":"0.5"},"geometry":{"type":"MultiPolygon","coordinates":[[[[-93.231858,41.862711],[-93.23268,41.862716],[-93.233233,41.86276],[-93.234168,41.862791],[-93.244094,41.862816],[-93.250968,41.862667],[-93.251339,41.862664],[-93.254458,41.8628],[-93.254996,41.862804],[-93.270437,41.86288],[-93.285809,41.86292],[-93.289803,41.86297],[-93.290995,41.863056],[-93.309218,41.862994],[-93.32855,41.863064],[-93.334611,41.863081],[-93.347933,41.863104],[-93.348008,41.848933],[-93.348056,41.838077],[-93.348064,41.83508],[-93.348064,41.834764],[-93.347996,41.829988],[-93.347975,41.828879],[-93.347975,41.826822],[-93.348098,41.820003],[-93.348151,41.805577],[-93.348121,41.791128],[-93.348019,41.783834],[-93.348022,41.783544],[-93.348145,41.776636],[-93.348211,41.76077],[-93.348319,41.746466],[-93.34832,41.746287],[-93.348328,41.744563],[-93.348332,41.743848],[-93.348344,41.73909],[-93.348367,41.731831],[-93.348231,41.721624],[-93.348474,41.717493],[-93.34847,41.717318],[-93.348463,41.716944],[-93.348463,41.702869],[-93.348508,41.688406],[-93.348444,41.685065],[-93.348449,41.684418],[-93.348464,41.680957],[-93.348464,41.680741],[-93.348365,41.67683],[-93.348375,41.676355],[-93.348439,41.673252],[-93.348451,41.671753],[-93.348467,41.669741],[-93.348465,41.668237],[-93.348465,41.667824],[-93.348483,41.666042],[-93.348461,41.658811],[-93.348501,41.650369],[-93.348512,41.647916],[-93.34853,41.641702],[-93.348533,41.64075],[-93.348589,41.619177],[-93.348594,41.615444],[-93.348681,41.600999],[-93.328681,41.601148],[-93.328682,41.600907],[-93.328853,41.584281],[-93.328921,41.573082],[-93.328949,41.562451],[-93.328973,41.544173],[-93.328963,41.542278],[-93.328899,41.534309],[-93.32883,41.52955],[-93.328726,41.522271],[-93.328614,41.507824],[-93.32844,41.497113],[-93.328476,41.492626],[-93.328476,41.492574],[-93.328486,41.49134],[-93.328407,41.490921],[-93.328403,41.489588],[-93.328539,41.47934],[-93.328433,41.47271],[-93.328426,41.472298],[-93.328389,41.466627],[-93.32835,41.464955],[-93.328311,41.450639],[-93.328383,41.446411],[-93.328264,41.439215],[-93.328242,41.437076],[-93.328236,41.436341],[-93.328233,41.436021],[-93.328232,41.435666],[-93.328208,41.421691],[-93.328223,41.414684],[-93.328286,41.407335],[-93.328237,41.396282],[-93.328189,41.391432],[-93.328128,41.382423],[-93.328402,41.381527],[-93.328294,41.371088],[-93.328382,41.363698],[-93.328402,41.358219],[-93.328411,41.355884],[-93.328388,41.345759],[-93.328346,41.342723],[-93.328362,41.334871],[-93.328363,41.334637],[-93.328363,41.327768],[-93.328359,41.325233],[-93.328351,41.320523],[-93.328324,41.306008],[-93.328317,41.30239],[-93.328299,41.291572],[-93.328281,41.280725],[-93.328274,41.277099],[-93.32824,41.266377],[-93.32823,41.255295],[-93.328336,41.24798],[-93.328198,41.244118],[-93.328101,41.233229],[-93.327945,41.220404],[-93.327987,41.217604],[-93.327977,41.216455],[-93.32797,41.215626],[-93.327964,41.207158],[-93.327941,41.20415],[-93.328013,41.200558],[-93.327944,41.198721],[-93.327945,41.198419],[-93.327943,41.196568],[-93.327986,41.189591],[-93.327908,41.182739],[-93.32791,41.178785],[-93.327996,41.17509],[-93.327948,41.166454],[-93.327886,41.160659],[-93.338808,41.160583],[-93.340339,41.160578],[-93.344918,41.160576],[-93.351448,41.160585],[-93.351616,41.160585],[-93.366037,41.160543],[-93.384456,41.160549],[-93.38578,41.160551],[-93.403397,41.160507],[-93.418538,41.160544],[-93.422625,41.160617],[-93.423328,41.160629],[-93.441764,41.160537],[-93.451597,41.160554],[-93.461259,41.160582],[-93.466292,41.160665],[-93.480585,41.160767],[-93.499972,41.160946],[-93.533342,41.161105],[-93.53373,41.16111],[-93.53464,41.161147],[-93.538623,41.161167],[-93.540239,41.161192],[-93.541254,41.1613],[-93.541833,41.161311],[-93.543434,41.161218],[-93.557556,41.161271],[-93.576806,41.161374],[-93.577943,41.161327],[-93.596389,41.161547],[-93.600856,41.161581],[-93.605257,41.161587],[-93.632321,41.1616],[-93.638254,41.161609],[-93.65821,41.161676],[-93.663336,41.16166],[-93.663439,41.161662],[-93.673283,41.161785],[-93.682162,41.161742],[-93.68763,41.161855],[-93.693524,41.161865],[-93.69733,41.161865],[-93.711814,41.161917],[-93.731047,41.161931],[-93.738662,41.161978],[-93.750764,41.162113],[-93.760358,41.162084],[-93.77936,41.162126],[-93.784202,41.162082],[-93.784436,41.16208],[-93.789196,41.162035],[-93.793642,41.161669],[-93.803399,41.161366],[-93.808351,41.161162],[-93.822479,41.160448],[-93.826547,41.160169],[-93.84482,41.159163],[-93.855147,41.158638],[-93.865178,41.157995],[-93.875223,41.157768],[-93.884645,41.157105],[-93.885634,41.15724],[-93.898813,41.15661],[-93.916929,41.15667],[-93.917711,41.156535],[-93.917935,41.15654],[-93.927548,41.156742],[-93.936094,41.156785],[-93.951408,41.156732],[-93.965718,41.156739],[-93.97535,41.156726],[-93.994384,41.156696],[-94.014189,41.156762],[-94.023796,41.15678],[-94.033461,41.156712],[-94.047668,41.156735],[-94.050618,41.156736],[-94.071652,41.156681],[-94.080894,41.156768],[-94.090481,41.156771],[-94.1096,41.156852],[-94.12786,41.15684],[-94.142111,41.156809],[-94.147072,41.156797],[-94.161456,41.157031],[-94.166002,41.157052],[-94.171143,41.156918],[-94.179403,41.15672],[-94.181663,41.156663],[-94.184979,41.157012],[-94.203903,41.157039],[-94.207346,41.157055],[-94.222967,41.157018],[-94.237093,41.157129],[-94.241637,41.157134],[-94.248626,41.157156],[-94.25956,41.157199],[-94.260809,41.157208],[-94.289556,41.157319],[-94.299124,41.157331],[-94.308658,41.157327],[-94.321746,41.157395],[-94.3236,41.157428],[-94.324935,41.157452],[-94.337208,41.157434],[-94.357061,41.157449],[-94.376055,41.157455],[-94.395183,41.157511],[-94.401618,41.157522],[-94.414199,41.157527],[-94.433323,41.157546],[-94.439223,41.157561],[-94.452435,41.15755],[-94.470603,41.157566],[-94.470666,41.143492],[-94.470637,41.138786],[-94.470711,41.12904],[-94.470504,41.114946],[-94.47056,41.107076],[-94.470558,41.100222],[-94.470621,41.085818],[-94.470529,41.0714],[-94.470749,41.057918],[-94.470898,41.052792],[-94.470945,41.045067],[-94.471046,41.044497],[-94.471059,41.043597],[-94.471097,41.039661],[-94.47118,41.028997],[-94.471252,41.022269],[-94.471094,41.014522],[-94.470811,41.000039],[-94.470788,40.999159],[-94.470513,40.985578],[-94.470498,40.978804],[-94.47049,40.97233],[-94.470493,40.968028],[-94.47046,40.957201],[-94.470452,40.949938],[-94.470467,40.942733],[-94.470509,40.935951],[-94.47051,40.935483],[-94.470552,40.929927],[-94.470539,40.921151],[-94.470454,40.916826],[-94.47053,40.910338],[-94.470587,40.906745],[-94.470592,40.906545],[-94.470779,40.899502],[-94.479216,40.899416],[-94.489692,40.899438],[-94.506059,40.899382],[-94.508719,40.89938],[-94.515988,40.899364],[-94.527074,40.899356],[-94.527389,40.899361],[-94.527717,40.899367],[-94.546735,40.899362],[-94.547281,40.899379],[-94.549424,40.899425],[-94.55626,40.899414],[-94.556373,40.899414],[-94.565604,40.899397],[-94.585531,40.899529],[-94.587628,40.899516],[-94.604592,40.899575],[-94.606529,40.899569],[-94.615787,40.899592],[-94.623627,40.899603],[-94.63496,40.899664],[-94.642618,40.899673],[-94.652121,40.899686],[-94.680633,40.899756],[-94.681694,40.899763],[-94.685387,40.899774],[-94.700152,40.899817],[-94.700347,40.89995],[-94.707946,40.899913],[-94.719262,40.899989],[-94.723775,40.900029],[-94.738292,40.900159],[-94.750251,40.900454],[-94.755588,40.90042],[-94.757212,40.900341],[-94.761443,40.9004],[-94.774471,40.900521],[-94.776217,40.900535],[-94.795287,40.90061],[-94.814826,40.900597],[-94.814858,40.900597],[-94.816179,40.900595],[-94.817186,40.900597],[-94.833891,40.900583],[-94.83855,40.900709],[-94.842749,40.900785],[-94.853008,40.900605],[-94.857717,40.900601],[-94.87201,40.900602],[-94.882256,40.900585],[-94.895796,40.900655],[-94.900534,40.900704],[-94.913663,40.900685],[-94.928459,40.900653],[-94.928501,40.890227],[-94.928758,40.88985],[-94.92862,40.874988],[-94.928867,40.871532],[-94.9289,40.857067],[-94.928924,40.842899],[-94.928734,40.835405],[-94.928932,40.828306],[-94.928933,40.823869],[-94.928615,40.820916],[-94.928662,40.814183],[-94.928664,40.813596],[-94.928611,40.805311],[-94.928606,40.803886],[-94.928438,40.793209],[-94.92837,40.78902],[-94.92847,40.78609],[-94.92847,40.785489],[-94.928557,40.784958],[-94.928787,40.775302],[-94.928848,40.767338],[-94.928938,40.750742],[-94.928276,40.749177],[-94.928448,40.748934],[-94.928372,40.742001],[-94.928313,40.738888],[-94.928529,40.727399],[-94.922628,40.727373],[-94.920538,40.727351],[-94.913124,40.727285],[-94.913558,40.707287],[-94.91365,40.703683],[-94.913735,40.695738],[-94.913803,40.692867],[-94.91426,40.684632],[-94.914402,40.678501],[-94.91471,40.666024],[-94.914429,40.6641],[-94.914569,40.65696],[-94.914685,40.650895],[-94.914709,40.649683],[-94.914732,40.635121],[-94.91474,40.631552],[-94.914742,40.631095],[-94.914773,40.627838],[-94.914731,40.620821],[-94.91473,40.620628],[-94.914821,40.602757],[-94.914999,40.598987],[-94.914773,40.5881],[-94.914807,40.584542],[-94.914896,40.575068],[-94.901107,40.574863],[-94.896773,40.574737],[-94.887084,40.574694],[-94.88578,40.574674],[-94.878201,40.574563],[-94.858567,40.574301],[-94.848135,40.574142],[-94.848034,40.57414],[-94.83951,40.573994],[-94.81995,40.573756],[-94.801475,40.573387],[-94.799887,40.573363],[-94.797443,40.573326],[-94.773895,40.573105],[-94.768193,40.573071],[-94.754694,40.572792],[-94.750042,40.572795],[-94.733256,40.572564],[-94.72212,40.572419],[-94.714512,40.572325],[-94.697806,40.572105],[-94.688353,40.571996],[-94.687087,40.571968],[-94.674848,40.571803],[-94.661678,40.571652],[-94.642601,40.571437],[-94.62771,40.571317],[-94.622963,40.571289],[-94.604701,40.571113],[-94.594196,40.57096],[-94.585766,40.57094],[-94.577727,40.570918],[-94.566853,40.570881],[-94.552281,40.57084],[-94.547405,40.57082],[-94.541648,40.570825],[-94.540272,40.570854],[-94.537848,40.570836],[-94.529166,40.57086],[-94.528929,40.57086],[-94.50943,40.57093],[-94.490435,40.571005],[-94.489109,40.570706],[-94.482994,40.570728],[-94.471213,40.570825],[-94.470541,40.571022],[-94.46047,40.571101],[-94.457866,40.570924],[-94.443202,40.570983],[-94.432654,40.571029],[-94.429668,40.571236],[-94.422342,40.571317],[-94.405815,40.571291],[-94.405541,40.571294],[-94.396745,40.571331],[-94.389203,40.571453],[-94.38401,40.571279],[-94.375009,40.571396],[-94.372032,40.571252],[-94.358391,40.571371],[-94.355216,40.571373],[-94.336763,40.57153],[-94.324711,40.571542],[-94.311602,40.571647],[-94.305829,40.57156],[-94.304554,40.571422],[-94.294671,40.571428],[-94.29417,40.571656],[-94.28745,40.571661],[-94.282994,40.571469],[-94.270456,40.571531],[-94.269827,40.571597],[-94.25509,40.571693],[-94.24315,40.571845],[-94.234023,40.57189],[-94.199871,40.572168],[-94.175618,40.572406],[-94.155089,40.572574],[-94.130131,40.572754],[-94.119946,40.572904],[-94.110406,40.572901],[-94.083542,40.573033],[-94.080122,40.57316],[-94.07214,40.573026],[-94.046656,40.573426],[-94.034211,40.573585],[-94.02663,40.57371],[-94.015492,40.573914],[-94.003323,40.574096],[-94.000197,40.574335],[-93.98743,40.57436],[-93.976667,40.574633],[-93.9452,40.575081],[-93.939967,40.57519],[-93.937644,40.575206],[-93.937106,40.575209],[-93.925288,40.575395],[-93.915644,40.575597],[-93.900855,40.575815],[-93.877604,40.576279],[-93.863007,40.57642],[-93.853906,40.576605],[-93.82528,40.577037],[-93.815749,40.577237],[-93.801249,40.577338],[-93.786869,40.577369],[-93.774344,40.577548],[-93.76698,40.577489],[-93.750671,40.577612],[-93.747848,40.577567],[-93.745215,40.57751],[-93.743811,40.577483],[-93.742929,40.577516],[-93.738009,40.577538],[-93.728355,40.577547],[-93.69035,40.5779],[-93.675748,40.57815],[-93.671249,40.578173],[-93.669106,40.578232],[-93.660353,40.578376],[-93.646992,40.578488],[-93.633097,40.578692],[-93.625221,40.578812],[-93.62316,40.579005],[-93.610511,40.57918],[-93.597377,40.579431],[-93.568517,40.580077],[-93.556899,40.580235],[-93.547578,40.580407],[-93.532728,40.580335],[-93.527274,40.580496],[-93.526709,40.580501],[-93.525792,40.580503],[-93.524597,40.580489],[-93.523939,40.580473],[-93.523307,40.580457],[-93.5224,40.580445],[-93.521651,40.580442],[-93.520934,40.580439],[-93.513635,40.580393],[-93.500218,40.58027],[-93.496899,40.580381],[-93.485195,40.580386],[-93.466887,40.580072],[-93.465297,40.580164],[-93.455089,40.580013],[-93.441647,40.579951],[-93.422546,40.580018],[-93.412847,40.580113],[-93.39851,40.580105],[-93.387026,40.580346],[-93.3861,40.580195],[-93.380262,40.580237],[-93.376542,40.580369],[-93.370653,40.580327],[-93.370202,40.580527],[-93.369453,40.580311],[-93.34652,40.580468],[-93.345529,40.580515],[-93.33395,40.580441],[-93.327761,40.580527],[-93.317486,40.580674],[-93.312456,40.580686],[-93.305251,40.580713],[-93.303807,40.580724],[-93.29034,40.580705],[-93.288918,40.580781],[-93.279454,40.580754],[-93.266856,40.580794],[-93.260444,40.580814],[-93.250552,40.580939],[-93.241476,40.58124],[-93.2316,40.58135],[-93.221626,40.581449],[-93.212396,40.581625],[-93.201236,40.581806],[-93.197294,40.581829],[-93.18371,40.581999],[-93.166404,40.58233],[-93.141078,40.582793],[-93.129571,40.583036],[-93.120004,40.583272],[-93.103067,40.583832],[-93.097296,40.584014],[-93.089784,40.584262],[-93.077788,40.584512],[-93.070116,40.58466],[-93.054941,40.585206],[-93.040348,40.585617],[-93.034488,40.58572],[-93.024413,40.586013],[-93.0012,40.586546],[-92.986767,40.586848],[-92.985008,40.586887],[-92.982372,40.586931],[-92.97192,40.587106],[-92.961591,40.587337],[-92.954437,40.587372],[-92.944282,40.587558],[-92.943472,40.587762],[-92.943061,40.587604],[-92.932555,40.587654],[-92.918038,40.587842],[-92.9074,40.587978],[-92.903899,40.587864],[-92.903081,40.587956],[-92.890181,40.587958],[-92.889746,40.588042],[-92.886341,40.588248],[-92.8752,40.588392],[-92.867308,40.588178],[-92.857219,40.588199],[-92.857044,40.588358],[-92.856582,40.588363],[-92.828016,40.588468],[-92.827853,40.588602],[-92.816228,40.588542],[-92.795772,40.588688],[-92.781317,40.58859],[-92.775087,40.588713],[-92.757123,40.588902],[-92.753682,40.588957],[-92.752893,40.588968],[-92.742316,40.589205],[-92.729024,40.589261],[-92.714596,40.589427],[-92.696639,40.589704],[-92.688412,40.589922],[-92.686282,40.589861],[-92.659409,40.590341],[-92.647773,40.59065],[-92.637898,40.590853],[-92.635043,40.590922],[-92.632282,40.590992],[-92.631711,40.590995],[-92.625191,40.591044],[-92.618372,40.591268],[-92.587073,40.591966],[-92.580266,40.592258],[-92.5613,40.592814],[-92.542327,40.593342],[-92.523738,40.593827],[-92.522245,40.593868],[-92.502361,40.594437],[-92.497105,40.594743],[-92.485216,40.595085],[-92.481148,40.594971],[-92.47956,40.595006],[-92.461461,40.595377],[-92.4482,40.595306],[-92.448097,40.595306],[-92.436705,40.59537],[-92.427773,40.595567],[-92.409047,40.59595],[-92.394114,40.596251],[-92.379576,40.596469],[-92.37539,40.596594],[-92.355999,40.597187],[-92.350807,40.597275],[-92.341668,40.597365],[-92.325852,40.597896],[-92.317816,40.598051],[-92.298774,40.598468],[-92.293593,40.598546],[-92.269758,40.598909],[-92.255586,40.59916],[-92.250183,40.599264],[-92.246035,40.59915],[-92.236474,40.599481],[-92.2223,40.599756],[-92.217547,40.599832],[-92.20913,40.599966],[-92.201819,40.59998],[-92.198783,40.600114],[-92.17978,40.600529],[-92.149682,40.601033],[-92.125187,40.601481],[-92.112642,40.60187],[-92.096611,40.601831],[-92.093036,40.602077],[-92.083292,40.602273],[-92.082318,40.602177],[-92.069872,40.602755],[-92.063932,40.60273],[-92.053751,40.603187],[-92.053117,40.603203],[-92.050774,40.603198],[-92.031866,40.603727],[-92.012646,40.604299],[-92.006918,40.604419],[-91.998645,40.604434],[-91.982346,40.604804],[-91.9715,40.605106],[-91.961695,40.605191],[-91.948658,40.605451],[-91.939451,40.606146],[-91.916319,40.606759],[-91.915832,40.606772],[-91.883338,40.607636],[-91.8684,40.608056],[-91.852849,40.608811],[-91.83325,40.609759],[-91.824199,40.610304],[-91.813828,40.61053],[-91.799241,40.610979],[-91.795,40.611249],[-91.785899,40.611593],[-91.766085,40.612173],[-91.750164,40.612724],[-91.737047,40.613287],[-91.730482,40.613578],[-91.729115,40.61364],[-91.720058,40.601527],[-91.716769,40.59853],[-91.712025,40.595046],[-91.707251,40.592703],[-91.696359,40.588148],[-91.68882,40.583409],[-91.686357,40.580875],[-91.685381,40.578892],[-91.685723,40.576785],[-91.689967,40.568632],[-91.691557,40.564839],[-91.691581,40.562223],[-91.690804,40.559893],[-91.6887,40.55739],[-91.681714,40.553035],[-91.670993,40.550937],[-91.654345,40.549189],[-91.647995,40.547684],[-91.638082,40.545541],[-91.632783,40.545029],[-91.630791,40.544454],[-91.625161,40.5435],[-91.622986,40.54272],[-91.620412,40.541092],[-91.618999,40.539084],[-91.618367,40.536818],[-91.618028,40.53403],[-91.618793,40.526286],[-91.621762,40.518218],[-91.622192,40.517039],[-91.622362,40.514362],[-91.621353,40.510072],[-91.619486,40.507134],[-91.616948,40.504794],[-91.612821,40.502377],[-91.608347,40.50004],[-91.599748,40.497005],[-91.594644,40.494997],[-91.592551,40.493696],[-91.589377,40.490898],[-91.586884,40.487233],[-91.585169,40.483611],[-91.583315,40.479118],[-91.582437,40.474703],[-91.580355,40.471015],[-91.576013,40.466767],[-91.574734,40.465655],[-91.568683,40.462706],[-91.56853,40.462639],[-91.567141,40.462137],[-91.563844,40.460988],[-91.556805,40.4595],[-91.552691,40.458769],[-91.548366,40.45823],[-91.543785,40.458149],[-91.538348,40.458402],[-91.534356,40.458879],[-91.527581,40.458948],[-91.526155,40.458625],[-91.523864,40.456331],[-91.523127,40.451631],[-91.523271,40.450061],[-91.524053,40.448437],[-91.526108,40.446634],[-91.529098,40.444836],[-91.531912,40.44273],[-91.533548,40.440804],[-91.533623,40.43832],[-91.532603,40.436647],[-91.530355,40.434964],[-91.527645,40.433772],[-91.525,40.433483],[-91.519935,40.433673],[-91.519134,40.432822],[-91.519012,40.431298],[-91.521388,40.426488],[-91.526555,40.419872],[-91.527057,40.416689],[-91.526425,40.413404],[-91.524612,40.410765],[-91.522333,40.409648],[-91.518392,40.408682],[-91.513993,40.408537],[-91.513325,40.40827],[-91.511891,40.407762],[-91.509063,40.406775],[-91.507391,40.405483],[-91.506745,40.404335],[-91.505272,40.403512],[-91.502267,40.402862],[-91.498093,40.401926],[-91.494592,40.402256],[-91.492498,40.402828],[-91.489445,40.404384],[-91.487889,40.403906],[-91.488597,40.400009],[-91.489596,40.397485],[-91.490153,40.396449],[-91.490816,40.395225],[-91.490912,40.39298],[-91.489208,40.389944],[-91.486226,40.386392],[-91.48537,40.384806],[-91.483153,40.382492],[-91.480251,40.381783],[-91.475797,40.382234],[-91.474538,40.382503],[-91.471967,40.382884],[-91.467855,40.384139],[-91.465334,40.385168],[-91.464017,40.385636],[-91.463161,40.385136],[-91.463514,40.382543],[-91.464681,40.380949],[-91.465891,40.378365],[-91.465009,40.376223],[-91.463895,40.375659],[-91.460395,40.375472],[-91.454535,40.37544],[-91.448742,40.376804],[-91.446627,40.377918],[-91.445371,40.379388],[-91.445168,40.382461],[-91.441957,40.385705],[-91.441243,40.386255],[-91.436916,40.385346],[-91.435153,40.38498],[-91.435117,40.384973],[-91.429762,40.383318],[-91.425662,40.382491],[-91.42218,40.380802],[-91.419422,40.378264],[-91.417066,40.380402],[-91.415051,40.381747],[-91.413011,40.382277],[-91.402392,40.382692],[-91.396996,40.383127],[-91.392179,40.383942],[-91.38836,40.384929],[-91.384201,40.38643],[-91.376911,40.390776],[-91.376736,40.390939],[-91.376652,40.391018],[-91.375712,40.391925],[-91.372921,40.399108],[-91.372554,40.4012],[-91.372379,40.405379],[-91.37245,40.411475],[-91.37328,40.416496],[-91.375151,40.421656],[-91.377625,40.426335],[-91.379635,40.431497],[-91.380965,40.435395],[-91.381503,40.438092],[-91.381769,40.442555],[-91.381045,40.44849],[-91.379907,40.45211],[-91.378144,40.456394],[-91.373855,40.464557],[-91.371981,40.467631],[-91.369572,40.47138],[-91.36747,40.476227],[-91.366463,40.478869],[-91.364915,40.484168],[-91.36391,40.490122],[-91.363683,40.494211],[-91.363879,40.498062],[-91.364211,40.500043],[-91.366489,40.506795],[-91.367876,40.510479],[-91.369059,40.512532],[-91.375152,40.519858],[-91.381857,40.528247],[-91.384531,40.530948],[-91.388067,40.533069],[-91.394475,40.534543],[-91.400725,40.536789],[-91.404125,40.539127],[-91.406202,40.542698],[-91.406851,40.547557],[-91.406331,40.551934],[-91.405241,40.554641],[-91.401482,40.559458],[-91.385219,40.570646],[-91.381192,40.573234],[-91.379752,40.57445],[-91.374252,40.58259],[-91.369661,40.588822],[-91.359873,40.601805],[-91.354874,40.605892],[-91.348733,40.609695],[-91.34127,40.612835],[-91.339719,40.613488],[-91.310048,40.625041],[-91.306568,40.626219],[-91.303486,40.626923],[-91.297394,40.627995],[-91.297152,40.628052],[-91.28667,40.6299],[-91.276175,40.63224],[-91.268116,40.633325],[-91.264953,40.633893],[-91.262528,40.634752],[-91.258249,40.636672],[-91.256128,40.637273],[-91.253074,40.637962],[-91.250148,40.638175],[-91.247851,40.63839],[-91.23244,40.638115],[-91.2246,40.638473],[-91.218437,40.638437],[-91.211352,40.637882],[-91.202384,40.636594],[-91.197906,40.636107],[-91.192558,40.636508],[-91.18698,40.637297],[-91.185295,40.637803],[-91.1751,40.643027],[-91.154293,40.653596],[-91.144963,40.657632],[-91.138055,40.660893],[-91.125144,40.668738],[-91.123928,40.669152],[-91.12082,40.672777],[-91.119632,40.675892],[-91.117831,40.683431],[-91.115407,40.691825],[-91.112467,40.696301],[-91.11194,40.697018],[-91.110927,40.703262],[-91.111095,40.708282],[-91.113885,40.719532],[-91.115158,40.721895],[-91.115735,40.725168],[-91.110424,40.745528],[-91.108765,40.75004],[-91.107318,40.751981],[-91.105473,40.753838],[-91.102486,40.757076],[-91.098105,40.763233],[-91.096133,40.767134],[-91.093426,40.774306],[-91.092476,40.776838],[-91.091628,40.780275],[-91.091262,40.78306],[-91.091246,40.786724],[-91.091607,40.789789],[-91.092256,40.792909],[-91.09462,40.797627],[-91.097031,40.802471],[-91.097319,40.804127],[-91.097649,40.805575],[-91.097553,40.808433],[-91.096742,40.812014],[-91.096713,40.812102],[-91.095367,40.815974],[-91.093559,40.819862],[-91.092993,40.821079],[-91.090072,40.824638],[-91.081307,40.8306],[-91.078285,40.832838],[-91.071451,40.838682],[-91.067159,40.841997],[-91.062226,40.844645],[-91.058749,40.846309],[-91.05643,40.848387],[-91.052778,40.854015],[-91.050241,40.858514],[-91.047344,40.864654],[-91.044653,40.868356],[-91.041998,40.871097],[-91.039097,40.873565],[-91.036789,40.875038],[-91.032459,40.876808],[-91.027899,40.87895],[-91.023192,40.882775],[-91.021562,40.884021],[-91.020013,40.885965],[-91.01758,40.88995],[-91.01324,40.896622],[-91.011941,40.898302],[-91.009536,40.900565],[-91.005022,40.904119],[-91.001684,40.906385],[-90.9985,40.90812],[-90.995569,40.909136],[-90.992922,40.909681],[-90.985462,40.912141],[-90.97919,40.915522],[-90.968995,40.919127],[-90.965344,40.921633],[-90.962916,40.924957],[-90.961892,40.928473],[-90.961112,40.933537],[-90.959947,40.937736],[-90.957215,40.943431],[-90.953587,40.950502],[-90.952233,40.954047],[-90.951967,40.958238],[-90.952715,40.962087],[-90.955111,40.969858],[-90.958089,40.976643],[-90.958142,40.979767],[-90.95546,40.986185],[-90.955201,40.986805],[-90.951811,40.991407],[-90.949634,40.995248],[-90.948453,41.000036],[-90.945949,41.006495],[-90.945054,41.011917],[-90.945427,41.015548],[-90.945324,41.019279],[-90.943947,41.025842],[-90.942253,41.034702],[-90.94232,41.038472],[-90.943739,41.043101],[-90.94395,41.045154],[-90.943652,41.048637],[-90.944577,41.052255],[-90.945999,41.056336],[-90.945549,41.06173],[-90.946024,41.063644],[-90.947139,41.065713],[-90.949135,41.07061],[-90.949381,41.07271],[-90.949322,41.074484],[-90.948397,41.081075],[-90.948027,41.087392],[-90.947476,41.090507],[-90.94626,41.09473],[-90.946625,41.096628],[-90.949752,41.101271],[-90.957265,41.111067],[-90.960802,41.114774],[-90.965908,41.119559],[-90.968851,41.125653],[-90.969347,41.127388],[-90.970856,41.130109],[-90.976429,41.137131],[-90.979077,41.139775],[-90.981327,41.142675],[-90.984958,41.148274],[-90.986069,41.150608],[-90.989662,41.155707],[-90.994963,41.16063],[-90.997905,41.162562],[-91.005505,41.165624],[-91.007594,41.166187],[-91.009435,41.16624],[-91.017839,41.165163],[-91.024086,41.163625],[-91.027231,41.163383],[-91.030045,41.163553],[-91.034424,41.164431],[-91.041875,41.166484],[-91.043894,41.169123],[-91.046392,41.172954],[-91.055068,41.185789],[-91.057866,41.189259],[-91.063758,41.19662],[-91.065899,41.199517],[-91.072984,41.207151],[-91.081452,41.214429],[-91.087076,41.218222],[-91.09303,41.222634],[-91.097477,41.2275],[-91.100845,41.230531],[-91.106215,41.234558],[-91.108782,41.235964],[-91.110422,41.237281],[-91.112348,41.239002],[-91.113657,41.241401],[-91.114137,41.24504],[-91.114186,41.250029],[-91.112783,41.252531],[-91.110304,41.256088],[-91.107325,41.258943],[-91.104462,41.262104],[-91.101142,41.267169],[-91.09894,41.271524],[-91.094162,41.282605],[-91.092034,41.286911],[-91.090703,41.289097],[-91.08688,41.294371],[-91.077505,41.301828],[-91.074841,41.305578],[-91.073795,41.309308],[-91.073232,41.31344],[-91.072667,41.322997],[-91.072113,41.32957],[-91.072045,41.333599],[-91.071555,41.339648],[-91.069763,41.350302],[-91.067586,41.359319],[-91.066232,41.366367],[-91.065058,41.369101],[-91.063746,41.370729],[-91.059971,41.375028],[-91.059607,41.375867],[-91.055598,41.380026],[-91.052389,41.383898],[-91.051106,41.386651],[-91.05087,41.393275],[-91.050328,41.400049],[-91.04931,41.40486],[-91.048259,41.409748],[-91.047818,41.410902],[-91.046782,41.412719],[-91.045063,41.414872],[-91.043988,41.415897],[-91.039872,41.418523],[-91.036378,41.420269],[-91.034725,41.420832],[-91.033184,41.421409],[-91.027787,41.423603],[-91.021295,41.424313],[-91.01198,41.425024],[-91.009578,41.425493],[-91.005846,41.426135],[-91.003368,41.427337],[-90.993969,41.430282],[-90.985886,41.433689],[-90.982913,41.434171],[-90.979815,41.434321],[-90.975168,41.433985],[-90.97317,41.43331],[-90.972689,41.433022],[-90.970557,41.431394],[-90.966662,41.430051],[-90.962095,41.429327],[-90.958864,41.428029],[-90.954735,41.42561],[-90.949032,41.424053],[-90.939668,41.423142],[-90.933802,41.421882],[-90.930691,41.421368],[-90.925795,41.422337],[-90.924343,41.42286],[-90.919351,41.425589],[-90.90935,41.428801],[-90.902667,41.430313],[-90.896583,41.432823],[-90.890471,41.435593],[-90.879778,41.441065],[-90.876117,41.443349],[-90.871352,41.445981],[-90.86924,41.447204],[-90.860626,41.451393],[-90.857554,41.452751],[-90.853604,41.453909],[-90.847458,41.455019],[-90.840755,41.455621],[-90.833817,41.455512],[-90.82903,41.455127],[-90.824736,41.454467],[-90.81677,41.454326],[-90.811973,41.454594],[-90.807283,41.454466],[-90.795066,41.453808],[-90.786282,41.452888],[-90.777583,41.451261],[-90.771672,41.450761],[-90.763471,41.450559],[-90.751706,41.449678],[-90.745946,41.44973],[-90.737537,41.450127],[-90.733441,41.450931],[-90.723325,41.452261],[-90.707858,41.453743],[-90.701159,41.454743],[-90.690951,41.456643],[-90.68724,41.457632],[-90.676439,41.460832],[-90.668939,41.460632],[-90.666239,41.460632],[-90.655839,41.462132],[-90.650238,41.465032],[-90.640238,41.473332],[-90.632205,41.478915],[-90.632008,41.479025],[-90.630738,41.479732],[-90.618537,41.485032],[-90.605936,41.494232],[-90.604237,41.497032],[-90.602137,41.506032],[-90.595237,41.511032],[-90.594541,41.51137],[-90.591037,41.512832],[-90.586236,41.514232],[-90.581615,41.515188],[-90.571136,41.516332],[-90.566223,41.518008],[-90.563836,41.519632],[-90.556235,41.524232],[-90.554935,41.524432],[-90.545535,41.525732],[-90.540935,41.526133],[-90.533035,41.524933],[-90.532497,41.524786],[-90.513189,41.519548],[-90.512909,41.519505],[-90.503633,41.518233],[-90.499852,41.518048],[-90.489487,41.518277],[-90.475295,41.51964],[-90.474332,41.519733],[-90.461432,41.523533],[-90.447731,41.534133],[-90.445231,41.536133],[-90.438431,41.544133],[-90.4339,41.548426],[-90.432731,41.549533],[-90.427231,41.551533],[-90.42453,41.552933],[-90.42223,41.554233],[-90.41883,41.559233],[-90.41583,41.562933],[-90.412984,41.565206],[-90.40573,41.568333],[-90.39793,41.572233],[-90.381329,41.576633],[-90.37878,41.577078],[-90.36467,41.579539],[-90.364566,41.579557],[-90.364128,41.579633],[-90.343228,41.587833],[-90.341528,41.590633],[-90.341072,41.592458],[-90.339891,41.597181],[-90.339528,41.598633],[-90.340744,41.611399],[-90.341028,41.614332],[-90.340918,41.616472],[-90.34194,41.623476],[-90.341971,41.627489],[-90.342811,41.638071],[-90.34333,41.640855],[-90.343452,41.646959],[-90.342872,41.649225],[-90.340229,41.655632],[-90.339859,41.656599],[-90.337653,41.661424],[-90.336729,41.664532],[-90.335729,41.670432],[-90.335349,41.674577],[-90.334525,41.679559],[-90.333936,41.680458],[-90.332481,41.682146],[-90.330222,41.683954],[-90.326957,41.68564],[-90.319924,41.689721],[-90.317315,41.69167],[-90.314687,41.69483],[-90.313052,41.699631],[-90.312667,41.704581],[-90.31332,41.709494],[-90.316106,41.71495],[-90.317474,41.718878],[-90.317668,41.722689],[-90.31613,41.728769],[-90.316562,41.728928],[-90.319676,41.730076],[-90.320715,41.730647],[-90.321936,41.732476],[-90.323646,41.733483],[-90.328896,41.73442],[-90.330117,41.735515],[-90.332408,41.738489],[-90.333874,41.739404],[-90.337078,41.739106],[-90.33946,41.740477],[-90.341731,41.740211],[-90.343183,41.738327],[-90.344251,41.735835],[-90.344891,41.733457],[-90.346508,41.733479],[-90.347729,41.732107],[-90.347728,41.730049],[-90.348888,41.729866],[-90.352369,41.7319],[-90.354946,41.731988],[-90.356673,41.731876],[-90.357802,41.731281],[-90.357923,41.730321],[-90.356671,41.729498],[-90.35664,41.7284],[-90.357525,41.727783],[-90.359636,41.727701],[-90.364178,41.727803],[-90.366041,41.728443],[-90.369095,41.730316],[-90.373064,41.732327],[-90.374508,41.734267],[-90.375907,41.734769],[-90.378044,41.734725],[-90.38143,41.736258],[-90.386407,41.736261],[-90.388329,41.737131],[-90.389642,41.736948],[-90.390254,41.735966],[-90.390346,41.734342],[-90.388242,41.732306],[-90.388304,41.731506],[-90.389586,41.730569],[-90.391387,41.730638],[-90.392608,41.731302],[-90.394622,41.731646],[-90.394957,41.733087],[-90.396971,41.733705],[-90.399048,41.731648],[-90.401826,41.730711],[-90.403628,41.729614],[-90.405489,41.729889],[-90.407931,41.729296],[-90.40961,41.729982],[-90.410525,41.731309],[-90.410188,41.733023],[-90.406464,41.734097],[-90.406249,41.735675],[-90.407653,41.736635],[-90.409728,41.737025],[-90.411041,41.737711],[-90.41168,41.740638],[-90.412504,41.741118],[-90.415131,41.740296],[-90.415986,41.739336],[-90.418093,41.73833],[-90.422581,41.737416],[-90.424809,41.736113],[-90.427526,41.736274],[-90.428167,41.737212],[-90.427098,41.738492],[-90.424809,41.738857],[-90.423526,41.739566],[-90.423099,41.740572],[-90.424044,41.742218],[-90.426548,41.743202],[-90.427463,41.74446],[-90.425936,41.747043],[-90.424165,41.749101],[-90.424201,41.750559],[-90.426032,41.752662],[-90.431284,41.754789],[-90.433093,41.755892],[-90.434205,41.756867],[-90.435325,41.758625],[-90.435528,41.759682],[-90.437208,41.76062],[-90.438154,41.759294],[-90.439498,41.758562],[-90.440811,41.758722],[-90.442582,41.76078],[-90.444934,41.761671],[-90.446583,41.763844],[-90.449333,41.764827],[-90.451104,41.764643],[-90.451696,41.764082],[-90.45315,41.76254],[-90.456539,41.760847],[-90.458462,41.758263],[-90.461149,41.757965],[-90.465181,41.759039],[-90.468328,41.762788],[-90.468879,41.766172],[-90.467322,41.76807],[-90.467262,41.768871],[-90.470073,41.77278],[-90.471723,41.773603],[-90.473617,41.773465],[-90.480213,41.771222],[-90.481312,41.770238],[-90.483785,41.768842],[-90.483937,41.766785],[-90.486136,41.766372],[-90.488213,41.767446],[-90.48971,41.767331],[-90.491816,41.765958],[-90.493649,41.766163],[-90.495786,41.765887],[-90.498537,41.767441],[-90.500135,41.767701],[-90.502561,41.767141],[-90.504301,41.767645],[-90.505369,41.768857],[-90.506651,41.769475],[-90.50879,41.768927],[-90.511113,41.766047],[-90.512794,41.765339],[-90.513801,41.765546],[-90.514869,41.766827],[-90.515234,41.769296],[-90.516333,41.770028],[-90.518075,41.770052],[-90.519999,41.770899],[-90.521802,41.771081],[-90.523175,41.772796],[-90.524397,41.772933],[-90.526383,41.772384],[-90.52791,41.773002],[-90.528336,41.773825],[-90.527511,41.774373],[-90.52797,41.77531],[-90.529345,41.775424],[-90.531727,41.774922],[-90.535764,41.775966],[-90.537616,41.776395],[-90.538143,41.775793],[-90.538937,41.772867],[-90.539823,41.771153],[-90.541014,41.767588],[-90.542113,41.766295],[-90.542816,41.765919],[-90.548711,41.769236],[-90.549994,41.768939],[-90.550269,41.767292],[-90.549537,41.763565],[-90.550911,41.763519],[-90.553263,41.764617],[-90.555405,41.764528],[-90.559637,41.763633],[-90.562322,41.764373],[-90.563783,41.765695],[-90.564763,41.765831],[-90.565966,41.764688],[-90.565081,41.763355],[-90.565416,41.762468],[-90.56648,41.76233],[-90.56793,41.763213],[-90.568218,41.763358],[-90.569937,41.763664],[-90.574856,41.761853],[-90.577207,41.759678],[-90.579131,41.759129],[-90.581544,41.760843],[-90.582888,41.7613],[-90.584141,41.763267],[-90.58769,41.76341],[-90.589028,41.764409],[-90.588907,41.766993],[-90.589314,41.767786],[-90.589187,41.769945],[-90.590702,41.770622],[-90.59242,41.770639],[-90.59523,41.769278],[-90.597092,41.767608],[-90.598892,41.763995],[-90.600083,41.762988],[-90.602953,41.762507],[-90.604726,41.762895],[-90.60662,41.763832],[-90.609889,41.76431],[-90.611263,41.763966],[-90.612513,41.761543],[-90.612357,41.759143],[-90.612844,41.758205],[-90.614643,41.756832],[-90.616284,41.756478],[-90.617608,41.757286],[-90.61816,41.758453],[-90.618161,41.759047],[-90.620331,41.761538],[-90.623632,41.76364],[-90.626525,41.764712],[-90.630679,41.765354],[-90.633154,41.763984],[-90.633827,41.761903],[-90.636364,41.760967],[-90.638532,41.761128],[-90.640761,41.7617],[-90.64238,41.761541],[-90.64403,41.760101],[-90.645131,41.75754],[-90.647209,41.75626],[-90.651454,41.755416],[-90.654141,41.75624],[-90.656125,41.757841],[-90.655849,41.760631],[-90.657528,41.762804],[-90.657436,41.764084],[-90.659756,41.765205],[-90.661161,41.765389],[-90.66388,41.764383],[-90.665823,41.764419],[-90.667851,41.764475],[-90.670051,41.76363],[-90.671883,41.762807],[-90.675213,41.761915],[-90.676526,41.760932],[-90.677565,41.758028],[-90.676099,41.75629],[-90.676344,41.75565],[-90.678786,41.754864],[-90.681749,41.754552],[-90.683123,41.755216],[-90.684223,41.756611],[-90.685383,41.757205],[-90.686971,41.756862],[-90.68746,41.75565],[-90.686513,41.753798],[-90.68688,41.752471],[-90.688315,41.751785],[-90.69314,41.750642],[-90.694342,41.748928],[-90.692742,41.747628],[-90.692042,41.746728],[-90.691167,41.745229],[-90.691642,41.743128],[-90.692342,41.742928],[-90.693703,41.743189],[-90.695642,41.743528],[-90.696342,41.743428],[-90.69668,41.743315],[-90.697542,41.743028],[-90.697649,41.742906],[-90.697887,41.74264],[-90.697977,41.742537],[-90.69825,41.74223],[-90.698342,41.742128],[-90.698842,41.741528],[-90.700627,41.740545],[-90.700902,41.740262],[-90.701817,41.738317],[-90.702142,41.737728],[-90.703572,41.737226],[-90.704542,41.737328],[-90.705089,41.737573],[-90.706258,41.738515],[-90.706742,41.739128],[-90.707036,41.740247],[-90.707738,41.740377],[-90.707942,41.740228],[-90.708409,41.740194],[-90.709462,41.739644],[-90.711095,41.739728],[-90.712117,41.739354],[-90.712514,41.738843],[-90.712529,41.738279],[-90.712331,41.73715],[-90.712682,41.735387],[-90.713475,41.73467],[-90.713902,41.734578],[-90.716573,41.735525],[-90.717842,41.736228],[-90.71996,41.736843],[-90.721843,41.736927],[-90.722341,41.736996],[-90.722921,41.73888],[-90.72492,41.741452],[-90.726187,41.742314],[-90.72756,41.742054],[-90.728704,41.740902],[-90.728643,41.739559],[-90.729743,41.738427],[-90.731588,41.737408],[-90.734426,41.738209],[-90.736152,41.740574],[-90.740261,41.741218],[-90.741632,41.741076],[-90.743643,41.741527],[-90.744146,41.741947],[-90.744696,41.742787],[-90.74523,41.743283],[-90.746143,41.743827],[-90.746618,41.743969],[-90.748114,41.743977],[-90.748926,41.74415],[-90.74933,41.744436],[-90.750144,41.745648],[-90.750715,41.746664],[-90.753034,41.748998],[-90.75331,41.750027],[-90.75267,41.751606],[-90.752974,41.752978],[-90.754744,41.754603],[-90.755017,41.756615],[-90.756665,41.758102],[-90.758436,41.758103],[-90.759931,41.759247],[-90.760327,41.760985],[-90.761883,41.762815],[-90.765028,41.7638],[-90.768296,41.765264],[-90.771472,41.765769],[-90.772082,41.767164],[-90.773456,41.76785],[-90.777091,41.76728],[-90.782174,41.768008],[-90.783688,41.768218],[-90.78546,41.769066],[-90.786212,41.771369],[-90.796555,41.771411],[-90.804744,41.771445],[-90.82102,41.77151],[-90.825635,41.771529],[-90.827139,41.771536],[-90.830653,41.771548],[-90.832541,41.771554],[-90.848133,41.771521],[-90.849819,41.77155],[-90.850387,41.771594],[-90.855797,41.771557],[-90.859227,41.771507],[-90.859744,41.771479],[-90.861647,41.771414],[-90.869616,41.771543],[-90.879013,41.771593],[-90.879143,41.771614],[-90.886902,41.771414],[-90.898373,41.771392],[-90.898361,41.773685],[-90.898326,41.778679],[-90.898317,41.780233],[-90.898167,41.792957],[-90.898179,41.798766],[-90.898427,41.804207],[-90.898359,41.810328],[-90.898436,41.815205],[-90.898482,41.82377],[-90.898348,41.833491],[-90.898329,41.836855],[-90.898593,41.837002],[-90.898501,41.84244],[-90.898467,41.844402],[-90.898465,41.844513],[-90.898319,41.851614],[-90.898388,41.851683],[-90.898276,41.858722],[-90.898323,41.876981],[-90.89836,41.887998],[-90.898405,41.8953],[-90.89846,41.905537],[-90.898464,41.906446],[-90.898771,41.907509],[-90.898941,41.918528],[-90.898337,41.920735],[-90.89845,41.922562],[-90.898434,41.924344],[-90.898461,41.928125],[-90.898611,41.944367],[-90.898484,41.946245],[-90.910902,41.946217],[-90.917904,41.946293],[-90.937301,41.946509],[-90.952066,41.946666],[-90.966628,41.946688],[-90.976503,41.946686],[-90.989057,41.946696],[-90.993253,41.946688],[-91.005342,41.94663],[-91.014978,41.946596],[-91.019933,41.946604],[-91.034687,41.946605],[-91.042342,41.946565],[-91.049474,41.946705],[-91.053429,41.946607],[-91.054409,41.946606],[-91.073579,41.94664],[-91.073708,41.946638],[-91.088334,41.946677],[-91.093178,41.946684],[-91.093397,41.946664],[-91.112665,41.946767],[-91.113084,41.946753],[-91.132172,41.946778],[-91.151821,41.946854],[-91.161455,41.946896],[-91.161691,41.946899],[-91.190922,41.94702],[-91.205944,41.947087],[-91.210218,41.947082],[-91.210574,41.947073],[-91.234488,41.947185],[-91.249113,41.947205],[-91.268737,41.947212],[-91.288315,41.947235],[-91.30767,41.947205],[-91.32775,41.947184],[-91.337515,41.947182],[-91.346392,41.947257],[-91.356414,41.94728],[-91.365877,41.94741],[-91.365974,41.926996],[-91.365977,41.926059],[-91.366006,41.918271],[-91.366014,41.916777],[-91.366138,41.903168],[-91.366119,41.893897],[-91.366166,41.879006],[-91.366208,41.865931],[-91.366221,41.860069],[-91.371115,41.860044],[-91.376657,41.860016],[-91.385705,41.859953],[-91.405131,41.859748],[-91.40597,41.859735],[-91.411988,41.859701],[-91.412642,41.859693],[-91.413145,41.859688],[-91.42453,41.85962],[-91.431393,41.859612],[-91.444102,41.859606],[-91.463493,41.859594],[-91.481936,41.859762],[-91.493335,41.859851],[-91.503618,41.85995],[-91.516339,41.86006],[-91.525228,41.860112],[-91.526994,41.860122],[-91.530935,41.860133],[-91.534844,41.860162],[-91.549131,41.860269],[-91.554237,41.860315],[-91.55924,41.860361],[-91.559596,41.860366],[-91.575074,41.860487],[-91.579731,41.860531],[-91.579997,41.86053],[-91.597895,41.860726],[-91.617191,41.860984],[-91.636318,41.861221],[-91.646345,41.861308],[-91.656074,41.861415],[-91.665836,41.86153],[-91.668763,41.861581],[-91.669078,41.861579],[-91.669465,41.861585],[-91.675417,41.86169],[-91.676719,41.861705],[-91.694751,41.861906],[-91.695256,41.861907],[-91.699908,41.861935],[-91.714518,41.862035],[-91.719721,41.862017],[-91.733978,41.861985],[-91.743755,41.861979],[-91.763311,41.861933],[-91.784337,41.861914],[-91.792403,41.861903],[-91.816813,41.86187],[-91.827109,41.861853],[-91.831379,41.861851],[-91.850716,41.8617],[-91.855509,41.861723],[-91.870142,41.861643],[-91.889463,41.86162],[-91.889551,41.861621],[-91.901223,41.861562],[-91.908667,41.861606],[-91.928196,41.861735],[-91.928258,41.861736],[-91.947732,41.861856],[-91.957338,41.861982],[-91.96225,41.862039],[-91.967131,41.862071],[-91.98637,41.862162],[-92.000179,41.862447],[-92.005945,41.862373],[-92.024192,41.862525],[-92.030149,41.86254],[-92.035086,41.862578],[-92.054513,41.862693],[-92.054515,41.862719],[-92.064458,41.862984],[-92.077001,41.863005],[-92.090225,41.862937],[-92.099801,41.862878],[-92.103507,41.862869],[-92.110664,41.862749],[-92.113223,41.86275],[-92.122538,41.862731],[-92.122682,41.862729],[-92.127159,41.862707],[-92.141881,41.862652],[-92.156705,41.862626],[-92.158419,41.86265],[-92.181143,41.862601],[-92.186647,41.862593],[-92.190253,41.862684],[-92.191315,41.862692],[-92.196837,41.862733],[-92.197515,41.862738],[-92.198104,41.862742],[-92.198619,41.862706],[-92.200873,41.862701],[-92.23022,41.86273],[-92.230925,41.862979],[-92.239153,41.862922],[-92.239527,41.863057],[-92.264888,41.862886],[-92.277892,41.862863],[-92.28944,41.862841],[-92.298164,41.862779],[-92.327547,41.862698],[-92.350172,41.862608],[-92.356998,41.862538],[-92.366056,41.862509],[-92.375185,41.862442],[-92.386016,41.862528],[-92.390796,41.862551],[-92.391777,41.862492],[-92.401037,41.862495],[-92.415599,41.862508],[-92.425536,41.862511],[-92.430288,41.862512],[-92.450098,41.862466],[-92.454328,41.86246],[-92.454803,41.862459],[-92.461788,41.862449],[-92.46784,41.862437],[-92.473909,41.862439],[-92.493225,41.862361],[-92.507136,41.862276],[-92.512832,41.862305],[-92.533093,41.8622],[-92.539943,41.862215],[-92.542737,41.862247],[-92.552489,41.86225],[-92.557353,41.862258],[-92.558756,41.862279],[-92.562202,41.862267],[-92.566838,41.862288],[-92.571931,41.862275],[-92.59114,41.862267],[-92.601052,41.862289],[-92.610553,41.86228],[-92.620836,41.862268],[-92.630203,41.862239],[-92.649665,41.862311],[-92.658064,41.862241],[-92.669089,41.862267],[-92.675293,41.862222],[-92.678541,41.862222],[-92.688516,41.862282],[-92.707994,41.862314],[-92.727448,41.862384],[-92.746901,41.862426],[-92.750193,41.862208],[-92.755656,41.862273],[-92.765999,41.862373],[-92.781092,41.862394],[-92.785432,41.862384],[-92.795063,41.862383],[-92.804779,41.862372],[-92.81152,41.862344],[-92.821846,41.862267],[-92.833917,41.862274],[-92.863094,41.862348],[-92.883217,41.862381],[-92.902676,41.86244],[-92.922085,41.862496],[-92.941533,41.862521],[-92.942014,41.862518],[-92.960158,41.862508],[-92.960927,41.862508],[-92.972102,41.862518],[-92.980334,41.862518],[-92.999781,41.862476],[-93.009404,41.862503],[-93.009799,41.862505],[-93.01916,41.86254],[-93.038569,41.862611],[-93.048246,41.862631],[-93.057954,41.862627],[-93.060655,41.862638],[-93.077404,41.862636],[-93.096836,41.862631],[-93.113691,41.862657],[-93.116197,41.862651],[-93.121611,41.862655],[-93.135458,41.862658],[-93.154796,41.862617],[-93.174098,41.862689],[-93.193434,41.862781],[-93.193891,41.86277],[-93.194753,41.862761],[-93.203663,41.862746],[-93.210859,41.862759],[-93.212732,41.862759],[-93.229493,41.862778],[-93.231613,41.862715],[-93.231858,41.862711]]]]}},{"type":"Feature","properties":{"id":3,"NAME":"3","TotalPop":798112,"PopDevPct":0.00065165,"DemPct":0.46297182,"RepPct":0.51963339,"WhitePct":0.83099285,"MinorityPct":0.16900715,"BlackPct":0.04935252,"HispanicPct":0.0624392,"PacificPct":0.00137737,"AsianPct":0.03587112,"NativePct":0.01681087,"TotalVAP":605501,"Margin":-0.03702818,"color":"#8B008B","opacity":"0.5"},"geometry":{"type":"MultiPolygon","coordinates":[[[[-94.914709,40.649683],[-94.914685,40.650895],[-94.914569,40.65696],[-94.914429,40.6641],[-94.91471,40.666024],[-94.914402,40.678501],[-94.91426,40.684632],[-94.913803,40.692867],[-94.913735,40.695738],[-94.91365,40.703683],[-94.913558,40.707287],[-94.913124,40.727285],[-94.920538,40.727351],[-94.922628,40.727373],[-94.928529,40.727399],[-94.928313,40.738888],[-94.928372,40.742001],[-94.928448,40.748934],[-94.928276,40.749177],[-94.928938,40.750742],[-94.928848,40.767338],[-94.928787,40.775302],[-94.928557,40.784958],[-94.92847,40.785489],[-94.92847,40.78609],[-94.92837,40.78902],[-94.928438,40.793209],[-94.928606,40.803886],[-94.928611,40.805311],[-94.928664,40.813596],[-94.928662,40.814183],[-94.928615,40.820916],[-94.928933,40.823869],[-94.928932,40.828306],[-94.928734,40.835405],[-94.928924,40.842899],[-94.9289,40.857067],[-94.928867,40.871532],[-94.92862,40.874988],[-94.928758,40.88985],[-94.928501,40.890227],[-94.928459,40.900653],[-94.913663,40.900685],[-94.900534,40.900704],[-94.895796,40.900655],[-94.882256,40.900585],[-94.87201,40.900602],[-94.857717,40.900601],[-94.853008,40.900605],[-94.842749,40.900785],[-94.83855,40.900709],[-94.833891,40.900583],[-94.817186,40.900597],[-94.816179,40.900595],[-94.814858,40.900597],[-94.814826,40.900597],[-94.795287,40.90061],[-94.776217,40.900535],[-94.774471,40.900521],[-94.761443,40.9004],[-94.757212,40.900341],[-94.755588,40.90042],[-94.750251,40.900454],[-94.738292,40.900159],[-94.723775,40.900029],[-94.719262,40.899989],[-94.707946,40.899913],[-94.700347,40.89995],[-94.700152,40.899817],[-94.685387,40.899774],[-94.681694,40.899763],[-94.680633,40.899756],[-94.652121,40.899686],[-94.642618,40.899673],[-94.63496,40.899664],[-94.623627,40.899603],[-94.615787,40.899592],[-94.606529,40.899569],[-94.604592,40.899575],[-94.587628,40.899516],[-94.585531,40.899529],[-94.565604,40.899397],[-94.556373,40.899414],[-94.55626,40.899414],[-94.549424,40.899425],[-94.547281,40.899379],[-94.546735,40.899362],[-94.527717,40.899367],[-94.527389,40.899361],[-94.527074,40.899356],[-94.515988,40.899364],[-94.508719,40.89938],[-94.506059,40.899382],[-94.489692,40.899438],[-94.479216,40.899416],[-94.470779,40.899502],[-94.470592,40.906545],[-94.470587,40.906745],[-94.47053,40.910338],[-94.470454,40.916826],[-94.470539,40.921151],[-94.470552,40.929927],[-94.47051,40.935483],[-94.470509,40.935951],[-94.470467,40.942733],[-94.470452,40.949938],[-94.47046,40.957201],[-94.470493,40.968028],[-94.47049,40.97233],[-94.470498,40.978804],[-94.470513,40.985578],[-94.470788,40.999159],[-94.470811,41.000039],[-94.471094,41.014522],[-94.471252,41.022269],[-94.47118,41.028997],[-94.471097,41.039661],[-94.471059,41.043597],[-94.471046,41.044497],[-94.470945,41.045067],[-94.470898,41.052792],[-94.470749,41.057918],[-94.470529,41.0714],[-94.470621,41.085818],[-94.470558,41.100222],[-94.47056,41.107076],[-94.470504,41.114946],[-94.470711,41.12904],[-94.470637,41.138786],[-94.470666,41.143492],[-94.470603,41.157566],[-94.452435,41.15755],[-94.439223,41.157561],[-94.433323,41.157546],[-94.414199,41.157527],[-94.401618,41.157522],[-94.395183,41.157511],[-94.376055,41.157455],[-94.357061,41.157449],[-94.337208,41.157434],[-94.324935,41.157452],[-94.3236,41.157428],[-94.321746,41.157395],[-94.308658,41.157327],[-94.299124,41.157331],[-94.289556,41.157319],[-94.260809,41.157208],[-94.25956,41.157199],[-94.248626,41.157156],[-94.241637,41.157134],[-94.237093,41.157129],[-94.222967,41.157018],[-94.207346,41.157055],[-94.203903,41.157039],[-94.184979,41.157012],[-94.181663,41.156663],[-94.179403,41.15672],[-94.171143,41.156918],[-94.166002,41.157052],[-94.161456,41.157031],[-94.147072,41.156797],[-94.142111,41.156809],[-94.12786,41.15684],[-94.1096,41.156852],[-94.090481,41.156771],[-94.080894,41.156768],[-94.071652,41.156681],[-94.050618,41.156736],[-94.047668,41.156735],[-94.033461,41.156712],[-94.023796,41.15678],[-94.014189,41.156762],[-93.994384,41.156696],[-93.97535,41.156726],[-93.965718,41.156739],[-93.951408,41.156732],[-93.936094,41.156785],[-93.927548,41.156742],[-93.917935,41.15654],[-93.917711,41.156535],[-93.916929,41.15667],[-93.898813,41.15661],[-93.885634,41.15724],[-93.884645,41.157105],[-93.875223,41.157768],[-93.865178,41.157995],[-93.855147,41.158638],[-93.84482,41.159163],[-93.826547,41.160169],[-93.822479,41.160448],[-93.808351,41.161162],[-93.803399,41.161366],[-93.793642,41.161669],[-93.789196,41.162035],[-93.784436,41.16208],[-93.784202,41.162082],[-93.77936,41.162126],[-93.760358,41.162084],[-93.750764,41.162113],[-93.738662,41.161978],[-93.731047,41.161931],[-93.711814,41.161917],[-93.69733,41.161865],[-93.693524,41.161865],[-93.68763,41.161855],[-93.682162,41.161742],[-93.673283,41.161785],[-93.663439,41.161662],[-93.663336,41.16166],[-93.65821,41.161676],[-93.638254,41.161609],[-93.632321,41.1616],[-93.605257,41.161587],[-93.600856,41.161581],[-93.596389,41.161547],[-93.577943,41.161327],[-93.576806,41.161374],[-93.557556,41.161271],[-93.543434,41.161218],[-93.541833,41.161311],[-93.541254,41.1613],[-93.540239,41.161192],[-93.538623,41.161167],[-93.53464,41.161147],[-93.53373,41.16111],[-93.533342,41.161105],[-93.499972,41.160946],[-93.480585,41.160767],[-93.466292,41.160665],[-93.461259,41.160582],[-93.451597,41.160554],[-93.441764,41.160537],[-93.423328,41.160629],[-93.422625,41.160617],[-93.418538,41.160544],[-93.403397,41.160507],[-93.38578,41.160551],[-93.384456,41.160549],[-93.366037,41.160543],[-93.351616,41.160585],[-93.351448,41.160585],[-93.344918,41.160576],[-93.340339,41.160578],[-93.338808,41.160583],[-93.327886,41.160659],[-93.327948,41.166454],[-93.327996,41.17509],[-93.32791,41.178785],[-93.327908,41.182739],[-93.327986,41.189591],[-93.327943,41.196568],[-93.327945,41.198419],[-93.327944,41.198721],[-93.328013,41.200558],[-93.327941,41.20415],[-93.327964,41.207158],[-93.32797,41.215626],[-93.327977,41.216455],[-93.327987,41.217604],[-93.327945,41.220404],[-93.328101,41.233229],[-93.328198,41.244118],[-93.328336,41.24798],[-93.32823,41.255295],[-93.32824,41.266377],[-93.328274,41.277099],[-93.328281,41.280725],[-93.328299,41.291572],[-93.328317,41.30239],[-93.328324,41.306008],[-93.328351,41.320523],[-93.328359,41.325233],[-93.328363,41.327768],[-93.328363,41.334637],[-93.328362,41.334871],[-93.328346,41.342723],[-93.328388,41.345759],[-93.328411,41.355884],[-93.328402,41.358219],[-93.328382,41.363698],[-93.328294,41.371088],[-93.328402,41.381527],[-93.328128,41.382423],[-93.328189,41.391432],[-93.328237,41.396282],[-93.328286,41.407335],[-93.328223,41.414684],[-93.328208,41.421691],[-93.328232,41.435666],[-93.328233,41.436021],[-93.328236,41.436341],[-93.328242,41.437076],[-93.328264,41.439215],[-93.328383,41.446411],[-93.328311,41.450639],[-93.32835,41.464955],[-93.328389,41.466627],[-93.328426,41.472298],[-93.328433,41.47271],[-93.328539,41.47934],[-93.328403,41.489588],[-93.328407,41.490921],[-93.328486,41.49134],[-93.328476,41.492574],[-93.328476,41.492626],[-93.32844,41.497113],[-93.328614,41.507824],[-93.328726,41.522271],[-93.32883,41.52955],[-93.328899,41.534309],[-93.328963,41.542278],[-93.328973,41.544173],[-93.328949,41.562451],[-93.328921,41.573082],[-93.328853,41.584281],[-93.328682,41.600907],[-93.328681,41.601148],[-93.348681,41.600999],[-93.348594,41.615444],[-93.348589,41.619177],[-93.348533,41.64075],[-93.34853,41.641702],[-93.348512,41.647916],[-93.348501,41.650369],[-93.348461,41.658811],[-93.348483,41.666042],[-93.348465,41.667824],[-93.348465,41.668237],[-93.348467,41.669741],[-93.348451,41.671753],[-93.348439,41.673252],[-93.348375,41.676355],[-93.348365,41.67683],[-93.348464,41.680741],[-93.348464,41.680957],[-93.348449,41.684418],[-93.348444,41.685065],[-93.348508,41.688406],[-93.348463,41.702869],[-93.348463,41.716944],[-93.34847,41.717318],[-93.348474,41.717493],[-93.348231,41.721624],[-93.348367,41.731831],[-93.348344,41.73909],[-93.348332,41.743848],[-93.348328,41.744563],[-93.34832,41.746287],[-93.348319,41.746466],[-93.348211,41.76077],[-93.348145,41.776636],[-93.348022,41.783544],[-93.348019,41.783834],[-93.348121,41.791128],[-93.348151,41.805577],[-93.348098,41.820003],[-93.347975,41.826822],[-93.347975,41.828879],[-93.347996,41.829988],[-93.348064,41.834764],[-93.348064,41.83508],[-93.348056,41.838077],[-93.348008,41.848933],[-93.347933,41.863104],[-93.367314,41.863189],[-93.382023,41.863177],[-93.387838,41.863189],[-93.395908,41.863213],[-93.406059,41.863153],[-93.425334,41.863137],[-93.444659,41.863207],[-93.463437,41.863213],[-93.473161,41.863172],[-93.4825,41.863119],[-93.492689,41.863116],[-93.498185,41.863162],[-93.50704,41.862982],[-93.507587,41.862996],[-93.51991,41.863121],[-93.526677,41.863288],[-93.531645,41.863211],[-93.546241,41.863211],[-93.560821,41.863204],[-93.570239,41.863211],[-93.571161,41.863214],[-93.571445,41.863215],[-93.580878,41.863218],[-93.600376,41.863212],[-93.619968,41.863215],[-93.629639,41.863266],[-93.639406,41.8633],[-93.658865,41.863346],[-93.678349,41.863365],[-93.688093,41.863371],[-93.692008,41.863357],[-93.693161,41.863359],[-93.694618,41.863363],[-93.696032,41.863362],[-93.69682,41.863359],[-93.698032,41.86337],[-93.699215,41.863347],[-93.70038,41.863348],[-93.702844,41.863351],[-93.707789,41.863356],[-93.717528,41.863367],[-93.737089,41.863389],[-93.746872,41.863398],[-93.756609,41.863406],[-93.759748,41.863416],[-93.776167,41.863469],[-93.783862,41.863455],[-93.795756,41.863434],[-93.815721,41.863419],[-93.815784,41.853252],[-93.815589,41.849452],[-93.815336,41.842027],[-93.815249,41.834806],[-93.815292,41.827523],[-93.815151,41.823402],[-93.815124,41.81426],[-93.815023,41.812935],[-93.815048,41.807097],[-93.815033,41.804245],[-93.815032,41.803985],[-93.815021,41.802446],[-93.814992,41.798608],[-93.814856,41.784114],[-93.814892,41.776928],[-93.814796,41.773386],[-93.814749,41.768334],[-93.814724,41.765774],[-93.814675,41.761107],[-93.81463,41.757905],[-93.814609,41.755639],[-93.8146,41.755007],[-93.814585,41.75211],[-93.814584,41.752045],[-93.814599,41.750819],[-93.814691,41.750568],[-93.814676,41.746516],[-93.814641,41.736099],[-93.814627,41.731933],[-93.814537,41.717456],[-93.814507,41.710167],[-93.814472,41.706139],[-93.814466,41.705368],[-93.814447,41.702921],[-93.814447,41.702884],[-93.814428,41.695681],[-93.814426,41.695139],[-93.814422,41.69361],[-93.81441,41.688432],[-93.814445,41.676583],[-93.814456,41.67294],[-93.814465,41.66565],[-93.814476,41.658379],[-93.814436,41.654278],[-93.814419,41.652467],[-93.814406,41.651109],[-93.814375,41.647955],[-93.814356,41.645931],[-93.814347,41.64504],[-93.814337,41.643847],[-93.814338,41.641945],[-93.814339,41.639514],[-93.814324,41.636902],[-93.814326,41.632979],[-93.814432,41.629424],[-93.81444,41.629318],[-93.814463,41.629058],[-93.814333,41.625406],[-93.814324,41.622629],[-93.814322,41.622059],[-93.814318,41.620875],[-93.814311,41.619058],[-93.814306,41.617583],[-93.814302,41.61642],[-93.814297,41.614868],[-93.814267,41.612317],[-93.814259,41.611219],[-93.814266,41.609732],[-93.814265,41.608597],[-93.814265,41.607745],[-93.814264,41.607689],[-93.814262,41.607028],[-93.814255,41.605486],[-93.814259,41.604623],[-93.814262,41.604167],[-93.814267,41.603169],[-93.814272,41.602343],[-93.814282,41.600456],[-93.808885,41.600457],[-93.804849,41.600448],[-93.800852,41.600436],[-93.794331,41.600407],[-93.794164,41.600407],[-93.790632,41.600425],[-93.790625,41.597908],[-93.790674,41.595416],[-93.790678,41.595228],[-93.790665,41.595177],[-93.790648,41.595102],[-93.790602,41.592278],[-93.790602,41.592072],[-93.790601,41.5896],[-93.79058,41.587566],[-93.790547,41.5844],[-93.790543,41.583016],[-93.79054,41.582164],[-93.790537,41.581287],[-93.790535,41.580408],[-93.79053,41.578396],[-93.790528,41.577344],[-93.790527,41.57681],[-93.790526,41.576417],[-93.790526,41.57546],[-93.790526,41.575358],[-93.790526,41.575035],[-93.790526,41.575025],[-93.790526,41.574774],[-93.790525,41.573938],[-93.790524,41.571265],[-93.790523,41.569404],[-93.790511,41.566725],[-93.790513,41.56391],[-93.790514,41.563693],[-93.790519,41.561379],[-93.790527,41.559065],[-93.790563,41.548115],[-93.790548,41.546123],[-93.790622,41.5438],[-93.790567,41.540826],[-93.790524,41.538507],[-93.790523,41.536898],[-93.790527,41.535493],[-93.790523,41.535389],[-93.790523,41.535089],[-93.790523,41.533769],[-93.790523,41.533758],[-93.790523,41.533385],[-93.790542,41.519234],[-93.790623,41.516245],[-93.790463,41.513653],[-93.790612,41.511916],[-93.796415,41.511429],[-93.798959,41.511141],[-93.814623,41.509926],[-93.815851,41.509934],[-93.82402,41.50912],[-93.828641,41.508746],[-93.833386,41.508395],[-93.842883,41.507652],[-93.847526,41.507231],[-93.855704,41.506625],[-93.86195,41.506091],[-93.862027,41.506006],[-93.862049,41.505973],[-93.862124,41.505958],[-93.862209,41.505941],[-93.862824,41.505894],[-93.862851,41.505892],[-93.862872,41.50589],[-93.863041,41.505877],[-93.864497,41.505717],[-93.86475,41.505705],[-93.866766,41.505609],[-93.873903,41.505124],[-93.875651,41.505068],[-93.88166,41.504541],[-93.891013,41.503564],[-93.897118,41.503099],[-93.906605,41.50314],[-93.925873,41.503225],[-93.935089,41.503244],[-93.94035,41.503264],[-93.954774,41.503254],[-93.974045,41.50324],[-93.982211,41.503263],[-93.984759,41.50327],[-93.998207,41.503309],[-94.000236,41.503182],[-94.012762,41.503191],[-94.013752,41.503191],[-94.030077,41.503204],[-94.031179,41.503169],[-94.031966,41.503169],[-94.051172,41.503162],[-94.060843,41.503155],[-94.080085,41.503142],[-94.096398,41.503135],[-94.123452,41.503173],[-94.127172,41.503103],[-94.13063,41.503122],[-94.132061,41.503131],[-94.175178,41.503362],[-94.185002,41.503417],[-94.187798,41.50343],[-94.189801,41.503444],[-94.194843,41.503698],[-94.195475,41.503493],[-94.20396,41.503602],[-94.204266,41.50348],[-94.208804,41.503533],[-94.209193,41.503537],[-94.213947,41.503532],[-94.22352,41.503561],[-94.233578,41.503647],[-94.241593,41.503679],[-94.241576,41.509172],[-94.24146,41.509794],[-94.241424,41.517321],[-94.241423,41.517855],[-94.241423,41.518203],[-94.24142,41.521843],[-94.241371,41.561622],[-94.241376,41.564181],[-94.241361,41.576047],[-94.241361,41.586911],[-94.241356,41.600971],[-94.249116,41.601044],[-94.264683,41.601154],[-94.274702,41.601254],[-94.280057,41.601312],[-94.280057,41.60497],[-94.279996,41.614946],[-94.279995,41.615286],[-94.279966,41.622853],[-94.280002,41.62578],[-94.279866,41.626164],[-94.279913,41.63377],[-94.279917,41.637354],[-94.279896,41.644639],[-94.279922,41.645691],[-94.279905,41.651847],[-94.280057,41.666345],[-94.280323,41.680785],[-94.280496,41.688326],[-94.280505,41.702807],[-94.280619,41.717271],[-94.28067,41.731711],[-94.280729,41.74617],[-94.280782,41.76061],[-94.280781,41.766772],[-94.280724,41.776568],[-94.280696,41.790979],[-94.280626,41.805442],[-94.280573,41.819828],[-94.280535,41.834405],[-94.28047,41.848721],[-94.280461,41.853694],[-94.28034,41.862999],[-94.289498,41.86302],[-94.295686,41.862943],[-94.30937,41.863018],[-94.310561,41.862963],[-94.32645,41.863029],[-94.338296,41.86301],[-94.357601,41.863042],[-94.361584,41.863061],[-94.367238,41.863081],[-94.386842,41.863066],[-94.396445,41.863123],[-94.406088,41.863173],[-94.415741,41.863192],[-94.435063,41.863218],[-94.449771,41.863238],[-94.454383,41.863244],[-94.46689,41.863244],[-94.473681,41.863232],[-94.478554,41.863231],[-94.483462,41.863231],[-94.492951,41.863235],[-94.507898,41.863308],[-94.512959,41.863252],[-94.53227,41.863243],[-94.551577,41.863194],[-94.570929,41.86322],[-94.599894,41.863137],[-94.613669,41.862971],[-94.628724,41.862763],[-94.628885,41.870065],[-94.629026,41.877351],[-94.629172,41.88205],[-94.629412,41.891777],[-94.629622,41.906227],[-94.629613,41.920686],[-94.629463,41.935096],[-94.629347,41.950329],[-94.629345,41.950505],[-94.629273,41.964769],[-94.629235,41.968464],[-94.629214,41.979231],[-94.629218,41.993657],[-94.62917,42.008104],[-94.629164,42.022538],[-94.629133,42.028571],[-94.629147,42.034635],[-94.629116,42.038536],[-94.629117,42.039265],[-94.629112,42.042741],[-94.629098,42.049032],[-94.629051,42.053244],[-94.628955,42.063479],[-94.628947,42.077882],[-94.628952,42.084725],[-94.62896,42.085063],[-94.628921,42.091798],[-94.628925,42.092119],[-94.628952,42.097093],[-94.628956,42.106583],[-94.628983,42.113747],[-94.629003,42.122963],[-94.628996,42.130158],[-94.628973,42.137385],[-94.628988,42.15183],[-94.629077,42.157494],[-94.629032,42.159067],[-94.628961,42.166267],[-94.62881,42.180689],[-94.628812,42.195132],[-94.628806,42.209396],[-94.645024,42.209427],[-94.648259,42.209542],[-94.667486,42.209537],[-94.674807,42.209658],[-94.686947,42.209492],[-94.696852,42.209456],[-94.69934,42.209605],[-94.706412,42.209598],[-94.70802,42.209673],[-94.725798,42.209609],[-94.744903,42.209523],[-94.750258,42.209332],[-94.754779,42.209461],[-94.774198,42.20966],[-94.780059,42.209669],[-94.783847,42.209681],[-94.803304,42.209752],[-94.822743,42.209691],[-94.841592,42.209764],[-94.858412,42.209692],[-94.877836,42.209789],[-94.89727,42.209793],[-94.916708,42.209856],[-94.936146,42.209841],[-94.955616,42.209839],[-94.975249,42.209936],[-94.990567,42.209995],[-94.994683,42.210019],[-95.01411,42.210172],[-95.025246,42.21025],[-95.033495,42.210272],[-95.052864,42.210326],[-95.072265,42.210415],[-95.090851,42.210405],[-95.091007,42.196121],[-95.091008,42.19609],[-95.091126,42.18165],[-95.09123,42.167208],[-95.091232,42.167012],[-95.091274,42.160172],[-95.091283,42.152802],[-95.091278,42.138398],[-95.091304,42.128213],[-95.091329,42.123956],[-95.091398,42.114827],[-95.091399,42.114445],[-95.091465,42.108129],[-95.091522,42.101884],[-95.091602,42.09368],[-95.09169,42.086469],[-95.091798,42.079265],[-95.091797,42.075207],[-95.091788,42.074157],[-95.091819,42.073575],[-95.091814,42.073203],[-95.091818,42.064872],[-95.09184,42.050426],[-95.091908,42.036064],[-95.091982,42.022833],[-95.092123,42.008413],[-95.092128,41.994031],[-95.092289,41.979586],[-95.092476,41.965183],[-95.092544,41.950801],[-95.092641,41.935386],[-95.092654,41.920971],[-95.092787,41.909638],[-95.092794,41.90662],[-95.092797,41.898784],[-95.092935,41.892223],[-95.093084,41.882501],[-95.092944,41.877806],[-95.09293,41.874456],[-95.092861,41.863374],[-95.112109,41.863356],[-95.12071,41.863474],[-95.131438,41.863513],[-95.150791,41.863516],[-95.17014,41.863477],[-95.188738,41.863521],[-95.189301,41.86352],[-95.198727,41.863565],[-95.209023,41.863709],[-95.228325,41.863809],[-95.247645,41.863914],[-95.266866,41.863841],[-95.286203,41.864028],[-95.292351,41.864081],[-95.302131,41.864123],[-95.303456,41.864126],[-95.305511,41.86413],[-95.324076,41.864182],[-95.324813,41.8641],[-95.32484,41.864121],[-95.333402,41.86412],[-95.344189,41.863999],[-95.349071,41.863997],[-95.353796,41.863948],[-95.363659,41.86385],[-95.366497,41.863881],[-95.373224,41.863846],[-95.374523,41.863841],[-95.38299,41.863798],[-95.383285,41.863673],[-95.392545,41.863601],[-95.402205,41.863538],[-95.408946,41.863314],[-95.424177,41.863222],[-95.429065,41.863273],[-95.440528,41.863236],[-95.45336,41.863262],[-95.459662,41.863164],[-95.478654,41.863284],[-95.479224,41.863279],[-95.491979,41.863367],[-95.493829,41.863374],[-95.51316,41.863472],[-95.537509,41.863536],[-95.550475,41.863517],[-95.557277,41.863449],[-95.561292,41.863358],[-95.569022,41.863424],[-95.589534,41.863307],[-95.595997,41.8633],[-95.596074,41.8633],[-95.59765,41.863303],[-95.59807,41.863303],[-95.602755,41.863309],[-95.611433,41.863309],[-95.622841,41.863275],[-95.626954,41.863275],[-95.666656,41.863235],[-95.672771,41.863147],[-95.672596,41.867295],[-95.672708,41.877321],[-95.67255,41.877574],[-95.672456,41.883474],[-95.672618,41.88489],[-95.67252,41.894197],[-95.67253,41.895719],[-95.672508,41.909327],[-95.67251,41.909658],[-95.672422,41.921107],[-95.672253,41.935656],[-95.672103,41.937954],[-95.67222,41.943327],[-95.672152,41.950315],[-95.672109,41.961264],[-95.672073,41.964822],[-95.671989,41.972628],[-95.672032,41.980574],[-95.671929,41.985452],[-95.672011,41.993886],[-95.672163,41.994098],[-95.671913,41.994858],[-95.671891,42.008353],[-95.671902,42.011753],[-95.671875,42.014607],[-95.672098,42.01741],[-95.672207,42.028787],[-95.671689,42.034531],[-95.671751,42.037435],[-95.671683,42.041585],[-95.671607,42.043296],[-95.671563,42.045441],[-95.671701,42.048705],[-95.671699,42.048814],[-95.671706,42.051941],[-95.671941,42.060833],[-95.671714,42.066466],[-95.671782,42.080987],[-95.671654,42.095518],[-95.671322,42.110024],[-95.671241,42.116935],[-95.671397,42.122487],[-95.671155,42.124497],[-95.671102,42.13186],[-95.671036,42.13882],[-95.670898,42.138985],[-95.670894,42.145253],[-95.6709,42.145492],[-95.670898,42.146238],[-95.671032,42.153444],[-95.670825,42.167529],[-95.670823,42.167883],[-95.670721,42.175114],[-95.670639,42.182392],[-95.670583,42.196874],[-95.670692,42.205253],[-95.670822,42.211408],[-95.677024,42.211282],[-95.683679,42.2115],[-95.693196,42.211385],[-95.697509,42.211484],[-95.709667,42.211462],[-95.723964,42.211473],[-95.729082,42.211476],[-95.738865,42.21149],[-95.75096,42.211471],[-95.759646,42.211295],[-95.76392,42.211365],[-95.766824,42.211497],[-95.768416,42.211488],[-95.787143,42.211746],[-95.795471,42.211528],[-95.806661,42.211684],[-95.80999,42.211735],[-95.81588,42.211487],[-95.825024,42.211647],[-95.826086,42.211534],[-95.845255,42.211586],[-95.85639,42.211523],[-95.864848,42.211614],[-95.884303,42.211403],[-95.896628,42.211464],[-95.904124,42.211464],[-95.908712,42.21135],[-95.913736,42.211531],[-95.921006,42.211645],[-95.927829,42.211524],[-95.938988,42.211396],[-95.94235,42.211439],[-95.96686,42.211906],[-95.976918,42.211923],[-95.98167,42.211838],[-95.984846,42.211849],[-96.00059,42.211762],[-96.019882,42.211687],[-96.027944,42.211885],[-96.044775,42.212305],[-96.057348,42.212698],[-96.058486,42.212649],[-96.07739,42.212827],[-96.077694,42.212651],[-96.078448,42.212642],[-96.097102,42.21276],[-96.106186,42.212939],[-96.11145,42.213008],[-96.116315,42.213063],[-96.135394,42.21355],[-96.154634,42.213879],[-96.174046,42.214],[-96.193564,42.214177],[-96.212769,42.214368],[-96.215229,42.214393],[-96.215577,42.214379],[-96.222438,42.214427],[-96.24094,42.214571],[-96.24122,42.214626],[-96.25144,42.214644],[-96.270774,42.214785],[-96.290126,42.214808],[-96.303286,42.214817],[-96.309608,42.214823],[-96.329079,42.214848],[-96.348719,42.214882],[-96.35656,42.215002],[-96.358146,42.214086],[-96.35916,42.212168],[-96.35987,42.210553],[-96.358741,42.208165],[-96.357041,42.205832],[-96.351203,42.200401],[-96.348474,42.196146],[-96.348097,42.194074],[-96.347565,42.193519],[-96.346909,42.189996],[-96.347278,42.185774],[-96.348095,42.183398],[-96.349469,42.180579],[-96.350268,42.177943],[-96.350422,42.175227],[-96.349688,42.170702],[-96.348602,42.168027],[-96.346688,42.164686],[-96.344905,42.162376],[-96.341571,42.15908],[-96.3363,42.155674],[-96.329641,42.153255],[-96.326855,42.152324],[-96.323993,42.150542],[-96.32074,42.147928],[-96.318333,42.145268],[-96.316384,42.141947],[-96.31482,42.137688],[-96.312624,42.134655],[-96.309758,42.132101],[-96.305012,42.129295],[-96.301326,42.128074],[-96.300154,42.127696],[-96.296035,42.127324],[-96.294608,42.12673],[-96.290322,42.126497],[-96.285952,42.125926],[-96.28277,42.124909],[-96.2802,42.123783],[-96.2764,42.121682],[-96.273411,42.11928],[-96.271467,42.117089],[-96.269459,42.114216],[-96.267486,42.10978],[-96.266988,42.106172],[-96.266898,42.102178],[-96.267303,42.099027],[-96.26838,42.09524],[-96.270798,42.090761],[-96.274608,42.085386],[-96.275798,42.083743],[-96.277732,42.079097],[-96.279201,42.073544],[-96.279536,42.068554],[-96.279379,42.065495],[-96.278838,42.062049],[-96.277907,42.058025],[-96.276213,42.053215],[-96.274908,42.050215],[-96.272545,42.046202],[-96.269785,42.042967],[-96.268063,42.041705],[-96.265332,42.040266],[-96.262254,42.039295],[-96.258067,42.038274],[-96.256203,42.038201],[-96.25559,42.038712],[-96.251707,42.040446],[-96.246832,42.041616],[-96.243104,42.041474],[-96.234356,42.040712],[-96.230253,42.039433],[-96.226977,42.037353],[-96.227808,42.037278],[-96.229844,42.038717],[-96.232454,42.03937],[-96.225656,42.035217],[-96.223822,42.033346],[-96.221901,42.029558],[-96.22173,42.026205],[-96.223611,42.022652],[-96.224346,42.02192],[-96.224511,42.021737],[-96.225007,42.021187],[-96.225173,42.021005],[-96.227867,42.018651],[-96.23548,42.014318],[-96.238382,42.012602],[-96.240832,42.009315],[-96.241972,42.006732],[-96.242323,42.001996],[-96.241372,41.999987],[-96.239748,41.998605],[-96.236488,41.996429],[-96.23325,41.995178],[-96.228349,41.994257],[-96.225463,41.994734],[-96.223827,41.995517],[-96.222641,41.996451],[-96.219867,41.999987],[-96.217637,42.003862],[-96.215225,42.006701],[-96.214095,42.007071],[-96.210057,42.008432],[-96.206083,42.009267],[-96.201487,42.009343],[-96.194838,42.008671],[-96.187522,42.006626],[-96.184711,42.004972],[-96.184002,42.003063],[-96.184318,42.001831],[-96.183608,41.99999],[-96.183801,41.99776],[-96.185144,41.994898],[-96.185474,41.994385],[-96.189102,41.989836],[-96.19037,41.987964],[-96.191971,41.985347],[-96.192141,41.984461],[-96.191549,41.982032],[-96.189546,41.97965],[-96.187219,41.977946],[-96.184164,41.976793],[-96.181945,41.976412],[-96.177204,41.976308],[-96.173315,41.977189],[-96.170542,41.978472],[-96.163338,41.979839],[-96.158049,41.980275],[-96.15616,41.980082],[-96.142715,41.978491],[-96.141229,41.978063],[-96.133794,41.975174],[-96.132537,41.974625],[-96.130355,41.972863],[-96.129505,41.971673],[-96.1289,41.969727],[-96.128967,41.967871],[-96.129186,41.965136],[-96.129978,41.962642],[-96.131368,41.960741],[-96.133318,41.955732],[-96.135393,41.952223],[-96.137076,41.950773],[-96.139414,41.948138],[-96.142597,41.945908],[-96.143603,41.944512],[-96.144583,41.941544],[-96.14448,41.940013],[-96.143493,41.937387],[-96.1395,41.931529],[-96.137672,41.9291],[-96.136613,41.927167],[-96.136133,41.92353],[-96.136743,41.920826],[-96.1383,41.918273],[-96.139653,41.916838],[-96.142265,41.915379],[-96.14726,41.913862],[-96.152582,41.912894],[-96.156302,41.91166],[-96.159098,41.910057],[-96.161501,41.906839],[-96.161988,41.905553],[-96.162067,41.903047],[-96.161101,41.900551],[-96.158198,41.897184],[-96.152153,41.892135],[-96.149874,41.889662],[-96.148186,41.887166],[-96.147292,41.884896],[-96.146801,41.881998],[-96.14666,41.877636],[-96.145974,41.875093],[-96.144359,41.871971],[-96.141908,41.868999],[-96.139008,41.866277],[-96.136525,41.864151],[-96.1312,41.861426],[-96.124984,41.858892],[-96.120152,41.857188],[-96.116597,41.855103],[-96.11451,41.853572],[-96.111252,41.850229],[-96.109312,41.847128],[-96.108287,41.844535],[-96.107617,41.8404],[-96.108171,41.837898],[-96.10911,41.836043],[-96.110797,41.832157],[-96.110962,41.828827],[-96.109746,41.823992],[-96.108714,41.822099],[-96.105336,41.81846],[-96.102332,41.816215],[-96.09748,41.813917],[-96.092851,41.812521],[-96.083322,41.810811],[-96.080161,41.810023],[-96.076294,41.808268],[-96.073117,41.806233],[-96.069269,41.802922],[-96.065881,41.798623],[-96.064883,41.795243],[-96.065049,41.791347],[-96.066754,41.788507],[-96.067089,41.788272],[-96.073197,41.783008],[-96.077546,41.777822],[-96.078973,41.772879],[-96.079028,41.770593],[-96.078466,41.765327],[-96.078629,41.761963],[-96.08089,41.757526],[-96.083114,41.755002],[-96.084969,41.753549],[-96.087361,41.752176],[-96.092045,41.750466],[-96.097437,41.749181],[-96.100313,41.747964],[-96.102853,41.745777],[-96.104006,41.744306],[-96.105469,41.741634],[-96.106185,41.739176],[-96.106314,41.735205],[-96.105194,41.731195],[-96.102807,41.728116],[-96.099441,41.726086],[-96.09472,41.724586],[-96.093113,41.724186],[-96.091947,41.723857],[-96.08647,41.72186],[-96.081849,41.719495],[-96.077498,41.716485],[-96.075171,41.713876],[-96.074293,41.712449],[-96.0731,41.709169],[-96.072867,41.70682],[-96.073225,41.704062],[-96.074135,41.70282],[-96.07695,41.700457],[-96.079257,41.699312],[-96.083822,41.69786],[-96.087139,41.69742],[-96.090991,41.6975],[-96.10038,41.699163],[-96.104887,41.699379],[-96.108559,41.699279],[-96.114222,41.697234],[-96.116161,41.695886],[-96.119861,41.692649],[-96.121636,41.689579],[-96.121853,41.689205],[-96.122604,41.68304],[-96.120865,41.678227],[-96.121048,41.677002],[-96.117959,41.673314],[-96.112454,41.668486],[-96.108918,41.666039],[-96.107186,41.665595],[-96.103994,41.663223],[-96.100055,41.661077],[-96.097683,41.657758],[-96.096116,41.654472],[-96.095221,41.650114],[-96.095131,41.647767],[-96.095937,41.644616],[-96.097777,41.639625],[-96.100709,41.635451],[-96.106796,41.630372],[-96.109437,41.62883],[-96.113107,41.62536],[-96.115995,41.622024],[-96.117718,41.618555],[-96.118277,41.614967],[-96.118233,41.613291],[-96.117584,41.610441],[-96.115811,41.605659],[-96.11466,41.603703],[-96.112386,41.600279],[-96.109455,41.596775],[-96.105829,41.593574],[-96.101331,41.591411],[-96.098869,41.590439],[-96.093453,41.589098],[-96.089066,41.587572],[-96.087186,41.58655],[-96.083963,41.583683],[-96.082285,41.580683],[-96.08139,41.5779],[-96.081188,41.574296],[-96.082486,41.571145],[-96.084859,41.567859],[-96.088842,41.56444],[-96.091259,41.562244],[-96.093654,41.558288],[-96.095042,41.554768],[-96.095891,41.551641],[-96.096018,41.551038],[-96.096586,41.545397],[-96.094437,41.539463],[-96.091908,41.534049],[-96.090118,41.531702],[-96.084031,41.526875],[-96.082253,41.525973],[-96.078343,41.525563],[-96.07457,41.524157],[-96.072478,41.522957],[-96.069893,41.520581],[-96.069067,41.519579],[-96.066842,41.517746],[-96.064444,41.516924],[-96.060867,41.514101],[-96.057331,41.511051],[-96.055048,41.509508],[-96.052765,41.508436],[-96.048311,41.507262],[-96.044686,41.506893],[-96.040613,41.506893],[-96.037882,41.507899],[-96.035575,41.510549],[-96.03465,41.512215],[-96.03429,41.513036],[-96.034397,41.514446],[-96.033675,41.517119],[-96.033854,41.519935],[-96.034441,41.521051],[-96.031705,41.522181],[-96.031127,41.523004],[-96.02931,41.527981],[-96.029053,41.529996],[-96.027747,41.534663],[-96.026657,41.540366],[-96.02349,41.543438],[-96.01915,41.54514],[-96.013876,41.545315],[-96.005112,41.54325],[-95.999966,41.53948],[-95.997233,41.53172],[-95.994308,41.523743],[-95.992777,41.514596],[-95.99328,41.512314],[-95.996194,41.50696],[-96.000649,41.50254],[-96.01282,41.494904],[-96.017918,41.491976],[-96.018591,41.491772],[-96.019543,41.491592],[-96.019343,41.486926],[-96.017836,41.483584],[-96.013585,41.478469],[-96.01125,41.476186],[-96.008519,41.474039],[-96.004047,41.472146],[-96.001612,41.471695],[-95.998052,41.47146],[-95.991661,41.471849],[-95.988497,41.471578],[-95.984279,41.470939],[-95.979804,41.469719],[-95.976435,41.468286],[-95.972901,41.466082],[-95.968334,41.46389],[-95.966688,41.463425],[-95.962702,41.463077],[-95.958372,41.463218],[-95.952491,41.46451],[-95.949589,41.465538],[-95.945007,41.466485],[-95.941767,41.466349],[-95.93634,41.465304],[-95.933537,41.464277],[-95.928419,41.461683],[-95.92451,41.458914],[-95.922786,41.457306],[-95.921192,41.455138],[-95.919989,41.452604],[-95.919537,41.448186],[-95.919905,41.445869],[-95.920857,41.443428],[-95.923285,41.440503],[-95.928638,41.436501],[-95.930921,41.434178],[-95.932311,41.432071],[-95.933097,41.428941],[-95.932994,41.426186],[-95.932255,41.423073],[-95.930625,41.41924],[-95.929478,41.415329],[-95.929677,41.411071],[-95.930891,41.407205],[-95.932439,41.404],[-95.935793,41.399632],[-95.936752,41.397873],[-95.937694,41.39477],[-95.937791,41.390752],[-95.936411,41.385876],[-95.934896,41.383136],[-95.930575,41.377676],[-95.929486,41.375326],[-95.928768,41.37166],[-95.928774,41.37008],[-95.929681,41.367058],[-95.930965,41.364495],[-95.933642,41.361551],[-95.936923,41.359247],[-95.939062,41.358375],[-95.943337,41.357063],[-95.946914,41.356609],[-95.950965,41.355479],[-95.954271,41.353508],[-95.956635,41.350716],[-95.95713,41.349593],[-95.957097,41.345794],[-95.957008,41.345558],[-95.956038,41.343063],[-95.953418,41.33947],[-95.951657,41.337502],[-95.946532,41.333139],[-95.944087,41.33155],[-95.940121,41.328843],[-95.93786,41.327853],[-95.93573,41.326473],[-95.931008,41.324236],[-95.929383,41.32313],[-95.925185,41.321355],[-95.921378,41.320434],[-95.915091,41.319918],[-95.909734,41.320304],[-95.905181,41.321108],[-95.899943,41.321481],[-95.894405,41.320848],[-95.892035,41.320374],[-95.885554,41.318097],[-95.882916,41.316647],[-95.879868,41.314381],[-95.87676,41.311537],[-95.874184,41.307924],[-95.871871,41.301813],[-95.871141,41.29669],[-95.871442,41.293408],[-95.872577,41.290188],[-95.872937,41.289517],[-95.874324,41.287394],[-95.877481,41.284583],[-95.881448,41.282171],[-95.884495,41.280689],[-95.891066,41.278019],[-95.897634,41.275977],[-95.898441,41.275537],[-95.90284,41.274374],[-95.905178,41.275037],[-95.912581,41.279527],[-95.910791,41.281317],[-95.907177,41.284938],[-95.906144,41.287488],[-95.905954,41.28856],[-95.905892,41.288909],[-95.905067,41.293013],[-95.904576,41.293255],[-95.904222,41.297591],[-95.904865,41.299787],[-95.905899,41.301038],[-95.908095,41.301093],[-95.910791,41.301203],[-95.911248,41.301223],[-95.920247,41.301191],[-95.92236,41.300392],[-95.927642,41.29844],[-95.929651,41.292262],[-95.929602,41.290449],[-95.929619,41.285077],[-95.928646,41.281332],[-95.925884,41.27953],[-95.918187,41.2743],[-95.918041,41.274208],[-95.916045,41.272802],[-95.914091,41.272428],[-95.91747,41.2709],[-95.920119,41.269085],[-95.921497,41.267604],[-95.922318,41.265617],[-95.922104,41.261399],[-95.921692,41.259838],[-95.921669,41.259688],[-95.921364,41.258181],[-95.919093,41.252698],[-95.917455,41.249792],[-95.91602,41.247274],[-95.913175,41.243542],[-95.911296,41.239442],[-95.910703,41.23623],[-95.910778,41.23189],[-95.910889,41.231604],[-95.911496,41.228962],[-95.912977,41.225895],[-95.914272,41.223858],[-95.9173,41.220617],[-95.923045,41.215824],[-95.925084,41.213269],[-95.92619,41.211378],[-95.927183,41.208971],[-95.928019,41.204895],[-95.927975,41.200069],[-95.926694,41.195633],[-95.925086,41.192796],[-95.922182,41.189092],[-95.919561,41.186901],[-95.916119,41.185279],[-95.912506,41.184638],[-95.90758,41.184368],[-95.898155,41.184775],[-95.88784,41.186239],[-95.880658,41.187663],[-95.873608,41.188223],[-95.867624,41.188416],[-95.863797,41.188245],[-95.856125,41.186949],[-95.850374,41.18509],[-95.847241,41.183351],[-95.845433,41.18193],[-95.843351,41.179677],[-95.84171,41.175858],[-95.841667,41.174769],[-95.842039,41.171367],[-95.843443,41.169096],[-95.845451,41.167423],[-95.847938,41.166239],[-95.850882,41.165674],[-95.853451,41.165518],[-95.856813,41.165935],[-95.865929,41.168129],[-95.870574,41.167784],[-95.873692,41.166642],[-95.875798,41.165268],[-95.879171,41.161968],[-95.880521,41.159874],[-95.881477,41.158361],[-95.882944,41.154572],[-95.883346,41.151056],[-95.882883,41.146657],[-95.882032,41.143534],[-95.880865,41.140883],[-95.879318,41.138586],[-95.878302,41.136947],[-95.871168,41.128795],[-95.869092,41.125548],[-95.867228,41.121493],[-95.866425,41.117812],[-95.866304,41.115116],[-95.867072,41.108379],[-95.866661,41.104975],[-95.865978,41.102377],[-95.865076,41.09899],[-95.863279,41.094495],[-95.862587,41.091876],[-95.862427,41.089687],[-95.862937,41.086178],[-95.863843,41.083456],[-95.864782,41.081611],[-95.866912,41.078855],[-95.870323,41.075809],[-95.873877,41.073136],[-95.877441,41.070357],[-95.879367,41.068532],[-95.879542,41.068314],[-95.881011,41.066303],[-95.882225,41.063539],[-95.882476,41.06136],[-95.882101,41.058359],[-95.881173,41.055938],[-95.881588,41.054378],[-95.877258,41.051946],[-95.875187,41.050399],[-95.874711,41.049323],[-95.871783,41.046383],[-95.867246,41.043671],[-95.865158,41.042215],[-95.860862,41.038547],[-95.859654,41.035695],[-95.859102,41.031599],[-95.85919,41.028931],[-95.859918,41.025403],[-95.860959,41.02362],[-95.865886,41.017418],[-95.868387,41.012727],[-95.869502,41.009429],[-95.869495,41.00709],[-95.8687,41.004395],[-95.867303,41.001645],[-95.8669,41.001026],[-95.863492,40.99734],[-95.860116,40.995242],[-95.856071,40.993206],[-95.852547,40.991738],[-95.849232,40.990688],[-95.844351,40.989524],[-95.840144,40.987243],[-95.835434,40.984184],[-95.832055,40.98114],[-95.829792,40.977344],[-95.828545,40.973901],[-95.828329,40.972378],[-95.829354,40.96738],[-95.829829,40.963857],[-95.830801,40.962105],[-95.836558,40.953205],[-95.837951,40.950618],[-95.839364,40.944059],[-95.840275,40.939942],[-95.840139,40.93548],[-95.839743,40.93278],[-95.837774,40.924712],[-95.836438,40.921642],[-95.833041,40.917243],[-95.830699,40.915004],[-95.824959,40.910933],[-95.818709,40.906818],[-95.81618,40.904791],[-95.813465,40.901693],[-95.810886,40.897907],[-95.809775,40.895447],[-95.809379,40.893279],[-95.809474,40.891228],[-95.810709,40.886681],[-95.812083,40.884239],[-95.815933,40.879846],[-95.81959,40.877439],[-95.824989,40.875],[-95.832103,40.873412],[-95.836996,40.872644],[-95.840788,40.871236],[-95.844073,40.869248],[-95.845974,40.867034],[-95.847785,40.864328],[-95.84859,40.861061],[-95.84849,40.858607],[-95.847084,40.854174],[-95.846076,40.85237],[-95.841893,40.846603],[-95.840506,40.843953],[-95.838688,40.839804],[-95.837186,40.835347],[-95.837303,40.831164],[-95.838601,40.826175],[-95.840437,40.822903],[-95.841581,40.821533],[-95.843921,40.817686],[-95.844922,40.814646],[-95.845251,40.812818],[-95.84522,40.809831],[-95.843745,40.803783],[-95.842738,40.801866],[-95.838578,40.794976],[-95.835815,40.79063],[-95.834523,40.787778],[-95.834065,40.785592],[-95.834156,40.783016],[-95.835232,40.779151],[-95.836903,40.776477],[-95.84154,40.772158],[-95.84372,40.770467],[-95.850144,40.766663],[-95.856668,40.764319],[-95.861695,40.762871],[-95.869982,40.759645],[-95.872281,40.758349],[-95.876896,40.754913],[-95.881529,40.750611],[-95.883643,40.747831],[-95.88669,40.742101],[-95.888697,40.736292],[-95.888907,40.731855],[-95.885349,40.721093],[-95.883178,40.717579],[-95.877015,40.714287],[-95.87528,40.71412],[-95.872937,40.713127],[-95.870481,40.71248],[-95.861798,40.709242],[-95.857901,40.70713],[-95.854456,40.704164],[-95.852615,40.702262],[-95.849828,40.698147],[-95.84868,40.695973],[-95.847581,40.692954],[-95.847116,40.690179],[-95.846712,40.685171],[-95.845172,40.680417],[-95.842801,40.677496],[-95.839395,40.675272],[-95.832397,40.671309],[-95.830834,40.670613],[-95.83074,40.670571],[-95.826199,40.668498],[-95.822913,40.66724],[-95.818354,40.666106],[-95.81415,40.66557],[-95.805641,40.665061],[-95.801472,40.664283],[-95.795489,40.662384],[-95.789485,40.659388],[-95.783822,40.654974],[-95.780239,40.651635],[-95.776251,40.647463],[-95.774143,40.644472],[-95.77147,40.639788],[-95.770559,40.63635],[-95.770293,40.629811],[-95.769671,40.625001],[-95.770083,40.624425],[-95.768926,40.621264],[-95.766823,40.61878],[-95.761683,40.615353],[-95.758045,40.613759],[-95.755583,40.612231],[-95.751271,40.609057],[-95.749685,40.606842],[-95.748626,40.603355],[-95.748858,40.599965],[-95.750274,40.596317],[-95.753148,40.59284],[-95.758895,40.588973],[-95.765645,40.585208],[-95.764549,40.585208],[-95.749776,40.585014],[-95.744892,40.585029],[-95.735429,40.584905],[-95.716233,40.584686],[-95.703792,40.584556],[-95.687694,40.584273],[-95.687432,40.584378],[-95.673257,40.58435],[-95.658705,40.584378],[-95.657169,40.58438],[-95.652775,40.584388],[-95.652198,40.584389],[-95.647973,40.584398],[-95.638208,40.584137],[-95.638063,40.584133],[-95.637817,40.584127],[-95.632106,40.583974],[-95.610881,40.583491],[-95.601397,40.58335],[-95.593195,40.583228],[-95.573954,40.582946],[-95.538891,40.582449],[-95.526498,40.582234],[-95.507477,40.582004],[-95.488144,40.581733],[-95.484021,40.581702],[-95.469213,40.581548],[-95.455064,40.5814],[-95.45019,40.581353],[-95.413824,40.580998],[-95.392922,40.580793],[-95.375311,40.580626],[-95.373923,40.580503],[-95.368262,40.580356],[-95.360839,40.580175],[-95.354508,40.580245],[-95.335483,40.580018],[-95.316264,40.57969],[-95.308312,40.579614],[-95.302554,40.57956],[-95.278096,40.579322],[-95.25901,40.57915],[-95.249191,40.579206],[-95.232787,40.57899],[-95.230863,40.578966],[-95.222801,40.578871],[-95.221335,40.578824],[-95.220047,40.578802],[-95.218692,40.578779],[-95.211831,40.57866],[-95.21166,40.578631],[-95.202265,40.578488],[-95.183136,40.578265],[-95.164008,40.578016],[-95.145115,40.577707],[-95.135489,40.577561],[-95.131592,40.577503],[-95.116419,40.577361],[-95.112109,40.577318],[-95.110468,40.577363],[-95.107098,40.577269],[-95.097266,40.577161],[-95.087726,40.577118],[-95.079666,40.576912],[-95.06872,40.576878],[-95.040229,40.576366],[-95.036265,40.576354],[-95.030676,40.576263],[-95.022769,40.576189],[-95.021836,40.576181],[-95.010169,40.576039],[-95.000555,40.575939],[-94.99166,40.575692],[-94.972045,40.575687],[-94.966491,40.575839],[-94.948199,40.575567],[-94.933987,40.575352],[-94.914896,40.575068],[-94.914807,40.584542],[-94.914773,40.5881],[-94.914999,40.598987],[-94.914821,40.602757],[-94.91473,40.620628],[-94.914731,40.620821],[-94.914773,40.627838],[-94.914742,40.631095],[-94.91474,40.631552],[-94.914732,40.635121],[-94.914709,40.649683]]]]}},{"type":"Feature","properties":{"id":4,"NAME":"4","TotalPop":797273,"PopDevPct":-0.00040027,"DemPct":0.3596243,"RepPct":0.62305969,"WhitePct":0.84804028,"MinorityPct":0.15195972,"BlackPct":0.02514288,"HispanicPct":0.0770831,"PacificPct":0.00472094,"AsianPct":0.03027335,"NativePct":0.01552244,"TotalVAP":610471,"Margin":-0.1403757,"color":"#FF0000","opacity":"0.5"},"geometry":{"type":"MultiPolygon","coordinates":[[[[-93.002368,42.383452],[-93.002479,42.393159],[-93.002504,42.397836],[-93.002573,42.405081],[-93.00264,42.412274],[-93.002809,42.433918],[-93.002835,42.441141],[-93.002843,42.443465],[-93.002886,42.45558],[-93.002745,42.462185],[-93.002712,42.462435],[-93.002906,42.467417],[-93.002902,42.470638],[-93.006653,42.47065],[-93.027115,42.470776],[-93.026922,42.485285],[-93.026755,42.499774],[-93.026731,42.514313],[-93.026778,42.526529],[-93.026787,42.528792],[-93.026875,42.537356],[-93.026914,42.543297],[-93.027,42.55681],[-93.026927,42.562284],[-93.026926,42.562431],[-93.026905,42.564075],[-93.026831,42.571343],[-93.026777,42.585872],[-93.026808,42.591184],[-93.026781,42.600372],[-93.026775,42.601187],[-93.026725,42.6076],[-93.026666,42.615171],[-93.02664,42.618266],[-93.026546,42.629406],[-93.026469,42.643272],[-93.026414,42.657778],[-93.026375,42.66506],[-93.026326,42.679566],[-93.026289,42.686828],[-93.026236,42.69416],[-93.026177,42.700875],[-93.026096,42.708553],[-93.026081,42.715797],[-93.025981,42.730675],[-93.025983,42.737884],[-93.025899,42.745124],[-93.025803,42.75641],[-93.025787,42.763216],[-93.025797,42.76683],[-93.025819,42.774062],[-93.025771,42.781228],[-93.025848,42.78844],[-93.025841,42.789234],[-93.025829,42.790749],[-93.025732,42.802906],[-93.025563,42.818648],[-93.025495,42.833139],[-93.025442,42.847613],[-93.0254,42.856688],[-93.025694,42.858213],[-93.02539,42.858828],[-93.025375,42.862107],[-93.025347,42.876572],[-93.025246,42.891085],[-93.025201,42.89834],[-93.025144,42.907549],[-93.025125,42.912577],[-93.025114,42.914771],[-93.025079,42.918388],[-93.025063,42.922011],[-93.025036,42.925638],[-93.024968,42.936457],[-93.024815,42.950943],[-93.024701,42.965426],[-93.024683,42.968015],[-93.024628,42.979951],[-93.023697,42.991961],[-93.02362,42.992402],[-93.023492,42.994571],[-93.023429,43.001947],[-93.023346,43.009011],[-93.023282,43.016229],[-93.023195,43.025731],[-93.022976,43.032772],[-93.023154,43.038099],[-93.023227,43.039337],[-93.023172,43.045136],[-93.023254,43.052383],[-93.023539,43.066739],[-93.023787,43.083144],[-93.023754,43.086738],[-93.023754,43.086873],[-93.023746,43.08737],[-93.023702,43.088591],[-93.023739,43.090012],[-93.023789,43.092097],[-93.023964,43.09566],[-93.023719,43.096466],[-93.023725,43.097433],[-93.023723,43.097987],[-93.023611,43.111771],[-93.02351,43.116232],[-93.023503,43.116482],[-93.023374,43.1264],[-93.023444,43.133615],[-93.02354,43.13726],[-93.023642,43.140865],[-93.023675,43.143407],[-93.02368,43.143813],[-93.023723,43.145205],[-93.023715,43.146817],[-93.02367,43.146976],[-93.02368,43.147457],[-93.023761,43.149962],[-93.023917,43.154979],[-93.023839,43.155263],[-93.023849,43.155344],[-93.023899,43.162573],[-93.024049,43.169279],[-93.024043,43.191031],[-93.023924,43.205544],[-93.024092,43.212812],[-93.024135,43.227363],[-93.024217,43.241878],[-93.024143,43.255538],[-93.024114,43.262789],[-93.024103,43.270055],[-93.02412,43.277218],[-93.024123,43.284565],[-93.024129,43.299088],[-93.024128,43.313584],[-93.024091,43.328102],[-93.024092,43.342336],[-93.024121,43.356884],[-93.023973,43.371441],[-93.023915,43.385942],[-93.024175,43.400511],[-93.024183,43.403984],[-93.024218,43.411417],[-93.024239,43.415071],[-93.024274,43.418694],[-93.024386,43.425405],[-93.024389,43.425559],[-93.024445,43.427975],[-93.024466,43.429358],[-93.024498,43.443845],[-93.024487,43.447777],[-93.024486,43.465647],[-93.024505,43.4722],[-93.024449,43.4875],[-93.024345,43.499733],[-93.044382,43.499717],[-93.064323,43.499644],[-93.071156,43.499641],[-93.084283,43.499641],[-93.124281,43.49962],[-93.127744,43.499621],[-93.14122,43.499608],[-93.161068,43.499588],[-93.201098,43.49956],[-93.226058,43.499524],[-93.233845,43.499506],[-93.247207,43.499511],[-93.247786,43.499485],[-93.250204,43.499386],[-93.260984,43.499369],[-93.271831,43.499488],[-93.280413,43.499493],[-93.300617,43.499461],[-93.301057,43.499462],[-93.330244,43.499485],[-93.344041,43.499482],[-93.350161,43.499491],[-93.353307,43.499502],[-93.353709,43.499504],[-93.370052,43.499513],[-93.379924,43.499528],[-93.399042,43.499534],[-93.438797,43.499562],[-93.458595,43.499579],[-93.468321,43.499565],[-93.472301,43.499466],[-93.483087,43.499474],[-93.488209,43.499591],[-93.492638,43.499612],[-93.497353,43.499622],[-93.502104,43.499576],[-93.518039,43.499626],[-93.557011,43.499639],[-93.558112,43.499643],[-93.576522,43.499644],[-93.600839,43.49962],[-93.61691,43.499666],[-93.636878,43.499679],[-93.656597,43.499664],[-93.66164,43.499674],[-93.676303,43.49968],[-93.696288,43.499679],[-93.70008,43.499675],[-93.716122,43.499688],[-93.73395,43.499686],[-93.753668,43.499678],[-93.773734,43.499682],[-93.793979,43.499681],[-93.813272,43.499699],[-93.852262,43.499743],[-93.872447,43.499743],[-93.892288,43.499774],[-93.897069,43.499779],[-93.912203,43.499812],[-93.914717,43.499822],[-93.930401,43.499814],[-93.952288,43.499874],[-93.970762,43.499886],[-93.982302,43.499902],[-93.990844,43.49992],[-94.010752,43.499916],[-94.030751,43.499955],[-94.050801,43.499997],[-94.07523,43.500016],[-94.088586,43.500092],[-94.106864,43.500128],[-94.108152,43.500111],[-94.147128,43.500088],[-94.150897,43.500105],[-94.167112,43.500094],[-94.186993,43.500082],[-94.19323,43.500101],[-94.206422,43.500133],[-94.22608,43.500125],[-94.245416,43.500143],[-94.251081,43.50012],[-94.265648,43.500138],[-94.285786,43.500174],[-94.306895,43.500185],[-94.324976,43.500243],[-94.344526,43.500251],[-94.364213,43.500265],[-94.377367,43.500236],[-94.377466,43.500379],[-94.389248,43.500458],[-94.39472,43.500303],[-94.404584,43.500324],[-94.424434,43.500336],[-94.44285,43.500422],[-94.447094,43.500396],[-94.448156,43.500429],[-94.470332,43.50033],[-94.470547,43.500321],[-94.470957,43.500431],[-94.482607,43.500443],[-94.502525,43.500462],[-94.52259,43.500494],[-94.542522,43.500519],[-94.560835,43.500549],[-94.566087,43.500584],[-94.566525,43.500354],[-94.567272,43.500373],[-94.607205,43.500513],[-94.611635,43.500532],[-94.613654,43.500783],[-94.620603,43.500686],[-94.640508,43.500742],[-94.652584,43.500733],[-94.670274,43.500795],[-94.678474,43.500808],[-94.718466,43.500885],[-94.73837,43.50096],[-94.74746,43.501035],[-94.76081,43.501043],[-94.785826,43.501025],[-94.797932,43.501005],[-94.818023,43.500942],[-94.824375,43.500877],[-94.837944,43.500881],[-94.857932,43.500924],[-94.85882,43.500591],[-94.861145,43.500935],[-94.884418,43.500933],[-94.889122,43.500499],[-94.903818,43.50047],[-94.914582,43.500853],[-94.924783,43.50094],[-94.934626,43.500931],[-94.95439,43.500926],[-94.965025,43.501007],[-94.974793,43.500923],[-94.994439,43.500924],[-95.02892,43.500972],[-95.03256,43.500948],[-95.054181,43.500955],[-95.076754,43.501009],[-95.082454,43.50101],[-95.096698,43.500961],[-95.104192,43.500902],[-95.11313,43.50084],[-95.114741,43.500829],[-95.122666,43.500989],[-95.124249,43.500863],[-95.126806,43.500643],[-95.133906,43.500614],[-95.136799,43.500604],[-95.146511,43.500535],[-95.151283,43.500486],[-95.154936,43.500448],[-95.165798,43.500768],[-95.167408,43.500998],[-95.167907,43.501019],[-95.179917,43.500909],[-95.201281,43.500846],[-95.21128,43.500815],[-95.21493,43.501016],[-95.222383,43.500949],[-95.234861,43.501057],[-95.244844,43.501196],[-95.25086,43.50052],[-95.251028,43.500603],[-95.268968,43.500548],[-95.279583,43.500538],[-95.304868,43.500412],[-95.309123,43.500446],[-95.319065,43.500424],[-95.329007,43.500395],[-95.368803,43.500246],[-95.387787,43.500226],[-95.41343,43.50018],[-95.424809,43.500114],[-95.427494,43.500099],[-95.433839,43.500113],[-95.43425,43.500415],[-95.454614,43.500647],[-95.454608,43.500565],[-95.460448,43.500469],[-95.474776,43.500331],[-95.478276,43.500024],[-95.487376,43.499998],[-95.492711,43.500164],[-95.497158,43.500043],[-95.504899,43.499964],[-95.514656,43.499867],[-95.521726,43.499992],[-95.5245,43.499856],[-95.524921,43.49997],[-95.544504,43.499927],[-95.564744,43.499926],[-95.584545,43.499906],[-95.604395,43.499914],[-95.623257,43.499905],[-95.626572,43.499889],[-95.643156,43.499885],[-95.649093,43.499891],[-95.663098,43.499884],[-95.68167,43.499905],[-95.683064,43.499898],[-95.683605,43.499896],[-95.695154,43.499892],[-95.722669,43.499917],[-95.741448,43.49991],[-95.761325,43.499918],[-95.781374,43.499945],[-95.797176,43.500012],[-95.802415,43.499974],[-95.821129,43.499992],[-95.833347,43.500006],[-95.841098,43.500018],[-95.843562,43.500021],[-95.849366,43.500048],[-95.860947,43.500036],[-95.878544,43.50008],[-95.900618,43.500032],[-95.920478,43.500042],[-95.940504,43.500104],[-95.960608,43.500069],[-95.978103,43.500067],[-95.978286,43.500067],[-95.998239,43.500113],[-96.018242,43.500098],[-96.038215,43.500115],[-96.055027,43.500163],[-96.07804,43.500189],[-96.09462,43.50017],[-96.096197,43.500191],[-96.116413,43.500191],[-96.120224,43.500146],[-96.155994,43.500222],[-96.175903,43.500233],[-96.184479,43.50022],[-96.199112,43.500256],[-96.208903,43.500365],[-96.214014,43.50029],[-96.222076,43.500257],[-96.253832,43.500268],[-96.273143,43.500273],[-96.273702,43.500272],[-96.293689,43.500297],[-96.32966,43.5003],[-96.332062,43.500415],[-96.350845,43.500238],[-96.356196,43.500295],[-96.370127,43.500316],[-96.390105,43.500325],[-96.42986,43.500359],[-96.446758,43.500411],[-96.466737,43.500393],[-96.486629,43.500392],[-96.508257,43.500407],[-96.52648,43.500434],[-96.546448,43.500413],[-96.577873,43.500444],[-96.586367,43.500446],[-96.599191,43.500456],[-96.598874,43.498508],[-96.599452,43.496104],[-96.59803,43.494541],[-96.595126,43.49319],[-96.594213,43.493147],[-96.592378,43.494209],[-96.590783,43.494453],[-96.589784,43.493649],[-96.589965,43.491864],[-96.586741,43.491388],[-96.584858,43.489689],[-96.58505,43.488187],[-96.586995,43.487262],[-96.586242,43.486161],[-96.587261,43.484853],[-96.586002,43.483433],[-96.582058,43.48309],[-96.581084,43.481462],[-96.581661,43.480689],[-96.58652,43.478528],[-96.58672,43.477357],[-96.584409,43.475762],[-96.583639,43.474399],[-96.585319,43.471257],[-96.585083,43.47013],[-96.582402,43.466739],[-96.585259,43.465002],[-96.587008,43.464502],[-96.588423,43.464871],[-96.588836,43.466694],[-96.589872,43.465911],[-96.590035,43.463735],[-96.591106,43.462675],[-96.594133,43.462646],[-96.594687,43.461591],[-96.593727,43.46081],[-96.59358,43.459163],[-96.59463,43.458393],[-96.597268,43.458438],[-96.59814,43.45695],[-96.600148,43.45692],[-96.601238,43.454619],[-96.599606,43.452233],[-96.600017,43.450577],[-96.601073,43.449972],[-96.60254,43.450887],[-96.602547,43.449249],[-96.601366,43.447978],[-96.600355,43.446027],[-96.599276,43.445469],[-96.598943,43.444441],[-96.599659,43.442888],[-96.598422,43.44189],[-96.596392,43.442156],[-96.596363,43.441304],[-96.597414,43.440479],[-96.596456,43.439473],[-96.596046,43.43801],[-96.594687,43.437758],[-96.593574,43.436654],[-96.594375,43.434887],[-96.593141,43.433045],[-96.589544,43.432202],[-96.587703,43.431464],[-96.585886,43.432128],[-96.584903,43.431595],[-96.583216,43.432065],[-96.577348,43.431678],[-96.57615,43.431882],[-96.57433,43.43112],[-96.573624,43.43002],[-96.570512,43.42869],[-96.569766,43.426799],[-96.570891,43.423551],[-96.57237,43.421538],[-96.572803,43.420099],[-96.573726,43.419185],[-96.571494,43.417956],[-96.568258,43.416903],[-96.567046,43.416046],[-96.565046,43.413398],[-96.564051,43.412828],[-96.560439,43.412462],[-96.55963,43.410741],[-96.559627,43.409421],[-96.55799,43.40778],[-96.556978,43.406062],[-96.554458,43.406106],[-96.554241,43.404455],[-96.551985,43.403756],[-96.548781,43.403892],[-96.546588,43.400984],[-96.544881,43.400007],[-96.545595,43.397436],[-96.544429,43.396189],[-96.542765,43.396019],[-96.541764,43.397344],[-96.539527,43.397049],[-96.537459,43.394909],[-96.536157,43.394777],[-96.531362,43.395311],[-96.530015,43.396157],[-96.530195,43.397238],[-96.52924,43.397589],[-96.525242,43.396072],[-96.524218,43.394698],[-96.524005,43.393212],[-96.524434,43.391231],[-96.523124,43.389295],[-96.522583,43.388926],[-96.521671,43.385762],[-96.522517,43.383867],[-96.524504,43.382617],[-96.524459,43.381825],[-96.522334,43.380951],[-96.524309,43.380213],[-96.524405,43.379175],[-96.523367,43.377687],[-96.521349,43.375696],[-96.522155,43.373333],[-96.522163,43.372013],[-96.523125,43.371738],[-96.524298,43.372651],[-96.525138,43.372281],[-96.525468,43.370996],[-96.524762,43.369859],[-96.526718,43.368147],[-96.52765,43.368127],[-96.528715,43.369298],[-96.529944,43.369253],[-96.530961,43.368433],[-96.530907,43.365997],[-96.529439,43.364283],[-96.529143,43.362413],[-96.527569,43.362556],[-96.5272,43.358642],[-96.52781,43.357066],[-96.52722,43.355286],[-96.525142,43.353347],[-96.527004,43.351528],[-96.527766,43.348543],[-96.526308,43.347745],[-96.524706,43.348382],[-96.524567,43.346892],[-96.526558,43.344987],[-96.527621,43.342897],[-96.528661,43.342162],[-96.530383,43.34191],[-96.531851,43.3432],[-96.532828,43.341778],[-96.531561,43.339969],[-96.532102,43.338657],[-96.535022,43.336674],[-96.534429,43.334878],[-96.53245,43.334491],[-96.532491,43.333573],[-96.531458,43.331883],[-96.533189,43.328714],[-96.531705,43.326453],[-96.528848,43.324337],[-96.528945,43.324061],[-96.529009,43.322472],[-96.52986,43.321147],[-96.530939,43.320638],[-96.529104,43.318947],[-96.527695,43.318632],[-96.525938,43.319033],[-96.525824,43.316899],[-96.527034,43.315761],[-96.528674,43.316566],[-96.528636,43.314504],[-96.527127,43.312888],[-96.524522,43.312067],[-96.524104,43.311029],[-96.525005,43.310163],[-96.527382,43.309726],[-96.527631,43.309078],[-96.529138,43.309111],[-96.528177,43.3072],[-96.526909,43.306284],[-96.527674,43.304701],[-96.529407,43.304933],[-96.531612,43.304467],[-96.532222,43.302546],[-96.530154,43.300405],[-96.530691,43.299713],[-96.537512,43.298315],[-96.538764,43.298544],[-96.540498,43.2958],[-96.541156,43.295392],[-96.547397,43.294035],[-96.54995,43.294209],[-96.550896,43.293129],[-96.553082,43.292835],[-96.554938,43.294025],[-96.555396,43.295481],[-96.554712,43.296509],[-96.560879,43.296087],[-96.56438,43.294639],[-96.566168,43.295935],[-96.567981,43.295238],[-96.570786,43.296324],[-96.57215,43.298262],[-96.574542,43.299064],[-96.577842,43.298657],[-96.579966,43.297968],[-96.582947,43.298125],[-96.584869,43.297015],[-96.588492,43.296175],[-96.589274,43.295265],[-96.588738,43.292868],[-96.587985,43.292377],[-96.584891,43.292968],[-96.581528,43.295595],[-96.579543,43.295739],[-96.579176,43.292473],[-96.580261,43.291217],[-96.581351,43.288884],[-96.580753,43.286071],[-96.578685,43.284044],[-96.578319,43.281456],[-96.577557,43.279177],[-96.577754,43.278373],[-96.580522,43.276036],[-96.580846,43.275007],[-96.581943,43.274321],[-96.583171,43.274605],[-96.58303,43.275836],[-96.584194,43.276501],[-96.586525,43.273715],[-96.586291,43.272445],[-96.58505,43.270684],[-96.585341,43.268869],[-96.58407,43.26783],[-96.582601,43.267566],[-96.581464,43.268041],[-96.577708,43.26839],[-96.575947,43.267823],[-96.574333,43.266232],[-96.571504,43.264538],[-96.569859,43.262794],[-96.566702,43.261898],[-96.564823,43.260227],[-96.561514,43.25933],[-96.558852,43.258957],[-96.556794,43.259023],[-96.554969,43.259951],[-96.553484,43.259451],[-96.55266,43.258148],[-96.552422,43.256582],[-96.552767,43.25476],[-96.551855,43.253222],[-96.552567,43.251817],[-96.551038,43.249603],[-96.549534,43.248372],[-96.549109,43.247093],[-96.549883,43.246728],[-96.553054,43.247513],[-96.554424,43.246826],[-96.558669,43.245479],[-96.56045,43.243947],[-96.562031,43.243725],[-96.564855,43.244498],[-96.56567,43.244201],[-96.568762,43.241654],[-96.569864,43.240181],[-96.571414,43.239078],[-96.571165,43.238197],[-96.56956,43.23774],[-96.56896,43.236764],[-96.569594,43.234493],[-96.569178,43.2327],[-96.568261,43.231314],[-96.565207,43.230281],[-96.563508,43.227483],[-96.560708,43.22521],[-96.559326,43.222934],[-96.557888,43.223288],[-96.556624,43.22469],[-96.556445,43.225928],[-96.555281,43.226666],[-96.552038,43.227065],[-96.548201,43.226955],[-96.54548,43.225973],[-96.5419,43.226065],[-96.540119,43.225655],[-96.537144,43.22674],[-96.535823,43.227606],[-96.532573,43.226311],[-96.529363,43.224296],[-96.526524,43.224052],[-96.521451,43.220276],[-96.521415,43.218501],[-96.519649,43.217778],[-96.51754,43.217825],[-96.514588,43.218782],[-96.512686,43.218668],[-96.509342,43.217224],[-96.508144,43.217806],[-96.508841,43.220469],[-96.506964,43.22168],[-96.504706,43.221705],[-96.501296,43.220564],[-96.499956,43.221072],[-96.496639,43.223716],[-96.494189,43.223266],[-96.490118,43.223304],[-96.487976,43.223766],[-96.485653,43.224222],[-96.484333,43.223654],[-96.481632,43.223457],[-96.479491,43.222331],[-96.476729,43.221987],[-96.475241,43.220123],[-96.474962,43.217431],[-96.475655,43.214835],[-96.476525,43.213535],[-96.47624,43.212695],[-96.472117,43.20925],[-96.471777,43.207965],[-96.470811,43.207543],[-96.471188,43.206357],[-96.470744,43.205179],[-96.474896,43.202774],[-96.474189,43.19951],[-96.473977,43.198685],[-96.472396,43.197021],[-96.472148,43.196023],[-96.473724,43.192646],[-96.47407,43.190309],[-96.473588,43.188883],[-96.472363,43.187158],[-96.472924,43.186389],[-96.471668,43.185397],[-96.469886,43.185918],[-96.468765,43.184443],[-96.4676,43.184841],[-96.465247,43.182916],[-96.464883,43.180711],[-96.466375,43.177748],[-96.465538,43.176515],[-96.46683,43.17438],[-96.465351,43.172231],[-96.466018,43.170734],[-96.466469,43.170724],[-96.468757,43.170373],[-96.468743,43.1687],[-96.466903,43.168112],[-96.467034,43.163184],[-96.466025,43.161877],[-96.467019,43.159769],[-96.469556,43.158353],[-96.467737,43.15737],[-96.466723,43.156236],[-96.463968,43.156199],[-96.464422,43.153311],[-96.465896,43.152253],[-96.46825,43.152505],[-96.46829,43.151552],[-96.46554,43.149242],[-96.465357,43.147712],[-96.463,43.147701],[-96.46305,43.148634],[-96.461514,43.149058],[-96.460858,43.147973],[-96.459432,43.147656],[-96.459208,43.146557],[-96.4606,43.146035],[-96.460824,43.144177],[-96.458678,43.143379],[-96.45639,43.144196],[-96.455231,43.144133],[-96.453698,43.142532],[-96.450598,43.142521],[-96.448823,43.139864],[-96.447008,43.137879],[-96.448389,43.136973],[-96.448356,43.136044],[-96.446939,43.136006],[-96.445875,43.136658],[-96.443236,43.133756],[-96.443242,43.131364],[-96.44276,43.128615],[-96.440939,43.128918],[-96.440122,43.127391],[-96.441646,43.12534],[-96.441581,43.124496],[-96.439864,43.122194],[-96.437031,43.121305],[-96.436567,43.119818],[-96.438492,43.117215],[-96.438959,43.1147],[-96.439832,43.113423],[-96.443784,43.110745],[-96.446374,43.109542],[-96.447452,43.106454],[-96.44697,43.105546],[-96.448506,43.104433],[-96.45037,43.103906],[-96.450346,43.100908],[-96.452462,43.100771],[-96.453115,43.099195],[-96.452311,43.098542],[-96.454063,43.097331],[-96.457023,43.097647],[-96.456777,43.096048],[-96.457762,43.095523],[-96.459706,43.095466],[-96.460729,43.094887],[-96.462243,43.093016],[-96.463168,43.090096],[-96.462672,43.089662],[-96.457893,43.088933],[-96.455432,43.088258],[-96.454401,43.086152],[-96.454084,43.083883],[-96.454376,43.082498],[-96.455798,43.080845],[-96.455718,43.077702],[-96.455324,43.075469],[-96.455903,43.073614],[-96.457107,43.072583],[-96.457627,43.070766],[-96.459337,43.069904],[-96.458234,43.068056],[-96.458577,43.067177],[-96.460522,43.066354],[-96.460742,43.064337],[-96.463836,43.062909],[-96.467345,43.06196],[-96.470641,43.062391],[-96.473048,43.063717],[-96.47674,43.062697],[-96.478548,43.061124],[-96.481392,43.0598],[-96.483872,43.058134],[-96.485232,43.056725],[-96.486967,43.055779],[-96.488727,43.054165],[-96.488861,43.052014],[-96.489341,43.05143],[-96.492032,43.050621],[-96.494868,43.050395],[-96.499241,43.050045],[-96.500493,43.048927],[-96.504363,43.048735],[-96.506355,43.049138],[-96.50881,43.050183],[-96.510851,43.04977],[-96.513681,43.04703],[-96.514818,43.044495],[-96.514325,43.043338],[-96.512521,43.04108],[-96.514636,43.040943],[-96.515759,43.041383],[-96.518393,43.040105],[-96.520887,43.040138],[-96.521519,43.038781],[-96.521087,43.037846],[-96.519511,43.037856],[-96.516307,43.038956],[-96.514052,43.040105],[-96.512222,43.040486],[-96.509333,43.037962],[-96.509138,43.036763],[-96.510666,43.032036],[-96.513467,43.030955],[-96.513952,43.030075],[-96.512435,43.026865],[-96.510209,43.024229],[-96.506188,43.022323],[-96.50451,43.020781],[-96.501995,43.019681],[-96.499619,43.019403],[-96.498759,43.018027],[-96.499532,43.016548],[-96.498535,43.016075],[-96.496526,43.016288],[-96.495639,43.015841],[-96.494113,43.013729],[-96.493497,43.01154],[-96.491981,43.010197],[-96.492206,43.007814],[-96.492811,43.00565],[-96.494446,43.003998],[-96.494416,43.002084],[-96.494876,43.001279],[-96.496571,43.000632],[-96.496683,42.999219],[-96.496995,42.998478],[-96.498184,42.998029],[-96.500064,42.997907],[-96.504246,42.996804],[-96.507373,42.996604],[-96.510564,42.994585],[-96.512732,42.992189],[-96.512857,42.991627],[-96.511244,42.990551],[-96.512355,42.988874],[-96.51185,42.987191],[-96.51243,42.985596],[-96.515342,42.984141],[-96.517672,42.985282],[-96.518502,42.985086],[-96.518897,42.983895],[-96.516685,42.98166],[-96.517666,42.980192],[-96.520431,42.980652],[-96.52082,42.979923],[-96.51958,42.97698],[-96.517301,42.975717],[-96.515992,42.972988],[-96.511368,42.971514],[-96.50516,42.971095],[-96.503005,42.968279],[-96.502367,42.966084],[-96.501968,42.961269],[-96.501324,42.96009],[-96.499283,42.958745],[-96.498982,42.957769],[-96.502357,42.957216],[-96.503646,42.956407],[-96.504853,42.954514],[-96.508886,42.953742],[-96.509317,42.952413],[-96.507962,42.948962],[-96.508047,42.947924],[-96.509187,42.94672],[-96.509138,42.945417],[-96.511312,42.944391],[-96.513924,42.94493],[-96.514857,42.943531],[-96.519345,42.94053],[-96.520164,42.938924],[-96.519179,42.937159],[-96.516819,42.93586],[-96.51647,42.93281],[-96.518312,42.931762],[-96.519884,42.932011],[-96.521373,42.93488],[-96.522854,42.935694],[-96.524458,42.935798],[-96.526437,42.935078],[-96.528843,42.933391],[-96.533761,42.928492],[-96.534592,42.92698],[-96.532981,42.92465],[-96.534106,42.92371],[-96.536409,42.923106],[-96.539926,42.925066],[-96.540812,42.924843],[-96.541705,42.922498],[-96.541164,42.919406],[-96.538087,42.917982],[-96.538055,42.916532],[-96.538943,42.915306],[-96.5401,42.912318],[-96.539909,42.91166],[-96.53797,42.911098],[-96.538458,42.908771],[-96.538573,42.907805],[-96.536467,42.905643],[-96.537727,42.904802],[-96.539406,42.904537],[-96.542416,42.905054],[-96.54293,42.903756],[-96.54098,42.901939],[-96.540054,42.900359],[-96.539017,42.899803],[-96.53637,42.90088],[-96.533458,42.89996],[-96.528536,42.897666],[-96.528349,42.896995],[-96.530104,42.895835],[-96.529011,42.893578],[-96.525739,42.892774],[-96.525435,42.891424],[-96.527163,42.890628],[-96.534598,42.890582],[-96.536887,42.889381],[-96.539223,42.889921],[-96.540376,42.889449],[-96.539715,42.888228],[-96.538144,42.887668],[-96.537695,42.886748],[-96.540627,42.885007],[-96.543095,42.8842],[-96.543258,42.88287],[-96.540613,42.881745],[-96.537837,42.879104],[-96.53767,42.878462],[-96.540484,42.877485],[-96.543219,42.875083],[-96.544918,42.874468],[-96.546561,42.874524],[-96.549623,42.869565],[-96.546405,42.867826],[-96.546005,42.866291],[-96.546616,42.863811],[-96.547243,42.863534],[-96.549801,42.864172],[-96.550206,42.862824],[-96.548986,42.861708],[-96.546575,42.861512],[-96.546035,42.860916],[-96.546948,42.859129],[-96.546819,42.857436],[-96.545212,42.857081],[-96.543768,42.858049],[-96.54302,42.859561],[-96.542234,42.859631],[-96.541142,42.858167],[-96.542688,42.854038],[-96.544831,42.850193],[-96.547091,42.849715],[-96.548777,42.851211],[-96.550558,42.850098],[-96.549541,42.848655],[-96.550537,42.847574],[-96.552809,42.848238],[-96.554554,42.849588],[-96.555891,42.84952],[-96.556036,42.84877],[-96.55494,42.847196],[-96.554287,42.843925],[-96.552045,42.841876],[-96.548598,42.840891],[-96.550598,42.837142],[-96.551568,42.836202],[-96.552778,42.835961],[-96.556,42.836538],[-96.557818,42.838984],[-96.558942,42.83965],[-96.560976,42.839106],[-96.561938,42.837585],[-96.562809,42.836422],[-96.562387,42.833398],[-96.563019,42.831785],[-96.562749,42.830706],[-96.561537,42.829397],[-96.563042,42.8283],[-96.564324,42.828375],[-96.564937,42.829814],[-96.566714,42.831945],[-96.56928,42.83401],[-96.569737,42.835135],[-96.568117,42.836577],[-96.567948,42.837397],[-96.569079,42.837923],[-96.57145,42.837065],[-96.572942,42.837104],[-96.574424,42.837978],[-96.575599,42.835783],[-96.577682,42.834792],[-96.579377,42.834983],[-96.57931,42.83629],[-96.578049,42.837097],[-96.578459,42.837907],[-96.580583,42.838149],[-96.581378,42.83781],[-96.581512,42.836381],[-96.582391,42.834282],[-96.581815,42.833179],[-96.580581,42.832772],[-96.579796,42.830733],[-96.57783,42.829067],[-96.577531,42.828136],[-96.580598,42.824865],[-96.583128,42.824851],[-96.585808,42.823776],[-96.586131,42.822233],[-96.584305,42.82029],[-96.584109,42.819005],[-96.586029,42.8178],[-96.587581,42.817839],[-96.588943,42.818487],[-96.589587,42.817913],[-96.590392,42.815642],[-96.591632,42.81527],[-96.59457,42.815893],[-96.595902,42.815057],[-96.595126,42.812822],[-96.595697,42.810437],[-96.591968,42.809846],[-96.590465,42.808297],[-96.591196,42.805451],[-96.593005,42.802958],[-96.592353,42.801272],[-96.593296,42.799187],[-96.594919,42.797588],[-96.595808,42.797415],[-96.597317,42.798213],[-96.597802,42.799701],[-96.598945,42.799631],[-96.599683,42.798435],[-96.599378,42.797489],[-96.59729,42.796603],[-96.596596,42.794586],[-96.595017,42.793575],[-96.595343,42.792788],[-96.597198,42.791924],[-96.600765,42.791746],[-96.602712,42.792305],[-96.604155,42.792224],[-96.605229,42.791163],[-96.604943,42.790286],[-96.602557,42.78874],[-96.602686,42.787188],[-96.603678,42.785996],[-96.603582,42.78414],[-96.605008,42.783009],[-96.607993,42.784434],[-96.608979,42.784011],[-96.609406,42.782518],[-96.611046,42.782858],[-96.61169,42.784278],[-96.613264,42.784216],[-96.61384,42.782629],[-96.615467,42.782815],[-96.615201,42.784497],[-96.616148,42.785066],[-96.619849,42.783792],[-96.621544,42.780337],[-96.621985,42.77683],[-96.623071,42.776202],[-96.626523,42.775761],[-96.627081,42.774178],[-96.626073,42.771801],[-96.627126,42.771225],[-96.629652,42.771815],[-96.631309,42.76965],[-96.632812,42.7713],[-96.635091,42.770748],[-96.636382,42.76974],[-96.636393,42.768631],[-96.63474,42.767955],[-96.633137,42.768783],[-96.632335,42.768041],[-96.631625,42.765533],[-96.632892,42.764989],[-96.634828,42.765595],[-96.636493,42.76486],[-96.635409,42.763381],[-96.632784,42.761786],[-96.630967,42.760094],[-96.630012,42.758525],[-96.627811,42.756783],[-96.627243,42.754413],[-96.625601,42.754433],[-96.624471,42.757102],[-96.623023,42.758365],[-96.620267,42.757585],[-96.620005,42.75588],[-96.619269,42.754752],[-96.620306,42.753499],[-96.623344,42.752852],[-96.625626,42.752951],[-96.62682,42.75211],[-96.627532,42.750657],[-96.629521,42.750823],[-96.63042,42.750207],[-96.629835,42.748018],[-96.630236,42.746916],[-96.631369,42.746589],[-96.631911,42.744789],[-96.62942,42.744126],[-96.629712,42.743452],[-96.633967,42.742759],[-96.63542,42.7421],[-96.635561,42.740847],[-96.634809,42.739847],[-96.630489,42.736265],[-96.630839,42.735122],[-96.632829,42.735343],[-96.635024,42.736543],[-96.638749,42.737501],[-96.639485,42.736928],[-96.638348,42.734654],[-96.636077,42.732851],[-96.632587,42.732209],[-96.630985,42.730863],[-96.630677,42.72935],[-96.632021,42.728776],[-96.632517,42.727136],[-96.634363,42.726379],[-96.634812,42.725598],[-96.633703,42.724137],[-96.632425,42.72479],[-96.627019,42.725934],[-96.624691,42.725626],[-96.625393,42.723327],[-96.624596,42.722485],[-96.624465,42.721113],[-96.625352,42.719821],[-96.628011,42.717798],[-96.625042,42.716095],[-96.62426,42.714717],[-96.624904,42.713119],[-96.625977,42.711063],[-96.627498,42.709486],[-96.62917,42.709148],[-96.630441,42.706888],[-96.62992,42.705255],[-96.628521,42.705015],[-96.626843,42.704058],[-96.625208,42.704345],[-96.625305,42.707129],[-96.623881,42.707555],[-96.621642,42.704963],[-96.620822,42.702731],[-96.619761,42.701827],[-96.619194,42.699812],[-96.616601,42.700523],[-96.615722,42.700254],[-96.615148,42.698433],[-96.612956,42.699168],[-96.611698,42.700152],[-96.610284,42.702082],[-96.609436,42.702421],[-96.605596,42.70202],[-96.6048,42.701189],[-96.604528,42.698565],[-96.605692,42.697897],[-96.607896,42.697852],[-96.609624,42.698425],[-96.61179,42.696885],[-96.612056,42.695512],[-96.610208,42.69456],[-96.605875,42.694624],[-96.60442,42.695618],[-96.604523,42.696708],[-96.602241,42.697053],[-96.60113,42.699114],[-96.599603,42.698829],[-96.599154,42.697156],[-96.596635,42.695057],[-96.594336,42.694579],[-96.594167,42.693576],[-96.595922,42.6928],[-96.596453,42.691472],[-96.594542,42.690834],[-96.593614,42.689723],[-96.593936,42.689133],[-96.596559,42.688288],[-96.598877,42.689031],[-96.600177,42.687926],[-96.598884,42.686667],[-96.594022,42.68671],[-96.592295,42.68716],[-96.591505,42.688885],[-96.591592,42.690759],[-96.589595,42.690946],[-96.586342,42.689794],[-96.586303,42.688448],[-96.58553,42.687141],[-96.585462,42.685829],[-96.586425,42.68381],[-96.585833,42.683059],[-96.580292,42.682848],[-96.576692,42.683109],[-96.575295,42.682823],[-96.574568,42.681966],[-96.574972,42.68073],[-96.578704,42.678598],[-96.577921,42.677632],[-96.575428,42.677931],[-96.573975,42.67872],[-96.572488,42.678884],[-96.571944,42.677161],[-96.572614,42.675564],[-96.573926,42.674017],[-96.575655,42.673121],[-96.577344,42.672916],[-96.578576,42.672207],[-96.577852,42.671569],[-96.57357,42.670721],[-96.571112,42.671167],[-96.570293,42.672632],[-96.569895,42.674679],[-96.56801,42.676289],[-96.566964,42.676417],[-96.566184,42.675287],[-96.565504,42.672709],[-96.564297,42.671244],[-96.562334,42.669966],[-96.560278,42.669152],[-96.55853,42.666866],[-96.556012,42.664596],[-96.555776,42.663924],[-96.559454,42.663357],[-96.559823,42.662834],[-96.559408,42.660664],[-96.559919,42.659025],[-96.558672,42.657608],[-96.556542,42.657768],[-96.554316,42.658407],[-96.549608,42.660571],[-96.546302,42.661534],[-96.543482,42.661433],[-96.541393,42.660089],[-96.538898,42.657193],[-96.537767,42.655425],[-96.53727,42.652781],[-96.538026,42.649032],[-96.538164,42.647686],[-96.537472,42.645951],[-96.533822,42.643535],[-96.531067,42.642398],[-96.527671,42.641875],[-96.526414,42.641213],[-96.52523,42.637869],[-96.525458,42.635598],[-96.524271,42.634511],[-96.521532,42.634832],[-96.519824,42.633181],[-96.51684,42.630975],[-96.515607,42.629611],[-96.515178,42.627569],[-96.515551,42.624983],[-96.516828,42.621891],[-96.518114,42.619816],[-96.521453,42.617676],[-96.523754,42.617592],[-96.528131,42.61844],[-96.53059,42.617444],[-96.531615,42.615318],[-96.531335,42.613642],[-96.529937,42.610471],[-96.527816,42.608961],[-96.525718,42.609276],[-96.52204,42.612995],[-96.521318,42.614506],[-96.519694,42.616083],[-96.517663,42.616647],[-96.515024,42.616183],[-96.513557,42.615469],[-96.509453,42.612704],[-96.504653,42.604998],[-96.500183,42.594104],[-96.500234,42.59273],[-96.501438,42.59061],[-96.501082,42.589311],[-96.499086,42.588425],[-96.495712,42.588425],[-96.493599,42.588141],[-96.49152,42.587346],[-96.491492,42.586103],[-96.494909,42.583536],[-96.49597,42.581774],[-96.496026,42.580382],[-96.495002,42.578853],[-96.491373,42.577067],[-96.487748,42.576365],[-96.486198,42.575784],[-96.485742,42.57407],[-96.486146,42.573149],[-96.498776,42.561043],[-96.498997,42.560832],[-96.498835,42.55878],[-96.498544,42.558116],[-96.497265,42.556981],[-96.49554,42.55644],[-96.493098,42.556354],[-96.491035,42.556593],[-96.490128,42.556755],[-96.486326,42.556961],[-96.481281,42.556744],[-96.478541,42.556378],[-96.47696,42.555972],[-96.476948,42.554731],[-96.47697,42.549169],[-96.476952,42.546696],[-96.476581,42.546467],[-96.477409,42.539888],[-96.477707,42.535596],[-96.479813,42.529601],[-96.479041,42.526515],[-96.479949,42.524246],[-96.487455,42.521518],[-96.490646,42.52027],[-96.491042,42.520175],[-96.492085,42.519625],[-96.492869,42.51906],[-96.493449,42.518259],[-96.493722,42.516742],[-96.49357,42.515626],[-96.493068,42.514821],[-96.492444,42.514183],[-96.491431,42.513465],[-96.490752,42.513073],[-96.488885,42.511699],[-96.488163,42.511284],[-96.4866,42.510739],[-96.484379,42.510312],[-96.483504,42.51028],[-96.48263,42.510351],[-96.479023,42.510843],[-96.477468,42.509613],[-96.476048,42.507783],[-96.473334,42.503536],[-96.474136,42.503288],[-96.474745,42.501095],[-96.476913,42.497879],[-96.477444,42.49547],[-96.477498,42.495213],[-96.477901,42.494346],[-96.477186,42.491011],[-96.476369,42.490043],[-96.473496,42.489253],[-96.471505,42.489268],[-96.470047,42.490051],[-96.469696,42.491351],[-96.464466,42.490491],[-96.462251,42.49073],[-96.456852,42.492517],[-96.455424,42.492498],[-96.447918,42.490442],[-96.445629,42.490691],[-96.440308,42.489595],[-96.423892,42.48898],[-96.413612,42.487969],[-96.413499,42.487959],[-96.409408,42.487595],[-96.407217,42.487018],[-96.401962,42.48644],[-96.396124,42.484361],[-96.392648,42.48141],[-96.386013,42.474506],[-96.385407,42.473094],[-96.381305,42.461695],[-96.380905,42.459195],[-96.380105,42.451494],[-96.38064,42.446944],[-96.380654,42.446821],[-96.380705,42.446393],[-96.384307,42.437294],[-96.387608,42.432494],[-96.398808,42.422494],[-96.407383,42.415945],[-96.410307,42.412965],[-96.413609,42.407894],[-96.415186,42.404203],[-96.415504,42.400345],[-96.415348,42.395784],[-96.414606,42.392247],[-96.411124,42.38606],[-96.409153,42.381491],[-96.408532,42.379078],[-96.408436,42.376092],[-96.411451,42.370249],[-96.413994,42.365932],[-96.416858,42.361784],[-96.417918,42.3587],[-96.418168,42.354678],[-96.417786,42.351449],[-96.416344,42.348115],[-96.413895,42.343393],[-96.407998,42.337408],[-96.402957,42.334156],[-96.396269,42.330857],[-96.385717,42.326511],[-96.384169,42.325874],[-96.379484,42.322197],[-96.375307,42.318339],[-96.37179,42.314172],[-96.369969,42.310878],[-96.369402,42.308983],[-96.368675,42.304748],[-96.368585,42.301104],[-96.368723,42.29662],[-96.368467,42.292619],[-96.367977,42.290681],[-96.365751,42.285814],[-96.363009,42.282218],[-96.360732,42.279786],[-96.35655,42.276594],[-96.34905,42.272609],[-96.341387,42.269087],[-96.335964,42.264777],[-96.331312,42.259408],[-96.328897,42.254723],[-96.327706,42.249992],[-96.328093,42.245736],[-96.328958,42.241885],[-96.330006,42.240225],[-96.329529,42.239461],[-96.327893,42.23816],[-96.3271,42.237318],[-96.325744,42.236111],[-96.323926,42.23495],[-96.322868,42.233637],[-96.322827,42.231461],[-96.323723,42.229887],[-96.325949,42.228661],[-96.326961,42.227234],[-96.328182,42.225795],[-96.330151,42.223361],[-96.334179,42.219872],[-96.334402,42.21927],[-96.337025,42.217463],[-96.345033,42.217495],[-96.35062,42.216117],[-96.35419,42.215714],[-96.35656,42.215002],[-96.348719,42.214882],[-96.329079,42.214848],[-96.309608,42.214823],[-96.303286,42.214817],[-96.290126,42.214808],[-96.270774,42.214785],[-96.25144,42.214644],[-96.24122,42.214626],[-96.24094,42.214571],[-96.222438,42.214427],[-96.215577,42.214379],[-96.215229,42.214393],[-96.212769,42.214368],[-96.193564,42.214177],[-96.174046,42.214],[-96.154634,42.213879],[-96.135394,42.21355],[-96.116315,42.213063],[-96.11145,42.213008],[-96.106186,42.212939],[-96.097102,42.21276],[-96.078448,42.212642],[-96.077694,42.212651],[-96.07739,42.212827],[-96.058486,42.212649],[-96.057348,42.212698],[-96.044775,42.212305],[-96.027944,42.211885],[-96.019882,42.211687],[-96.00059,42.211762],[-95.984846,42.211849],[-95.98167,42.211838],[-95.976918,42.211923],[-95.96686,42.211906],[-95.94235,42.211439],[-95.938988,42.211396],[-95.927829,42.211524],[-95.921006,42.211645],[-95.913736,42.211531],[-95.908712,42.21135],[-95.904124,42.211464],[-95.896628,42.211464],[-95.884303,42.211403],[-95.864848,42.211614],[-95.85639,42.211523],[-95.845255,42.211586],[-95.826086,42.211534],[-95.825024,42.211647],[-95.81588,42.211487],[-95.80999,42.211735],[-95.806661,42.211684],[-95.795471,42.211528],[-95.787143,42.211746],[-95.768416,42.211488],[-95.766824,42.211497],[-95.76392,42.211365],[-95.759646,42.211295],[-95.75096,42.211471],[-95.738865,42.21149],[-95.729082,42.211476],[-95.723964,42.211473],[-95.709667,42.211462],[-95.697509,42.211484],[-95.693196,42.211385],[-95.683679,42.2115],[-95.677024,42.211282],[-95.670822,42.211408],[-95.670692,42.205253],[-95.670583,42.196874],[-95.670639,42.182392],[-95.670721,42.175114],[-95.670823,42.167883],[-95.670825,42.167529],[-95.671032,42.153444],[-95.670898,42.146238],[-95.6709,42.145492],[-95.670894,42.145253],[-95.670898,42.138985],[-95.671036,42.13882],[-95.671102,42.13186],[-95.671155,42.124497],[-95.671397,42.122487],[-95.671241,42.116935],[-95.671322,42.110024],[-95.671654,42.095518],[-95.671782,42.080987],[-95.671714,42.066466],[-95.671941,42.060833],[-95.671706,42.051941],[-95.671699,42.048814],[-95.671701,42.048705],[-95.671563,42.045441],[-95.671607,42.043296],[-95.671683,42.041585],[-95.671751,42.037435],[-95.671689,42.034531],[-95.672207,42.028787],[-95.672098,42.01741],[-95.671875,42.014607],[-95.671902,42.011753],[-95.671891,42.008353],[-95.671913,41.994858],[-95.672163,41.994098],[-95.672011,41.993886],[-95.671929,41.985452],[-95.672032,41.980574],[-95.671989,41.972628],[-95.672073,41.964822],[-95.672109,41.961264],[-95.672152,41.950315],[-95.67222,41.943327],[-95.672103,41.937954],[-95.672253,41.935656],[-95.672422,41.921107],[-95.67251,41.909658],[-95.672508,41.909327],[-95.67253,41.895719],[-95.67252,41.894197],[-95.672618,41.88489],[-95.672456,41.883474],[-95.67255,41.877574],[-95.672708,41.877321],[-95.672596,41.867295],[-95.672771,41.863147],[-95.666656,41.863235],[-95.626954,41.863275],[-95.622841,41.863275],[-95.611433,41.863309],[-95.602755,41.863309],[-95.59807,41.863303],[-95.59765,41.863303],[-95.596074,41.8633],[-95.595997,41.8633],[-95.589534,41.863307],[-95.569022,41.863424],[-95.561292,41.863358],[-95.557277,41.863449],[-95.550475,41.863517],[-95.537509,41.863536],[-95.51316,41.863472],[-95.493829,41.863374],[-95.491979,41.863367],[-95.479224,41.863279],[-95.478654,41.863284],[-95.459662,41.863164],[-95.45336,41.863262],[-95.440528,41.863236],[-95.429065,41.863273],[-95.424177,41.863222],[-95.408946,41.863314],[-95.402205,41.863538],[-95.392545,41.863601],[-95.383285,41.863673],[-95.38299,41.863798],[-95.374523,41.863841],[-95.373224,41.863846],[-95.366497,41.863881],[-95.363659,41.86385],[-95.353796,41.863948],[-95.349071,41.863997],[-95.344189,41.863999],[-95.333402,41.86412],[-95.32484,41.864121],[-95.324813,41.8641],[-95.324076,41.864182],[-95.305511,41.86413],[-95.303456,41.864126],[-95.302131,41.864123],[-95.292351,41.864081],[-95.286203,41.864028],[-95.266866,41.863841],[-95.247645,41.863914],[-95.228325,41.863809],[-95.209023,41.863709],[-95.198727,41.863565],[-95.189301,41.86352],[-95.188738,41.863521],[-95.17014,41.863477],[-95.150791,41.863516],[-95.131438,41.863513],[-95.12071,41.863474],[-95.112109,41.863356],[-95.092861,41.863374],[-95.09293,41.874456],[-95.092944,41.877806],[-95.093084,41.882501],[-95.092935,41.892223],[-95.092797,41.898784],[-95.092794,41.90662],[-95.092787,41.909638],[-95.092654,41.920971],[-95.092641,41.935386],[-95.092544,41.950801],[-95.092476,41.965183],[-95.092289,41.979586],[-95.092128,41.994031],[-95.092123,42.008413],[-95.091982,42.022833],[-95.091908,42.036064],[-95.09184,42.050426],[-95.091818,42.064872],[-95.091814,42.073203],[-95.091819,42.073575],[-95.091788,42.074157],[-95.091797,42.075207],[-95.091798,42.079265],[-95.09169,42.086469],[-95.091602,42.09368],[-95.091522,42.101884],[-95.091465,42.108129],[-95.091399,42.114445],[-95.091398,42.114827],[-95.091329,42.123956],[-95.091304,42.128213],[-95.091278,42.138398],[-95.091283,42.152802],[-95.091274,42.160172],[-95.091232,42.167012],[-95.09123,42.167208],[-95.091126,42.18165],[-95.091008,42.19609],[-95.091007,42.196121],[-95.090851,42.210405],[-95.072265,42.210415],[-95.052864,42.210326],[-95.033495,42.210272],[-95.025246,42.21025],[-95.01411,42.210172],[-94.994683,42.210019],[-94.990567,42.209995],[-94.975249,42.209936],[-94.955616,42.209839],[-94.936146,42.209841],[-94.916708,42.209856],[-94.89727,42.209793],[-94.877836,42.209789],[-94.858412,42.209692],[-94.841592,42.209764],[-94.822743,42.209691],[-94.803304,42.209752],[-94.783847,42.209681],[-94.780059,42.209669],[-94.774198,42.20966],[-94.754779,42.209461],[-94.750258,42.209332],[-94.744903,42.209523],[-94.725798,42.209609],[-94.70802,42.209673],[-94.706412,42.209598],[-94.69934,42.209605],[-94.696852,42.209456],[-94.686947,42.209492],[-94.674807,42.209658],[-94.667486,42.209537],[-94.648259,42.209542],[-94.645024,42.209427],[-94.628806,42.209396],[-94.628812,42.195132],[-94.62881,42.180689],[-94.628961,42.166267],[-94.629032,42.159067],[-94.629077,42.157494],[-94.628988,42.15183],[-94.628973,42.137385],[-94.628996,42.130158],[-94.629003,42.122963],[-94.628983,42.113747],[-94.628956,42.106583],[-94.628952,42.097093],[-94.628925,42.092119],[-94.628921,42.091798],[-94.62896,42.085063],[-94.628952,42.084725],[-94.628947,42.077882],[-94.628955,42.063479],[-94.629051,42.053244],[-94.629098,42.049032],[-94.629112,42.042741],[-94.629117,42.039265],[-94.629116,42.038536],[-94.629147,42.034635],[-94.629133,42.028571],[-94.629164,42.022538],[-94.62917,42.008104],[-94.629218,41.993657],[-94.629214,41.979231],[-94.629235,41.968464],[-94.629273,41.964769],[-94.629345,41.950505],[-94.629347,41.950329],[-94.629463,41.935096],[-94.629613,41.920686],[-94.629622,41.906227],[-94.629412,41.891777],[-94.629172,41.88205],[-94.629026,41.877351],[-94.628885,41.870065],[-94.628724,41.862763],[-94.613669,41.862971],[-94.599894,41.863137],[-94.570929,41.86322],[-94.551577,41.863194],[-94.53227,41.863243],[-94.512959,41.863252],[-94.507898,41.863308],[-94.492951,41.863235],[-94.483462,41.863231],[-94.478554,41.863231],[-94.473681,41.863232],[-94.46689,41.863244],[-94.454383,41.863244],[-94.449771,41.863238],[-94.435063,41.863218],[-94.415741,41.863192],[-94.406088,41.863173],[-94.396445,41.863123],[-94.386842,41.863066],[-94.367238,41.863081],[-94.361584,41.863061],[-94.357601,41.863042],[-94.338296,41.86301],[-94.32645,41.863029],[-94.310561,41.862963],[-94.30937,41.863018],[-94.295686,41.862943],[-94.289498,41.86302],[-94.28034,41.862999],[-94.280461,41.853694],[-94.28047,41.848721],[-94.280535,41.834405],[-94.280573,41.819828],[-94.280626,41.805442],[-94.280696,41.790979],[-94.280724,41.776568],[-94.280781,41.766772],[-94.280782,41.76061],[-94.280729,41.74617],[-94.28067,41.731711],[-94.280619,41.717271],[-94.280505,41.702807],[-94.280496,41.688326],[-94.280323,41.680785],[-94.280057,41.666345],[-94.279905,41.651847],[-94.279922,41.645691],[-94.279896,41.644639],[-94.279917,41.637354],[-94.279913,41.63377],[-94.279866,41.626164],[-94.280002,41.62578],[-94.279966,41.622853],[-94.279995,41.615286],[-94.279996,41.614946],[-94.280057,41.60497],[-94.280057,41.601312],[-94.274702,41.601254],[-94.264683,41.601154],[-94.249116,41.601044],[-94.241356,41.600971],[-94.241361,41.586911],[-94.241361,41.576047],[-94.241376,41.564181],[-94.241371,41.561622],[-94.24142,41.521843],[-94.241423,41.518203],[-94.241423,41.517855],[-94.241424,41.517321],[-94.24146,41.509794],[-94.241576,41.509172],[-94.241593,41.503679],[-94.233578,41.503647],[-94.22352,41.503561],[-94.213947,41.503532],[-94.209193,41.503537],[-94.208804,41.503533],[-94.204266,41.50348],[-94.20396,41.503602],[-94.195475,41.503493],[-94.194843,41.503698],[-94.189801,41.503444],[-94.187798,41.50343],[-94.185002,41.503417],[-94.175178,41.503362],[-94.132061,41.503131],[-94.13063,41.503122],[-94.127172,41.503103],[-94.123452,41.503173],[-94.096398,41.503135],[-94.080085,41.503142],[-94.060843,41.503155],[-94.051172,41.503162],[-94.031966,41.503169],[-94.031179,41.503169],[-94.030077,41.503204],[-94.013752,41.503191],[-94.012762,41.503191],[-94.000236,41.503182],[-93.998207,41.503309],[-93.984759,41.50327],[-93.982211,41.503263],[-93.974045,41.50324],[-93.954774,41.503254],[-93.94035,41.503264],[-93.935089,41.503244],[-93.925873,41.503225],[-93.906605,41.50314],[-93.897118,41.503099],[-93.891013,41.503564],[-93.88166,41.504541],[-93.875651,41.505068],[-93.873903,41.505124],[-93.866766,41.505609],[-93.86475,41.505705],[-93.864497,41.505717],[-93.863041,41.505877],[-93.862872,41.50589],[-93.862851,41.505892],[-93.862824,41.505894],[-93.862209,41.505941],[-93.862124,41.505958],[-93.862049,41.505973],[-93.862027,41.506006],[-93.86195,41.506091],[-93.855704,41.506625],[-93.847526,41.507231],[-93.842883,41.507652],[-93.833386,41.508395],[-93.828641,41.508746],[-93.82402,41.50912],[-93.815851,41.509934],[-93.814623,41.509926],[-93.798959,41.511141],[-93.796415,41.511429],[-93.790612,41.511916],[-93.790463,41.513653],[-93.790623,41.516245],[-93.790542,41.519234],[-93.790523,41.533385],[-93.790523,41.533758],[-93.790523,41.533769],[-93.790523,41.535089],[-93.790523,41.535389],[-93.790527,41.535493],[-93.790523,41.536898],[-93.790524,41.538507],[-93.790567,41.540826],[-93.790622,41.5438],[-93.790548,41.546123],[-93.790563,41.548115],[-93.790527,41.559065],[-93.790519,41.561379],[-93.790514,41.563693],[-93.790513,41.56391],[-93.790511,41.566725],[-93.790523,41.569404],[-93.790524,41.571265],[-93.790525,41.573938],[-93.790526,41.574774],[-93.790526,41.575025],[-93.790526,41.575035],[-93.790526,41.575358],[-93.790526,41.57546],[-93.790526,41.576417],[-93.790527,41.57681],[-93.790528,41.577344],[-93.79053,41.578396],[-93.790535,41.580408],[-93.790537,41.581287],[-93.79054,41.582164],[-93.790543,41.583016],[-93.790547,41.5844],[-93.79058,41.587566],[-93.790601,41.5896],[-93.790602,41.592072],[-93.790602,41.592278],[-93.790648,41.595102],[-93.790665,41.595177],[-93.790678,41.595228],[-93.790674,41.595416],[-93.790625,41.597908],[-93.790632,41.600425],[-93.794164,41.600407],[-93.794331,41.600407],[-93.800852,41.600436],[-93.804849,41.600448],[-93.808885,41.600457],[-93.814282,41.600456],[-93.814272,41.602343],[-93.814267,41.603169],[-93.814262,41.604167],[-93.814259,41.604623],[-93.814255,41.605486],[-93.814262,41.607028],[-93.814264,41.607689],[-93.814265,41.607745],[-93.814265,41.608597],[-93.814266,41.609732],[-93.814259,41.611219],[-93.814267,41.612317],[-93.814297,41.614868],[-93.814302,41.61642],[-93.814306,41.617583],[-93.814311,41.619058],[-93.814318,41.620875],[-93.814322,41.622059],[-93.814324,41.622629],[-93.814333,41.625406],[-93.814463,41.629058],[-93.81444,41.629318],[-93.814432,41.629424],[-93.814326,41.632979],[-93.814324,41.636902],[-93.814339,41.639514],[-93.814338,41.641945],[-93.814337,41.643847],[-93.814347,41.64504],[-93.814356,41.645931],[-93.814375,41.647955],[-93.814406,41.651109],[-93.814419,41.652467],[-93.814436,41.654278],[-93.814476,41.658379],[-93.814465,41.66565],[-93.814456,41.67294],[-93.814445,41.676583],[-93.81441,41.688432],[-93.814422,41.69361],[-93.814426,41.695139],[-93.814428,41.695681],[-93.814447,41.702884],[-93.814447,41.702921],[-93.814466,41.705368],[-93.814472,41.706139],[-93.814507,41.710167],[-93.814537,41.717456],[-93.814627,41.731933],[-93.814641,41.736099],[-93.814676,41.746516],[-93.814691,41.750568],[-93.814599,41.750819],[-93.814584,41.752045],[-93.814585,41.75211],[-93.8146,41.755007],[-93.814609,41.755639],[-93.81463,41.757905],[-93.814675,41.761107],[-93.814724,41.765774],[-93.814749,41.768334],[-93.814796,41.773386],[-93.814892,41.776928],[-93.814856,41.784114],[-93.814992,41.798608],[-93.815021,41.802446],[-93.815032,41.803985],[-93.815033,41.804245],[-93.815048,41.807097],[-93.815023,41.812935],[-93.815124,41.81426],[-93.815151,41.823402],[-93.815292,41.827523],[-93.815249,41.834806],[-93.815336,41.842027],[-93.815589,41.849452],[-93.815784,41.853252],[-93.815721,41.863419],[-93.795756,41.863434],[-93.783862,41.863455],[-93.776167,41.863469],[-93.759748,41.863416],[-93.756609,41.863406],[-93.746872,41.863398],[-93.737089,41.863389],[-93.717528,41.863367],[-93.707789,41.863356],[-93.702844,41.863351],[-93.70038,41.863348],[-93.699215,41.863347],[-93.698032,41.86337],[-93.69682,41.863359],[-93.696032,41.863362],[-93.694618,41.863363],[-93.693161,41.863359],[-93.692008,41.863357],[-93.688093,41.863371],[-93.678349,41.863365],[-93.658865,41.863346],[-93.639406,41.8633],[-93.629639,41.863266],[-93.619968,41.863215],[-93.600376,41.863212],[-93.580878,41.863218],[-93.571445,41.863215],[-93.571161,41.863214],[-93.570239,41.863211],[-93.560821,41.863204],[-93.546241,41.863211],[-93.531645,41.863211],[-93.526677,41.863288],[-93.51991,41.863121],[-93.507587,41.862996],[-93.50704,41.862982],[-93.498185,41.863162],[-93.492689,41.863116],[-93.4825,41.863119],[-93.473161,41.863172],[-93.463437,41.863213],[-93.444659,41.863207],[-93.425334,41.863137],[-93.406059,41.863153],[-93.395908,41.863213],[-93.387838,41.863189],[-93.382023,41.863177],[-93.367314,41.863189],[-93.347933,41.863104],[-93.334611,41.863081],[-93.32855,41.863064],[-93.309218,41.862994],[-93.290995,41.863056],[-93.289803,41.86297],[-93.285809,41.86292],[-93.270437,41.86288],[-93.254996,41.862804],[-93.254458,41.8628],[-93.251339,41.862664],[-93.250968,41.862667],[-93.244094,41.862816],[-93.234168,41.862791],[-93.233233,41.86276],[-93.23268,41.862716],[-93.231858,41.862711],[-93.231613,41.862715],[-93.229493,41.862778],[-93.212732,41.862759],[-93.210859,41.862759],[-93.203663,41.862746],[-93.194753,41.862761],[-93.193891,41.86277],[-93.193434,41.862781],[-93.174098,41.862689],[-93.154796,41.862617],[-93.135458,41.862658],[-93.121611,41.862655],[-93.116197,41.862651],[-93.113691,41.862657],[-93.096836,41.862631],[-93.077404,41.862636],[-93.060655,41.862638],[-93.057954,41.862627],[-93.048246,41.862631],[-93.038569,41.862611],[-93.01916,41.86254],[-93.009799,41.862505],[-93.009404,41.862503],[-92.999781,41.862476],[-92.980334,41.862518],[-92.972102,41.862518],[-92.960927,41.862508],[-92.960158,41.862508],[-92.942014,41.862518],[-92.941533,41.862521],[-92.922085,41.862496],[-92.902676,41.86244],[-92.883217,41.862381],[-92.863094,41.862348],[-92.833917,41.862274],[-92.821846,41.862267],[-92.81152,41.862344],[-92.804779,41.862372],[-92.795063,41.862383],[-92.785432,41.862384],[-92.781092,41.862394],[-92.765999,41.862373],[-92.765911,41.865056],[-92.765875,41.876849],[-92.765814,41.886675],[-92.765801,41.891415],[-92.765736,41.905952],[-92.765706,41.913273],[-92.765956,41.914677],[-92.765757,41.916125],[-92.765702,41.923049],[-92.765653,41.935007],[-92.765662,41.938822],[-92.765667,41.939677],[-92.765849,41.949338],[-92.765715,41.956804],[-92.765779,41.963674],[-92.765787,41.970934],[-92.765811,41.978067],[-92.765892,41.992474],[-92.766122,41.998118],[-92.766113,41.999549],[-92.766041,42.006647],[-92.766041,42.006855],[-92.766042,42.007109],[-92.766067,42.009501],[-92.76612,42.014026],[-92.766283,42.031409],[-92.766306,42.035044],[-92.766362,42.04246],[-92.766341,42.048684],[-92.766365,42.048982],[-92.766598,42.049433],[-92.766417,42.053188],[-92.766437,42.056779],[-92.766473,42.063987],[-92.766571,42.078425],[-92.766697,42.092883],[-92.766721,42.107325],[-92.766757,42.114021],[-92.766797,42.120627],[-92.766793,42.12346],[-92.766821,42.127008],[-92.766861,42.130706],[-92.766895,42.13792],[-92.766984,42.151761],[-92.766989,42.152273],[-92.767055,42.166806],[-92.767146,42.176581],[-92.767178,42.181273],[-92.767213,42.187478],[-92.767273,42.19571],[-92.767463,42.21014],[-92.777204,42.210064],[-92.786844,42.210035],[-92.801346,42.209989],[-92.804392,42.210033],[-92.806632,42.210111],[-92.825664,42.210124],[-92.835168,42.210089],[-92.845061,42.210052],[-92.854874,42.210062],[-92.864472,42.210078],[-92.869334,42.21007],[-92.874153,42.210061],[-92.884997,42.210004],[-92.904537,42.209901],[-92.923889,42.209787],[-92.933554,42.209806],[-92.943327,42.209764],[-92.953072,42.209709],[-92.961857,42.209653],[-92.962716,42.209646],[-92.982055,42.209533],[-93.001674,42.209267],[-93.001702,42.214969],[-93.001768,42.223686],[-93.00179,42.23153],[-93.001794,42.233332],[-93.00182,42.241669],[-93.001857,42.252659],[-93.001872,42.256281],[-93.001887,42.259927],[-93.001893,42.260931],[-93.001897,42.261681],[-93.001929,42.26718],[-93.002023,42.281706],[-93.00202,42.283056],[-93.002076,42.296205],[-93.002107,42.309171],[-93.00211,42.310621],[-93.002118,42.317822],[-93.002167,42.324986],[-93.002232,42.33869],[-93.002235,42.339429],[-93.002252,42.346678],[-93.002269,42.3538],[-93.002252,42.367324],[-93.002248,42.368388],[-93.002276,42.375584],[-93.002368,42.383452]]]]}}],"labels":{"type":"FeatureCollection","features":[{"type":"Feature","properties":{"id":"1","NAME":"1","featureLabel":{"left":-91.9330942329254,"right":-91.9330942329254,"top":42.681206331253044,"bottom":42.681206331253044},"text-field":"1"},"geometry":{"type":"Point","coordinates":[-91.9330942329254,42.681206331253044]}},{"type":"Feature","properties":{"id":"2","NAME":"2","featureLabel":{"left":-92.69178429871367,"right":-92.69178429871367,"top":41.22609821949005,"bottom":41.22609821949005},"text-field":"2"},"geometry":{"type":"Point","coordinates":[-92.69178429871367,41.22609821949005]}},{"type":"Feature","properties":{"id":"3","NAME":"3","featureLabel":{"left":-95.30336298964689,"right":-95.30336298964689,"top":41.309448692268376,"bottom":41.309448692268376},"text-field":"3"},"geometry":{"type":"Point","coordinates":[-95.30336298964689,41.309448692268376]}},{"type":"Feature","properties":{"id":"4","NAME":"4","featureLabel":{"left":-93.95004509650421,"right":-93.95004509650421,"top":42.67613035721587,"bottom":42.67613035721587},"text-field":"4"},"geometry":{"type":"Point","coordinates":[-93.95004509650421,42.67613035721587]}}]}}