{"type":"FeatureCollection","features":[{"type":"Feature","properties":{"id":1,"NAME":"1","TotalPop":919515,"PopDevPct":-0.00004132,"DemPct":0.23737931,"RepPct":0.62319719,"WhitePct":0.84082362,"MinorityPct":0.15917638,"BlackPct":0.00767712,"HispanicPct":0.09287903,"PacificPct":0.00348353,"AsianPct":0.01576807,"NativePct":0.03644852,"TotalVAP":688670,"Margin":-0.26262069,"color":"#960018","opacity":"0.5"},"geometry":{"type":"MultiPolygon","coordinates":[[[[-113.990091,41.993095],[-113.983176,41.992721],[-113.963243,41.991605],[-113.932742,41.989966],[-113.901578,41.988552],[-113.89569,41.988427],[-113.895206,41.988418],[-113.884412,41.988319],[-113.873349,41.988182],[-113.866748,41.988213],[-113.843337,41.988442],[-113.830611,41.988607],[-113.814884,41.988654],[-113.796166,41.988933],[-113.764716,41.989457],[-113.75363,41.989628],[-113.744936,41.989745],[-113.669751,41.990895],[-113.649247,41.991165],[-113.639985,41.991263],[-113.60125,41.991777],[-113.599126,41.991791],[-113.579308,41.992048],[-113.554423,41.992393],[-113.514938,41.992865],[-113.481818,41.993242],[-113.46657,41.993463],[-113.454122,41.993731],[-113.431582,41.993914],[-113.425847,41.993934],[-113.402523,41.994186],[-113.368397,41.994557],[-113.341712,41.994853],[-113.31559,41.995189],[-113.292824,41.995497],[-113.271334,41.995733],[-113.237405,41.996089],[-113.191788,41.996481],[-113.157611,41.996785],[-113.133044,41.997029],[-113.10384,41.997308],[-113.078228,41.997544],[-113.000041,41.998204],[-112.979408,41.99832],[-112.951211,41.998557],[-112.944685,41.998673],[-112.937572,41.99862],[-112.891746,41.999021],[-112.859059,41.999211],[-112.833517,41.999418],[-112.832528,41.999421],[-112.804807,41.999578],[-112.788416,41.999709],[-112.77087,41.999822],[-112.753195,41.999857],[-112.729113,41.999972],[-112.709441,42.000117],[-112.705684,42.000151],[-112.700508,42.000159],[-112.695198,42.000164],[-112.656583,42.000255],[-112.637897,42.000295],[-112.589329,42.000467],[-112.582167,42.000532],[-112.540345,42.000672],[-112.505614,42.00078],[-112.455113,42.000748],[-112.44068,42.000776],[-112.3849,42.000961],[-112.364813,42.001053],[-112.355734,42.001048],[-112.313897,42.001065],[-112.286995,42.001025],[-112.26268,42.001181],[-112.239048,42.001166],[-112.226839,42.001167],[-112.220803,42.001166],[-112.220721,42.001167],[-112.201546,42.001163],[-112.198976,42.001164],[-112.198496,42.001164],[-112.189751,42.001133],[-112.173148,42.001515],[-112.166625,41.999993],[-112.153848,41.997226],[-112.135749,41.997431],[-112.129277,41.997562],[-112.119088,41.997731],[-112.109444,41.997794],[-112.083356,41.997903],[-112.065017,41.998026],[-112.062311,41.997842],[-112.040714,41.998108],[-112.033149,41.998165],[-112.02684,41.998219],[-112.01218,41.99835],[-112.000191,41.998357],[-111.973845,41.998319],[-111.954985,41.998298],[-111.954463,41.998297],[-111.940074,41.998459],[-111.933856,41.998627],[-111.933595,41.998634],[-111.933415,41.998633],[-111.915787,41.998611],[-111.896293,41.998646],[-111.890535,41.998628],[-111.876539,41.998579],[-111.868751,41.99864],[-111.85703,41.998563],[-111.842458,41.9987],[-111.836874,41.998836],[-111.829813,41.998743],[-111.813157,41.9989],[-111.812838,41.998903],[-111.798646,41.998996],[-111.787502,41.999004],[-111.778889,41.999099],[-111.750764,41.99933],[-111.7425,41.999149],[-111.739701,41.999226],[-111.700068,41.999374],[-111.634813,41.99938],[-111.626118,41.999242],[-111.597221,41.999487],[-111.596264,41.999493],[-111.580817,41.999436],[-111.541643,41.999393],[-111.535493,41.999507],[-111.518865,41.999517],[-111.507806,41.999552],[-111.489177,41.999543],[-111.483516,41.999541],[-111.464274,41.999746],[-111.445515,42.000337],[-111.426055,42.000581],[-111.408695,42.000715],[-111.407875,42.000716],[-111.311026,42.001223],[-111.299959,42.001245],[-111.262076,42.001316],[-111.259971,42.001322],[-111.247096,42.001369],[-111.221717,42.001366],[-111.20596,42.0014],[-111.198494,42.001439],[-111.168189,42.001442],[-111.14746,42.001536],[-111.144036,42.001534],[-111.081248,42.00159],[-111.063101,42.001656],[-111.062416,42.001658],[-111.046714,42.001702],[-111.046814,42.009651],[-111.046897,42.028542],[-111.046997,42.053155],[-111.046968,42.085818],[-111.04689,42.096716],[-111.046987,42.117245],[-111.047129,42.132262],[-111.047163,42.142261],[-111.047117,42.159467],[-111.047188,42.182282],[-111.047335,42.193116],[-111.04723,42.199109],[-111.04723,42.199399],[-111.047232,42.201723],[-111.047234,42.20208],[-111.047233,42.203468],[-111.047233,42.20365],[-111.047233,42.203855],[-111.047234,42.206087],[-111.047235,42.206153],[-111.047234,42.206339],[-111.047235,42.207321],[-111.047236,42.207616],[-111.047238,42.20999],[-111.047238,42.210371],[-111.04724,42.210911],[-111.04724,42.211354],[-111.047242,42.213449],[-111.047171,42.23088],[-111.047207,42.254972],[-111.047256,42.259941],[-111.047274,42.274628],[-111.047229,42.277958],[-111.047192,42.28547],[-111.047188,42.302668],[-111.047042,42.314905],[-111.047044,42.329445],[-111.046998,42.343966],[-111.047028,42.349448],[-111.047027,42.356259],[-111.047158,42.36087],[-111.04723,42.370956],[-111.047115,42.377486],[-111.04712,42.386797],[-111.047321,42.392647],[-111.047278,42.396064],[-111.047181,42.400749],[-111.047213,42.401801],[-111.047135,42.415591],[-111.047088,42.438962],[-111.04705,42.449545],[-111.047217,42.468597],[-111.046939,42.484263],[-111.046817,42.513925],[-111.046637,42.521111],[-111.046204,42.564134],[-111.046017,42.582723],[-111.045715,42.601198],[-111.045441,42.618114],[-111.045163,42.624928],[-111.044644,42.655534],[-111.04432,42.657038],[-111.044306,42.657465],[-111.044467,42.666215],[-111.044028,42.692091],[-111.043547,42.719502],[-111.043496,42.747781],[-111.043579,42.749928],[-111.043697,42.785359],[-111.043699,42.786698],[-111.043786,42.811144],[-111.043831,42.857355],[-111.044132,42.874922],[-111.043836,42.886374],[-111.043782,42.907752],[-111.043989,42.927838],[-111.043976,42.943129],[-111.043967,42.955097],[-111.04396,42.96426],[-111.043965,42.96803],[-111.043967,42.969299],[-111.044073,42.981564],[-111.044063,42.988377],[-111.044071,42.996285],[-111.04406,43.002161],[-111.044068,43.010338],[-111.04405,43.010832],[-111.044072,43.019407],[-111.044072,43.019606],[-111.044024,43.022297],[-111.044074,43.022982],[-111.044048,43.044544],[-111.044003,43.047293],[-111.044041,43.067849],[-111.044038,43.073986],[-111.044027,43.074937],[-111.044,43.0777],[-111.043978,43.079827],[-111.043979,43.081191],[-111.043991,43.092615],[-111.043993,43.092979],[-111.044012,43.096417],[-111.044013,43.096602],[-111.044048,43.103121],[-111.044049,43.10324],[-111.04406,43.107668],[-111.044059,43.107853],[-111.044006,43.129344],[-111.044007,43.129683],[-111.044001,43.138927],[-111.044051,43.142816],[-111.04406,43.143526],[-111.044102,43.152376],[-111.044043,43.156506],[-111.044107,43.164239],[-111.044048,43.176525],[-111.044042,43.184819],[-111.044055,43.189271],[-111.04401,43.195658],[-111.043976,43.200424],[-111.043969,43.202254],[-111.043925,43.212919],[-111.044014,43.233369],[-111.044201,43.246359],[-111.044456,43.265769],[-111.044457,43.265901],[-111.044706,43.29468],[-111.044899,43.313263],[-111.044988,43.334095],[-111.044858,43.351082],[-111.044915,43.360547],[-111.044937,43.364303],[-111.044743,43.380963],[-111.044832,43.407678],[-111.045134,43.446409],[-111.045153,43.465446],[-111.04529,43.471849],[-111.045277,43.484497],[-111.045398,43.499938],[-111.045473,43.501051],[-111.045492,43.510671],[-111.045282,43.528851],[-111.045276,43.542692],[-111.045282,43.543324],[-111.045373,43.563085],[-111.045373,43.563219],[-111.045421,43.57766],[-111.045439,43.6204],[-111.045597,43.630067],[-111.045601,43.636564],[-111.045622,43.640931],[-111.045625,43.641584],[-111.045953,43.674181],[-111.046033,43.679383],[-111.046109,43.685747],[-111.046116,43.686308],[-111.046118,43.686467],[-111.046123,43.686785],[-111.046132,43.687573],[-111.046206,43.693901],[-111.046286,43.70851],[-111.046424,43.72655],[-111.046571,43.739691],[-111.046578,43.747103],[-111.04658,43.748396],[-111.046582,43.75079],[-111.046582,43.751008],[-111.046585,43.754046],[-111.046588,43.757583],[-111.046589,43.759294],[-111.046547,43.772202],[-111.046599,43.783328],[-111.046573,43.795479],[-111.046627,43.809894],[-111.046625,43.812372],[-111.046704,43.820956],[-111.046723,43.821578],[-111.046715,43.823158],[-111.046715,43.823253],[-111.046713,43.823584],[-111.046702,43.828811],[-111.046772,43.843721],[-111.046735,43.857837],[-111.046722,43.861533],[-111.046623,43.871587],[-111.046676,43.882595],[-111.046734,43.899485],[-111.046657,43.906939],[-111.046612,43.914095],[-111.046935,43.929566],[-111.046881,43.94453],[-111.046983,43.956801],[-111.047029,43.961774],[-111.047012,43.968843],[-111.047152,43.978963],[-111.047157,43.983459],[-111.047044,43.983469],[-111.047228,43.99422],[-111.047349,43.999921],[-111.047956,44.007004],[-111.049074,44.020032],[-111.048887,44.030667],[-111.04884,44.044071],[-111.048757,44.059318],[-111.048597,44.068219],[-111.048656,44.077288],[-111.04849,44.105673],[-111.048488,44.105939],[-111.048487,44.106208],[-111.048452,44.114831],[-111.048826,44.120485],[-111.049119,44.124923],[-111.049106,44.128074],[-111.049101,44.129474],[-111.049091,44.132368],[-111.04909,44.137037],[-111.049086,44.145429],[-111.049078,44.219895],[-111.049326,44.250411],[-111.049318,44.264402],[-111.049596,44.267978],[-111.049496,44.270594],[-111.049653,44.328429],[-111.049695,44.353626],[-111.049148,44.374925],[-111.049197,44.405346],[-111.049298,44.42783],[-111.04891,44.43668],[-111.049194,44.438061],[-111.048995,44.460387],[-111.048974,44.474072],[-111.052434,44.478411],[-111.055782,44.476798],[-111.057999,44.477323],[-111.05997,44.47735],[-111.064672,44.478638],[-111.070163,44.482197],[-111.074787,44.483448],[-111.078382,44.483174],[-111.080557,44.484014],[-111.086708,44.485169],[-111.091966,44.486438],[-111.096196,44.48644],[-111.097303,44.486485],[-111.100918,44.487783],[-111.104475,44.486718],[-111.107213,44.486929],[-111.112837,44.490466],[-111.115061,44.493848],[-111.119675,44.494349],[-111.127383,44.49762],[-111.128377,44.499728],[-111.130659,44.500131],[-111.133853,44.506822],[-111.138618,44.516854],[-111.138568,44.518853],[-111.131382,44.532429],[-111.140806,44.535844],[-111.141531,44.535779],[-111.150571,44.534971],[-111.155114,44.542402],[-111.156433,44.543329],[-111.158894,44.546264],[-111.173755,44.549333],[-111.17864,44.552477],[-111.180747,44.554883],[-111.180529,44.558572],[-111.180899,44.563103],[-111.179959,44.567482],[-111.18103,44.569231],[-111.186341,44.570902],[-111.194696,44.573328],[-111.201491,44.575896],[-111.207295,44.575087],[-111.212648,44.575606],[-111.218865,44.575306],[-111.220445,44.576873],[-111.224615,44.576252],[-111.227631,44.576687],[-111.227606,44.577841],[-111.230182,44.581217],[-111.229483,44.582382],[-111.232058,44.585043],[-111.231091,44.586279],[-111.230812,44.587706],[-111.232543,44.589489],[-111.23186,44.597137],[-111.234109,44.600475],[-111.235598,44.601036],[-111.235091,44.605415],[-111.238942,44.610645],[-111.240889,44.614525],[-111.239545,44.615009],[-111.228253,44.618313],[-111.226644,44.61836],[-111.219319,44.622521],[-111.224046,44.624888],[-111.225482,44.62707],[-111.227994,44.630108],[-111.235666,44.636663],[-111.242017,44.642552],[-111.242644,44.6434],[-111.247684,44.643557],[-111.249236,44.644104],[-111.251244,44.6471],[-111.251347,44.648591],[-111.253139,44.649983],[-111.252597,44.65125],[-111.254685,44.651001],[-111.2581,44.65007],[-111.261884,44.64979],[-111.265245,44.648811],[-111.26649,44.647881],[-111.269656,44.646874],[-111.270788,44.646975],[-111.27376,44.648863],[-111.277051,44.649846],[-111.278477,44.651265],[-111.280575,44.655201],[-111.277577,44.655275],[-111.275613,44.656672],[-111.274984,44.658704],[-111.273309,44.66004],[-111.271855,44.662516],[-111.268868,44.663332],[-111.266705,44.665516],[-111.266804,44.667512],[-111.26968,44.668832],[-111.275041,44.673601],[-111.275814,44.674594],[-111.276925,44.675973],[-111.276183,44.678311],[-111.278519,44.681511],[-111.281099,44.683492],[-111.282734,44.683643],[-111.286971,44.685344],[-111.288452,44.68618],[-111.29104,44.686188],[-111.296879,44.691444],[-111.297255,44.693972],[-111.296388,44.695049],[-111.296354,44.69628],[-111.2951,44.697567],[-111.294843,44.70006],[-111.29626,44.702271],[-111.299141,44.703279],[-111.300589,44.704191],[-111.301089,44.705723],[-111.303748,44.706465],[-111.307741,44.708221],[-111.309674,44.709625],[-111.313386,44.711668],[-111.318088,44.714708],[-111.31947,44.716626],[-111.322484,44.718776],[-111.323729,44.724619],[-111.322716,44.726942],[-111.323052,44.728555],[-111.324378,44.729548],[-111.326911,44.730349],[-111.329286,44.731486],[-111.330663,44.731222],[-111.334224,44.731682],[-111.337113,44.733204],[-111.338784,44.732238],[-111.341599,44.729383],[-111.343035,44.728828],[-111.346276,44.726925],[-111.348067,44.725314],[-111.352977,44.726178],[-111.355599,44.727418],[-111.357717,44.729406],[-111.361902,44.734936],[-111.365043,44.736837],[-111.366703,44.738524],[-111.366253,44.742012],[-111.366706,44.742819],[-111.369656,44.744008],[-111.372229,44.746587],[-111.374931,44.748107],[-111.374252,44.749796],[-111.375806,44.751038],[-111.379261,44.752163],[-111.383621,44.754013],[-111.384824,44.754954],[-111.38708,44.753433],[-111.388706,44.752982],[-111.390767,44.753048],[-111.392969,44.75231],[-111.393097,44.750841],[-111.395865,44.748719],[-111.397844,44.746383],[-111.396234,44.746032],[-111.394524,44.744797],[-111.394813,44.742844],[-111.395781,44.741032],[-111.395258,44.73922],[-111.396344,44.738821],[-111.398622,44.735874],[-111.399383,44.734267],[-111.398393,44.732286],[-111.398509,44.730463],[-111.397469,44.729115],[-111.397132,44.727528],[-111.398425,44.725912],[-111.397759,44.724077],[-111.399852,44.721993],[-111.404361,44.721054],[-111.405226,44.71937],[-111.406644,44.718309],[-111.407681,44.71647],[-111.410639,44.7148],[-111.41294,44.71261],[-111.414273,44.710739],[-111.415787,44.710871],[-111.418768,44.712749],[-111.424213,44.714023],[-111.426125,44.716513],[-111.426199,44.717715],[-111.429602,44.720148],[-111.431733,44.720694],[-111.435467,44.720711],[-111.442733,44.720232],[-111.446874,44.717401],[-111.449536,44.717429],[-111.455698,44.716131],[-111.457362,44.716051],[-111.460905,44.71508],[-111.466651,44.713177],[-111.469234,44.711165],[-111.471692,44.709769],[-111.47542,44.708661],[-111.479477,44.706806],[-111.483798,44.707129],[-111.485278,44.70777],[-111.488784,44.705643],[-111.488912,44.703384],[-111.489684,44.701927],[-111.489716,44.699657],[-111.487246,44.697941],[-111.487155,44.696168],[-111.4842,44.694671],[-111.482691,44.692375],[-111.482607,44.691174],[-111.483376,44.689378],[-111.484779,44.687868],[-111.482125,44.685793],[-111.480261,44.684891],[-111.479802,44.68417],[-111.478098,44.683771],[-111.478282,44.683085],[-111.476664,44.681437],[-111.474045,44.681529],[-111.472169,44.680285],[-111.469302,44.679832],[-111.468514,44.678733],[-111.470493,44.677005],[-111.471384,44.675133],[-111.473677,44.674531],[-111.474689,44.673856],[-111.476377,44.673914],[-111.47666,44.673093],[-111.475641,44.668998],[-111.472988,44.668111],[-111.472255,44.666896],[-111.473318,44.665004],[-111.478352,44.662134],[-111.47756,44.660308],[-111.479035,44.65866],[-111.480272,44.65818],[-111.482653,44.655509],[-111.486404,44.65455],[-111.487619,44.653593],[-111.488029,44.651091],[-111.490293,44.649833],[-111.491464,44.647753],[-111.491671,44.644745],[-111.490717,44.642475],[-111.493902,44.644318],[-111.495275,44.644323],[-111.498587,44.646786],[-111.498824,44.647614],[-111.500956,44.649639],[-111.501627,44.647473],[-111.504155,44.644642],[-111.505777,44.644309],[-111.507945,44.645591],[-111.51108,44.644287],[-111.516167,44.644059],[-111.516461,44.640896],[-111.513291,44.639257],[-111.511912,44.639104],[-111.509056,44.633099],[-111.507348,44.632447],[-111.503851,44.629923],[-111.502489,44.62682],[-111.504556,44.625312],[-111.508017,44.625026],[-111.512773,44.62142],[-111.514978,44.620875],[-111.516659,44.619969],[-111.516372,44.619243],[-111.518433,44.616477],[-111.52113,44.615296],[-111.522613,44.614084],[-111.522106,44.612936],[-111.519712,44.612155],[-111.521079,44.610979],[-111.522019,44.608972],[-111.52561,44.60474],[-111.524899,44.604141],[-111.521415,44.60362],[-111.519337,44.601768],[-111.520928,44.599929],[-111.523807,44.598611],[-111.524477,44.597628],[-111.523789,44.594567],[-111.523233,44.594125],[-111.523746,44.592864],[-111.522646,44.59025],[-111.519424,44.588712],[-111.518914,44.583345],[-111.517814,44.582166],[-111.513489,44.579775],[-111.512058,44.57934],[-111.509035,44.577352],[-111.506464,44.576774],[-111.504642,44.574758],[-111.50134,44.57249],[-111.500924,44.571286],[-111.502577,44.568717],[-111.504098,44.568472],[-111.505591,44.568978],[-111.507151,44.568431],[-111.509586,44.566244],[-111.509975,44.565159],[-111.508266,44.562662],[-111.507408,44.562079],[-111.505,44.562003],[-111.502083,44.561019],[-111.495253,44.561142],[-111.492123,44.560804],[-111.489515,44.55985],[-111.48657,44.558218],[-111.486131,44.557558],[-111.483601,44.556922],[-111.480656,44.555735],[-111.480567,44.554703],[-111.478837,44.553446],[-111.475988,44.554422],[-111.475536,44.556281],[-111.472356,44.557316],[-111.469355,44.557674],[-111.469453,44.557004],[-111.467984,44.55495],[-111.469085,44.553132],[-111.469063,44.551964],[-111.467853,44.550696],[-111.468061,44.549707],[-111.466948,44.546978],[-111.467728,44.545134],[-111.467495,44.544333],[-111.463673,44.541591],[-111.463801,44.541135],[-111.468082,44.540048],[-111.468002,44.538951],[-111.470174,44.540395],[-111.471682,44.540824],[-111.475662,44.540904],[-111.47682,44.54154],[-111.479665,44.542135],[-111.48378,44.540846],[-111.48559,44.541651],[-111.488498,44.540928],[-111.493537,44.540651],[-111.496554,44.541214],[-111.497506,44.542058],[-111.499615,44.542009],[-111.501004,44.540198],[-111.503705,44.539021],[-111.507681,44.536298],[-111.511124,44.535869],[-111.514547,44.536567],[-111.516672,44.538211],[-111.517436,44.540613],[-111.518062,44.540939],[-111.518443,44.543567],[-111.519965,44.544315],[-111.522841,44.546853],[-111.523594,44.547864],[-111.526676,44.548744],[-111.533571,44.550183],[-111.535578,44.550321],[-111.539167,44.551313],[-111.541611,44.553017],[-111.543348,44.553397],[-111.545029,44.554567],[-111.545942,44.556585],[-111.547801,44.557314],[-111.549181,44.556143],[-111.554261,44.555836],[-111.556561,44.554687],[-111.559183,44.554726],[-111.559939,44.555224],[-111.562814,44.555209],[-111.564798,44.557607],[-111.568629,44.557667],[-111.572034,44.558363],[-111.575183,44.559358],[-111.577664,44.558886],[-111.581842,44.559979],[-111.584981,44.562364],[-111.588062,44.562613],[-111.592262,44.561119],[-111.592222,44.558675],[-111.595597,44.557608],[-111.598252,44.555473],[-111.601083,44.554085],[-111.604334,44.553412],[-111.605546,44.5523],[-111.611295,44.549723],[-111.612669,44.548768],[-111.614345,44.548671],[-111.616191,44.550109],[-111.617345,44.550392],[-111.620023,44.550771],[-111.622593,44.550641],[-111.624485,44.551517],[-111.62889,44.551912],[-111.632731,44.553268],[-111.633715,44.55334],[-111.636701,44.552532],[-111.640589,44.552741],[-111.645905,44.554687],[-111.649913,44.554656],[-111.651342,44.555141],[-111.653404,44.554604],[-111.655563,44.553072],[-111.65841,44.552568],[-111.660266,44.553076],[-111.663551,44.555797],[-111.667702,44.555987],[-111.668999,44.55649],[-111.672567,44.556676],[-111.676615,44.557684],[-111.680443,44.559354],[-111.682997,44.561657],[-111.684983,44.560896],[-111.686669,44.558188],[-111.689995,44.5562],[-111.692165,44.557277],[-111.697847,44.558236],[-111.700758,44.559214],[-111.7022,44.560135],[-111.704152,44.559648],[-111.705006,44.558013],[-111.705456,44.555794],[-111.707252,44.552491],[-111.709358,44.550222],[-111.712651,44.548554],[-111.713837,44.546817],[-111.714757,44.544044],[-111.717121,44.543227],[-111.719558,44.544267],[-111.723584,44.543657],[-111.727362,44.543996],[-111.729644,44.542813],[-111.732371,44.542117],[-111.735004,44.543008],[-111.737536,44.543068],[-111.740032,44.542201],[-111.741148,44.540993],[-111.743621,44.540686],[-111.746322,44.540775],[-111.747772,44.539784],[-111.749914,44.53958],[-111.752299,44.536536],[-111.753872,44.536119],[-111.75767,44.533687],[-111.758943,44.533234],[-111.759603,44.531661],[-111.761544,44.529283],[-111.761372,44.527237],[-111.76288,44.52578],[-111.766214,44.527852],[-111.767836,44.528233],[-111.77151,44.530868],[-111.773123,44.529689],[-111.775568,44.527092],[-111.777562,44.525565],[-111.777986,44.524559],[-111.78033,44.523853],[-111.782585,44.524591],[-111.785451,44.523598],[-111.787974,44.524393],[-111.79112,44.525877],[-111.795361,44.526594],[-111.799538,44.526314],[-111.801119,44.525985],[-111.80419,44.524202],[-111.805678,44.522876],[-111.80816,44.519748],[-111.808251,44.518388],[-111.806348,44.516836],[-111.806082,44.516121],[-111.809388,44.512889],[-111.807971,44.511604],[-111.808523,44.509874],[-111.810659,44.511478],[-111.817733,44.509615],[-111.82153,44.508941],[-111.824106,44.510351],[-111.824447,44.511755],[-111.827853,44.51409],[-111.830282,44.516181],[-111.831316,44.517517],[-111.829947,44.51954],[-111.832302,44.520367],[-111.834468,44.52199],[-111.83788,44.523445],[-111.839594,44.524724],[-111.842295,44.526173],[-111.842422,44.526876],[-111.847285,44.536465],[-111.848816,44.538452],[-111.849235,44.53997],[-111.852161,44.542369],[-111.853163,44.543637],[-111.856732,44.546107],[-111.856701,44.548632],[-111.857201,44.549378],[-111.86168,44.550343],[-111.863657,44.551244],[-111.864775,44.554774],[-111.865125,44.557609],[-111.867549,44.559389],[-111.866447,44.5631],[-111.869419,44.566545],[-111.869747,44.564533],[-111.871495,44.562946],[-111.873766,44.56314],[-111.875366,44.561949],[-111.879459,44.560409],[-111.881955,44.560497],[-111.883286,44.561541],[-111.885551,44.562023],[-111.887587,44.563197],[-111.889015,44.564497],[-111.889924,44.564645],[-111.892881,44.563725],[-111.89457,44.56223],[-111.895178,44.559401],[-111.89769,44.558889],[-111.898946,44.557871],[-111.901449,44.556948],[-111.903328,44.556644],[-111.906365,44.556961],[-111.907782,44.556425],[-111.916196,44.5563],[-111.919297,44.557464],[-111.922159,44.557663],[-111.924963,44.557177],[-111.928373,44.557647],[-111.932262,44.557419],[-111.934161,44.55804],[-111.937588,44.557484],[-111.941106,44.556152],[-111.945604,44.55694],[-111.947782,44.557013],[-111.948909,44.556301],[-111.949938,44.552296],[-111.951158,44.549918],[-111.953928,44.54866],[-111.956209,44.548641],[-111.959772,44.549499],[-111.961155,44.54917],[-111.962422,44.544478],[-111.964099,44.544085],[-111.967303,44.544943],[-111.967216,44.544063],[-111.969021,44.542057],[-111.96992,44.539172],[-111.971542,44.537646],[-111.973349,44.537235],[-111.975369,44.536145],[-111.97922,44.535862],[-111.982029,44.536799],[-111.992039,44.537529],[-111.994275,44.53515],[-111.995949,44.535178],[-111.998133,44.537086],[-112.001253,44.538167],[-112.004427,44.537703],[-112.007827,44.540593],[-112.007892,44.541736],[-112.011473,44.543451],[-112.01385,44.542348],[-112.015517,44.541977],[-112.018513,44.542406],[-112.020893,44.544005],[-112.023437,44.545099],[-112.02722,44.546013],[-112.032707,44.546642],[-112.033828,44.545468],[-112.035069,44.54198],[-112.033725,44.536805],[-112.03282,44.535103],[-112.032286,44.529215],[-112.032799,44.528403],[-112.034728,44.528626],[-112.036943,44.530323],[-112.037444,44.532234],[-112.038792,44.532806],[-112.041692,44.532334],[-112.043915,44.532339],[-112.046069,44.534057],[-112.052702,44.534736],[-112.055143,44.536564],[-112.055842,44.536667],[-112.064488,44.535889],[-112.066692,44.536155],[-112.069068,44.537151],[-112.073318,44.534868],[-112.074895,44.533581],[-112.076129,44.533255],[-112.078411,44.533721],[-112.081181,44.53365],[-112.08566,44.532077],[-112.093093,44.530017],[-112.093902,44.529522],[-112.094711,44.527221],[-112.096024,44.525027],[-112.096484,44.522992],[-112.101548,44.52079],[-112.106755,44.520829],[-112.107637,44.52282],[-112.110027,44.524431],[-112.114559,44.524985],[-112.121403,44.526863],[-112.125568,44.528727],[-112.127046,44.52889],[-112.126731,44.53104],[-112.127145,44.532201],[-112.12888,44.533687],[-112.129162,44.53616],[-112.130839,44.537608],[-112.133255,44.537669],[-112.134865,44.537095],[-112.135883,44.537507],[-112.136672,44.53986],[-112.139787,44.539119],[-112.143125,44.539796],[-112.145756,44.539213],[-112.147442,44.537548],[-112.148361,44.536809],[-112.149932,44.537167],[-112.151708,44.538355],[-112.153213,44.538517],[-112.160425,44.540227],[-112.164648,44.541533],[-112.167641,44.539714],[-112.174637,44.536329],[-112.177577,44.535165],[-112.179718,44.53295],[-112.183657,44.532953],[-112.186535,44.534198],[-112.191664,44.535634],[-112.193995,44.53688],[-112.201163,44.53887],[-112.207433,44.540129],[-112.210114,44.540278],[-112.214389,44.541461],[-112.216671,44.542754],[-112.221051,44.54326],[-112.225178,44.546531],[-112.228645,44.548503],[-112.229739,44.549886],[-112.228918,44.552999],[-112.227073,44.554678],[-112.227146,44.557316],[-112.230414,44.558095],[-112.231066,44.558993],[-112.230182,44.562657],[-112.229225,44.564089],[-112.231733,44.564305],[-112.235719,44.5651],[-112.24048,44.566572],[-112.242179,44.567893],[-112.243669,44.568292],[-112.248373,44.568466],[-112.251139,44.56772],[-112.253135,44.568724],[-112.256701,44.571678],[-112.258796,44.56938],[-112.259184,44.56826],[-112.261646,44.568099],[-112.264737,44.567167],[-112.266285,44.565859],[-112.268911,44.565485],[-112.272328,44.566147],[-112.275782,44.565796],[-112.277293,44.566462],[-112.280658,44.567149],[-112.282779,44.567272],[-112.284709,44.56851],[-112.286568,44.568559],[-112.288673,44.56791],[-112.288918,44.567249],[-112.290934,44.565811],[-112.291865,44.564554],[-112.292685,44.561697],[-112.295763,44.561479],[-112.297926,44.559749],[-112.298204,44.558936],[-112.303119,44.559292],[-112.305679,44.558325],[-112.307642,44.557651],[-112.309165,44.555566],[-112.309362,44.555321],[-112.311055,44.554817],[-112.313741,44.553041],[-112.315047,44.550049],[-112.314784,44.549252],[-112.3156,44.546425],[-112.314728,44.544523],[-112.314594,44.542979],[-112.31521,44.541435],[-112.319738,44.538862],[-112.323719,44.539053],[-112.325984,44.538856],[-112.327663,44.537999],[-112.331938,44.538642],[-112.335831,44.538546],[-112.338589,44.537555],[-112.341918,44.537329],[-112.34407,44.538471],[-112.34762,44.538742],[-112.35181,44.537877],[-112.354402,44.535567],[-112.354543,44.534473],[-112.355668,44.533704],[-112.356489,44.531161],[-112.357322,44.529915],[-112.358375,44.529879],[-112.358805,44.528705],[-112.358252,44.525951],[-112.35664,44.524782],[-112.357338,44.522068],[-112.358307,44.519914],[-112.357825,44.514217],[-112.357872,44.510248],[-112.358357,44.509156],[-112.35767,44.506084],[-112.356574,44.50546],[-112.357102,44.504394],[-112.356777,44.500732],[-112.356812,44.497956],[-112.358002,44.497089],[-112.358347,44.496005],[-112.356927,44.494324],[-112.356745,44.493402],[-112.356657,44.492838],[-112.356923,44.491955],[-112.357435,44.490939],[-112.357547,44.490408],[-112.357487,44.48924],[-112.35762,44.488692],[-112.358369,44.487123],[-112.358664,44.486143],[-112.358366,44.485261],[-112.358855,44.484885],[-112.359865,44.484859],[-112.361187,44.485056],[-112.361652,44.484816],[-112.362159,44.484239],[-112.36256,44.483536],[-112.36306,44.482963],[-112.363088,44.4826],[-112.362778,44.481948],[-112.363021,44.481283],[-112.364295,44.480541],[-112.36449,44.480305],[-112.364255,44.477955],[-112.363989,44.476363],[-112.364553,44.47508],[-112.364755,44.474233],[-112.364708,44.47285],[-112.364849,44.472467],[-112.365512,44.471477],[-112.366174,44.469581],[-112.366489,44.468535],[-112.366287,44.467652],[-112.365942,44.46728],[-112.366065,44.46698],[-112.367107,44.467118],[-112.368438,44.46705],[-112.369742,44.465977],[-112.370334,44.465401],[-112.371449,44.463823],[-112.372152,44.463162],[-112.372601,44.462046],[-112.374185,44.46062],[-112.37474,44.460226],[-112.375404,44.459269],[-112.375932,44.458794],[-112.376993,44.457497],[-112.377167,44.45685],[-112.377566,44.456097],[-112.37915,44.455133],[-112.380205,44.454627],[-112.380643,44.453742],[-112.380946,44.453371],[-112.382612,44.452207],[-112.383271,44.451596],[-112.384332,44.450299],[-112.385286,44.448725],[-112.386171,44.448042],[-112.386524,44.447308],[-112.387127,44.447391],[-112.388232,44.448301],[-112.388747,44.449198],[-112.389145,44.449615],[-112.390184,44.450379],[-112.391025,44.450784],[-112.392508,44.451143],[-112.393098,44.451544],[-112.394345,44.452132],[-112.396312,44.452263],[-112.397814,44.452819],[-112.399178,44.45346],[-112.399463,44.45411],[-112.400609,44.455171],[-112.401585,44.45588],[-112.40258,44.456299],[-112.4052,44.456603],[-112.407236,44.457465],[-112.408116,44.457442],[-112.410647,44.456553],[-112.411729,44.455951],[-112.412946,44.455473],[-112.413363,44.455083],[-112.41463,44.454225],[-112.415705,44.453208],[-112.416062,44.453001],[-112.416597,44.453303],[-112.417724,44.453494],[-112.418037,44.453647],[-112.421324,44.45374],[-112.422122,44.454026],[-112.42276,44.454642],[-112.423594,44.454656],[-112.425659,44.454359],[-112.426472,44.454057],[-112.427547,44.453501],[-112.429522,44.453432],[-112.429893,44.453488],[-112.431331,44.454586],[-112.431727,44.454675],[-112.432386,44.454525],[-112.43408,44.454348],[-112.434259,44.455134],[-112.434544,44.455736],[-112.434645,44.456343],[-112.434352,44.457785],[-112.433867,44.458639],[-112.433888,44.459034],[-112.433539,44.459834],[-112.434421,44.460437],[-112.435183,44.461801],[-112.437243,44.462899],[-112.439913,44.464441],[-112.441759,44.465184],[-112.44235,44.465311],[-112.441877,44.46612],[-112.441526,44.466459],[-112.441695,44.466603],[-112.443033,44.466666],[-112.443636,44.466765],[-112.445871,44.467677],[-112.446966,44.467928],[-112.447774,44.467972],[-112.44883,44.467482],[-112.449289,44.467025],[-112.451164,44.466793],[-112.452161,44.466931],[-112.452831,44.466534],[-112.454496,44.466258],[-112.455232,44.466254],[-112.455416,44.467106],[-112.455665,44.467462],[-112.456066,44.469396],[-112.455394,44.470189],[-112.455256,44.470621],[-112.455914,44.471757],[-112.456578,44.472135],[-112.457448,44.472474],[-112.458709,44.473264],[-112.459436,44.473823],[-112.459921,44.474401],[-112.46035,44.475115],[-112.461825,44.475157],[-112.462714,44.475001],[-112.464369,44.47494],[-112.464914,44.475133],[-112.465699,44.475822],[-112.467448,44.477016],[-112.468598,44.477429],[-112.469591,44.478375],[-112.472687,44.479297],[-112.473419,44.479359],[-112.474856,44.478672],[-112.475444,44.478479],[-112.476115,44.478068],[-112.4767,44.476978],[-112.477603,44.476212],[-112.479025,44.475679],[-112.479537,44.475352],[-112.480075,44.474645],[-112.481624,44.474784],[-112.482443,44.474597],[-112.483315,44.47454],[-112.48365,44.47435],[-112.484279,44.473332],[-112.484578,44.472164],[-112.48503,44.470867],[-112.487308,44.470855],[-112.488748,44.470667],[-112.489755,44.470432],[-112.491454,44.470293],[-112.491903,44.470024],[-112.493502,44.468773],[-112.494259,44.467856],[-112.494802,44.467666],[-112.495244,44.467737],[-112.496464,44.468193],[-112.497132,44.468069],[-112.49696,44.466837],[-112.497186,44.466058],[-112.497503,44.465664],[-112.498404,44.465061],[-112.499108,44.464438],[-112.499558,44.463777],[-112.499585,44.463504],[-112.500195,44.46308],[-112.500389,44.462773],[-112.500989,44.462953],[-112.503084,44.463906],[-112.50375,44.464145],[-112.505555,44.464397],[-112.506803,44.464861],[-112.508763,44.46526],[-112.509472,44.465497],[-112.510334,44.465977],[-112.51129,44.466382],[-112.511535,44.466632],[-112.511489,44.466966],[-112.510917,44.468083],[-112.5107,44.468774],[-112.511761,44.469722],[-112.511823,44.470761],[-112.511605,44.47147],[-112.511744,44.472134],[-112.512245,44.472775],[-112.512327,44.47333],[-112.512737,44.4739],[-112.513115,44.474186],[-112.513437,44.474709],[-112.513891,44.475117],[-112.514746,44.475279],[-112.516305,44.475811],[-112.516857,44.475935],[-112.517752,44.475897],[-112.518708,44.475577],[-112.520118,44.475706],[-112.521639,44.476082],[-112.522206,44.476122],[-112.52333,44.476384],[-112.523969,44.476659],[-112.524737,44.477168],[-112.525052,44.477243],[-112.526297,44.477195],[-112.526699,44.477072],[-112.527661,44.476488],[-112.529807,44.477428],[-112.53071,44.477742],[-112.531559,44.478318],[-112.532032,44.478403],[-112.53263,44.478291],[-112.535493,44.478328],[-112.53584,44.478383],[-112.536323,44.478754],[-112.537087,44.480187],[-112.537962,44.4809],[-112.538501,44.481494],[-112.538789,44.482117],[-112.539071,44.482355],[-112.540438,44.482787],[-112.541515,44.483715],[-112.543147,44.483983],[-112.544193,44.483724],[-112.545527,44.483703],[-112.54621,44.483552],[-112.546861,44.483238],[-112.547868,44.483144],[-112.548793,44.483645],[-112.549541,44.484696],[-112.550143,44.484745],[-112.550851,44.484643],[-112.551455,44.484329],[-112.551934,44.484233],[-112.553158,44.48427],[-112.5546,44.484159],[-112.555016,44.483982],[-112.557772,44.483213],[-112.559708,44.482635],[-112.560751,44.482536],[-112.562025,44.482566],[-112.565031,44.482911],[-112.566131,44.482837],[-112.567908,44.482617],[-112.569669,44.482711],[-112.57073,44.48229],[-112.571826,44.482127],[-112.573885,44.481047],[-112.574538,44.480921],[-112.576184,44.480939],[-112.576804,44.480747],[-112.577542,44.480137],[-112.577953,44.480092],[-112.578447,44.480688],[-112.580203,44.481435],[-112.581859,44.482012],[-112.582524,44.482127],[-112.583481,44.481894],[-112.584197,44.481368],[-112.58485,44.481107],[-112.585336,44.481203],[-112.585813,44.481503],[-112.586517,44.482275],[-112.58792,44.482902],[-112.588534,44.483255],[-112.589038,44.483723],[-112.589517,44.483969],[-112.590565,44.484187],[-112.592156,44.485065],[-112.592851,44.485556],[-112.594315,44.487048],[-112.594985,44.487507],[-112.596062,44.487822],[-112.59743,44.487899],[-112.597511,44.48821],[-112.598007,44.488855],[-112.598388,44.489092],[-112.599629,44.489469],[-112.601489,44.490619],[-112.601955,44.490705],[-112.604154,44.490494],[-112.606006,44.490147],[-112.609396,44.489109],[-112.610454,44.489095],[-112.611487,44.488621],[-112.613909,44.488272],[-112.615328,44.48772],[-112.617141,44.487603],[-112.617889,44.487384],[-112.619508,44.486695],[-112.620717,44.486067],[-112.621368,44.485356],[-112.623543,44.484421],[-112.624741,44.483084],[-112.625014,44.483027],[-112.626993,44.483003],[-112.628524,44.482794],[-112.629123,44.48281],[-112.628829,44.483725],[-112.628844,44.484829],[-112.6295,44.486261],[-112.629617,44.487527],[-112.629612,44.488268],[-112.629873,44.488805],[-112.631025,44.490058],[-112.632123,44.490751],[-112.632666,44.491],[-112.63334,44.491096],[-112.633957,44.491029],[-112.636061,44.490528],[-112.636701,44.490274],[-112.638682,44.490283],[-112.639519,44.490424],[-112.640959,44.490352],[-112.642505,44.489889],[-112.644425,44.489624],[-112.647089,44.488673],[-112.648169,44.48823],[-112.649735,44.488218],[-112.650973,44.487721],[-112.652181,44.487505],[-112.654038,44.487352],[-112.654763,44.48715],[-112.656299,44.487023],[-112.657458,44.487155],[-112.658577,44.486595],[-112.659056,44.486515],[-112.660867,44.485952],[-112.663088,44.486151],[-112.664579,44.486455],[-112.665361,44.486844],[-112.666458,44.487521],[-112.667749,44.489165],[-112.668113,44.489518],[-112.670873,44.490882],[-112.671972,44.491367],[-112.674051,44.491883],[-112.675314,44.49202],[-112.676122,44.491983],[-112.679299,44.492128],[-112.683521,44.492506],[-112.684959,44.492847],[-112.685869,44.493308],[-112.686392,44.493755],[-112.687634,44.495512],[-112.688189,44.497487],[-112.688755,44.498367],[-112.690633,44.498998],[-112.691811,44.499623],[-112.693082,44.500046],[-112.693916,44.499948],[-112.696133,44.4998],[-112.697146,44.499797],[-112.698756,44.499991],[-112.701368,44.500742],[-112.704364,44.501784],[-112.706837,44.502841],[-112.708525,44.503231],[-112.711243,44.50341],[-112.714415,44.503337],[-112.715415,44.503511],[-112.71793,44.504273],[-112.71911,44.504343],[-112.720146,44.504146],[-112.722978,44.502921],[-112.725286,44.502481],[-112.726873,44.502095],[-112.729976,44.501156],[-112.731869,44.500536],[-112.732944,44.50008],[-112.733555,44.499941],[-112.734542,44.499489],[-112.734786,44.499279],[-112.734793,44.498474],[-112.735066,44.497841],[-112.735862,44.496529],[-112.737462,44.493268],[-112.739289,44.491049],[-112.740352,44.48997],[-112.742194,44.488728],[-112.743062,44.488338],[-112.744163,44.488241],[-112.74511,44.488524],[-112.747664,44.489475],[-112.748256,44.489917],[-112.748912,44.490079],[-112.749759,44.490134],[-112.750627,44.490048],[-112.751487,44.489841],[-112.752683,44.489426],[-112.754366,44.488527],[-112.755182,44.488482],[-112.756647,44.48856],[-112.757539,44.488448],[-112.758364,44.488114],[-112.760359,44.4881],[-112.762435,44.487677],[-112.763486,44.487329],[-112.764656,44.486843],[-112.765844,44.486222],[-112.767451,44.485237],[-112.768709,44.484614],[-112.770219,44.484017],[-112.772152,44.483605],[-112.772993,44.483559],[-112.774222,44.483715],[-112.776027,44.484114],[-112.779112,44.484487],[-112.780494,44.484724],[-112.780795,44.484588],[-112.780479,44.484142],[-112.780061,44.482983],[-112.780185,44.482228],[-112.78114,44.481541],[-112.781838,44.481149],[-112.783589,44.480456],[-112.785604,44.478985],[-112.785988,44.478393],[-112.787412,44.474614],[-112.788514,44.473137],[-112.790991,44.471763],[-112.792632,44.469479],[-112.794229,44.468342],[-112.796942,44.467151],[-112.798197,44.466045],[-112.796866,44.46438],[-112.797666,44.461397],[-112.800178,44.459719],[-112.80291,44.456924],[-112.80581,44.455994],[-112.807706,44.453122],[-112.808843,44.452944],[-112.811335,44.45482],[-112.813895,44.453983],[-112.815157,44.452999],[-112.815665,44.451402],[-112.817099,44.449468],[-112.818189,44.447052],[-112.821135,44.444969],[-112.824645,44.444677],[-112.826962,44.443127],[-112.828002,44.441801],[-112.828402,44.44033],[-112.828424,44.436344],[-112.827552,44.432755],[-112.826879,44.432056],[-112.833801,44.428866],[-112.836418,44.426094],[-112.839427,44.425119],[-112.839706,44.424021],[-112.835441,44.421727],[-112.833054,44.419191],[-112.831936,44.41678],[-112.830772,44.415994],[-112.827952,44.412916],[-112.82403,44.409624],[-112.821793,44.407165],[-112.822159,44.405233],[-112.821312,44.402208],[-112.820297,44.400521],[-112.818505,44.39969],[-112.81561,44.399851],[-112.812291,44.398983],[-112.810056,44.39876],[-112.812986,44.397713],[-112.815045,44.395453],[-112.815056,44.394401],[-112.812653,44.392808],[-112.81262,44.390413],[-112.811943,44.387905],[-112.81282,44.386955],[-112.813387,44.384831],[-112.814121,44.383737],[-112.813295,44.381794],[-112.813356,44.378387],[-112.812208,44.377142],[-112.813805,44.376455],[-112.815455,44.375835],[-112.816816,44.374555],[-112.817764,44.372912],[-112.821111,44.370223],[-112.822905,44.369136],[-112.828475,44.366525],[-112.829286,44.365709],[-112.834688,44.363804],[-112.838125,44.361902],[-112.840602,44.361894],[-112.842796,44.359778],[-112.84424,44.358862],[-112.844565,44.357969],[-112.846394,44.357936],[-112.850466,44.359195],[-112.852626,44.35921],[-112.855465,44.360142],[-112.85587,44.36121],[-112.85748,44.362954],[-112.859172,44.364166],[-112.860694,44.366004],[-112.861554,44.367836],[-112.863899,44.369802],[-112.869218,44.370688],[-112.872925,44.372134],[-112.873698,44.372858],[-112.873153,44.374375],[-112.873587,44.375136],[-112.876179,44.377515],[-112.877642,44.377415],[-112.881581,44.379256],[-112.881356,44.381785],[-112.881857,44.383532],[-112.881736,44.385708],[-112.882679,44.387067],[-112.883747,44.390506],[-112.883565,44.392853],[-112.885485,44.395545],[-112.885419,44.396833],[-112.883472,44.400237],[-112.884406,44.402034],[-112.886072,44.402291],[-112.888034,44.403311],[-112.889557,44.405938],[-112.891811,44.405251],[-112.893013,44.404365],[-112.894337,44.402523],[-112.896422,44.400812],[-112.898969,44.400219],[-112.901649,44.398849],[-112.904667,44.400118],[-112.909712,44.401658],[-112.913624,44.402282],[-112.915926,44.403547],[-112.917807,44.405572],[-112.917747,44.407529],[-112.918674,44.409197],[-112.921147,44.41092],[-112.924558,44.410376],[-112.926402,44.410601],[-112.927664,44.411873],[-112.930179,44.413106],[-112.932357,44.4135],[-112.937881,44.412298],[-112.93958,44.412502],[-112.945416,44.414632],[-112.946937,44.416025],[-112.949698,44.416581],[-112.950997,44.41726],[-112.951881,44.419392],[-112.95197,44.420755],[-112.95311,44.421874],[-112.953213,44.422951],[-112.95215,44.424348],[-112.952304,44.425089],[-112.953457,44.42439],[-112.955639,44.423878],[-112.960779,44.423998],[-112.963468,44.423373],[-112.965063,44.424284],[-112.966247,44.425593],[-112.970062,44.427279],[-112.971516,44.427567],[-112.976116,44.431887],[-112.97849,44.433544],[-112.980429,44.433753],[-112.982665,44.436009],[-112.984479,44.438803],[-112.987258,44.440999],[-112.98904,44.443329],[-112.994624,44.44693],[-112.99669,44.447835],[-112.998593,44.448174],[-113.001978,44.449857],[-113.003469,44.451298],[-113.005931,44.455237],[-113.005992,44.458058],[-113.007838,44.461],[-113.008731,44.463681],[-113.008548,44.466823],[-113.006093,44.470709],[-113.006853,44.471727],[-113.011249,44.475406],[-113.014326,44.479359],[-113.017618,44.481577],[-113.019987,44.483696],[-113.020419,44.484731],[-113.022931,44.488154],[-113.02439,44.491754],[-113.026035,44.49356],[-113.026824,44.495512],[-113.022423,44.499908],[-113.016841,44.504123],[-113.015466,44.507544],[-113.015715,44.509462],[-113.015089,44.512161],[-113.016175,44.514347],[-113.015945,44.515987],[-113.013443,44.516581],[-113.012505,44.517566],[-113.005518,44.519845],[-113.005543,44.521881],[-113.006788,44.526208],[-113.009585,44.527861],[-113.010861,44.527343],[-113.015788,44.529424],[-113.015583,44.530238],[-113.018704,44.531353],[-113.022694,44.534816],[-113.024167,44.537026],[-113.026341,44.538552],[-113.027072,44.537538],[-113.030138,44.536925],[-113.031736,44.537039],[-113.034747,44.538006],[-113.038591,44.539695],[-113.042266,44.542497],[-113.04422,44.54337],[-113.047136,44.546362],[-113.047765,44.548283],[-113.047253,44.549932],[-113.047057,44.552507],[-113.046352,44.554347],[-113.045096,44.555984],[-113.041223,44.558036],[-113.037821,44.559449],[-113.036369,44.561239],[-113.037285,44.564769],[-113.038371,44.565303],[-113.03955,44.567302],[-113.04193,44.567996],[-113.044742,44.568216],[-113.046008,44.56957],[-113.047322,44.569996],[-113.051298,44.572023],[-113.055707,44.573531],[-113.059719,44.575461],[-113.061871,44.576799],[-113.065242,44.578139],[-113.067345,44.5793],[-113.06685,44.581206],[-113.063742,44.584005],[-113.062297,44.585923],[-113.065717,44.588029],[-113.068039,44.590599],[-113.070159,44.591613],[-113.073876,44.593932],[-113.076956,44.594694],[-113.080507,44.597221],[-113.082927,44.598114],[-113.088292,44.599663],[-113.086437,44.60077],[-113.084959,44.602158],[-113.082525,44.605467],[-113.080024,44.606925],[-113.077091,44.609664],[-113.07467,44.613982],[-113.071888,44.615871],[-113.06908,44.616568],[-113.066527,44.617624],[-113.062288,44.61844],[-113.059783,44.617824],[-113.057452,44.618341],[-113.053654,44.621657],[-113.053267,44.622302],[-113.049838,44.628799],[-113.050722,44.634542],[-113.051758,44.637096],[-113.054559,44.639923],[-113.056169,44.64099],[-113.060422,44.644797],[-113.065384,44.648856],[-113.065476,44.650707],[-113.064038,44.652735],[-113.065276,44.654824],[-113.067652,44.657004],[-113.068194,44.658234],[-113.068599,44.66257],[-113.069548,44.669769],[-113.067106,44.674216],[-113.067978,44.679015],[-113.076277,44.680632],[-113.080943,44.683051],[-113.082057,44.683969],[-113.079566,44.687647],[-113.079843,44.688758],[-113.082112,44.691657],[-113.084856,44.692723],[-113.086403,44.692764],[-113.088784,44.694191],[-113.090833,44.69484],[-113.093951,44.695307],[-113.095934,44.696545],[-113.097833,44.698868],[-113.097023,44.701464],[-113.101532,44.706576],[-113.101814,44.707124],[-113.101801,44.70773],[-113.101199,44.709173],[-113.101593,44.71128],[-113.101502,44.711885],[-113.101806,44.71504],[-113.101728,44.715519],[-113.101301,44.716682],[-113.100886,44.717381],[-113.099405,44.717773],[-113.099465,44.718054],[-113.100055,44.718125],[-113.100705,44.718804],[-113.100856,44.719515],[-113.100862,44.720589],[-113.101059,44.721353],[-113.101442,44.722112],[-113.101828,44.722503],[-113.101943,44.723086],[-113.101869,44.72353],[-113.102228,44.724711],[-113.102274,44.72581],[-113.101913,44.72753],[-113.101536,44.728749],[-113.101618,44.729465],[-113.102395,44.72979],[-113.103302,44.729853],[-113.104211,44.730406],[-113.105812,44.731226],[-113.108251,44.73201],[-113.109169,44.732108],[-113.109842,44.732308],[-113.112447,44.733437],[-113.113259,44.733376],[-113.114018,44.732736],[-113.11509,44.732367],[-113.116011,44.732328],[-113.116779,44.732491],[-113.117271,44.732923],[-113.117447,44.734103],[-113.117331,44.734534],[-113.116385,44.735791],[-113.116373,44.737453],[-113.116252,44.738461],[-113.116466,44.740052],[-113.116688,44.740647],[-113.117168,44.741259],[-113.118616,44.74205],[-113.119046,44.742454],[-113.119417,44.743071],[-113.119447,44.744091],[-113.120261,44.745951],[-113.121136,44.746916],[-113.122099,44.747591],[-113.123192,44.748577],[-113.124901,44.749437],[-113.125727,44.749698],[-113.126242,44.749707],[-113.12769,44.749371],[-113.128462,44.749372],[-113.129412,44.749556],[-113.131239,44.750216],[-113.13276,44.750948],[-113.134824,44.752763],[-113.135023,44.753223],[-113.134924,44.754053],[-113.134984,44.754708],[-113.135289,44.756007],[-113.135558,44.756758],[-113.136411,44.757436],[-113.137051,44.758227],[-113.137748,44.759906],[-113.137492,44.760491],[-113.136798,44.761116],[-113.135961,44.762375],[-113.135545,44.762755],[-113.134117,44.763405],[-113.133231,44.763664],[-113.131592,44.764719],[-113.131345,44.765035],[-113.132369,44.76836],[-113.132499,44.769036],[-113.132082,44.770543],[-113.131305,44.772166],[-113.131459,44.772758],[-113.132266,44.773365],[-113.133444,44.773954],[-113.134829,44.774328],[-113.136785,44.774784],[-113.137431,44.775152],[-113.138431,44.776114],[-113.140125,44.77662],[-113.141908,44.776994],[-113.142545,44.77668],[-113.143953,44.776599],[-113.146143,44.776623],[-113.14765,44.777202],[-113.14887,44.777936],[-113.149602,44.778483],[-113.150128,44.779262],[-113.153972,44.779548],[-113.154717,44.779645],[-113.156252,44.780172],[-113.157314,44.780633],[-113.157651,44.780909],[-113.158773,44.780817],[-113.159429,44.780884],[-113.160365,44.780739],[-113.161178,44.780145],[-113.16164,44.779331],[-113.163409,44.778779],[-113.163688,44.778819],[-113.16429,44.779326],[-113.164859,44.779617],[-113.165749,44.779902],[-113.167197,44.78069],[-113.16771,44.781223],[-113.169283,44.782217],[-113.170505,44.78291],[-113.171965,44.783856],[-113.172746,44.784537],[-113.17397,44.784706],[-113.174721,44.784943],[-113.17707,44.786029],[-113.177823,44.786329],[-113.179538,44.787165],[-113.182031,44.791507],[-113.18392,44.793932],[-113.185749,44.794892],[-113.18745,44.796782],[-113.188026,44.798168],[-113.189545,44.799453],[-113.193117,44.801653],[-113.194359,44.80215],[-113.197017,44.802292],[-113.203604,44.803982],[-113.206323,44.806717],[-113.209355,44.809125],[-113.21395,44.809717],[-113.21725,44.81047],[-113.222591,44.810794],[-113.226284,44.812461],[-113.231401,44.814206],[-113.232817,44.814337],[-113.237711,44.813874],[-113.239337,44.814606],[-113.240164,44.817232],[-113.241964,44.818365],[-113.247192,44.822954],[-113.252295,44.821674],[-113.254921,44.82012],[-113.256731,44.819947],[-113.258272,44.819997],[-113.259608,44.818622],[-113.261752,44.817809],[-113.263828,44.81621],[-113.269987,44.814378],[-113.272472,44.814334],[-113.274108,44.814339],[-113.276721,44.813048],[-113.279315,44.812439],[-113.284768,44.808521],[-113.289712,44.80709],[-113.290543,44.806546],[-113.291216,44.805861],[-113.294747,44.804672],[-113.296158,44.803595],[-113.298978,44.803031],[-113.299793,44.801993],[-113.299739,44.800682],[-113.301506,44.799031],[-113.304708,44.798681],[-113.307459,44.797404],[-113.312275,44.796383],[-113.314948,44.796005],[-113.318681,44.794914],[-113.322084,44.792511],[-113.326885,44.790148],[-113.328053,44.789097],[-113.331633,44.787832],[-113.340471,44.784682],[-113.341822,44.784944],[-113.344811,44.786949],[-113.346004,44.788321],[-113.348776,44.789484],[-113.352992,44.790877],[-113.354083,44.791798],[-113.354689,44.795437],[-113.346492,44.79893],[-113.3461,44.800611],[-113.348484,44.804282],[-113.352705,44.813023],[-113.353977,44.814875],[-113.354329,44.816377],[-113.355796,44.818562],[-113.356062,44.819798],[-113.357242,44.820651],[-113.365445,44.823737],[-113.370947,44.827214],[-113.374245,44.82961],[-113.376908,44.83079],[-113.376914,44.834446],[-113.377567,44.835239],[-113.379883,44.836258],[-113.385116,44.8376],[-113.389446,44.837761],[-113.391315,44.837594],[-113.393003,44.836877],[-113.39431,44.83694],[-113.399832,44.83863],[-113.406889,44.839736],[-113.409413,44.840757],[-113.411486,44.840362],[-113.413514,44.840441],[-113.420773,44.837709],[-113.422244,44.83781],[-113.42207,44.839291],[-113.422614,44.841178],[-113.422376,44.842595],[-113.424592,44.846167],[-113.425945,44.847841],[-113.42592,44.849315],[-113.42821,44.852591],[-113.42908,44.854858],[-113.431337,44.855302],[-113.435945,44.855067],[-113.438414,44.855357],[-113.440261,44.856174],[-113.441289,44.857527],[-113.442787,44.86062],[-113.444648,44.862163],[-113.452266,44.863609],[-113.455071,44.865424],[-113.455717,44.867698],[-113.455404,44.869533],[-113.455851,44.871461],[-113.457172,44.874255],[-113.457267,44.875408],[-113.46086,44.879103],[-113.462556,44.881858],[-113.46234,44.88381],[-113.4612,44.886754],[-113.466737,44.890696],[-113.472512,44.892046],[-113.473699,44.893197],[-113.476116,44.894724],[-113.478595,44.895595],[-113.475848,44.898086],[-113.475321,44.901975],[-113.474575,44.903466],[-113.474943,44.905238],[-113.474137,44.905983],[-113.473121,44.908467],[-113.471787,44.909837],[-113.474037,44.910353],[-113.475353,44.911344],[-113.477984,44.912382],[-113.479687,44.915313],[-113.483502,44.918974],[-113.483698,44.919724],[-113.487878,44.920381],[-113.490745,44.922852],[-113.491542,44.924541],[-113.491125,44.927554],[-113.491765,44.928507],[-113.491983,44.930383],[-113.494627,44.930969],[-113.495362,44.932022],[-113.495254,44.934959],[-113.495881,44.937303],[-113.496641,44.937885],[-113.497436,44.940789],[-113.498734,44.942029],[-113.497807,44.944941],[-113.496847,44.945936],[-113.496225,44.947675],[-113.49465,44.948515],[-113.492795,44.948366],[-113.486846,44.946778],[-113.483469,44.947847],[-113.481607,44.94993],[-113.480836,44.95031],[-113.477627,44.94961],[-113.472823,44.948254],[-113.470608,44.947919],[-113.467467,44.948061],[-113.465837,44.947609],[-113.464211,44.948386],[-113.463259,44.949927],[-113.459878,44.952354],[-113.454867,44.952045],[-113.452686,44.952309],[-113.450597,44.953213],[-113.44876,44.95373],[-113.44641,44.955773],[-113.445532,44.957783],[-113.444231,44.958905],[-113.443877,44.960014],[-113.44764,44.967933],[-113.44979,44.970699],[-113.445346,44.972327],[-113.444893,44.97462],[-113.444947,44.976083],[-113.445835,44.978577],[-113.446143,44.982288],[-113.446512,44.983228],[-113.447089,44.985058],[-113.446637,44.987902],[-113.446061,44.989294],[-113.445037,44.991845],[-113.445171,44.992424],[-113.445606,44.995837],[-113.446861,44.998276],[-113.445473,44.999962],[-113.443377,45.00133],[-113.442692,45.002506],[-113.44037,45.003881],[-113.438563,45.005573],[-113.437882,45.007343],[-113.438725,45.009596],[-113.441566,45.012228],[-113.442095,45.01421],[-113.444008,45.015512],[-113.445718,45.01828],[-113.448689,45.020016],[-113.448463,45.023715],[-113.447499,45.026266],[-113.447817,45.028039],[-113.446262,45.030171],[-113.446291,45.033892],[-113.447233,45.034489],[-113.449909,45.035167],[-113.451464,45.036417],[-113.454653,45.038263],[-113.455728,45.039547],[-113.45579,45.040169],[-113.453046,45.043096],[-113.449833,45.045501],[-113.449336,45.046515],[-113.451011,45.048508],[-113.45116,45.049639],[-113.450595,45.053669],[-113.452044,45.059174],[-113.454121,45.060481],[-113.455933,45.062562],[-113.460325,45.064869],[-113.46178,45.06472],[-113.463697,45.063395],[-113.466455,45.062551],[-113.472318,45.061894],[-113.476336,45.061854],[-113.482513,45.06317],[-113.484902,45.063405],[-113.48636,45.065189],[-113.486035,45.067786],[-113.486302,45.069129],[-113.488861,45.071319],[-113.48847,45.072396],[-113.486818,45.074048],[-113.488844,45.07607],[-113.490555,45.077269],[-113.494029,45.079896],[-113.495949,45.080818],[-113.498088,45.081106],[-113.498608,45.081136],[-113.499372,45.081108],[-113.499579,45.081101],[-113.499637,45.081095],[-113.501515,45.080999],[-113.503281,45.082172],[-113.506049,45.083325],[-113.50906,45.083617],[-113.51199,45.084593],[-113.514123,45.08481],[-113.514839,45.085665],[-113.516976,45.086906],[-113.521686,45.091047],[-113.522112,45.091337],[-113.522637,45.09268],[-113.520639,45.094251],[-113.518396,45.095585],[-113.515417,45.09704],[-113.512799,45.098734],[-113.511319,45.1004],[-113.508879,45.10496],[-113.505967,45.108034],[-113.506478,45.110786],[-113.508398,45.112419],[-113.509125,45.11375],[-113.510262,45.115476],[-113.512824,45.116852],[-113.517009,45.115575],[-113.52024,45.114999],[-113.52181,45.115653],[-113.524526,45.115552],[-113.528728,45.116319],[-113.530343,45.116237],[-113.534105,45.114953],[-113.536599,45.112506],[-113.537972,45.112294],[-113.543894,45.112225],[-113.549663,45.112879],[-113.550871,45.114861],[-113.552495,45.116454],[-113.553712,45.118366],[-113.557791,45.119363],[-113.562182,45.121794],[-113.562556,45.122469],[-113.566113,45.124128],[-113.568067,45.124262],[-113.569884,45.123851],[-113.569739,45.124522],[-113.572841,45.127918],[-113.575471,45.129748],[-113.576725,45.131237],[-113.57431,45.135768],[-113.572377,45.137344],[-113.569386,45.140759],[-113.567043,45.14312],[-113.566608,45.144972],[-113.565372,45.146853],[-113.565407,45.148743],[-113.566026,45.149748],[-113.569982,45.148171],[-113.58038,45.148467],[-113.582421,45.150117],[-113.582864,45.152964],[-113.583519,45.153747],[-113.587067,45.154369],[-113.588798,45.154984],[-113.590707,45.155886],[-113.590301,45.159517],[-113.590593,45.16136],[-113.591778,45.162308],[-113.593691,45.164754],[-113.594241,45.166059],[-113.594189,45.169633],[-113.592393,45.171336],[-113.592195,45.171479],[-113.592038,45.171764],[-113.592138,45.172039],[-113.592134,45.172066],[-113.59207,45.17246],[-113.591743,45.1731],[-113.591493,45.17343],[-113.590221,45.175194],[-113.589449,45.177301],[-113.591128,45.178662],[-113.591813,45.180262],[-113.592294,45.182457],[-113.592133,45.184779],[-113.593755,45.184831],[-113.596217,45.185619],[-113.597703,45.187339],[-113.597439,45.188211],[-113.599052,45.189742],[-113.599579,45.192067],[-113.602733,45.191832],[-113.605388,45.192715],[-113.606336,45.194221],[-113.609016,45.195725],[-113.609443,45.197142],[-113.613179,45.197483],[-113.615583,45.199035],[-113.616323,45.200492],[-113.618152,45.202578],[-113.62147,45.203892],[-113.623884,45.206161],[-113.627486,45.207535],[-113.630301,45.208966],[-113.631657,45.210612],[-113.635424,45.211469],[-113.636796,45.212243],[-113.637108,45.213813],[-113.636915,45.216761],[-113.639784,45.219336],[-113.641513,45.220011],[-113.643926,45.222019],[-113.647288,45.225642],[-113.647918,45.227544],[-113.647795,45.229801],[-113.648352,45.230657],[-113.649403,45.234367],[-113.652226,45.236073],[-113.655425,45.240006],[-113.661414,45.24366],[-113.663419,45.243732],[-113.666611,45.246833],[-113.670409,45.24747],[-113.672019,45.248852],[-113.674414,45.249318],[-113.676097,45.249073],[-113.679611,45.249746],[-113.680003,45.250877],[-113.683679,45.252534],[-113.685024,45.253505],[-113.685148,45.255141],[-113.686635,45.257407],[-113.691887,45.262503],[-113.692937,45.264197],[-113.690914,45.267587],[-113.690755,45.268955],[-113.691908,45.272356],[-113.689262,45.27327],[-113.684812,45.272957],[-113.683478,45.272955],[-113.680321,45.27444],[-113.678962,45.275889],[-113.680219,45.277496],[-113.680279,45.278886],[-113.681478,45.279736],[-113.683528,45.282388],[-113.6857,45.283854],[-113.687264,45.285962],[-113.691201,45.288135],[-113.694439,45.28919],[-113.697301,45.291063],[-113.699272,45.291607],[-113.70057,45.292518],[-113.7018,45.294267],[-113.702904,45.294938],[-113.703113,45.297685],[-113.703753,45.299178],[-113.708127,45.300158],[-113.710035,45.301015],[-113.711037,45.302649],[-113.713327,45.304481],[-113.713652,45.305862],[-113.713139,45.306663],[-113.714226,45.307636],[-113.71539,45.309667],[-113.715828,45.311384],[-113.717326,45.312039],[-113.718855,45.314242],[-113.718582,45.316805],[-113.721129,45.317004],[-113.723451,45.318092],[-113.723916,45.319591],[-113.728575,45.319908],[-113.731709,45.323667],[-113.735367,45.324972],[-113.737745,45.327863],[-113.738729,45.329741],[-113.738323,45.331174],[-113.739402,45.33357],[-113.739694,45.337011],[-113.73874,45.338317],[-113.740137,45.340493],[-113.739339,45.342102],[-113.740375,45.344726],[-113.739979,45.345856],[-113.738513,45.346323],[-113.734478,45.348574],[-113.734881,45.350385],[-113.734433,45.353127],[-113.72903,45.356086],[-113.731321,45.357798],[-113.733707,45.364271],[-113.736357,45.365037],[-113.738594,45.367274],[-113.738876,45.368657],[-113.735769,45.370436],[-113.73292,45.373141],[-113.733884,45.374266],[-113.734335,45.379885],[-113.733748,45.382958],[-113.732577,45.384001],[-113.732552,45.38639],[-113.732855,45.38923],[-113.734402,45.392353],[-113.73856,45.394277],[-113.740441,45.394731],[-113.743367,45.396199],[-113.748067,45.400726],[-113.749116,45.402831],[-113.752731,45.402768],[-113.755373,45.403698],[-113.758419,45.405568],[-113.761794,45.406579],[-113.767806,45.406148],[-113.770375,45.406644],[-113.773753,45.406359],[-113.775857,45.407832],[-113.776043,45.408477],[-113.775574,45.411908],[-113.77719,45.415891],[-113.77716,45.416563],[-113.772742,45.419791],[-113.768273,45.421238],[-113.766359,45.421272],[-113.764225,45.422255],[-113.761428,45.424205],[-113.759733,45.42711],[-113.765033,45.431062],[-113.767066,45.431452],[-113.773545,45.431705],[-113.776034,45.433746],[-113.776727,45.434698],[-113.776889,45.436333],[-113.775677,45.437987],[-113.774547,45.44198],[-113.774427,45.44651],[-113.77532,45.447786],[-113.779092,45.450071],[-113.783541,45.451978],[-113.784224,45.45501],[-113.77971,45.458906],[-113.77618,45.461104],[-113.774641,45.46301],[-113.774257,45.46555],[-113.775372,45.467513],[-113.776222,45.470905],[-113.774072,45.471857],[-113.76929,45.473271],[-113.767274,45.474525],[-113.765757,45.476534],[-113.763809,45.478095],[-113.760379,45.480051],[-113.759932,45.480642],[-113.760419,45.483334],[-113.760065,45.486226],[-113.763259,45.490786],[-113.763478,45.493258],[-113.764099,45.495074],[-113.764786,45.49921],[-113.765651,45.501054],[-113.76797,45.502305],[-113.768876,45.503264],[-113.769581,45.505343],[-113.77028,45.505713],[-113.770969,45.507829],[-113.769612,45.509699],[-113.77007,45.512044],[-113.772723,45.512639],[-113.772669,45.514255],[-113.770513,45.516905],[-113.766013,45.520526],[-113.769812,45.521953],[-113.774054,45.52251],[-113.776252,45.523095],[-113.778718,45.523159],[-113.781571,45.521881],[-113.785929,45.522389],[-113.789982,45.522474],[-113.792804,45.521979],[-113.795274,45.523138],[-113.797449,45.523385],[-113.802274,45.523148],[-113.80517,45.522191],[-113.807244,45.520602],[-113.810104,45.519777],[-113.814396,45.52087],[-113.816109,45.520923],[-113.818332,45.521978],[-113.81946,45.523055],[-113.821014,45.522951],[-113.823874,45.521428],[-113.827303,45.521289],[-113.833427,45.520536],[-113.834778,45.520657],[-113.834171,45.521475],[-113.834228,45.523085],[-113.83171,45.525614],[-113.830533,45.528637],[-113.830438,45.530079],[-113.82956,45.531316],[-113.82743,45.533284],[-113.827419,45.533365],[-113.827429,45.533512],[-113.827465,45.533948],[-113.827529,45.53414],[-113.827552,45.534227],[-113.827576,45.534318],[-113.827862,45.534801],[-113.829466,45.537012],[-113.828355,45.539486],[-113.826367,45.541156],[-113.826039,45.543694],[-113.824989,45.544365],[-113.824329,45.545745],[-113.821656,45.547213],[-113.820589,45.549509],[-113.819611,45.55109],[-113.818877,45.555879],[-113.817408,45.557033],[-113.817457,45.56069],[-113.818748,45.563672],[-113.82142,45.565776],[-113.817233,45.567774],[-113.814984,45.56965],[-113.81193,45.574007],[-113.80939,45.576288],[-113.808392,45.576625],[-113.806929,45.57819],[-113.805154,45.578519],[-113.804512,45.579404],[-113.79906,45.5815],[-113.796821,45.581533],[-113.798177,45.583674],[-113.798386,45.586437],[-113.800339,45.589264],[-113.802516,45.591154],[-113.803711,45.592631],[-113.805422,45.596287],[-113.806431,45.60163],[-113.808291,45.603716],[-113.811029,45.605743],[-113.813591,45.60686],[-113.818194,45.607872],[-113.822086,45.611516],[-113.824096,45.612803],[-113.826316,45.613163],[-113.828954,45.612598],[-113.834272,45.610076],[-113.83888,45.610691],[-113.843496,45.612743],[-113.845359,45.614892],[-113.847027,45.616277],[-113.847946,45.617792],[-113.848453,45.619992],[-113.852196,45.620838],[-113.854609,45.622282],[-113.857935,45.621433],[-113.859687,45.622133],[-113.861254,45.62361],[-113.862118,45.623799],[-113.865434,45.622379],[-113.87019,45.622168],[-113.873562,45.620126],[-113.875542,45.620123],[-113.879273,45.618587],[-113.88266,45.61895],[-113.885963,45.617382],[-113.88795,45.617477],[-113.893,45.620421],[-113.897952,45.621904],[-113.90047,45.621956],[-113.902761,45.621443],[-113.904714,45.622038],[-113.904924,45.622327],[-113.905003,45.622833],[-113.904949,45.622931],[-113.904499,45.624682],[-113.901924,45.626965],[-113.899429,45.628504],[-113.901452,45.630241],[-113.901092,45.632364],[-113.901986,45.633817],[-113.902392,45.637547],[-113.89913,45.640529],[-113.897095,45.641257],[-113.895385,45.642785],[-113.895278,45.643847],[-113.897322,45.646653],[-113.900725,45.647635],[-113.901812,45.649726],[-113.903375,45.651128],[-113.907338,45.653249],[-113.910128,45.652954],[-113.912868,45.653844],[-113.914307,45.656426],[-113.918313,45.657855],[-113.919514,45.657859],[-113.92089,45.660743],[-113.920618,45.664065],[-113.923271,45.665585],[-113.923595,45.667581],[-113.925867,45.668173],[-113.928149,45.669196],[-113.929438,45.671207],[-113.930927,45.672115],[-113.931477,45.673235],[-113.930436,45.674782],[-113.9314,45.676661],[-113.93085,45.678172],[-113.932855,45.679332],[-113.934274,45.682005],[-113.933846,45.685104],[-113.932816,45.687173],[-113.934055,45.688489],[-113.935662,45.689094],[-113.934128,45.690193],[-113.933959,45.692114],[-113.93526,45.694341],[-113.937462,45.695565],[-113.939105,45.69578],[-113.945731,45.693659],[-113.947489,45.693589],[-113.94838,45.693445],[-113.950697,45.692504],[-113.953399,45.690966],[-113.958062,45.690116],[-113.959762,45.690351],[-113.962688,45.689737],[-113.964816,45.690019],[-113.968149,45.691321],[-113.969367,45.693306],[-113.969056,45.694604],[-113.969872,45.697355],[-113.971739,45.700825],[-113.97103,45.702919],[-113.972476,45.702545],[-113.974151,45.702886],[-113.976065,45.702779],[-113.977762,45.702735],[-113.978838,45.702637],[-113.980008,45.70237],[-113.980718,45.7025],[-113.981623,45.702802],[-113.982813,45.703371],[-113.985824,45.704144],[-113.986739,45.70457],[-113.987437,45.705035],[-113.988214,45.705928],[-113.988869,45.705871],[-113.99009,45.705238],[-113.991043,45.705013],[-113.991375,45.704722],[-113.994087,45.70298],[-113.993721,45.700652],[-113.99581,45.699304],[-113.996656,45.697821],[-113.996374,45.697062],[-114.002166,45.696111],[-114.005346,45.694155],[-114.008279,45.693831],[-114.011503,45.693845],[-114.015482,45.695901],[-114.019168,45.692631],[-114.018044,45.690007],[-114.016633,45.688175],[-114.016344,45.686092],[-114.014366,45.683769],[-114.018798,45.682091],[-114.020328,45.681105],[-114.023828,45.677719],[-114.02831,45.675237],[-114.025466,45.672724],[-114.023858,45.670633],[-114.020883,45.670425],[-114.01912,45.669654],[-114.017416,45.666027],[-114.015327,45.663421],[-114.015705,45.66125],[-114.015118,45.659816],[-114.013704,45.658292],[-114.014648,45.65659],[-114.014637,45.65503],[-114.01527,45.652766],[-114.016988,45.650869],[-114.018046,45.649142],[-114.019069,45.648403],[-114.020193,45.648628],[-114.021463,45.648001],[-114.02621,45.647787],[-114.031483,45.648498],[-114.034556,45.647616],[-114.037521,45.644701],[-114.038499,45.644199],[-114.043249,45.640411],[-114.045134,45.636762],[-114.047636,45.635504],[-114.051838,45.632705],[-114.053612,45.632065],[-114.058138,45.631733],[-114.062897,45.629521],[-114.066962,45.627967],[-114.068466,45.625531],[-114.07032,45.62379],[-114.072453,45.621254],[-114.072075,45.618219],[-114.072997,45.617149],[-114.073561,45.615082],[-114.081166,45.611457],[-114.081858,45.610568],[-114.082653,45.60761],[-114.082412,45.605082],[-114.083077,45.60314],[-114.08279,45.601173],[-114.083114,45.599912],[-114.082263,45.596699],[-114.086352,45.591305],[-114.088237,45.590818],[-114.090001,45.59139],[-114.094739,45.589011],[-114.097216,45.587029],[-114.100504,45.586204],[-114.10529,45.585554],[-114.106482,45.585161],[-114.108889,45.585728],[-114.119757,45.584181],[-114.121262,45.584592],[-114.122921,45.583555],[-114.125278,45.581349],[-114.126652,45.578754],[-114.128907,45.57752],[-114.130694,45.575833],[-114.132125,45.572095],[-114.13055,45.570566],[-114.129012,45.569686],[-114.128987,45.565385],[-114.133164,45.562264],[-114.134088,45.560871],[-114.135335,45.557506],[-114.136182,45.557019],[-114.140957,45.557358],[-114.143095,45.55729],[-114.147502,45.557988],[-114.150601,45.557708],[-114.151873,45.555498],[-114.153718,45.552932],[-114.155403,45.552582],[-114.15893,45.553015],[-114.165453,45.552312],[-114.169407,45.550503],[-114.172005,45.55051],[-114.174851,45.550132],[-114.178368,45.550653],[-114.180273,45.551238],[-114.181139,45.549911],[-114.185633,45.546397],[-114.187183,45.544666],[-114.187702,45.542493],[-114.189935,45.541044],[-114.190688,45.538388],[-114.193041,45.536582],[-114.194691,45.536154],[-114.200973,45.536233],[-114.202224,45.53547],[-114.205262,45.535923],[-114.207105,45.537781],[-114.210197,45.53922],[-114.217293,45.541652],[-114.221733,45.542733],[-114.223513,45.544206],[-114.225812,45.544948],[-114.227873,45.546129],[-114.231572,45.546424],[-114.235884,45.54637],[-114.237446,45.546667],[-114.240055,45.54645],[-114.244543,45.545592],[-114.246949,45.545447],[-114.24845,45.545813],[-114.248358,45.545107],[-114.250276,45.542143],[-114.250547,45.540013],[-114.25159,45.537504],[-114.249518,45.53585],[-114.248734,45.534571],[-114.248665,45.532703],[-114.249472,45.529291],[-114.24721,45.524719],[-114.248763,45.523922],[-114.249207,45.523042],[-114.249327,45.520176],[-114.252016,45.517652],[-114.253474,45.515051],[-114.255414,45.513419],[-114.257905,45.512151],[-114.258502,45.511233],[-114.258748,45.508417],[-114.259401,45.507202],[-114.259317,45.505381],[-114.260369,45.503449],[-114.260211,45.499311],[-114.260673,45.496708],[-114.261475,45.494931],[-114.264549,45.492153],[-114.266773,45.49128],[-114.270022,45.490868],[-114.270313,45.485567],[-114.269892,45.484552],[-114.275236,45.483167],[-114.277185,45.481193],[-114.27897,45.480087],[-114.280684,45.479742],[-114.282974,45.480125],[-114.287991,45.479111],[-114.292276,45.479977],[-114.29506,45.479373],[-114.299171,45.476912],[-114.300422,45.47527],[-114.300417,45.474128],[-114.301596,45.472961],[-114.304359,45.471321],[-114.30598,45.470877],[-114.309538,45.469306],[-114.31014,45.469298],[-114.310962,45.469565],[-114.312811,45.469883],[-114.315365,45.469119],[-114.318736,45.466149],[-114.324358,45.46589],[-114.327234,45.463749],[-114.329707,45.462027],[-114.329749,45.461416],[-114.329519,45.460128],[-114.33,45.459747],[-114.332285,45.459493],[-114.334302,45.459057],[-114.336586,45.460204],[-114.336932,45.46047],[-114.338142,45.460504],[-114.340039,45.459729],[-114.341632,45.459605],[-114.344184,45.459683],[-114.345662,45.460657],[-114.348354,45.463355],[-114.350651,45.466471],[-114.350542,45.468646],[-114.351107,45.470519],[-114.353243,45.47141],[-114.358803,45.472838],[-114.360728,45.473926],[-114.361224,45.475211],[-114.360175,45.477562],[-114.361199,45.480495],[-114.364561,45.483613],[-114.365173,45.485604],[-114.365119,45.489314],[-114.366475,45.491367],[-114.36823,45.492366],[-114.372422,45.493103],[-114.375339,45.493959],[-114.377096,45.495782],[-114.379323,45.497081],[-114.382303,45.498356],[-114.385231,45.499986],[-114.38887,45.503003],[-114.392332,45.502459],[-114.393556,45.503237],[-114.395655,45.503551],[-114.395804,45.50359],[-114.401545,45.505005],[-114.403839,45.506081],[-114.406377,45.506222],[-114.40892,45.507517],[-114.411592,45.508045],[-114.413038,45.508812],[-114.418038,45.509698],[-114.419741,45.5093],[-114.423415,45.509299],[-114.424683,45.509911],[-114.426545,45.511651],[-114.427225,45.51485],[-114.429533,45.517539],[-114.428786,45.520916],[-114.430606,45.523281],[-114.431274,45.526342],[-114.430173,45.528697],[-114.430574,45.52951],[-114.433271,45.530313],[-114.436338,45.530477],[-114.437683,45.531201],[-114.438795,45.53298],[-114.438602,45.535433],[-114.439942,45.536983],[-114.445021,45.539087],[-114.448802,45.53888],[-114.449773,45.540148],[-114.450344,45.542201],[-114.455143,45.544161],[-114.456882,45.544249],[-114.459867,45.54343],[-114.463912,45.545029],[-114.463752,45.547512],[-114.462183,45.548865],[-114.461608,45.550865],[-114.46295,45.553176],[-114.462763,45.55395],[-114.459046,45.558213],[-114.456349,45.560989],[-114.456302,45.562252],[-114.457824,45.561711],[-114.460984,45.561365],[-114.465732,45.560507],[-114.469128,45.563256],[-114.471946,45.565223],[-114.4738,45.563464],[-114.476035,45.562922],[-114.478045,45.561981],[-114.480821,45.561309],[-114.482546,45.560946],[-114.484038,45.561299],[-114.485517,45.561682],[-114.488752,45.559277],[-114.489532,45.558685],[-114.491317,45.557432],[-114.493433,45.557033],[-114.495358,45.556062],[-114.497261,45.555687],[-114.499003,45.556163],[-114.502288,45.557922],[-114.503079,45.559067],[-114.506863,45.559305],[-114.509481,45.56144],[-114.511383,45.562632],[-114.51536,45.565823],[-114.515549,45.567339],[-114.517705,45.568271],[-114.520068,45.568147],[-114.522423,45.568768],[-114.52583,45.57063],[-114.52756,45.570824],[-114.529953,45.569102],[-114.530719,45.567258],[-114.532982,45.565772],[-114.538942,45.563853],[-114.542041,45.563784],[-114.544437,45.562381],[-114.548583,45.561058],[-114.551942,45.558414],[-114.552638,45.55702],[-114.557645,45.558041],[-114.560766,45.559296],[-114.564999,45.557803],[-114.565526,45.559606],[-114.565028,45.560967],[-114.565491,45.562601],[-114.56269,45.564918],[-114.559175,45.565492],[-114.558083,45.566807],[-114.556953,45.569584],[-114.557532,45.571358],[-114.556776,45.572926],[-114.554519,45.574756],[-114.552956,45.576603],[-114.554141,45.581197],[-114.555394,45.582612],[-114.558498,45.584463],[-114.556956,45.585769],[-114.556449,45.587275],[-114.553875,45.588422],[-114.554179,45.591125],[-114.55173,45.593791],[-114.549272,45.595338],[-114.547644,45.599679],[-114.546848,45.600264],[-114.542017,45.602023],[-114.542158,45.602815],[-114.540975,45.603524],[-114.538053,45.606143],[-114.537984,45.607035],[-114.54009,45.608951],[-114.542271,45.612006],[-114.542115,45.612606],[-114.544688,45.616976],[-114.55331,45.618869],[-114.554599,45.619882],[-114.554665,45.621901],[-114.556542,45.62403],[-114.558255,45.62512],[-114.558293,45.627392],[-114.560842,45.629855],[-114.56323,45.631669],[-114.56381,45.633444],[-114.56422,45.636759],[-114.563987,45.637621],[-114.560665,45.640242],[-114.556897,45.641144],[-114.555208,45.641252],[-114.551713,45.642411],[-114.547797,45.642446],[-114.545991,45.642988],[-114.543555,45.642539],[-114.541674,45.641399],[-114.541921,45.642126],[-114.540958,45.644489],[-114.539675,45.646085],[-114.539828,45.647278],[-114.541308,45.648594],[-114.54068,45.649832],[-114.539495,45.650567],[-114.537061,45.650324],[-114.533072,45.651057],[-114.52932,45.652457],[-114.526952,45.651064],[-114.522732,45.649295],[-114.521322,45.649689],[-114.519568,45.65099],[-114.515052,45.653122],[-114.513615,45.655382],[-114.511919,45.656407],[-114.509065,45.656806],[-114.507558,45.65796],[-114.507796,45.658906],[-114.506873,45.659809],[-114.506362,45.661827],[-114.503052,45.665413],[-114.501696,45.666139],[-114.499667,45.668513],[-114.499576,45.669604],[-114.500459,45.671649],[-114.502281,45.673939],[-114.501455,45.677369],[-114.49903,45.678874],[-114.50009,45.681133],[-114.501189,45.682436],[-114.505369,45.682542],[-114.507779,45.683582],[-114.509896,45.683349],[-114.513841,45.683797],[-114.514993,45.685032],[-114.511909,45.686677],[-114.509158,45.689447],[-114.505923,45.690587],[-114.501386,45.693706],[-114.500738,45.696558],[-114.49657,45.699428],[-114.49637,45.701055],[-114.4952,45.70419],[-114.496293,45.705072],[-114.496134,45.706426],[-114.497465,45.708212],[-114.497555,45.710936],[-114.499909,45.713491],[-114.502927,45.717167],[-114.503147,45.717758],[-114.502931,45.718854],[-114.503162,45.71931],[-114.50361,45.719711],[-114.504026,45.720446],[-114.504182,45.721814],[-114.505055,45.722296],[-114.50588,45.723068],[-114.506954,45.723622],[-114.508692,45.724051],[-114.512054,45.725496],[-114.513583,45.726292],[-114.515367,45.727454],[-114.518991,45.726582],[-114.520313,45.7265],[-114.521047,45.726556],[-114.52282,45.727252],[-114.524428,45.72718],[-114.526654,45.727634],[-114.527229,45.728029],[-114.527678,45.728785],[-114.528184,45.730159],[-114.528556,45.731451],[-114.529073,45.732117],[-114.529558,45.73255],[-114.531325,45.733677],[-114.531622,45.734151],[-114.531997,45.735132],[-114.532441,45.735489],[-114.533797,45.736115],[-114.534224,45.736628],[-114.534895,45.738416],[-114.535723,45.739155],[-114.536378,45.739391],[-114.537475,45.739608],[-114.539107,45.740133],[-114.541399,45.740961],[-114.543927,45.741933],[-114.545297,45.742359],[-114.546527,45.742991],[-114.54785,45.743264],[-114.547685,45.74387],[-114.547208,45.744889],[-114.546564,45.745806],[-114.545866,45.74648],[-114.545747,45.746907],[-114.545893,45.747455],[-114.546426,45.748428],[-114.546299,45.750141],[-114.54646,45.750511],[-114.547254,45.751229],[-114.547315,45.751892],[-114.546879,45.752666],[-114.546445,45.753204],[-114.545927,45.754217],[-114.546105,45.755106],[-114.546155,45.756067],[-114.545661,45.756517],[-114.544742,45.756907],[-114.544082,45.757632],[-114.5441,45.758447],[-114.544511,45.759178],[-114.545983,45.760423],[-114.547615,45.761324],[-114.550664,45.76347],[-114.551243,45.76391],[-114.552216,45.764154],[-114.553639,45.763779],[-114.554143,45.763756],[-114.555823,45.764102],[-114.55752,45.764291],[-114.558283,45.764781],[-114.559224,45.765589],[-114.559812,45.766471],[-114.56024,45.767671],[-114.561466,45.769279],[-114.561984,45.769743],[-114.562549,45.770028],[-114.563824,45.770458],[-114.565205,45.771782],[-114.565852,45.772162],[-114.566348,45.772739],[-114.566465,45.77331],[-114.566137,45.773879],[-114.56543,45.774798],[-114.563592,45.776168],[-114.563427,45.776441],[-114.563522,45.777808],[-114.562864,45.778943],[-114.562779,45.779359],[-114.561918,45.78025],[-114.560471,45.780965],[-114.559071,45.782196],[-114.557777,45.782904],[-114.557004,45.783469],[-114.556317,45.784222],[-114.555567,45.785423],[-114.555461,45.785946],[-114.555619,45.78654],[-114.554249,45.78682],[-114.553491,45.787154],[-114.551393,45.787951],[-114.549981,45.788316],[-114.548951,45.7887],[-114.547598,45.78936],[-114.546489,45.789769],[-114.544431,45.790026],[-114.544091,45.790361],[-114.544456,45.791083],[-114.54469,45.792351],[-114.544983,45.793253],[-114.545114,45.79467],[-114.544801,45.79609],[-114.545027,45.79727],[-114.544967,45.797898],[-114.544221,45.798422],[-114.5435,45.798717],[-114.54142,45.799236],[-114.540081,45.800441],[-114.538635,45.802256],[-114.537606,45.80276],[-114.537929,45.804204],[-114.537872,45.804504],[-114.537131,45.805305],[-114.535384,45.806351],[-114.533926,45.807457],[-114.532449,45.808449],[-114.531029,45.809868],[-114.530853,45.810273],[-114.530726,45.811592],[-114.530162,45.813128],[-114.53042,45.813685],[-114.531565,45.814243],[-114.531939,45.814619],[-114.532247,45.815236],[-114.53261,45.815643],[-114.531792,45.816714],[-114.531018,45.818898],[-114.530393,45.819175],[-114.529514,45.819266],[-114.528763,45.819455],[-114.527409,45.820019],[-114.52668,45.820117],[-114.526134,45.820451],[-114.525596,45.821674],[-114.524857,45.822152],[-114.524477,45.8222],[-114.523059,45.822698],[-114.521763,45.823717],[-114.521557,45.824076],[-114.519493,45.824764],[-114.517623,45.825244],[-114.516425,45.825719],[-114.515376,45.826262],[-114.514262,45.827254],[-114.513483,45.828429],[-114.512923,45.8289],[-114.512205,45.829254],[-114.511483,45.829436],[-114.511532,45.829582],[-114.512927,45.829718],[-114.513419,45.83044],[-114.51393,45.830662],[-114.514541,45.830687],[-114.514912,45.830868],[-114.516447,45.832138],[-114.516861,45.832789],[-114.517352,45.833882],[-114.517379,45.834947],[-114.517239,45.835747],[-114.516936,45.836306],[-114.516505,45.837417],[-114.515419,45.8391],[-114.5152,45.839804],[-114.515128,45.840513],[-114.514781,45.840794],[-114.51328,45.841303],[-114.511929,45.842066],[-114.511635,45.843087],[-114.510789,45.843918],[-114.51045,45.844479],[-114.509644,45.845357],[-114.508517,45.845829],[-114.507293,45.845636],[-114.505882,45.845776],[-114.505134,45.845683],[-114.504536,45.845735],[-114.5036,45.846003],[-114.503382,45.846307],[-114.503056,45.847387],[-114.502639,45.847877],[-114.501583,45.848742],[-114.500349,45.849987],[-114.499466,45.850523],[-114.498606,45.850709],[-114.494681,45.84967],[-114.494109,45.849621],[-114.493122,45.849961],[-114.492241,45.849754],[-114.49074,45.850019],[-114.4895,45.850422],[-114.488132,45.851129],[-114.487527,45.851579],[-114.487097,45.851671],[-114.485339,45.851604],[-114.483874,45.851086],[-114.482234,45.850101],[-114.481427,45.849021],[-114.481126,45.848836],[-114.479401,45.848194],[-114.478134,45.847532],[-114.475386,45.846563],[-114.474406,45.846706],[-114.472385,45.847458],[-114.471976,45.847767],[-114.471382,45.849032],[-114.470849,45.850514],[-114.470325,45.851465],[-114.467081,45.85186],[-114.465418,45.851956],[-114.46498,45.852117],[-114.463992,45.852772],[-114.463149,45.853639],[-114.462583,45.854488],[-114.461551,45.855134],[-114.460595,45.855152],[-114.459193,45.854788],[-114.457528,45.854642],[-114.45687,45.854682],[-114.455769,45.854945],[-114.453674,45.855795],[-114.453108,45.856093],[-114.451667,45.857232],[-114.449277,45.858652],[-114.448712,45.859073],[-114.447887,45.860547],[-114.447161,45.86115],[-114.44568,45.861637],[-114.443246,45.861794],[-114.44044,45.862141],[-114.439697,45.862173],[-114.438348,45.862555],[-114.437715,45.862608],[-114.437122,45.86194],[-114.436247,45.861284],[-114.434367,45.860833],[-114.43237,45.859993],[-114.430947,45.85956],[-114.430236,45.859542],[-114.42944,45.859048],[-114.428732,45.858484],[-114.427353,45.857859],[-114.426204,45.857711],[-114.424812,45.856831],[-114.42406,45.855809],[-114.422369,45.855288],[-114.420585,45.855183],[-114.420216,45.855025],[-114.418774,45.853796],[-114.417764,45.853398],[-114.416385,45.853062],[-114.413137,45.852436],[-114.412755,45.852131],[-114.412099,45.851936],[-114.410706,45.851824],[-114.409654,45.851573],[-114.409767,45.852039],[-114.409184,45.853056],[-114.40858,45.854619],[-114.408395,45.855321],[-114.408307,45.856316],[-114.40783,45.857725],[-114.407493,45.859103],[-114.407067,45.85989],[-114.406155,45.860798],[-114.406142,45.861046],[-114.406531,45.861822],[-114.406624,45.862463],[-114.406534,45.864252],[-114.405236,45.865821],[-114.404774,45.866757],[-114.405592,45.867961],[-114.406109,45.868582],[-114.406261,45.869048],[-114.406202,45.869619],[-114.405917,45.8704],[-114.404608,45.871623],[-114.403921,45.871876],[-114.402827,45.871948],[-114.401827,45.871868],[-114.40019,45.871023],[-114.399065,45.87075],[-114.396638,45.87098],[-114.396057,45.871228],[-114.3956,45.87167],[-114.395697,45.873153],[-114.395268,45.874312],[-114.394305,45.875048],[-114.393855,45.876356],[-114.392852,45.877044],[-114.392746,45.877446],[-114.392949,45.878131],[-114.392929,45.878702],[-114.392516,45.87924],[-114.391794,45.879495],[-114.389848,45.880348],[-114.389494,45.88076],[-114.389209,45.881541],[-114.388557,45.882189],[-114.388332,45.88324],[-114.387868,45.883926],[-114.387765,45.884473],[-114.387603,45.886593],[-114.3873,45.88775],[-114.387213,45.888468],[-114.387285,45.889061],[-114.387603,45.890162],[-114.388086,45.891207],[-114.388626,45.892076],[-114.388955,45.892258],[-114.39127,45.892077],[-114.392698,45.892147],[-114.39371,45.892969],[-114.39392,45.893741],[-114.39389,45.894572],[-114.393516,45.895555],[-114.393941,45.89633],[-114.394681,45.897066],[-114.394895,45.897478],[-114.394803,45.898027],[-114.395156,45.899598],[-114.395073,45.901039],[-114.395143,45.901433],[-114.396487,45.901374],[-114.397095,45.901422],[-114.398304,45.90184],[-114.39891,45.902259],[-114.39938,45.902363],[-114.400576,45.902236],[-114.401217,45.902258],[-114.402644,45.902715],[-114.403067,45.903094],[-114.404095,45.90347],[-114.404546,45.903748],[-114.405346,45.904706],[-114.406651,45.90544],[-114.407423,45.906125],[-114.408557,45.906873],[-114.410039,45.908762],[-114.412805,45.911094],[-114.413563,45.911631],[-114.413663,45.912346],[-114.414199,45.913958],[-114.41484,45.915169],[-114.415808,45.91763],[-114.416164,45.918433],[-114.416158,45.919152],[-114.415356,45.920501],[-114.41485,45.921588],[-114.414864,45.922133],[-114.41533,45.922584],[-114.416049,45.923073],[-114.417755,45.924659],[-114.418531,45.925789],[-114.419034,45.926238],[-114.420821,45.926755],[-114.421513,45.927344],[-114.422462,45.927625],[-114.423192,45.928634],[-114.423743,45.929229],[-114.424497,45.929716],[-114.426076,45.931853],[-114.426744,45.932567],[-114.427496,45.93303],[-114.428113,45.933176],[-114.428894,45.933563],[-114.429414,45.93421],[-114.430552,45.935002],[-114.43126,45.93567],[-114.431396,45.93604],[-114.431516,45.937891],[-114.430486,45.938215],[-114.429502,45.939047],[-114.428462,45.939462],[-114.426725,45.940351],[-114.42606,45.940807],[-114.425077,45.941918],[-114.424858,45.94288],[-114.424902,45.943981],[-114.422605,45.944605],[-114.421252,45.944664],[-114.420918,45.944876],[-114.421038,45.945938],[-114.419777,45.946919],[-114.418986,45.947383],[-114.416753,45.947833],[-114.414966,45.94839],[-114.413836,45.949174],[-114.413428,45.949807],[-114.413015,45.95121],[-114.412384,45.952092],[-114.411169,45.95311],[-114.410722,45.953224],[-114.409421,45.953196],[-114.408123,45.953682],[-114.406918,45.954245],[-114.405075,45.955812],[-114.404075,45.956342],[-114.403272,45.957019],[-114.402524,45.957944],[-114.402553,45.959851],[-114.402717,45.961282],[-114.402405,45.962163],[-114.401784,45.963157],[-114.401428,45.963544],[-114.40197,45.963644],[-114.403185,45.964905],[-114.404066,45.966007],[-114.404104,45.966426],[-114.403785,45.967234],[-114.404053,45.967445],[-114.404728,45.96744],[-114.404815,45.968403],[-114.40613,45.969981],[-114.407302,45.970376],[-114.409208,45.971408],[-114.410171,45.972234],[-114.410774,45.973],[-114.411598,45.974388],[-114.411481,45.975342],[-114.411694,45.976901],[-114.411755,45.97787],[-114.413166,45.978646],[-114.414133,45.97927],[-114.415464,45.979686],[-114.417364,45.980643],[-114.418554,45.980816],[-114.421344,45.981411],[-114.421833,45.981712],[-114.422385,45.982307],[-114.423665,45.983887],[-114.424172,45.984351],[-114.424857,45.984758],[-114.426026,45.985221],[-114.427082,45.985497],[-114.427675,45.985768],[-114.428849,45.986559],[-114.43058,45.98683],[-114.432619,45.986964],[-114.434273,45.98756],[-114.435327,45.987811],[-114.437045,45.987537],[-114.437583,45.987588],[-114.43979,45.988011],[-114.441802,45.987452],[-114.44292,45.987321],[-114.445456,45.987365],[-114.447528,45.987472],[-114.4485,45.987603],[-114.44936,45.988457],[-114.450063,45.989542],[-114.450475,45.989772],[-114.452216,45.990141],[-114.452995,45.990503],[-114.453645,45.990995],[-114.454327,45.991857],[-114.455032,45.99257],[-114.455369,45.99315],[-114.455319,45.993772],[-114.456457,45.995332],[-114.457183,45.99706],[-114.457826,45.997478],[-114.459143,45.997494],[-114.460656,45.997403],[-114.463704,45.99759],[-114.464747,45.997321],[-114.465173,45.99693],[-114.465514,45.99637],[-114.465912,45.996055],[-114.46677,45.995719],[-114.468401,45.995275],[-114.469327,45.994698],[-114.470202,45.993956],[-114.471518,45.993179],[-114.4741,45.992247],[-114.475253,45.992022],[-114.476185,45.992105],[-114.47681,45.992325],[-114.478393,45.992527],[-114.479992,45.992902],[-114.480637,45.993345],[-114.480833,45.993931],[-114.481846,45.994506],[-114.483552,45.995669],[-114.484323,45.995933],[-114.48482,45.996307],[-114.485698,45.998127],[-114.486099,45.998702],[-114.486604,45.999872],[-114.486808,46.00072],[-114.487557,46.001615],[-114.487686,46.002144],[-114.487771,46.004176],[-114.487224,46.00505],[-114.486537,46.005925],[-114.484932,46.008248],[-114.484577,46.008292],[-114.483084,46.008133],[-114.481844,46.008497],[-114.481074,46.008912],[-114.478757,46.010295],[-114.476769,46.010998],[-114.475743,46.011569],[-114.475044,46.012106],[-114.473652,46.012787],[-114.47307,46.01415],[-114.473033,46.014552],[-114.473464,46.014992],[-114.47381,46.015848],[-114.474163,46.017718],[-114.474588,46.018614],[-114.475412,46.019844],[-114.476015,46.020983],[-114.476031,46.022025],[-114.476843,46.023834],[-114.477375,46.024768],[-114.478664,46.026422],[-114.4792,46.027304],[-114.479341,46.027959],[-114.48025,46.029945],[-114.480537,46.030439],[-114.484397,46.030204],[-114.485793,46.030022],[-114.48631,46.02983],[-114.489313,46.027869],[-114.490719,46.027778],[-114.492186,46.02791],[-114.495323,46.02797],[-114.496101,46.027862],[-114.497234,46.027886],[-114.498001,46.028087],[-114.500098,46.028486],[-114.501632,46.028911],[-114.503035,46.029228],[-114.504237,46.029329],[-114.504908,46.029595],[-114.506213,46.030606],[-114.507315,46.031163],[-114.507504,46.031464],[-114.507419,46.031861],[-114.506841,46.032605],[-114.505728,46.034343],[-114.505723,46.034513],[-114.506349,46.035385],[-114.506492,46.035843],[-114.506506,46.03687],[-114.506673,46.038036],[-114.506648,46.038519],[-114.506229,46.038923],[-114.504994,46.039589],[-114.504068,46.041356],[-114.503304,46.041823],[-114.502247,46.041986],[-114.501329,46.041675],[-114.500241,46.041709],[-114.499086,46.041901],[-114.497511,46.042351],[-114.497316,46.042597],[-114.497753,46.043452],[-114.497732,46.043664],[-114.496384,46.04395],[-114.49634,46.044346],[-114.496557,46.044955],[-114.495402,46.045434],[-114.495045,46.045767],[-114.494651,46.046531],[-114.494532,46.047182],[-114.494231,46.047793],[-114.493812,46.048284],[-114.493613,46.048839],[-114.49288,46.050189],[-114.493525,46.051379],[-114.49354,46.052323],[-114.493349,46.05258],[-114.492213,46.052655],[-114.491447,46.052864],[-114.490323,46.05346],[-114.488937,46.053668],[-114.486588,46.054397],[-114.483555,46.055203],[-114.481315,46.055302],[-114.479968,46.055411],[-114.479139,46.055722],[-114.477983,46.056369],[-114.477155,46.056963],[-114.475164,46.057991],[-114.474704,46.058379],[-114.474396,46.058915],[-114.474184,46.060118],[-114.473901,46.060528],[-114.473452,46.060697],[-114.471485,46.061058],[-114.469649,46.061686],[-114.46891,46.062191],[-114.468286,46.06279],[-114.467832,46.06368],[-114.467551,46.064513],[-114.466988,46.065781],[-114.468174,46.066648],[-114.46865,46.067174],[-114.470009,46.06803],[-114.471273,46.068572],[-114.472122,46.069208],[-114.472028,46.070132],[-114.471988,46.071651],[-114.471227,46.072704],[-114.470909,46.073541],[-114.470805,46.074594],[-114.47118,46.075316],[-114.471879,46.076329],[-114.472352,46.076806],[-114.471442,46.07702],[-114.471071,46.07726],[-114.470429,46.077264],[-114.469984,46.077084],[-114.467593,46.077116],[-114.46413,46.077915],[-114.463229,46.078228],[-114.46218,46.078473],[-114.462027,46.078754],[-114.4625,46.079628],[-114.462322,46.081599],[-114.462118,46.082106],[-114.46206,46.083028],[-114.461221,46.084805],[-114.460651,46.085601],[-114.460127,46.086519],[-114.460032,46.087045],[-114.460676,46.089404],[-114.460659,46.090399],[-114.459732,46.092776],[-114.459755,46.093422],[-114.45948,46.093931],[-114.459559,46.0944],[-114.460043,46.095398],[-114.460033,46.096468],[-114.460475,46.09779],[-114.461039,46.098486],[-114.462857,46.099997],[-114.464728,46.101705],[-114.465278,46.10265],[-114.465815,46.103049],[-114.466752,46.10353],[-114.467217,46.103924],[-114.466981,46.104386],[-114.467313,46.104736],[-114.468513,46.105203],[-114.4705,46.105493],[-114.470882,46.105614],[-114.471226,46.10634],[-114.472147,46.107418],[-114.472825,46.108581],[-114.473063,46.109615],[-114.473647,46.110534],[-114.474216,46.111697],[-114.474454,46.113108],[-114.475178,46.113179],[-114.478555,46.113002],[-114.480447,46.112968],[-114.481241,46.113057],[-114.482128,46.113365],[-114.484015,46.11368],[-114.485155,46.113605],[-114.486173,46.113435],[-114.487672,46.11302],[-114.488456,46.112986],[-114.489304,46.113271],[-114.490687,46.113931],[-114.491985,46.115216],[-114.492891,46.115747],[-114.494966,46.117321],[-114.495356,46.117676],[-114.496853,46.118008],[-114.497393,46.118058],[-114.498004,46.118479],[-114.498788,46.118842],[-114.499369,46.11894],[-114.502298,46.119091],[-114.503201,46.11862],[-114.50437,46.118365],[-114.504994,46.11839],[-114.506429,46.119123],[-114.50737,46.119699],[-114.508694,46.120042],[-114.510478,46.120385],[-114.511253,46.120649],[-114.511847,46.121293],[-114.512353,46.122116],[-114.513256,46.122598],[-114.515001,46.122918],[-114.518078,46.123328],[-114.51893,46.124035],[-114.519802,46.124587],[-114.520996,46.125112],[-114.52123,46.125325],[-114.521363,46.125991],[-114.521304,46.126515],[-114.520675,46.127438],[-114.519953,46.12931],[-114.518617,46.131253],[-114.518181,46.133069],[-114.517914,46.133899],[-114.517696,46.135585],[-114.518168,46.135723],[-114.519172,46.135718],[-114.520194,46.13581],[-114.520808,46.136025],[-114.521382,46.13645],[-114.521553,46.137568],[-114.521866,46.138153],[-114.523349,46.139844],[-114.524092,46.140807],[-114.524837,46.142031],[-114.526432,46.144075],[-114.527359,46.145411],[-114.527279,46.146093],[-114.526909,46.146748],[-114.526267,46.147575],[-114.525539,46.148149],[-114.524557,46.148669],[-114.523463,46.148917],[-114.522623,46.149773],[-114.521825,46.150766],[-114.520557,46.151342],[-114.519299,46.152016],[-114.51787,46.152399],[-114.516562,46.152857],[-114.515656,46.153296],[-114.514676,46.153581],[-114.514368,46.153972],[-114.514389,46.15451],[-114.515131,46.155395],[-114.515394,46.156062],[-114.515347,46.15804],[-114.515257,46.158622],[-114.514801,46.159281],[-114.514678,46.160444],[-114.515381,46.161211],[-114.515557,46.161881],[-114.515201,46.163314],[-114.515631,46.165168],[-114.515671,46.165908],[-114.515533,46.166592],[-114.514858,46.16768],[-114.514692,46.167726],[-114.51165,46.166845],[-114.510664,46.166139],[-114.509742,46.165772],[-114.508372,46.164935],[-114.507484,46.164635],[-114.506133,46.164636],[-114.50239,46.165161],[-114.501642,46.165454],[-114.500963,46.165883],[-114.500193,46.166556],[-114.49951,46.166946],[-114.498483,46.16733],[-114.496882,46.167721],[-114.495582,46.167958],[-114.494381,46.168011],[-114.492464,46.167777],[-114.491786,46.167588],[-114.490275,46.167714],[-114.489206,46.167659],[-114.488909,46.167536],[-114.488307,46.166924],[-114.487031,46.166162],[-114.486342,46.165853],[-114.485459,46.165613],[-114.485234,46.165044],[-114.484695,46.16449],[-114.483065,46.163241],[-114.481947,46.162674],[-114.481503,46.162535],[-114.481163,46.162145],[-114.480122,46.161856],[-114.479565,46.161316],[-114.478407,46.160856],[-114.477679,46.160659],[-114.475953,46.160606],[-114.474864,46.160934],[-114.474015,46.16139],[-114.472256,46.162565],[-114.470637,46.163395],[-114.470232,46.163672],[-114.468541,46.165284],[-114.467982,46.165448],[-114.465776,46.165505],[-114.464246,46.165732],[-114.463471,46.167622],[-114.462939,46.168085],[-114.46198,46.168287],[-114.459452,46.169216],[-114.458487,46.169658],[-114.457702,46.170191],[-114.456531,46.170263],[-114.455804,46.170155],[-114.454887,46.169557],[-114.453523,46.169078],[-114.452641,46.168538],[-114.452129,46.168601],[-114.449603,46.168612],[-114.448669,46.168502],[-114.446638,46.167904],[-114.445234,46.167946],[-114.444289,46.168925],[-114.444091,46.169273],[-114.444079,46.169773],[-114.444521,46.17115],[-114.445144,46.172001],[-114.445948,46.173901],[-114.445901,46.174641],[-114.445655,46.17541],[-114.445285,46.177023],[-114.445534,46.17787],[-114.445466,46.17901],[-114.444927,46.180646],[-114.444824,46.181433],[-114.444941,46.182086],[-114.445446,46.183726],[-114.445691,46.183908],[-114.445311,46.18447],[-114.445202,46.185495],[-114.444919,46.186564],[-114.444766,46.187661],[-114.445071,46.1899],[-114.445056,46.190569],[-114.444733,46.191199],[-114.444213,46.19189],[-114.443912,46.192979],[-114.443987,46.193641],[-114.444546,46.195816],[-114.444614,46.196289],[-114.444449,46.1967],[-114.44441,46.19767],[-114.44458,46.1987],[-114.444462,46.199356],[-114.443513,46.201175],[-114.443491,46.20232],[-114.443304,46.203049],[-114.444922,46.204685],[-114.445301,46.205231],[-114.446147,46.205897],[-114.447388,46.207004],[-114.447976,46.207612],[-114.449249,46.20935],[-114.449444,46.210098],[-114.450305,46.210923],[-114.450666,46.21154],[-114.450807,46.212255],[-114.451529,46.213508],[-114.451829,46.214849],[-114.451769,46.215309],[-114.44962,46.216196],[-114.44912,46.216552],[-114.447699,46.218198],[-114.446989,46.218757],[-114.446104,46.219213],[-114.445635,46.219748],[-114.445642,46.220663],[-114.446067,46.221154],[-114.446531,46.222067],[-114.447431,46.224985],[-114.447347,46.225555],[-114.447334,46.226908],[-114.447637,46.227743],[-114.447765,46.229153],[-114.447752,46.230506],[-114.447985,46.231565],[-114.448229,46.232246],[-114.449405,46.234711],[-114.449668,46.235611],[-114.449748,46.236488],[-114.449997,46.237232],[-114.451467,46.238929],[-114.451738,46.23942],[-114.451852,46.240673],[-114.45209,46.241291],[-114.454,46.241365],[-114.456356,46.242834],[-114.457256,46.243266],[-114.458553,46.244058],[-114.461407,46.245033],[-114.462395,46.24543],[-114.463214,46.24596],[-114.464891,46.246452],[-114.466015,46.246843],[-114.466964,46.247305],[-114.467749,46.247962],[-114.468267,46.248663],[-114.468346,46.249036],[-114.468017,46.249397],[-114.466505,46.250218],[-114.465961,46.250714],[-114.465243,46.251783],[-114.464832,46.252242],[-114.46507,46.25278],[-114.46574,46.253743],[-114.466382,46.254815],[-114.467275,46.255657],[-114.467801,46.256451],[-114.468096,46.257193],[-114.468261,46.258507],[-114.468997,46.259607],[-114.46887,46.26021],[-114.469056,46.261239],[-114.469336,46.261825],[-114.46978,46.262214],[-114.469947,46.263056],[-114.470406,46.263664],[-114.470672,46.264533],[-114.470795,46.265377],[-114.47072,46.266041],[-114.470368,46.266654],[-114.470377,46.267251],[-114.470194,46.267731],[-114.469707,46.26835],[-114.467564,46.270205],[-114.467359,46.270938],[-114.466867,46.271997],[-114.466535,46.272365],[-114.465484,46.27275],[-114.464921,46.273219],[-114.464048,46.273243],[-114.462735,46.273123],[-114.461745,46.272797],[-114.459576,46.272418],[-114.456508,46.271547],[-114.454916,46.271173],[-114.453657,46.270947],[-114.450959,46.271317],[-114.449863,46.271705],[-114.448397,46.272006],[-114.447111,46.272181],[-114.444767,46.272698],[-114.443648,46.273058],[-114.442936,46.273445],[-114.442448,46.273481],[-114.441117,46.273865],[-114.440175,46.274528],[-114.439739,46.274665],[-114.439294,46.275173],[-114.438267,46.275381],[-114.437372,46.275864],[-114.436211,46.276241],[-114.435292,46.276695],[-114.434475,46.277338],[-114.433615,46.278204],[-114.432733,46.278598],[-114.432328,46.279075],[-114.431633,46.279653],[-114.430156,46.281478],[-114.427616,46.283365],[-114.427289,46.283766],[-114.427266,46.284446],[-114.427611,46.285423],[-114.427407,46.286231],[-114.426788,46.286939],[-114.426051,46.287282],[-114.425441,46.287856],[-114.425923,46.288693],[-114.426515,46.289387],[-114.42759,46.290373],[-114.428232,46.291079],[-114.429038,46.293841],[-114.42914,46.294961],[-114.429643,46.295788],[-114.430016,46.297558],[-114.430081,46.298265],[-114.43032,46.298788],[-114.429927,46.299634],[-114.430534,46.299962],[-114.431796,46.300929],[-114.432177,46.301356],[-114.432441,46.301907],[-114.432781,46.303772],[-114.432621,46.304593],[-114.433136,46.305325],[-114.433434,46.305549],[-114.431964,46.306767],[-114.431485,46.307602],[-114.431661,46.30977],[-114.43162,46.310497],[-114.431385,46.310966],[-114.4306,46.311963],[-114.430266,46.312984],[-114.429804,46.313774],[-114.428769,46.314603],[-114.427344,46.315849],[-114.427205,46.316669],[-114.426521,46.317602],[-114.426006,46.318054],[-114.425497,46.319734],[-114.424837,46.321168],[-114.423311,46.322715],[-114.422514,46.324052],[-114.422284,46.32575],[-114.421782,46.326807],[-114.421967,46.327436],[-114.421704,46.328306],[-114.42173,46.329059],[-114.42193,46.330087],[-114.421007,46.330985],[-114.418575,46.331728],[-114.417282,46.332317],[-114.415712,46.333699],[-114.415121,46.335105],[-114.41469,46.335538],[-114.414022,46.335564],[-114.413892,46.338044],[-114.414691,46.339549],[-114.414398,46.340094],[-114.414557,46.340901],[-114.414519,46.341421],[-114.414172,46.342309],[-114.414227,46.343387],[-114.41365,46.344804],[-114.413442,46.346041],[-114.413632,46.346728],[-114.41349,46.347992],[-114.413569,46.348389],[-114.413317,46.349377],[-114.412776,46.350717],[-114.412047,46.3514],[-114.412182,46.352179],[-114.411694,46.353636],[-114.411606,46.35549],[-114.411668,46.355946],[-114.412155,46.357301],[-114.412096,46.35831],[-114.411098,46.359789],[-114.410725,46.360616],[-114.41025,46.361054],[-114.411078,46.361936],[-114.41118,46.362346],[-114.411129,46.363902],[-114.410871,46.364594],[-114.410162,46.365498],[-114.410247,46.365731],[-114.411229,46.366428],[-114.412359,46.367563],[-114.413396,46.369339],[-114.414163,46.370253],[-114.415005,46.371755],[-114.416036,46.373457],[-114.416473,46.374725],[-114.417568,46.376898],[-114.418559,46.378394],[-114.418836,46.379092],[-114.41946,46.380072],[-114.419608,46.380524],[-114.419789,46.381804],[-114.419934,46.382227],[-114.419962,46.38301],[-114.420647,46.383957],[-114.421453,46.384351],[-114.422418,46.386499],[-114.422447,46.387046],[-114.42183,46.387461],[-114.421222,46.388124],[-114.419895,46.389186],[-114.418885,46.390295],[-114.417778,46.391199],[-114.417226,46.39147],[-114.41646,46.392134],[-114.415955,46.393161],[-114.415617,46.393511],[-114.414769,46.393897],[-114.412752,46.395212],[-114.410484,46.39606],[-114.410039,46.396394],[-114.409907,46.39776],[-114.409898,46.399238],[-114.409076,46.40022],[-114.408254,46.400886],[-114.4065,46.401337],[-114.404498,46.401562],[-114.40318,46.401481],[-114.401841,46.40148],[-114.401337,46.40158],[-114.400699,46.402396],[-114.399844,46.402709],[-114.39963,46.403487],[-114.399814,46.404583],[-114.399477,46.404952],[-114.39813,46.405484],[-114.395719,46.407499],[-114.395097,46.407861],[-114.394549,46.408417],[-114.393495,46.409216],[-114.392784,46.40938],[-114.388295,46.409831],[-114.387415,46.409869],[-114.386807,46.410072],[-114.384843,46.411359],[-114.384802,46.411854],[-114.384323,46.413806],[-114.384277,46.416449],[-114.384327,46.416998],[-114.383661,46.418465],[-114.383858,46.420014],[-114.383915,46.421903],[-114.384069,46.422981],[-114.384516,46.424774],[-114.384347,46.425496],[-114.384512,46.426627],[-114.38491,46.427594],[-114.38445,46.428778],[-114.384043,46.429327],[-114.383404,46.430774],[-114.382961,46.432172],[-114.381377,46.433879],[-114.378831,46.43505],[-114.376813,46.435433],[-114.374052,46.435788],[-114.370568,46.436037],[-114.368786,46.436508],[-114.368414,46.437115],[-114.368381,46.437708],[-114.368614,46.438072],[-114.369776,46.438633],[-114.370935,46.439785],[-114.371349,46.440595],[-114.371952,46.44254],[-114.373033,46.443143],[-114.374339,46.443216],[-114.375889,46.442756],[-114.377317,46.443258],[-114.378377,46.444299],[-114.378796,46.44453],[-114.38072,46.444866],[-114.381401,46.445059],[-114.38366,46.446154],[-114.3844,46.447012],[-114.384444,46.44804],[-114.383607,46.449427],[-114.382817,46.451413],[-114.382403,46.452199],[-114.381908,46.452713],[-114.381567,46.453358],[-114.381213,46.455347],[-114.381156,46.457022],[-114.380927,46.457958],[-114.380341,46.459047],[-114.379431,46.46029],[-114.380062,46.46101],[-114.381008,46.461699],[-114.381977,46.462642],[-114.382581,46.464272],[-114.383127,46.466245],[-114.385375,46.467107],[-114.389475,46.46829],[-114.391078,46.468674],[-114.39211,46.468728],[-114.394063,46.469195],[-114.394655,46.469426],[-114.39545,46.470653],[-114.395607,46.471286],[-114.395382,46.472321],[-114.39573,46.473141],[-114.396652,46.473748],[-114.396833,46.474229],[-114.397342,46.474756],[-114.398949,46.475948],[-114.399878,46.476868],[-114.400672,46.477813],[-114.401096,46.478586],[-114.401244,46.479314],[-114.401181,46.479825],[-114.401363,46.481911],[-114.401499,46.485493],[-114.401373,46.487328],[-114.400884,46.488383],[-114.401374,46.488922],[-114.401942,46.489997],[-114.402573,46.49137],[-114.403096,46.492347],[-114.403396,46.494058],[-114.40318,46.496067],[-114.403293,46.498181],[-114.403184,46.498811],[-114.402907,46.499522],[-114.402355,46.500582],[-114.400651,46.501916],[-114.399404,46.502264],[-114.398169,46.502236],[-114.396849,46.502047],[-114.396258,46.502057],[-114.395787,46.502617],[-114.394632,46.503469],[-114.390843,46.503485],[-114.388005,46.503804],[-114.385782,46.504374],[-114.383997,46.505073],[-114.383692,46.505102],[-114.382655,46.50464],[-114.380098,46.503359],[-114.377101,46.50218],[-114.375594,46.501754],[-114.374917,46.501865],[-114.374048,46.502213],[-114.372561,46.502578],[-114.369522,46.503702],[-114.368979,46.504101],[-114.36833,46.504968],[-114.368,46.505113],[-114.364756,46.505337],[-114.36222,46.505434],[-114.361137,46.505286],[-114.360587,46.505031],[-114.359683,46.504925],[-114.35834,46.505212],[-114.357261,46.505707],[-114.355104,46.506805],[-114.353697,46.507226],[-114.352418,46.507493],[-114.351919,46.507744],[-114.351374,46.508274],[-114.350781,46.509052],[-114.350038,46.509754],[-114.34865,46.510125],[-114.348337,46.510334],[-114.347948,46.511284],[-114.3479,46.512071],[-114.347372,46.513844],[-114.347051,46.515281],[-114.345693,46.516255],[-114.343975,46.51734],[-114.342985,46.51804],[-114.342016,46.519652],[-114.342004,46.520324],[-114.342528,46.521616],[-114.343211,46.522784],[-114.343689,46.523186],[-114.345427,46.524356],[-114.346681,46.525452],[-114.347183,46.525736],[-114.347748,46.526345],[-114.348029,46.526826],[-114.348534,46.528284],[-114.349111,46.529409],[-114.349227,46.529944],[-114.348618,46.531496],[-114.34884,46.532825],[-114.348711,46.533829],[-114.346991,46.5352],[-114.346445,46.53582],[-114.345708,46.537033],[-114.345469,46.538561],[-114.345325,46.539047],[-114.343901,46.541532],[-114.345131,46.543168],[-114.345113,46.545063],[-114.345413,46.546309],[-114.3452,46.548135],[-114.345795,46.54919],[-114.347079,46.550623],[-114.34779,46.551216],[-114.347888,46.551471],[-114.34747,46.552254],[-114.346381,46.55269],[-114.345331,46.553566],[-114.343023,46.554884],[-114.342447,46.555596],[-114.342222,46.556864],[-114.342042,46.557365],[-114.34145,46.558103],[-114.341195,46.558828],[-114.340894,46.559243],[-114.340071,46.560771],[-114.339438,46.561472],[-114.339473,46.562275],[-114.339728,46.563213],[-114.339533,46.564039],[-114.338678,46.565371],[-114.337852,46.566224],[-114.337265,46.566599],[-114.335913,46.567267],[-114.33508,46.568042],[-114.334023,46.569683],[-114.332937,46.570944],[-114.331734,46.571856],[-114.331209,46.572501],[-114.330719,46.57417],[-114.329703,46.575678],[-114.329639,46.576199],[-114.329788,46.57722],[-114.33036,46.577685],[-114.331996,46.578138],[-114.33371,46.578999],[-114.334425,46.579837],[-114.334676,46.58054],[-114.335065,46.581095],[-114.336134,46.582321],[-114.337061,46.583008],[-114.33746,46.583471],[-114.338257,46.585214],[-114.33924,46.586106],[-114.339545,46.586781],[-114.339558,46.587131],[-114.340193,46.587286],[-114.341342,46.587937],[-114.343569,46.589464],[-114.344197,46.589969],[-114.343733,46.590456],[-114.341625,46.592129],[-114.340791,46.592489],[-114.339346,46.592537],[-114.338323,46.592672],[-114.337321,46.593238],[-114.336027,46.593717],[-114.335558,46.594152],[-114.334428,46.594992],[-114.332552,46.596732],[-114.331446,46.598051],[-114.331045,46.598405],[-114.330256,46.599477],[-114.330329,46.600499],[-114.329785,46.602416],[-114.329729,46.603041],[-114.329946,46.604213],[-114.329591,46.604448],[-114.328493,46.604586],[-114.327708,46.605489],[-114.326224,46.606785],[-114.325873,46.6075],[-114.325096,46.608381],[-114.323776,46.609712],[-114.322711,46.610618],[-114.322537,46.611284],[-114.322883,46.612168],[-114.323677,46.613157],[-114.325431,46.614123],[-114.325991,46.615331],[-114.326372,46.616431],[-114.326977,46.616885],[-114.327108,46.617503],[-114.327554,46.618703],[-114.328035,46.61946],[-114.328013,46.619998],[-114.326661,46.620929],[-114.325493,46.621317],[-114.32451,46.621934],[-114.324277,46.622904],[-114.323886,46.623582],[-114.323013,46.624774],[-114.322506,46.62521],[-114.322149,46.625848],[-114.322099,46.626343],[-114.322253,46.627012],[-114.322536,46.627441],[-114.322805,46.628338],[-114.322301,46.629091],[-114.321546,46.630021],[-114.321702,46.630953],[-114.322283,46.631759],[-114.322453,46.632193],[-114.322469,46.632997],[-114.32236,46.633884],[-114.321442,46.636894],[-114.320901,46.637578],[-114.320412,46.638014],[-114.320326,46.638524],[-114.320549,46.638904],[-114.321133,46.639333],[-114.322508,46.640806],[-114.322816,46.642019],[-114.322912,46.642938],[-114.322815,46.643591],[-114.322379,46.644785],[-114.322061,46.645429],[-114.321445,46.646286],[-114.320705,46.64695],[-114.321337,46.647941],[-114.321623,46.648956],[-114.323186,46.650416],[-114.323924,46.651765],[-114.32412,46.652431],[-114.324615,46.653417],[-114.325332,46.653843],[-114.326254,46.654043],[-114.327134,46.654441],[-114.328192,46.655265],[-114.329652,46.657339],[-114.329969,46.658333],[-114.330836,46.659248],[-114.332372,46.660119],[-114.333125,46.660939],[-114.334876,46.661522],[-114.337005,46.662308],[-114.33776,46.662437],[-114.338714,46.662426],[-114.341169,46.662102],[-114.34227,46.662012],[-114.344368,46.662024],[-114.346529,46.662209],[-114.348765,46.662523],[-114.350372,46.6628],[-114.353,46.663557],[-114.35434,46.664551],[-114.3549,46.665112],[-114.355786,46.666228],[-114.357572,46.66814],[-114.357919,46.668695],[-114.358003,46.671069],[-114.358334,46.671073],[-114.358528,46.670697],[-114.359614,46.669572],[-114.360989,46.66891],[-114.362276,46.668509],[-114.363081,46.668489],[-114.365153,46.668694],[-114.366787,46.668639],[-114.371563,46.668126],[-114.373699,46.667098],[-114.375728,46.667464],[-114.378613,46.66682],[-114.38089,46.664919],[-114.382746,46.662836],[-114.384932,46.66267],[-114.38752,46.664283],[-114.390279,46.664968],[-114.39452,46.664917],[-114.398792,46.663096],[-114.400862,46.661341],[-114.403856,46.659487],[-114.405289,46.6596],[-114.408448,46.660646],[-114.40977,46.662024],[-114.410338,46.658936],[-114.411615,46.656965],[-114.413892,46.656768],[-114.416658,46.657657],[-114.416931,46.65823],[-114.424178,46.660629],[-114.428329,46.659171],[-114.43145,46.657262],[-114.434607,46.656577],[-114.438742,46.654989],[-114.43975,46.653465],[-114.441985,46.652806],[-114.449875,46.649306],[-114.452848,46.649367],[-114.453726,46.648452],[-114.453796,46.646091],[-114.454537,46.644259],[-114.452542,46.641689],[-114.454454,46.640894],[-114.45883,46.637002],[-114.460109,46.636086],[-114.463704,46.634416],[-114.466834,46.631801],[-114.470861,46.632355],[-114.472822,46.632269],[-114.474883,46.631631],[-114.478231,46.631797],[-114.479611,46.632389],[-114.481017,46.631887],[-114.487521,46.633163],[-114.489427,46.634123],[-114.492774,46.636324],[-114.497614,46.637467],[-114.498504,46.63808],[-114.500644,46.641142],[-114.501217,46.64135],[-114.508486,46.639404],[-114.510032,46.639201],[-114.514993,46.639466],[-114.523847,46.640588],[-114.527169,46.641693],[-114.529398,46.642846],[-114.53304,46.646154],[-114.533969,46.646472],[-114.538373,46.647609],[-114.541704,46.649944],[-114.54247,46.649393],[-114.546387,46.645046],[-114.549348,46.644391],[-114.554009,46.64478],[-114.557463,46.644052],[-114.559231,46.643231],[-114.563182,46.640823],[-114.56469,46.641148],[-114.569824,46.643324],[-114.570751,46.643173],[-114.572238,46.641574],[-114.575481,46.639101],[-114.576675,46.637881],[-114.578762,46.636562],[-114.579658,46.635359],[-114.579966,46.634885],[-114.582697,46.633434],[-114.584527,46.633407],[-114.58839,46.635001],[-114.589242,46.635088],[-114.591125,46.633294],[-114.592343,46.632837],[-114.594568,46.633396],[-114.594634,46.633448],[-114.599742,46.636296],[-114.602326,46.635651],[-114.605732,46.6359],[-114.61311,46.63847],[-114.614975,46.639975],[-114.615559,46.642236],[-114.616378,46.643433],[-114.611656,46.647453],[-114.612179,46.648748],[-114.612054,46.650676],[-114.615305,46.652427],[-114.614543,46.654207],[-114.615026,46.655414],[-114.617725,46.656031],[-114.621023,46.657982],[-114.62723,46.65885],[-114.628318,46.659022],[-114.631411,46.659483],[-114.635234,46.659247],[-114.637215,46.661636],[-114.638082,46.66363],[-114.638989,46.664505],[-114.639843,46.665377],[-114.638856,46.667217],[-114.637369,46.668089],[-114.634039,46.669299],[-114.633057,46.669979],[-114.633468,46.672354],[-114.634262,46.672932],[-114.639702,46.67222],[-114.641824,46.672527],[-114.642383,46.673539],[-114.640244,46.675309],[-114.64024,46.676242],[-114.641728,46.67861],[-114.641443,46.679492],[-114.63731,46.681331],[-114.635339,46.682606],[-114.631841,46.683947],[-114.628829,46.686499],[-114.626353,46.687964],[-114.623543,46.690933],[-114.622909,46.694445],[-114.624683,46.696113],[-114.623192,46.69921],[-114.623239,46.702618],[-114.620987,46.70613],[-114.620787,46.707262],[-114.623731,46.709078],[-114.624932,46.712258],[-114.630074,46.714189],[-114.631469,46.715755],[-114.633342,46.715571],[-114.634824,46.71722],[-114.637558,46.719405],[-114.639272,46.721786],[-114.64144,46.722483],[-114.643899,46.722585],[-114.64508,46.723323],[-114.645447,46.725029],[-114.646385,46.726584],[-114.64596,46.728999],[-114.647183,46.731387],[-114.651002,46.733572],[-114.65342,46.734083],[-114.658855,46.734535],[-114.661428,46.735954],[-114.662237,46.737096],[-114.664572,46.739084],[-114.666081,46.739295],[-114.668352,46.738542],[-114.670388,46.73716],[-114.672966,46.736516],[-114.676502,46.737146],[-114.677764,46.737833],[-114.681043,46.738847],[-114.682145,46.738813],[-114.684634,46.737204],[-114.68682,46.736521],[-114.690309,46.736905],[-114.6959,46.740179],[-114.697149,46.740672],[-114.699132,46.740178],[-114.700717,46.737671],[-114.701266,46.734713],[-114.699974,46.73395],[-114.702777,46.730421],[-114.708634,46.727206],[-114.708906,46.726002],[-114.7078,46.723892],[-114.708484,46.72247],[-114.710219,46.720591],[-114.710425,46.717704],[-114.713516,46.715138],[-114.716783,46.714053],[-114.720377,46.714242],[-114.723426,46.713841],[-114.726135,46.71457],[-114.728096,46.714484],[-114.730361,46.713491],[-114.73712,46.712265],[-114.739773,46.711941],[-114.741872,46.710805],[-114.741682,46.708613],[-114.743643,46.70745],[-114.74699,46.703619],[-114.748371,46.701368],[-114.748029,46.699243],[-114.74848,46.698555],[-114.752198,46.697142],[-114.753728,46.697336],[-114.760035,46.696578],[-114.763885,46.697672],[-114.766507,46.696864],[-114.767813,46.697577],[-114.769515,46.699909],[-114.768548,46.704763],[-114.777475,46.70656],[-114.781865,46.706833],[-114.782189,46.708026],[-114.784106,46.709564],[-114.788146,46.712122],[-114.788451,46.714059],[-114.786548,46.716292],[-114.784737,46.7179],[-114.782081,46.719499],[-114.783324,46.722275],[-114.783175,46.725121],[-114.782755,46.72635],[-114.779635,46.728589],[-114.779876,46.729813],[-114.779152,46.731017],[-114.777859,46.731519],[-114.775706,46.731341],[-114.773741,46.731749],[-114.773152,46.732877],[-114.769734,46.735301],[-114.769072,46.737519],[-114.767252,46.738751],[-114.767124,46.740072],[-114.767926,46.740566],[-114.766238,46.74169],[-114.76634,46.743261],[-114.765239,46.745391],[-114.767774,46.74684],[-114.768002,46.749172],[-114.766464,46.749856],[-114.765917,46.751556],[-114.76721,46.752829],[-114.767301,46.753998],[-114.766565,46.756391],[-114.76509,46.75815],[-114.767245,46.759183],[-114.768371,46.760309],[-114.770678,46.761273],[-114.772428,46.761394],[-114.77384,46.762663],[-114.773916,46.765513],[-114.77487,46.766047],[-114.777481,46.7662],[-114.778888,46.766847],[-114.779424,46.768598],[-114.780304,46.76887],[-114.783634,46.768666],[-114.785258,46.77257],[-114.786102,46.775618],[-114.78647,46.778288],[-114.784951,46.779772],[-114.786349,46.78075],[-114.7875,46.782776],[-114.788147,46.780592],[-114.788986,46.779557],[-114.793297,46.777378],[-114.796666,46.777168],[-114.797953,46.77591],[-114.800867,46.776412],[-114.806398,46.780235],[-114.807667,46.782026],[-114.809643,46.782391],[-114.814438,46.781531],[-114.818876,46.781247],[-114.822998,46.782696],[-114.826285,46.782058],[-114.829104,46.782626],[-114.830671,46.783605],[-114.832075,46.785906],[-114.832252,46.786894],[-114.83443,46.788525],[-114.837328,46.792821],[-114.841242,46.793149],[-114.843656,46.793804],[-114.847297,46.795562],[-114.848388,46.797094],[-114.849824,46.797971],[-114.850072,46.798967],[-114.851687,46.79885],[-114.856906,46.801647],[-114.858056,46.803747],[-114.859968,46.804828],[-114.860604,46.8057],[-114.861239,46.809116],[-114.861142,46.811638],[-114.863181,46.812659],[-114.86433,46.813861],[-114.865779,46.814529],[-114.86737,46.814359],[-114.871438,46.812687],[-114.874855,46.811858],[-114.881784,46.810866],[-114.885005,46.809463],[-114.887113,46.809457],[-114.890428,46.804311],[-114.890731,46.802958],[-114.893859,46.801577],[-114.895516,46.801965],[-114.89672,46.805165],[-114.896385,46.806904],[-114.897989,46.807838],[-114.89855,46.809351],[-114.897807,46.812275],[-114.896062,46.814418],[-114.894791,46.817183],[-114.897103,46.818918],[-114.897811,46.819921],[-114.898448,46.822354],[-114.900479,46.822662],[-114.904916,46.822317],[-114.90678,46.822525],[-114.909763,46.824294],[-114.915275,46.825409],[-114.918116,46.827196],[-114.920731,46.827083],[-114.922312,46.828602],[-114.923979,46.832518],[-114.925164,46.833689],[-114.927286,46.833405],[-114.928739,46.83521],[-114.928672,46.836408],[-114.926785,46.838974],[-114.928437,46.842075],[-114.928666,46.843635],[-114.92653,46.845018],[-114.924923,46.846667],[-114.92403,46.848389],[-114.926703,46.850771],[-114.92803,46.852711],[-114.928683,46.854767],[-114.932648,46.856056],[-114.934296,46.856142],[-114.937807,46.856989],[-114.940688,46.856542],[-114.942964,46.856814],[-114.94733,46.859097],[-114.948421,46.860637],[-114.945875,46.863781],[-114.945531,46.865764],[-114.944273,46.868077],[-114.940551,46.868404],[-114.937436,46.871314],[-114.935994,46.873503],[-114.93226,46.875802],[-114.931421,46.876998],[-114.931645,46.878786],[-114.931009,46.882195],[-114.932136,46.885325],[-114.932335,46.887499],[-114.933916,46.888548],[-114.935837,46.892993],[-114.935111,46.894885],[-114.936741,46.897279],[-114.935824,46.900234],[-114.933531,46.903586],[-114.931099,46.904029],[-114.930482,46.905979],[-114.929674,46.906933],[-114.929888,46.908105],[-114.929333,46.909889],[-114.927948,46.909948],[-114.924809,46.911028],[-114.922062,46.912487],[-114.923981,46.917244],[-114.926248,46.919469],[-114.929943,46.919937],[-114.932947,46.919476],[-114.935657,46.919841],[-114.937102,46.921158],[-114.941931,46.924075],[-114.945521,46.924861],[-114.94686,46.925889],[-114.952681,46.926649],[-114.960964,46.930408],[-114.959317,46.932898],[-114.958793,46.933626],[-114.962631,46.935666],[-114.963953,46.936783],[-114.964543,46.938076],[-114.966349,46.938111],[-114.968269,46.938685],[-114.970201,46.93872],[-114.972142,46.94014],[-114.975164,46.941731],[-114.975892,46.942768],[-114.978368,46.944629],[-114.980395,46.947386],[-114.982123,46.948184],[-114.983115,46.949282],[-114.984884,46.949182],[-114.986516,46.950148],[-114.986467,46.952806],[-114.985686,46.953941],[-114.989505,46.955981],[-114.991761,46.958608],[-114.993387,46.959605],[-114.994216,46.962528],[-114.99944,46.966032],[-115.00091,46.967703],[-115.001274,46.971901],[-115.004414,46.972281],[-115.009451,46.97342],[-115.011728,46.974306],[-115.016157,46.973804],[-115.019859,46.974629],[-115.026283,46.97538],[-115.028599,46.975675],[-115.029708,46.974985],[-115.029239,46.973116],[-115.030438,46.972078],[-115.031968,46.971574],[-115.035278,46.971517],[-115.037945,46.970494],[-115.042004,46.970507],[-115.047857,46.969532],[-115.0498,46.97107],[-115.050482,46.972764],[-115.051956,46.974903],[-115.050667,46.97555],[-115.049944,46.981057],[-115.051463,46.98177],[-115.053238,46.983386],[-115.056724,46.984845],[-115.057267,46.986785],[-115.061139,46.991934],[-115.067775,46.995212],[-115.066452,46.996242],[-115.066038,46.998765],[-115.065212,47.000325],[-115.067648,47.003104],[-115.068873,47.00729],[-115.070632,47.008756],[-115.070903,47.009855],[-115.0727,47.012663],[-115.072778,47.013823],[-115.069561,47.01481],[-115.069701,47.018103],[-115.071224,47.022085],[-115.072268,47.023484],[-115.071679,47.026361],[-115.073764,47.025651],[-115.075979,47.025943],[-115.079799,47.02824],[-115.081125,47.03017],[-115.080571,47.033859],[-115.080858,47.036221],[-115.081856,47.038186],[-115.084892,47.039622],[-115.087317,47.040268],[-115.088363,47.041121],[-115.088324,47.043734],[-115.087426,47.045716],[-115.098008,47.048581],[-115.101168,47.047474],[-115.103539,47.047489],[-115.106065,47.048563],[-115.107596,47.050213],[-115.107872,47.051694],[-115.111955,47.053743],[-115.114723,47.056531],[-115.117646,47.058505],[-115.118328,47.059736],[-115.120318,47.061319],[-115.120901,47.06181],[-115.121998,47.063333],[-115.122007,47.063874],[-115.122377,47.065794],[-115.123233,47.065702],[-115.124845,47.065722],[-115.125916,47.06585],[-115.126682,47.066088],[-115.128537,47.067002],[-115.1296,47.067618],[-115.131134,47.068956],[-115.131826,47.070593],[-115.132054,47.070943],[-115.132908,47.071804],[-115.133665,47.072987],[-115.133712,47.07343],[-115.134486,47.074588],[-115.134917,47.075673],[-115.137055,47.07689],[-115.137826,47.077488],[-115.13804,47.077935],[-115.138887,47.07872],[-115.139296,47.079247],[-115.139619,47.080019],[-115.139462,47.080619],[-115.139832,47.081852],[-115.140103,47.083187],[-115.140073,47.083964],[-115.141368,47.085299],[-115.14175,47.086094],[-115.141406,47.087294],[-115.142172,47.088476],[-115.142469,47.090077],[-115.142482,47.090903],[-115.142672,47.091466],[-115.142571,47.092628],[-115.142056,47.093569],[-115.14138,47.094048],[-115.141745,47.094678],[-115.141713,47.095106],[-115.141375,47.095905],[-115.141136,47.096145],[-115.1405,47.096291],[-115.140162,47.096613],[-115.140568,47.097114],[-115.140679,47.09763],[-115.141077,47.098577],[-115.142242,47.099206],[-115.143249,47.100276],[-115.14356,47.100756],[-115.143964,47.101754],[-115.144341,47.101977],[-115.145755,47.102258],[-115.146845,47.102934],[-115.147119,47.103239],[-115.147724,47.102967],[-115.149667,47.10179],[-115.150238,47.101737],[-115.151558,47.102066],[-115.152678,47.101909],[-115.155448,47.102573],[-115.156239,47.102827],[-115.158767,47.102778],[-115.159338,47.102368],[-115.160126,47.102099],[-115.160823,47.102534],[-115.161327,47.10269],[-115.162707,47.102876],[-115.165044,47.103841],[-115.166669,47.104765],[-115.168776,47.105666],[-115.170094,47.105969],[-115.171652,47.106782],[-115.172175,47.107151],[-115.172876,47.108489],[-115.173318,47.109141],[-115.173509,47.109717],[-115.173485,47.110367],[-115.173281,47.111076],[-115.172905,47.111743],[-115.172902,47.112239],[-115.174009,47.112846],[-115.175226,47.114121],[-115.177198,47.115676],[-115.178206,47.116746],[-115.178856,47.117603],[-115.17888,47.118874],[-115.179329,47.119474],[-115.179296,47.120375],[-115.179738,47.120626],[-115.180653,47.120757],[-115.183165,47.121492],[-115.1836,47.121676],[-115.184221,47.122534],[-115.185229,47.123129],[-115.185812,47.124165],[-115.186263,47.124368],[-115.186565,47.124919],[-115.186594,47.125743],[-115.186894,47.12743],[-115.186701,47.128171],[-115.186168,47.128836],[-115.185987,47.129402],[-115.186128,47.129561],[-115.187501,47.130007],[-115.190061,47.131344],[-115.191097,47.131993],[-115.1916,47.132463],[-115.192193,47.13264],[-115.193036,47.133175],[-115.19379,47.134581],[-115.194304,47.135153],[-115.195194,47.135563],[-115.196146,47.136126],[-115.197164,47.136475],[-115.198231,47.137123],[-115.198939,47.138098],[-115.19911,47.138852],[-115.19904,47.139887],[-115.201036,47.139622],[-115.202157,47.139649],[-115.202893,47.139757],[-115.203615,47.14001],[-115.204574,47.140498],[-115.206165,47.140398],[-115.207383,47.14077],[-115.208015,47.141056],[-115.211064,47.141845],[-115.21253,47.141998],[-115.21354,47.142401],[-115.214386,47.142957],[-115.215156,47.143661],[-115.215875,47.14445],[-115.216293,47.145811],[-115.216689,47.146121],[-115.217509,47.146357],[-115.219803,47.147339],[-115.221473,47.148748],[-115.221893,47.148995],[-115.222452,47.149085],[-115.223501,47.149059],[-115.223892,47.148891],[-115.224858,47.148744],[-115.226144,47.148864],[-115.229604,47.149599],[-115.23174,47.150358],[-115.236267,47.15071],[-115.243106,47.150729],[-115.245265,47.151751],[-115.247835,47.155092],[-115.249008,47.159148],[-115.249685,47.159867],[-115.251978,47.160428],[-115.254853,47.162749],[-115.255698,47.164387],[-115.255824,47.165982],[-115.25674,47.16892],[-115.256542,47.171568],[-115.256028,47.172991],[-115.256196,47.174977],[-115.25802,47.177146],[-115.258781,47.17915],[-115.2603,47.179921],[-115.261822,47.181431],[-115.262871,47.181755],[-115.266929,47.181298],[-115.267992,47.181403],[-115.269209,47.181618],[-115.270498,47.182],[-115.272031,47.18255],[-115.272573,47.182664],[-115.274098,47.182534],[-115.275339,47.182258],[-115.276702,47.18208],[-115.277692,47.182077],[-115.278609,47.182235],[-115.279915,47.182609],[-115.281368,47.183107],[-115.282848,47.183529],[-115.284406,47.18367],[-115.286849,47.183485],[-115.287586,47.184106],[-115.288057,47.184836],[-115.289545,47.18604],[-115.290964,47.186815],[-115.291441,47.186942],[-115.292481,47.186968],[-115.295091,47.186821],[-115.297603,47.187371],[-115.299278,47.187613],[-115.299949,47.187863],[-115.300522,47.188278],[-115.300985,47.18891],[-115.300915,47.189541],[-115.30066,47.190253],[-115.300631,47.190918],[-115.301163,47.19245],[-115.301226,47.193452],[-115.300089,47.194864],[-115.299503,47.196036],[-115.299382,47.197471],[-115.2991,47.198835],[-115.298374,47.199846],[-115.297916,47.200937],[-115.297607,47.202115],[-115.296887,47.203754],[-115.295986,47.205658],[-115.294943,47.206796],[-115.29261,47.208892],[-115.292096,47.209236],[-115.291473,47.210295],[-115.291529,47.210854],[-115.29314,47.212944],[-115.294095,47.214453],[-115.294594,47.216194],[-115.294743,47.217099],[-115.29486,47.21857],[-115.294696,47.219609],[-115.294928,47.220277],[-115.295815,47.221018],[-115.296966,47.222109],[-115.298092,47.224578],[-115.298784,47.225504],[-115.299266,47.225617],[-115.301045,47.225653],[-115.302206,47.226017],[-115.302699,47.226449],[-115.303157,47.227054],[-115.303671,47.227436],[-115.307561,47.229808],[-115.311053,47.229701],[-115.313256,47.231094],[-115.315818,47.232804],[-115.318489,47.236348],[-115.320481,47.242189],[-115.324029,47.244366],[-115.324431,47.245746],[-115.321613,47.248415],[-115.318382,47.251892],[-115.319671,47.255122],[-115.319672,47.256463],[-115.321127,47.256582],[-115.323517,47.256321],[-115.329501,47.258607],[-115.333986,47.260032],[-115.340849,47.26285],[-115.343908,47.261141],[-115.345786,47.260584],[-115.350012,47.260511],[-115.353849,47.262148],[-115.356055,47.261199],[-115.357819,47.259941],[-115.358259,47.259708],[-115.36147,47.260157],[-115.365323,47.261403],[-115.367492,47.263304],[-115.370267,47.264058],[-115.370918,47.26518],[-115.376122,47.264615],[-115.378606,47.265126],[-115.380696,47.26633],[-115.382923,47.266478],[-115.384928,47.267789],[-115.389489,47.265903],[-115.392114,47.265369],[-115.396171,47.26548],[-115.398854,47.264864],[-115.401115,47.265206],[-115.402138,47.264814],[-115.404389,47.265177],[-115.40826,47.263942],[-115.411585,47.264369],[-115.413548,47.265981],[-115.415103,47.268649],[-115.417819,47.269386],[-115.421024,47.27163],[-115.421705,47.273806],[-115.420628,47.27595],[-115.420432,47.277357],[-115.423588,47.278575],[-115.426354,47.280348],[-115.432464,47.279485],[-115.436625,47.280326],[-115.437106,47.279286],[-115.438062,47.278777],[-115.440131,47.278009],[-115.445095,47.277019],[-115.449639,47.278398],[-115.452926,47.27743],[-115.455908,47.277618],[-115.457255,47.278321],[-115.457617,47.279856],[-115.457109,47.281596],[-115.461099,47.285332],[-115.463529,47.285864],[-115.466308,47.287412],[-115.469453,47.285954],[-115.470162,47.285183],[-115.471052,47.284604],[-115.471806,47.284238],[-115.476447,47.284117],[-115.479421,47.28193],[-115.481669,47.281355],[-115.484488,47.282742],[-115.487308,47.286289],[-115.48821,47.287116],[-115.488667,47.287364],[-115.488804,47.287953],[-115.490186,47.289209],[-115.492036,47.289718],[-115.495316,47.289209],[-115.49808,47.289582],[-115.500822,47.290427],[-115.503466,47.290716],[-115.507436,47.292061],[-115.508339,47.292961],[-115.510769,47.293839],[-115.514192,47.296409],[-115.518908,47.297532],[-115.520345,47.297739],[-115.521431,47.298021],[-115.522237,47.298418],[-115.524025,47.298741],[-115.526024,47.299016],[-115.528509,47.299244],[-115.528406,47.299887],[-115.528887,47.30208],[-115.528484,47.30315],[-115.528593,47.303602],[-115.528243,47.304154],[-115.528103,47.304444],[-115.52835,47.305587],[-115.528589,47.305893],[-115.528912,47.30719],[-115.52874,47.308026],[-115.527873,47.308752],[-115.527903,47.309021],[-115.52984,47.309818],[-115.53136,47.311189],[-115.533134,47.314717],[-115.537062,47.317838],[-115.537327,47.319397],[-115.539084,47.321456],[-115.539448,47.32311],[-115.541122,47.325214],[-115.540858,47.326243],[-115.53879,47.328922],[-115.541949,47.329652],[-115.543536,47.330724],[-115.545364,47.331345],[-115.54674,47.332607],[-115.550179,47.333741],[-115.550686,47.335368],[-115.5492,47.338934],[-115.54938,47.341651],[-115.548816,47.343135],[-115.549525,47.344472],[-115.548841,47.346958],[-115.550498,47.348126],[-115.550763,47.349686],[-115.552022,47.351213],[-115.55421,47.351894],[-115.557045,47.353876],[-115.559462,47.352454],[-115.561268,47.352189],[-115.561822,47.352303],[-115.561938,47.352323],[-115.562991,47.352308],[-115.563852,47.352259],[-115.565827,47.352456],[-115.568382,47.353851],[-115.571171,47.355673],[-115.57343,47.355387],[-115.575127,47.355903],[-115.576433,47.357087],[-115.578345,47.361088],[-115.576086,47.365678],[-115.577375,47.367251],[-115.57946,47.36781],[-115.584284,47.3686],[-115.586421,47.370272],[-115.590981,47.370064],[-115.593495,47.370965],[-115.593641,47.371016],[-115.59578,47.371719],[-115.599116,47.374154],[-115.601915,47.377489],[-115.60591,47.378147],[-115.609681,47.38071],[-115.612488,47.380896],[-115.617247,47.38252],[-115.618744,47.382556],[-115.620238,47.381824],[-115.625267,47.381188],[-115.628797,47.379727],[-115.630903,47.37918],[-115.636949,47.379661],[-115.642921,47.377367],[-115.643764,47.377623],[-115.646109,47.381138],[-115.648318,47.382252],[-115.647906,47.385506],[-115.646669,47.386326],[-115.646294,47.387769],[-115.647751,47.388428],[-115.64942,47.39034],[-115.649954,47.392329],[-115.655288,47.393886],[-115.657267,47.396275],[-115.657628,47.399387],[-115.657304,47.400208],[-115.66218,47.402565],[-115.663802,47.402858],[-115.667625,47.401163],[-115.671121,47.401746],[-115.673279,47.402484],[-115.675821,47.402499],[-115.677563,47.401786],[-115.676878,47.40353],[-115.676921,47.405169],[-115.67609,47.406993],[-115.675245,47.409393],[-115.678733,47.409928],[-115.681954,47.410894],[-115.68567,47.411178],[-115.688521,47.412512],[-115.691553,47.41515],[-115.695022,47.4151],[-115.697384,47.41544],[-115.699311,47.416726],[-115.700414,47.416646],[-115.703221,47.415561],[-115.709762,47.415294],[-115.712261,47.415442],[-115.7139,47.416375],[-115.714318,47.417206],[-115.716501,47.418361],[-115.717191,47.420046],[-115.720113,47.42059],[-115.720834,47.421076],[-115.721351,47.42315],[-115.721112,47.425698],[-115.724806,47.425633],[-115.726807,47.425168],[-115.731206,47.424809],[-115.735293,47.425151],[-115.738704,47.426426],[-115.742706,47.423557],[-115.746497,47.423296],[-115.750807,47.422113],[-115.752913,47.422561],[-115.756794,47.422497],[-115.758871,47.423382],[-115.759113,47.425252],[-115.7572,47.427781],[-115.756304,47.429504],[-115.754063,47.430627],[-115.752414,47.432153],[-115.751484,47.435325],[-115.751444,47.436765],[-115.749396,47.438799],[-115.749135,47.440666],[-115.746619,47.442311],[-115.743806,47.442297],[-115.740026,47.442785],[-115.737543,47.444023],[-115.735103,47.444028],[-115.731851,47.445174],[-115.731075,47.444863],[-115.728263,47.446718],[-115.725363,47.447596],[-115.721002,47.450436],[-115.719225,47.451112],[-115.717039,47.452575],[-115.714794,47.453177],[-115.710153,47.45341],[-115.706736,47.45318],[-115.702113,47.452501],[-115.699839,47.453218],[-115.697085,47.453394],[-115.69476,47.454518],[-115.694533,47.454485],[-115.69346,47.454862],[-115.692522,47.456654],[-115.691209,47.457206],[-115.687336,47.457088],[-115.685379,47.457307],[-115.682505,47.456925],[-115.680513,47.456195],[-115.67874,47.454335],[-115.676973,47.453385],[-115.674205,47.453351],[-115.672169,47.454236],[-115.668732,47.454434],[-115.666789,47.453902],[-115.661119,47.45412],[-115.65928,47.454812],[-115.656708,47.454582],[-115.654244,47.455096],[-115.651848,47.45603],[-115.649011,47.456218],[-115.646051,47.457104],[-115.64545,47.458185],[-115.640163,47.459687],[-115.639264,47.46147],[-115.63759,47.462822],[-115.637361,47.463905],[-115.635033,47.467198],[-115.635062,47.46908],[-115.634406,47.470507],[-115.631821,47.473083],[-115.632295,47.474993],[-115.629488,47.47961],[-115.632375,47.480325],[-115.634603,47.481616],[-115.636932,47.48064],[-115.641426,47.479991],[-115.644169,47.479878],[-115.64724,47.478009],[-115.649941,47.477538],[-115.653223,47.478116],[-115.659128,47.478161],[-115.661025,47.477848],[-115.660889,47.48037],[-115.662027,47.483137],[-115.664746,47.486078],[-115.667775,47.488786],[-115.669604,47.488279],[-115.673779,47.486388],[-115.675175,47.486277],[-115.677099,47.486462],[-115.680517,47.485724],[-115.681807,47.48444],[-115.683104,47.483963],[-115.686264,47.48494],[-115.686681,47.485937],[-115.68677,47.488634],[-115.687642,47.490932],[-115.688201,47.494444],[-115.688703,47.495388],[-115.688956,47.498063],[-115.690241,47.500939],[-115.692192,47.501736],[-115.698633,47.502273],[-115.70097,47.505887],[-115.704454,47.51006],[-115.706547,47.511826],[-115.709063,47.515543],[-115.711052,47.516436],[-115.711537,47.519131],[-115.711171,47.520504],[-115.71131,47.523108],[-115.71073,47.523609],[-115.707772,47.524399],[-115.705249,47.525686],[-115.702032,47.526349],[-115.700825,47.525707],[-115.697328,47.526737],[-115.6954,47.527713],[-115.697796,47.529598],[-115.698314,47.531375],[-115.700852,47.532576],[-115.702065,47.53421],[-115.702939,47.534088],[-115.706577,47.53502],[-115.711876,47.532507],[-115.713506,47.533315],[-115.715755,47.533088],[-115.717105,47.534222],[-115.718733,47.533426],[-115.724103,47.533901],[-115.726924,47.535123],[-115.730071,47.535592],[-115.731624,47.537296],[-115.734327,47.53915],[-115.736436,47.539793],[-115.740746,47.538287],[-115.742327,47.538325],[-115.745351,47.539804],[-115.749828,47.540999],[-115.751793,47.541987],[-115.752451,47.543957],[-115.75415,47.545754],[-115.755663,47.5483],[-115.755356,47.551088],[-115.753598,47.552887],[-115.751784,47.553454],[-115.746073,47.557483],[-115.74428,47.558997],[-115.744408,47.560078],[-115.742874,47.561771],[-115.74106,47.562805],[-115.740953,47.563447],[-115.739102,47.564471],[-115.738128,47.564441],[-115.736341,47.566262],[-115.732939,47.56854],[-115.730402,47.569662],[-115.728294,47.569283],[-115.72527,47.569878],[-115.723746,47.570596],[-115.722224,47.572095],[-115.722037,47.575381],[-115.721195,47.576254],[-115.716081,47.577071],[-115.711875,47.577743],[-115.706418,47.577523],[-115.705618,47.578203],[-115.705404,47.58],[-115.704518,47.581239],[-115.70507,47.584391],[-115.702827,47.586483],[-115.696464,47.588897],[-115.694326,47.591317],[-115.691626,47.593447],[-115.688651,47.594223],[-115.687758,47.5953],[-115.689985,47.596731],[-115.691144,47.59684],[-115.693261,47.599827],[-115.692831,47.601795],[-115.695626,47.602604],[-115.697217,47.603741],[-115.698443,47.606579],[-115.697738,47.608521],[-115.698877,47.610944],[-115.698746,47.611975],[-115.696639,47.61423],[-115.691899,47.61723],[-115.693502,47.618191],[-115.694275,47.621301],[-115.694444,47.623761],[-115.696117,47.625328],[-115.698068,47.626182],[-115.698727,47.627706],[-115.700105,47.628988],[-115.703195,47.630147],[-115.704718,47.632681],[-115.707672,47.634715],[-115.709802,47.635251],[-115.713142,47.635445],[-115.716744,47.636648],[-115.722107,47.639121],[-115.725884,47.639974],[-115.727022,47.640855],[-115.730393,47.642331],[-115.731474,47.644067],[-115.731398,47.646108],[-115.734142,47.648837],[-115.734734,47.651616],[-115.736508,47.653811],[-115.736379,47.655166],[-115.733589,47.657802],[-115.731318,47.661986],[-115.730947,47.664345],[-115.731206,47.665657],[-115.732289,47.66757],[-115.730466,47.670462],[-115.729246,47.671535],[-115.726814,47.672527],[-115.726327,47.673707],[-115.727286,47.678772],[-115.728282,47.681708],[-115.727539,47.68273],[-115.727073,47.684978],[-115.725393,47.686563],[-115.725593,47.688423],[-115.725045,47.689323],[-115.72429,47.692717],[-115.722714,47.694855],[-115.726678,47.69958],[-115.728044,47.70169],[-115.730653,47.703408],[-115.731354,47.704942],[-115.733341,47.705676],[-115.736445,47.707503],[-115.739582,47.708749],[-115.742339,47.711706],[-115.745226,47.712019],[-115.748763,47.713966],[-115.751279,47.715046],[-115.753026,47.71695],[-115.756384,47.717692],[-115.758587,47.718862],[-115.760036,47.719127],[-115.763665,47.717565],[-115.76675,47.717253],[-115.769519,47.718082],[-115.773442,47.717568],[-115.777151,47.720376],[-115.778417,47.722125],[-115.779988,47.723252],[-115.78176,47.726639],[-115.784258,47.729963],[-115.78425,47.731856],[-115.78253,47.734826],[-115.783712,47.737147],[-115.783472,47.738323],[-115.782102,47.739323],[-115.780868,47.741925],[-115.781002,47.743184],[-115.783141,47.745918],[-115.78459,47.746659],[-115.786543,47.748656],[-115.792525,47.751156],[-115.79373,47.751944],[-115.794124,47.753385],[-115.795139,47.754189],[-115.797498,47.757334],[-115.800969,47.757623],[-115.803423,47.758301],[-115.804609,47.758142],[-115.80916,47.756509],[-115.811261,47.755982],[-115.814325,47.756156],[-115.819188,47.754503],[-115.820907,47.753648],[-115.823774,47.752611],[-115.825691,47.752574],[-115.83091,47.755036],[-115.832607,47.756782],[-115.833454,47.758814],[-115.835424,47.761482],[-115.835513,47.764023],[-115.835004,47.766752],[-115.83552,47.768828],[-115.835069,47.77006],[-115.836551,47.772111],[-115.837438,47.774846],[-115.840111,47.777345],[-115.840685,47.77858],[-115.840544,47.780355],[-115.845328,47.783238],[-115.847353,47.785094],[-115.847493,47.786485],[-115.845795,47.793164],[-115.845796,47.794058],[-115.847174,47.797276],[-115.848945,47.800187],[-115.847328,47.803441],[-115.848771,47.810091],[-115.848527,47.811059],[-115.847069,47.812303],[-115.845122,47.814673],[-115.845259,47.815378],[-115.847672,47.818385],[-115.850346,47.820644],[-115.850761,47.821423],[-115.850434,47.824315],[-115.85119,47.826536],[-115.852312,47.827857],[-115.855324,47.82821],[-115.857994,47.829768],[-115.859299,47.83105],[-115.864286,47.833293],[-115.866607,47.833494],[-115.870741,47.834962],[-115.871905,47.837093],[-115.873566,47.838664],[-115.874555,47.842178],[-115.876004,47.844265],[-115.87836,47.845698],[-115.881496,47.849612],[-115.882998,47.84887],[-115.886053,47.848304],[-115.889675,47.846822],[-115.893441,47.845545],[-115.897233,47.845124],[-115.898657,47.843873],[-115.901401,47.843097],[-115.906821,47.846383],[-115.907096,47.847497],[-115.906492,47.850282],[-115.907534,47.851377],[-115.910081,47.853017],[-115.912136,47.853378],[-115.918587,47.853472],[-115.919422,47.857448],[-115.924988,47.864876],[-115.925234,47.866853],[-115.92891,47.868448],[-115.931745,47.872196],[-115.935737,47.874451],[-115.935302,47.876115],[-115.936697,47.879519],[-115.938009,47.881093],[-115.943163,47.885488],[-115.94562,47.885846],[-115.947236,47.887391],[-115.947492,47.888564],[-115.949749,47.889004],[-115.952506,47.891772],[-115.953363,47.894053],[-115.954836,47.894789],[-115.956368,47.895467],[-115.960525,47.898135],[-115.965152,47.898206],[-115.967118,47.898467],[-115.968389,47.89925],[-115.968005,47.901982],[-115.966344,47.905366],[-115.966331,47.906887],[-115.965597,47.909457],[-115.965431,47.910041],[-115.96542,47.910852],[-115.966869,47.912598],[-115.969603,47.914393],[-115.97359,47.914164],[-115.97514,47.914548],[-115.978309,47.914524],[-115.982444,47.915637],[-115.983058,47.91629],[-115.98279,47.919622],[-115.983534,47.921399],[-115.985315,47.923062],[-115.987672,47.923438],[-115.991025,47.924602],[-115.993957,47.926662],[-115.99324,47.928697],[-115.994935,47.931409],[-115.995482,47.934463],[-115.998026,47.936201],[-115.998031,47.938207],[-115.998528,47.9389],[-116.002988,47.940594],[-116.004628,47.942392],[-116.006659,47.943341],[-116.00679,47.944204],[-116.00737,47.946067],[-116.007484,47.950783],[-116.009946,47.953014],[-116.011757,47.953997],[-116.013752,47.95627],[-116.014262,47.957401],[-116.016134,47.958656],[-116.018122,47.961263],[-116.018771,47.962895],[-116.021803,47.964109],[-116.024031,47.965452],[-116.024344,47.966379],[-116.026484,47.967756],[-116.028185,47.969421],[-116.028343,47.970565],[-116.030387,47.972619],[-116.03336,47.972352],[-116.0372,47.971592],[-116.039656,47.971736],[-116.042449,47.974126],[-116.043719,47.974355],[-116.046742,47.975686],[-116.049108,47.977334],[-116.049121,48.021508],[-116.049102,48.066728],[-116.049101,48.066792],[-116.049085,48.074869],[-116.049062,48.088174],[-116.04906,48.088411],[-116.049067,48.090012],[-116.049047,48.092096],[-116.049028,48.119446],[-116.048911,48.124929],[-116.049055,48.140345],[-116.04904,48.167095],[-116.049024,48.195203],[-116.04901,48.215806],[-116.048943,48.237089],[-116.04895,48.261186],[-116.04896,48.323488],[-116.048982,48.356732],[-116.04899,48.384699],[-116.04904,48.413132],[-116.04909,48.438267],[-116.049093,48.440315],[-116.049058,48.502062],[-116.048984,48.538538],[-116.048937,48.57321],[-116.049098,48.586972],[-116.049065,48.610461],[-116.049062,48.612055],[-116.049064,48.616714],[-116.049063,48.61736],[-116.049059,48.619794],[-116.049058,48.620923],[-116.049047,48.633153],[-116.049044,48.645416],[-116.049032,48.668529],[-116.049017,48.674879],[-116.048969,48.68624],[-116.048956,48.691733],[-116.048953,48.698637],[-116.048946,48.710652],[-116.048952,48.737815],[-116.049059,48.760472],[-116.04908,48.791437],[-116.049082,48.797511],[-116.049083,48.79911],[-116.049086,48.809169],[-116.049084,48.812763],[-116.049085,48.818419],[-116.049089,48.828857],[-116.049089,48.852717],[-116.049074,48.896862],[-116.049081,48.91573],[-116.049079,48.920254],[-116.049093,48.933707],[-116.049098,48.947185],[-116.049127,48.966917],[-116.049132,48.972784],[-116.049114,48.988367],[-116.049086,49.000846],[-116.060974,49.000828],[-116.064592,49.000822],[-116.1811,49.00056],[-116.194152,49.000555],[-116.213213,49.000668],[-116.233556,49.00081],[-116.237236,49.000837],[-116.26663,49.000759],[-116.297648,49.000668],[-116.32825,49.000572],[-116.358439,49.000467],[-116.499572,48.999881],[-116.502269,48.999882],[-116.504205,48.999878],[-116.507275,48.999887],[-116.576684,48.999874],[-116.614164,48.999889],[-116.702099,48.999873],[-116.735031,48.999847],[-116.757384,48.999825],[-116.75786,48.999825],[-116.827926,48.999724],[-116.937362,48.999489],[-117.032345,48.999201],[-117.032185,48.916955],[-117.032127,48.885773],[-117.032107,48.874926],[-117.032441,48.846666],[-117.032745,48.811995],[-117.032756,48.810937],[-117.032772,48.80919],[-117.032825,48.803402],[-117.032858,48.799697],[-117.03287,48.798412],[-117.032936,48.791089],[-117.033335,48.74992],[-117.033276,48.705136],[-117.033284,48.70363],[-117.033343,48.696442],[-117.033343,48.696404],[-117.033343,48.696297],[-117.033346,48.695975],[-117.033347,48.695869],[-117.03336,48.694239],[-117.033377,48.692142],[-117.033671,48.656923],[-117.034358,48.628523],[-117.034635,48.626764],[-117.0345,48.620844],[-117.03453,48.608212],[-117.034532,48.607902],[-117.034555,48.603479],[-117.034701,48.586587],[-117.034733,48.582647],[-117.034807,48.573433],[-117.034854,48.567494],[-117.034906,48.561093],[-117.034908,48.56067],[-117.034909,48.560381],[-117.034918,48.559333],[-117.034921,48.558985],[-117.034922,48.558898],[-117.035028,48.545639],[-117.035176,48.527241],[-117.035221,48.521587],[-117.035425,48.499914],[-117.035409,48.491368],[-117.035374,48.478824],[-117.035361,48.469854],[-117.035348,48.442726],[-117.035342,48.441173],[-117.035338,48.439572],[-117.035335,48.438225],[-117.035348,48.430183],[-117.035227,48.411603],[-117.035125,48.392842],[-117.035086,48.38521],[-117.035261,48.374911],[-117.035178,48.371221],[-117.035178,48.370878],[-117.03531,48.366616],[-117.035744,48.346071],[-117.035861,48.340494],[-117.035883,48.339406],[-117.035912,48.337952],[-117.036075,48.33022],[-117.036418,48.312232],[-117.036427,48.311842],[-117.03645,48.310785],[-117.036586,48.304092],[-117.036848,48.292077],[-117.037064,48.28],[-117.037528,48.259824],[-117.037908,48.24007],[-117.038369,48.218153],[-117.038776,48.202535],[-117.038825,48.201335],[-117.038909,48.19845],[-117.038964,48.196791],[-117.039002,48.195648],[-117.039131,48.191887],[-117.039244,48.188588],[-117.039356,48.185389],[-117.039462,48.184466],[-117.039519,48.183982],[-117.039523,48.182894],[-117.039549,48.182016],[-117.039556,48.181034],[-117.039597,48.179272],[-117.039636,48.178013],[-117.039585,48.177834],[-117.039644,48.176701],[-117.039676,48.175717],[-117.039676,48.174722],[-117.039744,48.169375],[-117.040019,48.159391],[-117.040314,48.150283],[-117.041107,48.124904],[-117.041122,48.122982],[-117.041238,48.10837],[-117.041281,48.101027],[-117.041373,48.085535],[-117.041467,48.072424],[-117.041794,48.064997],[-117.04182,48.061279],[-117.041898,48.04305],[-117.042053,48.033014],[-117.042111,48.021206],[-117.042005,48.002301],[-117.042024,47.996719],[-117.042026,47.994908],[-117.042137,47.987685],[-117.042089,47.97745],[-117.042308,47.962656],[-117.042165,47.943443],[-117.042102,47.935904],[-117.042054,47.921522],[-117.042109,47.907429],[-117.042301,47.890685],[-117.042276,47.886149],[-117.042229,47.876449],[-117.042248,47.869602],[-117.04225,47.867528],[-117.042222,47.863761],[-117.042209,47.86131],[-117.042123,47.833055],[-117.041943,47.81795],[-117.042039,47.816175],[-117.042126,47.803004],[-117.042147,47.783451],[-117.042128,47.780757],[-117.042089,47.77482],[-117.04214,47.7582],[-117.041957,47.745438],[-117.041829,47.735855],[-117.04182,47.735261],[-117.041761,47.73111],[-117.041784,47.706766],[-117.041785,47.706525],[-117.041786,47.704567],[-117.04179,47.701965],[-117.041787,47.700986],[-117.041699,47.697889],[-117.041693,47.697336],[-117.041678,47.696933],[-117.041683,47.696602],[-117.04159,47.689659],[-117.041568,47.680192],[-117.041285,47.675146],[-117.041246,47.665542],[-117.041239,47.663123],[-117.041325,47.660076],[-117.040997,47.623567],[-117.040955,47.621849],[-117.04085,47.614367],[-117.041021,47.600443],[-117.041092,47.585279],[-117.041028,47.574255],[-117.041007,47.571517],[-117.040937,47.560181],[-117.040821,47.550542],[-117.040555,47.542012],[-117.040438,47.527503],[-117.040332,47.523333],[-117.040345,47.522315],[-117.04019,47.521301],[-117.040043,47.492548],[-117.039995,47.485744],[-117.039987,47.477792],[-117.039855,47.463404],[-117.039799,47.45434],[-117.039822,47.436869],[-117.039856,47.434896],[-117.039784,47.434878],[-117.039763,47.412543],[-117.039834,47.412501],[-117.03985,47.405031],[-117.03985,47.399417],[-117.03984,47.393018],[-117.039796,47.376056],[-117.039808,47.366031],[-117.039833,47.361652],[-117.039775,47.347214],[-117.039906,47.332709],[-117.03994,47.317963],[-117.039889,47.303179],[-117.039914,47.296143],[-117.039917,47.295886],[-117.03992,47.294176],[-117.039923,47.293168],[-117.039926,47.292304],[-117.039931,47.29081],[-117.039933,47.290278],[-117.039936,47.289342],[-117.039938,47.28869],[-117.039936,47.287535],[-117.039933,47.286346],[-117.039934,47.286154],[-117.039927,47.283724],[-117.039923,47.282228],[-117.039921,47.281339],[-117.039918,47.280063],[-117.039921,47.279202],[-117.039912,47.277613],[-117.039912,47.277527],[-117.039908,47.27599],[-117.039904,47.274682],[-117.039896,47.269872],[-117.039897,47.269693],[-117.039894,47.268929],[-117.039896,47.268122],[-117.039892,47.267658],[-117.03989,47.266469],[-117.039889,47.265673],[-117.039888,47.265404],[-117.039886,47.26404],[-117.039878,47.259272],[-117.039683,47.259269],[-117.039634,47.253586],[-117.039701,47.240673],[-117.039701,47.24022],[-117.03965,47.236785],[-117.039718,47.221203],[-117.039769,47.203244],[-117.039797,47.202515],[-117.039682,47.187813],[-117.039774,47.173293],[-117.039691,47.167093],[-117.03975,47.15461],[-117.039752,47.127269],[-117.039683,47.123119],[-117.039705,47.10426],[-117.039783,47.09543],[-117.039779,47.087661],[-117.039777,47.087277],[-117.039721,47.077998],[-117.039846,47.063399],[-117.039724,47.04749],[-117.039973,47.034118],[-117.039945,47.01965],[-117.03946,47.018844],[-117.039866,47.018311],[-117.039736,47.004566],[-117.039857,47.004329],[-117.03983,46.99004],[-117.03972,46.98971],[-117.039636,46.96759],[-117.03961,46.949609],[-117.039546,46.930287],[-117.039455,46.913636],[-117.039458,46.913127],[-117.039471,46.912512],[-117.039471,46.912377],[-117.039472,46.912293],[-117.039518,46.907546],[-117.039596,46.888113],[-117.039769,46.880362],[-117.039649,46.873429],[-117.039784,46.860895],[-117.039778,46.844862],[-117.0397,46.83685],[-117.039714,46.825982],[-117.03982,46.819],[-117.039676,46.80188],[-117.039767,46.794194],[-117.039785,46.787198],[-117.039658,46.773571],[-117.039735,46.767728],[-117.039939,46.749285],[-117.039812,46.736728],[-117.039792,46.734782],[-117.039832,46.7324],[-117.039841,46.731831],[-117.039876,46.721936],[-117.039869,46.718484],[-117.039835,46.70776],[-117.039806,46.702116],[-117.039835,46.679377],[-117.039745,46.651573],[-117.039691,46.638087],[-117.039743,46.620767],[-117.039737,46.603989],[-117.039722,46.580893],[-117.039647,46.572337],[-117.039649,46.57204],[-117.039698,46.55168],[-117.039694,46.541709],[-117.039645,46.535777],[-117.039635,46.532077],[-117.039627,46.531084],[-117.039725,46.524325],[-117.039693,46.507544],[-117.039796,46.493496],[-117.03974,46.48498],[-117.039836,46.47999],[-117.039831,46.474209],[-117.039829,46.474042],[-117.03974,46.46289],[-117.039797,46.456951],[-117.039796,46.455796],[-117.039719,46.441206],[-117.039748,46.434722],[-117.039766,46.43125],[-117.039766,46.431146],[-117.039766,46.430679],[-117.039571,46.425379],[-117.037013,46.423269],[-117.035892,46.420434],[-117.034626,46.417845],[-117.034838,46.415554],[-117.035399,46.410328],[-117.036455,46.407792],[-117.03857,46.405482],[-117.039392,46.400946],[-117.040527,46.398549],[-117.041444,46.396035],[-117.041896,46.394919],[-117.041794,46.392475],[-117.042145,46.39126],[-117.045762,46.381809],[-117.048229,46.377676],[-117.05179,46.375673],[-117.053349,46.37427],[-117.056141,46.372435],[-117.060075,46.369213],[-117.062778,46.365175],[-117.062627,46.357657],[-117.062788,46.353605],[-117.061925,46.350919],[-117.060297,46.348381],[-117.05884,46.347018],[-117.056647,46.345811],[-117.049505,46.34301],[-117.046549,46.342567],[-117.038595,46.341948],[-117.033484,46.341237],[-117.03039,46.340219],[-117.027001,46.338296],[-117.024305,46.336276],[-117.022925,46.334627],[-117.022993,46.328673],[-117.023362,46.327787],[-117.023351,46.324774],[-117.022714,46.320955],[-117.023073,46.319858],[-117.022051,46.317326],[-117.020581,46.314789],[-117.015409,46.310583],[-117.011095,46.308101],[-117.01004,46.306967],[-117.006387,46.304789],[-117.00171,46.304329],[-116.99555,46.302272],[-116.990849,46.300233],[-116.988766,46.298808],[-116.985649,46.295095],[-116.984804,46.293088],[-116.984819,46.291494],[-116.985583,46.288497],[-116.986778,46.287182],[-116.988085,46.284926],[-116.990867,46.280855],[-116.991417,46.279327],[-116.990825,46.276203],[-116.986558,46.272374],[-116.983184,46.270245],[-116.974809,46.265499],[-116.971938,46.262989],[-116.968266,46.259059],[-116.964467,46.253762],[-116.963377,46.249881],[-116.962369,46.247818],[-116.960449,46.245317],[-116.959236,46.243165],[-116.957742,46.239197],[-116.957647,46.235007],[-116.956612,46.23241],[-116.955381,46.230314],[-116.956067,46.226673],[-116.956655,46.225026],[-116.960743,46.217552],[-116.966306,46.209195],[-116.966617,46.207347],[-116.965384,46.203122],[-116.963259,46.200168],[-116.960857,46.198336],[-116.954837,46.194916],[-116.94963,46.191676],[-116.948111,46.189635],[-116.946741,46.188685],[-116.943726,46.185849],[-116.942083,46.185246],[-116.93984,46.181884],[-116.939836,46.179743],[-116.937188,46.176918],[-116.935957,46.175227],[-116.932734,46.173243],[-116.927475,46.173294],[-116.923769,46.170748],[-116.922341,46.168774],[-116.92135,46.164514],[-116.922126,46.16202],[-116.923157,46.16036],[-116.924371,46.159618],[-116.9295,46.157577],[-116.93461,46.154151],[-116.934987,46.153528],[-116.935163,46.150391],[-116.935854,46.145269],[-116.935623,46.142397],[-116.934219,46.139759],[-116.934243,46.138193],[-116.935321,46.136411],[-116.940561,46.13265],[-116.943819,46.128699],[-116.948205,46.126125],[-116.949851,46.124486],[-116.950365,46.12337],[-116.949614,46.121071],[-116.951123,46.118631],[-116.951092,46.115203],[-116.951572,46.113531],[-116.951335,46.110887],[-116.953177,46.108572],[-116.954266,46.106562],[-116.955424,46.101861],[-116.959694,46.099013],[-116.965483,46.09849],[-116.967542,46.098063],[-116.974041,46.097658],[-116.976198,46.097086],[-116.978845,46.095849],[-116.980999,46.094192],[-116.982465,46.091935],[-116.982589,46.090075],[-116.981812,46.086871],[-116.981952,46.084847],[-116.979353,46.080487],[-116.976822,46.07904],[-116.97104,46.077034],[-116.965775,46.075983],[-116.963244,46.075747],[-116.960403,46.07629],[-116.957866,46.075457],[-116.955303,46.07285],[-116.951167,46.069505],[-116.949286,46.068406],[-116.942793,46.061115],[-116.942762,46.058991],[-116.943451,46.055157],[-116.94229,46.050974],[-116.94028,46.046687],[-116.937958,46.044012],[-116.935254,46.043207],[-116.932452,46.040801],[-116.931633,46.039628],[-116.930908,46.036705],[-116.929815,46.03568],[-116.929589,46.034176],[-116.93048,46.032343],[-116.93067,46.029223],[-116.929944,46.023648],[-116.929081,46.02198],[-116.92759,46.020398],[-116.92475,46.019727],[-116.923592,46.018955],[-116.921719,46.015942],[-116.920921,46.011735],[-116.920681,46.00891],[-116.920089,46.006188],[-116.918656,46.002621],[-116.919275,45.999799],[-116.918924,45.998713],[-116.917167,45.996043],[-116.915822,45.995166],[-116.914471,45.993566],[-116.913177,45.991135],[-116.911469,45.989049],[-116.904305,45.984196],[-116.900497,45.982801],[-116.897102,45.980259],[-116.896731,45.979595],[-116.893606,45.97758],[-116.892861,45.976373],[-116.893245,45.972921],[-116.894906,45.968922],[-116.893662,45.965428],[-116.891512,45.961547],[-116.891298,45.960327],[-116.88935,45.959297],[-116.886843,45.958617],[-116.884444,45.958399],[-116.880506,45.958508],[-116.877964,45.957037],[-116.87598,45.954775],[-116.874869,45.950253],[-116.875756,45.948372],[-116.875706,45.945008],[-116.875125,45.9422],[-116.873377,45.938482],[-116.872035,45.936264],[-116.870484,45.932408],[-116.870067,45.930472],[-116.870398,45.926913],[-116.869655,45.923799],[-116.868569,45.922436],[-116.866544,45.916958],[-116.865029,45.914498],[-116.863042,45.912047],[-116.859795,45.907264],[-116.857254,45.904159],[-116.854668,45.902966],[-116.849761,45.899322],[-116.846959,45.896646],[-116.844369,45.892966],[-116.840814,45.890789],[-116.839279,45.890338],[-116.830003,45.886405],[-116.824096,45.883301],[-116.819182,45.880938],[-116.818548,45.880261],[-116.815918,45.878998],[-116.814131,45.877641],[-116.811962,45.874879],[-116.809785,45.87279],[-116.805765,45.86701],[-116.803741,45.864934],[-116.799715,45.862592],[-116.796459,45.861224],[-116.795879,45.859914],[-116.795976,45.858094],[-116.794562,45.856049],[-116.79376,45.854469],[-116.790151,45.849851],[-116.788252,45.845842],[-116.787792,45.844267],[-116.78752,45.840204],[-116.788923,45.836741],[-116.789066,45.833471],[-116.788329,45.831928],[-116.782139,45.825116],[-116.780389,45.824363],[-116.774224,45.823369],[-116.773079,45.822136],[-116.769754,45.820976],[-116.76789,45.819497],[-116.763402,45.81658],[-116.76108,45.816176],[-116.760747,45.816527],[-116.759789,45.816167],[-116.756552,45.817037],[-116.753923,45.817429],[-116.749343,45.819255],[-116.745225,45.821391],[-116.740486,45.82446],[-116.737384,45.825946],[-116.734543,45.826527],[-116.724687,45.826519],[-116.721519,45.825738],[-116.716942,45.826708],[-116.715527,45.826773],[-116.711822,45.826267],[-116.70845,45.825117],[-116.703417,45.821704],[-116.699724,45.820883],[-116.698079,45.820852],[-116.697192,45.820135],[-116.694806,45.816631],[-116.694343,45.814028],[-116.693097,45.811144],[-116.691116,45.809533],[-116.688711,45.808116],[-116.687007,45.806319],[-116.685463,45.803645],[-116.685553,45.80238],[-116.683272,45.799093],[-116.680818,45.794388],[-116.678713,45.792433],[-116.675178,45.789716],[-116.67016,45.786411],[-116.669036,45.784664],[-116.665268,45.782059],[-116.66117,45.780313],[-116.656871,45.779847],[-116.649172,45.779734],[-116.64394,45.780153],[-116.639641,45.781274],[-116.637722,45.782627],[-116.633377,45.784681],[-116.632032,45.784979],[-116.626971,45.784126],[-116.624715,45.782136],[-116.623742,45.781813],[-116.619439,45.782041],[-116.616935,45.782464],[-116.612653,45.781837],[-116.60978,45.781674],[-116.60504,45.781018],[-116.600758,45.779585],[-116.59421,45.77908],[-116.591702,45.777697],[-116.588091,45.774984],[-116.585183,45.772314],[-116.582808,45.771317],[-116.578603,45.768762],[-116.575129,45.765863],[-116.57162,45.76443],[-116.567339,45.763004],[-116.565673,45.760816],[-116.563,45.758322],[-116.560175,45.756385],[-116.559444,45.755189],[-116.557534,45.754382],[-116.553548,45.753388],[-116.550414,45.753129],[-116.54809,45.752364],[-116.546381,45.750402],[-116.545814,45.748755],[-116.544041,45.74691],[-116.541771,45.744449],[-116.539337,45.739912],[-116.537173,45.737288],[-116.536648,45.73525],[-116.535698,45.734231],[-116.535906,45.730371],[-116.537043,45.728196],[-116.536804,45.724632],[-116.538201,45.716161],[-116.537151,45.711058],[-116.537312,45.707634],[-116.53659,45.705052],[-116.536258,45.700035],[-116.536395,45.69665],[-116.535166,45.692967],[-116.535117,45.691277],[-116.530652,45.686163],[-116.529583,45.683549],[-116.528272,45.681473],[-116.525915,45.679702],[-116.523961,45.677639],[-116.522212,45.676622],[-116.517675,45.675039],[-116.512326,45.670224],[-116.509906,45.666495],[-116.506176,45.663649],[-116.505429,45.661914],[-116.502481,45.66035],[-116.500038,45.658573],[-116.496826,45.657251],[-116.491485,45.653262],[-116.488818,45.650799],[-116.48747,45.64888],[-116.487263,45.64781],[-116.487849,45.644238],[-116.487447,45.643682],[-116.483492,45.641795],[-116.482495,45.639916],[-116.482759,45.636765],[-116.482806,45.633595],[-116.481557,45.632369],[-116.480342,45.631974],[-116.475803,45.6317],[-116.474346,45.630998],[-116.471504,45.628467],[-116.471356,45.627185],[-116.472877,45.624877],[-116.469813,45.620604],[-116.465256,45.61805],[-116.464238,45.617055],[-116.463296,45.61476],[-116.463598,45.613011],[-116.463262,45.610929],[-116.463635,45.602785],[-116.464717,45.60096],[-116.467138,45.598188],[-116.471684,45.593612],[-116.475096,45.591457],[-116.475967,45.59009],[-116.480788,45.587942],[-116.482163,45.586682],[-116.48328,45.584832],[-116.483617,45.582962],[-116.481525,45.581082],[-116.481191,45.579943],[-116.481943,45.577898],[-116.484051,45.576577],[-116.48791,45.575521],[-116.490279,45.574499],[-116.491617,45.573458],[-116.494228,45.572225],[-116.496131,45.570757],[-116.500974,45.567807],[-116.503534,45.565819],[-116.503697,45.564372],[-116.503155,45.562974],[-116.503957,45.560953],[-116.506967,45.558427],[-116.508769,45.557454],[-116.51175,45.556445],[-116.513931,45.556281],[-116.516019,45.556698],[-116.51851,45.556689],[-116.521787,45.55584],[-116.526166,45.553549],[-116.528556,45.551094],[-116.52828,45.54989],[-116.525967,45.549449],[-116.524172,45.548565],[-116.52339,45.546895],[-116.523876,45.545949],[-116.526252,45.544857],[-116.526552,45.542251],[-116.528093,45.539603],[-116.528394,45.539267],[-116.528742,45.539004],[-116.529035,45.538747],[-116.529812,45.538295],[-116.530364,45.537949],[-116.530892,45.537676],[-116.531231,45.537306],[-116.531727,45.536685],[-116.532021,45.536016],[-116.532349,45.535355],[-116.532609,45.534758],[-116.532769,45.534137],[-116.53286,45.53354],[-116.533132,45.532766],[-116.533044,45.532225],[-116.533113,45.531765],[-116.533048,45.531159],[-116.532848,45.530489],[-116.533132,45.529537],[-116.533503,45.529159],[-116.533842,45.528772],[-116.534214,45.528385],[-116.534361,45.527998],[-116.534802,45.527111],[-116.535187,45.525677],[-116.535482,45.525079],[-116.535866,45.524507],[-116.536339,45.523935],[-116.536958,45.523508],[-116.537644,45.523227],[-116.538848,45.522633],[-116.539321,45.522182],[-116.539918,45.521545],[-116.540403,45.520925],[-116.540933,45.520111],[-116.540889,45.51974],[-116.540914,45.519053],[-116.541005,45.518497],[-116.541266,45.517844],[-116.54168,45.517091],[-116.542123,45.516368],[-116.542631,45.515587],[-116.543127,45.514958],[-116.543837,45.514193],[-116.544546,45.513654],[-116.545199,45.512969],[-116.546021,45.512244],[-116.546876,45.511584],[-116.547832,45.511037],[-116.548676,45.510385],[-116.549688,45.509895],[-116.55079,45.509292],[-116.551701,45.508697],[-116.5525,45.508311],[-116.553185,45.508159],[-116.554634,45.507856],[-116.555488,45.50747],[-116.556029,45.507019],[-116.556669,45.506119],[-116.557032,45.505544],[-116.557259,45.50478],[-116.557463,45.504173],[-116.557621,45.503495],[-116.557512,45.502583],[-116.557132,45.502017],[-116.556516,45.501322],[-116.555922,45.500925],[-116.555026,45.500471],[-116.554142,45.499884],[-116.553472,45.499108],[-116.553424,45.497691],[-116.553089,45.49621],[-116.55361,45.494466],[-116.554519,45.491932],[-116.555368,45.490295],[-116.5559,45.489306],[-116.556423,45.48688],[-116.556756,45.486341],[-116.556995,45.485496],[-116.557174,45.484274],[-116.558093,45.482365],[-116.558807,45.481189],[-116.558802,45.480073],[-116.556461,45.475426],[-116.555564,45.474068],[-116.555208,45.473516],[-116.554981,45.472798],[-116.555169,45.470417],[-116.555405,45.469398],[-116.555407,45.469021],[-116.555313,45.467828],[-116.554975,45.465459],[-116.554831,45.464814],[-116.55483,45.46293],[-116.556736,45.462323],[-116.558938,45.46195],[-116.560155,45.461634],[-116.561744,45.461213],[-116.561899,45.461118],[-116.562851,45.460779],[-116.563569,45.460454],[-116.563973,45.460229],[-116.564158,45.460096],[-116.564585,45.45985],[-116.564944,45.459585],[-116.565405,45.459113],[-116.565724,45.458831],[-116.566388,45.4581],[-116.567341,45.45732],[-116.567574,45.456637],[-116.567895,45.456218],[-116.568251,45.45582],[-116.569009,45.455403],[-116.570799,45.454544],[-116.571598,45.454261],[-116.571793,45.454208],[-116.572274,45.454023],[-116.573285,45.453666],[-116.575949,45.452522],[-116.576332,45.452273],[-116.576697,45.452088],[-116.576988,45.451893],[-116.577545,45.451466],[-116.577908,45.451226],[-116.578181,45.451074],[-116.579138,45.450402],[-116.580143,45.449726],[-116.581382,45.448984],[-116.582334,45.447941],[-116.583233,45.446708],[-116.583953,45.445582],[-116.584243,45.445345],[-116.585909,45.444301],[-116.587433,45.443729],[-116.588195,45.44292],[-116.588473,45.442436],[-116.588589,45.442027],[-116.588859,45.441403],[-116.589028,45.440904],[-116.589101,45.440816],[-116.589253,45.440231],[-116.589445,45.439188],[-116.589602,45.438571],[-116.589762,45.438035],[-116.590033,45.437377],[-116.590051,45.436904],[-116.590283,45.43598],[-116.590898,45.432577],[-116.592415,45.427358],[-116.592729,45.426489],[-116.592881,45.425669],[-116.59304,45.425036],[-116.593258,45.424399],[-116.593558,45.4238],[-116.593859,45.423453],[-116.593973,45.423191],[-116.594981,45.420753],[-116.596167,45.417418],[-116.59683,45.414656],[-116.597447,45.41277],[-116.598875,45.411557],[-116.600276,45.410844],[-116.600669,45.410587],[-116.601002,45.410326],[-116.601206,45.410204],[-116.602224,45.409777],[-116.6029,45.409398],[-116.603827,45.408725],[-116.606683,45.406838],[-116.607562,45.406188],[-116.609349,45.404883],[-116.609832,45.404515],[-116.610535,45.403919],[-116.610863,45.403708],[-116.6113,45.403367],[-116.613061,45.402524],[-116.61616,45.400293],[-116.616232,45.400172],[-116.616751,45.399749],[-116.617512,45.3993],[-116.618611,45.398491],[-116.619057,45.39821],[-116.619675,45.397233],[-116.620149,45.395986],[-116.620501,45.395669],[-116.62071,45.395361],[-116.620817,45.395285],[-116.621719,45.394874],[-116.622481,45.394503],[-116.622909,45.394199],[-116.623385,45.393963],[-116.623575,45.393694],[-116.623764,45.393087],[-116.62364,45.39295],[-116.623048,45.392448],[-116.623047,45.391942],[-116.623522,45.391167],[-116.625976,45.388812],[-116.626633,45.388037],[-116.627679,45.385642],[-116.628725,45.383046],[-116.629391,45.381663],[-116.630296,45.380483],[-116.630868,45.380112],[-116.631297,45.379639],[-116.631915,45.378189],[-116.632344,45.377415],[-116.633583,45.376368],[-116.635012,45.374881],[-116.63596,45.373264],[-116.63818,45.370719],[-116.638978,45.369958],[-116.639943,45.369338],[-116.640273,45.368678],[-116.64082,45.368305],[-116.641305,45.367718],[-116.641567,45.366711],[-116.64214,45.365129],[-116.64505,45.361189],[-116.648865,45.356372],[-116.649802,45.355237],[-116.650599,45.354073],[-116.651684,45.352969],[-116.652811,45.351502],[-116.655255,45.34886],[-116.65568,45.348104],[-116.656542,45.3461],[-116.657544,45.344966],[-116.658054,45.344198],[-116.658783,45.342462],[-116.661023,45.339027],[-116.664025,45.335019],[-116.666122,45.332459],[-116.666646,45.331078],[-116.669457,45.326531],[-116.670562,45.324846],[-116.671057,45.32383],[-116.671649,45.323297],[-116.67303,45.322319],[-116.673793,45.321511],[-116.67384,45.320568],[-116.674316,45.318246],[-116.674267,45.315958],[-116.674648,45.315082],[-116.674648,45.314342],[-116.674288,45.312685],[-116.67401,45.312314],[-116.673925,45.311163],[-116.673646,45.310305],[-116.67417,45.308857],[-116.673645,45.3063],[-116.673067,45.301184],[-116.672594,45.298023],[-116.672542,45.296269],[-116.672327,45.295234],[-116.67248,45.294217],[-116.672277,45.293459],[-116.672421,45.292468],[-116.67238,45.290927],[-116.672163,45.288938],[-116.672353,45.287289],[-116.672305,45.285202],[-116.673303,45.280624],[-116.674255,45.278503],[-116.674255,45.277527],[-116.674493,45.276349],[-116.67473,45.275844],[-116.675587,45.274867],[-116.677491,45.273215],[-116.678729,45.272271],[-116.681013,45.27072],[-116.68306,45.269539],[-116.686059,45.268357],[-116.687106,45.267817],[-116.687177,45.267643],[-116.687772,45.266403],[-116.691388,45.263739],[-116.693526,45.259774],[-116.694573,45.25697],[-116.696047,45.254679],[-116.696163,45.252055],[-116.698104,45.248782],[-116.698765,45.245182],[-116.70071,45.242976],[-116.703697,45.240099],[-116.702709,45.23791],[-116.703697,45.236093],[-116.704111,45.228154],[-116.706264,45.224464],[-116.708189,45.222089],[-116.709373,45.219463],[-116.70975,45.217243],[-116.709364,45.213408],[-116.708645,45.210013],[-116.708546,45.207356],[-116.709536,45.203015],[-116.711997,45.197426],[-116.714318,45.193419],[-116.717676,45.184364],[-116.720611,45.17948],[-116.723166,45.174362],[-116.724205,45.171501],[-116.724172,45.164946],[-116.724188,45.162924],[-116.725178,45.159222],[-116.727357,45.156324],[-116.728018,45.154237],[-116.728757,45.144381],[-116.729607,45.142091],[-116.731216,45.139934],[-116.733296,45.138486],[-116.736954,45.137499],[-116.742455,45.135265],[-116.745535,45.133038],[-116.746331,45.128596],[-116.746232,45.126813],[-116.74686,45.124223],[-116.748564,45.122945],[-116.752839,45.121768],[-116.753694,45.118777],[-116.75393,45.115283],[-116.754643,45.113972],[-116.762962,45.110477],[-116.766718,45.109301],[-116.772232,45.106343],[-116.774847,45.105536],[-116.776414,45.103553],[-116.778408,45.100394],[-116.779453,45.099688],[-116.782492,45.09579],[-116.783537,45.093605],[-116.784244,45.088128],[-116.784289,45.085776],[-116.783859,45.082886],[-116.784047,45.080769],[-116.78371,45.076972],[-116.784754,45.075729],[-116.786986,45.074182],[-116.788219,45.071964],[-116.790878,45.069947],[-116.792016,45.067158],[-116.792918,45.066015],[-116.795006,45.064435],[-116.797329,45.060267],[-116.79994,45.058317],[-116.801743,45.056299],[-116.804023,45.055022],[-116.808576,45.050652],[-116.81432,45.048331],[-116.820914,45.043118],[-116.822384,45.041605],[-116.825133,45.03784],[-116.830115,45.035317],[-116.838419,45.03232],[-116.841314,45.030907],[-116.842499,45.029898],[-116.842923,45.028251],[-116.844769,45.025494],[-116.847944,45.022602],[-116.847322,45.02025],[-116.845847,45.01847],[-116.844796,45.015312],[-116.844935,45.0138],[-116.847067,45.012085],[-116.847191,45.011496],[-116.845113,45.007953],[-116.844534,45.003686],[-116.844625,45.001435],[-116.846103,44.999878],[-116.853391,44.989358],[-116.854872,44.987417],[-116.857549,44.982567],[-116.858313,44.978761],[-116.857485,44.976728],[-116.855695,44.975328],[-116.85351,44.972988],[-116.85202,44.97203],[-116.848574,44.971716],[-116.846785,44.972424],[-116.84355,44.975408],[-116.842509,44.977404],[-116.842077,44.979775],[-116.840497,44.982549],[-116.83863,44.983545],[-116.836592,44.984037],[-116.832076,44.984454],[-116.826894,44.983878],[-116.826271,44.982493],[-116.828356,44.979325],[-116.830746,44.976807],[-116.83225,44.974321],[-116.835405,44.971048],[-116.836449,44.969239],[-116.839847,44.968368],[-116.843106,44.966031],[-116.847044,44.96536],[-116.849561,44.963593],[-116.850984,44.961556],[-116.851406,44.959841],[-116.850737,44.958113],[-116.847437,44.954082],[-116.846461,44.951521],[-116.843027,44.947635],[-116.840805,44.945773],[-116.835702,44.940633],[-116.83199,44.933007],[-116.832176,44.931373],[-116.833632,44.928976],[-116.836359,44.926328],[-116.838467,44.923601],[-116.838167,44.921271],[-116.838956,44.917826],[-116.842108,44.914922],[-116.842057,44.913057],[-116.842922,44.908907],[-116.843977,44.908185],[-116.846061,44.90525],[-116.847535,44.901731],[-116.848893,44.900719],[-116.850115,44.896168],[-116.850512,44.893524],[-116.852373,44.891919],[-116.851694,44.890327],[-116.852427,44.887578],[-116.854199,44.885949],[-116.85729,44.882291],[-116.857038,44.88077],[-116.860445,44.877552],[-116.860742,44.876707],[-116.861501,44.875925],[-116.865338,44.870603],[-116.866475,44.869802],[-116.871701,44.867613],[-116.876001,44.866684],[-116.878183,44.864706],[-116.879375,44.861793],[-116.883591,44.858277],[-116.887748,44.855799],[-116.889882,44.855171],[-116.892361,44.855218],[-116.895311,44.85581],[-116.896396,44.855682],[-116.89862,44.853744],[-116.898474,44.851632],[-116.89643,44.849781],[-116.896249,44.84833],[-116.897109,44.845223],[-116.898502,44.842038],[-116.899711,44.840609],[-116.898142,44.840536],[-116.897874,44.840539],[-116.894301,44.840547],[-116.892168,44.840544],[-116.84022,44.840292],[-116.833323,44.840255],[-116.807722,44.840106],[-116.721247,44.839602],[-116.718147,44.839577],[-116.672292,44.839277],[-116.654127,44.839171],[-116.649086,44.839121],[-116.644054,44.839084],[-116.628681,44.838984],[-116.625034,44.838952],[-116.625033,44.837588],[-116.625018,44.835667],[-116.624957,44.823663],[-116.624882,44.808772],[-116.624849,44.803249],[-116.624703,44.774353],[-116.624656,44.766738],[-116.624617,44.756479],[-116.624496,44.732106],[-116.624459,44.724154],[-116.624388,44.710954],[-116.624333,44.699433],[-116.624311,44.694817],[-116.624159,44.663257],[-116.621334,44.659442],[-116.619161,44.657637],[-116.613868,44.65511],[-116.613535,44.654561],[-116.609413,44.651357],[-116.608377,44.648501],[-116.606351,44.646386],[-116.604757,44.644021],[-116.603727,44.643443],[-116.6015,44.640058],[-116.60152,44.639427],[-116.599263,44.636862],[-116.598833,44.635342],[-116.599479,44.634434],[-116.598113,44.632496],[-116.598324,44.626777],[-116.598419,44.624937],[-116.598621,44.624524],[-116.598738,44.624315],[-116.603212,44.615192],[-116.594924,44.615276],[-116.583133,44.614985],[-116.575251,44.614791],[-116.554245,44.614825],[-116.534111,44.615201],[-116.529167,44.615154],[-116.529136,44.607796],[-116.529208,44.603889],[-116.529154,44.580694],[-116.52914,44.579775],[-116.529101,44.576129],[-116.529099,44.575818],[-116.529095,44.575277],[-116.529066,44.569227],[-116.529035,44.551087],[-116.528963,44.547563],[-116.528943,44.539999],[-116.528888,44.527828],[-116.528955,44.520401],[-116.528898,44.499844],[-116.528936,44.49519],[-116.528898,44.491545],[-116.51914,44.487781],[-116.503698,44.481753],[-116.497026,44.479203],[-116.469973,44.468645],[-116.454323,44.462592],[-116.453086,44.462116],[-116.428103,44.452386],[-116.427376,44.452105],[-116.412745,44.44637],[-116.407648,44.444436],[-116.379891,44.444517],[-116.367814,44.444439],[-116.358071,44.444502],[-116.340549,44.444402],[-116.336189,44.444496],[-116.331684,44.444464],[-116.319604,44.444491],[-116.307398,44.444444],[-116.299876,44.444576],[-116.2983,44.448198],[-116.295983,44.450147],[-116.294084,44.450388],[-116.291488,44.452712],[-116.290771,44.452189],[-116.288864,44.453043],[-116.288102,44.454231],[-116.286596,44.454985],[-116.284253,44.455515],[-116.282683,44.45685],[-116.280066,44.458403],[-116.272604,44.460273],[-116.270964,44.460422],[-116.268595,44.462692],[-116.26467,44.4643],[-116.262681,44.46455],[-116.258606,44.465922],[-116.255973,44.466296],[-116.254092,44.465702],[-116.252197,44.465056],[-116.249266,44.46461],[-116.245815,44.464689],[-116.244381,44.463751],[-116.244703,44.462003],[-116.243812,44.461464],[-116.24156,44.461982],[-116.238288,44.464212],[-116.236136,44.464713],[-116.23612,44.46595],[-116.237,44.467313],[-116.23642,44.469771],[-116.232801,44.475222],[-116.231936,44.476854],[-116.232312,44.478606],[-116.233874,44.481262],[-116.23192,44.483219],[-116.23098,44.484996],[-116.230594,44.487777],[-116.229984,44.489492],[-116.227752,44.491364],[-116.227385,44.492686],[-116.223983,44.493234],[-116.222574,44.494154],[-116.220383,44.497392],[-116.219523,44.500501],[-116.218207,44.506817],[-116.217788,44.508556],[-116.214025,44.509853],[-116.213314,44.510813],[-116.211808,44.507731],[-116.210823,44.504619],[-116.20731,44.503778],[-116.204315,44.502308],[-116.202171,44.50313],[-116.200495,44.503083],[-116.199905,44.500131],[-116.196913,44.498256],[-116.194598,44.495707],[-116.193278,44.493666],[-116.188791,44.49324],[-116.185376,44.494678],[-116.180319,44.499324],[-116.176557,44.500656],[-116.174348,44.500665],[-116.170757,44.49968],[-116.167404,44.499578],[-116.16022,44.498072],[-116.157022,44.498928],[-116.152418,44.498832],[-116.152369,44.475625],[-116.152394,44.455777],[-116.152271,44.453331],[-116.152334,44.432165],[-116.15242,44.419303],[-116.152489,44.40999],[-116.152306,44.396581],[-116.152312,44.386412],[-116.152283,44.380566],[-116.15241,44.372146],[-116.152353,44.362108],[-116.152244,44.352037],[-116.152294,44.339322],[-116.152295,44.324519],[-116.164856,44.32455],[-116.179141,44.324515],[-116.182297,44.324518],[-116.18281,44.324517],[-116.183167,44.324516],[-116.185787,44.324506],[-116.186476,44.324504],[-116.187927,44.324481],[-116.190887,44.324475],[-116.193216,44.324465],[-116.205369,44.324426],[-116.206369,44.324412],[-116.212377,44.324376],[-116.21291,44.324373],[-116.212896,44.323453],[-116.212898,44.322751],[-116.212909,44.319937],[-116.212971,44.310294],[-116.212981,44.300839],[-116.213058,44.295107],[-116.213022,44.281429],[-116.213021,44.281229],[-116.213021,44.281152],[-116.213027,44.28042],[-116.213135,44.261524],[-116.213222,44.250229],[-116.213271,44.246738],[-116.213355,44.240428],[-116.213381,44.237844],[-116.2135,44.227654],[-116.213519,44.225832],[-116.213501,44.212457],[-116.213499,44.211852],[-116.213604,44.194669],[-116.213784,44.180936],[-116.213797,44.18032],[-116.213807,44.178887],[-116.213846,44.174788],[-116.213862,44.167611],[-116.21386,44.159598],[-116.213864,44.158311],[-116.213871,44.151387],[-116.216485,44.151357],[-116.235806,44.151369],[-116.236144,44.151368],[-116.252608,44.151391],[-116.273069,44.151227],[-116.273093,44.14873],[-116.2732,44.137867],[-116.273235,44.124128],[-116.273342,44.109032],[-116.273539,44.092538],[-116.273476,44.084792],[-116.273378,44.080169],[-116.273493,44.065712],[-116.273457,44.052119],[-116.273303,44.037584],[-116.273302,44.034842],[-116.273354,44.010047],[-116.273526,43.996354],[-116.273626,43.979908],[-116.273565,43.947494],[-116.273557,43.912427],[-116.273554,43.912245],[-116.273556,43.91139],[-116.27356,43.91113],[-116.273561,43.910907],[-116.273449,43.897465],[-116.273561,43.889328],[-116.273752,43.879017],[-116.273828,43.870925],[-116.273925,43.850742],[-116.274031,43.838507],[-116.27405,43.836067],[-116.274033,43.812685],[-116.274022,43.80736],[-116.282019,43.807365],[-116.27041,43.798865],[-116.263384,43.793792],[-116.262355,43.793067],[-116.26195,43.79278],[-116.260778,43.79195],[-116.259673,43.791151],[-116.259541,43.791056],[-116.256065,43.788568],[-116.25443,43.787417],[-116.24872,43.783219],[-116.241816,43.778262],[-116.225854,43.766809],[-116.219142,43.761993],[-116.218217,43.761353],[-116.200397,43.748491],[-116.196924,43.745932],[-116.194051,43.7438],[-116.193538,43.743422],[-116.19169,43.74205],[-116.16885,43.725238],[-116.159825,43.718603],[-116.153434,43.713909],[-116.141328,43.705027],[-116.128476,43.695507],[-116.105088,43.678265],[-116.094167,43.670194],[-116.087548,43.665317],[-116.083617,43.662367],[-116.078653,43.658702],[-116.060323,43.645201],[-116.060172,43.645089],[-116.054347,43.64078],[-116.048691,43.636614],[-116.045262,43.634077],[-116.038706,43.629228],[-116.024877,43.619],[-116.023165,43.617735],[-116.002306,43.602265],[-115.996633,43.59791],[-115.995122,43.596796],[-115.99474,43.596521],[-115.986008,43.590137],[-115.985403,43.589695],[-115.980277,43.585946],[-115.978739,43.587233],[-115.978811,43.58914],[-115.977537,43.590855],[-115.975719,43.591438],[-115.971993,43.591137],[-115.968001,43.589938],[-115.963507,43.589185],[-115.958774,43.589696],[-115.955988,43.589789],[-115.954284,43.591369],[-115.95346,43.593366],[-115.955168,43.595799],[-115.955944,43.598608],[-115.955784,43.601667],[-115.950825,43.606543],[-115.947612,43.60756],[-115.944834,43.608774],[-115.941229,43.607247],[-115.939289,43.608056],[-115.936494,43.608411],[-115.935128,43.608236],[-115.933535,43.606797],[-115.933653,43.603594],[-115.931076,43.597392],[-115.929883,43.595567],[-115.927792,43.595005],[-115.922658,43.595668],[-115.920831,43.592843],[-115.919047,43.592254],[-115.912357,43.592097],[-115.909595,43.59235],[-115.906892,43.592971],[-115.903698,43.59427],[-115.903327,43.595442],[-115.901239,43.597139],[-115.899172,43.598104],[-115.897201,43.598803],[-115.897034,43.598843],[-115.895394,43.598547],[-115.892345,43.597814],[-115.890257,43.59716],[-115.889556,43.597155],[-115.887355,43.597897],[-115.885959,43.597691],[-115.88522,43.597399],[-115.88462,43.596722],[-115.883568,43.594584],[-115.882579,43.593524],[-115.881367,43.592847],[-115.880107,43.592324],[-115.876963,43.591369],[-115.875927,43.591265],[-115.874168,43.591759],[-115.873549,43.592065],[-115.872606,43.593361],[-115.872321,43.594566],[-115.871589,43.595425],[-115.870628,43.596204],[-115.869787,43.596708],[-115.868731,43.59701],[-115.867798,43.597766],[-115.866515,43.598545],[-115.865892,43.599116],[-115.86574,43.599677],[-115.865899,43.601052],[-115.86536,43.601813],[-115.864519,43.602281],[-115.86356,43.602486],[-115.862195,43.602578],[-115.860971,43.6025],[-115.860268,43.602656],[-115.859393,43.602643],[-115.858466,43.602309],[-115.857491,43.601813],[-115.8567,43.601601],[-115.854016,43.602368],[-115.85309,43.602741],[-115.851934,43.603713],[-115.850727,43.605038],[-115.84785,43.607271],[-115.847213,43.607992],[-115.846289,43.608265],[-115.845106,43.608351],[-115.843581,43.607988],[-115.842435,43.607341],[-115.841131,43.60685],[-115.840429,43.606937],[-115.838642,43.60768],[-115.837467,43.608075],[-115.83511,43.608424],[-115.833645,43.608077],[-115.831954,43.607266],[-115.831268,43.606701],[-115.830997,43.606109],[-115.830872,43.60525],[-115.829316,43.605645],[-115.828745,43.605955],[-115.828157,43.606752],[-115.82792,43.607667],[-115.826765,43.608544],[-115.824249,43.609631],[-115.822743,43.6106],[-115.822024,43.611131],[-115.822203,43.611926],[-115.822751,43.612959],[-115.823027,43.613977],[-115.824255,43.616086],[-115.824099,43.617362],[-115.823592,43.618689],[-115.82301,43.619353],[-115.821859,43.620009],[-115.820459,43.620275],[-115.818968,43.620136],[-115.816358,43.619251],[-115.814172,43.619168],[-115.812682,43.619276],[-115.810911,43.620246],[-115.80975,43.621439],[-115.808554,43.622128],[-115.80664,43.622844],[-115.806303,43.623244],[-115.805766,43.625914],[-115.804967,43.626443],[-115.804047,43.626671],[-115.802407,43.62682],[-115.801408,43.627142],[-115.800215,43.627669],[-115.799322,43.628553],[-115.798623,43.63064],[-115.797631,43.632127],[-115.796652,43.632876],[-115.795458,43.633505],[-115.794878,43.63407],[-115.794821,43.634984],[-115.795275,43.63611],[-115.796301,43.637359],[-115.797108,43.638608],[-115.796874,43.639302],[-115.796294,43.639871],[-115.795106,43.640177],[-115.794142,43.64024],[-115.792604,43.640125],[-115.79147,43.640231],[-115.790632,43.640541],[-115.790186,43.640951],[-115.789938,43.642375],[-115.789046,43.643227],[-115.787896,43.643789],[-115.785825,43.644398],[-115.783889,43.644893],[-115.783002,43.645421],[-115.782362,43.646812],[-115.782337,43.648024],[-115.782024,43.64837],[-115.780881,43.648548],[-115.777349,43.648642],[-115.775272,43.648738],[-115.773687,43.649138],[-115.771735,43.649898],[-115.770475,43.650243],[-115.770019,43.650272],[-115.767233,43.649925],[-115.763836,43.649032],[-115.762871,43.649113],[-115.761231,43.650082],[-115.760127,43.650483],[-115.758763,43.650414],[-115.757774,43.649951],[-115.75746,43.649612],[-115.755753,43.648118],[-115.755105,43.647699],[-115.754035,43.646506],[-115.753912,43.645911],[-115.754279,43.645272],[-115.75503,43.644961],[-115.755564,43.644552],[-115.755448,43.643791],[-115.754896,43.643269],[-115.754319,43.643019],[-115.753289,43.643088],[-115.752255,43.643627],[-115.748945,43.644895],[-115.746874,43.645508],[-115.746017,43.645631],[-115.744984,43.645985],[-115.744533,43.646465],[-115.743934,43.649596],[-115.743771,43.649937],[-115.743623,43.650244],[-115.743508,43.650363],[-115.742682,43.651219],[-115.741959,43.652289],[-115.741881,43.652757],[-115.741859,43.652892],[-115.740916,43.654029],[-115.739671,43.654905],[-115.738219,43.655271],[-115.736822,43.655001],[-115.736131,43.654548],[-115.735642,43.65437],[-115.734688,43.654193],[-115.733635,43.653503],[-115.732473,43.653552],[-115.731549,43.653513],[-115.730542,43.653722],[-115.728897,43.654947],[-115.728404,43.655449],[-115.728083,43.656034],[-115.727503,43.656648],[-115.727231,43.657194],[-115.727113,43.658518],[-115.726675,43.659234],[-115.726292,43.660065],[-115.726046,43.66066],[-115.725819,43.661714],[-115.726624,43.662963],[-115.727711,43.663391],[-115.729019,43.663625],[-115.729188,43.663758],[-115.729531,43.663902],[-115.729619,43.66398],[-115.731097,43.664869],[-115.731159,43.664967],[-115.73126,43.665404],[-115.730661,43.666059],[-115.729709,43.666274],[-115.728642,43.667025],[-115.727541,43.667544],[-115.726387,43.667988],[-115.725557,43.667882],[-115.724776,43.667523],[-115.723859,43.666512],[-115.723281,43.66569],[-115.722374,43.665142],[-115.721589,43.66391],[-115.720426,43.664008],[-115.719586,43.66438],[-115.71879,43.664755],[-115.717611,43.664666],[-115.716342,43.664559],[-115.715074,43.664396],[-115.714109,43.664445],[-115.71337,43.664182],[-115.712768,43.663469],[-115.712346,43.662933],[-115.712271,43.662396],[-115.711845,43.661783],[-115.711187,43.661806],[-115.710167,43.662397],[-115.709238,43.662832],[-115.708132,43.663296],[-115.707251,43.663571],[-115.706365,43.66404],[-115.705612,43.664413],[-115.705211,43.664726],[-115.704845,43.665453],[-115.704834,43.665962],[-115.704862,43.666663],[-115.704189,43.667483],[-115.702954,43.667849],[-115.701631,43.66825],[-115.700713,43.668175],[-115.699936,43.667627],[-115.699475,43.666633],[-115.699017,43.665513],[-115.698284,43.66503],[-115.697508,43.665373],[-115.696456,43.666505],[-115.695842,43.667742],[-115.695609,43.668434],[-115.695549,43.668967],[-115.695684,43.669959],[-115.695566,43.671169],[-115.695285,43.672027],[-115.694445,43.672363],[-115.693525,43.672383],[-115.691999,43.67205],[-115.690425,43.671903],[-115.68984,43.672281],[-115.688056,43.673055],[-115.687982,43.673143],[-115.687887,43.673781],[-115.687255,43.674635],[-115.686137,43.67504],[-115.685436,43.675664],[-115.684404,43.676052],[-115.684348,43.6761],[-115.683744,43.676881],[-115.683443,43.678631],[-115.683591,43.679867],[-115.6822,43.681415],[-115.681609,43.68183],[-115.68148,43.68195],[-115.68125,43.682086],[-115.68069,43.682318],[-115.680075,43.682339],[-115.67912,43.681951],[-115.678729,43.681698],[-115.67748,43.681185],[-115.675901,43.680928],[-115.675056,43.68146],[-115.674827,43.681933],[-115.674774,43.682345],[-115.675233,43.683402],[-115.675583,43.684441],[-115.675492,43.685534],[-115.674895,43.686832],[-115.674223,43.687458],[-115.673511,43.687992],[-115.672264,43.688866],[-115.671473,43.689298],[-115.670559,43.68946],[-115.669381,43.690125],[-115.669234,43.690235],[-115.668453,43.691323],[-115.66812,43.691998],[-115.667438,43.693102],[-115.66839,43.694305],[-115.668714,43.694805],[-115.668443,43.695212],[-115.667651,43.695335],[-115.666672,43.695246],[-115.665688,43.694929],[-115.665257,43.695232],[-115.665176,43.695378],[-115.664905,43.696667],[-115.664538,43.69733],[-115.663874,43.697672],[-115.663477,43.697687],[-115.662954,43.69766],[-115.661606,43.697135],[-115.66053,43.696265],[-115.659858,43.696202],[-115.659568,43.696192],[-115.658803,43.696674],[-115.658763,43.696728],[-115.657501,43.698455],[-115.656754,43.698539],[-115.656152,43.699064],[-115.655115,43.699349],[-115.655009,43.700146],[-115.654684,43.700965],[-115.653752,43.701493],[-115.653034,43.70156],[-115.652259,43.70164],[-115.651122,43.701466],[-115.650126,43.701097],[-115.648247,43.70051],[-115.648034,43.700444],[-115.64655,43.700139],[-115.645802,43.70026],[-115.644867,43.700946],[-115.644014,43.701827],[-115.64409,43.702337],[-115.644453,43.702834],[-115.64477,43.703268],[-115.644764,43.703914],[-115.64373,43.704715],[-115.642488,43.705337],[-115.642257,43.705873],[-115.642372,43.70651],[-115.642398,43.706784],[-115.642131,43.707594],[-115.641461,43.708093],[-115.641305,43.708179],[-115.640441,43.708653],[-115.639008,43.709138],[-115.63891,43.709177],[-115.638887,43.709179],[-115.638784,43.709214],[-115.638354,43.709216],[-115.63812,43.709233],[-115.638002,43.709219],[-115.637699,43.709221],[-115.637415,43.709321],[-115.636204,43.709905],[-115.635129,43.710944],[-115.635453,43.712092],[-115.635166,43.71317],[-115.636069,43.713913],[-115.636505,43.714187],[-115.637021,43.714495],[-115.637252,43.714752],[-115.637371,43.71486],[-115.637517,43.715047],[-115.637919,43.715494],[-115.638076,43.716279],[-115.638116,43.716476],[-115.63775,43.717144],[-115.637688,43.717934],[-115.636488,43.718653],[-115.635943,43.71908],[-115.63502,43.719591],[-115.634567,43.720221],[-115.634644,43.7207],[-115.635141,43.722012],[-115.634515,43.72348],[-115.633426,43.723355],[-115.633154,43.723295],[-115.631768,43.722793],[-115.630521,43.722869],[-115.630377,43.722858],[-115.62903,43.722665],[-115.628115,43.722729],[-115.627317,43.722865],[-115.627209,43.723756],[-115.627926,43.724943],[-115.628399,43.725398],[-115.6287,43.725654],[-115.63012,43.726812],[-115.629357,43.727567],[-115.628091,43.728009],[-115.627664,43.728103],[-115.627396,43.728128],[-115.626799,43.728234],[-115.625615,43.728255],[-115.624002,43.727852],[-115.622089,43.727097],[-115.621139,43.726451],[-115.620495,43.726373],[-115.619823,43.7265],[-115.619135,43.726285],[-115.6178,43.725829],[-115.617655,43.725809],[-115.617119,43.725831],[-115.616364,43.725785],[-115.61591,43.726447],[-115.615719,43.727657],[-115.615474,43.727843],[-115.615057,43.728096],[-115.614781,43.728323],[-115.614684,43.728792],[-115.615199,43.72924],[-115.61624,43.729729],[-115.616839,43.730407],[-115.618012,43.730868],[-115.619106,43.730821],[-115.620066,43.731176],[-115.620942,43.731249],[-115.62161,43.730812],[-115.621955,43.73041],[-115.622333,43.730022],[-115.622811,43.729612],[-115.62319,43.729379],[-115.62362,43.729182],[-115.624117,43.729337],[-115.624166,43.729398],[-115.624423,43.730018],[-115.624896,43.730917],[-115.624788,43.731804],[-115.624853,43.732778],[-115.625146,43.733401],[-115.626154,43.733472],[-115.626693,43.73344],[-115.627417,43.733457],[-115.628011,43.733672],[-115.62818,43.734997],[-115.627881,43.73665],[-115.627802,43.736819],[-115.627585,43.737115],[-115.627058,43.737907],[-115.626814,43.738492],[-115.626595,43.739108],[-115.626357,43.739901],[-115.626449,43.740601],[-115.626576,43.741562],[-115.626696,43.742354],[-115.6277,43.742525],[-115.629705,43.74221],[-115.630993,43.742373],[-115.631573,43.74257],[-115.631872,43.742704],[-115.632385,43.742898],[-115.632893,43.743701],[-115.633564,43.745078],[-115.633945,43.745652],[-115.63367,43.74619],[-115.633183,43.746372],[-115.631953,43.746124],[-115.631176,43.745872],[-115.630125,43.745861],[-115.629826,43.746093],[-115.629564,43.746379],[-115.629138,43.746801],[-115.629116,43.747757],[-115.630215,43.748644],[-115.631145,43.749214],[-115.631472,43.749804],[-115.632215,43.750368],[-115.632338,43.750754],[-115.632109,43.751133],[-115.631493,43.751221],[-115.630529,43.75121],[-115.629911,43.751357],[-115.629255,43.751257],[-115.628619,43.751247],[-115.628545,43.751264],[-115.627753,43.751715],[-115.627787,43.752195],[-115.628348,43.752782],[-115.628497,43.753087],[-115.628508,43.75325],[-115.628292,43.7542],[-115.627549,43.754907],[-115.626413,43.754722],[-115.625465,43.754288],[-115.624937,43.754034],[-115.624172,43.753897],[-115.623489,43.754048],[-115.623302,43.754555],[-115.62355,43.755225],[-115.624355,43.756475],[-115.622587,43.757593],[-115.6225,43.757691],[-115.62133,43.760158],[-115.620343,43.761135],[-115.619725,43.761317],[-115.618772,43.761538],[-115.617575,43.761292],[-115.616591,43.762106],[-115.616603,43.763474],[-115.617235,43.764627],[-115.617819,43.765972],[-115.618861,43.76727],[-115.619739,43.768343],[-115.620615,43.76955],[-115.620036,43.771322],[-115.619832,43.771904],[-115.619039,43.772736],[-115.617687,43.773598],[-115.617721,43.774016],[-115.618192,43.774528],[-115.618666,43.774914],[-115.618172,43.775318],[-115.616935,43.775785],[-115.616029,43.776352],[-115.615634,43.776976],[-115.615878,43.777804],[-115.61591,43.778347],[-115.615628,43.779106],[-115.615823,43.780174],[-115.615549,43.780662],[-115.614139,43.780899],[-115.613797,43.781286],[-115.613533,43.782548],[-115.613436,43.782831],[-115.612728,43.783078],[-115.611691,43.782425],[-115.611103,43.782277],[-115.610883,43.782322],[-115.609795,43.782754],[-115.608675,43.783726],[-115.608347,43.784082],[-115.608189,43.784476],[-115.607753,43.785658],[-115.607036,43.78625],[-115.605729,43.787048],[-115.605693,43.787079],[-115.605154,43.787915],[-115.604423,43.789178],[-115.603304,43.790087],[-115.60235,43.790702],[-115.601662,43.791243],[-115.600574,43.792345],[-115.599296,43.7935],[-115.598472,43.793969],[-115.597678,43.794149],[-115.5968,43.794171],[-115.595798,43.793843],[-115.595148,43.793693],[-115.594264,43.793729],[-115.593636,43.794294],[-115.593317,43.794829],[-115.593332,43.795432],[-115.593057,43.796541],[-115.593291,43.797788],[-115.592796,43.798289],[-115.59184,43.798238],[-115.590915,43.798009],[-115.590355,43.797559],[-115.590136,43.795646],[-115.589358,43.795128],[-115.588398,43.794944],[-115.588236,43.794927],[-115.587037,43.794911],[-115.585639,43.794639],[-115.585188,43.795143],[-115.585109,43.796636],[-115.583987,43.797671],[-115.582763,43.797464],[-115.582189,43.797582],[-115.580665,43.796757],[-115.580614,43.796743],[-115.579549,43.79707],[-115.578862,43.797193],[-115.578297,43.796932],[-115.577181,43.79587],[-115.576274,43.795222],[-115.574406,43.794653],[-115.572145,43.793714],[-115.571957,43.793672],[-115.570255,43.793591],[-115.56897,43.794083],[-115.567261,43.793999],[-115.566308,43.793479],[-115.565385,43.793498],[-115.56361,43.794298],[-115.561588,43.79437],[-115.560846,43.794068],[-115.560406,43.793921],[-115.559046,43.794179],[-115.557681,43.794418],[-115.555182,43.794261],[-115.552602,43.793842],[-115.550053,43.79334],[-115.549723,43.793288],[-115.54898,43.793041],[-115.548639,43.792551],[-115.548069,43.792542],[-115.547538,43.792667],[-115.547251,43.79365],[-115.547207,43.794232],[-115.547208,43.794593],[-115.546767,43.795515],[-115.546847,43.795921],[-115.546998,43.796338],[-115.547169,43.797429],[-115.546756,43.798344],[-115.546591,43.798947],[-115.546528,43.799752],[-115.546408,43.800269],[-115.546756,43.800827],[-115.547037,43.801509],[-115.547078,43.802035],[-115.54703,43.802242],[-115.546734,43.80285],[-115.545536,43.803723],[-115.543782,43.804542],[-115.542504,43.804749],[-115.542053,43.805423],[-115.541824,43.805721],[-115.541328,43.806166],[-115.540275,43.806542],[-115.539862,43.806669],[-115.539488,43.806807],[-115.539415,43.806808],[-115.538717,43.807022],[-115.537828,43.807454],[-115.537546,43.808032],[-115.537365,43.808403],[-115.536582,43.809142],[-115.536332,43.809376],[-115.536136,43.809816],[-115.53613,43.810337],[-115.536088,43.810523],[-115.535531,43.811596],[-115.534306,43.811822],[-115.533724,43.812016],[-115.533187,43.812292],[-115.53273,43.813017],[-115.532413,43.81439],[-115.532334,43.814543],[-115.531314,43.815225],[-115.530066,43.815973],[-115.529667,43.816504],[-115.529622,43.816658],[-115.529639,43.817303],[-115.529983,43.817702],[-115.53004,43.817818],[-115.530279,43.818043],[-115.530713,43.818078],[-115.531358,43.818054],[-115.532042,43.81796],[-115.532552,43.817981],[-115.533048,43.817983],[-115.5337,43.818351],[-115.534018,43.819629],[-115.534152,43.820235],[-115.533419,43.822532],[-115.533579,43.823174],[-115.534312,43.823921],[-115.534724,43.824871],[-115.534741,43.825955],[-115.534373,43.826251],[-115.534302,43.826341],[-115.533933,43.826577],[-115.533224,43.826951],[-115.532358,43.828183],[-115.531992,43.829485],[-115.532139,43.829956],[-115.531803,43.831131],[-115.532926,43.831942],[-115.533191,43.832277],[-115.533949,43.83345],[-115.534156,43.833738],[-115.534047,43.834562],[-115.533427,43.834939],[-115.53329,43.834997],[-115.532283,43.834857],[-115.531219,43.835259],[-115.531143,43.835504],[-115.531084,43.835863],[-115.5318,43.836636],[-115.533239,43.837371],[-115.53272,43.838517],[-115.532198,43.839402],[-115.531975,43.840262],[-115.532294,43.840581],[-115.532469,43.840614],[-115.533742,43.840444],[-115.535298,43.840114],[-115.535494,43.840081],[-115.536538,43.840477],[-115.536956,43.841387],[-115.536968,43.842643],[-115.536763,43.843853],[-115.537438,43.845037],[-115.538087,43.845425],[-115.538444,43.84555],[-115.539219,43.845821],[-115.5396,43.846432],[-115.539239,43.847129],[-115.539093,43.84741],[-115.538115,43.847877],[-115.537103,43.847958],[-115.535681,43.847592],[-115.534605,43.847675],[-115.534116,43.847888],[-115.533714,43.848156],[-115.533036,43.848979],[-115.533327,43.849593],[-115.534255,43.849808],[-115.534657,43.849943],[-115.535766,43.850514],[-115.536323,43.851063],[-115.53634,43.852078],[-115.536368,43.852163],[-115.537054,43.852653],[-115.537162,43.852731],[-115.537232,43.853426],[-115.537085,43.854062],[-115.536325,43.854592],[-115.534703,43.855075],[-115.533625,43.855415],[-115.533215,43.855985],[-115.532878,43.857155],[-115.531925,43.857369],[-115.530543,43.857442],[-115.52989,43.857184],[-115.529197,43.856762],[-115.52844,43.857165],[-115.52746,43.857312],[-115.525667,43.857316],[-115.524912,43.857661],[-115.524415,43.858225],[-115.523664,43.858372],[-115.522871,43.858457],[-115.522384,43.859501],[-115.523413,43.859642],[-115.523992,43.859783],[-115.524717,43.86023],[-115.52447,43.861342],[-115.523969,43.861646],[-115.522822,43.861862],[-115.522285,43.862003],[-115.521366,43.862354],[-115.521016,43.862365],[-115.520199,43.862452],[-115.520002,43.862542],[-115.519376,43.862926],[-115.519235,43.863305],[-115.51938,43.864083],[-115.519204,43.864712],[-115.519078,43.865726],[-115.519215,43.867695],[-115.520568,43.8686],[-115.519517,43.869673],[-115.518749,43.870518],[-115.51842,43.871373],[-115.518217,43.872515],[-115.51745,43.87327],[-115.516911,43.873742],[-115.516799,43.874691],[-115.516251,43.875546],[-115.515363,43.875914],[-115.514482,43.877713],[-115.514488,43.878827],[-115.514424,43.879488],[-115.514196,43.88038],[-115.513114,43.881477],[-115.512131,43.882182],[-115.511238,43.882667],[-115.510443,43.882811],[-115.509606,43.882862],[-115.50922,43.883138],[-115.509148,43.883592],[-115.509531,43.884139],[-115.508722,43.884855],[-115.507354,43.885474],[-115.505544,43.886214],[-115.505251,43.886152],[-115.504797,43.88599],[-115.504431,43.88588],[-115.503232,43.885938],[-115.501178,43.887005],[-115.501157,43.887166],[-115.501179,43.887588],[-115.501003,43.888091],[-115.500755,43.888726],[-115.500374,43.889902],[-115.498616,43.889877],[-115.49751,43.890114],[-115.496883,43.890585],[-115.496338,43.891277],[-115.495229,43.891645],[-115.4943,43.891857],[-115.493109,43.892061],[-115.4921,43.891953],[-115.490734,43.892029],[-115.489366,43.892267],[-115.487863,43.89195],[-115.486652,43.891753],[-115.485413,43.892085],[-115.484462,43.892817],[-115.483393,43.893713],[-115.48216,43.893793],[-115.481015,43.893843],[-115.480107,43.893226],[-115.478377,43.893838],[-115.477277,43.893886],[-115.476281,43.893268],[-115.474548,43.893975],[-115.473843,43.894034],[-115.473014,43.893765],[-115.472003,43.893782],[-115.470985,43.894029],[-115.470172,43.894871],[-115.468927,43.895397],[-115.468065,43.896827],[-115.467325,43.897256],[-115.465738,43.898025],[-115.465629,43.898848],[-115.465095,43.899099],[-115.464315,43.899228],[-115.463504,43.899359],[-115.462126,43.89998],[-115.461586,43.900452],[-115.460633,43.901583],[-115.458944,43.902288],[-115.457285,43.90179],[-115.455536,43.901417],[-115.453851,43.901969],[-115.453154,43.901699],[-115.452376,43.901181],[-115.450959,43.901546],[-115.449427,43.901273],[-115.447394,43.901622],[-115.445799,43.902108],[-115.444133,43.90193],[-115.443079,43.901854],[-115.442024,43.901805],[-115.441448,43.901989],[-115.441118,43.902564],[-115.440673,43.903028],[-115.439343,43.903453],[-115.437884,43.903753],[-115.436516,43.903923],[-115.43563,43.904169],[-115.434947,43.905047],[-115.432602,43.905588],[-115.431794,43.906245],[-115.430827,43.906201],[-115.429726,43.906249],[-115.428719,43.906834],[-115.427718,43.907521],[-115.426234,43.908329],[-115.425201,43.909395],[-115.42436,43.909608],[-115.423172,43.909623],[-115.422104,43.910087],[-115.419233,43.910522],[-115.417118,43.910717],[-115.416056,43.910925],[-115.415777,43.911494],[-115.415539,43.912187],[-115.415093,43.912407],[-115.414083,43.91236],[-115.413348,43.911876],[-115.412572,43.911294],[-115.410942,43.911361],[-115.409706,43.911566],[-115.408844,43.911443],[-115.408078,43.911575],[-115.407138,43.912165],[-115.406528,43.91278],[-115.405848,43.912989],[-115.404693,43.913156],[-115.403299,43.913583],[-115.401862,43.913715],[-115.400714,43.913921],[-115.399008,43.914568],[-115.398305,43.915194],[-115.397274,43.915909],[-115.395994,43.916052],[-115.394355,43.916471],[-115.393651,43.916494],[-115.391424,43.915859],[-115.390759,43.916074],[-115.389811,43.916711],[-115.386222,43.918742],[-115.386193,43.920621],[-115.38458,43.920978],[-115.384114,43.921034],[-115.382842,43.920889],[-115.381837,43.921218],[-115.381748,43.922001],[-115.381951,43.922913],[-115.380484,43.923527],[-115.379645,43.923609],[-115.378562,43.923981],[-115.377293,43.922781],[-115.37658,43.922691],[-115.375482,43.923008],[-115.374443,43.924011],[-115.373466,43.924352],[-115.371659,43.923227],[-115.370727,43.923201],[-115.369948,43.92343],[-115.367471,43.924774],[-115.366852,43.924892],[-115.366238,43.924821],[-115.36569,43.924401],[-115.365568,43.9236],[-115.364706,43.922665],[-115.363631,43.921947],[-115.362568,43.922319],[-115.362119,43.922629],[-115.360527,43.923171],[-115.358681,43.923693],[-115.358212,43.92235],[-115.357989,43.920851],[-115.357095,43.919953],[-115.355811,43.919426],[-115.355257,43.919479],[-115.354547,43.919817],[-115.354375,43.920426],[-115.354005,43.921019],[-115.352691,43.921215],[-115.351721,43.921203],[-115.350742,43.92043],[-115.349395,43.919726],[-115.348586,43.920397],[-115.347519,43.920827],[-115.346065,43.920937],[-115.345342,43.92159],[-115.343751,43.921993],[-115.342972,43.921561],[-115.342208,43.921363],[-115.340595,43.921379],[-115.339647,43.921541],[-115.338926,43.920961],[-115.338232,43.920731],[-115.337786,43.921],[-115.337493,43.92194],[-115.337342,43.92297],[-115.33639,43.923974],[-115.335026,43.924467],[-115.333908,43.924667],[-115.33029,43.926056],[-115.32876,43.926287],[-115.327738,43.926581],[-115.326508,43.926564],[-115.325095,43.925727],[-115.323751,43.926012],[-115.323593,43.926801],[-115.323237,43.927094],[-115.32235,43.92733],[-115.320331,43.927141],[-115.31944,43.927129],[-115.318611,43.92723],[-115.318236,43.927564],[-115.318236,43.927966],[-115.319322,43.929051],[-115.317585,43.929616],[-115.317734,43.930313],[-115.317158,43.930601],[-115.316168,43.930922],[-115.315504,43.930888],[-115.315139,43.930308],[-115.314845,43.929761],[-115.314232,43.929362],[-115.314146,43.929339],[-115.313333,43.929328],[-115.312322,43.929289],[-115.311198,43.929431],[-115.310484,43.929395],[-115.309795,43.929434],[-115.308901,43.929601],[-115.307988,43.929534],[-115.307207,43.929685],[-115.306732,43.930009],[-115.306404,43.930436],[-115.306146,43.930877],[-115.305346,43.931146],[-115.303933,43.931222],[-115.3031,43.931103],[-115.303031,43.931111],[-115.30255,43.931315],[-115.302032,43.931672],[-115.301755,43.931732],[-115.299302,43.931817],[-115.298552,43.93337],[-115.296574,43.933962],[-115.29337,43.933628],[-115.289722,43.935034],[-115.287226,43.93552],[-115.286041,43.936376],[-115.285894,43.93747],[-115.28743,43.939118],[-115.285998,43.940171],[-115.282621,43.940964],[-115.280964,43.942298],[-115.279925,43.941594],[-115.27815,43.941917],[-115.277403,43.942992],[-115.277754,43.944282],[-115.277065,43.944859],[-115.277444,43.947086],[-115.278196,43.948446],[-115.276439,43.94924],[-115.276392,43.951713],[-115.277292,43.953307],[-115.276491,43.95495],[-115.27686,43.956336],[-115.275141,43.956657],[-115.275995,43.95829],[-115.275394,43.959731],[-115.275942,43.960692],[-115.273506,43.963612],[-115.271327,43.96637],[-115.271717,43.967202],[-115.268354,43.970219],[-115.2688,43.971492],[-115.267695,43.972612],[-115.268385,43.97356],[-115.266347,43.974716],[-115.266341,43.976183],[-115.264403,43.97703],[-115.263088,43.979044],[-115.264057,43.980164],[-115.262643,43.981414],[-115.262674,43.982102],[-115.260512,43.983348],[-115.258913,43.985474],[-115.257418,43.986435],[-115.255625,43.989589],[-115.254725,43.99218],[-115.251898,43.995724],[-115.246476,43.999183],[-115.24616,44.000142],[-115.244265,44.001131],[-115.241878,44.00187],[-115.242184,44.00284],[-115.241034,44.003173],[-115.240062,44.004317],[-115.234241,44.00682],[-115.234203,44.008431],[-115.233094,44.008928],[-115.232472,44.012291],[-115.232946,44.012701],[-115.232575,44.015191],[-115.230854,44.017411],[-115.229507,44.017952],[-115.228443,44.019641],[-115.22714,44.020592],[-115.226936,44.022238],[-115.224421,44.024532],[-115.223804,44.024469],[-115.22322,44.026861],[-115.221136,44.027921],[-115.219621,44.029301],[-115.219585,44.030491],[-115.218237,44.030702],[-115.21589,44.032599],[-115.215549,44.033449],[-115.216062,44.034879],[-115.214921,44.038905],[-115.213988,44.043229],[-115.212437,44.045776],[-115.211566,44.046209],[-115.211242,44.048025],[-115.210102,44.049555],[-115.209472,44.051417],[-115.209853,44.056278],[-115.207708,44.058329],[-115.207262,44.059858],[-115.205661,44.061619],[-115.202101,44.063082],[-115.199056,44.066537],[-115.197375,44.067852],[-115.197157,44.069548],[-115.197717,44.070791],[-115.199833,44.073001],[-115.201599,44.07412],[-115.202205,44.074624],[-115.202878,44.075432],[-115.203888,44.076344],[-115.204335,44.07747],[-115.204824,44.078146],[-115.206584,44.082245],[-115.207273,44.083298],[-115.209532,44.084756],[-115.211345,44.085464],[-115.212996,44.086595],[-115.212864,44.087093],[-115.213064,44.087633],[-115.214569,44.088698],[-115.214551,44.08927],[-115.214837,44.089665],[-115.216407,44.090187],[-115.217769,44.091403],[-115.218829,44.092006],[-115.220508,44.092597],[-115.221597,44.092885],[-115.222566,44.09298],[-115.223453,44.093294],[-115.224475,44.093962],[-115.226691,44.094457],[-115.227442,44.094217],[-115.228547,44.094291],[-115.229913,44.094472],[-115.232061,44.095407],[-115.232896,44.095842],[-115.233239,44.09664],[-115.232366,44.097014],[-115.230843,44.098201],[-115.230528,44.098766],[-115.229897,44.09833],[-115.228648,44.098243],[-115.227235,44.097826],[-115.225449,44.09787],[-115.224895,44.098147],[-115.224078,44.098049],[-115.222567,44.098071],[-115.221532,44.097844],[-115.220436,44.097514],[-115.21803,44.096988],[-115.217309,44.096492],[-115.216367,44.096477],[-115.215726,44.096357],[-115.213294,44.096465],[-115.211809,44.096371],[-115.210267,44.096527],[-115.208874,44.096275],[-115.207858,44.095842],[-115.206581,44.09547],[-115.204575,44.094576],[-115.203588,44.094419],[-115.202282,44.094416],[-115.20118,44.093702],[-115.200358,44.093012],[-115.199478,44.092599],[-115.198294,44.092409],[-115.195791,44.092456],[-115.195004,44.092399],[-115.193681,44.091948],[-115.19263,44.091208],[-115.192054,44.090378],[-115.190788,44.089698],[-115.189213,44.089592],[-115.188506,44.08978],[-115.185368,44.089892],[-115.184115,44.090787],[-115.183596,44.090937],[-115.182669,44.091748],[-115.182283,44.091858],[-115.182216,44.091232],[-115.181931,44.090533],[-115.180881,44.089555],[-115.17986,44.088895],[-115.178461,44.087785],[-115.1769,44.086816],[-115.173832,44.085122],[-115.17274,44.085068],[-115.172416,44.084311],[-115.172487,44.083633],[-115.17341,44.082613],[-115.173627,44.082007],[-115.173461,44.080968],[-115.172603,44.079847],[-115.172081,44.078802],[-115.171003,44.078718],[-115.170367,44.078419],[-115.169155,44.077543],[-115.168201,44.077956],[-115.166269,44.077923],[-115.165948,44.077066],[-115.165528,44.076235],[-115.164384,44.075854],[-115.164517,44.075255],[-115.164234,44.074783],[-115.164242,44.072964],[-115.163789,44.07228],[-115.163423,44.070591],[-115.163048,44.069907],[-115.162962,44.068735],[-115.16281,44.067971],[-115.162382,44.067361],[-115.162396,44.066928],[-115.160945,44.065761],[-115.159428,44.065164],[-115.159079,44.064344],[-115.157982,44.063857],[-115.156916,44.063054],[-115.155955,44.062113],[-115.156374,44.061364],[-115.156938,44.060796],[-115.1572,44.059903],[-115.157085,44.058663],[-115.156191,44.057679],[-115.156617,44.055116],[-115.156337,44.054577],[-115.154798,44.053049],[-115.153472,44.052705],[-115.152448,44.052153],[-115.152011,44.050287],[-115.151605,44.049033],[-115.150656,44.047658],[-115.151118,44.047133],[-115.151396,44.046168],[-115.151372,44.04535],[-115.151014,44.044549],[-115.150434,44.043717],[-115.149857,44.043109],[-115.149592,44.042129],[-115.149124,44.041164],[-115.14926,44.039989],[-115.14955,44.038633],[-115.149949,44.037921],[-115.150353,44.035997],[-115.15084,44.035403],[-115.151627,44.033755],[-115.151526,44.032448],[-115.150967,44.031334],[-115.150723,44.030673],[-115.150004,44.030509],[-115.149319,44.029846],[-115.14876,44.0282],[-115.148122,44.027251],[-115.146904,44.025013],[-115.146678,44.024364],[-115.146459,44.022198],[-115.146924,44.021191],[-115.146939,44.020335],[-115.146825,44.019583],[-115.146513,44.019135],[-115.146367,44.018398],[-115.145601,44.017562],[-115.145591,44.016968],[-115.145055,44.015758],[-115.14468,44.01376],[-115.14515,44.012982],[-115.146115,44.012213],[-115.146845,44.011007],[-115.147502,44.010086],[-115.148074,44.009707],[-115.147405,44.008944],[-115.145422,44.007413],[-115.144446,44.006967],[-115.143146,44.005803],[-115.143976,44.004603],[-115.145206,44.004261],[-115.145335,44.003874],[-115.145873,44.003881],[-115.147082,44.003401],[-115.147842,44.002842],[-115.148021,44.001881],[-115.147407,44.000904],[-115.146364,43.999425],[-115.145308,43.998769],[-115.144476,43.998067],[-115.142291,43.996684],[-115.141664,43.996202],[-115.141144,43.995233],[-115.140453,43.994441],[-115.139518,43.993556],[-115.138731,43.9934],[-115.138095,43.991605],[-115.13767,43.990954],[-115.137407,43.989879],[-115.13741,43.988164],[-115.1371,43.985443],[-115.137421,43.984661],[-115.136209,43.983859],[-115.135048,43.983668],[-115.134191,43.983243],[-115.132948,43.982919],[-115.131565,43.982029],[-115.129878,43.981892],[-115.128519,43.981367],[-115.127445,43.981134],[-115.12674,43.981107],[-115.126015,43.980726],[-115.123952,43.980225],[-115.12311,43.98025],[-115.122016,43.980407],[-115.119612,43.979765],[-115.119025,43.979538],[-115.116854,43.979026],[-115.116036,43.979039],[-115.115934,43.978547],[-115.116185,43.977026],[-115.115776,43.976662],[-115.115149,43.975455],[-115.11447,43.974927],[-115.11377,43.97484],[-115.113127,43.974508],[-115.112965,43.974004],[-115.112228,43.973851],[-115.112291,43.973421],[-115.111377,43.972585],[-115.11045,43.972056],[-115.109721,43.971466],[-115.10952,43.971004],[-115.108131,43.970944],[-115.107223,43.970984],[-115.106535,43.970828],[-115.10591,43.970248],[-115.105301,43.970733],[-115.104549,43.970858],[-115.104111,43.971466],[-115.10376,43.972315],[-115.103339,43.972829],[-115.102118,43.973711],[-115.101488,43.973765],[-115.100244,43.974152],[-115.099596,43.973861],[-115.099029,43.973135],[-115.098454,43.972967],[-115.097677,43.972983],[-115.095795,43.974041],[-115.093766,43.974047],[-115.093235,43.973643],[-115.092519,43.972809],[-115.091952,43.972957],[-115.090398,43.974163],[-115.090333,43.974633],[-115.090654,43.975297],[-115.090699,43.975728],[-115.090491,43.976199],[-115.089168,43.97669],[-115.088582,43.977087],[-115.088082,43.976895],[-115.087172,43.977131],[-115.086885,43.977046],[-115.086353,43.976484],[-115.085703,43.976454],[-115.08547,43.976593],[-115.085007,43.976049],[-115.084832,43.975222],[-115.084019,43.974351],[-115.082638,43.972685],[-115.082661,43.971969],[-115.08283,43.970876],[-115.083612,43.970094],[-115.084313,43.969817],[-115.08514,43.968725],[-115.085589,43.967088],[-115.085635,43.966209],[-115.087073,43.965541],[-115.088502,43.96417],[-115.089067,43.963502],[-115.091004,43.961745],[-115.09166,43.961329],[-115.092575,43.960563],[-115.092549,43.959844],[-115.092175,43.959159],[-115.092496,43.958414],[-115.092213,43.958055],[-115.090965,43.957546],[-115.090176,43.95701],[-115.08856,43.956205],[-115.08828,43.955662],[-115.087609,43.955011],[-115.086399,43.954167],[-115.086769,43.953425],[-115.085205,43.952857],[-115.084593,43.952863],[-115.083701,43.953481],[-115.082748,43.953893],[-115.082367,43.95342],[-115.080946,43.954284],[-115.079849,43.954469],[-115.077763,43.955097],[-115.076427,43.955109],[-115.075546,43.954808],[-115.075298,43.954308],[-115.074154,43.953493],[-115.074258,43.95227],[-115.074735,43.951637],[-115.07469,43.948416],[-115.074852,43.947543],[-115.075257,43.946904],[-115.076327,43.945925],[-115.075755,43.945271],[-115.074481,43.944036],[-115.073337,43.943588],[-115.072607,43.943213],[-115.070838,43.942862],[-115.069602,43.942844],[-115.068851,43.942476],[-115.068354,43.941677],[-115.067527,43.941275],[-115.067428,43.940416],[-115.066371,43.941824],[-115.066125,43.942499],[-115.06549,43.943094],[-115.064682,43.943618],[-115.063661,43.944604],[-115.063475,43.945151],[-115.062982,43.945699],[-115.062174,43.946183],[-115.060899,43.945873],[-115.057941,43.945949],[-115.056651,43.94616],[-115.055568,43.946214],[-115.055228,43.946655],[-115.05448,43.94801],[-115.054397,43.948359],[-115.053816,43.949091],[-115.053226,43.949481],[-115.052589,43.949699],[-115.050266,43.949801],[-115.049388,43.95004],[-115.048656,43.949742],[-115.047328,43.949506],[-115.045855,43.950692],[-115.044887,43.951744],[-115.043936,43.952644],[-115.04236,43.954705],[-115.040634,43.956185],[-115.039675,43.956628],[-115.039093,43.957013],[-115.038453,43.957675],[-115.037238,43.956885],[-115.03588,43.9562],[-115.034317,43.955719],[-115.033561,43.955278],[-115.031979,43.954528],[-115.031287,43.954019],[-115.029819,43.954028],[-115.028592,43.953721],[-115.027078,43.953594],[-115.025382,43.953528],[-115.024791,43.95327],[-115.02412,43.953199],[-115.022658,43.953687],[-115.021935,43.953694],[-115.019105,43.953411],[-115.018096,43.953127],[-115.016652,43.952836],[-115.015871,43.952535],[-115.014449,43.951745],[-115.013485,43.951386],[-115.012427,43.950473],[-115.011955,43.949823],[-115.01072,43.949763],[-115.009998,43.949874],[-115.008606,43.950873],[-115.00756,43.951108],[-115.006173,43.951148],[-115.005045,43.950845],[-115.004111,43.950684],[-115.003072,43.950703],[-115.001847,43.950363],[-114.999499,43.949568],[-114.998216,43.949473],[-114.997386,43.949178],[-114.996903,43.948808],[-114.995694,43.949156],[-114.994117,43.949161],[-114.990777,43.949723],[-114.987647,43.948664],[-114.986443,43.946953],[-114.983912,43.946037],[-114.978274,43.946799],[-114.976529,43.945],[-114.975026,43.942411],[-114.972006,43.940215],[-114.971351,43.938308],[-114.972515,43.937591],[-114.974288,43.93509],[-114.977478,43.933079],[-114.979486,43.932946],[-114.978312,43.929507],[-114.97914,43.927692],[-114.980962,43.926003],[-114.981054,43.92473],[-114.982542,43.923031],[-114.983755,43.921017],[-114.987236,43.92108],[-114.990559,43.921551],[-114.991938,43.920267],[-114.993423,43.917258],[-114.996687,43.914407],[-114.996301,43.913345],[-114.996418,43.910482],[-114.995821,43.908369],[-114.994421,43.906771],[-114.993217,43.906354],[-114.992351,43.905169],[-114.991214,43.904943],[-114.990874,43.903694],[-114.989373,43.901528],[-114.988515,43.900984],[-114.989189,43.898976],[-114.987808,43.895604],[-114.989555,43.894702],[-114.988682,43.890897],[-114.989224,43.888852],[-114.988376,43.885826],[-114.985515,43.885804],[-114.982901,43.88449],[-114.982081,43.88302],[-114.980679,43.881913],[-114.978275,43.881402],[-114.976805,43.879752],[-114.974074,43.878704],[-114.974815,43.876549],[-114.974465,43.874902],[-114.972907,43.872456],[-114.972837,43.871617],[-114.973887,43.867358],[-114.976053,43.866737],[-114.977377,43.864247],[-114.982115,43.86509],[-114.98464,43.863724],[-114.987181,43.861708],[-114.989451,43.86166],[-114.988842,43.859242],[-114.989258,43.858563],[-114.990953,43.857651],[-114.992593,43.855892],[-114.997392,43.853581],[-115.000501,43.851244],[-115.000697,43.849819],[-114.99909,43.847679],[-114.999911,43.845265],[-115.001099,43.844695],[-115.003372,43.842145],[-115.003726,43.840436],[-115.003045,43.839136],[-115.003341,43.836962],[-115.002876,43.833344],[-115.001959,43.831256],[-115.004164,43.828757],[-115.009547,43.827209],[-115.012498,43.82751],[-115.017051,43.824158],[-115.019756,43.822956],[-115.019256,43.821659],[-115.019426,43.819519],[-115.018701,43.817578],[-115.019075,43.816691],[-115.02183,43.815451],[-115.022703,43.81443],[-115.021934,43.81231],[-115.022446,43.810243],[-115.022178,43.809384],[-115.025326,43.808224],[-115.026848,43.805425],[-115.027015,43.802961],[-115.027844,43.802158],[-115.02804,43.800692],[-115.030047,43.796881],[-115.030508,43.794663],[-115.029465,43.793466],[-115.02971,43.790469],[-115.028801,43.788434],[-115.02941,43.787531],[-115.029346,43.784994],[-115.030565,43.783907],[-115.029946,43.782484],[-115.032866,43.776907],[-115.034279,43.77569],[-115.035999,43.773105],[-115.0359,43.771637],[-115.038188,43.767995],[-115.037907,43.766774],[-115.036263,43.766569],[-115.035232,43.761906],[-115.035393,43.760276],[-115.03705,43.758857],[-115.039008,43.758004],[-115.038958,43.756503],[-115.037849,43.754233],[-115.037709,43.752477],[-115.036568,43.751208],[-115.038581,43.749953],[-115.039219,43.748503],[-115.040833,43.747388],[-115.04234,43.745582],[-115.042029,43.743979],[-115.041169,43.74314],[-115.040391,43.7413],[-115.038272,43.739768],[-115.036069,43.739229],[-115.032156,43.735411],[-115.031376,43.733647],[-115.031475,43.732144],[-115.030102,43.728779],[-115.029529,43.728494],[-115.028851,43.727987],[-115.025391,43.728326],[-115.021169,43.727858],[-115.018149,43.72827],[-115.015343,43.726686],[-115.015799,43.724817],[-115.015461,43.723116],[-115.014321,43.721846],[-115.013983,43.720125],[-115.012474,43.718094],[-115.009699,43.715585],[-115.010006,43.712261],[-115.010872,43.709917],[-115.010878,43.708274],[-115.011598,43.705863],[-115.010971,43.703301],[-115.00995,43.70204],[-115.010106,43.700329],[-115.00884,43.696912],[-115.010213,43.695037],[-115.015745,43.693603],[-115.016307,43.693003],[-115.02065,43.690284],[-115.022122,43.68989],[-115.021791,43.687458],[-115.023223,43.685681],[-115.026628,43.684645],[-115.028741,43.681748],[-115.029095,43.679966],[-115.031256,43.678652],[-115.034387,43.677735],[-115.036089,43.675375],[-115.036263,43.673038],[-115.033645,43.670289],[-115.032911,43.665638],[-115.030074,43.66058],[-115.031232,43.657217],[-115.032972,43.654738],[-115.03391,43.651285],[-115.033653,43.65046],[-115.034691,43.648834],[-115.036922,43.646802],[-115.036269,43.642679],[-115.034744,43.639654],[-115.034812,43.637545],[-115.033852,43.636813],[-115.033132,43.634768],[-115.034268,43.634642],[-115.035139,43.633549],[-115.034301,43.632102],[-115.034233,43.630899],[-115.03534,43.628906],[-115.036058,43.626393],[-115.033472,43.623551],[-115.032499,43.622031],[-115.033616,43.619909],[-115.033834,43.618636],[-115.038772,43.619998],[-115.041165,43.619766],[-115.043649,43.619064],[-115.046914,43.617556],[-115.051559,43.614839],[-115.052935,43.612453],[-115.054084,43.611479],[-115.05689,43.61071],[-115.058404,43.60856],[-115.061345,43.606647],[-115.062218,43.605707],[-115.06304,43.60295],[-115.064505,43.60072],[-115.065392,43.599804],[-115.065499,43.599721],[-115.066457,43.600337],[-115.066834,43.600999],[-115.067382,43.601474],[-115.067455,43.601917],[-115.068161,43.602559],[-115.069557,43.603472],[-115.070624,43.603961],[-115.071551,43.604185],[-115.072753,43.605209],[-115.073511,43.605933],[-115.074873,43.606612],[-115.075706,43.606952],[-115.077034,43.60685],[-115.077914,43.606654],[-115.079708,43.604461],[-115.079944,43.604219],[-115.081099,43.60392],[-115.081787,43.603931],[-115.082417,43.604224],[-115.083089,43.604292],[-115.083097,43.541843],[-115.083082,43.529516],[-115.083297,43.486009],[-115.083227,43.478384],[-115.083183,43.471672],[-115.083263,43.455974],[-115.08331,43.44276],[-115.083264,43.43557],[-115.083295,43.419178],[-115.083297,43.419078],[-115.083415,43.406957],[-115.083449,43.403444],[-115.083496,43.399804],[-115.083492,43.386925],[-115.083496,43.385507],[-115.08359,43.370454],[-115.086574,43.370329],[-115.086639,43.357386],[-115.086637,43.342168],[-115.086653,43.326861],[-115.086469,43.300162],[-115.086532,43.299263],[-115.086474,43.28482],[-115.086495,43.255656],[-115.086523,43.249913],[-115.0864,43.226823],[-115.08623,43.212702],[-115.086155,43.198064],[-115.077927,43.198106],[-115.047248,43.198222],[-115.028348,43.198178],[-115.027953,43.198178],[-115.007218,43.198214],[-114.988092,43.198222],[-114.968033,43.198142],[-114.93043,43.198297],[-114.922111,43.198303],[-114.892413,43.198389],[-114.878236,43.198437],[-114.876084,43.198444],[-114.858696,43.19844],[-114.855335,43.198434],[-114.852175,43.198433],[-114.841922,43.198451],[-114.820878,43.1985],[-114.796551,43.198561],[-114.774241,43.19852],[-114.756878,43.198541],[-114.74283,43.198506],[-114.712676,43.198379],[-114.693793,43.198392],[-114.680825,43.198391],[-114.678772,43.198388],[-114.664416,43.19837],[-114.641214,43.198352],[-114.638927,43.198351],[-114.602412,43.198361],[-114.599453,43.198357],[-114.598522,43.198356],[-114.596462,43.198352],[-114.594605,43.198345],[-114.594572,43.19542],[-114.594532,43.191874],[-114.59452,43.190671],[-114.594377,43.177004],[-114.594224,43.154685],[-114.594321,43.141801],[-114.594348,43.126776],[-114.594542,43.112024],[-114.59456,43.083041],[-114.594442,43.06931],[-114.594343,43.061924],[-114.59428,43.060725],[-114.594381,43.057592],[-114.594413,43.040075],[-114.594438,43.032805],[-114.594411,43.025599],[-114.594409,43.02543],[-114.594408,43.025359],[-114.5948,43.018628],[-114.594695,43.011215],[-114.594629,43.004557],[-114.59464,42.999192],[-114.594636,42.998588],[-114.594634,42.998502],[-114.594632,42.998428],[-114.594504,42.981702],[-114.594491,42.981066],[-114.594386,42.971287],[-114.594348,42.967684],[-114.594498,42.953739],[-114.594501,42.952704],[-114.594434,42.942272],[-114.59442,42.936815],[-114.594423,42.935857],[-114.594458,42.927566],[-114.594423,42.891384],[-114.594357,42.874903],[-114.594362,42.858081],[-114.594375,42.850901],[-114.594954,42.850896],[-114.595177,42.850894],[-114.595338,42.850893],[-114.598689,42.850878],[-114.598803,42.850877],[-114.598962,42.850879],[-114.607874,42.850889],[-114.608069,42.85089],[-114.608235,42.85089],[-114.617401,42.850888],[-114.617285,42.838854],[-114.617282,42.838559],[-114.617153,42.825011],[-114.617126,42.814479],[-114.617114,42.808377],[-114.617072,42.80167],[-114.617069,42.801452],[-114.61703,42.793081],[-114.616978,42.780367],[-114.616873,42.771874],[-114.616827,42.76786],[-114.616809,42.753397],[-114.616785,42.744503],[-114.616872,42.742469],[-114.616899,42.742158],[-114.616924,42.741865],[-114.616811,42.738959],[-114.616808,42.738734],[-114.616774,42.724437],[-114.616754,42.717177],[-114.616758,42.714162],[-114.61675,42.713833],[-114.616652,42.709953],[-114.616648,42.708695],[-114.616737,42.700608],[-114.616714,42.695467],[-114.616675,42.685602],[-114.616724,42.680994],[-114.616649,42.666555],[-114.616666,42.653946],[-114.616495,42.652514],[-114.616468,42.649695],[-114.616487,42.649298],[-114.611275,42.647398],[-114.608947,42.645174],[-114.605347,42.643095],[-114.601678,42.641788],[-114.597305,42.64075],[-114.591624,42.641059],[-114.589221,42.640761],[-114.582989,42.63916],[-114.58168,42.639241],[-114.577743,42.638406],[-114.575403,42.638825],[-114.572458,42.638616],[-114.569406,42.637064],[-114.563898,42.634718],[-114.559574,42.635123],[-114.555318,42.636286],[-114.553033,42.636524],[-114.544016,42.635651],[-114.539344,42.633309],[-114.538229,42.633118],[-114.534197,42.633046],[-114.530291,42.632676],[-114.527995,42.631986],[-114.524179,42.631793],[-114.520482,42.631033],[-114.51667,42.629525],[-114.515054,42.627594],[-114.513573,42.627099],[-114.510153,42.6267],[-114.50977,42.62537],[-114.511772,42.622219],[-114.511288,42.621294],[-114.505011,42.618511],[-114.499595,42.615598],[-114.495235,42.613722],[-114.489597,42.610731],[-114.487813,42.610068],[-114.482257,42.609188],[-114.479616,42.60814],[-114.47194,42.604702],[-114.470806,42.604034],[-114.46878,42.601494],[-114.466903,42.600056],[-114.465709,42.599673],[-114.462659,42.599748],[-114.45802,42.600788],[-114.453372,42.600766],[-114.453228,42.600773],[-114.45086,42.600806],[-114.449803,42.600645],[-114.448034,42.600135],[-114.446468,42.59939],[-114.444541,42.598021],[-114.442994,42.596807],[-114.442144,42.596287],[-114.440807,42.595868],[-114.439882,42.596022],[-114.438164,42.596628],[-114.436832,42.59728],[-114.434322,42.598292],[-114.433046,42.599078],[-114.432371,42.599895],[-114.431849,42.599842],[-114.431424,42.599399],[-114.430374,42.599027],[-114.427104,42.599737],[-114.422597,42.599678],[-114.419766,42.599363],[-114.414665,42.598386],[-114.408827,42.596038],[-114.407102,42.595643],[-114.402536,42.595436],[-114.402142,42.594222],[-114.401242,42.591954],[-114.401187,42.58985],[-114.401491,42.586068],[-114.401361,42.584544],[-114.401359,42.577345],[-114.390407,42.577244],[-114.384451,42.577189],[-114.365048,42.577142],[-114.36493,42.562638],[-114.364886,42.553507],[-114.364858,42.549816],[-114.364892,42.548149],[-114.364836,42.54343],[-114.364834,42.542766],[-114.364809,42.542205],[-114.364802,42.541727],[-114.364821,42.540902],[-114.364814,42.539073],[-114.36479,42.538629],[-114.36482,42.537259],[-114.364826,42.536994],[-114.364832,42.536734],[-114.364825,42.536075],[-114.364799,42.535526],[-114.364796,42.534605],[-114.364787,42.533649],[-114.36477,42.53272],[-114.364752,42.531803],[-114.364765,42.530932],[-114.364748,42.53002],[-114.364762,42.529273],[-114.364766,42.529029],[-114.364782,42.528218],[-114.364755,42.525461],[-114.364731,42.524608],[-114.36473,42.524567],[-114.364729,42.524537],[-114.364716,42.524286],[-114.364717,42.524111],[-114.364717,42.523976],[-114.364708,42.519141],[-114.364613,42.504636],[-114.364379,42.49735],[-114.364319,42.490129],[-114.364261,42.482296],[-114.364259,42.482063],[-114.36424,42.475655],[-114.364165,42.464823],[-114.364128,42.461162],[-114.364125,42.460352],[-114.364077,42.4583],[-114.364012,42.454376],[-114.363943,42.452178],[-114.363921,42.451268],[-114.363845,42.446777],[-114.363538,42.432316],[-114.363308,42.425493],[-114.363295,42.425272],[-114.363098,42.418085],[-114.363402,42.416654],[-114.363417,42.413674],[-114.363655,42.368207],[-114.363757,42.338676],[-114.363845,42.331808],[-114.388936,42.332018],[-114.399175,42.33216],[-114.399045,42.30518],[-114.399035,42.300174],[-114.399255,42.270805],[-114.399636,42.253804],[-114.399287,42.253978],[-114.39895,42.244511],[-114.396798,42.244504],[-114.398881,42.242316],[-114.398086,42.239984],[-114.398025,42.238612],[-114.399749,42.237041],[-114.400451,42.237124],[-114.402728,42.235234],[-114.404006,42.233769],[-114.407225,42.227397],[-114.404816,42.224907],[-114.403208,42.222306],[-114.400994,42.221021],[-114.401564,42.219073],[-114.400296,42.216957],[-114.400333,42.216801],[-114.402644,42.215957],[-114.404564,42.214317],[-114.405393,42.211206],[-114.404817,42.210558],[-114.404619,42.20827],[-114.405542,42.207167],[-114.405336,42.206213],[-114.407346,42.202932],[-114.406793,42.201746],[-114.407074,42.199557],[-114.407857,42.198378],[-114.405703,42.196637],[-114.405454,42.194755],[-114.402252,42.192762],[-114.403235,42.190606],[-114.402607,42.188804],[-114.403082,42.186222],[-114.406441,42.183095],[-114.408655,42.183222],[-114.40892,42.182761],[-114.40926,42.181543],[-114.409548,42.181368],[-114.409615,42.180457],[-114.409932,42.179952],[-114.409984,42.179315],[-114.410383,42.179162],[-114.410479,42.178778],[-114.409823,42.17835],[-114.409299,42.178234],[-114.409402,42.177746],[-114.409263,42.176709],[-114.409056,42.176462],[-114.409492,42.17548],[-114.409669,42.175315],[-114.409906,42.174289],[-114.409515,42.173954],[-114.409176,42.173405],[-114.409286,42.173191],[-114.408999,42.17278],[-114.408579,42.17126],[-114.407834,42.1711],[-114.407429,42.170442],[-114.40675,42.170381],[-114.406139,42.169459],[-114.405445,42.169009],[-114.405726,42.168537],[-114.405697,42.16817],[-114.406125,42.167709],[-114.406641,42.167396],[-114.406516,42.167056],[-114.406539,42.166348],[-114.405809,42.165991],[-114.405669,42.165711],[-114.4059,42.164932],[-114.405088,42.161716],[-114.406136,42.159621],[-114.406682,42.15972],[-114.407177,42.157234],[-114.40675,42.155977],[-114.407495,42.15556],[-114.407327,42.152965],[-114.408486,42.150106],[-114.407301,42.146089],[-114.407428,42.142704],[-114.408284,42.141958],[-114.40872,42.139417],[-114.40718,42.137518],[-114.407077,42.135784],[-114.408789,42.133573],[-114.410029,42.130682],[-114.410084,42.128554],[-114.408632,42.128551],[-114.408629,42.121245],[-114.407718,42.121074],[-114.402482,42.121277],[-114.402523,42.121072],[-114.397311,42.115355],[-114.402012,42.114904],[-114.403824,42.11614],[-114.40487,42.116299],[-114.407252,42.114034],[-114.409987,42.113491],[-114.412676,42.114375],[-114.414644,42.114552],[-114.418159,42.114618],[-114.419383,42.112846],[-114.42228,42.112753],[-114.424086,42.11181],[-114.424197,42.110927],[-114.42657,42.109154],[-114.428272,42.108815],[-114.428066,42.107245],[-114.429017,42.106636],[-114.428531,42.105533],[-114.430735,42.103212],[-114.433152,42.102565],[-114.434102,42.101325],[-114.435488,42.10104],[-114.435016,42.100293],[-114.436667,42.095289],[-114.436601,42.092573],[-114.437964,42.090103],[-114.437515,42.088177],[-114.437766,42.086323],[-114.439195,42.083057],[-114.438296,42.083003],[-114.438068,42.08174],[-114.437177,42.081301],[-114.437434,42.080166],[-114.436565,42.079233],[-114.437162,42.07813],[-114.436912,42.077076],[-114.439696,42.0752],[-114.43981,42.074085],[-114.440897,42.073147],[-114.44139,42.071808],[-114.440602,42.070305],[-114.443098,42.068137],[-114.44159,42.065593],[-114.441964,42.065147],[-114.442053,42.061673],[-114.442958,42.06018],[-114.441913,42.058924],[-114.442266,42.057733],[-114.440241,42.055341],[-114.441036,42.054572],[-114.441566,42.052262],[-114.440845,42.05168],[-114.440661,42.050265],[-114.441309,42.050062],[-114.441537,42.048591],[-114.442604,42.047515],[-114.443303,42.04402],[-114.442604,42.043455],[-114.443046,42.041364],[-114.442538,42.040146],[-114.441566,42.039871],[-114.441757,42.037682],[-114.441168,42.037512],[-114.441713,42.035728],[-114.441441,42.03305],[-114.440778,42.03198],[-114.441308,42.03057],[-114.440572,42.029643],[-114.440866,42.028726],[-114.439652,42.027793],[-114.440535,42.026877],[-114.440498,42.024655],[-114.44108,42.023409],[-114.443287,42.021752],[-114.443287,42.019809],[-114.444288,42.01819],[-114.44339,42.017713],[-114.444376,42.016495],[-114.444273,42.015364],[-114.44311,42.015606],[-114.44155,42.014832],[-114.43908,42.015082],[-114.439513,42.01432],[-114.440821,42.008104],[-114.439866,42.004161],[-114.436973,42.003554],[-114.435603,42.001445],[-114.435397,41.998476],[-114.433534,41.997859],[-114.434364,41.994509],[-114.42734,41.994499],[-114.42065,41.99449],[-114.37886,41.994457],[-114.369427,41.994542],[-114.359435,41.994464],[-114.349749,41.994538],[-114.323748,41.994427],[-114.300401,41.994385],[-114.284504,41.994349],[-114.281799,41.994441],[-114.281855,41.994214],[-114.274121,41.994238],[-114.248444,41.994284],[-114.241471,41.994198],[-114.234654,41.994114],[-114.217721,41.994114],[-114.196906,41.994098],[-114.160877,41.994029],[-114.125851,41.993989],[-114.125851,41.993936],[-114.107728,41.993965],[-114.107528,41.993831],[-114.08585,41.993948],[-114.06191,41.993939],[-114.061895,41.993797],[-114.038987,41.993825],[-113.99493,41.993134],[-113.990091,41.993095]]]]}},{"type":"Feature","properties":{"id":2,"NAME":"2","TotalPop":919591,"PopDevPct":0.00004132,"DemPct":0.31477697,"RepPct":0.55973349,"WhitePct":0.78870487,"MinorityPct":0.21129513,"BlackPct":0.01564567,"HispanicPct":0.12757477,"PacificPct":0.00483765,"AsianPct":0.03126663,"NativePct":0.0296977,"TotalVAP":687730,"Margin":-0.18522303,"color":"#960018","opacity":"0.5"},"geometry":{"type":"MultiPolygon","coordinates":[[[[-115.980277,43.585946],[-115.985403,43.589695],[-115.986008,43.590137],[-115.99474,43.596521],[-115.995122,43.596796],[-115.996633,43.59791],[-116.002306,43.602265],[-116.023165,43.617735],[-116.024877,43.619],[-116.038706,43.629228],[-116.045262,43.634077],[-116.048691,43.636614],[-116.054347,43.64078],[-116.060172,43.645089],[-116.060323,43.645201],[-116.078653,43.658702],[-116.083617,43.662367],[-116.087548,43.665317],[-116.094167,43.670194],[-116.105088,43.678265],[-116.128476,43.695507],[-116.141328,43.705027],[-116.153434,43.713909],[-116.159825,43.718603],[-116.16885,43.725238],[-116.19169,43.74205],[-116.193538,43.743422],[-116.194051,43.7438],[-116.196924,43.745932],[-116.200397,43.748491],[-116.218217,43.761353],[-116.219142,43.761993],[-116.225854,43.766809],[-116.241816,43.778262],[-116.24872,43.783219],[-116.25443,43.787417],[-116.256065,43.788568],[-116.259541,43.791056],[-116.259673,43.791151],[-116.260778,43.79195],[-116.26195,43.79278],[-116.262355,43.793067],[-116.263384,43.793792],[-116.27041,43.798865],[-116.282019,43.807365],[-116.274022,43.80736],[-116.274033,43.812685],[-116.27405,43.836067],[-116.274031,43.838507],[-116.273925,43.850742],[-116.273828,43.870925],[-116.273752,43.879017],[-116.273561,43.889328],[-116.273449,43.897465],[-116.273561,43.910907],[-116.27356,43.91113],[-116.273556,43.91139],[-116.273554,43.912245],[-116.273557,43.912427],[-116.273565,43.947494],[-116.273626,43.979908],[-116.273526,43.996354],[-116.273354,44.010047],[-116.273302,44.034842],[-116.273303,44.037584],[-116.273457,44.052119],[-116.273493,44.065712],[-116.273378,44.080169],[-116.273476,44.084792],[-116.273539,44.092538],[-116.273342,44.109032],[-116.273235,44.124128],[-116.2732,44.137867],[-116.273093,44.14873],[-116.273069,44.151227],[-116.252608,44.151391],[-116.236144,44.151368],[-116.235806,44.151369],[-116.216485,44.151357],[-116.213871,44.151387],[-116.213864,44.158311],[-116.21386,44.159598],[-116.213862,44.167611],[-116.213846,44.174788],[-116.213807,44.178887],[-116.213797,44.18032],[-116.213784,44.180936],[-116.213604,44.194669],[-116.213499,44.211852],[-116.213501,44.212457],[-116.213519,44.225832],[-116.2135,44.227654],[-116.213381,44.237844],[-116.213355,44.240428],[-116.213271,44.246738],[-116.213222,44.250229],[-116.213135,44.261524],[-116.213027,44.28042],[-116.213021,44.281152],[-116.213021,44.281229],[-116.213022,44.281429],[-116.213058,44.295107],[-116.212981,44.300839],[-116.212971,44.310294],[-116.212909,44.319937],[-116.212898,44.322751],[-116.212896,44.323453],[-116.21291,44.324373],[-116.212377,44.324376],[-116.206369,44.324412],[-116.205369,44.324426],[-116.193216,44.324465],[-116.190887,44.324475],[-116.187927,44.324481],[-116.186476,44.324504],[-116.185787,44.324506],[-116.183167,44.324516],[-116.18281,44.324517],[-116.182297,44.324518],[-116.179141,44.324515],[-116.164856,44.32455],[-116.152295,44.324519],[-116.152294,44.339322],[-116.152244,44.352037],[-116.152353,44.362108],[-116.15241,44.372146],[-116.152283,44.380566],[-116.152312,44.386412],[-116.152306,44.396581],[-116.152489,44.40999],[-116.15242,44.419303],[-116.152334,44.432165],[-116.152271,44.453331],[-116.152394,44.455777],[-116.152369,44.475625],[-116.152418,44.498832],[-116.157022,44.498928],[-116.16022,44.498072],[-116.167404,44.499578],[-116.170757,44.49968],[-116.174348,44.500665],[-116.176557,44.500656],[-116.180319,44.499324],[-116.185376,44.494678],[-116.188791,44.49324],[-116.193278,44.493666],[-116.194598,44.495707],[-116.196913,44.498256],[-116.199905,44.500131],[-116.200495,44.503083],[-116.202171,44.50313],[-116.204315,44.502308],[-116.20731,44.503778],[-116.210823,44.504619],[-116.211808,44.507731],[-116.213314,44.510813],[-116.214025,44.509853],[-116.217788,44.508556],[-116.218207,44.506817],[-116.219523,44.500501],[-116.220383,44.497392],[-116.222574,44.494154],[-116.223983,44.493234],[-116.227385,44.492686],[-116.227752,44.491364],[-116.229984,44.489492],[-116.230594,44.487777],[-116.23098,44.484996],[-116.23192,44.483219],[-116.233874,44.481262],[-116.232312,44.478606],[-116.231936,44.476854],[-116.232801,44.475222],[-116.23642,44.469771],[-116.237,44.467313],[-116.23612,44.46595],[-116.236136,44.464713],[-116.238288,44.464212],[-116.24156,44.461982],[-116.243812,44.461464],[-116.244703,44.462003],[-116.244381,44.463751],[-116.245815,44.464689],[-116.249266,44.46461],[-116.252197,44.465056],[-116.254092,44.465702],[-116.255973,44.466296],[-116.258606,44.465922],[-116.262681,44.46455],[-116.26467,44.4643],[-116.268595,44.462692],[-116.270964,44.460422],[-116.272604,44.460273],[-116.280066,44.458403],[-116.282683,44.45685],[-116.284253,44.455515],[-116.286596,44.454985],[-116.288102,44.454231],[-116.288864,44.453043],[-116.290771,44.452189],[-116.291488,44.452712],[-116.294084,44.450388],[-116.295983,44.450147],[-116.2983,44.448198],[-116.299876,44.444576],[-116.307398,44.444444],[-116.319604,44.444491],[-116.331684,44.444464],[-116.336189,44.444496],[-116.340549,44.444402],[-116.358071,44.444502],[-116.367814,44.444439],[-116.379891,44.444517],[-116.407648,44.444436],[-116.412745,44.44637],[-116.427376,44.452105],[-116.428103,44.452386],[-116.453086,44.462116],[-116.454323,44.462592],[-116.469973,44.468645],[-116.497026,44.479203],[-116.503698,44.481753],[-116.51914,44.487781],[-116.528898,44.491545],[-116.528936,44.49519],[-116.528898,44.499844],[-116.528955,44.520401],[-116.528888,44.527828],[-116.528943,44.539999],[-116.528963,44.547563],[-116.529035,44.551087],[-116.529066,44.569227],[-116.529095,44.575277],[-116.529099,44.575818],[-116.529101,44.576129],[-116.52914,44.579775],[-116.529154,44.580694],[-116.529208,44.603889],[-116.529136,44.607796],[-116.529167,44.615154],[-116.534111,44.615201],[-116.554245,44.614825],[-116.575251,44.614791],[-116.583133,44.614985],[-116.594924,44.615276],[-116.603212,44.615192],[-116.598738,44.624315],[-116.598621,44.624524],[-116.598419,44.624937],[-116.598324,44.626777],[-116.598113,44.632496],[-116.599479,44.634434],[-116.598833,44.635342],[-116.599263,44.636862],[-116.60152,44.639427],[-116.6015,44.640058],[-116.603727,44.643443],[-116.604757,44.644021],[-116.606351,44.646386],[-116.608377,44.648501],[-116.609413,44.651357],[-116.613535,44.654561],[-116.613868,44.65511],[-116.619161,44.657637],[-116.621334,44.659442],[-116.624159,44.663257],[-116.624311,44.694817],[-116.624333,44.699433],[-116.624388,44.710954],[-116.624459,44.724154],[-116.624496,44.732106],[-116.624617,44.756479],[-116.624656,44.766738],[-116.624703,44.774353],[-116.624849,44.803249],[-116.624882,44.808772],[-116.624957,44.823663],[-116.625018,44.835667],[-116.625033,44.837588],[-116.625034,44.838952],[-116.628681,44.838984],[-116.644054,44.839084],[-116.649086,44.839121],[-116.654127,44.839171],[-116.672292,44.839277],[-116.718147,44.839577],[-116.721247,44.839602],[-116.807722,44.840106],[-116.833323,44.840255],[-116.84022,44.840292],[-116.892168,44.840544],[-116.894301,44.840547],[-116.897874,44.840539],[-116.898142,44.840536],[-116.899711,44.840609],[-116.900146,44.836672],[-116.900991,44.835882],[-116.905772,44.834793],[-116.920098,44.81508],[-116.921298,44.81288],[-116.922999,44.81098],[-116.928099,44.808381],[-116.929801,44.806582],[-116.932199,44.802781],[-116.933699,44.798781],[-116.933599,44.795681],[-116.932399,44.793281],[-116.9308,44.790981],[-116.930933,44.788596],[-116.931466,44.787369],[-116.9347,44.783881],[-116.9368,44.782881],[-116.9433,44.781681],[-116.9459,44.780181],[-116.949001,44.777981],[-116.957301,44.776881],[-116.961501,44.775681],[-116.966801,44.775181],[-116.968501,44.774781],[-116.971902,44.773381],[-116.973802,44.771681],[-116.975702,44.769181],[-116.978902,44.767481],[-116.983302,44.764381],[-116.990303,44.760082],[-116.995003,44.757782],[-117.000303,44.756082],[-117.006045,44.756024],[-117.011286,44.756822],[-117.014805,44.756603],[-117.016216,44.755572],[-117.017507,44.752897],[-117.02,44.751019],[-117.021618,44.750749],[-117.028071,44.751186],[-117.02942,44.751102],[-117.031655,44.749882],[-117.03827,44.748179],[-117.039549,44.746483],[-117.044217,44.74514],[-117.047821,44.741527],[-117.048178,44.735916],[-117.050227,44.732546],[-117.058302,44.730482],[-117.062273,44.727143],[-117.060454,44.721668],[-117.060971,44.717],[-117.062687,44.711679],[-117.062032,44.70992],[-117.061799,44.706654],[-117.063824,44.703623],[-117.067983,44.701834],[-117.072221,44.700517],[-117.073352,44.697372],[-117.074137,44.696374],[-117.07912,44.692175],[-117.07871,44.690084],[-117.080555,44.686714],[-117.080772,44.684161],[-117.079836,44.682528],[-117.078574,44.680328],[-117.078944,44.677895],[-117.079671,44.676318],[-117.080549,44.674647],[-117.080796,44.673768],[-117.081294,44.673586],[-117.08585,44.671925],[-117.091223,44.668807],[-117.095868,44.664737],[-117.09613,44.659023],[-117.096791,44.657385],[-117.094968,44.652011],[-117.096228,44.649203],[-117.098206,44.647651],[-117.098221,44.640689],[-117.105984,44.629836],[-117.108231,44.62711],[-117.112034,44.625953],[-117.1159,44.623339],[-117.117809,44.620139],[-117.120522,44.614658],[-117.121393,44.611753],[-117.121355,44.609433],[-117.121874,44.606891],[-117.123373,44.604046],[-117.12333,44.601389],[-117.1238,44.597279],[-117.125267,44.593818],[-117.125409,44.59224],[-117.124754,44.583834],[-117.126009,44.581553],[-117.133963,44.57524],[-117.138066,44.572996],[-117.14248,44.57143],[-117.146032,44.568603],[-117.148255,44.564371],[-117.147934,44.562143],[-117.14293,44.557236],[-117.143101,44.554176],[-117.143808,44.550353],[-117.144161,44.545647],[-117.147132,44.53987],[-117.149242,44.536151],[-117.152406,44.531802],[-117.156489,44.528312],[-117.161033,44.525166],[-117.167187,44.523431],[-117.172158,44.523928],[-117.177176,44.522474],[-117.181583,44.52296],[-117.185386,44.519261],[-117.187029,44.515488],[-117.189759,44.513385],[-117.19163,44.509886],[-117.191329,44.506784],[-117.192494,44.503272],[-117.194317,44.499884],[-117.196731,44.496432],[-117.198874,44.494937],[-117.200237,44.492027],[-117.203006,44.48987],[-117.206661,44.487599],[-117.208454,44.485928],[-117.211148,44.485359],[-117.21507,44.486219],[-117.216372,44.48616],[-117.224104,44.483734],[-117.225076,44.482346],[-117.225932,44.479389],[-117.225371,44.475476],[-117.224445,44.473884],[-117.221548,44.470146],[-117.220245,44.465904],[-117.220383,44.463037],[-117.217646,44.460064],[-117.217015,44.459042],[-117.215573,44.453746],[-117.214741,44.44923],[-117.214936,44.446564],[-117.21632,44.443935],[-117.216562,44.442276],[-117.215445,44.439951],[-117.215282,44.437978],[-117.215936,44.435198],[-117.215194,44.430698],[-117.215729,44.42919],[-117.215072,44.427162],[-117.216429,44.423755],[-117.219291,44.419236],[-117.222974,44.416457],[-117.222813,44.414247],[-117.22482,44.411234],[-117.225461,44.407729],[-117.227259,44.405236],[-117.231479,44.402423],[-117.233077,44.4008],[-117.237257,44.398476],[-117.242675,44.396548],[-117.242564,44.39348],[-117.243027,44.390974],[-117.23783,44.382386],[-117.237376,44.380728],[-117.235572,44.377253],[-117.235117,44.373853],[-117.233004,44.371965],[-117.229938,44.369742],[-117.227938,44.367975],[-117.225359,44.366341],[-117.222238,44.364999],[-117.220614,44.363629],[-117.216911,44.360163],[-117.214118,44.358808],[-117.210587,44.357703],[-117.206962,44.355206],[-117.204793,44.35302],[-117.204139,44.351549],[-117.202666,44.349813],[-117.197339,44.347406],[-117.196149,44.346362],[-117.192083,44.339213],[-117.190603,44.338306],[-117.189769,44.336585],[-117.189842,44.335007],[-117.191388,44.332237],[-117.191335,44.330128],[-117.192203,44.32863],[-117.195767,44.327119],[-117.196625,44.32608],[-117.196797,44.324196],[-117.19964,44.321423],[-117.200686,44.316899],[-117.202494,44.315729],[-117.202856,44.313757],[-117.204082,44.312451],[-117.2055,44.311789],[-117.211545,44.309991],[-117.21521,44.309116],[-117.217843,44.30718],[-117.218835,44.303613],[-117.219889,44.301567],[-117.221973,44.299559],[-117.22274,44.298326],[-117.221801,44.295769],[-117.217626,44.289056],[-117.216974,44.288357],[-117.213546,44.286535],[-117.208604,44.28355],[-117.206217,44.281229],[-117.204696,44.279298],[-117.200389,44.275442],[-117.198147,44.273828],[-117.193135,44.270966],[-117.188637,44.268772],[-117.184309,44.267146],[-117.177596,44.263522],[-117.172226,44.259719],[-117.170341,44.258889],[-117.165791,44.258475],[-117.161044,44.257758],[-117.157053,44.257493],[-117.151573,44.258084],[-117.146218,44.258027],[-117.141264,44.258515],[-117.13849,44.25938],[-117.136767,44.260391],[-117.134666,44.26217],[-117.133107,44.264216],[-117.132515,44.267083],[-117.130866,44.269492],[-117.127276,44.272619],[-117.121038,44.277586],[-117.119861,44.278272],[-117.113948,44.280187],[-117.111616,44.280666],[-117.107685,44.280766],[-117.104207,44.279942],[-117.102243,44.278799],[-117.098531,44.275533],[-117.094569,44.270976],[-117.093574,44.269374],[-117.092308,44.26547],[-117.091819,44.262885],[-117.090933,44.260311],[-117.089503,44.258234],[-117.088171,44.257096],[-117.07835,44.249885],[-117.074173,44.247713],[-117.069467,44.245391],[-117.067284,44.24401],[-117.063327,44.239951],[-117.060405,44.238144],[-117.058635,44.236328],[-117.057464,44.232434],[-117.05651,44.230874],[-117.054093,44.229469],[-117.051431,44.228748],[-117.048448,44.229073],[-117.046148,44.230669],[-117.044769,44.234146],[-117.043404,44.238622],[-117.043018,44.241229],[-117.042283,44.242775],[-117.03585,44.246805],[-117.031862,44.248635],[-117.027558,44.248881],[-117.025277,44.248505],[-117.02023,44.246063],[-117.016917,44.24539],[-117.011354,44.2459],[-117.007987,44.246417],[-117.003924,44.246233],[-117.00098,44.245381],[-116.988001,44.245479],[-116.986133,44.245354],[-116.981807,44.244342],[-116.975985,44.242875],[-116.973542,44.23998],[-116.972655,44.238106],[-116.971987,44.234655],[-116.974322,44.228606],[-116.973945,44.225932],[-116.972885,44.223916],[-116.970365,44.221221],[-116.970219,44.217493],[-116.9726,44.2132],[-116.973522,44.209973],[-116.973701,44.208017],[-116.972073,44.197998],[-116.970587,44.196287],[-116.967259,44.194581],[-116.961641,44.19344],[-116.947591,44.191264],[-116.945256,44.191677],[-116.942121,44.193255],[-116.940534,44.19371],[-116.935443,44.193962],[-116.926071,44.191771],[-116.924636,44.191043],[-116.924028,44.18844],[-116.922952,44.187358],[-116.914871,44.18269],[-116.910049,44.181268],[-116.907116,44.180849],[-116.903607,44.179985],[-116.900103,44.176851],[-116.895757,44.171267],[-116.894925,44.166462],[-116.894202,44.162317],[-116.894309,44.158114],[-116.895931,44.154295],[-116.89779,44.15259],[-116.900834,44.150099],[-116.901737,44.14862],[-116.901922,44.145931],[-116.903327,44.144422],[-116.908451,44.141852],[-116.911218,44.139992],[-116.912562,44.135785],[-116.913239,44.132929],[-116.913213,44.130215],[-116.914236,44.127304],[-116.916258,44.125283],[-116.917973,44.123846],[-116.925642,44.118929],[-116.926987,44.116704],[-116.928562,44.115159],[-116.929525,44.113059],[-116.927687,44.109438],[-116.928305,44.107327],[-116.931717,44.102477],[-116.933701,44.100043],[-116.935974,44.098126],[-116.940196,44.095471],[-116.94173,44.094605],[-116.944811,44.093574],[-116.95383,44.092355],[-116.957009,44.091743],[-116.960638,44.091228],[-116.967203,44.090936],[-116.969077,44.090407],[-116.974253,44.088295],[-116.977085,44.08582],[-116.977407,44.084865],[-116.975956,44.0829],[-116.976204,44.080792],[-116.975879,44.074812],[-116.974927,44.072973],[-116.975503,44.069129],[-116.975255,44.063657],[-116.973774,44.060056],[-116.973292,44.058166],[-116.974016,44.053663],[-116.973185,44.049425],[-116.972504,44.048771],[-116.967722,44.047169],[-116.959001,44.045254],[-116.956306,44.043694],[-116.955824,44.042347],[-116.955131,44.041458],[-116.951737,44.039601],[-116.946089,44.036713],[-116.943361,44.035645],[-116.939608,44.032116],[-116.937342,44.029376],[-116.935335,44.025083],[-116.9353,44.024994],[-116.935243,44.024854],[-116.934728,44.023798],[-116.934499,44.021218],[-116.935321,44.018],[-116.936749,44.014839],[-116.93649,44.01174],[-116.93761,44.009494],[-116.94105,44.006927],[-116.941355,44.006712],[-116.944882,44.003593],[-116.94494,44.002779],[-116.942951,43.999885],[-116.941243,43.998646],[-116.940257,43.996872],[-116.938546,43.994837],[-116.935847,43.990875],[-116.935301,43.988616],[-116.936327,43.98655],[-116.938516,43.985032],[-116.940024,43.984445],[-116.942757,43.984043],[-116.94571,43.984454],[-116.949036,43.984404],[-116.951406,43.983221],[-116.954043,43.983551],[-116.958585,43.983425],[-116.960832,43.982823],[-116.962911,43.981783],[-116.965511,43.978178],[-116.967365,43.977047],[-116.968743,43.977477],[-116.972925,43.977522],[-116.974689,43.976618],[-116.976045,43.975058],[-116.976,43.97377],[-116.973959,43.971792],[-116.97205,43.971197],[-116.971399,43.970394],[-116.97088,43.968302],[-116.966314,43.968884],[-116.964414,43.968812],[-116.961683,43.968168],[-116.960133,43.967252],[-116.959206,43.96636],[-116.959206,43.964619],[-116.960478,43.963413],[-116.966305,43.961472],[-116.97049,43.959764],[-116.972431,43.957987],[-116.971574,43.956964],[-116.961264,43.956],[-116.960415,43.954564],[-116.962041,43.951479],[-116.96254,43.946993],[-116.964755,43.943905],[-116.968214,43.941881],[-116.969139,43.938865],[-116.968577,43.936051],[-116.967641,43.934792],[-116.965763,43.933837],[-116.961806,43.932797],[-116.960403,43.931589],[-116.959151,43.928738],[-116.960152,43.925537],[-116.961035,43.921652],[-116.961535,43.918388],[-116.962615,43.91748],[-116.96461,43.916954],[-116.970052,43.916456],[-116.974386,43.916391],[-116.980544,43.91483],[-116.981145,43.913693],[-116.980537,43.911322],[-116.979113,43.909694],[-116.977354,43.905816],[-116.976441,43.901295],[-116.976635,43.898032],[-116.976114,43.894759],[-116.979517,43.888843],[-116.980875,43.885659],[-116.983513,43.881844],[-116.983827,43.880046],[-116.983879,43.876943],[-116.982482,43.872799],[-116.982347,43.86884],[-116.984152,43.866794],[-116.988104,43.865432],[-116.989598,43.864301],[-116.991415,43.863864],[-116.994334,43.864079],[-116.997391,43.864874],[-117.000991,43.863967],[-117.007189,43.863641],[-117.008742,43.86294],[-117.011523,43.86245],[-117.019337,43.859418],[-117.020925,43.857814],[-117.021721,43.856182],[-117.020116,43.853958],[-117.017902,43.852905],[-117.014828,43.852172],[-117.012652,43.851295],[-117.010701,43.849754],[-117.010119,43.84745],[-117.010383,43.844803],[-117.011582,43.841045],[-117.012831,43.840001],[-117.014612,43.839642],[-117.016826,43.839962],[-117.020794,43.841325],[-117.023201,43.841892],[-117.025156,43.841334],[-117.027563,43.839465],[-117.029518,43.837474],[-117.031887,43.834156],[-117.032094,43.833275],[-117.031341,43.831941],[-117.032578,43.830181],[-117.032289,43.828767],[-117.028765,43.826659],[-117.025894,43.825394],[-117.023577,43.823811],[-117.022224,43.82214],[-117.02155,43.819402],[-117.021885,43.817261],[-117.022076,43.815856],[-117.023049,43.813842],[-117.025205,43.811284],[-117.026634,43.80811],[-117.026639,43.806914],[-117.026556,43.806308],[-117.026563,43.803449],[-117.026576,43.798594],[-117.026589,43.789967],[-117.026549,43.778569],[-117.026537,43.774117],[-117.026529,43.770528],[-117.026419,43.762311],[-117.026408,43.761208],[-117.026397,43.760324],[-117.026515,43.758707],[-117.02638,43.749883],[-117.026677,43.745635],[-117.026662,43.736712],[-117.02677,43.733959],[-117.026739,43.725172],[-117.026776,43.710299],[-117.026739,43.693707],[-117.026757,43.683418],[-117.026586,43.683213],[-117.02659,43.682384],[-117.026538,43.680802],[-117.026568,43.679915],[-117.026733,43.675858],[-117.026808,43.650005],[-117.026845,43.646692],[-117.026902,43.6408],[-117.026797,43.633509],[-117.026772,43.632099],[-117.02682,43.624595],[-117.02673,43.610862],[-117.026844,43.599335],[-117.026753,43.588547],[-117.026711,43.578603],[-117.026683,43.577923],[-117.026658,43.577887],[-117.026688,43.577277],[-117.02671,43.576322],[-117.02666,43.575075],[-117.026622,43.573709],[-117.026902,43.560189],[-117.027003,43.545738],[-117.026871,43.522994],[-117.026715,43.516281],[-117.026631,43.500187],[-117.026692,43.49577],[-117.026733,43.484177],[-117.026664,43.440601],[-117.026688,43.439806],[-117.026661,43.372094],[-117.026798,43.335278],[-117.026759,43.315292],[-117.026672,43.286215],[-117.026665,43.275792],[-117.026668,43.250773],[-117.026722,43.241962],[-117.026687,43.226875],[-117.026643,43.198987],[-117.026744,43.188144],[-117.026819,43.166409],[-117.026872,43.154238],[-117.026845,43.148203],[-117.026833,43.145991],[-117.026744,43.137842],[-117.02685,43.127102],[-117.026702,43.124953],[-117.026852,43.118413],[-117.026767,43.096515],[-117.026592,43.076211],[-117.0267,43.027808],[-117.026612,43.021034],[-117.026417,42.995915],[-117.02628,42.972125],[-117.026378,42.961066],[-117.026376,42.957425],[-117.026414,42.954424],[-117.026406,42.91462],[-117.026534,42.904722],[-117.026293,42.869514],[-117.026277,42.857704],[-117.026272,42.855368],[-117.026231,42.831194],[-117.026333,42.802088],[-117.026351,42.785591],[-117.026393,42.766816],[-117.026508,42.742493],[-117.026524,42.717025],[-117.026577,42.682395],[-117.026646,42.636048],[-117.026665,42.624878],[-117.026561,42.609506],[-117.026452,42.577075],[-117.026451,42.567051],[-117.026451,42.566967],[-117.026452,42.564409],[-117.026462,42.552223],[-117.026458,42.53075],[-117.026455,42.517339],[-117.026458,42.500424],[-117.026554,42.499879],[-117.026597,42.490227],[-117.026468,42.463691],[-117.02643,42.442925],[-117.026426,42.430667],[-117.026421,42.415193],[-117.026483,42.392939],[-117.026536,42.375706],[-117.026129,42.357192],[-117.026113,42.33026],[-117.02611,42.324705],[-117.02611,42.324407],[-117.026377,42.308474],[-117.026361,42.27837],[-117.026301,42.267011],[-117.026217,42.234623],[-117.026165,42.199039],[-117.02631,42.190842],[-117.0262,42.166401],[-117.026443,42.138615],[-117.026595,42.132997],[-117.026579,42.124888],[-117.026097,42.117647],[-117.026171,42.093407],[-117.026341,42.061902],[-117.026279,42.051046],[-117.026236,42.018168],[-117.026251,42.006813],[-117.0262,42.000195],[-117.008908,41.998756],[-116.988742,41.998782],[-116.959213,41.998831],[-116.944675,41.998715],[-116.932562,41.998896],[-116.901095,41.998851],[-116.891632,41.998796],[-116.88139,41.998822],[-116.862274,41.998712],[-116.79965,41.998423],[-116.759685,41.998201],[-116.733721,41.998058],[-116.726271,41.998007],[-116.709505,41.997954],[-116.7093,41.997953],[-116.697532,41.997864],[-116.647082,41.997782],[-116.635231,41.997676],[-116.625692,41.997588],[-116.608077,41.997623],[-116.606257,41.997555],[-116.600831,41.997599],[-116.586948,41.997531],[-116.576393,41.997413],[-116.523951,41.997292],[-116.510517,41.997276],[-116.503885,41.99729],[-116.498188,41.997443],[-116.484389,41.99721],[-116.471093,41.997095],[-116.467134,41.996991],[-116.449145,41.996805],[-116.438793,41.996645],[-116.424705,41.996746],[-116.414038,41.996738],[-116.397503,41.996447],[-116.378176,41.996472],[-116.377923,41.996324],[-116.368477,41.99628],[-116.352973,41.996874],[-116.339276,41.997237],[-116.335028,41.997267],[-116.317339,41.997147],[-116.314496,41.997069],[-116.302417,41.997238],[-116.27247,41.997391],[-116.25764,41.997361],[-116.243962,41.997651],[-116.225462,41.997669],[-116.206229,41.997684],[-116.201028,41.997683],[-116.191003,41.997698],[-116.174799,41.997687],[-116.160833,41.997508],[-116.146857,41.997667],[-116.146665,41.997667],[-116.137904,41.99766],[-116.133287,41.997656],[-116.117621,41.99762],[-116.084526,41.997499],[-116.072666,41.997501],[-116.066625,41.9975],[-116.062577,41.997262],[-116.047136,41.996344],[-116.037949,41.996348],[-116.031551,41.996362],[-116.012649,41.996416],[-115.995767,41.99653],[-115.986799,41.996523],[-115.965867,41.996385],[-115.950455,41.996418],[-115.94639,41.996553],[-115.926375,41.996705],[-115.912457,41.996971],[-115.909272,41.997119],[-115.890261,41.997172],[-115.871325,41.997038],[-115.849128,41.996788],[-115.84278,41.996779],[-115.829846,41.996909],[-115.80345,41.996923],[-115.784535,41.996893],[-115.769353,41.996964],[-115.755324,41.996931],[-115.748045,41.996797],[-115.733245,41.996859],[-115.717986,41.996917],[-115.711034,41.996882],[-115.701886,41.996908],[-115.689393,41.99681],[-115.672752,41.996917],[-115.653264,41.99692],[-115.649963,41.996921],[-115.649599,41.996921],[-115.649188,41.996921],[-115.59172,41.996915],[-115.586629,41.996884],[-115.576911,41.996877],[-115.569975,41.9969],[-115.551052,41.996856],[-115.526752,41.99687],[-115.504598,41.996936],[-115.492117,41.996808],[-115.46124,41.99671],[-115.455023,41.99674],[-115.437211,41.99663],[-115.424982,41.996604],[-115.411906,41.99652],[-115.396785,41.996513],[-115.371033,41.996411],[-115.365369,41.99638],[-115.343822,41.996306],[-115.318498,41.996424],[-115.296745,41.996331],[-115.289279,41.996335],[-115.274473,41.996345],[-115.254908,41.996271],[-115.241813,41.996323],[-115.219421,41.996371],[-115.202067,41.9963],[-115.196829,41.996291],[-115.160351,41.996224],[-115.149424,41.996237],[-115.147743,41.996246],[-115.143376,41.996265],[-115.117677,41.996129],[-115.100418,41.996141],[-115.069421,41.996137],[-115.055721,41.99621],[-115.048376,41.996293],[-115.038157,41.996279],[-115.033002,41.996245],[-115.013765,41.9966],[-115.003053,41.996976],[-115.000052,41.99721],[-114.993499,41.997565],[-114.978955,41.997473],[-114.972414,41.997518],[-114.954842,41.998166],[-114.936234,41.999042],[-114.930444,41.999197],[-114.914384,41.999619],[-114.898513,41.999923],[-114.891964,42.000141],[-114.875618,42.000784],[-114.862441,42.001414],[-114.85625,42.001702],[-114.823491,42.001842],[-114.816425,42.001791],[-114.807563,42.001434],[-114.797116,42.001018],[-114.792441,42.000829],[-114.768463,41.999993],[-114.750943,41.999425],[-114.72104,41.998394],[-114.701749,41.99763],[-114.682694,41.997082],[-114.669336,41.996854],[-114.652795,41.996544],[-114.640258,41.996248],[-114.620836,41.995523],[-114.612139,41.995076],[-114.603156,41.994697],[-114.598281,41.994594],[-114.586156,41.994537],[-114.56869,41.994377],[-114.562125,41.99439],[-114.54886,41.994238],[-114.537142,41.994361],[-114.526836,41.994486],[-114.501807,41.99463],[-114.489677,41.994633],[-114.482517,41.994538],[-114.434364,41.994509],[-114.433534,41.997859],[-114.435397,41.998476],[-114.435603,42.001445],[-114.436973,42.003554],[-114.439866,42.004161],[-114.440821,42.008104],[-114.439513,42.01432],[-114.43908,42.015082],[-114.44155,42.014832],[-114.44311,42.015606],[-114.444273,42.015364],[-114.444376,42.016495],[-114.44339,42.017713],[-114.444288,42.01819],[-114.443287,42.019809],[-114.443287,42.021752],[-114.44108,42.023409],[-114.440498,42.024655],[-114.440535,42.026877],[-114.439652,42.027793],[-114.440866,42.028726],[-114.440572,42.029643],[-114.441308,42.03057],[-114.440778,42.03198],[-114.441441,42.03305],[-114.441713,42.035728],[-114.441168,42.037512],[-114.441757,42.037682],[-114.441566,42.039871],[-114.442538,42.040146],[-114.443046,42.041364],[-114.442604,42.043455],[-114.443303,42.04402],[-114.442604,42.047515],[-114.441537,42.048591],[-114.441309,42.050062],[-114.440661,42.050265],[-114.440845,42.05168],[-114.441566,42.052262],[-114.441036,42.054572],[-114.440241,42.055341],[-114.442266,42.057733],[-114.441913,42.058924],[-114.442958,42.06018],[-114.442053,42.061673],[-114.441964,42.065147],[-114.44159,42.065593],[-114.443098,42.068137],[-114.440602,42.070305],[-114.44139,42.071808],[-114.440897,42.073147],[-114.43981,42.074085],[-114.439696,42.0752],[-114.436912,42.077076],[-114.437162,42.07813],[-114.436565,42.079233],[-114.437434,42.080166],[-114.437177,42.081301],[-114.438068,42.08174],[-114.438296,42.083003],[-114.439195,42.083057],[-114.437766,42.086323],[-114.437515,42.088177],[-114.437964,42.090103],[-114.436601,42.092573],[-114.436667,42.095289],[-114.435016,42.100293],[-114.435488,42.10104],[-114.434102,42.101325],[-114.433152,42.102565],[-114.430735,42.103212],[-114.428531,42.105533],[-114.429017,42.106636],[-114.428066,42.107245],[-114.428272,42.108815],[-114.42657,42.109154],[-114.424197,42.110927],[-114.424086,42.11181],[-114.42228,42.112753],[-114.419383,42.112846],[-114.418159,42.114618],[-114.414644,42.114552],[-114.412676,42.114375],[-114.409987,42.113491],[-114.407252,42.114034],[-114.40487,42.116299],[-114.403824,42.11614],[-114.402012,42.114904],[-114.397311,42.115355],[-114.402523,42.121072],[-114.402482,42.121277],[-114.407718,42.121074],[-114.408629,42.121245],[-114.408632,42.128551],[-114.410084,42.128554],[-114.410029,42.130682],[-114.408789,42.133573],[-114.407077,42.135784],[-114.40718,42.137518],[-114.40872,42.139417],[-114.408284,42.141958],[-114.407428,42.142704],[-114.407301,42.146089],[-114.408486,42.150106],[-114.407327,42.152965],[-114.407495,42.15556],[-114.40675,42.155977],[-114.407177,42.157234],[-114.406682,42.15972],[-114.406136,42.159621],[-114.405088,42.161716],[-114.4059,42.164932],[-114.405669,42.165711],[-114.405809,42.165991],[-114.406539,42.166348],[-114.406516,42.167056],[-114.406641,42.167396],[-114.406125,42.167709],[-114.405697,42.16817],[-114.405726,42.168537],[-114.405445,42.169009],[-114.406139,42.169459],[-114.40675,42.170381],[-114.407429,42.170442],[-114.407834,42.1711],[-114.408579,42.17126],[-114.408999,42.17278],[-114.409286,42.173191],[-114.409176,42.173405],[-114.409515,42.173954],[-114.409906,42.174289],[-114.409669,42.175315],[-114.409492,42.17548],[-114.409056,42.176462],[-114.409263,42.176709],[-114.409402,42.177746],[-114.409299,42.178234],[-114.409823,42.17835],[-114.410479,42.178778],[-114.410383,42.179162],[-114.409984,42.179315],[-114.409932,42.179952],[-114.409615,42.180457],[-114.409548,42.181368],[-114.40926,42.181543],[-114.40892,42.182761],[-114.408655,42.183222],[-114.406441,42.183095],[-114.403082,42.186222],[-114.402607,42.188804],[-114.403235,42.190606],[-114.402252,42.192762],[-114.405454,42.194755],[-114.405703,42.196637],[-114.407857,42.198378],[-114.407074,42.199557],[-114.406793,42.201746],[-114.407346,42.202932],[-114.405336,42.206213],[-114.405542,42.207167],[-114.404619,42.20827],[-114.404817,42.210558],[-114.405393,42.211206],[-114.404564,42.214317],[-114.402644,42.215957],[-114.400333,42.216801],[-114.400296,42.216957],[-114.401564,42.219073],[-114.400994,42.221021],[-114.403208,42.222306],[-114.404816,42.224907],[-114.407225,42.227397],[-114.404006,42.233769],[-114.402728,42.235234],[-114.400451,42.237124],[-114.399749,42.237041],[-114.398025,42.238612],[-114.398086,42.239984],[-114.398881,42.242316],[-114.396798,42.244504],[-114.39895,42.244511],[-114.399287,42.253978],[-114.399636,42.253804],[-114.399255,42.270805],[-114.399035,42.300174],[-114.399045,42.30518],[-114.399175,42.33216],[-114.388936,42.332018],[-114.363845,42.331808],[-114.363757,42.338676],[-114.363655,42.368207],[-114.363417,42.413674],[-114.363402,42.416654],[-114.363098,42.418085],[-114.363295,42.425272],[-114.363308,42.425493],[-114.363538,42.432316],[-114.363845,42.446777],[-114.363921,42.451268],[-114.363943,42.452178],[-114.364012,42.454376],[-114.364077,42.4583],[-114.364125,42.460352],[-114.364128,42.461162],[-114.364165,42.464823],[-114.36424,42.475655],[-114.364259,42.482063],[-114.364261,42.482296],[-114.364319,42.490129],[-114.364379,42.49735],[-114.364613,42.504636],[-114.364708,42.519141],[-114.364717,42.523976],[-114.364717,42.524111],[-114.364716,42.524286],[-114.364729,42.524537],[-114.36473,42.524567],[-114.364731,42.524608],[-114.364755,42.525461],[-114.364782,42.528218],[-114.364766,42.529029],[-114.364762,42.529273],[-114.364748,42.53002],[-114.364765,42.530932],[-114.364752,42.531803],[-114.36477,42.53272],[-114.364787,42.533649],[-114.364796,42.534605],[-114.364799,42.535526],[-114.364825,42.536075],[-114.364832,42.536734],[-114.364826,42.536994],[-114.36482,42.537259],[-114.36479,42.538629],[-114.364814,42.539073],[-114.364821,42.540902],[-114.364802,42.541727],[-114.364809,42.542205],[-114.364834,42.542766],[-114.364836,42.54343],[-114.364892,42.548149],[-114.364858,42.549816],[-114.364886,42.553507],[-114.36493,42.562638],[-114.365048,42.577142],[-114.384451,42.577189],[-114.390407,42.577244],[-114.401359,42.577345],[-114.401361,42.584544],[-114.401491,42.586068],[-114.401187,42.58985],[-114.401242,42.591954],[-114.402142,42.594222],[-114.402536,42.595436],[-114.407102,42.595643],[-114.408827,42.596038],[-114.414665,42.598386],[-114.419766,42.599363],[-114.422597,42.599678],[-114.427104,42.599737],[-114.430374,42.599027],[-114.431424,42.599399],[-114.431849,42.599842],[-114.432371,42.599895],[-114.433046,42.599078],[-114.434322,42.598292],[-114.436832,42.59728],[-114.438164,42.596628],[-114.439882,42.596022],[-114.440807,42.595868],[-114.442144,42.596287],[-114.442994,42.596807],[-114.444541,42.598021],[-114.446468,42.59939],[-114.448034,42.600135],[-114.449803,42.600645],[-114.45086,42.600806],[-114.453228,42.600773],[-114.453372,42.600766],[-114.45802,42.600788],[-114.462659,42.599748],[-114.465709,42.599673],[-114.466903,42.600056],[-114.46878,42.601494],[-114.470806,42.604034],[-114.47194,42.604702],[-114.479616,42.60814],[-114.482257,42.609188],[-114.487813,42.610068],[-114.489597,42.610731],[-114.495235,42.613722],[-114.499595,42.615598],[-114.505011,42.618511],[-114.511288,42.621294],[-114.511772,42.622219],[-114.50977,42.62537],[-114.510153,42.6267],[-114.513573,42.627099],[-114.515054,42.627594],[-114.51667,42.629525],[-114.520482,42.631033],[-114.524179,42.631793],[-114.527995,42.631986],[-114.530291,42.632676],[-114.534197,42.633046],[-114.538229,42.633118],[-114.539344,42.633309],[-114.544016,42.635651],[-114.553033,42.636524],[-114.555318,42.636286],[-114.559574,42.635123],[-114.563898,42.634718],[-114.569406,42.637064],[-114.572458,42.638616],[-114.575403,42.638825],[-114.577743,42.638406],[-114.58168,42.639241],[-114.582989,42.63916],[-114.589221,42.640761],[-114.591624,42.641059],[-114.597305,42.64075],[-114.601678,42.641788],[-114.605347,42.643095],[-114.608947,42.645174],[-114.611275,42.647398],[-114.616487,42.649298],[-114.616468,42.649695],[-114.616495,42.652514],[-114.616666,42.653946],[-114.616649,42.666555],[-114.616724,42.680994],[-114.616675,42.685602],[-114.616714,42.695467],[-114.616737,42.700608],[-114.616648,42.708695],[-114.616652,42.709953],[-114.61675,42.713833],[-114.616758,42.714162],[-114.616754,42.717177],[-114.616774,42.724437],[-114.616808,42.738734],[-114.616811,42.738959],[-114.616924,42.741865],[-114.616899,42.742158],[-114.616872,42.742469],[-114.616785,42.744503],[-114.616809,42.753397],[-114.616827,42.76786],[-114.616873,42.771874],[-114.616978,42.780367],[-114.61703,42.793081],[-114.617069,42.801452],[-114.617072,42.80167],[-114.617114,42.808377],[-114.617126,42.814479],[-114.617153,42.825011],[-114.617282,42.838559],[-114.617285,42.838854],[-114.617401,42.850888],[-114.608235,42.85089],[-114.608069,42.85089],[-114.607874,42.850889],[-114.598962,42.850879],[-114.598803,42.850877],[-114.598689,42.850878],[-114.595338,42.850893],[-114.595177,42.850894],[-114.594954,42.850896],[-114.594375,42.850901],[-114.594362,42.858081],[-114.594357,42.874903],[-114.594423,42.891384],[-114.594458,42.927566],[-114.594423,42.935857],[-114.59442,42.936815],[-114.594434,42.942272],[-114.594501,42.952704],[-114.594498,42.953739],[-114.594348,42.967684],[-114.594386,42.971287],[-114.594491,42.981066],[-114.594504,42.981702],[-114.594632,42.998428],[-114.594634,42.998502],[-114.594636,42.998588],[-114.59464,42.999192],[-114.594629,43.004557],[-114.594695,43.011215],[-114.5948,43.018628],[-114.594408,43.025359],[-114.594409,43.02543],[-114.594411,43.025599],[-114.594438,43.032805],[-114.594413,43.040075],[-114.594381,43.057592],[-114.59428,43.060725],[-114.594343,43.061924],[-114.594442,43.06931],[-114.59456,43.083041],[-114.594542,43.112024],[-114.594348,43.126776],[-114.594321,43.141801],[-114.594224,43.154685],[-114.594377,43.177004],[-114.59452,43.190671],[-114.594532,43.191874],[-114.594572,43.19542],[-114.594605,43.198345],[-114.596462,43.198352],[-114.598522,43.198356],[-114.599453,43.198357],[-114.602412,43.198361],[-114.638927,43.198351],[-114.641214,43.198352],[-114.664416,43.19837],[-114.678772,43.198388],[-114.680825,43.198391],[-114.693793,43.198392],[-114.712676,43.198379],[-114.74283,43.198506],[-114.756878,43.198541],[-114.774241,43.19852],[-114.796551,43.198561],[-114.820878,43.1985],[-114.841922,43.198451],[-114.852175,43.198433],[-114.855335,43.198434],[-114.858696,43.19844],[-114.876084,43.198444],[-114.878236,43.198437],[-114.892413,43.198389],[-114.922111,43.198303],[-114.93043,43.198297],[-114.968033,43.198142],[-114.988092,43.198222],[-115.007218,43.198214],[-115.027953,43.198178],[-115.028348,43.198178],[-115.047248,43.198222],[-115.077927,43.198106],[-115.086155,43.198064],[-115.08623,43.212702],[-115.0864,43.226823],[-115.086523,43.249913],[-115.086495,43.255656],[-115.086474,43.28482],[-115.086532,43.299263],[-115.086469,43.300162],[-115.086653,43.326861],[-115.086637,43.342168],[-115.086639,43.357386],[-115.086574,43.370329],[-115.08359,43.370454],[-115.083496,43.385507],[-115.083492,43.386925],[-115.083496,43.399804],[-115.083449,43.403444],[-115.083415,43.406957],[-115.083297,43.419078],[-115.083295,43.419178],[-115.083264,43.43557],[-115.08331,43.44276],[-115.083263,43.455974],[-115.083183,43.471672],[-115.083227,43.478384],[-115.083297,43.486009],[-115.083082,43.529516],[-115.083097,43.541843],[-115.083089,43.604292],[-115.082417,43.604224],[-115.081787,43.603931],[-115.081099,43.60392],[-115.079944,43.604219],[-115.079708,43.604461],[-115.077914,43.606654],[-115.077034,43.60685],[-115.075706,43.606952],[-115.074873,43.606612],[-115.073511,43.605933],[-115.072753,43.605209],[-115.071551,43.604185],[-115.070624,43.603961],[-115.069557,43.603472],[-115.068161,43.602559],[-115.067455,43.601917],[-115.067382,43.601474],[-115.066834,43.600999],[-115.066457,43.600337],[-115.065499,43.599721],[-115.065392,43.599804],[-115.064505,43.60072],[-115.06304,43.60295],[-115.062218,43.605707],[-115.061345,43.606647],[-115.058404,43.60856],[-115.05689,43.61071],[-115.054084,43.611479],[-115.052935,43.612453],[-115.051559,43.614839],[-115.046914,43.617556],[-115.043649,43.619064],[-115.041165,43.619766],[-115.038772,43.619998],[-115.033834,43.618636],[-115.033616,43.619909],[-115.032499,43.622031],[-115.033472,43.623551],[-115.036058,43.626393],[-115.03534,43.628906],[-115.034233,43.630899],[-115.034301,43.632102],[-115.035139,43.633549],[-115.034268,43.634642],[-115.033132,43.634768],[-115.033852,43.636813],[-115.034812,43.637545],[-115.034744,43.639654],[-115.036269,43.642679],[-115.036922,43.646802],[-115.034691,43.648834],[-115.033653,43.65046],[-115.03391,43.651285],[-115.032972,43.654738],[-115.031232,43.657217],[-115.030074,43.66058],[-115.032911,43.665638],[-115.033645,43.670289],[-115.036263,43.673038],[-115.036089,43.675375],[-115.034387,43.677735],[-115.031256,43.678652],[-115.029095,43.679966],[-115.028741,43.681748],[-115.026628,43.684645],[-115.023223,43.685681],[-115.021791,43.687458],[-115.022122,43.68989],[-115.02065,43.690284],[-115.016307,43.693003],[-115.015745,43.693603],[-115.010213,43.695037],[-115.00884,43.696912],[-115.010106,43.700329],[-115.00995,43.70204],[-115.010971,43.703301],[-115.011598,43.705863],[-115.010878,43.708274],[-115.010872,43.709917],[-115.010006,43.712261],[-115.009699,43.715585],[-115.012474,43.718094],[-115.013983,43.720125],[-115.014321,43.721846],[-115.015461,43.723116],[-115.015799,43.724817],[-115.015343,43.726686],[-115.018149,43.72827],[-115.021169,43.727858],[-115.025391,43.728326],[-115.028851,43.727987],[-115.029529,43.728494],[-115.030102,43.728779],[-115.031475,43.732144],[-115.031376,43.733647],[-115.032156,43.735411],[-115.036069,43.739229],[-115.038272,43.739768],[-115.040391,43.7413],[-115.041169,43.74314],[-115.042029,43.743979],[-115.04234,43.745582],[-115.040833,43.747388],[-115.039219,43.748503],[-115.038581,43.749953],[-115.036568,43.751208],[-115.037709,43.752477],[-115.037849,43.754233],[-115.038958,43.756503],[-115.039008,43.758004],[-115.03705,43.758857],[-115.035393,43.760276],[-115.035232,43.761906],[-115.036263,43.766569],[-115.037907,43.766774],[-115.038188,43.767995],[-115.0359,43.771637],[-115.035999,43.773105],[-115.034279,43.77569],[-115.032866,43.776907],[-115.029946,43.782484],[-115.030565,43.783907],[-115.029346,43.784994],[-115.02941,43.787531],[-115.028801,43.788434],[-115.02971,43.790469],[-115.029465,43.793466],[-115.030508,43.794663],[-115.030047,43.796881],[-115.02804,43.800692],[-115.027844,43.802158],[-115.027015,43.802961],[-115.026848,43.805425],[-115.025326,43.808224],[-115.022178,43.809384],[-115.022446,43.810243],[-115.021934,43.81231],[-115.022703,43.81443],[-115.02183,43.815451],[-115.019075,43.816691],[-115.018701,43.817578],[-115.019426,43.819519],[-115.019256,43.821659],[-115.019756,43.822956],[-115.017051,43.824158],[-115.012498,43.82751],[-115.009547,43.827209],[-115.004164,43.828757],[-115.001959,43.831256],[-115.002876,43.833344],[-115.003341,43.836962],[-115.003045,43.839136],[-115.003726,43.840436],[-115.003372,43.842145],[-115.001099,43.844695],[-114.999911,43.845265],[-114.99909,43.847679],[-115.000697,43.849819],[-115.000501,43.851244],[-114.997392,43.853581],[-114.992593,43.855892],[-114.990953,43.857651],[-114.989258,43.858563],[-114.988842,43.859242],[-114.989451,43.86166],[-114.987181,43.861708],[-114.98464,43.863724],[-114.982115,43.86509],[-114.977377,43.864247],[-114.976053,43.866737],[-114.973887,43.867358],[-114.972837,43.871617],[-114.972907,43.872456],[-114.974465,43.874902],[-114.974815,43.876549],[-114.974074,43.878704],[-114.976805,43.879752],[-114.978275,43.881402],[-114.980679,43.881913],[-114.982081,43.88302],[-114.982901,43.88449],[-114.985515,43.885804],[-114.988376,43.885826],[-114.989224,43.888852],[-114.988682,43.890897],[-114.989555,43.894702],[-114.987808,43.895604],[-114.989189,43.898976],[-114.988515,43.900984],[-114.989373,43.901528],[-114.990874,43.903694],[-114.991214,43.904943],[-114.992351,43.905169],[-114.993217,43.906354],[-114.994421,43.906771],[-114.995821,43.908369],[-114.996418,43.910482],[-114.996301,43.913345],[-114.996687,43.914407],[-114.993423,43.917258],[-114.991938,43.920267],[-114.990559,43.921551],[-114.987236,43.92108],[-114.983755,43.921017],[-114.982542,43.923031],[-114.981054,43.92473],[-114.980962,43.926003],[-114.97914,43.927692],[-114.978312,43.929507],[-114.979486,43.932946],[-114.977478,43.933079],[-114.974288,43.93509],[-114.972515,43.937591],[-114.971351,43.938308],[-114.972006,43.940215],[-114.975026,43.942411],[-114.976529,43.945],[-114.978274,43.946799],[-114.983912,43.946037],[-114.986443,43.946953],[-114.987647,43.948664],[-114.990777,43.949723],[-114.994117,43.949161],[-114.995694,43.949156],[-114.996903,43.948808],[-114.997386,43.949178],[-114.998216,43.949473],[-114.999499,43.949568],[-115.001847,43.950363],[-115.003072,43.950703],[-115.004111,43.950684],[-115.005045,43.950845],[-115.006173,43.951148],[-115.00756,43.951108],[-115.008606,43.950873],[-115.009998,43.949874],[-115.01072,43.949763],[-115.011955,43.949823],[-115.012427,43.950473],[-115.013485,43.951386],[-115.014449,43.951745],[-115.015871,43.952535],[-115.016652,43.952836],[-115.018096,43.953127],[-115.019105,43.953411],[-115.021935,43.953694],[-115.022658,43.953687],[-115.02412,43.953199],[-115.024791,43.95327],[-115.025382,43.953528],[-115.027078,43.953594],[-115.028592,43.953721],[-115.029819,43.954028],[-115.031287,43.954019],[-115.031979,43.954528],[-115.033561,43.955278],[-115.034317,43.955719],[-115.03588,43.9562],[-115.037238,43.956885],[-115.038453,43.957675],[-115.039093,43.957013],[-115.039675,43.956628],[-115.040634,43.956185],[-115.04236,43.954705],[-115.043936,43.952644],[-115.044887,43.951744],[-115.045855,43.950692],[-115.047328,43.949506],[-115.048656,43.949742],[-115.049388,43.95004],[-115.050266,43.949801],[-115.052589,43.949699],[-115.053226,43.949481],[-115.053816,43.949091],[-115.054397,43.948359],[-115.05448,43.94801],[-115.055228,43.946655],[-115.055568,43.946214],[-115.056651,43.94616],[-115.057941,43.945949],[-115.060899,43.945873],[-115.062174,43.946183],[-115.062982,43.945699],[-115.063475,43.945151],[-115.063661,43.944604],[-115.064682,43.943618],[-115.06549,43.943094],[-115.066125,43.942499],[-115.066371,43.941824],[-115.067428,43.940416],[-115.067527,43.941275],[-115.068354,43.941677],[-115.068851,43.942476],[-115.069602,43.942844],[-115.070838,43.942862],[-115.072607,43.943213],[-115.073337,43.943588],[-115.074481,43.944036],[-115.075755,43.945271],[-115.076327,43.945925],[-115.075257,43.946904],[-115.074852,43.947543],[-115.07469,43.948416],[-115.074735,43.951637],[-115.074258,43.95227],[-115.074154,43.953493],[-115.075298,43.954308],[-115.075546,43.954808],[-115.076427,43.955109],[-115.077763,43.955097],[-115.079849,43.954469],[-115.080946,43.954284],[-115.082367,43.95342],[-115.082748,43.953893],[-115.083701,43.953481],[-115.084593,43.952863],[-115.085205,43.952857],[-115.086769,43.953425],[-115.086399,43.954167],[-115.087609,43.955011],[-115.08828,43.955662],[-115.08856,43.956205],[-115.090176,43.95701],[-115.090965,43.957546],[-115.092213,43.958055],[-115.092496,43.958414],[-115.092175,43.959159],[-115.092549,43.959844],[-115.092575,43.960563],[-115.09166,43.961329],[-115.091004,43.961745],[-115.089067,43.963502],[-115.088502,43.96417],[-115.087073,43.965541],[-115.085635,43.966209],[-115.085589,43.967088],[-115.08514,43.968725],[-115.084313,43.969817],[-115.083612,43.970094],[-115.08283,43.970876],[-115.082661,43.971969],[-115.082638,43.972685],[-115.084019,43.974351],[-115.084832,43.975222],[-115.085007,43.976049],[-115.08547,43.976593],[-115.085703,43.976454],[-115.086353,43.976484],[-115.086885,43.977046],[-115.087172,43.977131],[-115.088082,43.976895],[-115.088582,43.977087],[-115.089168,43.97669],[-115.090491,43.976199],[-115.090699,43.975728],[-115.090654,43.975297],[-115.090333,43.974633],[-115.090398,43.974163],[-115.091952,43.972957],[-115.092519,43.972809],[-115.093235,43.973643],[-115.093766,43.974047],[-115.095795,43.974041],[-115.097677,43.972983],[-115.098454,43.972967],[-115.099029,43.973135],[-115.099596,43.973861],[-115.100244,43.974152],[-115.101488,43.973765],[-115.102118,43.973711],[-115.103339,43.972829],[-115.10376,43.972315],[-115.104111,43.971466],[-115.104549,43.970858],[-115.105301,43.970733],[-115.10591,43.970248],[-115.106535,43.970828],[-115.107223,43.970984],[-115.108131,43.970944],[-115.10952,43.971004],[-115.109721,43.971466],[-115.11045,43.972056],[-115.111377,43.972585],[-115.112291,43.973421],[-115.112228,43.973851],[-115.112965,43.974004],[-115.113127,43.974508],[-115.11377,43.97484],[-115.11447,43.974927],[-115.115149,43.975455],[-115.115776,43.976662],[-115.116185,43.977026],[-115.115934,43.978547],[-115.116036,43.979039],[-115.116854,43.979026],[-115.119025,43.979538],[-115.119612,43.979765],[-115.122016,43.980407],[-115.12311,43.98025],[-115.123952,43.980225],[-115.126015,43.980726],[-115.12674,43.981107],[-115.127445,43.981134],[-115.128519,43.981367],[-115.129878,43.981892],[-115.131565,43.982029],[-115.132948,43.982919],[-115.134191,43.983243],[-115.135048,43.983668],[-115.136209,43.983859],[-115.137421,43.984661],[-115.1371,43.985443],[-115.13741,43.988164],[-115.137407,43.989879],[-115.13767,43.990954],[-115.138095,43.991605],[-115.138731,43.9934],[-115.139518,43.993556],[-115.140453,43.994441],[-115.141144,43.995233],[-115.141664,43.996202],[-115.142291,43.996684],[-115.144476,43.998067],[-115.145308,43.998769],[-115.146364,43.999425],[-115.147407,44.000904],[-115.148021,44.001881],[-115.147842,44.002842],[-115.147082,44.003401],[-115.145873,44.003881],[-115.145335,44.003874],[-115.145206,44.004261],[-115.143976,44.004603],[-115.143146,44.005803],[-115.144446,44.006967],[-115.145422,44.007413],[-115.147405,44.008944],[-115.148074,44.009707],[-115.147502,44.010086],[-115.146845,44.011007],[-115.146115,44.012213],[-115.14515,44.012982],[-115.14468,44.01376],[-115.145055,44.015758],[-115.145591,44.016968],[-115.145601,44.017562],[-115.146367,44.018398],[-115.146513,44.019135],[-115.146825,44.019583],[-115.146939,44.020335],[-115.146924,44.021191],[-115.146459,44.022198],[-115.146678,44.024364],[-115.146904,44.025013],[-115.148122,44.027251],[-115.14876,44.0282],[-115.149319,44.029846],[-115.150004,44.030509],[-115.150723,44.030673],[-115.150967,44.031334],[-115.151526,44.032448],[-115.151627,44.033755],[-115.15084,44.035403],[-115.150353,44.035997],[-115.149949,44.037921],[-115.14955,44.038633],[-115.14926,44.039989],[-115.149124,44.041164],[-115.149592,44.042129],[-115.149857,44.043109],[-115.150434,44.043717],[-115.151014,44.044549],[-115.151372,44.04535],[-115.151396,44.046168],[-115.151118,44.047133],[-115.150656,44.047658],[-115.151605,44.049033],[-115.152011,44.050287],[-115.152448,44.052153],[-115.153472,44.052705],[-115.154798,44.053049],[-115.156337,44.054577],[-115.156617,44.055116],[-115.156191,44.057679],[-115.157085,44.058663],[-115.1572,44.059903],[-115.156938,44.060796],[-115.156374,44.061364],[-115.155955,44.062113],[-115.156916,44.063054],[-115.157982,44.063857],[-115.159079,44.064344],[-115.159428,44.065164],[-115.160945,44.065761],[-115.162396,44.066928],[-115.162382,44.067361],[-115.16281,44.067971],[-115.162962,44.068735],[-115.163048,44.069907],[-115.163423,44.070591],[-115.163789,44.07228],[-115.164242,44.072964],[-115.164234,44.074783],[-115.164517,44.075255],[-115.164384,44.075854],[-115.165528,44.076235],[-115.165948,44.077066],[-115.166269,44.077923],[-115.168201,44.077956],[-115.169155,44.077543],[-115.170367,44.078419],[-115.171003,44.078718],[-115.172081,44.078802],[-115.172603,44.079847],[-115.173461,44.080968],[-115.173627,44.082007],[-115.17341,44.082613],[-115.172487,44.083633],[-115.172416,44.084311],[-115.17274,44.085068],[-115.173832,44.085122],[-115.1769,44.086816],[-115.178461,44.087785],[-115.17986,44.088895],[-115.180881,44.089555],[-115.181931,44.090533],[-115.182216,44.091232],[-115.182283,44.091858],[-115.182669,44.091748],[-115.183596,44.090937],[-115.184115,44.090787],[-115.185368,44.089892],[-115.188506,44.08978],[-115.189213,44.089592],[-115.190788,44.089698],[-115.192054,44.090378],[-115.19263,44.091208],[-115.193681,44.091948],[-115.195004,44.092399],[-115.195791,44.092456],[-115.198294,44.092409],[-115.199478,44.092599],[-115.200358,44.093012],[-115.20118,44.093702],[-115.202282,44.094416],[-115.203588,44.094419],[-115.204575,44.094576],[-115.206581,44.09547],[-115.207858,44.095842],[-115.208874,44.096275],[-115.210267,44.096527],[-115.211809,44.096371],[-115.213294,44.096465],[-115.215726,44.096357],[-115.216367,44.096477],[-115.217309,44.096492],[-115.21803,44.096988],[-115.220436,44.097514],[-115.221532,44.097844],[-115.222567,44.098071],[-115.224078,44.098049],[-115.224895,44.098147],[-115.225449,44.09787],[-115.227235,44.097826],[-115.228648,44.098243],[-115.229897,44.09833],[-115.230528,44.098766],[-115.230843,44.098201],[-115.232366,44.097014],[-115.233239,44.09664],[-115.232896,44.095842],[-115.232061,44.095407],[-115.229913,44.094472],[-115.228547,44.094291],[-115.227442,44.094217],[-115.226691,44.094457],[-115.224475,44.093962],[-115.223453,44.093294],[-115.222566,44.09298],[-115.221597,44.092885],[-115.220508,44.092597],[-115.218829,44.092006],[-115.217769,44.091403],[-115.216407,44.090187],[-115.214837,44.089665],[-115.214551,44.08927],[-115.214569,44.088698],[-115.213064,44.087633],[-115.212864,44.087093],[-115.212996,44.086595],[-115.211345,44.085464],[-115.209532,44.084756],[-115.207273,44.083298],[-115.206584,44.082245],[-115.204824,44.078146],[-115.204335,44.07747],[-115.203888,44.076344],[-115.202878,44.075432],[-115.202205,44.074624],[-115.201599,44.07412],[-115.199833,44.073001],[-115.197717,44.070791],[-115.197157,44.069548],[-115.197375,44.067852],[-115.199056,44.066537],[-115.202101,44.063082],[-115.205661,44.061619],[-115.207262,44.059858],[-115.207708,44.058329],[-115.209853,44.056278],[-115.209472,44.051417],[-115.210102,44.049555],[-115.211242,44.048025],[-115.211566,44.046209],[-115.212437,44.045776],[-115.213988,44.043229],[-115.214921,44.038905],[-115.216062,44.034879],[-115.215549,44.033449],[-115.21589,44.032599],[-115.218237,44.030702],[-115.219585,44.030491],[-115.219621,44.029301],[-115.221136,44.027921],[-115.22322,44.026861],[-115.223804,44.024469],[-115.224421,44.024532],[-115.226936,44.022238],[-115.22714,44.020592],[-115.228443,44.019641],[-115.229507,44.017952],[-115.230854,44.017411],[-115.232575,44.015191],[-115.232946,44.012701],[-115.232472,44.012291],[-115.233094,44.008928],[-115.234203,44.008431],[-115.234241,44.00682],[-115.240062,44.004317],[-115.241034,44.003173],[-115.242184,44.00284],[-115.241878,44.00187],[-115.244265,44.001131],[-115.24616,44.000142],[-115.246476,43.999183],[-115.251898,43.995724],[-115.254725,43.99218],[-115.255625,43.989589],[-115.257418,43.986435],[-115.258913,43.985474],[-115.260512,43.983348],[-115.262674,43.982102],[-115.262643,43.981414],[-115.264057,43.980164],[-115.263088,43.979044],[-115.264403,43.97703],[-115.266341,43.976183],[-115.266347,43.974716],[-115.268385,43.97356],[-115.267695,43.972612],[-115.2688,43.971492],[-115.268354,43.970219],[-115.271717,43.967202],[-115.271327,43.96637],[-115.273506,43.963612],[-115.275942,43.960692],[-115.275394,43.959731],[-115.275995,43.95829],[-115.275141,43.956657],[-115.27686,43.956336],[-115.276491,43.95495],[-115.277292,43.953307],[-115.276392,43.951713],[-115.276439,43.94924],[-115.278196,43.948446],[-115.277444,43.947086],[-115.277065,43.944859],[-115.277754,43.944282],[-115.277403,43.942992],[-115.27815,43.941917],[-115.279925,43.941594],[-115.280964,43.942298],[-115.282621,43.940964],[-115.285998,43.940171],[-115.28743,43.939118],[-115.285894,43.93747],[-115.286041,43.936376],[-115.287226,43.93552],[-115.289722,43.935034],[-115.29337,43.933628],[-115.296574,43.933962],[-115.298552,43.93337],[-115.299302,43.931817],[-115.301755,43.931732],[-115.302032,43.931672],[-115.30255,43.931315],[-115.303031,43.931111],[-115.3031,43.931103],[-115.303933,43.931222],[-115.305346,43.931146],[-115.306146,43.930877],[-115.306404,43.930436],[-115.306732,43.930009],[-115.307207,43.929685],[-115.307988,43.929534],[-115.308901,43.929601],[-115.309795,43.929434],[-115.310484,43.929395],[-115.311198,43.929431],[-115.312322,43.929289],[-115.313333,43.929328],[-115.314146,43.929339],[-115.314232,43.929362],[-115.314845,43.929761],[-115.315139,43.930308],[-115.315504,43.930888],[-115.316168,43.930922],[-115.317158,43.930601],[-115.317734,43.930313],[-115.317585,43.929616],[-115.319322,43.929051],[-115.318236,43.927966],[-115.318236,43.927564],[-115.318611,43.92723],[-115.31944,43.927129],[-115.320331,43.927141],[-115.32235,43.92733],[-115.323237,43.927094],[-115.323593,43.926801],[-115.323751,43.926012],[-115.325095,43.925727],[-115.326508,43.926564],[-115.327738,43.926581],[-115.32876,43.926287],[-115.33029,43.926056],[-115.333908,43.924667],[-115.335026,43.924467],[-115.33639,43.923974],[-115.337342,43.92297],[-115.337493,43.92194],[-115.337786,43.921],[-115.338232,43.920731],[-115.338926,43.920961],[-115.339647,43.921541],[-115.340595,43.921379],[-115.342208,43.921363],[-115.342972,43.921561],[-115.343751,43.921993],[-115.345342,43.92159],[-115.346065,43.920937],[-115.347519,43.920827],[-115.348586,43.920397],[-115.349395,43.919726],[-115.350742,43.92043],[-115.351721,43.921203],[-115.352691,43.921215],[-115.354005,43.921019],[-115.354375,43.920426],[-115.354547,43.919817],[-115.355257,43.919479],[-115.355811,43.919426],[-115.357095,43.919953],[-115.357989,43.920851],[-115.358212,43.92235],[-115.358681,43.923693],[-115.360527,43.923171],[-115.362119,43.922629],[-115.362568,43.922319],[-115.363631,43.921947],[-115.364706,43.922665],[-115.365568,43.9236],[-115.36569,43.924401],[-115.366238,43.924821],[-115.366852,43.924892],[-115.367471,43.924774],[-115.369948,43.92343],[-115.370727,43.923201],[-115.371659,43.923227],[-115.373466,43.924352],[-115.374443,43.924011],[-115.375482,43.923008],[-115.37658,43.922691],[-115.377293,43.922781],[-115.378562,43.923981],[-115.379645,43.923609],[-115.380484,43.923527],[-115.381951,43.922913],[-115.381748,43.922001],[-115.381837,43.921218],[-115.382842,43.920889],[-115.384114,43.921034],[-115.38458,43.920978],[-115.386193,43.920621],[-115.386222,43.918742],[-115.389811,43.916711],[-115.390759,43.916074],[-115.391424,43.915859],[-115.393651,43.916494],[-115.394355,43.916471],[-115.395994,43.916052],[-115.397274,43.915909],[-115.398305,43.915194],[-115.399008,43.914568],[-115.400714,43.913921],[-115.401862,43.913715],[-115.403299,43.913583],[-115.404693,43.913156],[-115.405848,43.912989],[-115.406528,43.91278],[-115.407138,43.912165],[-115.408078,43.911575],[-115.408844,43.911443],[-115.409706,43.911566],[-115.410942,43.911361],[-115.412572,43.911294],[-115.413348,43.911876],[-115.414083,43.91236],[-115.415093,43.912407],[-115.415539,43.912187],[-115.415777,43.911494],[-115.416056,43.910925],[-115.417118,43.910717],[-115.419233,43.910522],[-115.422104,43.910087],[-115.423172,43.909623],[-115.42436,43.909608],[-115.425201,43.909395],[-115.426234,43.908329],[-115.427718,43.907521],[-115.428719,43.906834],[-115.429726,43.906249],[-115.430827,43.906201],[-115.431794,43.906245],[-115.432602,43.905588],[-115.434947,43.905047],[-115.43563,43.904169],[-115.436516,43.903923],[-115.437884,43.903753],[-115.439343,43.903453],[-115.440673,43.903028],[-115.441118,43.902564],[-115.441448,43.901989],[-115.442024,43.901805],[-115.443079,43.901854],[-115.444133,43.90193],[-115.445799,43.902108],[-115.447394,43.901622],[-115.449427,43.901273],[-115.450959,43.901546],[-115.452376,43.901181],[-115.453154,43.901699],[-115.453851,43.901969],[-115.455536,43.901417],[-115.457285,43.90179],[-115.458944,43.902288],[-115.460633,43.901583],[-115.461586,43.900452],[-115.462126,43.89998],[-115.463504,43.899359],[-115.464315,43.899228],[-115.465095,43.899099],[-115.465629,43.898848],[-115.465738,43.898025],[-115.467325,43.897256],[-115.468065,43.896827],[-115.468927,43.895397],[-115.470172,43.894871],[-115.470985,43.894029],[-115.472003,43.893782],[-115.473014,43.893765],[-115.473843,43.894034],[-115.474548,43.893975],[-115.476281,43.893268],[-115.477277,43.893886],[-115.478377,43.893838],[-115.480107,43.893226],[-115.481015,43.893843],[-115.48216,43.893793],[-115.483393,43.893713],[-115.484462,43.892817],[-115.485413,43.892085],[-115.486652,43.891753],[-115.487863,43.89195],[-115.489366,43.892267],[-115.490734,43.892029],[-115.4921,43.891953],[-115.493109,43.892061],[-115.4943,43.891857],[-115.495229,43.891645],[-115.496338,43.891277],[-115.496883,43.890585],[-115.49751,43.890114],[-115.498616,43.889877],[-115.500374,43.889902],[-115.500755,43.888726],[-115.501003,43.888091],[-115.501179,43.887588],[-115.501157,43.887166],[-115.501178,43.887005],[-115.503232,43.885938],[-115.504431,43.88588],[-115.504797,43.88599],[-115.505251,43.886152],[-115.505544,43.886214],[-115.507354,43.885474],[-115.508722,43.884855],[-115.509531,43.884139],[-115.509148,43.883592],[-115.50922,43.883138],[-115.509606,43.882862],[-115.510443,43.882811],[-115.511238,43.882667],[-115.512131,43.882182],[-115.513114,43.881477],[-115.514196,43.88038],[-115.514424,43.879488],[-115.514488,43.878827],[-115.514482,43.877713],[-115.515363,43.875914],[-115.516251,43.875546],[-115.516799,43.874691],[-115.516911,43.873742],[-115.51745,43.87327],[-115.518217,43.872515],[-115.51842,43.871373],[-115.518749,43.870518],[-115.519517,43.869673],[-115.520568,43.8686],[-115.519215,43.867695],[-115.519078,43.865726],[-115.519204,43.864712],[-115.51938,43.864083],[-115.519235,43.863305],[-115.519376,43.862926],[-115.520002,43.862542],[-115.520199,43.862452],[-115.521016,43.862365],[-115.521366,43.862354],[-115.522285,43.862003],[-115.522822,43.861862],[-115.523969,43.861646],[-115.52447,43.861342],[-115.524717,43.86023],[-115.523992,43.859783],[-115.523413,43.859642],[-115.522384,43.859501],[-115.522871,43.858457],[-115.523664,43.858372],[-115.524415,43.858225],[-115.524912,43.857661],[-115.525667,43.857316],[-115.52746,43.857312],[-115.52844,43.857165],[-115.529197,43.856762],[-115.52989,43.857184],[-115.530543,43.857442],[-115.531925,43.857369],[-115.532878,43.857155],[-115.533215,43.855985],[-115.533625,43.855415],[-115.534703,43.855075],[-115.536325,43.854592],[-115.537085,43.854062],[-115.537232,43.853426],[-115.537162,43.852731],[-115.537054,43.852653],[-115.536368,43.852163],[-115.53634,43.852078],[-115.536323,43.851063],[-115.535766,43.850514],[-115.534657,43.849943],[-115.534255,43.849808],[-115.533327,43.849593],[-115.533036,43.848979],[-115.533714,43.848156],[-115.534116,43.847888],[-115.534605,43.847675],[-115.535681,43.847592],[-115.537103,43.847958],[-115.538115,43.847877],[-115.539093,43.84741],[-115.539239,43.847129],[-115.5396,43.846432],[-115.539219,43.845821],[-115.538444,43.84555],[-115.538087,43.845425],[-115.537438,43.845037],[-115.536763,43.843853],[-115.536968,43.842643],[-115.536956,43.841387],[-115.536538,43.840477],[-115.535494,43.840081],[-115.535298,43.840114],[-115.533742,43.840444],[-115.532469,43.840614],[-115.532294,43.840581],[-115.531975,43.840262],[-115.532198,43.839402],[-115.53272,43.838517],[-115.533239,43.837371],[-115.5318,43.836636],[-115.531084,43.835863],[-115.531143,43.835504],[-115.531219,43.835259],[-115.532283,43.834857],[-115.53329,43.834997],[-115.533427,43.834939],[-115.534047,43.834562],[-115.534156,43.833738],[-115.533949,43.83345],[-115.533191,43.832277],[-115.532926,43.831942],[-115.531803,43.831131],[-115.532139,43.829956],[-115.531992,43.829485],[-115.532358,43.828183],[-115.533224,43.826951],[-115.533933,43.826577],[-115.534302,43.826341],[-115.534373,43.826251],[-115.534741,43.825955],[-115.534724,43.824871],[-115.534312,43.823921],[-115.533579,43.823174],[-115.533419,43.822532],[-115.534152,43.820235],[-115.534018,43.819629],[-115.5337,43.818351],[-115.533048,43.817983],[-115.532552,43.817981],[-115.532042,43.81796],[-115.531358,43.818054],[-115.530713,43.818078],[-115.530279,43.818043],[-115.53004,43.817818],[-115.529983,43.817702],[-115.529639,43.817303],[-115.529622,43.816658],[-115.529667,43.816504],[-115.530066,43.815973],[-115.531314,43.815225],[-115.532334,43.814543],[-115.532413,43.81439],[-115.53273,43.813017],[-115.533187,43.812292],[-115.533724,43.812016],[-115.534306,43.811822],[-115.535531,43.811596],[-115.536088,43.810523],[-115.53613,43.810337],[-115.536136,43.809816],[-115.536332,43.809376],[-115.536582,43.809142],[-115.537365,43.808403],[-115.537546,43.808032],[-115.537828,43.807454],[-115.538717,43.807022],[-115.539415,43.806808],[-115.539488,43.806807],[-115.539862,43.806669],[-115.540275,43.806542],[-115.541328,43.806166],[-115.541824,43.805721],[-115.542053,43.805423],[-115.542504,43.804749],[-115.543782,43.804542],[-115.545536,43.803723],[-115.546734,43.80285],[-115.54703,43.802242],[-115.547078,43.802035],[-115.547037,43.801509],[-115.546756,43.800827],[-115.546408,43.800269],[-115.546528,43.799752],[-115.546591,43.798947],[-115.546756,43.798344],[-115.547169,43.797429],[-115.546998,43.796338],[-115.546847,43.795921],[-115.546767,43.795515],[-115.547208,43.794593],[-115.547207,43.794232],[-115.547251,43.79365],[-115.547538,43.792667],[-115.548069,43.792542],[-115.548639,43.792551],[-115.54898,43.793041],[-115.549723,43.793288],[-115.550053,43.79334],[-115.552602,43.793842],[-115.555182,43.794261],[-115.557681,43.794418],[-115.559046,43.794179],[-115.560406,43.793921],[-115.560846,43.794068],[-115.561588,43.79437],[-115.56361,43.794298],[-115.565385,43.793498],[-115.566308,43.793479],[-115.567261,43.793999],[-115.56897,43.794083],[-115.570255,43.793591],[-115.571957,43.793672],[-115.572145,43.793714],[-115.574406,43.794653],[-115.576274,43.795222],[-115.577181,43.79587],[-115.578297,43.796932],[-115.578862,43.797193],[-115.579549,43.79707],[-115.580614,43.796743],[-115.580665,43.796757],[-115.582189,43.797582],[-115.582763,43.797464],[-115.583987,43.797671],[-115.585109,43.796636],[-115.585188,43.795143],[-115.585639,43.794639],[-115.587037,43.794911],[-115.588236,43.794927],[-115.588398,43.794944],[-115.589358,43.795128],[-115.590136,43.795646],[-115.590355,43.797559],[-115.590915,43.798009],[-115.59184,43.798238],[-115.592796,43.798289],[-115.593291,43.797788],[-115.593057,43.796541],[-115.593332,43.795432],[-115.593317,43.794829],[-115.593636,43.794294],[-115.594264,43.793729],[-115.595148,43.793693],[-115.595798,43.793843],[-115.5968,43.794171],[-115.597678,43.794149],[-115.598472,43.793969],[-115.599296,43.7935],[-115.600574,43.792345],[-115.601662,43.791243],[-115.60235,43.790702],[-115.603304,43.790087],[-115.604423,43.789178],[-115.605154,43.787915],[-115.605693,43.787079],[-115.605729,43.787048],[-115.607036,43.78625],[-115.607753,43.785658],[-115.608189,43.784476],[-115.608347,43.784082],[-115.608675,43.783726],[-115.609795,43.782754],[-115.610883,43.782322],[-115.611103,43.782277],[-115.611691,43.782425],[-115.612728,43.783078],[-115.613436,43.782831],[-115.613533,43.782548],[-115.613797,43.781286],[-115.614139,43.780899],[-115.615549,43.780662],[-115.615823,43.780174],[-115.615628,43.779106],[-115.61591,43.778347],[-115.615878,43.777804],[-115.615634,43.776976],[-115.616029,43.776352],[-115.616935,43.775785],[-115.618172,43.775318],[-115.618666,43.774914],[-115.618192,43.774528],[-115.617721,43.774016],[-115.617687,43.773598],[-115.619039,43.772736],[-115.619832,43.771904],[-115.620036,43.771322],[-115.620615,43.76955],[-115.619739,43.768343],[-115.618861,43.76727],[-115.617819,43.765972],[-115.617235,43.764627],[-115.616603,43.763474],[-115.616591,43.762106],[-115.617575,43.761292],[-115.618772,43.761538],[-115.619725,43.761317],[-115.620343,43.761135],[-115.62133,43.760158],[-115.6225,43.757691],[-115.622587,43.757593],[-115.624355,43.756475],[-115.62355,43.755225],[-115.623302,43.754555],[-115.623489,43.754048],[-115.624172,43.753897],[-115.624937,43.754034],[-115.625465,43.754288],[-115.626413,43.754722],[-115.627549,43.754907],[-115.628292,43.7542],[-115.628508,43.75325],[-115.628497,43.753087],[-115.628348,43.752782],[-115.627787,43.752195],[-115.627753,43.751715],[-115.628545,43.751264],[-115.628619,43.751247],[-115.629255,43.751257],[-115.629911,43.751357],[-115.630529,43.75121],[-115.631493,43.751221],[-115.632109,43.751133],[-115.632338,43.750754],[-115.632215,43.750368],[-115.631472,43.749804],[-115.631145,43.749214],[-115.630215,43.748644],[-115.629116,43.747757],[-115.629138,43.746801],[-115.629564,43.746379],[-115.629826,43.746093],[-115.630125,43.745861],[-115.631176,43.745872],[-115.631953,43.746124],[-115.633183,43.746372],[-115.63367,43.74619],[-115.633945,43.745652],[-115.633564,43.745078],[-115.632893,43.743701],[-115.632385,43.742898],[-115.631872,43.742704],[-115.631573,43.74257],[-115.630993,43.742373],[-115.629705,43.74221],[-115.6277,43.742525],[-115.626696,43.742354],[-115.626576,43.741562],[-115.626449,43.740601],[-115.626357,43.739901],[-115.626595,43.739108],[-115.626814,43.738492],[-115.627058,43.737907],[-115.627585,43.737115],[-115.627802,43.736819],[-115.627881,43.73665],[-115.62818,43.734997],[-115.628011,43.733672],[-115.627417,43.733457],[-115.626693,43.73344],[-115.626154,43.733472],[-115.625146,43.733401],[-115.624853,43.732778],[-115.624788,43.731804],[-115.624896,43.730917],[-115.624423,43.730018],[-115.624166,43.729398],[-115.624117,43.729337],[-115.62362,43.729182],[-115.62319,43.729379],[-115.622811,43.729612],[-115.622333,43.730022],[-115.621955,43.73041],[-115.62161,43.730812],[-115.620942,43.731249],[-115.620066,43.731176],[-115.619106,43.730821],[-115.618012,43.730868],[-115.616839,43.730407],[-115.61624,43.729729],[-115.615199,43.72924],[-115.614684,43.728792],[-115.614781,43.728323],[-115.615057,43.728096],[-115.615474,43.727843],[-115.615719,43.727657],[-115.61591,43.726447],[-115.616364,43.725785],[-115.617119,43.725831],[-115.617655,43.725809],[-115.6178,43.725829],[-115.619135,43.726285],[-115.619823,43.7265],[-115.620495,43.726373],[-115.621139,43.726451],[-115.622089,43.727097],[-115.624002,43.727852],[-115.625615,43.728255],[-115.626799,43.728234],[-115.627396,43.728128],[-115.627664,43.728103],[-115.628091,43.728009],[-115.629357,43.727567],[-115.63012,43.726812],[-115.6287,43.725654],[-115.628399,43.725398],[-115.627926,43.724943],[-115.627209,43.723756],[-115.627317,43.722865],[-115.628115,43.722729],[-115.62903,43.722665],[-115.630377,43.722858],[-115.630521,43.722869],[-115.631768,43.722793],[-115.633154,43.723295],[-115.633426,43.723355],[-115.634515,43.72348],[-115.635141,43.722012],[-115.634644,43.7207],[-115.634567,43.720221],[-115.63502,43.719591],[-115.635943,43.71908],[-115.636488,43.718653],[-115.637688,43.717934],[-115.63775,43.717144],[-115.638116,43.716476],[-115.638076,43.716279],[-115.637919,43.715494],[-115.637517,43.715047],[-115.637371,43.71486],[-115.637252,43.714752],[-115.637021,43.714495],[-115.636505,43.714187],[-115.636069,43.713913],[-115.635166,43.71317],[-115.635453,43.712092],[-115.635129,43.710944],[-115.636204,43.709905],[-115.637415,43.709321],[-115.637699,43.709221],[-115.638002,43.709219],[-115.63812,43.709233],[-115.638354,43.709216],[-115.638784,43.709214],[-115.638887,43.709179],[-115.63891,43.709177],[-115.639008,43.709138],[-115.640441,43.708653],[-115.641305,43.708179],[-115.641461,43.708093],[-115.642131,43.707594],[-115.642398,43.706784],[-115.642372,43.70651],[-115.642257,43.705873],[-115.642488,43.705337],[-115.64373,43.704715],[-115.644764,43.703914],[-115.64477,43.703268],[-115.644453,43.702834],[-115.64409,43.702337],[-115.644014,43.701827],[-115.644867,43.700946],[-115.645802,43.70026],[-115.64655,43.700139],[-115.648034,43.700444],[-115.648247,43.70051],[-115.650126,43.701097],[-115.651122,43.701466],[-115.652259,43.70164],[-115.653034,43.70156],[-115.653752,43.701493],[-115.654684,43.700965],[-115.655009,43.700146],[-115.655115,43.699349],[-115.656152,43.699064],[-115.656754,43.698539],[-115.657501,43.698455],[-115.658763,43.696728],[-115.658803,43.696674],[-115.659568,43.696192],[-115.659858,43.696202],[-115.66053,43.696265],[-115.661606,43.697135],[-115.662954,43.69766],[-115.663477,43.697687],[-115.663874,43.697672],[-115.664538,43.69733],[-115.664905,43.696667],[-115.665176,43.695378],[-115.665257,43.695232],[-115.665688,43.694929],[-115.666672,43.695246],[-115.667651,43.695335],[-115.668443,43.695212],[-115.668714,43.694805],[-115.66839,43.694305],[-115.667438,43.693102],[-115.66812,43.691998],[-115.668453,43.691323],[-115.669234,43.690235],[-115.669381,43.690125],[-115.670559,43.68946],[-115.671473,43.689298],[-115.672264,43.688866],[-115.673511,43.687992],[-115.674223,43.687458],[-115.674895,43.686832],[-115.675492,43.685534],[-115.675583,43.684441],[-115.675233,43.683402],[-115.674774,43.682345],[-115.674827,43.681933],[-115.675056,43.68146],[-115.675901,43.680928],[-115.67748,43.681185],[-115.678729,43.681698],[-115.67912,43.681951],[-115.680075,43.682339],[-115.68069,43.682318],[-115.68125,43.682086],[-115.68148,43.68195],[-115.681609,43.68183],[-115.6822,43.681415],[-115.683591,43.679867],[-115.683443,43.678631],[-115.683744,43.676881],[-115.684348,43.6761],[-115.684404,43.676052],[-115.685436,43.675664],[-115.686137,43.67504],[-115.687255,43.674635],[-115.687887,43.673781],[-115.687982,43.673143],[-115.688056,43.673055],[-115.68984,43.672281],[-115.690425,43.671903],[-115.691999,43.67205],[-115.693525,43.672383],[-115.694445,43.672363],[-115.695285,43.672027],[-115.695566,43.671169],[-115.695684,43.669959],[-115.695549,43.668967],[-115.695609,43.668434],[-115.695842,43.667742],[-115.696456,43.666505],[-115.697508,43.665373],[-115.698284,43.66503],[-115.699017,43.665513],[-115.699475,43.666633],[-115.699936,43.667627],[-115.700713,43.668175],[-115.701631,43.66825],[-115.702954,43.667849],[-115.704189,43.667483],[-115.704862,43.666663],[-115.704834,43.665962],[-115.704845,43.665453],[-115.705211,43.664726],[-115.705612,43.664413],[-115.706365,43.66404],[-115.707251,43.663571],[-115.708132,43.663296],[-115.709238,43.662832],[-115.710167,43.662397],[-115.711187,43.661806],[-115.711845,43.661783],[-115.712271,43.662396],[-115.712346,43.662933],[-115.712768,43.663469],[-115.71337,43.664182],[-115.714109,43.664445],[-115.715074,43.664396],[-115.716342,43.664559],[-115.717611,43.664666],[-115.71879,43.664755],[-115.719586,43.66438],[-115.720426,43.664008],[-115.721589,43.66391],[-115.722374,43.665142],[-115.723281,43.66569],[-115.723859,43.666512],[-115.724776,43.667523],[-115.725557,43.667882],[-115.726387,43.667988],[-115.727541,43.667544],[-115.728642,43.667025],[-115.729709,43.666274],[-115.730661,43.666059],[-115.73126,43.665404],[-115.731159,43.664967],[-115.731097,43.664869],[-115.729619,43.66398],[-115.729531,43.663902],[-115.729188,43.663758],[-115.729019,43.663625],[-115.727711,43.663391],[-115.726624,43.662963],[-115.725819,43.661714],[-115.726046,43.66066],[-115.726292,43.660065],[-115.726675,43.659234],[-115.727113,43.658518],[-115.727231,43.657194],[-115.727503,43.656648],[-115.728083,43.656034],[-115.728404,43.655449],[-115.728897,43.654947],[-115.730542,43.653722],[-115.731549,43.653513],[-115.732473,43.653552],[-115.733635,43.653503],[-115.734688,43.654193],[-115.735642,43.65437],[-115.736131,43.654548],[-115.736822,43.655001],[-115.738219,43.655271],[-115.739671,43.654905],[-115.740916,43.654029],[-115.741859,43.652892],[-115.741881,43.652757],[-115.741959,43.652289],[-115.742682,43.651219],[-115.743508,43.650363],[-115.743623,43.650244],[-115.743771,43.649937],[-115.743934,43.649596],[-115.744533,43.646465],[-115.744984,43.645985],[-115.746017,43.645631],[-115.746874,43.645508],[-115.748945,43.644895],[-115.752255,43.643627],[-115.753289,43.643088],[-115.754319,43.643019],[-115.754896,43.643269],[-115.755448,43.643791],[-115.755564,43.644552],[-115.75503,43.644961],[-115.754279,43.645272],[-115.753912,43.645911],[-115.754035,43.646506],[-115.755105,43.647699],[-115.755753,43.648118],[-115.75746,43.649612],[-115.757774,43.649951],[-115.758763,43.650414],[-115.760127,43.650483],[-115.761231,43.650082],[-115.762871,43.649113],[-115.763836,43.649032],[-115.767233,43.649925],[-115.770019,43.650272],[-115.770475,43.650243],[-115.771735,43.649898],[-115.773687,43.649138],[-115.775272,43.648738],[-115.777349,43.648642],[-115.780881,43.648548],[-115.782024,43.64837],[-115.782337,43.648024],[-115.782362,43.646812],[-115.783002,43.645421],[-115.783889,43.644893],[-115.785825,43.644398],[-115.787896,43.643789],[-115.789046,43.643227],[-115.789938,43.642375],[-115.790186,43.640951],[-115.790632,43.640541],[-115.79147,43.640231],[-115.792604,43.640125],[-115.794142,43.64024],[-115.795106,43.640177],[-115.796294,43.639871],[-115.796874,43.639302],[-115.797108,43.638608],[-115.796301,43.637359],[-115.795275,43.63611],[-115.794821,43.634984],[-115.794878,43.63407],[-115.795458,43.633505],[-115.796652,43.632876],[-115.797631,43.632127],[-115.798623,43.63064],[-115.799322,43.628553],[-115.800215,43.627669],[-115.801408,43.627142],[-115.802407,43.62682],[-115.804047,43.626671],[-115.804967,43.626443],[-115.805766,43.625914],[-115.806303,43.623244],[-115.80664,43.622844],[-115.808554,43.622128],[-115.80975,43.621439],[-115.810911,43.620246],[-115.812682,43.619276],[-115.814172,43.619168],[-115.816358,43.619251],[-115.818968,43.620136],[-115.820459,43.620275],[-115.821859,43.620009],[-115.82301,43.619353],[-115.823592,43.618689],[-115.824099,43.617362],[-115.824255,43.616086],[-115.823027,43.613977],[-115.822751,43.612959],[-115.822203,43.611926],[-115.822024,43.611131],[-115.822743,43.6106],[-115.824249,43.609631],[-115.826765,43.608544],[-115.82792,43.607667],[-115.828157,43.606752],[-115.828745,43.605955],[-115.829316,43.605645],[-115.830872,43.60525],[-115.830997,43.606109],[-115.831268,43.606701],[-115.831954,43.607266],[-115.833645,43.608077],[-115.83511,43.608424],[-115.837467,43.608075],[-115.838642,43.60768],[-115.840429,43.606937],[-115.841131,43.60685],[-115.842435,43.607341],[-115.843581,43.607988],[-115.845106,43.608351],[-115.846289,43.608265],[-115.847213,43.607992],[-115.84785,43.607271],[-115.850727,43.605038],[-115.851934,43.603713],[-115.85309,43.602741],[-115.854016,43.602368],[-115.8567,43.601601],[-115.857491,43.601813],[-115.858466,43.602309],[-115.859393,43.602643],[-115.860268,43.602656],[-115.860971,43.6025],[-115.862195,43.602578],[-115.86356,43.602486],[-115.864519,43.602281],[-115.86536,43.601813],[-115.865899,43.601052],[-115.86574,43.599677],[-115.865892,43.599116],[-115.866515,43.598545],[-115.867798,43.597766],[-115.868731,43.59701],[-115.869787,43.596708],[-115.870628,43.596204],[-115.871589,43.595425],[-115.872321,43.594566],[-115.872606,43.593361],[-115.873549,43.592065],[-115.874168,43.591759],[-115.875927,43.591265],[-115.876963,43.591369],[-115.880107,43.592324],[-115.881367,43.592847],[-115.882579,43.593524],[-115.883568,43.594584],[-115.88462,43.596722],[-115.88522,43.597399],[-115.885959,43.597691],[-115.887355,43.597897],[-115.889556,43.597155],[-115.890257,43.59716],[-115.892345,43.597814],[-115.895394,43.598547],[-115.897034,43.598843],[-115.897201,43.598803],[-115.899172,43.598104],[-115.901239,43.597139],[-115.903327,43.595442],[-115.903698,43.59427],[-115.906892,43.592971],[-115.909595,43.59235],[-115.912357,43.592097],[-115.919047,43.592254],[-115.920831,43.592843],[-115.922658,43.595668],[-115.927792,43.595005],[-115.929883,43.595567],[-115.931076,43.597392],[-115.933653,43.603594],[-115.933535,43.606797],[-115.935128,43.608236],[-115.936494,43.608411],[-115.939289,43.608056],[-115.941229,43.607247],[-115.944834,43.608774],[-115.947612,43.60756],[-115.950825,43.606543],[-115.955784,43.601667],[-115.955944,43.598608],[-115.955168,43.595799],[-115.95346,43.593366],[-115.954284,43.591369],[-115.955988,43.589789],[-115.958774,43.589696],[-115.963507,43.589185],[-115.968001,43.589938],[-115.971993,43.591137],[-115.975719,43.591438],[-115.977537,43.590855],[-115.978811,43.58914],[-115.978739,43.587233],[-115.980277,43.585946]]]]}}],"labels":{"type":"FeatureCollection","features":[{"type":"Feature","properties":{"id":"1","NAME":"1","featureLabel":{"left":-113.32064410087203,"right":-113.32064410087203,"top":43.22343948159406,"bottom":43.22343948159406},"text-field":"1"},"geometry":{"type":"Point","coordinates":[-113.32064410087203,43.22343948159406]}},{"type":"Feature","properties":{"id":"2","NAME":"2","featureLabel":{"left":-116.21483541265107,"right":-116.21483541265107,"top":42.80913417748262,"bottom":42.80913417748262},"text-field":"2"},"geometry":{"type":"Point","coordinates":[-116.21483541265107,42.80913417748262]}}]}}