{"type":"FeatureCollection","features":[{"type":"Feature","properties":{"id":1,"NAME":"1","TotalPop":776152,"PopDevPct":-3.2e-7,"DemPct":0.61085407,"RepPct":0.37034889,"WhitePct":0.26962858,"MinorityPct":0.73037142,"BlackPct":0.19257998,"HispanicPct":0.44562868,"PacificPct":0.01427659,"AsianPct":0.08042653,"NativePct":0.03285693,"TotalVAP":577869,"Margin":0.11085407,"color":"#00008b","opacity":"0.5"},"geometry":{"type":"MultiPolygon","coordinates":[[[[-115.278252,36.181171],[-115.278251,36.178016],[-115.278241,36.177654],[-115.27796,36.173707],[-115.277957,36.170778],[-115.277955,36.17004],[-115.277948,36.16635],[-115.277934,36.165097],[-115.27808,36.162863],[-115.276817,36.162716],[-115.276946,36.161758],[-115.277788,36.161758],[-115.277815,36.16166],[-115.277826,36.161059],[-115.277695,36.16096],[-115.27785,36.159124],[-115.276883,36.159131],[-115.276377,36.159132],[-115.273227,36.159157],[-115.271151,36.159141],[-115.266778,36.159147],[-115.265896,36.159158],[-115.26241,36.159171],[-115.262318,36.159167],[-115.260369,36.159161],[-115.25506,36.159174],[-115.25299,36.159171],[-115.250904,36.159164],[-115.250836,36.159164],[-115.24833,36.159177],[-115.247333,36.159177],[-115.246406,36.159184],[-115.243791,36.159184],[-115.243787,36.159049],[-115.243586,36.155346],[-115.243382,36.151616],[-115.243283,36.149746],[-115.243185,36.147871],[-115.243092,36.146015],[-115.243033,36.144227],[-115.242767,36.144241],[-115.23839,36.144182],[-115.236138,36.144156],[-115.233876,36.144129],[-115.231717,36.144175],[-115.229577,36.144228],[-115.227395,36.144268],[-115.225296,36.144301],[-115.225292,36.144108],[-115.225232,36.142346],[-115.22519,36.140456],[-115.225149,36.138564],[-115.225108,36.136685],[-115.225068,36.134785],[-115.225032,36.132894],[-115.224987,36.131004],[-115.224951,36.12912],[-115.224918,36.125446],[-115.224913,36.123604],[-115.224912,36.121782],[-115.222791,36.121871],[-115.220691,36.121968],[-115.219746,36.122009],[-115.218589,36.122056],[-115.217077,36.122118],[-115.216478,36.122154],[-115.213389,36.122309],[-115.212326,36.122356],[-115.211319,36.122399],[-115.210038,36.122464],[-115.209164,36.122505],[-115.208147,36.122555],[-115.20471,36.12259],[-115.20303,36.122609],[-115.199239,36.12266],[-115.199205,36.124083],[-115.199179,36.12633],[-115.194696,36.12641],[-115.190206,36.12652],[-115.190213,36.128434],[-115.19024,36.130017],[-115.190252,36.130249],[-115.187867,36.130144],[-115.185509,36.129987],[-115.182406,36.129855],[-115.181831,36.129827],[-115.18139,36.129804],[-115.18113,36.130053],[-115.181112,36.130212],[-115.18027,36.133464],[-115.178719,36.136231],[-115.177959,36.137134],[-115.177451,36.137126],[-115.177165,36.137127],[-115.171073,36.144055],[-115.170852,36.144305],[-115.169237,36.144202],[-115.167541,36.144123],[-115.166124,36.14407],[-115.164779,36.144009],[-115.158502,36.143736],[-115.157331,36.143719],[-115.154768,36.143674],[-115.153618,36.143718],[-115.152622,36.143751],[-115.151783,36.143791],[-115.150289,36.143829],[-115.148434,36.143891],[-115.148352,36.143896],[-115.147524,36.143928],[-115.147257,36.143935],[-115.146641,36.143968],[-115.145704,36.144008],[-115.144724,36.144047],[-115.142434,36.144113],[-115.140171,36.144198],[-115.138878,36.144242],[-115.137008,36.14433],[-115.136995,36.144115],[-115.136872,36.140788],[-115.136884,36.140329],[-115.136882,36.140006],[-115.136864,36.136994],[-115.136887,36.129755],[-115.138312,36.129753],[-115.139399,36.129765],[-115.140412,36.129762],[-115.14142,36.129765],[-115.145953,36.129756],[-115.147917,36.129406],[-115.152741,36.129384],[-115.154838,36.129554],[-115.154826,36.12684],[-115.154871,36.124939],[-115.15489,36.122966],[-115.154971,36.121246],[-115.154976,36.118472],[-115.154731,36.116734],[-115.154638,36.11643],[-115.154012,36.114383],[-115.153971,36.114255],[-115.153126,36.111531],[-115.152027,36.107971],[-115.15133,36.105712],[-115.15033,36.102532],[-115.149773,36.101019],[-115.149263,36.099087],[-115.148868,36.097689],[-115.147304,36.092845],[-115.147062,36.092615],[-115.147239,36.092564],[-115.146763,36.091531],[-115.146533,36.09092],[-115.146171,36.089362],[-115.144631,36.084984],[-115.141799,36.086063],[-115.140159,36.086339],[-115.136818,36.086369],[-115.136879,36.088936],[-115.13236,36.088943],[-115.130108,36.088792],[-115.128475,36.08798],[-115.127886,36.08754],[-115.127009,36.08691],[-115.125336,36.086356],[-115.12415,36.086326],[-115.123278,36.086306],[-115.120628,36.086235],[-115.118813,36.086181],[-115.118798,36.08669],[-115.118829,36.089926],[-115.118863,36.09305],[-115.117727,36.093073],[-115.114412,36.093156],[-115.112213,36.093211],[-115.109918,36.093259],[-115.105469,36.093382],[-115.101005,36.093479],[-115.099118,36.093442],[-115.098743,36.093428],[-115.098202,36.093406],[-115.09803,36.093402],[-115.097516,36.093393],[-115.097345,36.093391],[-115.096472,36.093357],[-115.095664,36.093332],[-115.0942,36.093295],[-115.091547,36.093207],[-115.088939,36.09314],[-115.08771,36.093103],[-115.086849,36.093082],[-115.085937,36.093057],[-115.083707,36.09299],[-115.082131,36.092958],[-115.082065,36.092958],[-115.081446,36.092955],[-115.080326,36.092953],[-115.077633,36.092931],[-115.077623,36.092534],[-115.077627,36.091916],[-115.077628,36.091115],[-115.077632,36.089835],[-115.077623,36.089287],[-115.077625,36.087829],[-115.077617,36.086865],[-115.077618,36.085619],[-115.076486,36.085627],[-115.075447,36.085616],[-115.075319,36.085614],[-115.073059,36.085625],[-115.073087,36.084588],[-115.073217,36.078139],[-115.068436,36.078095],[-115.06425,36.078041],[-115.063989,36.085633],[-115.060066,36.085689],[-115.054673,36.085753],[-115.049829,36.083223],[-115.044588,36.080488],[-115.044498,36.080653],[-115.044074,36.081523],[-115.043943,36.083921],[-115.03742,36.083814],[-115.03497,36.083795],[-115.032854,36.084591],[-115.032645,36.084754],[-115.033953,36.085908],[-115.035677,36.087481],[-115.037581,36.089132],[-115.039905,36.091213],[-115.04044,36.091694],[-115.040708,36.091491],[-115.042582,36.09317],[-115.043314,36.092638],[-115.0437,36.092965],[-115.046225,36.094974],[-115.047117,36.095923],[-115.046317,36.096518],[-115.046085,36.096689],[-115.047579,36.098044],[-115.048285,36.098669],[-115.050834,36.10094],[-115.053864,36.103688],[-115.055354,36.105003],[-115.05697,36.106409],[-115.058961,36.108189],[-115.06455,36.113114],[-115.064609,36.114857],[-115.064774,36.114856],[-115.064953,36.118461],[-115.064959,36.118632],[-115.065003,36.119622],[-115.065077,36.12126],[-115.065124,36.122277],[-115.065156,36.122766],[-115.065209,36.124126],[-115.065289,36.12651],[-115.065341,36.127716],[-115.065432,36.129598],[-115.065272,36.129594],[-115.060742,36.129652],[-115.058783,36.129654],[-115.05631,36.12966],[-115.05631,36.129701],[-115.056336,36.131767],[-115.056345,36.133392],[-115.056359,36.134839],[-115.056374,36.1371],[-115.054211,36.137123],[-115.053711,36.137126],[-115.050417,36.137172],[-115.048143,36.137201],[-115.047366,36.137214],[-115.047382,36.139988],[-115.047344,36.140607],[-115.047336,36.141376],[-115.047305,36.142381],[-115.047287,36.144569],[-115.047272,36.14672],[-115.0473,36.15019],[-115.047315,36.151836],[-115.047318,36.152558],[-115.047334,36.155403],[-115.047355,36.156104],[-115.047319,36.156815],[-115.04734,36.157508],[-115.04733,36.158198],[-115.047395,36.159417],[-115.046646,36.159412],[-115.045714,36.1594],[-115.044609,36.159406],[-115.04465,36.163042],[-115.044663,36.163315],[-115.044848,36.167253],[-115.04456,36.167263],[-115.043894,36.174395],[-115.043854,36.178365],[-115.043824,36.181516],[-115.044717,36.181504],[-115.046158,36.181503],[-115.047501,36.18149],[-115.048388,36.181492],[-115.052856,36.18146],[-115.052749,36.185191],[-115.052719,36.188931],[-115.052776,36.192582],[-115.052816,36.19531],[-115.052802,36.196232],[-115.053619,36.196232],[-115.053768,36.196232],[-115.05393,36.196232],[-115.054047,36.196232],[-115.05429,36.196232],[-115.054314,36.196232],[-115.054495,36.19623],[-115.055266,36.196225],[-115.057614,36.196231],[-115.059797,36.196219],[-115.059927,36.19622],[-115.062064,36.196224],[-115.062208,36.196229],[-115.062202,36.198092],[-115.062227,36.199932],[-115.062241,36.2036],[-115.062267,36.207308],[-115.062287,36.210957],[-115.062294,36.212782],[-115.062268,36.214638],[-115.062222,36.218311],[-115.062221,36.223488],[-115.062215,36.225685],[-115.062208,36.228606],[-115.062208,36.229088],[-115.062228,36.22955],[-115.062215,36.231284],[-115.062202,36.234702],[-115.062183,36.235852],[-115.062178,36.236033],[-115.062131,36.24039],[-115.062134,36.240482],[-115.063651,36.240476],[-115.066495,36.240437],[-115.067973,36.240435],[-115.069501,36.240413],[-115.069895,36.240423],[-115.070546,36.24044],[-115.07108,36.240451],[-115.075148,36.24048],[-115.077465,36.240512],[-115.079997,36.240512],[-115.084318,36.240458],[-115.08607,36.240447],[-115.089184,36.240415],[-115.092305,36.240362],[-115.094874,36.240341],[-115.097277,36.240341],[-115.101515,36.240282],[-115.102042,36.240274],[-115.106688,36.240182],[-115.106974,36.240174],[-115.111871,36.2401],[-115.112015,36.240089],[-115.116792,36.239877],[-115.116816,36.241769],[-115.116908,36.246947],[-115.116915,36.247023],[-115.116947,36.249189],[-115.116952,36.24951],[-115.116956,36.254312],[-115.116967,36.261559],[-115.116957,36.262843],[-115.116944,36.264565],[-115.116913,36.268908],[-115.116891,36.272682],[-115.116988,36.276339],[-115.121406,36.276335],[-115.121453,36.276335],[-115.125956,36.276342],[-115.12824,36.276337],[-115.130421,36.276317],[-115.134814,36.276273],[-115.134838,36.276273],[-115.13951,36.276397],[-115.140866,36.276427],[-115.144005,36.276487],[-115.148633,36.276534],[-115.150148,36.276556],[-115.153043,36.276557],[-115.155619,36.27665],[-115.156573,36.276698],[-115.158381,36.276689],[-115.161972,36.276298],[-115.164272,36.275057],[-115.165498,36.276027],[-115.166939,36.276634],[-115.169473,36.276867],[-115.17101,36.276883],[-115.174149,36.276766],[-115.175418,36.276702],[-115.179761,36.276509],[-115.18149,36.276437],[-115.184206,36.276311],[-115.185212,36.276264],[-115.188603,36.27613],[-115.188652,36.273881],[-115.188695,36.272515],[-115.188715,36.271417],[-115.188729,36.270653],[-115.188758,36.269903],[-115.188793,36.268829],[-115.188816,36.267384],[-115.188878,36.265158],[-115.188924,36.263985],[-115.188886,36.261424],[-115.18899,36.26143],[-115.189036,36.260376],[-115.18903,36.25966],[-115.189074,36.257846],[-115.189089,36.256925],[-115.18911,36.256489],[-115.189108,36.255983],[-115.189138,36.255236],[-115.189161,36.254168],[-115.189199,36.253136],[-115.189217,36.251903],[-115.189226,36.251435],[-115.189246,36.250515],[-115.189263,36.249583],[-115.189293,36.248737],[-115.189295,36.248667],[-115.189362,36.246807],[-115.189433,36.244059],[-115.189457,36.243082],[-115.189422,36.241352],[-115.189463,36.239479],[-115.195818,36.239259],[-115.198386,36.239152],[-115.200668,36.239067],[-115.202961,36.239001],[-115.207607,36.238765],[-115.207608,36.238654],[-115.207525,36.235387],[-115.207503,36.234788],[-115.207433,36.23243],[-115.207418,36.232007],[-115.207453,36.230297],[-115.207486,36.228341],[-115.207506,36.226562],[-115.207544,36.224678],[-115.207524,36.223389],[-115.207502,36.221571],[-115.207501,36.221453],[-115.207488,36.219191],[-115.20746,36.217286],[-115.212015,36.217138],[-115.212211,36.217134],[-115.214031,36.217066],[-115.214478,36.217051],[-115.215688,36.217014],[-115.216789,36.216988],[-115.221275,36.216912],[-115.222871,36.216882],[-115.223493,36.216886],[-115.225792,36.216847],[-115.225487,36.214858],[-115.225266,36.213409],[-115.22519,36.212829],[-115.225143,36.212555],[-115.22501,36.211689],[-115.224943,36.211249],[-115.224881,36.210844],[-115.224877,36.210817],[-115.224831,36.210516],[-115.224742,36.209928],[-115.225802,36.209962],[-115.226301,36.209988],[-115.226866,36.210003],[-115.227982,36.210094],[-115.229115,36.210176],[-115.230134,36.21021],[-115.231341,36.210264],[-115.23349,36.210355],[-115.237147,36.210545],[-115.238741,36.210625],[-115.242271,36.210775],[-115.242271,36.213016],[-115.242286,36.215397],[-115.24227,36.218194],[-115.246725,36.21821],[-115.246949,36.218215],[-115.251339,36.21822],[-115.258095,36.218226],[-115.260427,36.218262],[-115.260489,36.215575],[-115.260509,36.213768],[-115.260631,36.210056],[-115.260709,36.206636],[-115.260699,36.203488],[-115.263388,36.203509],[-115.265255,36.204572],[-115.266187,36.203193],[-115.264818,36.201397],[-115.26405,36.199276],[-115.264231,36.198556],[-115.26431,36.198291],[-115.264682,36.196942],[-115.266782,36.197182],[-115.269978,36.19706],[-115.26978,36.196093],[-115.269698,36.193638],[-115.271841,36.191456],[-115.272615,36.190002],[-115.272641,36.188689],[-115.273471,36.18869],[-115.278598,36.18866],[-115.278423,36.185016],[-115.278358,36.182945],[-115.278252,36.181171]]]]}},{"type":"Feature","properties":{"id":2,"NAME":"2","TotalPop":776154,"PopDevPct":0.00000225,"DemPct":0.45212909,"RepPct":0.5255365,"WhitePct":0.6056013,"MinorityPct":0.3943987,"BlackPct":0.05951989,"HispanicPct":0.22254662,"PacificPct":0.01103958,"AsianPct":0.07249422,"NativePct":0.04102244,"TotalVAP":601110,"Margin":-0.04787091,"color":"#ff7f7f","opacity":"0.5"},"geometry":{"type":"MultiPolygon","coordinates":[[[[-118.417752,39.073691],[-118.3916,39.073509],[-118.375964,39.073473],[-118.333164,39.073741],[-118.320728,39.073742],[-118.314452,39.07366],[-118.304329,39.073571],[-118.301914,39.073727],[-118.273299,39.073738],[-118.264169,39.073623],[-118.250962,39.07375],[-118.243645,39.07335],[-118.20957,39.073494],[-118.194068,39.073427],[-118.125958,39.073512],[-118.125023,39.073416],[-118.099036,39.073548],[-118.046076,39.073493],[-118.000955,39.073438],[-117.996813,39.073618],[-117.966826,39.073632],[-117.929234,39.073647],[-117.889564,39.073715],[-117.865116,39.073654],[-117.830154,39.081389],[-117.830118,39.081397],[-117.805078,39.086897],[-117.775468,39.093425],[-117.763782,39.095375],[-117.75101,39.097508],[-117.693344,39.107246],[-117.682046,39.109079],[-117.646991,39.115001],[-117.629239,39.117856],[-117.620483,39.11916],[-117.61312,39.120369],[-117.601369,39.122242],[-117.587226,39.124926],[-117.55998,39.129494],[-117.541408,39.132611],[-117.506706,39.138434],[-117.500933,39.139404],[-117.472618,39.143612],[-117.43353,39.14906],[-117.375928,39.157093],[-117.357439,39.159548],[-117.356735,39.159652],[-117.331857,39.16343],[-117.299736,39.16341],[-117.279072,39.163364],[-117.250924,39.163398],[-117.232056,39.163211],[-117.220205,39.163202],[-117.184522,39.163257],[-117.177239,39.163268],[-117.125922,39.163349],[-117.098432,39.163224],[-117.093324,39.163274],[-117.069658,39.163303],[-117.060777,39.163313],[-117.045762,39.163329],[-117.014135,39.16336],[-117.000223,39.163327],[-116.964559,39.163064],[-116.917515,39.162728],[-116.875915,39.162629],[-116.847447,39.162227],[-116.836623,39.162147],[-116.827065,39.162077],[-116.750845,39.161528],[-116.739213,39.162256],[-116.730816,39.162215],[-116.712433,39.162108],[-116.691778,39.161989],[-116.686697,39.161959],[-116.639795,39.161685],[-116.600946,39.161463],[-116.595207,39.16143],[-116.531413,39.161599],[-116.481361,39.161692],[-116.462325,39.161703],[-116.410122,39.161736],[-116.352052,39.161761],[-116.335184,39.16178],[-116.250896,39.161831],[-116.235081,39.161793],[-116.168293,39.161631],[-116.125891,39.161669],[-116.124608,39.161525],[-116.112562,39.161496],[-116.077941,39.161413],[-116.032403,39.161301],[-116.011735,39.161241],[-116.002271,39.161228],[-116.000886,39.161845],[-115.99273,39.161848],[-115.971554,39.161845],[-115.967089,39.161845],[-115.938632,39.161855],[-115.907071,39.161848],[-115.875874,39.145428],[-115.869672,39.142676],[-115.84256,39.128325],[-115.794823,39.10294],[-115.780242,39.095218],[-115.766155,39.087696],[-115.750827,39.079636],[-115.742633,39.074647],[-115.711239,39.058135],[-115.69757,39.050926],[-115.660353,39.031252],[-115.644623,39.022978],[-115.626766,39.013579],[-115.62133,39.010551],[-115.608149,39.003461],[-115.607621,39.003177],[-115.601585,38.999933],[-115.599878,38.999933],[-115.568275,38.983412],[-115.567885,38.98321],[-115.564731,38.981464],[-115.545837,38.971082],[-115.51031,38.951991],[-115.500865,38.946924],[-115.49753,38.944964],[-115.463105,38.926496],[-115.37586,38.879697],[-115.368786,38.87602],[-115.366694,38.874938],[-115.301049,38.839806],[-115.278296,38.827549],[-115.274874,38.825753],[-115.266707,38.821168],[-115.250855,38.81241],[-115.237279,38.805124],[-115.184343,38.776562],[-115.164441,38.765824],[-115.15725,38.761944],[-115.155883,38.761264],[-115.134788,38.749942],[-115.12585,38.744604],[-115.122877,38.743404],[-115.103436,38.732923],[-115.079037,38.719773],[-115.078517,38.719485],[-115.057612,38.708119],[-115.049426,38.703715],[-115.047568,38.702716],[-115.000846,38.677322],[-115.000846,38.615477],[-115.000848,38.592914],[-115.000845,38.572423],[-115.000847,38.564301],[-115.000845,38.546832],[-115.000845,38.528515],[-115.000845,38.511653],[-115.000893,38.49387],[-115.000883,38.469052],[-115.000879,38.455797],[-115.000873,38.445396],[-115.000845,38.402237],[-115.000845,38.385168],[-115.000845,38.374952],[-115.001046,38.32701],[-115.001046,38.309033],[-115.001046,38.307738],[-115.001046,38.297456],[-115.001046,38.287831],[-115.001046,38.267569],[-115.000895,38.249954],[-115.000861,38.208652],[-115.00086,38.207528],[-115.000845,38.158189],[-115.000845,38.154284],[-115.000846,38.088772],[-115.000846,38.050757],[-115.06279,38.050806],[-115.125853,38.050855],[-115.152317,38.050833],[-115.17952,38.050812],[-115.237272,38.050765],[-115.250759,38.050754],[-115.250859,38.050641],[-115.261562,38.050681],[-115.331428,38.050949],[-115.351785,38.051028],[-115.359539,38.051054],[-115.375905,38.050609],[-115.400929,38.050676],[-115.418184,38.050722],[-115.492033,38.050918],[-115.501035,38.050859],[-115.559705,38.051211],[-115.567844,38.051206],[-115.57534,38.05119],[-115.604307,38.051183],[-115.607636,38.051181],[-115.611951,38.051178],[-115.653491,38.051148],[-115.654933,38.051148],[-115.708461,38.051116],[-115.710464,38.051118],[-115.765198,38.051076],[-115.799867,38.051003],[-115.840892,38.050921],[-115.857052,38.050888],[-115.863174,38.050878],[-115.875872,38.050598],[-115.893126,38.050534],[-115.893857,38.050531],[-115.894398,38.001224],[-115.894406,37.999938],[-115.8937,37.976736],[-115.893197,37.96139],[-115.893963,37.870035],[-115.894241,37.837422],[-115.89486,37.763246],[-115.894971,37.749944],[-115.894981,37.73365],[-115.894988,37.722372],[-115.894994,37.711322],[-115.895056,37.611192],[-115.89506,37.597042],[-115.89508,37.564059],[-115.895086,37.548331],[-115.895814,37.446076],[-115.89582,37.445538],[-115.896129,37.402958],[-115.896312,37.377803],[-115.896309,37.375257],[-115.895658,37.368528],[-115.894915,37.28609],[-115.894817,37.275198],[-115.89629,37.249954],[-115.896291,37.248337],[-115.896303,37.226868],[-115.896309,37.211589],[-115.896318,37.195175],[-115.896321,37.191032],[-115.896337,37.162833],[-115.896356,37.12887],[-115.896211,37.098889],[-115.896063,37.052687],[-115.895957,37.011076],[-115.896396,36.999954],[-115.896381,36.988586],[-115.896367,36.921958],[-115.895269,36.895218],[-115.894462,36.874955],[-115.894481,36.861568],[-115.896925,36.842085],[-115.896773,36.836334],[-115.896662,36.824787],[-115.896654,36.823492],[-115.896506,36.804985],[-115.896254,36.783638],[-115.896253,36.75353],[-115.896029,36.721311],[-115.895783,36.700298],[-115.895741,36.684033],[-115.895736,36.683539],[-115.895481,36.65673],[-115.895346,36.627844],[-115.89535,36.596649],[-115.895368,36.580168],[-115.877003,36.574682],[-115.872825,36.573729],[-115.869421,36.573262],[-115.833167,36.569491],[-115.819189,36.567999],[-115.816336,36.567753],[-115.812432,36.567728],[-115.808954,36.567984],[-115.794237,36.56985],[-115.759449,36.574193],[-115.739219,36.576314],[-115.727657,36.577766],[-115.712155,36.579704],[-115.707409,36.580075],[-115.705853,36.580077],[-115.703574,36.580037],[-115.689426,36.57923],[-115.67551,36.578434],[-115.671022,36.578189],[-115.666429,36.577922],[-115.657741,36.577423],[-115.656025,36.577322],[-115.646255,36.576689],[-115.64316,36.576232],[-115.637526,36.574727],[-115.63339,36.573038],[-115.630081,36.571238],[-115.612505,36.561043],[-115.598023,36.55269],[-115.597979,36.552285],[-115.575779,36.539471],[-115.562708,36.531923],[-115.548321,36.523608],[-115.48167,36.485112],[-115.479879,36.484075],[-115.468139,36.477316],[-115.467673,36.477028],[-115.467578,36.476968],[-115.467502,36.47692],[-115.467294,36.476788],[-115.4672,36.476729],[-115.456596,36.470605],[-115.456449,36.470519],[-115.456378,36.470478],[-115.456161,36.470351],[-115.456012,36.470263],[-115.455866,36.470179],[-115.452114,36.467966],[-115.45068,36.466971],[-115.448154,36.464962],[-115.446413,36.463283],[-115.443735,36.460031],[-115.442457,36.458031],[-115.423849,36.425825],[-115.420499,36.420335],[-115.418573,36.417989],[-115.41544,36.415004],[-115.398886,36.401314],[-115.368908,36.376514],[-115.355552,36.365404],[-115.351436,36.362025],[-115.322755,36.338217],[-115.320651,36.336207],[-115.320193,36.33621],[-115.31926,36.336216],[-115.314836,36.336243],[-115.29635,36.336064],[-115.287451,36.335916],[-115.287469,36.333954],[-115.285224,36.333759],[-115.285223,36.333804],[-115.284078,36.333748],[-115.284055,36.33586],[-115.282936,36.335857],[-115.280241,36.335947],[-115.278638,36.335955],[-115.276407,36.335967],[-115.27413,36.335921],[-115.260845,36.335658],[-115.26084,36.335826],[-115.230073,36.33553],[-115.229524,36.3347],[-115.229238,36.334418],[-115.22815,36.333476],[-115.224599,36.332598],[-115.224744,36.327989],[-115.224727,36.326012],[-115.224718,36.324058],[-115.224712,36.322407],[-115.224669,36.32026],[-115.222708,36.320307],[-115.218474,36.320381],[-115.21769,36.320401],[-115.217686,36.320972],[-115.216421,36.320983],[-115.216416,36.320435],[-115.215879,36.32045],[-115.215843,36.318529],[-115.215801,36.316755],[-115.215743,36.313],[-115.213561,36.313104],[-115.211404,36.31322],[-115.209128,36.313327],[-115.207188,36.313437],[-115.207197,36.311527],[-115.207204,36.310236],[-115.207207,36.309786],[-115.207201,36.307672],[-115.20724,36.306103],[-115.207239,36.305966],[-115.207184,36.304084],[-115.207125,36.302422],[-115.207017,36.298707],[-115.206897,36.294984],[-115.206656,36.291214],[-115.206603,36.289436],[-115.206608,36.287505],[-115.206577,36.283802],[-115.206549,36.281811],[-115.206525,36.280093],[-115.20644,36.276279],[-115.206519,36.275199],[-115.206543,36.274867],[-115.206853,36.270913],[-115.206947,36.268995],[-115.207125,36.265312],[-115.207178,36.261634],[-115.20265,36.261622],[-115.200398,36.26155],[-115.198111,36.261571],[-115.198015,36.259709],[-115.197984,36.259076],[-115.197925,36.257841],[-115.197943,36.257368],[-115.197973,36.255291],[-115.198033,36.254152],[-115.199937,36.254156],[-115.200974,36.254145],[-115.2022,36.254157],[-115.204124,36.25415],[-115.207445,36.254153],[-115.207489,36.25232],[-115.207531,36.250467],[-115.207545,36.249078],[-115.207557,36.248545],[-115.207567,36.246736],[-115.205813,36.246738],[-115.203635,36.246739],[-115.202519,36.246762],[-115.202493,36.245342],[-115.198513,36.245365],[-115.198469,36.242919],[-115.198441,36.241754],[-115.198419,36.240724],[-115.198405,36.240152],[-115.198386,36.239152],[-115.195818,36.239259],[-115.189463,36.239479],[-115.189422,36.241352],[-115.189457,36.243082],[-115.189433,36.244059],[-115.189362,36.246807],[-115.189295,36.248667],[-115.189293,36.248737],[-115.189263,36.249583],[-115.189246,36.250515],[-115.189226,36.251435],[-115.189217,36.251903],[-115.189199,36.253136],[-115.189161,36.254168],[-115.189138,36.255236],[-115.189108,36.255983],[-115.18911,36.256489],[-115.189089,36.256925],[-115.189074,36.257846],[-115.18903,36.25966],[-115.189036,36.260376],[-115.18899,36.26143],[-115.188886,36.261424],[-115.188924,36.263985],[-115.188878,36.265158],[-115.188816,36.267384],[-115.188793,36.268829],[-115.188758,36.269903],[-115.188729,36.270653],[-115.188715,36.271417],[-115.188695,36.272515],[-115.188652,36.273881],[-115.188603,36.27613],[-115.185212,36.276264],[-115.184206,36.276311],[-115.18149,36.276437],[-115.179761,36.276509],[-115.175418,36.276702],[-115.174149,36.276766],[-115.17101,36.276883],[-115.169473,36.276867],[-115.166939,36.276634],[-115.165498,36.276027],[-115.164272,36.275057],[-115.161972,36.276298],[-115.158381,36.276689],[-115.156573,36.276698],[-115.155619,36.27665],[-115.153043,36.276557],[-115.150148,36.276556],[-115.148633,36.276534],[-115.144005,36.276487],[-115.140866,36.276427],[-115.13951,36.276397],[-115.134838,36.276273],[-115.134814,36.276273],[-115.130421,36.276317],[-115.12824,36.276337],[-115.125956,36.276342],[-115.121453,36.276335],[-115.121406,36.276335],[-115.116988,36.276339],[-115.116891,36.272682],[-115.116913,36.268908],[-115.116944,36.264565],[-115.116957,36.262843],[-115.116967,36.261559],[-115.116956,36.254312],[-115.116952,36.24951],[-115.116947,36.249189],[-115.116915,36.247023],[-115.116908,36.246947],[-115.116816,36.241769],[-115.116792,36.239877],[-115.112015,36.240089],[-115.111871,36.2401],[-115.106974,36.240174],[-115.106688,36.240182],[-115.102042,36.240274],[-115.101515,36.240282],[-115.097277,36.240341],[-115.094874,36.240341],[-115.092305,36.240362],[-115.089184,36.240415],[-115.08607,36.240447],[-115.084318,36.240458],[-115.079997,36.240512],[-115.077465,36.240512],[-115.075148,36.24048],[-115.07108,36.240451],[-115.070546,36.24044],[-115.069895,36.240423],[-115.069501,36.240413],[-115.067973,36.240435],[-115.066495,36.240437],[-115.063651,36.240476],[-115.062134,36.240482],[-115.062131,36.24039],[-115.062178,36.236033],[-115.062183,36.235852],[-115.062202,36.234702],[-115.062215,36.231284],[-115.062228,36.22955],[-115.062208,36.229088],[-115.062208,36.228606],[-115.062215,36.225685],[-115.062221,36.223488],[-115.062222,36.218311],[-115.062268,36.214638],[-115.062294,36.212782],[-115.062287,36.210957],[-115.062267,36.207308],[-115.062241,36.2036],[-115.062227,36.199932],[-115.062202,36.198092],[-115.062208,36.196229],[-115.062064,36.196224],[-115.059927,36.19622],[-115.059797,36.196219],[-115.057614,36.196231],[-115.055266,36.196225],[-115.054495,36.19623],[-115.054314,36.196232],[-115.05429,36.196232],[-115.054047,36.196232],[-115.05393,36.196232],[-115.053768,36.196232],[-115.053619,36.196232],[-115.052802,36.196232],[-115.052816,36.19531],[-115.052776,36.192582],[-115.052719,36.188931],[-115.052749,36.185191],[-115.052856,36.18146],[-115.048388,36.181492],[-115.047501,36.18149],[-115.046158,36.181503],[-115.044717,36.181504],[-115.043824,36.181516],[-115.043854,36.178365],[-115.043894,36.174395],[-115.041606,36.174335],[-115.039415,36.174279],[-115.037572,36.174223],[-115.034893,36.174154],[-115.03486,36.176212],[-115.034238,36.176203],[-115.03425,36.174717],[-115.032051,36.174664],[-115.030323,36.174579],[-115.030338,36.174032],[-115.027489,36.173958],[-115.025806,36.173913],[-115.025783,36.175902],[-115.025731,36.177623],[-115.025702,36.180027],[-115.025701,36.181287],[-115.025681,36.185006],[-115.025577,36.188691],[-115.023392,36.188653],[-115.022591,36.188679],[-115.022686,36.189612],[-115.021275,36.18972],[-115.021155,36.188646],[-115.018907,36.188599],[-115.016655,36.188516],[-115.016794,36.190278],[-115.016962,36.192038],[-115.017111,36.193339],[-115.017349,36.195952],[-115.017534,36.197939],[-115.013542,36.198561],[-115.008653,36.198834],[-115.006708,36.198955],[-115.001062,36.199325],[-114.995658,36.200396],[-114.990476,36.201985],[-114.990109,36.211874],[-114.989393,36.231639],[-114.98931,36.232358],[-114.989026,36.241842],[-114.988857,36.247021],[-114.984411,36.247008],[-114.966291,36.247098],[-114.959507,36.247069],[-114.947484,36.247119],[-114.931997,36.246959],[-114.924141,36.246911],[-114.919609,36.246913],[-114.919224,36.246913],[-114.899467,36.246974],[-114.885676,36.246922],[-114.883625,36.246967],[-114.862343,36.246843],[-114.850274,36.246775],[-114.849131,36.246997],[-114.841777,36.246887],[-114.841042,36.246988],[-114.825635,36.246973],[-114.822952,36.246617],[-114.794986,36.246532],[-114.790604,36.24682],[-114.744534,36.246896],[-114.739991,36.246327],[-114.711137,36.246357],[-114.700672,36.246221],[-114.687469,36.247545],[-114.669401,36.247296],[-114.667957,36.247299],[-114.667835,36.223057],[-114.66724,36.213838],[-114.667746,36.205079],[-114.667915,36.187932],[-114.667275,36.175348],[-114.66813,36.158807],[-114.661624,36.158894],[-114.662822,36.138741],[-114.662337,36.139183],[-114.661514,36.124338],[-114.661833,36.118158],[-114.660448,36.119999],[-114.658131,36.124127],[-114.655512,36.126187],[-114.6517,36.128589],[-114.649057,36.129845],[-114.645728,36.131995],[-114.641976,36.13373],[-114.640125,36.135126],[-114.636862,36.135552],[-114.635809,36.13617],[-114.630474,36.142218],[-114.628462,36.141822],[-114.627079,36.140761],[-114.623837,36.137144],[-114.622264,36.134268],[-114.620605,36.131759],[-114.618429,36.130328],[-114.615455,36.129653],[-114.61324,36.130266],[-114.609288,36.132229],[-114.604192,36.135773],[-114.598067,36.140554],[-114.596474,36.141537],[-114.593035,36.142674],[-114.589828,36.143192],[-114.58764,36.143897],[-114.583716,36.14556],[-114.580707,36.145987],[-114.578828,36.147175],[-114.57706,36.148845],[-114.574301,36.150053],[-114.57109,36.151099],[-114.569047,36.151184],[-114.564709,36.150824],[-114.561173,36.150921],[-114.556162,36.15247],[-114.554461,36.152257],[-114.552254,36.151445],[-114.548742,36.150697],[-114.543232,36.151871],[-114.539233,36.151764],[-114.537562,36.151413],[-114.534478,36.15023],[-114.532924,36.149282],[-114.532308,36.14804],[-114.531091,36.147644],[-114.52621,36.148177],[-114.51428,36.150795],[-114.511218,36.150576],[-114.508104,36.149713],[-114.501049,36.144516],[-114.500236,36.143226],[-114.499992,36.141594],[-114.50108,36.14006],[-114.503213,36.139242],[-114.50515,36.138078],[-114.507175,36.13634],[-114.50921,36.133247],[-114.508467,36.129913],[-114.507201,36.128484],[-114.504715,36.127188],[-114.501798,36.126556],[-114.498849,36.126612],[-114.491836,36.128031],[-114.487635,36.128656],[-114.483827,36.12972],[-114.478248,36.132683],[-114.468674,36.138889],[-114.465579,36.139496],[-114.4626,36.139644],[-114.458945,36.139214],[-114.456487,36.138032],[-114.45511,36.136372],[-114.453798,36.133586],[-114.451331,36.129831],[-114.448795,36.127752],[-114.447135,36.126022],[-114.445042,36.125346],[-114.443736,36.125593],[-114.430893,36.132655],[-114.423114,36.13735],[-114.418193,36.142771],[-114.415253,36.145123],[-114.412491,36.146511],[-114.40914,36.147],[-114.405624,36.146983],[-114.398373,36.145799],[-114.394328,36.144561],[-114.388301,36.142946],[-114.381479,36.141349],[-114.379976,36.141388],[-114.378098,36.14209],[-114.375356,36.143556],[-114.373745,36.143722],[-114.370181,36.142624],[-114.368551,36.140892],[-114.367381,36.13852],[-114.365529,36.136306],[-114.364499,36.134072],[-114.360626,36.129412],[-114.358968,36.127795],[-114.351915,36.123299],[-114.348592,36.121147],[-114.3451,36.118556],[-114.342601,36.115878],[-114.34095,36.113457],[-114.338815,36.111309],[-114.337264,36.110428],[-114.334632,36.106784],[-114.333587,36.106342],[-114.328801,36.105902],[-114.325814,36.103933],[-114.325539,36.102989],[-114.323458,36.101186],[-114.320866,36.096463],[-114.316983,36.093409],[-114.315159,36.091469],[-114.313086,36.088816],[-114.306939,36.082487],[-114.305393,36.078183],[-114.304171,36.07558],[-114.304384,36.074019],[-114.305853,36.071478],[-114.307485,36.069672],[-114.31242,36.066117],[-114.3136,36.064148],[-114.314328,36.062016],[-114.314427,36.060523],[-114.313591,36.059048],[-114.311904,36.057661],[-114.308624,36.056976],[-114.300971,36.05746],[-114.298593,36.057263],[-114.295941,36.056168],[-114.293435,36.0545],[-114.290867,36.050511],[-114.287992,36.04907],[-114.284006,36.048242],[-114.279637,36.046103],[-114.278166,36.045819],[-114.273911,36.046529],[-114.272299,36.046289],[-114.270862,36.045523],[-114.269548,36.043769],[-114.268896,36.04094],[-114.26922,36.036807],[-114.268586,36.035034],[-114.265971,36.03031],[-114.26438,36.027911],[-114.262388,36.026107],[-114.259518,36.024206],[-114.251633,36.019886],[-114.250846,36.01956],[-114.248419,36.018556],[-114.246111,36.017164],[-114.243865,36.015266],[-114.240439,36.015245],[-114.238154,36.014473],[-114.236892,36.013247],[-114.233443,36.012835],[-114.231854,36.013147],[-114.228015,36.014731],[-114.226459,36.014606],[-114.224798,36.013699],[-114.218759,36.014511],[-114.216609,36.014336],[-114.214679,36.014806],[-114.211932,36.014834],[-114.210595,36.015423],[-114.206052,36.016634],[-114.204156,36.016575],[-114.201227,36.017751],[-114.200066,36.017743],[-114.191221,36.020019],[-114.18586,36.022266],[-114.179438,36.024313],[-114.176304,36.026129],[-114.174683,36.02667],[-114.171937,36.026674],[-114.166638,36.026982],[-114.164402,36.026852],[-114.161237,36.026279],[-114.157344,36.024966],[-114.1534,36.02317],[-114.150225,36.023515],[-114.146989,36.026061],[-114.145907,36.027229],[-114.145637,36.028559],[-114.145672,36.03297],[-114.144666,36.034272],[-114.143153,36.035295],[-114.13826,36.03719],[-114.137112,36.038491],[-114.135721,36.041238],[-114.134841,36.043873],[-114.134824,36.045343],[-114.135927,36.050358],[-114.136206,36.053232],[-114.1352,36.056946],[-114.133389,36.061665],[-114.129768,36.068484],[-114.125891,36.072935],[-114.124019,36.075563],[-114.121186,36.082755],[-114.119648,36.085822],[-114.115311,36.090866],[-114.112297,36.09405],[-114.1119,36.095845],[-114.115208,36.099878],[-114.11707,36.101177],[-114.119329,36.10193],[-114.121033,36.103885],[-114.121779,36.105699],[-114.12167,36.108294],[-114.120865,36.11085],[-114.118497,36.1139],[-114.116061,36.115471],[-114.108381,36.119154],[-114.107419,36.119401],[-114.100433,36.119359],[-114.097707,36.120213],[-114.096994,36.120823],[-114.095361,36.124991],[-114.092753,36.132356],[-114.092366,36.135331],[-114.091701,36.137303],[-114.089279,36.140326],[-114.087899,36.142923],[-114.081234,36.150208],[-114.07945,36.154625],[-114.078832,36.157434],[-114.077779,36.159479],[-114.075641,36.162523],[-114.071652,36.170921],[-114.066798,36.179087],[-114.062361,36.184001],[-114.058662,36.187835],[-114.0536,36.190281],[-114.052743,36.190919],[-114.049484,36.192134],[-114.043944,36.19335],[-114.04397,36.196647],[-114.043981,36.207574],[-114.04404,36.210201],[-114.043998,36.231284],[-114.043849,36.245114],[-114.044744,36.259522],[-114.045518,36.27439],[-114.045559,36.288837],[-114.045033,36.30305],[-114.044345,36.310234],[-114.044051,36.317628],[-114.044776,36.331969],[-114.044702,36.346298],[-114.043999,36.361082],[-114.043418,36.375528],[-114.043135,36.380478],[-114.043042,36.387429],[-114.042819,36.438277],[-114.042861,36.449494],[-114.043133,36.469716],[-114.044816,36.491343],[-114.045072,36.506381],[-114.045487,36.516837],[-114.045647,36.521095],[-114.045732,36.537796],[-114.04632,36.564615],[-114.046872,36.585887],[-114.047494,36.607891],[-114.048112,36.637216],[-114.04868,36.659551],[-114.049253,36.68223],[-114.04975,36.702925],[-114.049935,36.709521],[-114.050024,36.724223],[-114.049973,36.738672],[-114.050202,36.747854],[-114.050327,36.752899],[-114.05002,36.77266],[-114.049879,36.781909],[-114.049968,36.797426],[-114.049988,36.799136],[-114.049993,36.799607],[-114.050044,36.804144],[-114.050087,36.807811],[-114.050111,36.809901],[-114.05015,36.816812],[-114.050137,36.817562],[-114.050135,36.817881],[-114.050131,36.819799],[-114.050124,36.823389],[-114.050112,36.828378],[-114.050354,36.843141],[-114.050309,36.87498],[-114.050502,36.895232],[-114.050423,36.903154],[-114.050079,36.950649],[-114.049995,36.957769],[-114.050585,36.999103],[-114.050052,37.000191],[-114.050072,37.014095],[-114.05016,37.023164],[-114.050881,37.074976],[-114.05118,37.080443],[-114.051633,37.088591],[-114.0514,37.089834],[-114.051816,37.091821],[-114.052317,37.098469],[-114.052541,37.112881],[-114.052423,37.1179],[-114.051914,37.122766],[-114.051866,37.134387],[-114.051908,37.14776],[-114.051889,37.162463],[-114.051674,37.172467],[-114.051615,37.184152],[-114.051712,37.208151],[-114.051704,37.23392],[-114.051741,37.250035],[-114.051676,37.257753],[-114.051801,37.273119],[-114.05196,37.284484],[-114.051868,37.296336],[-114.051665,37.302972],[-114.051626,37.303905],[-114.05189,37.31995],[-114.051754,37.331284],[-114.051818,37.347264],[-114.051864,37.361298],[-114.051916,37.416672],[-114.051945,37.418218],[-114.052807,37.434149],[-114.052813,37.442905],[-114.052635,37.464071],[-114.052779,37.47192],[-114.052794,37.47234],[-114.052662,37.482886],[-114.052701,37.492014],[-114.05269,37.518005],[-114.05283,37.532328],[-114.052833,37.538396],[-114.052885,37.549262],[-114.052878,37.565238],[-114.052824,37.574252],[-114.052831,37.585238],[-114.052867,37.58827],[-114.052806,37.593913],[-114.05227,37.607552],[-114.052304,37.618878],[-114.052242,37.632309],[-114.052211,37.63632],[-114.052128,37.650035],[-114.051849,37.6642],[-114.052011,37.679591],[-114.051823,37.713524],[-114.051763,37.724038],[-114.051654,37.751498],[-114.049861,37.766142],[-114.049258,37.780643],[-114.049142,37.795],[-114.048302,37.809424],[-114.048342,37.809861],[-114.049613,37.823541],[-114.049549,37.829989],[-114.049468,37.837954],[-114.049892,37.852653],[-114.049973,37.867851],[-114.049656,37.881385],[-114.050137,37.894806],[-114.050254,37.910402],[-114.050273,37.923695],[-114.050451,37.941802],[-114.0505,37.953341],[-114.050268,37.979468],[-114.050319,38.012992],[-114.050291,38.03962],[-114.050445,38.05425],[-114.05038,38.0673],[-114.050201,38.083787],[-114.050043,38.097528],[-114.050111,38.114306],[-114.050032,38.137716],[-114.049962,38.151916],[-114.050022,38.170542],[-114.050085,38.205005],[-114.050346,38.237104],[-114.050131,38.248429],[-114.049905,38.255396],[-114.049325,38.26606],[-114.049474,38.281797],[-114.049574,38.303435],[-114.049559,38.326267],[-114.049813,38.366326],[-114.049948,38.384895],[-114.050111,38.390471],[-114.049982,38.392856],[-114.050298,38.424306],[-114.050284,38.454575],[-114.050153,38.4698],[-114.050366,38.489357],[-114.050521,38.496117],[-114.050119,38.525945],[-114.049912,38.598377],[-114.049894,38.647844],[-114.049853,38.651359],[-114.049807,38.677365],[-114.049832,38.682779],[-114.049692,38.731192],[-114.049623,38.767872],[-114.049618,38.769106],[-114.049618,38.773157],[-114.049621,38.780105],[-114.049593,38.799973],[-114.049603,38.804425],[-114.049625,38.828408],[-114.049653,38.842255],[-114.049655,38.85221],[-114.049579,38.88348],[-114.049493,38.90043],[-114.049387,38.920149],[-114.04934,38.929449],[-114.049358,38.934748],[-114.049254,38.949597],[-114.049171,38.959577],[-114.049094,38.986258],[-114.049025,39.006552],[-114.048919,39.030504],[-114.048903,39.043592],[-114.048891,39.057112],[-114.04881,39.087848],[-114.048823,39.098521],[-114.048764,39.112374],[-114.048645,39.159317],[-114.048542,39.194931],[-114.048558,39.201447],[-114.0485,39.241932],[-114.048495,39.260169],[-114.048375,39.309588],[-114.048343,39.332135],[-114.048215,39.378363],[-114.048174,39.386006],[-114.047988,39.42267],[-114.047943,39.447707],[-114.047894,39.461852],[-114.047823,39.492326],[-114.047649,39.537524],[-114.047542,39.598031],[-114.047551,39.624941],[-114.047373,39.651088],[-114.047301,39.667585],[-114.047273,39.672215],[-114.047238,39.679905],[-114.047041,39.694787],[-114.046839,39.709111],[-114.047148,39.737494],[-114.047726,39.763588],[-114.047855,39.779402],[-114.047839,39.785375],[-114.047766,39.808439],[-114.047217,39.846973],[-114.047174,39.85333],[-114.047169,39.869263],[-114.047164,39.873347],[-114.047114,39.89552],[-114.04702,39.906808],[-114.046994,39.911513],[-114.04698,39.947234],[-114.046936,39.971929],[-114.046896,39.980589],[-114.046806,40.002926],[-114.046679,40.061668],[-114.04671,40.081025],[-114.046685,40.099672],[-114.046614,40.116936],[-114.046489,40.136641],[-114.046456,40.143255],[-114.046564,40.154056],[-114.046475,40.155306],[-114.046432,40.179036],[-114.046522,40.183899],[-114.046584,40.200076],[-114.04648,40.225447],[-114.04626,40.242755],[-114.046273,40.254928],[-114.046317,40.264989],[-114.046208,40.284052],[-114.046172,40.290492],[-114.046197,40.293363],[-114.046156,40.332159],[-114.046087,40.36025],[-114.046086,40.360501],[-114.046082,40.361599],[-114.046082,40.361735],[-114.046081,40.361752],[-114.046081,40.361803],[-114.046081,40.361821],[-114.0461,40.372736],[-114.046035,40.388453],[-114.046038,40.388999],[-114.046099,40.401848],[-114.04578,40.416483],[-114.045671,40.424544],[-114.04507,40.43082],[-114.04507,40.43992],[-114.045202,40.448956],[-114.045332,40.457793],[-114.045477,40.49008],[-114.045407,40.500112],[-114.045401,40.500984],[-114.045401,40.501087],[-114.045398,40.50149],[-114.045397,40.501629],[-114.045361,40.506763],[-114.045283,40.518228],[-114.04485,40.578953],[-114.04467,40.60742],[-114.044529,40.62474],[-114.04405,40.682461],[-114.043815,40.717894],[-114.043762,40.726034],[-114.043737,40.729113],[-114.043722,40.731488],[-114.043718,40.732067],[-114.043689,40.735776],[-114.043657,40.73799],[-114.043654,40.738142],[-114.043635,40.73961],[-114.043401,40.755552],[-114.043046,40.780326],[-114.042876,40.795614],[-114.042838,40.814396],[-114.042779,40.829358],[-114.042674,40.845903],[-114.042637,40.867649],[-114.042523,40.879827],[-114.042477,40.897577],[-114.042329,40.922686],[-114.042302,40.942092],[-114.04227,40.954665],[-114.042153,40.982138],[-114.041948,41.010251],[-114.041794,41.020902],[-114.041861,41.023749],[-114.041695,41.055791],[-114.041521,41.103928],[-114.041542,41.116701],[-114.041555,41.119425],[-114.041502,41.136496],[-114.041229,41.153683],[-114.041369,41.191271],[-114.041318,41.211539],[-114.041189,41.244603],[-114.041166,41.254145],[-114.04099,41.270791],[-114.040854,41.292756],[-114.040742,41.303121],[-114.040566,41.334139],[-114.040528,41.34197],[-114.040581,41.362773],[-114.040598,41.368202],[-114.040546,41.391346],[-114.040488,41.400672],[-114.04047,41.425736],[-114.040446,41.452926],[-114.04039,41.47167],[-114.040289,41.486183],[-114.040359,41.495807],[-114.040727,41.525021],[-114.040715,41.534048],[-114.040467,41.575051],[-114.040348,41.581797],[-114.040168,41.602387],[-114.040025,41.614895],[-114.039799,41.633212],[-114.039764,41.651667],[-114.039802,41.661217],[-114.039834,41.701193],[-114.03972,41.711839],[-114.039463,41.719178],[-114.039783,41.725998],[-114.039863,41.733129],[-114.039707,41.740817],[-114.040119,41.77411],[-114.040177,41.775203],[-114.039891,41.829319],[-114.039888,41.833632],[-114.040375,41.84801],[-114.040315,41.859407],[-114.040289,41.864656],[-114.04042,41.876987],[-114.040227,41.883092],[-114.039978,41.891345],[-114.039951,41.903939],[-114.040293,41.925371],[-114.040384,41.935825],[-114.040218,41.949878],[-114.040935,41.967202],[-114.041374,41.977717],[-114.041477,41.993873],[-114.045295,41.993802],[-114.061895,41.993797],[-114.06191,41.993939],[-114.08585,41.993948],[-114.107528,41.993831],[-114.107728,41.993965],[-114.125851,41.993936],[-114.125851,41.993989],[-114.145053,41.994007],[-114.160877,41.994029],[-114.184822,41.994076],[-114.196906,41.994098],[-114.20174,41.994108],[-114.217721,41.994114],[-114.234654,41.994114],[-114.248444,41.994284],[-114.250855,41.994314],[-114.281855,41.994214],[-114.281799,41.994441],[-114.284504,41.994349],[-114.290348,41.994352],[-114.300401,41.994385],[-114.319509,41.994412],[-114.33275,41.994461],[-114.339858,41.994504],[-114.349749,41.994538],[-114.359435,41.994464],[-114.369427,41.994542],[-114.37886,41.994457],[-114.396128,41.99449],[-114.403057,41.994488],[-114.42734,41.994499],[-114.44149,41.994522],[-114.475216,41.994537],[-114.489677,41.994633],[-114.501807,41.99463],[-114.514212,41.994565],[-114.537142,41.994361],[-114.54886,41.994238],[-114.562125,41.99439],[-114.56869,41.994377],[-114.587148,41.994542],[-114.598281,41.994594],[-114.603156,41.994697],[-114.612139,41.995076],[-114.620836,41.995523],[-114.640258,41.996248],[-114.651524,41.996516],[-114.669336,41.996854],[-114.674773,41.99696],[-114.682694,41.997082],[-114.701749,41.99763],[-114.72104,41.998394],[-114.735288,41.998905],[-114.760372,41.999776],[-114.778711,42.000347],[-114.792441,42.000829],[-114.808517,42.001468],[-114.816425,42.001791],[-114.823491,42.001842],[-114.851754,42.001716],[-114.85625,42.001702],[-114.862441,42.001414],[-114.875618,42.000784],[-114.891964,42.000141],[-114.900304,41.999882],[-114.921326,41.999462],[-114.930444,41.999197],[-114.936234,41.999042],[-114.948793,41.998446],[-114.954842,41.998166],[-114.972414,41.997518],[-114.978955,41.997473],[-114.993499,41.997565],[-115.000052,41.99721],[-115.003053,41.996976],[-115.013765,41.9966],[-115.033002,41.996245],[-115.038157,41.996279],[-115.062879,41.996198],[-115.069421,41.996137],[-115.103541,41.996159],[-115.118774,41.99613],[-115.143376,41.996265],[-115.149424,41.996237],[-115.161893,41.996216],[-115.191944,41.996281],[-115.219421,41.996371],[-115.229947,41.996358],[-115.238186,41.996331],[-115.254908,41.996271],[-115.267032,41.996326],[-115.289279,41.996335],[-115.310062,41.996367],[-115.318498,41.996424],[-115.343822,41.996306],[-115.352449,41.996317],[-115.365369,41.99638],[-115.380717,41.996449],[-115.396785,41.996513],[-115.411906,41.99652],[-115.425412,41.996602],[-115.437211,41.99663],[-115.454789,41.996739],[-115.46124,41.99671],[-115.486326,41.996784],[-115.492117,41.996808],[-115.504598,41.996936],[-115.518354,41.996858],[-115.526752,41.99687],[-115.573194,41.996906],[-115.580904,41.996845],[-115.59172,41.996915],[-115.624883,41.996922],[-115.653264,41.99692],[-115.672752,41.996917],[-115.678588,41.996841],[-115.687821,41.996802],[-115.701886,41.996908],[-115.711034,41.996882],[-115.724543,41.996891],[-115.733245,41.996859],[-115.748045,41.996797],[-115.755324,41.996931],[-115.768613,41.996961],[-115.769353,41.996964],[-115.784535,41.996893],[-115.799563,41.996881],[-115.812059,41.99696],[-115.817044,41.996895],[-115.829846,41.996909],[-115.84278,41.996779],[-115.849404,41.996789],[-115.871325,41.997038],[-115.890261,41.997172],[-115.909272,41.997119],[-115.912457,41.996971],[-115.92968,41.996674],[-115.94639,41.996553],[-115.950455,41.996418],[-115.965867,41.996385],[-115.986799,41.996523],[-115.999132,41.9965],[-116.012649,41.996416],[-116.031551,41.996362],[-116.045373,41.996331],[-116.053878,41.996748],[-116.066625,41.9975],[-116.072666,41.997501],[-116.084526,41.997499],[-116.117621,41.99762],[-116.133287,41.997656],[-116.137904,41.99766],[-116.146759,41.997667],[-116.152535,41.997616],[-116.160833,41.997508],[-116.174799,41.997687],[-116.190456,41.997698],[-116.191003,41.997698],[-116.201028,41.997683],[-116.206229,41.997684],[-116.225462,41.997669],[-116.243962,41.997651],[-116.25764,41.997361],[-116.27247,41.997391],[-116.302417,41.997238],[-116.314496,41.997069],[-116.317339,41.997147],[-116.334654,41.997268],[-116.339276,41.997237],[-116.352973,41.996874],[-116.368477,41.99628],[-116.377923,41.996324],[-116.378176,41.996472],[-116.397298,41.996444],[-116.407672,41.9966],[-116.414038,41.996738],[-116.440954,41.996683],[-116.471093,41.997095],[-116.484389,41.99721],[-116.498188,41.997443],[-116.503885,41.99729],[-116.510517,41.997276],[-116.523951,41.997292],[-116.576393,41.997413],[-116.586948,41.997531],[-116.601502,41.997588],[-116.617863,41.997591],[-116.635231,41.997676],[-116.647082,41.997782],[-116.697532,41.997864],[-116.7093,41.997953],[-116.709505,41.997954],[-116.726271,41.998007],[-116.759685,41.998201],[-116.79965,41.998423],[-116.875964,41.998765],[-116.891632,41.998796],[-116.901095,41.998851],[-116.932562,41.998896],[-116.944675,41.998715],[-116.959213,41.998831],[-116.988742,41.998782],[-117.008908,41.998756],[-117.015534,41.999317],[-117.018204,41.999715],[-117.019095,41.999598],[-117.0262,42.000195],[-117.026197,41.99989],[-117.046559,41.999984],[-117.068398,42.000035],[-117.125961,42.000371],[-117.133667,42.000439],[-117.178631,42.000351],[-117.198024,42.000383],[-117.2172,42.000124],[-117.217551,41.999887],[-117.250964,41.999887],[-117.251232,41.999787],[-117.292696,41.999687],[-117.35825,41.999516],[-117.36841,41.9995],[-117.375967,41.999407],[-117.395124,41.999325],[-117.403613,41.99929],[-117.438269,41.999577],[-117.443062,41.999659],[-117.467281,41.999367],[-117.47199,41.999425],[-117.495677,41.999354],[-117.500967,41.999464],[-117.506428,41.999271],[-117.513476,41.999207],[-117.515112,41.999189],[-117.530197,41.999024],[-117.610714,41.998542],[-117.617188,41.998505],[-117.623734,41.998466],[-117.626018,41.998096],[-117.645667,41.998158],[-117.650514,41.998122],[-117.65823,41.998128],[-117.705781,41.998161],[-117.717087,41.998184],[-117.718549,41.998189],[-117.722496,41.998177],[-117.725418,41.99818],[-117.737735,41.998219],[-117.763086,41.998282],[-117.789235,41.998426],[-117.812415,41.998417],[-117.838883,41.998234],[-117.873467,41.998335],[-117.87598,41.998159],[-117.890613,41.998133],[-117.914375,41.998242],[-117.92168,41.9982],[-117.960382,41.997988],[-118.000985,41.998059],[-118.00181,41.997988],[-118.067935,41.997663],[-118.070087,41.997651],[-118.12404,41.997367],[-118.129544,41.997339],[-118.195869,41.997001],[-118.197371,41.997344],[-118.223189,41.997249],[-118.242249,41.997103],[-118.287995,41.996826],[-118.30371,41.996722],[-118.319946,41.996554],[-118.327192,41.99654],[-118.329327,41.996536],[-118.348218,41.996444],[-118.377414,41.996239],[-118.396869,41.995888],[-118.414024,41.995914],[-118.434816,41.995857],[-118.481791,41.995408],[-118.538863,41.994777],[-118.54201,41.99474],[-118.569725,41.994457],[-118.628607,41.993399],[-118.634858,41.99324],[-118.638755,41.993118],[-118.640052,41.993077],[-118.644699,41.992962],[-118.676499,41.992154],[-118.696124,41.992121],[-118.707888,41.992082],[-118.714985,41.99214],[-118.738096,41.992332],[-118.745862,41.992499],[-118.757159,41.99261],[-118.765792,41.992509],[-118.793338,41.992605],[-118.808347,41.992613],[-118.870936,41.992748],[-118.883832,41.992772],[-118.903244,41.992725],[-118.934234,41.993158],[-118.982525,41.993385],[-119.00106,41.993551],[-119.045009,41.993582],[-119.082125,41.993715],[-119.115069,41.993492],[-119.135208,41.993403],[-119.164153,41.99337],[-119.203995,41.993498],[-119.204632,41.993511],[-119.222922,41.993672],[-119.238096,41.993898],[-119.257872,41.993817],[-119.295133,41.993934],[-119.321043,41.993926],[-119.324184,41.993923],[-119.336778,41.993956],[-119.355582,41.994227],[-119.37632,41.994444],[-119.383184,41.994588],[-119.401713,41.994977],[-119.433079,41.995474],[-119.455515,41.995717],[-119.475951,41.995772],[-119.493762,41.995727],[-119.511751,41.995765],[-119.531434,41.995787],[-119.574007,41.995752],[-119.613241,41.995909],[-119.646336,41.996133],[-119.67308,41.996342],[-119.710989,41.996182],[-119.733556,41.996251],[-119.755983,41.996545],[-119.770254,41.997036],[-119.777319,41.997159],[-119.789711,41.997388],[-119.80213,41.997417],[-119.826835,41.997477],[-119.84854,41.997476],[-119.888772,41.997422],[-119.908647,41.997154],[-119.948657,41.996736],[-119.96044,41.996348],[-119.9687,41.996073],[-119.986801,41.995709],[-119.999234,41.994944],[-119.999169,41.99373],[-119.999332,41.907702],[-119.999261,41.891286],[-119.999276,41.874895],[-119.998693,41.80218],[-119.998295,41.749915],[-119.998698,41.720632],[-119.998754,41.671328],[-119.998823,41.665148],[-119.998902,41.657899],[-119.998861,41.624937],[-119.998287,41.618818],[-119.998307,41.615544],[-119.998575,41.581432],[-119.998762,41.557943],[-119.999043,41.522864],[-119.999471,41.499894],[-119.999494,41.488826],[-119.999552,41.470218],[-119.999757,41.37465],[-119.999716,41.367814],[-119.999699,41.36511],[-119.999836,41.322491],[-120.000016,41.266548],[-120.000073,41.249758],[-119.99978,41.241948],[-119.99976,41.236061],[-119.999874,41.176444],[-119.999807,41.162328],[-119.999799,41.155921],[-119.999995,41.122559],[-120.000039,41.082999],[-119.999875,41.054041],[-119.999888,41.039538],[-119.999802,41.021836],[-119.999875,40.999894],[-119.999418,40.916761],[-119.999251,40.875931],[-119.999281,40.871466],[-119.998903,40.83209],[-119.998873,40.821786],[-119.998672,40.796119],[-119.998785,40.77385],[-119.998502,40.751444],[-119.99759,40.683547],[-119.997477,40.671422],[-119.997235,40.657369],[-119.997073,40.64232],[-119.996811,40.624764],[-119.996739,40.613132],[-119.996644,40.599447],[-119.996231,40.584284],[-119.995976,40.57055],[-119.995897,40.552808],[-119.99582,40.541628],[-119.99583,40.510725],[-119.995796,40.496248],[-119.995687,40.481752],[-119.995664,40.452902],[-119.995598,40.438366],[-119.995705,40.37583],[-119.996445,40.332641],[-119.996536,40.318131],[-119.996265,40.274521],[-119.996284,40.245449],[-119.99646,40.230856],[-119.996528,40.21892],[-119.996659,40.200694],[-119.997006,40.186235],[-119.996944,40.17158],[-119.997016,40.154331],[-119.997015,40.153277],[-119.997002,40.142579],[-119.99717,40.126322],[-119.997215,40.114498],[-119.997352,40.099991],[-119.997344,40.096363],[-119.997333,40.091788],[-119.997304,40.077208],[-119.99722,40.069812],[-119.997346,40.056075],[-119.99742,40.039203],[-119.997706,39.999905],[-119.997903,39.981636],[-119.998279,39.963105],[-119.998445,39.95511],[-119.998626,39.938032],[-119.998833,39.923559],[-119.999084,39.904257],[-119.999174,39.874913],[-119.999461,39.865535],[-119.999941,39.83758],[-120.000028,39.822084],[-120.000306,39.808523],[-120.000489,39.797269],[-120.000548,39.775223],[-120.000805,39.759846],[-120.001133,39.752229],[-120.001013,39.734189],[-120.001062,39.722418],[-120.000979,39.714348],[-120.000959,39.680613],[-120.000903,39.675144],[-120.000912,39.673642],[-120.000918,39.673],[-120.000925,39.672255],[-120.001049,39.66702],[-120.001157,39.650294],[-120.00114,39.635795],[-120.00082,39.606828],[-120.001477,39.578827],[-120.001505,39.57057],[-120.001947,39.548724],[-120.00174,39.534444],[-120.001789,39.527642],[-120.001823,39.525693],[-120.001878,39.522402],[-120.001918,39.520095],[-120.00215,39.50542],[-120.002155,39.504362],[-120.002181,39.502882],[-120.002187,39.502567],[-120.002299,39.495799],[-120.002303,39.495515],[-120.002317,39.494657],[-120.002496,39.487086],[-120.002827,39.474381],[-120.002888,39.468169],[-120.00289,39.467956],[-120.002899,39.466295],[-120.002903,39.465635],[-120.003056,39.463185],[-120.003383,39.456849],[-120.006127,39.374106],[-120.006276,39.330683],[-120.006326,39.315819],[-120.00645,39.279574],[-120.006452,39.278897],[-120.006473,39.272878],[-120.005686,39.244263],[-120.005679,39.236249],[-120.005611,39.228335],[-120.005577,39.227426],[-120.005722,39.226973],[-120.005726,39.22604],[-120.005634,39.22261],[-120.005541,39.218029],[-120.00453,39.187445],[-120.004297,39.165603],[-120.000801,39.165692],[-119.936856,39.165607],[-119.934164,39.165603],[-119.931865,39.1656],[-119.929686,39.165597],[-119.924496,39.165589],[-119.901514,39.165545],[-119.901182,39.165545],[-119.897178,39.16554],[-119.893583,39.165533],[-119.882644,39.165513],[-119.880787,39.165509],[-119.880802,39.17091],[-119.875799,39.170842],[-119.869379,39.170986],[-119.862103,39.171148],[-119.862345,39.179626],[-119.862517,39.185639],[-119.853403,39.185751],[-119.853263,39.189886],[-119.85326,39.193022],[-119.843883,39.193152],[-119.843931,39.200561],[-119.843933,39.200776],[-119.826716,39.200819],[-119.826718,39.20222],[-119.826731,39.207988],[-119.818487,39.20802],[-119.817526,39.208024],[-119.817526,39.208917],[-119.814418,39.209158],[-119.80952,39.209427],[-119.805561,39.209136],[-119.804527,39.208394],[-119.804328,39.208426],[-119.804106,39.208459],[-119.803549,39.208545],[-119.802413,39.20804],[-119.798856,39.208038],[-119.798866,39.211428],[-119.798866,39.211552],[-119.79886,39.215238],[-119.796519,39.21525],[-119.792355,39.21528],[-119.770871,39.215285],[-119.770872,39.220961],[-119.770803,39.22391],[-119.770871,39.224382],[-119.770873,39.226368],[-119.770872,39.229832],[-119.757308,39.22988],[-119.757116,39.229881],[-119.752168,39.229892],[-119.752144,39.23442],[-119.752093,39.244385],[-119.744973,39.24435],[-119.743052,39.244065],[-119.737693,39.244112],[-119.735137,39.244131],[-119.728752,39.24418],[-119.722198,39.24423],[-119.720135,39.244247],[-119.715297,39.244283],[-119.714559,39.246224],[-119.712645,39.250871],[-119.712112,39.251046],[-119.712287,39.251293],[-119.706718,39.252678],[-119.678288,39.259391],[-119.678104,39.259435],[-119.65312,39.265399],[-119.647306,39.266786],[-119.645001,39.267729],[-119.6416,39.269147],[-119.635543,39.271686],[-119.630614,39.273811],[-119.629306,39.274364],[-119.629285,39.274376],[-119.614833,39.2804],[-119.602838,39.285566],[-119.595978,39.288379],[-119.584114,39.293439],[-119.581212,39.294655],[-119.570118,39.299318],[-119.570096,39.299327],[-119.565064,39.301244],[-119.557712,39.304329],[-119.557382,39.304438],[-119.554385,39.30569],[-119.554341,39.308329],[-119.551585,39.307958],[-119.548968,39.307957],[-119.547632,39.308516],[-119.547611,39.308525],[-119.529562,39.316146],[-119.527242,39.317127],[-119.525114,39.318025],[-119.511075,39.323988],[-119.486952,39.334282],[-119.481883,39.336446],[-119.478792,39.337851],[-119.472166,39.347375],[-119.466954,39.354967],[-119.465789,39.356765],[-119.459155,39.366431],[-119.453043,39.375316],[-119.446848,39.384371],[-119.440457,39.39374],[-119.438144,39.397089],[-119.433235,39.404207],[-119.424338,39.417115],[-119.402613,39.448907],[-119.395906,39.458718],[-119.394349,39.460997],[-119.392451,39.463775],[-119.388957,39.468886],[-119.388871,39.469011],[-119.388724,39.469227],[-119.367739,39.499958],[-119.358161,39.513795],[-119.323814,39.563461],[-119.325525,39.565074],[-119.325376,39.565955],[-119.323733,39.566598],[-119.322225,39.565756],[-119.320893,39.567682],[-119.313272,39.578699],[-119.301028,39.596414],[-119.293602,39.607151],[-119.289546,39.613017],[-119.287851,39.615467],[-119.287789,39.615559],[-119.287715,39.615666],[-119.287013,39.616679],[-119.285993,39.618157],[-119.285761,39.618493],[-119.283116,39.622317],[-119.276902,39.622271],[-119.273415,39.627448],[-119.25876,39.649213],[-119.257342,39.65132],[-119.236454,39.651379],[-119.226673,39.651334],[-119.189344,39.651423],[-119.189288,39.636815],[-119.192666,39.636814],[-119.190676,39.631787],[-119.188427,39.633444],[-119.185234,39.636861],[-119.182747,39.640718],[-119.18154,39.643589],[-119.180823,39.64639],[-119.180436,39.649375],[-119.179326,39.651336],[-119.178181,39.652313],[-119.17611,39.653266],[-119.172854,39.653824],[-119.166819,39.654262],[-119.162979,39.655103],[-119.160812,39.656097],[-119.15799,39.658062],[-119.115382,39.687176],[-119.113347,39.688666],[-119.110098,39.691558],[-119.108483,39.693304],[-119.104354,39.698645],[-119.102033,39.70134],[-119.097168,39.70593],[-119.065222,39.735345],[-119.063449,39.737124],[-119.06244,39.737125],[-119.058566,39.737129],[-119.05857,39.729873],[-119.067979,39.729868],[-119.067978,39.722634],[-119.077136,39.722637],[-119.077115,39.66536],[-119.077148,39.636796],[-119.086769,39.636825],[-119.089146,39.636829],[-119.089567,39.605356],[-119.090016,39.582202],[-119.089966,39.579876],[-119.090027,39.570277],[-119.090027,39.570229],[-119.090027,39.570095],[-119.090026,39.570046],[-119.090016,39.56804],[-119.090162,39.552376],[-119.090178,39.552],[-119.090216,39.548058],[-119.090219,39.544695],[-119.087547,39.542521],[-119.079374,39.53522],[-119.077234,39.533374],[-119.079063,39.53317],[-119.079497,39.530486],[-119.081237,39.5276],[-119.083489,39.526345],[-119.085608,39.526568],[-119.08728,39.526682],[-119.090438,39.524196],[-119.090531,39.518871],[-119.095152,39.518888],[-119.099849,39.518909],[-119.117637,39.518948],[-119.11779,39.518849],[-119.117798,39.511646],[-119.117803,39.508759],[-119.117803,39.504364],[-119.117814,39.503259],[-119.117825,39.497982],[-119.117827,39.49565],[-119.117837,39.477675],[-119.117871,39.460942],[-119.117873,39.460122],[-119.117925,39.438714],[-119.11792,39.438164],[-119.117943,39.437415],[-119.117967,39.404473],[-119.117975,39.40305],[-119.117975,39.401467],[-119.11798,39.395871],[-119.117714,39.388658],[-119.103044,39.38802],[-119.099892,39.387916],[-119.099685,39.387904],[-119.099603,39.380151],[-119.09955,39.373804],[-119.081212,39.373576],[-119.081082,39.368178],[-119.080964,39.360816],[-119.080929,39.359382],[-119.062279,39.359293],[-119.062562,39.355707],[-119.062264,39.351334],[-119.062267,39.344614],[-119.044436,39.344567],[-119.044256,39.344567],[-119.044207,39.330111],[-119.025501,39.330085],[-119.025494,39.325345],[-119.025479,39.3156],[-119.006794,39.315565],[-119.006792,39.299974],[-118.987818,39.299975],[-118.987721,39.285474],[-118.965017,39.285476],[-118.965002,39.273009],[-118.964996,39.27068],[-118.95118,39.270666],[-118.946441,39.270663],[-118.946417,39.267833],[-118.946397,39.264731],[-118.946329,39.256173],[-118.927836,39.25617],[-118.927681,39.248926],[-118.927678,39.241681],[-118.909148,39.241679],[-118.909141,39.234601],[-118.909031,39.227191],[-118.890663,39.2272],[-118.890831,39.198218],[-118.866757,39.19821],[-118.866737,39.185337],[-118.848103,39.185314],[-118.848091,39.17123],[-118.82944,39.171137],[-118.829429,39.156334],[-118.810815,39.156329],[-118.810817,39.141819],[-118.809179,39.14182],[-118.792737,39.141826],[-118.792219,39.141826],[-118.792219,39.141547],[-118.792212,39.119049],[-118.792209,39.11285],[-118.771443,39.112829],[-118.755068,39.112811],[-118.755059,39.074702],[-118.753835,39.07463],[-118.736087,39.074657],[-118.708879,39.074594],[-118.680607,39.074656],[-118.671066,39.074608],[-118.663322,39.074569],[-118.651778,39.074697],[-118.635393,39.074496],[-118.629294,39.074421],[-118.625972,39.074382],[-118.620962,39.073949],[-118.597625,39.073948],[-118.585399,39.073969],[-118.523119,39.073952],[-118.500967,39.073946],[-118.488006,39.073669],[-118.477505,39.073682],[-118.456667,39.073719],[-118.452633,39.073902],[-118.417752,39.073691]]]]}},{"type":"Feature","properties":{"id":3,"NAME":"3","TotalPop":776154,"PopDevPct":0.00000225,"DemPct":0.45674678,"RepPct":0.52631303,"WhitePct":0.53808512,"MinorityPct":0.46191488,"BlackPct":0.09059988,"HispanicPct":0.1820224,"PacificPct":0.0192922,"AsianPct":0.16555162,"NativePct":0.02540582,"TotalVAP":613875,"Margin":-0.04325322,"color":"#ff8484","opacity":"0.5"},"geometry":{"type":"MultiPolygon","coordinates":[[[[-115.369317,35.589813],[-115.366799,35.587866],[-115.329567,35.558509],[-115.283996,35.52222],[-115.269457,35.511166],[-115.25972,35.503541],[-115.247554,35.493679],[-115.241786,35.489105],[-115.225378,35.475889],[-115.21951,35.471103],[-115.212984,35.465963],[-115.204361,35.459125],[-115.167269,35.429732],[-115.164904,35.427867],[-115.161057,35.423958],[-115.159944,35.423065],[-115.104325,35.378387],[-115.095891,35.371787],[-115.087583,35.365903],[-115.084002,35.363394],[-115.076954,35.35749],[-115.067699,35.349736],[-115.044418,35.331508],[-114.994666,35.292511],[-114.984368,35.283975],[-114.947619,35.254819],[-114.925434,35.237194],[-114.895389,35.213328],[-114.874283,35.195977],[-114.853932,35.179247],[-114.84929,35.17584],[-114.835711,35.165559],[-114.81915,35.152304],[-114.815122,35.149135],[-114.801313,35.13803],[-114.797341,35.134927],[-114.783733,35.12389],[-114.779626,35.120675],[-114.765601,35.109337],[-114.746484,35.093622],[-114.731561,35.081386],[-114.729802,35.08004],[-114.714117,35.067237],[-114.711354,35.065068],[-114.695759,35.052491],[-114.683513,35.04255],[-114.675315,35.035897],[-114.657877,35.021641],[-114.653765,35.018279],[-114.634091,35.002338],[-114.633487,35.001857],[-114.63557,35.005933],[-114.636821,35.009359],[-114.637644,35.013882],[-114.63819,35.022069],[-114.637524,35.027053],[-114.636329,35.029542],[-114.634732,35.033734],[-114.631052,35.039881],[-114.627124,35.044721],[-114.625799,35.045834],[-114.617491,35.051703],[-114.615902,35.05272],[-114.610701,35.055458],[-114.609278,35.056455],[-114.606694,35.058941],[-114.604715,35.061744],[-114.603619,35.064226],[-114.603042,35.06654],[-114.603175,35.070445],[-114.604182,35.073715],[-114.605545,35.075961],[-114.607701,35.078533],[-114.613132,35.083097],[-114.61842,35.086539],[-114.622517,35.088703],[-114.625799,35.089833],[-114.632053,35.092559],[-114.635586,35.093566],[-114.639691,35.095005],[-114.642831,35.096503],[-114.643729,35.097487],[-114.644507,35.098346],[-114.646003,35.100079],[-114.646764,35.101868],[-114.645152,35.104995],[-114.644354,35.105903],[-114.641116,35.108401],[-114.639008,35.110915],[-114.632282,35.117088],[-114.629934,35.118272],[-114.623761,35.120602],[-114.618586,35.121557],[-114.613725,35.121666],[-114.613638,35.121659],[-114.613377,35.121643],[-114.613293,35.121639],[-114.604007,35.121252],[-114.60274,35.121666],[-114.600694,35.121611],[-114.597794,35.121735],[-114.589787,35.123522],[-114.584877,35.125194],[-114.579882,35.127506],[-114.578263,35.12881],[-114.577146,35.130982],[-114.574411,35.13495],[-114.572597,35.139557],[-114.573972,35.14404],[-114.573553,35.146902],[-114.570301,35.159105],[-114.569529,35.162317],[-114.568886,35.168443],[-114.56876,35.172195],[-114.569214,35.17289],[-114.568989,35.175085],[-114.569242,35.17796],[-114.569238,35.178872],[-114.569242,35.18162],[-114.569245,35.182539],[-114.569653,35.186267],[-114.571404,35.191026],[-114.571412,35.193297],[-114.571753,35.197229],[-114.571802,35.199507],[-114.571821,35.199755],[-114.572084,35.200794],[-114.574037,35.20379],[-114.574233,35.205481],[-114.574958,35.206714],[-114.578581,35.208113],[-114.579535,35.208911],[-114.579897,35.21097],[-114.579921,35.215521],[-114.580312,35.220095],[-114.581735,35.224072],[-114.583428,35.229737],[-114.583438,35.230994],[-114.58248,35.233173],[-114.582842,35.238703],[-114.584993,35.242717],[-114.585522,35.246902],[-114.586053,35.248891],[-114.585714,35.253145],[-114.585768,35.257743],[-114.586604,35.262386],[-114.587497,35.265473],[-114.589843,35.270389],[-114.593247,35.284361],[-114.593778,35.285916],[-114.595119,35.288201],[-114.596264,35.291928],[-114.597268,35.299565],[-114.59721,35.303223],[-114.596454,35.308346],[-114.595163,35.321883],[-114.595162,35.324238],[-114.595553,35.326547],[-114.599771,35.34111],[-114.606173,35.359651],[-114.611206,35.370119],[-114.613137,35.373389],[-114.617698,35.380131],[-114.618257,35.382646],[-114.618313,35.384498],[-114.618984,35.389391],[-114.620887,35.396867],[-114.621783,35.39945],[-114.625702,35.407976],[-114.627325,35.410193],[-114.629061,35.411175],[-114.631973,35.413825],[-114.650735,35.428877],[-114.652752,35.430819],[-114.653817,35.432853],[-114.654295,35.436854],[-114.658105,35.441835],[-114.661747,35.444735],[-114.663541,35.447797],[-114.664215,35.451707],[-114.66388,35.454657],[-114.665142,35.457331],[-114.666151,35.458198],[-114.667217,35.46037],[-114.666769,35.462085],[-114.66579,35.463915],[-114.66551,35.465836],[-114.665988,35.467985],[-114.667389,35.469904],[-114.67235,35.47374],[-114.673585,35.475843],[-114.673081,35.47797],[-114.672074,35.479709],[-114.671907,35.482087],[-114.673534,35.485675],[-114.676507,35.489284],[-114.676956,35.490336],[-114.676257,35.493103],[-114.677743,35.495182],[-114.678642,35.497628],[-114.678892,35.501276],[-114.678068,35.505645],[-114.677143,35.512945],[-114.675685,35.51563],[-114.672767,35.518428],[-114.66954,35.52079],[-114.668586,35.521225],[-114.666565,35.520993],[-114.664601,35.521519],[-114.663983,35.522161],[-114.661682,35.526682],[-114.659886,35.527919],[-114.657753,35.530741],[-114.657163,35.532301],[-114.65677,35.534964],[-114.657809,35.536963],[-114.660335,35.540433],[-114.661457,35.544062],[-114.66157,35.545692],[-114.66112,35.549021],[-114.661963,35.552604],[-114.661963,35.555887],[-114.663451,35.559884],[-114.663535,35.560963],[-114.662805,35.564268],[-114.6639,35.56629],[-114.664433,35.568426],[-114.666231,35.571642],[-114.668393,35.574331],[-114.670022,35.575596],[-114.671567,35.576217],[-114.674881,35.578379],[-114.675751,35.579459],[-114.674993,35.580652],[-114.670191,35.583471],[-114.667635,35.584318],[-114.664209,35.585944],[-114.660558,35.586583],[-114.658824,35.588319],[-114.655586,35.594819],[-114.654518,35.596609],[-114.6539,35.598491],[-114.653731,35.600373],[-114.654489,35.605173],[-114.653618,35.607192],[-114.653534,35.609672],[-114.653927,35.611739],[-114.655219,35.614059],[-114.657241,35.617046],[-114.659461,35.619552],[-114.660641,35.620334],[-114.663647,35.620773],[-114.665389,35.621556],[-114.666682,35.623073],[-114.668087,35.627115],[-114.669015,35.628861],[-114.672134,35.633365],[-114.675001,35.638304],[-114.677615,35.641774],[-114.679415,35.643429],[-114.683462,35.646096],[-114.686133,35.647522],[-114.689001,35.65028],[-114.689481,35.65137],[-114.689226,35.652898],[-114.690016,35.660016],[-114.690494,35.662657],[-114.690214,35.665159],[-114.689568,35.666261],[-114.686055,35.670642],[-114.682317,35.677825],[-114.680827,35.682255],[-114.680631,35.684046],[-114.680997,35.685929],[-114.682657,35.688571],[-114.685694,35.690341],[-114.688113,35.691354],[-114.691263,35.693125],[-114.696214,35.69655],[-114.701416,35.701084],[-114.703608,35.703922],[-114.705597,35.708274],[-114.705347,35.708344],[-114.705447,35.711757],[-114.703255,35.717541],[-114.699405,35.726929],[-114.697859,35.731657],[-114.69654,35.738934],[-114.696401,35.742673],[-114.696655,35.746143],[-114.697585,35.748417],[-114.697726,35.750966],[-114.696854,35.752756],[-114.696546,35.754638],[-114.694267,35.756633],[-114.694717,35.757897],[-114.69742,35.760677],[-114.700266,35.766879],[-114.701027,35.76968],[-114.70117,35.774112],[-114.700074,35.780126],[-114.699036,35.788046],[-114.699318,35.79048],[-114.703178,35.794685],[-114.705827,35.798889],[-114.71149,35.80438],[-114.712026,35.805529],[-114.710534,35.807525],[-114.709718,35.809453],[-114.708818,35.810577],[-114.70634,35.812022],[-114.703271,35.815233],[-114.700654,35.822004],[-114.697276,35.826776],[-114.69553,35.829897],[-114.695249,35.832285],[-114.695757,35.833387],[-114.701478,35.839316],[-114.702085,35.840239],[-114.702339,35.842151],[-114.703527,35.841845],[-114.704173,35.842669],[-114.704203,35.844274],[-114.706076,35.845873],[-114.706532,35.849027],[-114.705856,35.850508],[-114.703599,35.852595],[-114.699985,35.853591],[-114.695291,35.853987],[-114.693446,35.855125],[-114.691456,35.858661],[-114.689581,35.859916],[-114.68205,35.86295],[-114.678186,35.863311],[-114.672289,35.865011],[-114.669399,35.86528],[-114.667471,35.867061],[-114.662623,35.869213],[-114.661636,35.871233],[-114.663214,35.873692],[-114.668145,35.875201],[-114.672009,35.878018],[-114.678972,35.88551],[-114.684554,35.889442],[-114.693602,35.895311],[-114.69454,35.896587],[-114.696064,35.896464],[-114.695586,35.896939],[-114.694928,35.897594],[-114.696132,35.898662],[-114.697558,35.89936],[-114.700258,35.901757],[-114.700769,35.903064],[-114.703538,35.906707],[-114.706767,35.90895],[-114.708112,35.909933],[-114.709187,35.916827],[-114.707784,35.916993],[-114.707398,35.918057],[-114.70788,35.919207],[-114.707523,35.921645],[-114.707329,35.926177],[-114.707603,35.92795],[-114.708397,35.928738],[-114.712965,35.932159],[-114.713413,35.9319],[-114.713312,35.933844],[-114.721569,35.946738],[-114.729762,35.959895],[-114.728496,35.960395],[-114.729328,35.962428],[-114.73009,35.962691],[-114.732456,35.965891],[-114.736195,35.969421],[-114.740536,35.975545],[-114.743494,35.983553],[-114.743638,35.985785],[-114.743117,35.987387],[-114.739413,35.991363],[-114.739481,35.992542],[-114.740544,35.994853],[-114.740815,35.997464],[-114.741536,35.99969],[-114.741679,36.002283],[-114.743163,36.006722],[-114.743005,36.00845],[-114.741177,36.01231],[-114.741099,36.012465],[-114.738555,36.015223],[-114.73729,36.016179],[-114.728874,36.021387],[-114.723324,36.026588],[-114.722214,36.027964],[-114.722096,36.028952],[-114.723673,36.03123],[-114.727602,36.033099],[-114.730563,36.036207],[-114.733417,36.037913],[-114.735739,36.038033],[-114.740018,36.037467],[-114.741262,36.038044],[-114.742105,36.039792],[-114.742661,36.042573],[-114.742479,36.045697],[-114.741677,36.047877],[-114.739458,36.050193],[-114.736322,36.052686],[-114.73508,36.054435],[-114.735285,36.056648],[-114.736023,36.059063],[-114.74006,36.062437],[-114.741129,36.065454],[-114.7422,36.067833],[-114.742331,36.069151],[-114.743542,36.071037],[-114.745236,36.072511],[-114.747725,36.073894],[-114.748891,36.074981],[-114.75057,36.08033],[-114.754032,36.083093],[-114.754681,36.085052],[-114.754508,36.086171],[-114.752836,36.089393],[-114.750095,36.092275],[-114.748913,36.095183],[-114.745083,36.097712],[-114.737497,36.103102],[-114.734085,36.104672],[-114.718257,36.107164],[-114.715364,36.107342],[-114.709269,36.107396],[-114.706091,36.108239],[-114.703046,36.108488],[-114.696981,36.110297],[-114.694152,36.112291],[-114.691631,36.112535],[-114.688074,36.111457],[-114.684426,36.109472],[-114.681847,36.109192],[-114.679775,36.109874],[-114.677841,36.111247],[-114.675106,36.114111],[-114.671867,36.115964],[-114.665716,36.116098],[-114.664343,36.1163],[-114.661833,36.118158],[-114.661514,36.124338],[-114.662337,36.139183],[-114.662822,36.138741],[-114.661624,36.158894],[-114.66813,36.158807],[-114.667275,36.175348],[-114.667915,36.187932],[-114.667746,36.205079],[-114.66724,36.213838],[-114.667835,36.223057],[-114.667957,36.247299],[-114.669401,36.247296],[-114.687469,36.247545],[-114.700672,36.246221],[-114.711137,36.246357],[-114.739991,36.246327],[-114.744534,36.246896],[-114.790604,36.24682],[-114.794986,36.246532],[-114.822952,36.246617],[-114.825635,36.246973],[-114.841042,36.246988],[-114.841777,36.246887],[-114.849131,36.246997],[-114.850274,36.246775],[-114.862343,36.246843],[-114.883625,36.246967],[-114.885676,36.246922],[-114.899467,36.246974],[-114.919224,36.246913],[-114.919609,36.246913],[-114.924141,36.246911],[-114.931997,36.246959],[-114.947484,36.247119],[-114.959507,36.247069],[-114.966291,36.247098],[-114.984411,36.247008],[-114.988857,36.247021],[-114.989026,36.241842],[-114.98931,36.232358],[-114.989393,36.231639],[-114.990109,36.211874],[-114.990476,36.201985],[-114.995658,36.200396],[-115.001062,36.199325],[-115.006708,36.198955],[-115.008653,36.198834],[-115.013542,36.198561],[-115.017534,36.197939],[-115.017349,36.195952],[-115.017111,36.193339],[-115.016962,36.192038],[-115.016794,36.190278],[-115.016655,36.188516],[-115.018907,36.188599],[-115.021155,36.188646],[-115.021275,36.18972],[-115.022686,36.189612],[-115.022591,36.188679],[-115.023392,36.188653],[-115.025577,36.188691],[-115.025681,36.185006],[-115.025701,36.181287],[-115.025702,36.180027],[-115.025731,36.177623],[-115.025783,36.175902],[-115.025806,36.173913],[-115.027489,36.173958],[-115.030338,36.174032],[-115.030323,36.174579],[-115.032051,36.174664],[-115.03425,36.174717],[-115.034238,36.176203],[-115.03486,36.176212],[-115.034893,36.174154],[-115.037572,36.174223],[-115.039415,36.174279],[-115.041606,36.174335],[-115.043894,36.174395],[-115.04456,36.167263],[-115.044848,36.167253],[-115.044663,36.163315],[-115.04465,36.163042],[-115.044609,36.159406],[-115.045714,36.1594],[-115.046646,36.159412],[-115.047395,36.159417],[-115.04733,36.158198],[-115.04734,36.157508],[-115.047319,36.156815],[-115.047355,36.156104],[-115.047334,36.155403],[-115.047318,36.152558],[-115.047315,36.151836],[-115.0473,36.15019],[-115.047272,36.14672],[-115.047287,36.144569],[-115.047305,36.142381],[-115.047336,36.141376],[-115.047344,36.140607],[-115.047382,36.139988],[-115.047366,36.137214],[-115.048143,36.137201],[-115.050417,36.137172],[-115.053711,36.137126],[-115.054211,36.137123],[-115.056374,36.1371],[-115.056359,36.134839],[-115.056345,36.133392],[-115.056336,36.131767],[-115.05631,36.129701],[-115.05631,36.12966],[-115.058783,36.129654],[-115.060742,36.129652],[-115.065272,36.129594],[-115.065432,36.129598],[-115.065341,36.127716],[-115.065289,36.12651],[-115.065209,36.124126],[-115.065156,36.122766],[-115.065124,36.122277],[-115.065077,36.12126],[-115.065003,36.119622],[-115.064959,36.118632],[-115.064953,36.118461],[-115.064774,36.114856],[-115.064609,36.114857],[-115.06455,36.113114],[-115.058961,36.108189],[-115.05697,36.106409],[-115.055354,36.105003],[-115.053864,36.103688],[-115.050834,36.10094],[-115.048285,36.098669],[-115.047579,36.098044],[-115.046085,36.096689],[-115.046317,36.096518],[-115.047117,36.095923],[-115.046225,36.094974],[-115.0437,36.092965],[-115.043314,36.092638],[-115.042582,36.09317],[-115.040708,36.091491],[-115.04044,36.091694],[-115.039905,36.091213],[-115.037581,36.089132],[-115.035677,36.087481],[-115.033953,36.085908],[-115.032645,36.084754],[-115.032854,36.084591],[-115.03497,36.083795],[-115.03742,36.083814],[-115.043943,36.083921],[-115.044074,36.081523],[-115.044498,36.080653],[-115.044588,36.080488],[-115.049829,36.083223],[-115.054673,36.085753],[-115.060066,36.085689],[-115.063989,36.085633],[-115.06425,36.078041],[-115.068436,36.078095],[-115.073217,36.078139],[-115.073087,36.084588],[-115.073059,36.085625],[-115.075319,36.085614],[-115.075447,36.085616],[-115.076486,36.085627],[-115.077618,36.085619],[-115.077617,36.086865],[-115.077625,36.087829],[-115.077623,36.089287],[-115.077632,36.089835],[-115.077628,36.091115],[-115.077627,36.091916],[-115.077623,36.092534],[-115.077633,36.092931],[-115.080326,36.092953],[-115.081446,36.092955],[-115.082065,36.092958],[-115.082131,36.092958],[-115.083707,36.09299],[-115.085937,36.093057],[-115.086849,36.093082],[-115.08771,36.093103],[-115.088939,36.09314],[-115.091547,36.093207],[-115.0942,36.093295],[-115.095664,36.093332],[-115.096472,36.093357],[-115.097345,36.093391],[-115.097516,36.093393],[-115.09803,36.093402],[-115.098202,36.093406],[-115.098743,36.093428],[-115.099118,36.093442],[-115.101005,36.093479],[-115.105469,36.093382],[-115.109918,36.093259],[-115.112213,36.093211],[-115.114412,36.093156],[-115.117727,36.093073],[-115.118863,36.09305],[-115.118829,36.089926],[-115.118798,36.08669],[-115.118813,36.086181],[-115.120628,36.086235],[-115.123278,36.086306],[-115.12415,36.086326],[-115.125336,36.086356],[-115.127009,36.08691],[-115.127886,36.08754],[-115.128475,36.08798],[-115.130108,36.088792],[-115.13236,36.088943],[-115.136879,36.088936],[-115.136818,36.086369],[-115.140159,36.086339],[-115.141799,36.086063],[-115.144631,36.084984],[-115.146171,36.089362],[-115.146533,36.09092],[-115.146763,36.091531],[-115.147239,36.092564],[-115.147062,36.092615],[-115.147304,36.092845],[-115.148868,36.097689],[-115.149263,36.099087],[-115.149773,36.101019],[-115.15033,36.102532],[-115.15133,36.105712],[-115.152027,36.107971],[-115.153126,36.111531],[-115.153971,36.114255],[-115.154012,36.114383],[-115.154638,36.11643],[-115.154731,36.116734],[-115.154976,36.118472],[-115.154971,36.121246],[-115.15489,36.122966],[-115.154871,36.124939],[-115.154826,36.12684],[-115.154838,36.129554],[-115.152741,36.129384],[-115.147917,36.129406],[-115.145953,36.129756],[-115.14142,36.129765],[-115.140412,36.129762],[-115.139399,36.129765],[-115.138312,36.129753],[-115.136887,36.129755],[-115.136864,36.136994],[-115.136882,36.140006],[-115.136884,36.140329],[-115.136872,36.140788],[-115.136995,36.144115],[-115.137008,36.14433],[-115.138878,36.144242],[-115.140171,36.144198],[-115.142434,36.144113],[-115.144724,36.144047],[-115.145704,36.144008],[-115.146641,36.143968],[-115.147257,36.143935],[-115.147524,36.143928],[-115.148352,36.143896],[-115.148434,36.143891],[-115.150289,36.143829],[-115.151783,36.143791],[-115.152622,36.143751],[-115.153618,36.143718],[-115.154768,36.143674],[-115.157331,36.143719],[-115.158502,36.143736],[-115.164779,36.144009],[-115.166124,36.14407],[-115.167541,36.144123],[-115.169237,36.144202],[-115.170852,36.144305],[-115.171073,36.144055],[-115.177165,36.137127],[-115.177451,36.137126],[-115.177959,36.137134],[-115.178719,36.136231],[-115.18027,36.133464],[-115.181112,36.130212],[-115.18113,36.130053],[-115.180634,36.130331],[-115.180294,36.130537],[-115.180384,36.126198],[-115.180409,36.122099],[-115.180416,36.120527],[-115.180408,36.119759],[-115.180453,36.114576],[-115.18045,36.114393],[-115.180797,36.114362],[-115.183435,36.114253],[-115.185287,36.114669],[-115.185618,36.114181],[-115.188814,36.109278],[-115.191511,36.104533],[-115.19322,36.100897],[-115.194829,36.096906],[-115.195765,36.093626],[-115.197386,36.086333],[-115.199175,36.086328],[-115.201535,36.086338],[-115.203846,36.086343],[-115.206156,36.086341],[-115.207899,36.086348],[-115.207913,36.08271],[-115.207897,36.079052],[-115.207902,36.075401],[-115.207896,36.073571],[-115.207832,36.071708],[-115.207857,36.06992],[-115.207855,36.068029],[-115.203126,36.068588],[-115.203266,36.068305],[-115.207817,36.059958],[-115.20944,36.056996],[-115.216316,36.056743],[-115.218519,36.056665],[-115.22494,36.056443],[-115.224941,36.056361],[-115.225118,36.052852],[-115.22666,36.052787],[-115.228516,36.052704],[-115.228535,36.053007],[-115.228542,36.053248],[-115.228539,36.053347],[-115.228473,36.0537],[-115.229988,36.053651],[-115.230366,36.053644],[-115.230338,36.054423],[-115.231816,36.054383],[-115.231743,36.056194],[-115.232816,36.056138],[-115.233974,36.05618],[-115.234059,36.054324],[-115.23412,36.052505],[-115.234189,36.051229],[-115.234252,36.048904],[-115.237859,36.048737],[-115.241593,36.048587],[-115.24321,36.048525],[-115.248151,36.04827],[-115.251125,36.047931],[-115.253161,36.047941],[-115.256013,36.048377],[-115.257641,36.04837],[-115.2594,36.04835],[-115.261021,36.048335],[-115.263328,36.048359],[-115.265609,36.048318],[-115.27005,36.048281],[-115.276717,36.048197],[-115.279087,36.04769],[-115.279102,36.048866],[-115.279145,36.052687],[-115.279177,36.055558],[-115.281461,36.055528],[-115.283553,36.055522],[-115.285871,36.055485],[-115.288116,36.055462],[-115.289264,36.055463],[-115.290854,36.055482],[-115.292774,36.055516],[-115.293111,36.055518],[-115.293934,36.055521],[-115.295078,36.055541],[-115.295527,36.055553],[-115.29743,36.055557],[-115.311413,36.055628],[-115.315767,36.055379],[-115.315764,36.062634],[-115.315764,36.06354],[-115.315765,36.066114],[-115.315768,36.068163],[-115.315765,36.06885],[-115.315762,36.070055],[-115.315647,36.073709],[-115.315616,36.077601],[-115.315575,36.079238],[-115.315575,36.07938],[-115.315512,36.081699],[-115.315459,36.083247],[-115.315454,36.085129],[-115.31548,36.086758],[-115.315464,36.087296],[-115.315394,36.088899],[-115.315355,36.090784],[-115.315324,36.092622],[-115.315313,36.096483],[-115.315259,36.099148],[-115.315239,36.100224],[-115.315189,36.103927],[-115.315094,36.10582],[-115.315028,36.107738],[-115.314901,36.115287],[-115.314945,36.118794],[-115.320801,36.119551],[-115.322859,36.120062],[-115.326619,36.12148],[-115.328937,36.122814],[-115.330888,36.124323],[-115.33313,36.126624],[-115.335027,36.129576],[-115.336202,36.133079],[-115.33647,36.13547],[-115.336865,36.144635],[-115.339595,36.145082],[-115.340832,36.145855],[-115.341646,36.146809],[-115.342353,36.149071],[-115.342979,36.151563],[-115.344628,36.154095],[-115.346604,36.155205],[-115.349253,36.155718],[-115.351064,36.15656],[-115.352045,36.158813],[-115.352041,36.158949],[-115.355146,36.158971],[-115.35725,36.158957],[-115.358631,36.158728],[-115.359928,36.15818],[-115.36081,36.1575],[-115.36311,36.155449],[-115.365209,36.153673],[-115.372307,36.14973],[-115.382666,36.146495],[-115.387769,36.144966],[-115.396351,36.142888],[-115.402695,36.140203],[-115.40656,36.137815],[-115.409284,36.135711],[-115.41281,36.133697],[-115.417506,36.132242],[-115.419552,36.132086],[-115.421319,36.131551],[-115.423877,36.130366],[-115.426387,36.129249],[-115.429631,36.130425],[-115.431229,36.1306],[-115.436333,36.132263],[-115.437013,36.133793],[-115.440119,36.135697],[-115.445298,36.137088],[-115.450225,36.137285],[-115.452655,36.138085],[-115.454246,36.13816],[-115.457691,36.139112],[-115.459051,36.139912],[-115.460834,36.141583],[-115.462654,36.142411],[-115.465972,36.142754],[-115.467927,36.143304],[-115.469809,36.143099],[-115.471188,36.1437],[-115.474405,36.143875],[-115.476323,36.1454],[-115.481081,36.14628],[-115.483281,36.148228],[-115.487859,36.150094],[-115.488168,36.151714],[-115.489214,36.153139],[-115.489934,36.153285],[-115.494022,36.155494],[-115.494886,36.156656],[-115.498408,36.159204],[-115.499078,36.160125],[-115.501517,36.162293],[-115.503282,36.16315],[-115.503504,36.16327],[-115.503712,36.163334],[-115.504113,36.163361],[-115.504557,36.16334],[-115.50482,36.16338],[-115.505222,36.163396],[-115.505469,36.163481],[-115.505654,36.163581],[-115.505942,36.163804],[-115.506222,36.16398],[-115.506378,36.164192],[-115.506532,36.164524],[-115.506751,36.164832],[-115.506921,36.165224],[-115.506908,36.165362],[-115.506975,36.165507],[-115.507125,36.165421],[-115.50746,36.165783],[-115.507614,36.165712],[-115.5079,36.1655],[-115.508041,36.165342],[-115.509212,36.164146],[-115.509834,36.163467],[-115.510808,36.162887],[-115.511255,36.162431],[-115.512261,36.161816],[-115.512718,36.161443],[-115.513072,36.161026],[-115.514647,36.161232],[-115.515248,36.161589],[-115.51614,36.160788],[-115.517832,36.160124],[-115.519224,36.15935],[-115.519521,36.159113],[-115.519639,36.15877],[-115.519461,36.158539],[-115.519566,36.157989],[-115.519866,36.157472],[-115.519848,36.15727],[-115.519563,36.157054],[-115.519592,36.156523],[-115.520086,36.155751],[-115.520515,36.155386],[-115.521831,36.155013],[-115.52282,36.154086],[-115.524119,36.149493],[-115.524283,36.146891],[-115.527291,36.144866],[-115.526828,36.143105],[-115.529458,36.141725],[-115.530833,36.137671],[-115.530354,36.137428],[-115.530979,36.135907],[-115.530056,36.134407],[-115.531124,36.133784],[-115.531432,36.131464],[-115.532508,36.130547],[-115.536179,36.129137],[-115.53665,36.129646],[-115.540047,36.128468],[-115.540384,36.128785],[-115.541955,36.128944],[-115.542876,36.128488],[-115.545809,36.12856],[-115.547923,36.12745],[-115.549122,36.126264],[-115.549633,36.124401],[-115.551056,36.123072],[-115.554151,36.121286],[-115.556441,36.121523],[-115.5579,36.120905],[-115.558145,36.120374],[-115.559875,36.120588],[-115.562402,36.119859],[-115.566846,36.11737],[-115.568147,36.116864],[-115.569972,36.11707],[-115.569504,36.118914],[-115.571094,36.117426],[-115.572167,36.117632],[-115.572462,36.117657],[-115.571526,36.12102],[-115.571335,36.12408],[-115.572,36.128713],[-115.571636,36.131],[-115.571298,36.132771],[-115.570498,36.133823],[-115.570385,36.137214],[-115.569782,36.139501],[-115.569882,36.143944],[-115.570304,36.145697],[-115.57022,36.148602],[-115.571153,36.150046],[-115.571808,36.150853],[-115.571995,36.152768],[-115.571234,36.155588],[-115.572775,36.16075],[-115.574767,36.163896],[-115.576071,36.1648],[-115.57633,36.165038],[-115.576704,36.165381],[-115.577012,36.165736],[-115.577155,36.165889],[-115.57739,36.165875],[-115.577608,36.165826],[-115.577675,36.165811],[-115.578767,36.166485],[-115.582995,36.166688],[-115.590613,36.167247],[-115.592641,36.166727],[-115.59489,36.166654],[-115.597648,36.167621],[-115.601519,36.1673],[-115.6023,36.166814],[-115.604498,36.167539],[-115.605971,36.166003],[-115.606672,36.166701],[-115.608172,36.166176],[-115.608222,36.166171],[-115.608301,36.166131],[-115.608383,36.166075],[-115.60846,36.166017],[-115.608529,36.165935],[-115.608595,36.165885],[-115.608661,36.165861],[-115.608772,36.165837],[-115.608894,36.165808],[-115.608989,36.165771],[-115.609089,36.165724],[-115.609211,36.165681],[-115.609262,36.165683],[-115.609327,36.165695],[-115.609366,36.165722],[-115.609415,36.165741],[-115.609452,36.165744],[-115.609494,36.165733],[-115.609524,36.165718],[-115.609585,36.165672],[-115.609658,36.165642],[-115.609797,36.165603],[-115.609976,36.165509],[-115.610078,36.165461],[-115.610139,36.165441],[-115.610236,36.165424],[-115.610314,36.165417],[-115.610421,36.165413],[-115.610507,36.165421],[-115.610559,36.165438],[-115.610636,36.165477],[-115.610702,36.165495],[-115.610756,36.165499],[-115.610785,36.16549],[-115.610823,36.16546],[-115.610945,36.165346],[-115.611039,36.165273],[-115.61113,36.16523],[-115.611232,36.165198],[-115.611352,36.165171],[-115.611416,36.165154],[-115.611471,36.165159],[-115.61151,36.16517],[-115.61155,36.165194],[-115.61157,36.165213],[-115.611579,36.165235],[-115.611584,36.165289],[-115.611604,36.165412],[-115.611622,36.165448],[-115.611646,36.165474],[-115.611691,36.165491],[-115.611735,36.165486],[-115.611873,36.165398],[-115.611928,36.165357],[-115.611974,36.165307],[-115.612089,36.165183],[-115.612109,36.165146],[-115.612124,36.165085],[-115.612122,36.165049],[-115.612072,36.164926],[-115.612041,36.164844],[-115.612042,36.164798],[-115.612088,36.164757],[-115.612563,36.164574],[-115.612667,36.164537],[-115.615017,36.164216],[-115.615744,36.164482],[-115.618271,36.162973],[-115.618922,36.162248],[-115.620162,36.162143],[-115.621941,36.163542],[-115.623286,36.163714],[-115.627531,36.162821],[-115.630396,36.162839],[-115.63222,36.161715],[-115.633077,36.16169],[-115.633713,36.161888],[-115.638233,36.161443],[-115.642709,36.161851],[-115.645317,36.162337],[-115.648498,36.16173],[-115.650133,36.163034],[-115.650989,36.164322],[-115.654345,36.165685],[-115.657646,36.165422],[-115.658998,36.164397],[-115.66027,36.165046],[-115.662363,36.164148],[-115.665365,36.162412],[-115.668514,36.161913],[-115.670282,36.161076],[-115.673117,36.158428],[-115.674241,36.156418],[-115.676778,36.15401],[-115.678473,36.152897],[-115.679216,36.151352],[-115.681555,36.149948],[-115.685912,36.148687],[-115.688363,36.14947],[-115.69012,36.148586],[-115.69485,36.148942],[-115.696286,36.148679],[-115.696948,36.147685],[-115.699337,36.14651],[-115.699672,36.145781],[-115.703146,36.144608],[-115.707142,36.143797],[-115.712504,36.14361],[-115.714601,36.144058],[-115.717866,36.143716],[-115.720588,36.143806],[-115.721613,36.144347],[-115.722533,36.145873],[-115.725959,36.145209],[-115.728262,36.145867],[-115.728476,36.147602],[-115.73242,36.1455],[-115.737473,36.143505],[-115.744809,36.140844],[-115.750234,36.139015],[-115.7586,36.135945],[-115.760408,36.135075],[-115.761961,36.133241],[-115.767081,36.130808],[-115.769339,36.128917],[-115.775512,36.126945],[-115.779721,36.125899],[-115.781808,36.125125],[-115.789368,36.12494],[-115.796835,36.12454],[-115.799743,36.124612],[-115.801445,36.124124],[-115.804606,36.123825],[-115.813574,36.123402],[-115.816859,36.122999],[-115.820463,36.123229],[-115.829078,36.12241],[-115.832384,36.122795],[-115.836887,36.122967],[-115.841528,36.122309],[-115.845803,36.122048],[-115.845747,36.139051],[-115.845723,36.146424],[-115.845668,36.164224],[-115.845762,36.170764],[-115.850843,36.170762],[-115.895753,36.172227],[-115.895606,36.22679],[-115.895597,36.230454],[-115.895595,36.23129],[-115.895552,36.246106],[-115.895507,36.263704],[-115.908767,36.263589],[-115.912316,36.26358],[-115.961312,36.263694],[-115.975094,36.263804],[-115.982643,36.263736],[-115.983555,36.263744],[-115.984314,36.26372],[-115.987048,36.263711],[-115.987996,36.263709],[-115.992393,36.263703],[-115.992387,36.26002],[-115.996602,36.260046],[-115.998717,36.260072],[-115.99778,36.263716],[-115.99888,36.263698],[-115.99884,36.267488],[-116.001661,36.267584],[-116.002605,36.263713],[-116.003091,36.263717],[-116.003559,36.263727],[-116.006462,36.263745],[-116.007945,36.263761],[-116.014755,36.263844],[-116.02,36.263845],[-116.023066,36.263836],[-116.024264,36.263841],[-116.025818,36.263837],[-116.026183,36.263839],[-116.02738,36.263841],[-116.028944,36.263842],[-116.03282,36.263834],[-116.039463,36.263815],[-116.041622,36.263816],[-116.041667,36.267359],[-116.050468,36.267442],[-116.050405,36.265614],[-116.050366,36.263797],[-116.05462,36.26379],[-116.058862,36.263791],[-116.063503,36.263797],[-116.068098,36.263813],[-116.07246,36.26375],[-116.076942,36.263716],[-116.081438,36.263627],[-116.085736,36.263616],[-116.094687,36.263703],[-116.096823,36.263725],[-116.099261,36.263774],[-116.102143,36.263841],[-116.104057,36.263825],[-116.105434,36.263843],[-116.10747,36.263872],[-116.157626,36.263551],[-116.168133,36.262832],[-116.174325,36.262356],[-116.191792,36.262356],[-116.196408,36.262168],[-116.204914,36.261475],[-116.217099,36.261357],[-116.230542,36.261314],[-116.21264,36.247595],[-116.197267,36.235728],[-116.169054,36.213947],[-116.129137,36.183176],[-116.122009,36.177628],[-116.115608,36.172636],[-116.108531,36.167138],[-116.097216,36.158346],[-116.092575,36.154945],[-116.063859,36.13273],[-116.035692,36.11087],[-116.010091,36.091133],[-116.000655,36.083857],[-115.993107,36.077771],[-115.974959,36.063656],[-115.962489,36.05396],[-115.95761,36.050165],[-115.93962,36.036182],[-115.921842,36.022349],[-115.912564,36.015324],[-115.90059,36.006045],[-115.872622,35.98443],[-115.857677,35.972803],[-115.845994,35.963707],[-115.834582,35.954817],[-115.784504,35.915799],[-115.758219,35.895161],[-115.709064,35.85687],[-115.702771,35.851899],[-115.695733,35.846481],[-115.694551,35.845335],[-115.689568,35.841431],[-115.686001,35.83865],[-115.67136,35.827195],[-115.667217,35.823984],[-115.65857,35.817203],[-115.649373,35.809995],[-115.648323,35.809189],[-115.64584,35.807348],[-115.621299,35.788126],[-115.601407,35.772533],[-115.591802,35.765001],[-115.549856,35.732036],[-115.521888,35.710031],[-115.507909,35.699021],[-115.483642,35.679897],[-115.470931,35.66991],[-115.418086,35.628389],[-115.405926,35.618766],[-115.405971,35.618579],[-115.404499,35.617639],[-115.391467,35.607319],[-115.391139,35.607057],[-115.388796,35.605234],[-115.370923,35.591111],[-115.369317,35.589813]]]]}},{"type":"Feature","properties":{"id":4,"NAME":"4","TotalPop":776154,"PopDevPct":0.00000225,"DemPct":0.4369166,"RepPct":0.54458206,"WhitePct":0.57293641,"MinorityPct":0.42706359,"BlackPct":0.09694072,"HispanicPct":0.17142917,"PacificPct":0.01304168,"AsianPct":0.13158531,"NativePct":0.03035915,"TotalVAP":620472,"Margin":-0.0630834,"color":"#ff2020","opacity":"0.5"},"geometry":{"type":"MultiPolygon","coordinates":[[[[-118.965002,39.273009],[-118.965017,39.285476],[-118.987721,39.285474],[-118.987818,39.299975],[-119.006792,39.299974],[-119.006794,39.315565],[-119.025479,39.3156],[-119.025494,39.325345],[-119.025501,39.330085],[-119.044207,39.330111],[-119.044256,39.344567],[-119.044436,39.344567],[-119.062267,39.344614],[-119.062264,39.351334],[-119.062562,39.355707],[-119.062279,39.359293],[-119.080929,39.359382],[-119.080964,39.360816],[-119.081082,39.368178],[-119.081212,39.373576],[-119.09955,39.373804],[-119.099603,39.380151],[-119.099685,39.387904],[-119.099892,39.387916],[-119.103044,39.38802],[-119.117714,39.388658],[-119.11798,39.395871],[-119.117975,39.401467],[-119.117975,39.40305],[-119.117967,39.404473],[-119.117943,39.437415],[-119.11792,39.438164],[-119.117925,39.438714],[-119.117873,39.460122],[-119.117871,39.460942],[-119.117837,39.477675],[-119.117827,39.49565],[-119.117825,39.497982],[-119.117814,39.503259],[-119.117803,39.504364],[-119.117803,39.508759],[-119.117798,39.511646],[-119.11779,39.518849],[-119.117637,39.518948],[-119.099849,39.518909],[-119.095152,39.518888],[-119.090531,39.518871],[-119.090438,39.524196],[-119.08728,39.526682],[-119.085608,39.526568],[-119.083489,39.526345],[-119.081237,39.5276],[-119.079497,39.530486],[-119.079063,39.53317],[-119.077234,39.533374],[-119.079374,39.53522],[-119.087547,39.542521],[-119.090219,39.544695],[-119.090216,39.548058],[-119.090178,39.552],[-119.090162,39.552376],[-119.090016,39.56804],[-119.090026,39.570046],[-119.090027,39.570095],[-119.090027,39.570229],[-119.090027,39.570277],[-119.089966,39.579876],[-119.090016,39.582202],[-119.089567,39.605356],[-119.089146,39.636829],[-119.086769,39.636825],[-119.077148,39.636796],[-119.077115,39.66536],[-119.077136,39.722637],[-119.067978,39.722634],[-119.067979,39.729868],[-119.05857,39.729873],[-119.058566,39.737129],[-119.06244,39.737125],[-119.063449,39.737124],[-119.065222,39.735345],[-119.097168,39.70593],[-119.102033,39.70134],[-119.104354,39.698645],[-119.108483,39.693304],[-119.110098,39.691558],[-119.113347,39.688666],[-119.115382,39.687176],[-119.15799,39.658062],[-119.160812,39.656097],[-119.162979,39.655103],[-119.166819,39.654262],[-119.172854,39.653824],[-119.17611,39.653266],[-119.178181,39.652313],[-119.179326,39.651336],[-119.180436,39.649375],[-119.180823,39.64639],[-119.18154,39.643589],[-119.182747,39.640718],[-119.185234,39.636861],[-119.188427,39.633444],[-119.190676,39.631787],[-119.192666,39.636814],[-119.189288,39.636815],[-119.189344,39.651423],[-119.226673,39.651334],[-119.236454,39.651379],[-119.257342,39.65132],[-119.25876,39.649213],[-119.273415,39.627448],[-119.276902,39.622271],[-119.283116,39.622317],[-119.285761,39.618493],[-119.285993,39.618157],[-119.287013,39.616679],[-119.287715,39.615666],[-119.287789,39.615559],[-119.287851,39.615467],[-119.289546,39.613017],[-119.293602,39.607151],[-119.301028,39.596414],[-119.313272,39.578699],[-119.320893,39.567682],[-119.322225,39.565756],[-119.323733,39.566598],[-119.325376,39.565955],[-119.325525,39.565074],[-119.323814,39.563461],[-119.358161,39.513795],[-119.367739,39.499958],[-119.388724,39.469227],[-119.388871,39.469011],[-119.388957,39.468886],[-119.392451,39.463775],[-119.394349,39.460997],[-119.395906,39.458718],[-119.402613,39.448907],[-119.424338,39.417115],[-119.433235,39.404207],[-119.438144,39.397089],[-119.440457,39.39374],[-119.446848,39.384371],[-119.453043,39.375316],[-119.459155,39.366431],[-119.465789,39.356765],[-119.466954,39.354967],[-119.472166,39.347375],[-119.478792,39.337851],[-119.481883,39.336446],[-119.486952,39.334282],[-119.511075,39.323988],[-119.525114,39.318025],[-119.527242,39.317127],[-119.529562,39.316146],[-119.547611,39.308525],[-119.547632,39.308516],[-119.548968,39.307957],[-119.551585,39.307958],[-119.554341,39.308329],[-119.554385,39.30569],[-119.557382,39.304438],[-119.557712,39.304329],[-119.565064,39.301244],[-119.570096,39.299327],[-119.570118,39.299318],[-119.581212,39.294655],[-119.584114,39.293439],[-119.595978,39.288379],[-119.602838,39.285566],[-119.614833,39.2804],[-119.629285,39.274376],[-119.629306,39.274364],[-119.630614,39.273811],[-119.635543,39.271686],[-119.6416,39.269147],[-119.645001,39.267729],[-119.647306,39.266786],[-119.65312,39.265399],[-119.678104,39.259435],[-119.678288,39.259391],[-119.706718,39.252678],[-119.712287,39.251293],[-119.712112,39.251046],[-119.712645,39.250871],[-119.714559,39.246224],[-119.715297,39.244283],[-119.720135,39.244247],[-119.722198,39.24423],[-119.728752,39.24418],[-119.735137,39.244131],[-119.737693,39.244112],[-119.743052,39.244065],[-119.744973,39.24435],[-119.752093,39.244385],[-119.752144,39.23442],[-119.752168,39.229892],[-119.757116,39.229881],[-119.757308,39.22988],[-119.770872,39.229832],[-119.770873,39.226368],[-119.770871,39.224382],[-119.770803,39.22391],[-119.770872,39.220961],[-119.770871,39.215285],[-119.792355,39.21528],[-119.796519,39.21525],[-119.79886,39.215238],[-119.798866,39.211552],[-119.798866,39.211428],[-119.798856,39.208038],[-119.802413,39.20804],[-119.803549,39.208545],[-119.804106,39.208459],[-119.804328,39.208426],[-119.804527,39.208394],[-119.805561,39.209136],[-119.80952,39.209427],[-119.814418,39.209158],[-119.817526,39.208917],[-119.817526,39.208024],[-119.818487,39.20802],[-119.826731,39.207988],[-119.826718,39.20222],[-119.826716,39.200819],[-119.843933,39.200776],[-119.843931,39.200561],[-119.843883,39.193152],[-119.85326,39.193022],[-119.853263,39.189886],[-119.853403,39.185751],[-119.862517,39.185639],[-119.862345,39.179626],[-119.862103,39.171148],[-119.869379,39.170986],[-119.875799,39.170842],[-119.880802,39.17091],[-119.880787,39.165509],[-119.882644,39.165513],[-119.893583,39.165533],[-119.897178,39.16554],[-119.901182,39.165545],[-119.901514,39.165545],[-119.924496,39.165589],[-119.929686,39.165597],[-119.931865,39.1656],[-119.934164,39.165603],[-119.936856,39.165607],[-120.000801,39.165692],[-120.004297,39.165603],[-120.004024,39.148764],[-120.003741,39.12491],[-120.003429,39.112687],[-120.001014,38.999574],[-119.976692,38.98286],[-119.95134,38.965437],[-119.949641,38.96427],[-119.945998,38.961916],[-119.942042,38.959224],[-119.938756,38.956919],[-119.931847,38.952301],[-119.905569,38.934189],[-119.900596,38.93076],[-119.887245,38.921487],[-119.877773,38.914962],[-119.857455,38.901034],[-119.85057,38.89632],[-119.84379,38.891731],[-119.839849,38.889064],[-119.835142,38.885879],[-119.832004,38.88374],[-119.830371,38.882584],[-119.821061,38.875957],[-119.8142,38.871325],[-119.803525,38.86402],[-119.797453,38.859836],[-119.790942,38.85535],[-119.779027,38.847126],[-119.769668,38.840661],[-119.764631,38.837183],[-119.753965,38.829819],[-119.729324,38.81279],[-119.726793,38.81104],[-119.695346,38.789305],[-119.691009,38.786307],[-119.68212,38.780163],[-119.677078,38.776678],[-119.66672,38.769519],[-119.656579,38.762436],[-119.638339,38.749904],[-119.635047,38.747355],[-119.630757,38.744282],[-119.625863,38.740845],[-119.619602,38.736586],[-119.60937,38.729625],[-119.587647,38.714727],[-119.552579,38.690353],[-119.551635,38.6897],[-119.548528,38.68757],[-119.547659,38.686975],[-119.5476,38.686934],[-119.546293,38.686039],[-119.542712,38.683587],[-119.540864,38.682321],[-119.530623,38.675305],[-119.511529,38.662222],[-119.501,38.654374],[-119.494958,38.650366],[-119.491567,38.648107],[-119.477569,38.63837],[-119.47224,38.634663],[-119.459131,38.626089],[-119.453783,38.622405],[-119.450655,38.619968],[-119.428134,38.604126],[-119.401217,38.584746],[-119.387962,38.575301],[-119.375994,38.566793],[-119.370117,38.563281],[-119.360341,38.5567],[-119.360167,38.556583],[-119.333423,38.538328],[-119.330052,38.535961],[-119.330059,38.535114],[-119.312266,38.523286],[-119.298394,38.513609],[-119.279552,38.500313],[-119.263992,38.489467],[-119.250061,38.479695],[-119.239985,38.472629],[-119.23455,38.468708],[-119.212811,38.45358],[-119.207679,38.44994],[-119.204092,38.447439],[-119.195418,38.441404],[-119.183657,38.433268],[-119.161495,38.41768],[-119.160206,38.41677],[-119.155907,38.413753],[-119.155564,38.413763],[-119.125982,38.39317],[-119.124487,38.391901],[-119.100246,38.374916],[-119.097159,38.372851],[-119.088114,38.366005],[-119.082358,38.361267],[-119.029783,38.324978],[-119.028691,38.324047],[-119.005462,38.3069],[-119.000975,38.303675],[-118.94971,38.268965],[-118.922518,38.249919],[-118.910346,38.241142],[-118.887932,38.225094],[-118.875873,38.216456],[-118.86045,38.205773],[-118.854824,38.201746],[-118.797624,38.160551],[-118.781838,38.149108],[-118.771867,38.141871],[-118.752225,38.128773],[-118.746598,38.124926],[-118.714201,38.102105],[-118.68636,38.081835],[-118.685938,38.081565],[-118.645081,38.051712],[-118.625963,38.03774],[-118.621676,38.034438],[-118.571958,37.99993],[-118.525065,37.966318],[-118.517184,37.960626],[-118.516301,37.959874],[-118.500964,37.949023],[-118.496043,37.945146],[-118.461322,37.920152],[-118.435178,37.901289],[-118.428144,37.89622],[-118.398531,37.874883],[-118.375936,37.858663],[-118.372572,37.856012],[-118.327656,37.823739],[-118.318569,37.817258],[-118.301589,37.80504],[-118.250956,37.768622],[-118.244972,37.76417],[-118.225439,37.749993],[-118.21361,37.741565],[-118.177906,37.715635],[-118.125849,37.677986],[-118.101046,37.660109],[-118.072024,37.639211],[-118.063714,37.633227],[-118.052189,37.62493],[-118.037481,37.613538],[-118.007388,37.59177],[-118.000962,37.587396],[-117.995572,37.583518],[-117.986954,37.57702],[-117.983035,37.574387],[-117.979542,37.572141],[-117.976643,37.569949],[-117.975439,37.569039],[-117.937025,37.540077],[-117.931446,37.536],[-117.913106,37.522245],[-117.904625,37.515836],[-117.878323,37.498764],[-117.875927,37.497267],[-117.866144,37.489946],[-117.837499,37.468503],[-117.799679,37.440192],[-117.750927,37.403598],[-117.748548,37.402002],[-117.713073,37.375552],[-117.712358,37.374931],[-117.680454,37.353283],[-117.669528,37.34512],[-117.65341,37.332934],[-117.634468,37.318526],[-117.625457,37.31179],[-117.581418,37.278936],[-117.551878,37.257816],[-117.540885,37.249931],[-117.534076,37.244659],[-117.506173,37.224155],[-117.500909,37.220282],[-117.500117,37.22038],[-117.448638,37.181682],[-117.417543,37.158223],[-117.405485,37.149184],[-117.373451,37.124932],[-117.371219,37.123614],[-117.31883,37.084409],[-117.286036,37.059869],[-117.266046,37.04491],[-117.250903,37.03451],[-117.244917,37.030244],[-117.226619,37.016464],[-117.204655,36.999922],[-117.182891,36.983882],[-117.166001,36.971111],[-117.151197,36.959868],[-117.13757,36.949929],[-117.125899,36.941186],[-117.110822,36.929678],[-117.0866,36.911314],[-117.064482,36.894681],[-117.037976,36.874943],[-117.024158,36.86485],[-117.0129,36.856349],[-117.004011,36.849735],[-117.000895,36.847694],[-116.975362,36.828415],[-116.957877,36.815213],[-116.927908,36.792588],[-116.880674,36.75692],[-116.874254,36.752081],[-116.82125,36.711812],[-116.792503,36.689969],[-116.750926,36.658377],[-116.730232,36.642683],[-116.710248,36.627535],[-116.656883,36.587088],[-116.614585,36.555005],[-116.595297,36.540376],[-116.541983,36.499952],[-116.529897,36.490581],[-116.500882,36.468223],[-116.488233,36.459097],[-116.472579,36.446869],[-116.472136,36.446558],[-116.445201,36.425501],[-116.422299,36.407682],[-116.417184,36.403695],[-116.41175,36.399441],[-116.380347,36.374961],[-116.3759,36.372583],[-116.372799,36.369924],[-116.33551,36.341483],[-116.327804,36.335606],[-116.250818,36.276939],[-116.245838,36.273051],[-116.230542,36.261314],[-116.217099,36.261357],[-116.204914,36.261475],[-116.196408,36.262168],[-116.191792,36.262356],[-116.174325,36.262356],[-116.168133,36.262832],[-116.157626,36.263551],[-116.10747,36.263872],[-116.105434,36.263843],[-116.104057,36.263825],[-116.102143,36.263841],[-116.099261,36.263774],[-116.096823,36.263725],[-116.094687,36.263703],[-116.085736,36.263616],[-116.081438,36.263627],[-116.076942,36.263716],[-116.07246,36.26375],[-116.068098,36.263813],[-116.063503,36.263797],[-116.058862,36.263791],[-116.05462,36.26379],[-116.050366,36.263797],[-116.050405,36.265614],[-116.050468,36.267442],[-116.041667,36.267359],[-116.041622,36.263816],[-116.039463,36.263815],[-116.03282,36.263834],[-116.028944,36.263842],[-116.02738,36.263841],[-116.026183,36.263839],[-116.025818,36.263837],[-116.024264,36.263841],[-116.023066,36.263836],[-116.02,36.263845],[-116.014755,36.263844],[-116.007945,36.263761],[-116.006462,36.263745],[-116.003559,36.263727],[-116.003091,36.263717],[-116.002605,36.263713],[-116.001661,36.267584],[-115.99884,36.267488],[-115.99888,36.263698],[-115.99778,36.263716],[-115.998717,36.260072],[-115.996602,36.260046],[-115.992387,36.26002],[-115.992393,36.263703],[-115.987996,36.263709],[-115.987048,36.263711],[-115.984314,36.26372],[-115.983555,36.263744],[-115.982643,36.263736],[-115.975094,36.263804],[-115.961312,36.263694],[-115.912316,36.26358],[-115.908767,36.263589],[-115.895507,36.263704],[-115.895552,36.246106],[-115.895595,36.23129],[-115.895597,36.230454],[-115.895606,36.22679],[-115.895753,36.172227],[-115.850843,36.170762],[-115.845762,36.170764],[-115.845668,36.164224],[-115.845723,36.146424],[-115.845747,36.139051],[-115.845803,36.122048],[-115.841528,36.122309],[-115.836887,36.122967],[-115.832384,36.122795],[-115.829078,36.12241],[-115.820463,36.123229],[-115.816859,36.122999],[-115.813574,36.123402],[-115.804606,36.123825],[-115.801445,36.124124],[-115.799743,36.124612],[-115.796835,36.12454],[-115.789368,36.12494],[-115.781808,36.125125],[-115.779721,36.125899],[-115.775512,36.126945],[-115.769339,36.128917],[-115.767081,36.130808],[-115.761961,36.133241],[-115.760408,36.135075],[-115.7586,36.135945],[-115.750234,36.139015],[-115.744809,36.140844],[-115.737473,36.143505],[-115.73242,36.1455],[-115.728476,36.147602],[-115.728262,36.145867],[-115.725959,36.145209],[-115.722533,36.145873],[-115.721613,36.144347],[-115.720588,36.143806],[-115.717866,36.143716],[-115.714601,36.144058],[-115.712504,36.14361],[-115.707142,36.143797],[-115.703146,36.144608],[-115.699672,36.145781],[-115.699337,36.14651],[-115.696948,36.147685],[-115.696286,36.148679],[-115.69485,36.148942],[-115.69012,36.148586],[-115.688363,36.14947],[-115.685912,36.148687],[-115.681555,36.149948],[-115.679216,36.151352],[-115.678473,36.152897],[-115.676778,36.15401],[-115.674241,36.156418],[-115.673117,36.158428],[-115.670282,36.161076],[-115.668514,36.161913],[-115.665365,36.162412],[-115.662363,36.164148],[-115.66027,36.165046],[-115.658998,36.164397],[-115.657646,36.165422],[-115.654345,36.165685],[-115.650989,36.164322],[-115.650133,36.163034],[-115.648498,36.16173],[-115.645317,36.162337],[-115.642709,36.161851],[-115.638233,36.161443],[-115.633713,36.161888],[-115.633077,36.16169],[-115.63222,36.161715],[-115.630396,36.162839],[-115.627531,36.162821],[-115.623286,36.163714],[-115.621941,36.163542],[-115.620162,36.162143],[-115.618922,36.162248],[-115.618271,36.162973],[-115.615744,36.164482],[-115.615017,36.164216],[-115.612667,36.164537],[-115.612563,36.164574],[-115.612088,36.164757],[-115.612042,36.164798],[-115.612041,36.164844],[-115.612072,36.164926],[-115.612122,36.165049],[-115.612124,36.165085],[-115.612109,36.165146],[-115.612089,36.165183],[-115.611974,36.165307],[-115.611928,36.165357],[-115.611873,36.165398],[-115.611735,36.165486],[-115.611691,36.165491],[-115.611646,36.165474],[-115.611622,36.165448],[-115.611604,36.165412],[-115.611584,36.165289],[-115.611579,36.165235],[-115.61157,36.165213],[-115.61155,36.165194],[-115.61151,36.16517],[-115.611471,36.165159],[-115.611416,36.165154],[-115.611352,36.165171],[-115.611232,36.165198],[-115.61113,36.16523],[-115.611039,36.165273],[-115.610945,36.165346],[-115.610823,36.16546],[-115.610785,36.16549],[-115.610756,36.165499],[-115.610702,36.165495],[-115.610636,36.165477],[-115.610559,36.165438],[-115.610507,36.165421],[-115.610421,36.165413],[-115.610314,36.165417],[-115.610236,36.165424],[-115.610139,36.165441],[-115.610078,36.165461],[-115.609976,36.165509],[-115.609797,36.165603],[-115.609658,36.165642],[-115.609585,36.165672],[-115.609524,36.165718],[-115.609494,36.165733],[-115.609452,36.165744],[-115.609415,36.165741],[-115.609366,36.165722],[-115.609327,36.165695],[-115.609262,36.165683],[-115.609211,36.165681],[-115.609089,36.165724],[-115.608989,36.165771],[-115.608894,36.165808],[-115.608772,36.165837],[-115.608661,36.165861],[-115.608595,36.165885],[-115.608529,36.165935],[-115.60846,36.166017],[-115.608383,36.166075],[-115.608301,36.166131],[-115.608222,36.166171],[-115.608172,36.166176],[-115.606672,36.166701],[-115.605971,36.166003],[-115.604498,36.167539],[-115.6023,36.166814],[-115.601519,36.1673],[-115.597648,36.167621],[-115.59489,36.166654],[-115.592641,36.166727],[-115.590613,36.167247],[-115.582995,36.166688],[-115.578767,36.166485],[-115.577675,36.165811],[-115.577608,36.165826],[-115.57739,36.165875],[-115.577155,36.165889],[-115.577012,36.165736],[-115.576704,36.165381],[-115.57633,36.165038],[-115.576071,36.1648],[-115.574767,36.163896],[-115.572775,36.16075],[-115.571234,36.155588],[-115.571995,36.152768],[-115.571808,36.150853],[-115.571153,36.150046],[-115.57022,36.148602],[-115.570304,36.145697],[-115.569882,36.143944],[-115.569782,36.139501],[-115.570385,36.137214],[-115.570498,36.133823],[-115.571298,36.132771],[-115.571636,36.131],[-115.572,36.128713],[-115.571335,36.12408],[-115.571526,36.12102],[-115.572462,36.117657],[-115.572167,36.117632],[-115.571094,36.117426],[-115.569504,36.118914],[-115.569972,36.11707],[-115.568147,36.116864],[-115.566846,36.11737],[-115.562402,36.119859],[-115.559875,36.120588],[-115.558145,36.120374],[-115.5579,36.120905],[-115.556441,36.121523],[-115.554151,36.121286],[-115.551056,36.123072],[-115.549633,36.124401],[-115.549122,36.126264],[-115.547923,36.12745],[-115.545809,36.12856],[-115.542876,36.128488],[-115.541955,36.128944],[-115.540384,36.128785],[-115.540047,36.128468],[-115.53665,36.129646],[-115.536179,36.129137],[-115.532508,36.130547],[-115.531432,36.131464],[-115.531124,36.133784],[-115.530056,36.134407],[-115.530979,36.135907],[-115.530354,36.137428],[-115.530833,36.137671],[-115.529458,36.141725],[-115.526828,36.143105],[-115.527291,36.144866],[-115.524283,36.146891],[-115.524119,36.149493],[-115.52282,36.154086],[-115.521831,36.155013],[-115.520515,36.155386],[-115.520086,36.155751],[-115.519592,36.156523],[-115.519563,36.157054],[-115.519848,36.15727],[-115.519866,36.157472],[-115.519566,36.157989],[-115.519461,36.158539],[-115.519639,36.15877],[-115.519521,36.159113],[-115.519224,36.15935],[-115.517832,36.160124],[-115.51614,36.160788],[-115.515248,36.161589],[-115.514647,36.161232],[-115.513072,36.161026],[-115.512718,36.161443],[-115.512261,36.161816],[-115.511255,36.162431],[-115.510808,36.162887],[-115.509834,36.163467],[-115.509212,36.164146],[-115.508041,36.165342],[-115.5079,36.1655],[-115.507614,36.165712],[-115.50746,36.165783],[-115.507125,36.165421],[-115.506975,36.165507],[-115.506908,36.165362],[-115.506921,36.165224],[-115.506751,36.164832],[-115.506532,36.164524],[-115.506378,36.164192],[-115.506222,36.16398],[-115.505942,36.163804],[-115.505654,36.163581],[-115.505469,36.163481],[-115.505222,36.163396],[-115.50482,36.16338],[-115.504557,36.16334],[-115.504113,36.163361],[-115.503712,36.163334],[-115.503504,36.16327],[-115.503282,36.16315],[-115.501517,36.162293],[-115.499078,36.160125],[-115.498408,36.159204],[-115.494886,36.156656],[-115.494022,36.155494],[-115.489934,36.153285],[-115.489214,36.153139],[-115.488168,36.151714],[-115.487859,36.150094],[-115.483281,36.148228],[-115.481081,36.14628],[-115.476323,36.1454],[-115.474405,36.143875],[-115.471188,36.1437],[-115.469809,36.143099],[-115.467927,36.143304],[-115.465972,36.142754],[-115.462654,36.142411],[-115.460834,36.141583],[-115.459051,36.139912],[-115.457691,36.139112],[-115.454246,36.13816],[-115.452655,36.138085],[-115.450225,36.137285],[-115.445298,36.137088],[-115.440119,36.135697],[-115.437013,36.133793],[-115.436333,36.132263],[-115.431229,36.1306],[-115.429631,36.130425],[-115.426387,36.129249],[-115.423877,36.130366],[-115.421319,36.131551],[-115.419552,36.132086],[-115.417506,36.132242],[-115.41281,36.133697],[-115.409284,36.135711],[-115.40656,36.137815],[-115.402695,36.140203],[-115.396351,36.142888],[-115.387769,36.144966],[-115.382666,36.146495],[-115.372307,36.14973],[-115.365209,36.153673],[-115.36311,36.155449],[-115.36081,36.1575],[-115.359928,36.15818],[-115.358631,36.158728],[-115.35725,36.158957],[-115.355146,36.158971],[-115.352041,36.158949],[-115.352045,36.158813],[-115.351064,36.15656],[-115.349253,36.155718],[-115.346604,36.155205],[-115.344628,36.154095],[-115.342979,36.151563],[-115.342353,36.149071],[-115.341646,36.146809],[-115.340832,36.145855],[-115.339595,36.145082],[-115.336865,36.144635],[-115.33647,36.13547],[-115.336202,36.133079],[-115.335027,36.129576],[-115.33313,36.126624],[-115.330888,36.124323],[-115.328937,36.122814],[-115.326619,36.12148],[-115.322859,36.120062],[-115.320801,36.119551],[-115.314945,36.118794],[-115.314901,36.115287],[-115.315028,36.107738],[-115.315094,36.10582],[-115.315189,36.103927],[-115.315239,36.100224],[-115.315259,36.099148],[-115.315313,36.096483],[-115.315324,36.092622],[-115.315355,36.090784],[-115.315394,36.088899],[-115.315464,36.087296],[-115.31548,36.086758],[-115.315454,36.085129],[-115.315459,36.083247],[-115.315512,36.081699],[-115.315575,36.07938],[-115.315575,36.079238],[-115.315616,36.077601],[-115.315647,36.073709],[-115.315762,36.070055],[-115.315765,36.06885],[-115.315768,36.068163],[-115.315765,36.066114],[-115.315764,36.06354],[-115.315764,36.062634],[-115.315767,36.055379],[-115.311413,36.055628],[-115.29743,36.055557],[-115.295527,36.055553],[-115.295078,36.055541],[-115.293934,36.055521],[-115.293111,36.055518],[-115.292774,36.055516],[-115.290854,36.055482],[-115.289264,36.055463],[-115.288116,36.055462],[-115.285871,36.055485],[-115.283553,36.055522],[-115.281461,36.055528],[-115.279177,36.055558],[-115.279145,36.052687],[-115.279102,36.048866],[-115.279087,36.04769],[-115.276717,36.048197],[-115.27005,36.048281],[-115.265609,36.048318],[-115.263328,36.048359],[-115.261021,36.048335],[-115.2594,36.04835],[-115.257641,36.04837],[-115.256013,36.048377],[-115.253161,36.047941],[-115.251125,36.047931],[-115.248151,36.04827],[-115.24321,36.048525],[-115.241593,36.048587],[-115.237859,36.048737],[-115.234252,36.048904],[-115.234189,36.051229],[-115.23412,36.052505],[-115.234059,36.054324],[-115.233974,36.05618],[-115.232816,36.056138],[-115.231743,36.056194],[-115.231816,36.054383],[-115.230338,36.054423],[-115.230366,36.053644],[-115.229988,36.053651],[-115.228473,36.0537],[-115.228539,36.053347],[-115.228542,36.053248],[-115.228535,36.053007],[-115.228516,36.052704],[-115.22666,36.052787],[-115.225118,36.052852],[-115.224941,36.056361],[-115.22494,36.056443],[-115.218519,36.056665],[-115.216316,36.056743],[-115.20944,36.056996],[-115.207817,36.059958],[-115.203266,36.068305],[-115.203126,36.068588],[-115.207855,36.068029],[-115.207857,36.06992],[-115.207832,36.071708],[-115.207896,36.073571],[-115.207902,36.075401],[-115.207897,36.079052],[-115.207913,36.08271],[-115.207899,36.086348],[-115.206156,36.086341],[-115.203846,36.086343],[-115.201535,36.086338],[-115.199175,36.086328],[-115.197386,36.086333],[-115.195765,36.093626],[-115.194829,36.096906],[-115.19322,36.100897],[-115.191511,36.104533],[-115.188814,36.109278],[-115.185618,36.114181],[-115.185287,36.114669],[-115.183435,36.114253],[-115.180797,36.114362],[-115.18045,36.114393],[-115.180453,36.114576],[-115.180408,36.119759],[-115.180416,36.120527],[-115.180409,36.122099],[-115.180384,36.126198],[-115.180294,36.130537],[-115.180634,36.130331],[-115.18113,36.130053],[-115.18139,36.129804],[-115.181831,36.129827],[-115.182406,36.129855],[-115.185509,36.129987],[-115.187867,36.130144],[-115.190252,36.130249],[-115.19024,36.130017],[-115.190213,36.128434],[-115.190206,36.12652],[-115.194696,36.12641],[-115.199179,36.12633],[-115.199205,36.124083],[-115.199239,36.12266],[-115.20303,36.122609],[-115.20471,36.12259],[-115.208147,36.122555],[-115.209164,36.122505],[-115.210038,36.122464],[-115.211319,36.122399],[-115.212326,36.122356],[-115.213389,36.122309],[-115.216478,36.122154],[-115.217077,36.122118],[-115.218589,36.122056],[-115.219746,36.122009],[-115.220691,36.121968],[-115.222791,36.121871],[-115.224912,36.121782],[-115.224913,36.123604],[-115.224918,36.125446],[-115.224951,36.12912],[-115.224987,36.131004],[-115.225032,36.132894],[-115.225068,36.134785],[-115.225108,36.136685],[-115.225149,36.138564],[-115.22519,36.140456],[-115.225232,36.142346],[-115.225292,36.144108],[-115.225296,36.144301],[-115.227395,36.144268],[-115.229577,36.144228],[-115.231717,36.144175],[-115.233876,36.144129],[-115.236138,36.144156],[-115.23839,36.144182],[-115.242767,36.144241],[-115.243033,36.144227],[-115.243092,36.146015],[-115.243185,36.147871],[-115.243283,36.149746],[-115.243382,36.151616],[-115.243586,36.155346],[-115.243787,36.159049],[-115.243791,36.159184],[-115.246406,36.159184],[-115.247333,36.159177],[-115.24833,36.159177],[-115.250836,36.159164],[-115.250904,36.159164],[-115.25299,36.159171],[-115.25506,36.159174],[-115.260369,36.159161],[-115.262318,36.159167],[-115.26241,36.159171],[-115.265896,36.159158],[-115.266778,36.159147],[-115.271151,36.159141],[-115.273227,36.159157],[-115.276377,36.159132],[-115.276883,36.159131],[-115.27785,36.159124],[-115.277695,36.16096],[-115.277826,36.161059],[-115.277815,36.16166],[-115.277788,36.161758],[-115.276946,36.161758],[-115.276817,36.162716],[-115.27808,36.162863],[-115.277934,36.165097],[-115.277948,36.16635],[-115.277955,36.17004],[-115.277957,36.170778],[-115.27796,36.173707],[-115.278241,36.177654],[-115.278251,36.178016],[-115.278252,36.181171],[-115.278358,36.182945],[-115.278423,36.185016],[-115.278598,36.18866],[-115.273471,36.18869],[-115.272641,36.188689],[-115.272615,36.190002],[-115.271841,36.191456],[-115.269698,36.193638],[-115.26978,36.196093],[-115.269978,36.19706],[-115.266782,36.197182],[-115.264682,36.196942],[-115.26431,36.198291],[-115.264231,36.198556],[-115.26405,36.199276],[-115.264818,36.201397],[-115.266187,36.203193],[-115.265255,36.204572],[-115.263388,36.203509],[-115.260699,36.203488],[-115.260709,36.206636],[-115.260631,36.210056],[-115.260509,36.213768],[-115.260489,36.215575],[-115.260427,36.218262],[-115.258095,36.218226],[-115.251339,36.21822],[-115.246949,36.218215],[-115.246725,36.21821],[-115.24227,36.218194],[-115.242286,36.215397],[-115.242271,36.213016],[-115.242271,36.210775],[-115.238741,36.210625],[-115.237147,36.210545],[-115.23349,36.210355],[-115.231341,36.210264],[-115.230134,36.21021],[-115.229115,36.210176],[-115.227982,36.210094],[-115.226866,36.210003],[-115.226301,36.209988],[-115.225802,36.209962],[-115.224742,36.209928],[-115.224831,36.210516],[-115.224877,36.210817],[-115.224881,36.210844],[-115.224943,36.211249],[-115.22501,36.211689],[-115.225143,36.212555],[-115.22519,36.212829],[-115.225266,36.213409],[-115.225487,36.214858],[-115.225792,36.216847],[-115.223493,36.216886],[-115.222871,36.216882],[-115.221275,36.216912],[-115.216789,36.216988],[-115.215688,36.217014],[-115.214478,36.217051],[-115.214031,36.217066],[-115.212211,36.217134],[-115.212015,36.217138],[-115.20746,36.217286],[-115.207488,36.219191],[-115.207501,36.221453],[-115.207502,36.221571],[-115.207524,36.223389],[-115.207544,36.224678],[-115.207506,36.226562],[-115.207486,36.228341],[-115.207453,36.230297],[-115.207418,36.232007],[-115.207433,36.23243],[-115.207503,36.234788],[-115.207525,36.235387],[-115.207608,36.238654],[-115.207607,36.238765],[-115.202961,36.239001],[-115.200668,36.239067],[-115.198386,36.239152],[-115.198405,36.240152],[-115.198419,36.240724],[-115.198441,36.241754],[-115.198469,36.242919],[-115.198513,36.245365],[-115.202493,36.245342],[-115.202519,36.246762],[-115.203635,36.246739],[-115.205813,36.246738],[-115.207567,36.246736],[-115.207557,36.248545],[-115.207545,36.249078],[-115.207531,36.250467],[-115.207489,36.25232],[-115.207445,36.254153],[-115.204124,36.25415],[-115.2022,36.254157],[-115.200974,36.254145],[-115.199937,36.254156],[-115.198033,36.254152],[-115.197973,36.255291],[-115.197943,36.257368],[-115.197925,36.257841],[-115.197984,36.259076],[-115.198015,36.259709],[-115.198111,36.261571],[-115.200398,36.26155],[-115.20265,36.261622],[-115.207178,36.261634],[-115.207125,36.265312],[-115.206947,36.268995],[-115.206853,36.270913],[-115.206543,36.274867],[-115.206519,36.275199],[-115.20644,36.276279],[-115.206525,36.280093],[-115.206549,36.281811],[-115.206577,36.283802],[-115.206608,36.287505],[-115.206603,36.289436],[-115.206656,36.291214],[-115.206897,36.294984],[-115.207017,36.298707],[-115.207125,36.302422],[-115.207184,36.304084],[-115.207239,36.305966],[-115.20724,36.306103],[-115.207201,36.307672],[-115.207207,36.309786],[-115.207204,36.310236],[-115.207197,36.311527],[-115.207188,36.313437],[-115.209128,36.313327],[-115.211404,36.31322],[-115.213561,36.313104],[-115.215743,36.313],[-115.215801,36.316755],[-115.215843,36.318529],[-115.215879,36.32045],[-115.216416,36.320435],[-115.216421,36.320983],[-115.217686,36.320972],[-115.21769,36.320401],[-115.218474,36.320381],[-115.222708,36.320307],[-115.224669,36.32026],[-115.224712,36.322407],[-115.224718,36.324058],[-115.224727,36.326012],[-115.224744,36.327989],[-115.224599,36.332598],[-115.22815,36.333476],[-115.229238,36.334418],[-115.229524,36.3347],[-115.230073,36.33553],[-115.26084,36.335826],[-115.260845,36.335658],[-115.27413,36.335921],[-115.276407,36.335967],[-115.278638,36.335955],[-115.280241,36.335947],[-115.282936,36.335857],[-115.284055,36.33586],[-115.284078,36.333748],[-115.285223,36.333804],[-115.285224,36.333759],[-115.287469,36.333954],[-115.287451,36.335916],[-115.29635,36.336064],[-115.314836,36.336243],[-115.31926,36.336216],[-115.320193,36.33621],[-115.320651,36.336207],[-115.322755,36.338217],[-115.351436,36.362025],[-115.355552,36.365404],[-115.368908,36.376514],[-115.398886,36.401314],[-115.41544,36.415004],[-115.418573,36.417989],[-115.420499,36.420335],[-115.423849,36.425825],[-115.442457,36.458031],[-115.443735,36.460031],[-115.446413,36.463283],[-115.448154,36.464962],[-115.45068,36.466971],[-115.452114,36.467966],[-115.455866,36.470179],[-115.456012,36.470263],[-115.456161,36.470351],[-115.456378,36.470478],[-115.456449,36.470519],[-115.456596,36.470605],[-115.4672,36.476729],[-115.467294,36.476788],[-115.467502,36.47692],[-115.467578,36.476968],[-115.467673,36.477028],[-115.468139,36.477316],[-115.479879,36.484075],[-115.48167,36.485112],[-115.548321,36.523608],[-115.562708,36.531923],[-115.575779,36.539471],[-115.597979,36.552285],[-115.598023,36.55269],[-115.612505,36.561043],[-115.630081,36.571238],[-115.63339,36.573038],[-115.637526,36.574727],[-115.64316,36.576232],[-115.646255,36.576689],[-115.656025,36.577322],[-115.657741,36.577423],[-115.666429,36.577922],[-115.671022,36.578189],[-115.67551,36.578434],[-115.689426,36.57923],[-115.703574,36.580037],[-115.705853,36.580077],[-115.707409,36.580075],[-115.712155,36.579704],[-115.727657,36.577766],[-115.739219,36.576314],[-115.759449,36.574193],[-115.794237,36.56985],[-115.808954,36.567984],[-115.812432,36.567728],[-115.816336,36.567753],[-115.819189,36.567999],[-115.833167,36.569491],[-115.869421,36.573262],[-115.872825,36.573729],[-115.877003,36.574682],[-115.895368,36.580168],[-115.89535,36.596649],[-115.895346,36.627844],[-115.895481,36.65673],[-115.895736,36.683539],[-115.895741,36.684033],[-115.895783,36.700298],[-115.896029,36.721311],[-115.896253,36.75353],[-115.896254,36.783638],[-115.896506,36.804985],[-115.896654,36.823492],[-115.896662,36.824787],[-115.896773,36.836334],[-115.896925,36.842085],[-115.894481,36.861568],[-115.894462,36.874955],[-115.895269,36.895218],[-115.896367,36.921958],[-115.896381,36.988586],[-115.896396,36.999954],[-115.895957,37.011076],[-115.896063,37.052687],[-115.896211,37.098889],[-115.896356,37.12887],[-115.896337,37.162833],[-115.896321,37.191032],[-115.896318,37.195175],[-115.896309,37.211589],[-115.896303,37.226868],[-115.896291,37.248337],[-115.89629,37.249954],[-115.894817,37.275198],[-115.894915,37.28609],[-115.895658,37.368528],[-115.896309,37.375257],[-115.896312,37.377803],[-115.896129,37.402958],[-115.89582,37.445538],[-115.895814,37.446076],[-115.895086,37.548331],[-115.89508,37.564059],[-115.89506,37.597042],[-115.895056,37.611192],[-115.894994,37.711322],[-115.894988,37.722372],[-115.894981,37.73365],[-115.894971,37.749944],[-115.89486,37.763246],[-115.894241,37.837422],[-115.893963,37.870035],[-115.893197,37.96139],[-115.8937,37.976736],[-115.894406,37.999938],[-115.894398,38.001224],[-115.893857,38.050531],[-115.893126,38.050534],[-115.875872,38.050598],[-115.863174,38.050878],[-115.857052,38.050888],[-115.840892,38.050921],[-115.799867,38.051003],[-115.765198,38.051076],[-115.710464,38.051118],[-115.708461,38.051116],[-115.654933,38.051148],[-115.653491,38.051148],[-115.611951,38.051178],[-115.607636,38.051181],[-115.604307,38.051183],[-115.57534,38.05119],[-115.567844,38.051206],[-115.559705,38.051211],[-115.501035,38.050859],[-115.492033,38.050918],[-115.418184,38.050722],[-115.400929,38.050676],[-115.375905,38.050609],[-115.359539,38.051054],[-115.351785,38.051028],[-115.331428,38.050949],[-115.261562,38.050681],[-115.250859,38.050641],[-115.250759,38.050754],[-115.237272,38.050765],[-115.17952,38.050812],[-115.152317,38.050833],[-115.125853,38.050855],[-115.06279,38.050806],[-115.000846,38.050757],[-115.000846,38.088772],[-115.000845,38.154284],[-115.000845,38.158189],[-115.00086,38.207528],[-115.000861,38.208652],[-115.000895,38.249954],[-115.001046,38.267569],[-115.001046,38.287831],[-115.001046,38.297456],[-115.001046,38.307738],[-115.001046,38.309033],[-115.001046,38.32701],[-115.000845,38.374952],[-115.000845,38.385168],[-115.000845,38.402237],[-115.000873,38.445396],[-115.000879,38.455797],[-115.000883,38.469052],[-115.000893,38.49387],[-115.000845,38.511653],[-115.000845,38.528515],[-115.000845,38.546832],[-115.000847,38.564301],[-115.000845,38.572423],[-115.000848,38.592914],[-115.000846,38.615477],[-115.000846,38.677322],[-115.047568,38.702716],[-115.049426,38.703715],[-115.057612,38.708119],[-115.078517,38.719485],[-115.079037,38.719773],[-115.103436,38.732923],[-115.122877,38.743404],[-115.12585,38.744604],[-115.134788,38.749942],[-115.155883,38.761264],[-115.15725,38.761944],[-115.164441,38.765824],[-115.184343,38.776562],[-115.237279,38.805124],[-115.250855,38.81241],[-115.266707,38.821168],[-115.274874,38.825753],[-115.278296,38.827549],[-115.301049,38.839806],[-115.366694,38.874938],[-115.368786,38.87602],[-115.37586,38.879697],[-115.463105,38.926496],[-115.49753,38.944964],[-115.500865,38.946924],[-115.51031,38.951991],[-115.545837,38.971082],[-115.564731,38.981464],[-115.567885,38.98321],[-115.568275,38.983412],[-115.599878,38.999933],[-115.601585,38.999933],[-115.607621,39.003177],[-115.608149,39.003461],[-115.62133,39.010551],[-115.626766,39.013579],[-115.644623,39.022978],[-115.660353,39.031252],[-115.69757,39.050926],[-115.711239,39.058135],[-115.742633,39.074647],[-115.750827,39.079636],[-115.766155,39.087696],[-115.780242,39.095218],[-115.794823,39.10294],[-115.84256,39.128325],[-115.869672,39.142676],[-115.875874,39.145428],[-115.907071,39.161848],[-115.938632,39.161855],[-115.967089,39.161845],[-115.971554,39.161845],[-115.99273,39.161848],[-116.000886,39.161845],[-116.002271,39.161228],[-116.011735,39.161241],[-116.032403,39.161301],[-116.077941,39.161413],[-116.112562,39.161496],[-116.124608,39.161525],[-116.125891,39.161669],[-116.168293,39.161631],[-116.235081,39.161793],[-116.250896,39.161831],[-116.335184,39.16178],[-116.352052,39.161761],[-116.410122,39.161736],[-116.462325,39.161703],[-116.481361,39.161692],[-116.531413,39.161599],[-116.595207,39.16143],[-116.600946,39.161463],[-116.639795,39.161685],[-116.686697,39.161959],[-116.691778,39.161989],[-116.712433,39.162108],[-116.730816,39.162215],[-116.739213,39.162256],[-116.750845,39.161528],[-116.827065,39.162077],[-116.836623,39.162147],[-116.847447,39.162227],[-116.875915,39.162629],[-116.917515,39.162728],[-116.964559,39.163064],[-117.000223,39.163327],[-117.014135,39.16336],[-117.045762,39.163329],[-117.060777,39.163313],[-117.069658,39.163303],[-117.093324,39.163274],[-117.098432,39.163224],[-117.125922,39.163349],[-117.177239,39.163268],[-117.184522,39.163257],[-117.220205,39.163202],[-117.232056,39.163211],[-117.250924,39.163398],[-117.279072,39.163364],[-117.299736,39.16341],[-117.331857,39.16343],[-117.356735,39.159652],[-117.357439,39.159548],[-117.375928,39.157093],[-117.43353,39.14906],[-117.472618,39.143612],[-117.500933,39.139404],[-117.506706,39.138434],[-117.541408,39.132611],[-117.55998,39.129494],[-117.587226,39.124926],[-117.601369,39.122242],[-117.61312,39.120369],[-117.620483,39.11916],[-117.629239,39.117856],[-117.646991,39.115001],[-117.682046,39.109079],[-117.693344,39.107246],[-117.75101,39.097508],[-117.763782,39.095375],[-117.775468,39.093425],[-117.805078,39.086897],[-117.830118,39.081397],[-117.830154,39.081389],[-117.865116,39.073654],[-117.889564,39.073715],[-117.929234,39.073647],[-117.966826,39.073632],[-117.996813,39.073618],[-118.000955,39.073438],[-118.046076,39.073493],[-118.099036,39.073548],[-118.125023,39.073416],[-118.125958,39.073512],[-118.194068,39.073427],[-118.20957,39.073494],[-118.243645,39.07335],[-118.250962,39.07375],[-118.264169,39.073623],[-118.273299,39.073738],[-118.301914,39.073727],[-118.304329,39.073571],[-118.314452,39.07366],[-118.320728,39.073742],[-118.333164,39.073741],[-118.375964,39.073473],[-118.3916,39.073509],[-118.417752,39.073691],[-118.452633,39.073902],[-118.456667,39.073719],[-118.477505,39.073682],[-118.488006,39.073669],[-118.500967,39.073946],[-118.523119,39.073952],[-118.585399,39.073969],[-118.597625,39.073948],[-118.620962,39.073949],[-118.625972,39.074382],[-118.629294,39.074421],[-118.635393,39.074496],[-118.651778,39.074697],[-118.663322,39.074569],[-118.671066,39.074608],[-118.680607,39.074656],[-118.708879,39.074594],[-118.736087,39.074657],[-118.753835,39.07463],[-118.755059,39.074702],[-118.755068,39.112811],[-118.771443,39.112829],[-118.792209,39.11285],[-118.792212,39.119049],[-118.792219,39.141547],[-118.792219,39.141826],[-118.792737,39.141826],[-118.809179,39.14182],[-118.810817,39.141819],[-118.810815,39.156329],[-118.829429,39.156334],[-118.82944,39.171137],[-118.848091,39.17123],[-118.848103,39.185314],[-118.866737,39.185337],[-118.866757,39.19821],[-118.890831,39.198218],[-118.890663,39.2272],[-118.909031,39.227191],[-118.909141,39.234601],[-118.909148,39.241679],[-118.927678,39.241681],[-118.927681,39.248926],[-118.927836,39.25617],[-118.946329,39.256173],[-118.946397,39.264731],[-118.946417,39.267833],[-118.946441,39.270663],[-118.95118,39.270666],[-118.964996,39.27068],[-118.965002,39.273009]]]]}}],"labels":{"type":"FeatureCollection","features":[{"type":"Feature","properties":{"id":"1","NAME":"1","featureLabel":{"left":-115.15290179675293,"right":-115.15290179675293,"top":36.19861566247558,"bottom":36.19861566247558},"text-field":"1"},"geometry":{"type":"Point","coordinates":[-115.15290179675293,36.19861566247558]}},{"type":"Feature","properties":{"id":"2","NAME":"2","featureLabel":{"left":-117.85800432297516,"right":-117.85800432297516,"top":40.54898175075534,"bottom":40.54898175075534},"text-field":"2"},"geometry":{"type":"Point","coordinates":[-117.85800432297516,40.54898175075534]}},{"type":"Feature","properties":{"id":"3","NAME":"3","featureLabel":{"left":-115.03748672652057,"right":-115.03748672652057,"top":35.748742347171785,"bottom":35.748742347171785},"text-field":"3"},"geometry":{"type":"Point","coordinates":[-115.03748672652057,35.748742347171785]}},{"type":"Feature","properties":{"id":"4","NAME":"4","featureLabel":{"left":-116.94212624489974,"right":-116.94212624489974,"top":38.11276757198715,"bottom":38.11276757198715},"text-field":"4"},"geometry":{"type":"Point","coordinates":[-116.94212624489974,38.11276757198715]}}]}}