{"type":"FeatureCollection","features":[{"type":"Feature","geometry":{"type":"MultiPolygon","coordinates":[[[[-141.00241,61.7364],[-141.00061,69.64629],[-141.11923,69.67353],[-141.19965,69.68293],[-141.21311,69.66477],[-141.23961,69.6494],[-141.24972,69.63021],[-141.36642,69.63228],[-141.39408,69.64085],[-141.42869,69.65878],[-141.43606,69.67752],[-141.47575,69.69836],[-141.45293,69.70198],[-141.57962,69.75119],[-141.62679,69.76558],[-141.74695,69.79351],[-141.88182,69.81653],[-141.95872,69.82338],[-142.03533,69.84395],[-142.14197,69.86461],[-142.30204,69.91189],[-142.39307,69.9094],[-142.3818,69.92339],[-142.41496,69.93513],[-142.44109,69.93633],[-142.51037,69.95458],[-142.4986,69.97128],[-142.54721,69.98312],[-142.62897,70.01239],[-142.77063,70.04689],[-142.99797,70.08461],[-143.03481,70.09638],[-143.13606,70.11846],[-143.15993,70.12668],[-143.22127,70.13676],[-143.25312,70.15226],[-143.27546,70.15351],[-143.3779,70.12856],[-143.44706,70.12497],[-143.54951,70.14435],[-143.6037,70.14459],[-143.62925,70.13365],[-143.68475,70.13381],[-143.77364,70.12473],[-143.77637,70.11143],[-143.82616,70.10755],[-143.87964,70.11972],[-143.90721,70.12016],[-143.95059,70.09999],[-144.02189,70.0887],[-144.07133,70.0876],[-144.14002,70.07679],[-144.17223,70.0631],[-144.25185,70.058],[-144.29344,70.04015],[-144.38673,70.04101],[-144.45542,70.03524],[-144.57747,69.97909],[-144.63784,69.96643],[-144.7215,69.9681],[-144.83307,69.98215],[-144.90321,69.96318],[-144.96679,69.96016],[-144.98384,69.97277],[-145.02466,69.98113],[-145.05746,69.98108],[-145.1832,69.99146],[-145.22515,70.00341],[-145.22016,70.0186],[-145.24344,70.02528],[-145.26769,70.01343],[-145.43864,70.03512],[-145.47703,70.05974],[-145.57697,70.07955],[-145.62331,70.08437],[-145.66337,70.0997],[-145.68963,70.10371],[-145.74157,70.12323],[-145.76367,70.12646],[-145.85446,70.16231],[-145.87324,70.1479],[-145.87043,70.12988],[-145.91032,70.13696],[-145.93123,70.13212],[-145.96849,70.14279],[-145.99339,70.13717],[-146.0616,70.1456],[-146.09749,70.14431],[-146.13279,70.15993],[-146.2281,70.16392],[-146.25266,70.1737],[-146.29274,70.17759],[-146.41122,70.17851],[-146.43595,70.18359],[-146.48063,70.18073],[-146.52448,70.18609],[-146.58034,70.17783],[-146.61966,70.1811],[-146.66174,70.1744],[-146.72984,70.17444],[-146.76739,70.17952],[-146.80982,70.17726],[-146.84915,70.18117],[-146.87696,70.16791],[-146.9144,70.16763],[-146.97192,70.15041],[-146.98891,70.15339],[-147.10442,70.1538],[-147.13199,70.15807],[-147.17311,70.15283],[-147.19926,70.16844],[-147.23348,70.17057],[-147.23871,70.191],[-147.2626,70.20236],[-147.28518,70.19446],[-147.34412,70.18593],[-147.38527,70.18526],[-147.53545,70.20429],[-147.5553,70.19925],[-147.58608,70.2036],[-147.67176,70.20344],[-147.68172,70.19995],[-147.74666,70.21858],[-147.78031,70.21575],[-147.79623,70.22654],[-147.82086,70.22585],[-147.84749,70.23634],[-147.81044,70.24371],[-147.79137,70.26582],[-147.79399,70.2746],[-147.87766,70.26565],[-147.90644,70.26912],[-147.9013,70.28963],[-147.94266,70.29144],[-147.94026,70.30372],[-148.0161,70.30775],[-148.04142,70.32201],[-148.08878,70.32864],[-148.10765,70.34146],[-148.13505,70.33601],[-148.13526,70.32496],[-148.18361,70.29273],[-148.23173,70.30527],[-148.235,70.32997],[-148.25631,70.33201],[-148.35444,70.3027],[-148.40487,70.30272],[-148.4544,70.31332],[-148.48668,70.30905],[-148.48205,70.32477],[-148.46092,70.33888],[-148.47375,70.3585],[-148.49387,70.36927],[-148.52853,70.3777],[-148.54728,70.37511],[-148.58606,70.39706],[-148.62696,70.39259],[-148.64803,70.40596],[-148.70351,70.40534],[-148.71839,70.4121],[-148.78722,70.40217],[-148.83437,70.40875],[-148.85092,70.41664],[-148.90807,70.42381],[-148.94404,70.42024],[-148.97854,70.43516],[-149.01304,70.44365],[-149.06034,70.46383],[-149.13353,70.4725],[-149.15655,70.48305],[-149.23671,70.48988],[-149.28077,70.48854],[-149.33396,70.50146],[-149.38734,70.48723],[-149.42067,70.49091],[-149.43036,70.50058],[-149.4672,70.51633],[-149.52898,70.5006],[-149.58135,70.49589],[-149.64956,70.50476],[-149.7037,70.50083],[-149.71607,70.50497],[-149.76068,70.49531],[-149.77856,70.48671],[-149.82656,70.49424],[-149.86394,70.51098],[-150.04501,70.44686],[-150.1095,70.42934],[-150.13747,70.4335],[-150.19423,70.43454],[-150.36088,70.40915],[-150.38702,70.42827],[-150.37536,70.43853],[-150.41436,70.45969],[-150.49636,70.47122],[-150.51894,70.48313],[-150.66154,70.47757],[-150.66511,70.46327],[-150.69838,70.44777],[-150.74236,70.46128],[-150.78633,70.46327],[-150.82435,70.45373],[-150.85525,70.45174],[-150.90376,70.46091],[-150.95067,70.45956],[-150.98787,70.45014],[-151.02044,70.43384],[-151.0467,70.42789],[-151.0858,70.40238],[-151.13334,70.39161],[-151.14641,70.37765],[-151.24624,70.37246],[-151.2976,70.40075],[-151.3432,70.40888],[-151.50266,70.42686],[-151.52397,70.43483],[-151.57208,70.43932],[-151.62239,70.43373],[-151.66397,70.43602],[-151.70547,70.4312],[-151.76404,70.43606],[-151.84841,70.43478],[-151.87612,70.43076],[-151.94087,70.4468],[-151.95228,70.45841],[-151.91627,70.4753],[-151.83082,70.48562],[-151.77877,70.48641],[-151.79921,70.50419],[-151.73231,70.54231],[-151.72292,70.55628],[-151.82203,70.54734],[-151.88989,70.55758],[-151.92079,70.55442],[-151.98341,70.56474],[-152.02922,70.56067],[-152.05347,70.5452],[-152.12416,70.5514],[-152.1956,70.54837],[-152.22377,70.5397],[-152.31076,70.54555],[-152.34544,70.55127],[-152.43542,70.55244],[-152.45717,70.54417],[-152.5198,70.5391],[-152.55485,70.5543],[-152.56091,70.56419],[-152.51492,70.58158],[-152.41189,70.57257],[-152.29032,70.5751],[-152.25359,70.57079],[-152.21331,70.58273],[-152.1382,70.57095],[-152.0688,70.56458],[-152.07866,70.5845],[-152.12727,70.59047],[-152.183,70.58494],[-152.31884,70.60239],[-152.34879,70.59663],[-152.39074,70.60732],[-152.42508,70.61013],[-152.45111,70.63335],[-152.46442,70.63576],[-152.46787,70.66371],[-152.47939,70.69049],[-152.42829,70.69289],[-152.41486,70.70436],[-152.38182,70.71476],[-152.30493,70.7795],[-152.25835,70.79405],[-152.19536,70.80014],[-152.19845,70.81354],[-152.22804,70.82647],[-152.36352,70.84566],[-152.40012,70.85732],[-152.49175,70.86558],[-152.58195,70.88127],[-152.66823,70.87784],[-152.78101,70.88139],[-152.81523,70.848],[-152.86812,70.851],[-152.89818,70.86682],[-152.90864,70.88575],[-152.92516,70.89018],[-153.00454,70.89493],[-153.03307,70.9008],[-153.0418,70.91089],[-153.19932,70.92066],[-153.25316,70.91856],[-153.40575,70.891],[-153.46933,70.88501],[-153.63036,70.88574],[-153.65531,70.88275],[-153.7038,70.88843],[-153.7549,70.88874],[-153.88063,70.88283],[-153.94362,70.87644],[-153.94183,70.86281],[-154.00007,70.81819],[-154.02562,70.8114],[-154.07588,70.78955],[-154.13721,70.77343],[-154.18186,70.76833],[-154.24755,70.77795],[-154.22069,70.7936],[-154.22521,70.80352],[-154.25492,70.81618],[-154.30863,70.82235],[-154.34625,70.83042],[-154.40561,70.83039],[-154.48731,70.8235],[-154.5841,70.83203],[-154.60263,70.85686],[-154.60003,70.87124],[-154.61405,70.90245],[-154.60954,70.92561],[-154.61667,70.94393],[-154.60692,70.97247],[-154.56628,70.9899],[-154.62499,71.021],[-154.75815,71.07008],[-154.91566,71.11654],[-155.07218,71.15293],[-155.09523,71.14632],[-155.07783,71.13325],[-155.08202,71.11921],[-155.0667,71.10433],[-155.07454,71.07027],[-155.11934,71.0734],[-155.15107,71.10648],[-155.21809,71.09012],[-155.25719,71.07559],[-155.26527,71.06387],[-155.23877,71.05731],[-155.18161,71.03141],[-155.15606,71.00404],[-155.16937,70.98299],[-155.20954,70.97966],[-155.25565,71.01564],[-155.367,70.99487],[-155.37568,70.98159],[-155.43985,70.95327],[-155.46849,70.94473],[-155.51187,70.94295],[-155.49024,70.90916],[-155.4818,70.881],[-155.48941,70.85627],[-155.51282,70.85673],[-155.54134,70.84687],[-155.57545,70.84407],[-155.59636,70.85132],[-155.60801,70.82409],[-155.64806,70.82725],[-155.66481,70.84403],[-155.70498,70.83459],[-155.7707,70.82963],[-155.8079,70.83365],[-155.87682,70.8292],[-155.93458,70.83634],[-155.94183,70.84309],[-155.92377,70.85736],[-155.95633,70.89641],[-156.00648,70.89668],[-156.00719,70.90422],[-155.97201,70.90963],[-156.00006,70.94923],[-156.06407,70.94788],[-156.06403,70.96023],[-156.02542,70.95884],[-155.86268,70.97036],[-155.8054,70.96769],[-155.79043,70.98287],[-155.73077,70.98295],[-155.71271,70.99398],[-155.7125,71.00946],[-155.69048,71.02214],[-155.66303,71.02144],[-155.6338,71.04195],[-155.59779,71.04072],[-155.58044,71.05485],[-155.54419,71.06079],[-155.51199,71.08237],[-155.51496,71.0962],[-155.56974,71.13651],[-155.56748,71.16247],[-155.64984,71.18068],[-155.70724,71.17865],[-155.74432,71.19275],[-155.76595,71.18896],[-155.80528,71.1936],[-155.85211,71.18655],[-155.88978,71.18659],[-155.92103,71.20961],[-155.9423,71.21152],[-155.95478,71.18647],[-156.01301,71.17286],[-156.06816,71.16799],[-156.09002,71.17861],[-156.04819,71.18429],[-156.02989,71.20229],[-156.05128,71.21401],[-156.0899,71.22216],[-156.07933,71.23894],[-156.1536,71.24621],[-156.18133,71.25443],[-156.29324,71.26462],[-156.30477,71.25973],[-156.3687,71.26183],[-156.39817,71.26763],[-156.44119,71.29051],[-156.46437,71.2859],[-156.53318,71.29585],[-156.56205,71.31581],[-156.56865,71.35256],[-156.64561,71.33801],[-156.80965,71.28689],[-156.96255,71.21188],[-157.06557,71.15388],[-157.10021,71.13751],[-157.21376,71.06908],[-157.28602,71.03194],[-157.421,70.97681],[-157.50246,70.94866],[-157.71557,70.88919],[-157.88174,70.85344],[-158.07995,70.82594],[-158.21419,70.81752],[-158.33179,70.81946],[-158.39937,70.79908],[-158.445,70.79884],[-158.45199,70.80655],[-158.5115,70.79342],[-158.56697,70.79617],[-158.59223,70.79028],[-158.66772,70.78555],[-158.87212,70.79165],[-158.94961,70.79677],[-159.06524,70.8167],[-159.06536,70.80338],[-158.97421,70.7929],[-158.95091,70.78641],[-158.96565,70.769],[-158.99203,70.76466],[-159.07237,70.7652],[-159.12181,70.7589],[-159.1981,70.76007],[-159.25835,70.77476],[-159.26572,70.7636],[-159.29971,70.75812],[-159.32193,70.77624],[-159.34564,70.78125],[-159.34481,70.80475],[-159.28729,70.8117],[-159.18865,70.81748],[-159.11497,70.8174],[-159.15324,70.83938],[-159.17451,70.8577],[-159.19935,70.84756],[-159.2552,70.8439],[-159.31153,70.84417],[-159.31557,70.85041],[-159.21171,70.86479],[-159.20908,70.87007],[-159.546,70.81705],[-159.64892,70.79505],[-159.72949,70.75824],[-159.79851,70.73123],[-159.89171,70.70133],[-160.04477,70.63579],[-160.09849,70.61982],[-160.10336,70.60996],[-160.13224,70.60515],[-160.15102,70.59192],[-160.2077,70.5645],[-160.32441,70.51988],[-160.53997,70.44708],[-160.77314,70.38469],[-161.05491,70.32796],[-161.15153,70.31784],[-161.2882,70.29677],[-161.4453,70.29481],[-161.50175,70.29689],[-161.87927,70.32927],[-161.93672,70.30876],[-162.04853,70.2796],[-162.33339,70.19386],[-162.47528,70.12403],[-162.52317,70.08736],[-162.57642,70.06173],[-162.6053,70.03683],[-162.69574,69.97669],[-162.79906,69.92333],[-162.82618,69.90272],[-162.84452,69.89834],[-162.97554,69.83339],[-163.02467,69.8004],[-163.09171,69.70867],[-163.10752,69.67592],[-163.14289,69.63759],[-163.1519,69.60454],[-163.14473,69.531],[-163.14887,69.48424],[-163.1478,69.41883],[-163.17582,69.37522],[-163.22636,69.32035],[-163.26688,69.29091],[-163.35463,69.24193],[-163.46874,69.18953],[-163.50884,69.1572],[-163.5578,69.12872],[-163.68311,69.07555],[-163.82685,69.0372],[-163.91575,68.99891],[-164.07665,68.96775],[-164.13914,68.9486],[-164.2132,68.93476],[-164.26157,68.92933],[-164.48546,68.916],[-164.6106,68.916],[-164.7115,68.90265],[-165.28704,68.86056],[-165.56681,68.85102],[-165.66804,68.85332],[-166.2166,68.8815],[-166.22743,68.8758],[-166.20351,68.81355],[-166.1916,68.79092],[-166.20484,68.71277],[-166.19799,68.69068],[-166.20828,68.67401],[-166.23397,68.65132],[-166.21905,68.64495],[-166.23665,68.59586],[-166.22664,68.58301],[-166.23749,68.56007],[-166.27789,68.5293],[-166.30305,68.51508],[-166.29446,68.50468],[-166.31111,68.48469],[-166.30612,68.4641],[-166.3278,68.45148],[-166.33527,68.43876],[-166.37168,68.42599],[-166.44212,68.41137],[-166.74263,68.36408],[-166.81966,68.34834],[-166.77356,68.34404],[-166.68927,68.34248],[-166.51216,68.32442],[-166.40948,68.30892],[-166.23705,68.27311],[-166.13549,68.24217],[-166.09028,68.22403],[-166.04417,68.20073],[-166.00566,68.17345],[-165.98166,68.14343],[-165.96535,68.13592],[-165.87209,68.11005],[-165.66076,68.0867],[-165.47512,68.05622],[-165.33607,68.02414],[-165.23332,67.98868],[-165.16796,67.9561],[-165.09868,67.93692],[-164.91858,67.87075],[-164.87169,67.85705],[-164.5348,67.7244],[-164.1851,67.63249],[-164.09583,67.59627],[-164.05479,67.57296],[-164.01298,67.54194],[-163.86438,67.40597],[-163.83135,67.36349],[-163.79535,67.3035],[-163.78621,67.29936],[-163.75891,67.24845],[-163.73989,67.18327],[-163.74794,67.1293],[-163.7256,67.11692],[-163.66595,67.10012],[-163.46687,67.08339],[-163.31052,67.06249],[-163.21495,67.05445],[-162.97619,67.0263],[-162.90244,67.04269],[-162.80522,67.04503],[-162.72412,67.05424],[-162.68065,67.04331],[-162.66323,67.02368],[-162.62087,67.00732],[-162.58979,67.01561],[-162.52725,67.00957],[-162.50868,67.01733],[-162.4802,67.01317],[-162.44076,67.02671],[-162.45189,66.99707],[-162.43367,66.98554],[-162.40593,66.98556],[-162.37746,66.9932],[-162.25191,66.99517],[-162.12785,67.02218],[-161.97068,67.0411],[-161.91683,67.04202],[-161.86774,67.05024],[-161.82524,67.04953],[-161.77891,67.03402],[-161.76537,67.03387],[-161.73409,67.01464],[-161.6917,67.02474],[-161.64884,67.00925],[-161.61911,67.00952],[-161.59218,66.98724],[-161.53767,66.99088],[-161.50231,66.98084],[-161.47752,66.96397],[-161.48512,66.94008],[-161.55676,66.93685],[-161.61094,66.94996],[-161.64422,66.95127],[-161.6628,66.94149],[-161.70487,66.93954],[-161.71015,66.91453],[-161.72456,66.90729],[-161.78017,66.89191],[-161.79318,66.88177],[-161.77685,66.85957],[-161.79151,66.83307],[-161.81496,66.81894],[-161.85149,66.81078],[-161.8631,66.7802],[-161.84244,66.7617],[-161.88163,66.71805],[-161.86846,66.71272],[-161.83719,66.72151],[-161.77997,66.7162],[-161.78376,66.70499],[-161.81628,66.68504],[-161.75725,66.65433],[-161.73855,66.65084],[-161.68591,66.61861],[-161.63682,66.60943],[-161.58041,66.58551],[-161.5342,66.58494],[-161.5267,66.5751],[-161.54298,66.55174],[-161.50031,66.53946],[-161.4713,66.54404],[-161.39241,66.52433],[-161.29348,66.52407],[-161.22409,66.54184],[-161.21965,66.55928],[-161.2354,66.57542],[-161.19642,66.58489],[-161.21211,66.59535],[-161.1421,66.63625],[-161.1055,66.64028],[-161.06681,66.63772],[-161.00993,66.64272],[-160.98301,66.64122],[-160.92791,66.65476],[-160.87311,66.65948],[-160.83668,66.65855],[-160.7854,66.65],[-160.74567,66.63808],[-160.71869,66.62199],[-160.70453,66.60657],[-160.68187,66.59626],[-160.63188,66.58816],[-160.54331,66.57992],[-160.53287,66.59057],[-160.50494,66.59979],[-160.51687,66.60899],[-160.48278,66.61783],[-160.41826,66.62226],[-160.38396,66.61908],[-160.34754,66.60775],[-160.23768,66.54485],[-160.20191,66.50156],[-160.21268,66.48229],[-160.20444,66.46271],[-160.21774,66.41],[-160.21495,66.39683],[-160.22743,66.38718],[-160.26666,66.37865],[-160.32649,66.38268],[-160.3645,66.37555],[-160.48256,66.37523],[-160.53501,66.35853],[-160.57446,66.36439],[-160.63131,66.35521],[-160.6766,66.36675],[-160.72783,66.36269],[-160.77893,66.36287],[-160.81011,66.37325],[-160.85927,66.39895],[-160.94681,66.42427],[-160.97835,66.42905],[-161.02326,66.46534],[-161.08446,66.48974],[-161.10139,66.48615],[-161.14741,66.48925],[-161.17021,66.50456],[-161.17316,66.53097],[-161.24594,66.51941],[-161.29626,66.4983],[-161.32635,66.47837],[-161.37707,66.4726],[-161.40606,66.46194],[-161.51737,66.44251],[-161.58217,66.43999],[-161.64217,66.45561],[-161.68176,66.47598],[-161.72072,66.48138],[-161.79476,66.50327],[-161.85043,66.52662],[-161.90888,66.54459],[-161.93005,66.55519],[-161.96007,66.58879],[-162.02912,66.62658],[-162.03278,66.63501],[-162.07045,66.64813],[-162.07515,66.66593],[-162.06781,66.67849],[-162.08062,66.69021],[-162.07531,66.7045],[-162.04385,66.72094],[-162.02865,66.73426],[-162.01244,66.76208],[-162.01984,66.78071],[-162.0601,66.78133],[-162.09073,66.78664],[-162.11804,66.79783],[-162.15096,66.82626],[-162.1848,66.84045],[-162.19837,66.85251],[-162.23021,66.86624],[-162.28228,66.91499],[-162.28646,66.92777],[-162.30765,66.93902],[-162.33991,66.93577],[-162.40433,66.91881],[-162.44631,66.92456],[-162.46906,66.95043],[-162.49914,66.9345],[-162.49763,66.91812],[-162.51025,66.907],[-162.54388,66.90102],[-162.57848,66.90404],[-162.60105,66.89846],[-162.62131,66.87661],[-162.62196,66.85649],[-162.61309,66.84685],[-162.55799,66.81631],[-162.51472,66.77935],[-162.50068,66.75972],[-162.49793,66.73328],[-162.35094,66.72531],[-162.25304,66.71295],[-162.20174,66.69844],[-162.16712,66.68249],[-162.1165,66.64351],[-162.09731,66.60947],[-162.08792,66.60409],[-162.01425,66.58408],[-161.97948,66.57101],[-161.90417,66.53118],[-161.88563,66.51784],[-161.86772,66.48731],[-161.86945,66.44703],[-161.88058,66.41172],[-161.89495,66.38587],[-161.9427,66.32272],[-161.91628,66.32145],[-161.9129,66.35159],[-161.88613,66.35996],[-161.84039,66.36146],[-161.74686,66.38197],[-161.6922,66.39804],[-161.59802,66.39584],[-161.54261,66.39845],[-161.48978,66.39302],[-161.41662,66.37764],[-161.36253,66.37634],[-161.27995,66.36208],[-161.23047,66.3495],[-161.13346,66.33671],[-161.07797,66.30562],[-161.06244,66.28096],[-161.02026,66.26048],[-161.00134,66.23968],[-160.95445,66.22414],[-160.96188,66.21009],[-161.0168,66.18675],[-161.04592,66.18048],[-161.09079,66.18247],[-161.08295,66.19185],[-161.0861,66.21464],[-161.05887,66.22835],[-161.09451,66.23136],[-161.12472,66.22258],[-161.19093,66.20991],[-161.2263,66.20949],[-161.31778,66.22037],[-161.33922,66.23862],[-161.35073,66.2587],[-161.41813,66.25656],[-161.49137,66.26069],[-161.52267,66.247],[-161.55238,66.24205],[-161.57146,66.21476],[-161.60266,66.18707],[-161.61951,66.17761],[-161.6276,66.16118],[-161.65025,66.13786],[-161.68688,66.11158],[-161.68787,66.0973],[-161.71319,66.08884],[-161.70336,66.08154],[-161.73684,66.05316],[-161.75882,66.04913],[-161.79109,66.03303],[-161.82803,66.00004],[-161.77379,65.98125],[-161.798,65.96563],[-161.89526,65.96379],[-161.90388,65.97472],[-161.86971,66.00052],[-161.8847,66.01818],[-161.90672,66.02121],[-161.93101,66.03373],[-161.98596,66.05384],[-162.0259,66.06205],[-162.11552,66.06505],[-162.14377,66.07549],[-162.22865,66.048],[-162.28306,66.03729],[-162.37603,66.0271],[-162.41233,66.03358],[-162.4287,66.04994],[-162.45284,66.05735],[-162.49963,66.0482],[-162.562,66.04135],[-162.63288,66.03799],[-162.67929,66.05676],[-162.68888,66.07104],[-162.72404,66.0757],[-162.75342,66.09268],[-162.87462,66.08104],[-162.92479,66.0893],[-162.95252,66.08953],[-162.99606,66.07548],[-163.10398,66.06085],[-163.1601,66.05767],[-163.18653,66.06365],[-163.25994,66.06528],[-163.31352,66.07327],[-163.33585,66.08543],[-163.37083,66.08115],[-163.4961,66.08336],[-163.53859,66.06923],[-163.58207,66.06832],[-163.63391,66.05643],[-163.685,66.06678],[-163.71274,66.06703],[-163.77247,66.0801],[-163.84606,66.12297],[-163.87666,66.15758],[-163.8957,66.18846],[-163.94278,66.17404],[-163.9756,66.17232],[-163.98484,66.18834],[-164.00983,66.17845],[-164.0316,66.18521],[-164.05961,66.18034],[-164.0871,66.19112],[-164.0723,66.20627],[-163.98668,66.21551],[-163.92855,66.21788],[-163.86004,66.2545],[-163.83783,66.26066],[-163.82818,66.27777],[-163.84033,66.2945],[-163.83574,66.30291],[-163.8635,66.30995],[-163.88127,66.32296],[-163.866,66.33953],[-163.86579,66.36683],[-163.87318,66.38654],[-163.85084,66.41609],[-163.76579,66.45277],[-163.73264,66.48928],[-163.72622,66.51256],[-163.75589,66.53174],[-163.75404,66.55021],[-163.80047,66.55265],[-163.84811,66.56194],[-163.86792,66.55606],[-163.90991,66.55362],[-163.92922,66.5651],[-163.8748,66.5787],[-163.77901,66.57265],[-163.64271,66.55486],[-163.63309,66.56611],[-163.67796,66.5763],[-163.76625,66.58759],[-163.88571,66.59286],[-164.02549,66.5933],[-164.35265,66.58087],[-164.40101,66.58143],[-164.76371,66.53307],[-165.15172,66.46911],[-165.38717,66.42301],[-165.61686,66.37345],[-165.92536,66.29748],[-166.01438,66.2717],[-166.03982,66.26051],[-166.07423,66.25656],[-166.13586,66.238],[-166.16769,66.21641],[-166.24072,66.20954],[-166.40166,66.17051],[-166.59753,66.11749],[-167.10819,65.95672],[-167.22477,65.91708],[-167.2565,65.90102],[-167.27333,65.89912],[-167.37382,65.86623],[-167.50428,65.82925],[-167.52745,65.81796],[-167.54932,65.81708],[-167.71344,65.78128],[-167.87031,65.75113],[-167.98427,65.72427],[-168.08755,65.68853],[-168.10311,65.6783],[-168.12018,65.64788],[-168.11527,65.62657],[-168.08588,65.60307],[-168.09211,65.59482],[-168.06969,65.57699],[-167.98412,65.55809],[-167.97592,65.56051],[-167.91819,65.55311],[-167.84666,65.54006],[-167.82943,65.52519],[-167.70631,65.50027],[-167.61504,65.46679],[-167.60541,65.45445],[-167.53779,65.43825],[-167.46723,65.41496],[-167.4034,65.40256],[-167.27196,65.39605],[-167.20625,65.39635],[-167.14176,65.3881],[-167.04627,65.38559],[-166.91852,65.36628],[-166.8256,65.34424],[-166.68892,65.32865],[-166.62151,65.32684],[-166.59432,65.33599],[-166.55451,65.33808],[-166.51862,65.33555],[-166.46391,65.32653],[-166.4165,65.31385],[-166.36062,65.28863],[-166.34719,65.27634],[-166.38511,65.25357],[-166.45107,65.2371],[-166.47648,65.22291],[-166.46534,65.19482],[-166.46407,65.17629],[-166.50629,65.15172],[-166.54952,65.13793],[-166.54263,65.12013],[-166.56996,65.12353],[-166.64517,65.11081],[-166.70936,65.10788],[-166.83062,65.12061],[-166.83266,65.12732],[-166.92006,65.14662],[-166.91436,65.15406],[-166.93928,65.17205],[-166.93971,65.1803],[-166.9063,65.2279],[-166.84793,65.24513],[-166.84044,65.2611],[-166.86445,65.27736],[-166.90343,65.24558],[-166.92245,65.21816],[-166.9512,65.16594],[-166.93545,65.14341],[-166.85865,65.09216],[-166.82676,65.07982],[-166.7396,65.05654],[-166.70129,65.03965],[-166.68417,65.02045],[-166.70272,64.99611],[-166.6893,64.98471],[-166.54084,64.9419],[-166.4964,64.92493],[-166.45314,64.90261],[-166.42029,64.87955],[-166.40489,64.85867],[-166.40647,64.82535],[-166.42652,64.80651],[-166.47525,64.79604],[-166.46645,64.7614],[-166.47845,64.73534],[-166.44245,64.68823],[-166.4056,64.64928],[-166.38944,64.63921],[-166.26025,64.59209],[-166.21589,64.58131],[-165.84779,64.54021],[-165.80107,64.53972],[-165.66779,64.52827],[-165.40047,64.49611],[-165.18103,64.4649],[-165.00839,64.43451],[-164.98571,64.4414],[-164.91143,64.44063],[-164.83585,64.44561],[-164.76299,64.46116],[-164.73068,64.47225],[-164.5405,64.51953],[-164.39507,64.5508],[-164.30727,64.56149],[-164.17153,64.56535],[-164.05804,64.56137],[-163.97567,64.55212],[-163.94194,64.56354],[-163.90502,64.55983],[-163.87509,64.57354],[-163.79549,64.57479],[-163.73804,64.56637],[-163.66742,64.56877],[-163.59755,64.5636],[-163.51192,64.54819],[-163.38407,64.51677],[-163.34384,64.5028],[-163.34069,64.49209],[-163.30594,64.4899],[-163.25303,64.4695],[-163.25082,64.45454],[-163.22406,64.43458],[-163.2229,64.42546],[-163.19526,64.41831],[-163.1762,64.39951],[-163.14991,64.398],[-163.10857,64.40904],[-163.09691,64.42658],[-163.09033,64.46431],[-163.02716,64.47795],[-163.04386,64.48945],[-163.02919,64.508],[-163.05111,64.50792],[-163.08142,64.51524],[-163.12978,64.50521],[-163.15878,64.51242],[-163.17756,64.53686],[-163.25778,64.54248],[-163.3084,64.56622],[-163.33681,64.57217],[-163.3573,64.58432],[-163.32418,64.59075],[-163.27179,64.61105],[-163.25029,64.62444],[-163.25357,64.63531],[-163.24247,64.65016],[-163.18111,64.6463],[-163.13442,64.64842],[-163.12777,64.63834],[-163.14797,64.61991],[-163.13917,64.6112],[-163.10816,64.60136],[-163.0832,64.60034],[-163.03816,64.58556],[-163.01962,64.56959],[-163.01582,64.55233],[-162.93786,64.54279],[-162.9192,64.51989],[-162.88836,64.50781],[-162.85396,64.49938],[-162.83251,64.48029],[-162.8642,64.47049],[-162.85843,64.44983],[-162.83272,64.43773],[-162.80208,64.40249],[-162.79863,64.37647],[-162.80988,64.35611],[-162.80352,64.333],[-162.77684,64.32843],[-162.74658,64.34729],[-162.73888,64.35737],[-162.63141,64.38543],[-162.63878,64.40935],[-162.61699,64.42071],[-162.6022,64.44991],[-162.6139,64.47204],[-162.59157,64.48357],[-162.57216,64.50761],[-162.54343,64.53149],[-162.50091,64.53904],[-162.45489,64.55938],[-162.41615,64.56801],[-162.40676,64.57454],[-162.36194,64.58454],[-162.33307,64.59864],[-162.2695,64.60962],[-162.23381,64.62029],[-162.21683,64.65644],[-162.16633,64.68212],[-162.10108,64.69228],[-161.94531,64.69981],[-161.91013,64.70251],[-161.87654,64.70949],[-161.9278,64.7206],[-161.89789,64.73786],[-161.86614,64.75104],[-161.72391,64.77239],[-161.68632,64.77956],[-161.6693,64.78849],[-161.64168,64.7745],[-161.57429,64.76424],[-161.54268,64.75613],[-161.54867,64.74418],[-161.53297,64.73796],[-161.51701,64.75365],[-161.4539,64.76068],[-161.42631,64.75896],[-161.41409,64.76905],[-161.37984,64.77148],[-161.36668,64.77908],[-161.36596,64.79953],[-161.3561,64.81061],[-161.29904,64.84892],[-161.21848,64.88057],[-161.1994,64.89284],[-161.20131,64.90649],[-161.18556,64.92518],[-161.15098,64.93112],[-161.15232,64.91329],[-161.12947,64.89449],[-161.07778,64.86821],[-161.01655,64.84625],[-160.99673,64.8468],[-160.98639,64.83341],[-160.92305,64.82047],[-160.90225,64.82234],[-160.88419,64.81172],[-160.86684,64.78308],[-160.8401,64.76773],[-160.83867,64.75826],[-160.78329,64.71819],[-160.78731,64.70037],[-160.78139,64.6798],[-160.79363,64.66363],[-160.78698,64.63279],[-160.79328,64.61765],[-160.81942,64.60371],[-160.85804,64.5901],[-160.89476,64.58214],[-160.92814,64.56019],[-160.92566,64.55468],[-160.96131,64.5434],[-161.01111,64.53926],[-161.08907,64.54105],[-161.07397,64.52659],[-161.05294,64.52883],[-161.00659,64.51703],[-161.01016,64.50306],[-161.07195,64.4936],[-161.21884,64.49667],[-161.34564,64.5182],[-161.37091,64.53301],[-161.39382,64.53109],[-161.43275,64.51191],[-161.4703,64.50547],[-161.46436,64.49391],[-161.48052,64.48561],[-161.47233,64.47046],[-161.47292,64.44935],[-161.48623,64.43309],[-161.50584,64.42196],[-161.53341,64.41427],[-161.51986,64.39666],[-161.45485,64.42039],[-161.38949,64.42263],[-161.38676,64.4157],[-161.29228,64.39486],[-161.26578,64.39794],[-161.26126,64.38741],[-161.23607,64.38058],[-161.22977,64.37061],[-161.00238,64.24997],[-160.97075,64.23003],[-160.95121,64.20728],[-160.95715,64.15029],[-160.94527,64.12017],[-160.9524,64.08882],[-160.9366,64.05203],[-160.91687,64.02659],[-160.89571,63.98971],[-160.88122,63.9808],[-160.8464,63.94877],[-160.81537,63.91034],[-160.79826,63.87723],[-160.76796,63.83534],[-160.76298,63.78786],[-160.76927,63.76923],[-160.801,63.73634],[-160.84155,63.70685],[-160.87135,63.68981],[-160.90926,63.65307],[-160.96346,63.62116],[-160.98663,63.61381],[-161.01011,63.62276],[-161.03847,63.57958],[-161.06181,63.56467],[-161.10777,63.55259],[-161.10189,63.53707],[-161.1354,63.52754],[-161.1398,63.50188],[-161.16278,63.5028],[-161.19431,63.48982],[-161.23835,63.48502],[-161.31035,63.47016],[-161.34188,63.47352],[-161.38503,63.47012],[-161.43095,63.45658],[-161.44738,63.45561],[-161.48215,63.46609],[-161.50726,63.46936],[-161.52338,63.4526],[-161.55564,63.44795],[-161.58535,63.44914],[-161.64006,63.46106],[-161.69556,63.46381],[-161.72935,63.45414],[-161.75181,63.45614],[-161.81347,63.43903],[-161.83665,63.44716],[-161.8792,63.45053],[-161.92525,63.44249],[-161.95715,63.45035],[-161.97129,63.43265],[-162.00338,63.44782],[-162.02421,63.44701],[-162.0313,63.43376],[-162.05352,63.436],[-162.09904,63.42972],[-162.14966,63.42994],[-162.11865,63.44205],[-162.09179,63.44259],[-162.07836,63.45172],[-162.08513,63.46468],[-162.04702,63.47595],[-162.01832,63.48004],[-162.05899,63.49307],[-162.07807,63.51179],[-162.11108,63.51103],[-162.15988,63.51793],[-162.15755,63.52721],[-162.18048,63.53093],[-162.20715,63.5212],[-162.22382,63.52387],[-162.23345,63.53653],[-162.26185,63.54138],[-162.31164,63.53912],[-162.2916,63.52176],[-162.29194,63.50719],[-162.27682,63.50484],[-162.27254,63.48495],[-162.37556,63.44018],[-162.42388,63.4037],[-162.42026,63.39568],[-162.43835,63.3758],[-162.45318,63.37071],[-162.48586,63.34375],[-162.5378,63.31153],[-162.58474,63.27296],[-162.66781,63.22466],[-162.72628,63.21117],[-162.76954,63.21707],[-162.82112,63.2056],[-162.84357,63.18571],[-162.84036,63.16158],[-162.84924,63.15323],[-162.91307,63.12303],[-162.97215,63.10906],[-163.04227,63.06204],[-163.10799,63.04993],[-163.24406,63.04018],[-163.29267,63.0398],[-163.34745,63.02805],[-163.37003,63.03915],[-163.36908,63.05569],[-163.42089,63.08319],[-163.48626,63.09922],[-163.48519,63.11078],[-163.53807,63.10465],[-163.54235,63.11137],[-163.52208,63.12208],[-163.53011,63.13404],[-163.55879,63.13584],[-163.58289,63.14605],[-163.59761,63.13243],[-163.61888,63.13931],[-163.70225,63.18601],[-163.73332,63.1967],[-163.73285,63.21106],[-163.78804,63.21634],[-163.81544,63.20983],[-163.84135,63.22156],[-163.86904,63.21856],[-163.99014,63.25155],[-164.0507,63.2617],[-164.18016,63.25765],[-164.26739,63.24519],[-164.3217,63.24219],[-164.36686,63.23133],[-164.4111,63.21545],[-164.47052,63.18785],[-164.52871,63.15593],[-164.57162,63.14024],[-164.58529,63.12467],[-164.55688,63.08058],[-164.57939,63.0706],[-164.533,63.04958],[-164.5343,63.03094],[-164.56128,63.02576],[-164.64483,63.02657],[-164.65517,63.02921],[-164.70793,63.00905],[-164.76129,62.96797],[-164.76723,62.95549],[-164.78791,62.9442],[-164.80835,62.91521],[-164.82986,62.86398],[-164.85351,62.83751],[-164.85898,62.81619],[-164.81869,62.80049],[-164.87003,62.78789],[-164.85494,62.74726],[-164.87252,62.73371],[-164.86979,62.71743],[-164.85291,62.69977],[-164.84139,62.69988],[-164.8265,62.64888],[-164.79944,62.61309],[-164.77377,62.60872],[-164.77032,62.59154],[-164.85232,62.56987],[-164.8536,62.54865],[-164.83678,62.54334],[-164.79156,62.54557],[-164.77987,62.5384],[-164.80124,62.5163],[-164.83298,62.49678],[-164.84265,62.47345],[-164.85838,62.47166],[-164.87483,62.49468],[-164.84134,62.52225],[-164.8611,62.53323],[-164.90948,62.52809],[-164.94579,62.52785],[-165.01504,62.53884],[-165.05934,62.5352],[-165.09808,62.5204],[-165.20123,62.47243],[-165.25043,62.44177],[-165.2862,62.41465],[-165.30724,62.39279],[-165.32288,62.36053],[-165.35525,62.35758],[-165.37355,62.34672],[-165.42798,62.30333],[-165.5082,62.25452],[-165.58197,62.20006],[-165.60743,62.18678],[-165.63078,62.16684],[-165.65885,62.16107],[-165.68533,62.12669],[-165.69737,62.1228],[-165.71422,62.09604],[-165.73292,62.08962],[-165.76049,62.03884],[-165.7598,62.00191],[-165.75509,61.9853],[-165.7209,61.93044],[-165.6834,61.90446],[-165.68254,61.89407],[-165.61503,61.85284],[-165.62335,61.84465],[-165.65101,61.84741],[-165.73471,61.84087],[-165.7788,61.81402],[-165.80414,61.82716],[-165.87088,61.82241],[-165.88465,61.82717],[-165.92239,61.829],[-166.03977,61.81898],[-166.06793,61.81202],[-166.09608,61.81501],[-166.09871,61.79555],[-166.04992,61.76496],[-166.04681,61.75538],[-166.01521,61.7326],[-166.00312,61.71884],[-165.95848,61.72289],[-165.96043,61.71146],[-165.91459,61.69821],[-165.86317,61.69935],[-165.83916,61.68749],[-165.80185,61.68853],[-165.76786,61.68492],[-165.77452,61.67669],[-165.90566,61.66169],[-166.05398,61.6382],[-166.14371,61.63227],[-166.17209,61.63586],[-166.18754,61.59231],[-166.18095,61.57184],[-166.14827,61.5176],[-166.14934,61.51187],[-166.10105,61.49294],[-166.07582,61.50206],[-166.10664,61.51083],[-166.08341,61.52995],[-166.00212,61.5392],[-165.9871,61.54978],[-165.94388,61.55469],[-165.9111,61.54883],[-165.85128,61.53015],[-165.8169,61.5307],[-165.787,61.50853],[-165.76204,61.49855],[-165.75329,61.47903],[-165.77072,61.45697],[-165.92005,61.4196],[-165.9266,61.41104],[-165.92332,61.38978],[-165.9018,61.36568],[-165.87881,61.32816],[-165.85862,61.31513],[-165.83785,61.3092],[-165.787,61.31279],[-165.69418,61.29293],[-165.64676,61.2931],[-165.63643,61.28008],[-165.60992,61.29253],[-165.59745,61.2899],[-165.59329,61.27317],[-165.60874,61.2522],[-165.63825,61.24145],[-165.64205,61.22841],[-165.63194,61.20762],[-165.61674,61.19638],[-165.62704,61.16715],[-165.61551,61.1507],[-165.59823,61.10942],[-165.58347,61.10051],[-165.53957,61.08969],[-165.39471,61.07865],[-165.36927,61.08325],[-165.36939,61.09491],[-165.35787,61.1273],[-165.32975,61.16042],[-165.33279,61.1699],[-165.30014,61.1811],[-165.26969,61.16893],[-165.23962,61.15064],[-165.20682,61.14984],[-165.17319,61.14324],[-165.18508,61.11913],[-165.13801,61.10158],[-165.12137,61.0786],[-165.06754,61.06095],[-165.01299,61.05347],[-164.98221,61.07245],[-164.95238,61.06929],[-164.9468,61.04571],[-164.94858,61.02637],[-165.02143,61.01065],[-165.1165,61.01549],[-165.13937,61.01023],[-165.19149,60.98306],[-165.19241,60.96669],[-165.18165,60.94857],[-165.15615,60.92885],[-165.11949,60.91827],[-165.0759,60.91106],[-165.02582,60.91072],[-164.97746,60.93326],[-164.95571,60.94775],[-164.92624,60.94833],[-164.9203,60.92957],[-164.93919,60.92373],[-164.95773,60.90247],[-164.955,60.88935],[-164.93159,60.87333],[-164.87763,60.85522],[-164.86444,60.84394],[-164.86848,60.83322],[-164.88714,60.81932],[-164.94109,60.80431],[-164.96332,60.79329],[-164.99719,60.78686],[-165.03415,60.78668],[-165.02511,60.77525],[-165.03224,60.76736],[-165.01045,60.74479],[-164.9689,60.72585],[-164.97532,60.71108],[-165.01121,60.69066],[-165.02753,60.68601],[-165.06279,60.68781],[-165.08881,60.67274],[-165.09975,60.65422],[-165.15073,60.64927],[-165.16879,60.62853],[-165.19197,60.61635],[-165.23106,60.61716],[-165.25614,60.60229],[-165.25257,60.58899],[-165.27741,60.57638],[-165.29441,60.57428],[-165.35399,60.57984],[-165.38216,60.57734],[-165.39257,60.56225],[-165.41835,60.55541],[-165.40683,60.53473],[-165.39304,60.53227],[-165.37795,60.51081],[-165.30456,60.50317],[-165.27052,60.49284],[-165.22524,60.49776],[-165.19601,60.49671],[-165.16713,60.50472],[-165.15988,60.5142],[-165.12221,60.51987],[-165.10272,60.53192],[-165.07835,60.53332],[-165.06124,60.54402],[-164.97128,60.53956],[-164.9594,60.52789],[-164.96569,60.50864],[-164.98625,60.50566],[-165.00111,60.48067],[-165.01515,60.47141],[-165.05352,60.45894],[-165.09671,60.45468],[-165.11258,60.44827],[-165.13932,60.45067],[-165.1294,60.43371],[-165.09963,60.41185],[-165.01703,60.36382],[-164.93895,60.32971],[-164.88631,60.31218],[-164.83461,60.30064],[-164.74644,60.2924],[-164.71292,60.29246],[-164.68678,60.30706],[-164.66895,60.30718],[-164.66693,60.28627],[-164.64744,60.28121],[-164.65509,60.26914],[-164.64209,60.24666],[-164.61298,60.22991],[-164.55834,60.20704],[-164.51765,60.19949],[-164.48736,60.18128],[-164.49263,60.16536],[-164.44366,60.1238],[-164.42818,60.11432],[-164.38566,60.07627],[-164.36805,60.07865],[-164.34119,60.05695],[-164.31932,60.0579],[-164.23328,60.03318],[-164.20476,60.02891],[-164.17959,60.0178],[-164.14867,59.99749],[-164.1211,59.98828],[-164.12752,59.9777],[-164.11813,59.96961],[-164.14938,59.96271],[-164.17481,59.96544],[-164.2214,59.94426],[-164.21284,59.92575],[-164.18974,59.89898],[-164.16531,59.86214],[-164.13679,59.84251],[-164.11528,59.83504],[-164.05086,59.82077],[-163.9842,59.81318],[-163.96316,59.80738],[-163.82245,59.79525],[-163.70479,59.79481],[-163.56469,59.80039],[-163.3749,59.81443],[-163.30883,59.82286],[-163.25749,59.83355],[-163.19415,59.8394],[-163.14507,59.84776],[-162.99759,59.88582],[-162.92913,59.90805],[-162.91666,59.91538],[-162.80851,59.93393],[-162.76442,59.94977],[-162.73923,59.96863],[-162.74268,59.98468],[-162.71974,59.9917],[-162.67826,59.98135],[-162.63037,59.97398],[-162.54338,59.98171],[-162.51141,59.99752],[-162.47814,60.03007],[-162.49371,60.07035],[-162.49466,60.10289],[-162.49953,60.12859],[-162.49002,60.14569],[-162.46301,60.16106],[-162.45128,60.17437],[-162.37257,60.16912],[-162.35976,60.15022],[-162.32173,60.11256],[-162.27348,60.08827],[-162.26826,60.06919],[-162.25887,60.06293],[-162.22559,60.06068],[-162.21347,60.04359],[-162.21157,60.0294],[-162.17378,59.98901],[-162.14479,59.96866],[-162.12107,59.96524],[-162.10473,59.95077],[-162.10224,59.93327],[-162.11103,59.92362],[-162.08489,59.88286],[-162.06075,59.85942],[-161.96842,59.79915],[-161.96878,59.78917],[-161.9506,59.77745],[-161.92818,59.74906],[-161.92909,59.73812],[-161.88155,59.70235],[-161.89106,59.68928],[-161.87513,59.67452],[-161.87787,59.65765],[-161.86883,59.63868],[-161.83092,59.60833],[-161.81476,59.588],[-161.77127,59.55971],[-161.74266,59.53109],[-161.70115,59.49837],[-161.71185,59.47894],[-161.74168,59.46789],[-161.78576,59.46711],[-161.80356,59.45921],[-161.81928,59.43092],[-161.84459,59.4334],[-161.8636,59.42264],[-161.8806,59.39585],[-161.91791,59.38944],[-161.95487,59.37891],[-161.95594,59.35232],[-161.9929,59.33839],[-162.032,59.28853],[-162.05636,59.27105],[-162.05577,59.26479],[-162.01251,59.19177],[-161.98078,59.14822],[-161.8787,59.06811],[-161.82177,59.05058],[-161.84126,59.02906],[-161.80787,58.99761],[-161.78874,58.97201],[-161.78219,58.94315],[-161.78683,58.93211],[-161.78339,58.88344],[-161.75653,58.83286],[-161.7532,58.80634],[-161.77352,58.76718],[-161.79176,58.75552],[-161.80454,58.73709],[-161.84423,58.72438],[-161.86574,58.70655],[-161.839,58.69272],[-161.85291,58.67271],[-161.88916,58.65447],[-161.91756,58.6494],[-161.94549,58.64953],[-161.94489,58.66603],[-161.96997,58.66801],[-161.97508,58.67703],[-161.99742,58.68117],[-162.02368,58.67042],[-162.04888,58.67122],[-162.07704,58.65985],[-162.08411,58.66754],[-162.11745,58.66863],[-162.12612,58.65769],[-162.16284,58.65454],[-162.1752,58.6499],[-162.15227,58.63864],[-162.10414,58.63153],[-162.0755,58.62101],[-162.04602,58.62621],[-161.99694,58.62763],[-161.98197,58.63184],[-161.95594,58.62306],[-161.93313,58.63258],[-161.9109,58.63469],[-161.90045,58.62862],[-161.82094,58.62875],[-161.7967,58.61947],[-161.77364,58.6017],[-161.75605,58.57749],[-161.75926,58.55034],[-161.73359,58.55728],[-161.68701,58.5602],[-161.67536,58.57928],[-161.62997,58.59916],[-161.59253,58.60535],[-161.55997,58.60195],[-161.54571,58.61],[-161.54571,58.62027],[-161.52883,58.62862],[-161.47609,58.64257],[-161.3621,58.66202],[-161.37624,58.67746],[-161.37421,58.70267],[-161.35949,58.72272],[-161.32716,58.74338],[-161.29983,58.75547],[-161.28854,58.77106],[-161.21486,58.7835],[-161.17837,58.7835],[-161.17576,58.79483],[-161.15377,58.80234],[-161.13155,58.80007],[-161.11266,58.81176],[-161.08057,58.8165],[-161.04622,58.83452],[-160.99061,58.85401],[-160.96066,58.87521],[-160.9161,58.87491],[-160.90682,58.88332],[-160.87902,58.8824],[-160.85584,58.87429],[-160.82875,58.85232],[-160.82185,58.83105],[-160.79333,58.8726],[-160.75195,58.90561],[-160.728,58.91526],[-160.68555,58.93867],[-160.56978,58.98544],[-160.53977,58.99257],[-160.51482,59.01223],[-160.39008,59.05269],[-160.36065,59.072],[-160.33024,59.07431],[-160.31149,59.06667],[-160.30923,59.05669],[-160.33432,59.05373],[-160.28164,59.02729],[-160.26129,59.00187],[-160.2533,58.98506],[-160.26286,58.97528],[-160.28499,58.97676],[-160.3131,58.96172],[-160.29932,58.94983],[-160.26925,58.9475],[-160.24608,58.92162],[-160.24917,58.88989],[-160.23063,58.89069],[-160.2248,58.90352],[-160.19426,58.91248],[-160.17168,58.91082],[-160.1581,58.90161],[-160.151,58.88719],[-160.16538,58.86784],[-160.15968,58.86225],[-160.12415,58.86434],[-160.09311,58.8608],[-160.08719,58.87724],[-160.04286,58.88375],[-160.00661,58.87914],[-159.98308,58.86336],[-159.98249,58.85008],[-159.99152,58.83422],[-159.96989,58.82893],[-159.95302,58.8069],[-159.90097,58.77309],[-159.85676,58.78221],[-159.85699,58.79237],[-159.8236,58.79569],[-159.79425,58.80536],[-159.79912,58.82708],[-159.81207,58.84209],[-159.79853,58.85119],[-159.77571,58.85039],[-159.77024,58.83532],[-159.75123,58.84307],[-159.746,58.85586],[-159.76905,58.87134],[-159.74231,58.89192],[-159.72746,58.91316],[-159.74267,58.92549],[-159.6495,58.93714],[-159.61557,58.93117],[-159.59479,58.9124],[-159.58473,58.8948],[-159.63054,58.85701],[-159.63536,58.84651],[-159.59792,58.83046],[-159.58342,58.83883],[-159.50095,58.82197],[-159.46351,58.80567],[-159.40921,58.77247],[-159.34218,58.71784],[-159.25923,58.63469],[-159.1886,58.55727],[-159.10124,58.47398],[-159.08163,58.47205],[-159.07152,58.45549],[-159.07763,58.44715],[-159.06154,58.42636],[-159.03734,58.41928],[-158.90382,58.3939],[-158.84407,58.39875],[-158.81198,58.40558],[-158.78952,58.41708],[-158.74085,58.45298],[-158.71863,58.47759],[-158.70139,58.48673],[-158.70235,58.49523],[-158.75487,58.50858],[-158.76379,58.52],[-158.77577,58.55164],[-158.80481,58.58181],[-158.83334,58.62387],[-158.83451,58.63926],[-158.86612,58.69571],[-158.89769,58.71587],[-158.90478,58.747],[-158.88544,58.74992],[-158.87397,58.72941],[-158.84923,58.72482],[-158.82451,58.72722],[-158.80277,58.73598],[-158.78637,58.75275],[-158.77508,58.7726],[-158.79575,58.80979],[-158.77457,58.84676],[-158.77013,58.86447],[-158.77724,58.87991],[-158.7362,58.87302],[-158.71185,58.87581],[-158.69462,58.88418],[-158.65301,58.89562],[-158.61569,58.91343],[-158.60934,58.9399],[-158.57562,58.96771],[-158.53388,58.99615],[-158.53382,59.02353],[-158.50268,59.03617],[-158.45534,59.03842],[-158.42486,59.06685],[-158.35649,59.05781],[-158.34359,59.04645],[-158.35433,59.03657],[-158.40288,59.02405],[-158.42989,59.01112],[-158.48166,58.99944],[-158.49045,58.97189],[-158.48392,58.95712],[-158.49473,58.94689],[-158.50947,58.86286],[-158.50567,58.85451],[-158.55748,58.83188],[-158.55118,58.82124],[-158.5633,58.80462],[-158.5248,58.78831],[-158.4409,58.77562],[-158.37922,58.75257],[-158.34535,58.72198],[-158.33239,58.68681],[-158.33097,58.66319],[-158.31909,58.65423],[-158.27304,58.63347],[-158.21386,58.61583],[-158.14031,58.61502],[-158.0776,58.62553],[-157.81592,58.68994],[-157.70647,58.72994],[-157.55495,58.75651],[-157.53265,58.77264],[-157.42981,58.79305],[-157.40034,58.80874],[-157.34353,58.82517],[-157.32939,58.83342],[-157.29695,58.8376],[-157.26379,58.83754],[-157.17181,58.8553],[-157.15921,58.86084],[-157.12962,58.86305],[-157.08292,58.87484],[-157.06877,58.89861],[-157.04239,58.91463],[-157.03799,58.93389],[-157.04596,58.94229],[-157.01541,58.96785],[-156.97132,58.9831],[-156.94589,58.9834],[-156.9289,58.96926],[-156.96085,58.9655],[-156.97299,58.94824],[-156.97988,58.90143],[-157.01114,58.88326],[-157.01625,58.86876],[-156.98915,58.85211],[-156.99319,58.82148],[-157.03538,58.7851],[-157.06259,58.7697],[-157.06402,58.7308],[-157.04536,58.72105],[-157.05178,58.71192],[-157.08054,58.70785],[-157.10799,58.69253],[-157.1301,58.68698],[-157.17121,58.66826],[-157.2058,58.64273],[-157.22018,58.63908],[-157.25999,58.61662],[-157.29017,58.59241],[-157.3096,58.56969],[-157.33592,58.54742],[-157.37835,58.52323],[-157.40751,58.52324],[-157.43789,58.50567],[-157.45192,58.50562],[-157.4815,58.4761],[-157.49374,58.44987],[-157.52405,58.4108],[-157.53462,58.38932],[-157.54663,58.33408],[-157.54508,58.29932],[-157.53011,58.28864],[-157.53617,58.27164],[-157.44193,58.20734],[-157.38833,58.20533],[-157.40343,58.1774],[-157.43266,58.16561],[-157.48103,58.16135],[-157.51514,58.1611],[-157.53011,58.1648],[-157.55064,58.15953],[-157.57681,58.12855],[-157.58784,58.10896],[-157.61258,58.02109],[-157.62554,57.9603],[-157.63469,57.89657],[-157.65822,57.79879],[-157.7054,57.7104],[-157.71122,57.6377],[-157.69825,57.61438],[-157.65165,57.61568],[-157.60181,57.61197],[-157.58834,57.58215],[-157.56992,57.52092],[-157.5988,57.48874],[-157.64327,57.48945],[-157.65676,57.50583],[-157.65714,57.51991],[-157.6758,57.53173],[-157.70041,57.56518],[-157.71395,57.55982],[-157.74747,57.55619],[-157.78799,57.54223],[-157.87035,57.49359],[-157.93001,57.47398],[-157.96336,57.43658],[-157.98977,57.41334],[-158.08105,57.37128],[-158.08378,57.35718],[-158.18385,57.33589],[-158.23126,57.31896],[-158.26775,57.30066],[-158.30708,57.28956],[-158.37958,57.2465],[-158.45967,57.18866],[-158.54025,57.12511],[-158.57031,57.09484],[-158.62474,57.05182],[-158.66242,57.0136],[-158.68868,56.9732],[-158.69688,56.93795],[-158.68131,56.92271],[-158.69355,56.88813],[-158.67585,56.8778],[-158.67204,56.85916],[-158.65124,56.84435],[-158.65731,56.83681],[-158.65992,56.8132],[-158.64934,56.80279],[-158.75071,56.79433],[-158.77484,56.786],[-158.8156,56.78873],[-158.85898,56.79733],[-158.91186,56.81366],[-158.95001,56.84222],[-158.94325,56.85816],[-159.03308,56.80793],[-159.18475,56.75272],[-159.2256,56.73454],[-159.27989,56.71567],[-159.30035,56.71397],[-159.35739,56.69309],[-159.38876,56.69048],[-159.47932,56.64751],[-159.54849,56.62124],[-159.81516,56.54768],[-159.84891,56.53077],[-159.88076,56.50835],[-159.9428,56.47332],[-160.06045,56.41722],[-160.08873,56.40841],[-160.11107,56.40788],[-160.14958,56.39631],[-160.19633,56.37255],[-160.22849,56.34208],[-160.2746,56.31715],[-160.3159,56.30223],[-160.35035,56.2835],[-160.38274,56.24843],[-160.40758,56.20365],[-160.44882,56.14039],[-160.45024,56.12423],[-160.46379,56.10409],[-160.49992,56.06351],[-160.54983,56.01691],[-160.56836,56.00406],[-160.58349,55.98647],[-160.55197,55.99179],[-160.53652,55.9882],[-160.52464,55.9773],[-160.5408,55.94603],[-160.51584,55.94803],[-160.50657,55.93618],[-160.47615,55.91887],[-160.41816,55.90981],[-160.39082,55.89156],[-160.3296,55.8686],[-160.30597,55.86356],[-160.29219,55.85315],[-160.25511,55.85796],[-160.242,55.8435],[-160.22159,55.83447],[-160.2948,55.82379],[-160.31881,55.81752],[-160.29076,55.80576],[-160.29171,55.79655],[-160.26893,55.78428],[-160.24441,55.78051],[-160.25178,55.76781],[-160.27175,55.7654],[-160.29955,55.77022],[-160.32261,55.78078],[-160.35588,55.77583],[-160.38179,55.78251],[-160.3825,55.79227],[-160.39867,55.8075],[-160.43265,55.80242],[-160.4336,55.79227],[-160.44977,55.78492],[-160.47211,55.79521],[-160.47425,55.81965],[-160.46213,55.8318],[-160.49468,55.86419],[-160.508,55.86063],[-160.53258,55.86989],[-160.56148,55.86009],[-160.65108,55.85756],[-160.69759,55.8624],[-160.72532,55.86891],[-160.75661,55.88129],[-160.79321,55.88596],[-160.7944,55.87636],[-160.76683,55.85462],[-160.7521,55.8051],[-160.76208,55.78612],[-160.73118,55.77369],[-160.71597,55.77449],[-160.6865,55.76206],[-160.69523,55.75508],[-160.65156,55.73932],[-160.66986,55.69742],[-160.68538,55.69595],[-160.70251,55.71742],[-160.70661,55.73603],[-160.73104,55.74547],[-160.77767,55.75052],[-160.79987,55.72875],[-160.83289,55.75525],[-160.84978,55.7626],[-160.90278,55.80403],[-160.91823,55.80349],[-160.93939,55.81164],[-160.95389,55.82539],[-160.95293,55.85315],[-160.95816,55.86649],[-161.0057,55.87476],[-161.02376,55.89702],[-161.01378,55.91514],[-160.9786,55.93671],[-160.94676,55.94696],[-160.89217,55.95321],[-160.86571,55.93139],[-160.84741,55.94111],[-160.86547,55.95508],[-160.86095,55.98115],[-160.86397,55.99398],[-160.87664,55.99977],[-160.92228,55.98488],[-160.94676,55.98714],[-160.96743,55.96998],[-160.98716,55.97012],[-161.0221,55.96187],[-161.04706,55.9439],[-161.077,55.9435],[-161.09982,55.95269],[-161.10101,55.9644],[-161.1403,55.95313],[-161.18856,55.96114],[-161.22697,55.95278],[-161.24626,55.95808],[-161.27998,55.95867],[-161.28521,55.97118],[-161.27499,55.98461],[-161.17255,56.00575],[-161.17659,56.01053],[-161.29139,55.9839],[-161.38123,55.96692],[-161.57727,55.93838],[-161.62338,55.92442],[-161.69188,55.90995],[-161.80977,55.89183],[-161.8774,55.8487],[-161.9345,55.81935],[-161.99451,55.79783],[-162.05063,55.7909],[-162.14663,55.73335],[-162.2142,55.71336],[-162.26921,55.68563],[-162.30617,55.65181],[-162.384,55.58984],[-162.47346,55.52913],[-162.51497,55.49611],[-162.59126,55.45274],[-162.58764,55.44555],[-162.55652,55.4515],[-162.54215,55.46117],[-162.50446,55.46278],[-162.50617,55.44519],[-162.51889,55.43027],[-162.51531,55.41458],[-162.50248,55.41072],[-162.49535,55.38937],[-162.51093,55.38596],[-162.51259,55.37421],[-162.53588,55.35854],[-162.57486,55.34787],[-162.60158,55.36215],[-162.64046,55.36827],[-162.65496,55.37732],[-162.66661,55.35868],[-162.68015,55.35233],[-162.69679,55.3326],[-162.73529,55.30779],[-162.75716,55.30839],[-162.76619,55.31515],[-162.79804,55.31096],[-162.8066,55.29594],[-162.82466,55.28538],[-162.83916,55.26521],[-162.85271,55.28051],[-162.8722,55.27239],[-162.9107,55.2495],[-162.88598,55.23798],[-162.86816,55.24679],[-162.85033,55.2415],[-162.84392,55.22253],[-162.85746,55.21711],[-162.86412,55.19106],[-162.87196,55.17953],[-162.89121,55.18265],[-162.93347,55.17675],[-162.93376,55.16216],[-162.95705,55.16541],[-162.97416,55.17546],[-162.99294,55.17858],[-163.03382,55.1684],[-163.07019,55.17017],[-163.08207,55.18157],[-163.05997,55.19134],[-163.0438,55.20721],[-163.01219,55.21684],[-163.03406,55.22483],[-163.07351,55.19826],[-163.11463,55.17722],[-163.14553,55.17587],[-163.20115,55.16134],[-163.35683,55.08795],[-163.42076,55.06754],[-163.41102,55.05951],[-163.39367,55.0689],[-163.34138,55.08646],[-163.32284,55.10182],[-163.30287,55.09489],[-163.3167,55.08204],[-163.2841,55.05175],[-163.27982,55.01334],[-163.28505,54.99194],[-163.29669,54.97434],[-163.29162,54.96621],[-163.23704,54.94719],[-163.21874,54.93367],[-163.23371,54.93053],[-163.24868,54.93886],[-163.27839,54.94296],[-163.29907,54.93749],[-163.30882,54.94637],[-163.33615,54.95456],[-163.34613,54.92616],[-163.31632,54.90782],[-163.32487,54.88923],[-163.32369,54.87542],[-163.38731,54.85745],[-163.37027,54.8378],[-163.3572,54.81082],[-163.31727,54.80822],[-163.29981,54.82923],[-163.24691,54.83301],[-163.21887,54.84135],[-163.21411,54.85394],[-163.19771,54.86899],[-163.17559,54.8705],[-163.14317,54.88898],[-163.14281,54.89511],[-163.09836,54.91588],[-163.06224,54.92558],[-163.03134,54.94415],[-163.05035,54.97076],[-163.14861,55.01402],[-163.16967,55.0118],[-163.19534,55.0178],[-163.21621,55.02826],[-163.21958,55.04109],[-163.19235,55.07955],[-163.18084,55.0856],[-163.18464,55.09771],[-163.14329,55.09417],[-163.10597,55.10655],[-163.0677,55.10723],[-163.00733,55.08053],[-162.97893,55.0478],[-162.94554,55.02546],[-162.96301,55.01579],[-162.96633,55.00134],[-162.95481,54.98505],[-162.91999,54.971],[-162.91464,54.9521],[-162.89883,54.94746],[-162.88112,54.93374],[-162.83418,54.92862],[-162.82396,54.93892],[-162.80186,54.94227],[-162.7794,54.9349],[-162.75218,54.9394],[-162.73305,54.95387],[-162.71986,54.95244],[-162.70417,54.96881],[-162.71784,54.98273],[-162.68135,54.9978],[-162.65854,54.99821],[-162.62075,54.99159],[-162.59211,54.97605],[-162.58545,54.96179],[-162.56337,54.95576],[-162.55158,54.96397],[-162.57,54.97475],[-162.56869,55.01926],[-162.59734,55.0557],[-162.60233,55.08713],[-162.62526,55.10019],[-162.62693,55.11481],[-162.61576,55.12846],[-162.59983,55.12446],[-162.58807,55.1413],[-162.61053,55.15428],[-162.61706,55.17037],[-162.63845,55.18285],[-162.64844,55.19703],[-162.69217,55.19513],[-162.71915,55.21059],[-162.72378,55.22653],[-162.7094,55.25288],[-162.68579,55.27466],[-162.69025,55.27823],[-162.66329,55.2979],[-162.63287,55.30548],[-162.62467,55.30054],[-162.56939,55.30071],[-162.56026,55.2868],[-162.58866,55.27171],[-162.51355,55.25058],[-162.50554,55.22416],[-162.50001,55.18577],[-162.48218,55.15971],[-162.44887,55.15198],[-162.42941,55.13363],[-162.40054,55.11555],[-162.37606,55.11752],[-162.35264,55.11141],[-162.35276,55.10352],[-162.39495,55.09767],[-162.43595,55.10604],[-162.44256,55.11823],[-162.46826,55.12474],[-162.52099,55.11542],[-162.50773,55.09183],[-162.51023,55.08625],[-162.49525,55.06706],[-162.45069,55.04576],[-162.4148,55.03541],[-162.38105,55.04126],[-162.34444,55.03738],[-162.33387,55.03983],[-162.32804,55.05427],[-162.31212,55.05828],[-162.30249,55.03854],[-162.27777,55.02172],[-162.25163,55.01831],[-162.22057,55.0286],[-162.19206,55.05741],[-162.19209,55.06734],[-162.20707,55.0753],[-162.20493,55.0857],[-162.2281,55.10427],[-162.22144,55.11725],[-162.18401,55.13974],[-162.17688,55.15339],[-162.14741,55.15611],[-162.11128,55.14823],[-162.11936,55.13465],[-162.10926,55.12486],[-162.12934,55.12079],[-162.13766,55.11283],[-162.12411,55.10461],[-162.08014,55.08924],[-162.05079,55.07183],[-162.02037,55.09128],[-161.98792,55.09557],[-161.95964,55.10617],[-161.9462,55.12571],[-161.96261,55.13707],[-161.96249,55.15846],[-161.97497,55.1641],[-162.01621,55.17062],[-161.9998,55.17978],[-162.01418,55.20467],[-162.01466,55.21647],[-162.0376,55.22135],[-162.02821,55.23653],[-161.9777,55.23565],[-161.95388,55.22614],[-161.93218,55.21254],[-161.90341,55.20494],[-161.89938,55.21803],[-161.87831,55.22374],[-161.87346,55.25291],[-161.86076,55.27087],[-161.82428,55.29307],[-161.81109,55.30721],[-161.76022,55.34818],[-161.74775,55.35413],[-161.68844,55.40416],[-161.70021,55.42736],[-161.69082,55.47717],[-161.69486,55.48761],[-161.68749,55.50592],[-161.69866,55.52059],[-161.67157,55.5292],[-161.67656,55.53834],[-161.65093,55.55869],[-161.63449,55.56449],[-161.63889,55.57444],[-161.62475,55.58861],[-161.60918,55.59351],[-161.61358,55.60748],[-161.59159,55.61875],[-161.5418,55.62855],[-161.4548,55.63365],[-161.38778,55.62707],[-161.36354,55.616],[-161.36199,55.59116],[-161.3744,55.57197],[-161.39408,55.56342],[-161.41666,55.5415],[-161.42379,55.52691],[-161.47905,55.49064],[-161.47287,55.45999],[-161.48744,55.41279],[-161.49612,55.39697],[-161.51553,55.38837],[-161.51648,55.37277],[-161.50389,55.36088],[-161.45385,55.35757],[-161.42557,55.36426],[-161.40477,55.3748],[-161.35926,55.38357],[-161.33751,55.38371],[-161.31885,55.37804],[-161.31541,55.36001],[-161.29009,55.35534],[-161.24208,55.35616],[-161.2031,55.37081],[-161.18385,55.38344],[-161.12146,55.39512],[-161.08676,55.40591],[-161.05075,55.42298],[-160.99733,55.44027],[-160.98289,55.45743],[-160.98574,55.46572],[-160.95936,55.48653],[-160.94653,55.5076],[-160.91468,55.52301],[-160.89899,55.52583],[-160.85443,55.52388],[-160.83399,55.51736],[-160.82579,55.50497],[-160.84135,55.494],[-160.83779,55.47212],[-160.79786,55.45642],[-160.77338,55.45285],[-160.75828,55.45676],[-160.68817,55.45797],[-160.66333,55.46477],[-160.64999,55.48328],[-160.64928,55.50406],[-160.66214,55.51924],[-160.69173,55.51994],[-160.71503,55.52644],[-160.7382,55.52402],[-160.76875,55.52932],[-160.76922,55.54581],[-160.75793,55.55186],[-160.71693,55.55834],[-160.66864,55.54491],[-160.6486,55.5493],[-160.61136,55.57932],[-160.62265,55.5873],[-160.61975,55.60063],[-160.6078,55.60638],[-160.58953,55.59314],[-160.597,55.57682],[-160.58008,55.56439],[-160.58311,55.54991],[-160.55578,55.52361],[-160.53629,55.47986],[-160.50337,55.47636],[-160.47069,55.49373],[-160.45762,55.51359],[-160.46519,55.52736],[-160.44336,55.55152],[-160.44526,55.57437],[-160.41793,55.57948],[-160.38691,55.606],[-160.36697,55.60328],[-160.35684,55.61258],[-160.38762,55.62815],[-160.43302,55.63998],[-160.43177,55.65009],[-160.41377,55.66463],[-160.35245,55.64679],[-160.27948,55.63868],[-160.25809,55.65001],[-160.25535,55.6598],[-160.23634,55.66644],[-160.2134,55.65518],[-160.12689,55.6647],[-160.12463,55.67307],[-160.14115,55.70416],[-160.13378,55.72417],[-160.11703,55.7223],[-160.11489,55.70985],[-160.08054,55.70824],[-160.09302,55.72223],[-160.08743,55.72772],[-160.02956,55.71815],[-160.01827,55.71935],[-160.01316,55.73542],[-160.02112,55.74732],[-160.04988,55.76036],[-160.04441,55.77394],[-160.02599,55.79118],[-159.99391,55.79499],[-159.96943,55.7742],[-159.9617,55.79619],[-159.97311,55.81275],[-159.95968,55.81996],[-159.90894,55.79378],[-159.8999,55.7859],[-159.87317,55.78383],[-159.86069,55.7881],[-159.84595,55.8048],[-159.8532,55.8203],[-159.84393,55.83111],[-159.85914,55.84432],[-159.821,55.8562],[-159.78368,55.8512],[-159.72557,55.85053],[-159.6419,55.82804],[-159.62277,55.81536],[-159.62657,55.80327],[-159.6791,55.73976],[-159.65284,55.71393],[-159.62705,55.70643],[-159.65379,55.69224],[-159.67173,55.68889],[-159.69479,55.65451],[-159.67553,55.65779],[-159.6444,55.65377],[-159.63587,55.6444],[-159.6198,55.64612],[-159.6135,55.63486],[-159.63679,55.62466],[-159.63311,55.60835],[-159.65807,55.61828],[-159.73091,55.61352],[-159.73804,55.60003],[-159.70513,55.60855],[-159.69693,55.59989],[-159.7201,55.59291],[-159.73091,55.57061],[-159.68805,55.57301],[-159.66924,55.58364],[-159.65593,55.57974],[-159.62241,55.58955],[-159.60067,55.61721],[-159.599,55.62774],[-159.5782,55.64331],[-159.56397,55.63848],[-159.53911,55.65156],[-159.54113,55.67441],[-159.53352,55.69759],[-159.55527,55.71072],[-159.53412,55.73173],[-159.52235,55.73381],[-159.50377,55.74788],[-159.49573,55.7617],[-159.49754,55.78643],[-159.50571,55.802],[-159.50345,55.82056],[-159.51225,55.84172],[-159.5315,55.84859],[-159.54743,55.86594],[-159.53198,55.88674],[-159.49279,55.90027],[-159.45409,55.89624],[-159.4722,55.8736],[-159.4615,55.86187],[-159.47422,55.84292],[-159.46341,55.81896],[-159.44677,55.81082],[-159.43611,55.79431],[-159.41967,55.78677],[-159.40208,55.79886],[-159.40898,55.82457],[-159.40208,55.83552],[-159.40113,55.85667],[-159.37439,55.8708],[-159.34706,55.87854],[-159.31557,55.87187],[-159.3145,55.85707],[-159.29026,55.86694],[-159.28055,55.88917],[-159.23488,55.89853],[-159.20588,55.8996],[-159.16916,55.89047],[-159.16619,55.9],[-159.14979,55.90999],[-159.13244,55.90946],[-159.08609,55.92417],[-159.07076,55.92411],[-159.03261,55.89353],[-159.00599,55.891],[-159.00254,55.90879],[-159.01193,55.91978],[-159.00159,55.92877],[-158.97925,55.93343],[-158.94871,55.93436],[-158.91532,55.92837],[-158.88644,55.96896],[-158.85851,55.99343],[-158.85839,56.00566],[-158.8471,56.01423],[-158.82559,56.01509],[-158.82559,56.0022],[-158.81323,55.9901],[-158.79089,55.98558],[-158.77069,56.00154],[-158.77354,56.01801],[-158.7203,56.00532],[-158.73349,55.99516],[-158.71745,55.97727],[-158.74205,55.97468],[-158.75072,55.96104],[-158.72458,55.95386],[-158.71281,55.96524],[-158.69748,55.96696],[-158.67954,55.95093],[-158.66789,55.95073],[-158.65375,55.96317],[-158.69344,55.98233],[-158.64389,55.99084],[-158.63628,56.00685],[-158.63996,56.01974],[-158.66516,56.03601],[-158.68465,56.03129],[-158.71507,56.03302],[-158.72553,56.04935],[-158.68453,56.04922],[-158.65993,56.06057],[-158.66385,56.08226],[-158.6484,56.08862],[-158.68156,56.10731],[-158.67954,56.12202],[-158.66682,56.12626],[-158.67193,56.14063],[-158.65149,56.14864],[-158.64068,56.13666],[-158.65458,56.12176],[-158.64103,56.11301],[-158.61085,56.12288],[-158.58392,56.14193],[-158.58363,56.15586],[-158.55131,56.16989],[-158.54941,56.17644],[-158.58399,56.17796],[-158.61311,56.189],[-158.58981,56.19297],[-158.55915,56.19079],[-158.51685,56.19806],[-158.51613,56.17988],[-158.4932,56.16923],[-158.51031,56.16162],[-158.53729,56.15738],[-158.54703,56.14811],[-158.55547,56.11884],[-158.56723,56.12341],[-158.58803,56.11553],[-158.5872,56.10075],[-158.5954,56.08338],[-158.55571,56.08358],[-158.55178,56.07596],[-158.59243,56.06932],[-158.5948,56.04285],[-158.56997,56.04457],[-158.52314,56.05566],[-158.51483,56.04743],[-158.55844,56.03212],[-158.54287,56.00971],[-158.53016,56.003],[-158.5134,55.98213],[-158.49985,55.981],[-158.49401,56.00732],[-158.50211,56.01981],[-158.50389,56.03787],[-158.48737,56.03754],[-158.45374,56.0131],[-158.4457,55.99758],[-158.41503,56.00414],[-158.41963,56.01874],[-158.40965,56.04378],[-158.42558,56.04504],[-158.45362,56.05579],[-158.46087,56.04895],[-158.44328,56.03548],[-158.45232,56.02691],[-158.48155,56.04796],[-158.49308,56.05041],[-158.46028,56.06873],[-158.46289,56.07914],[-158.48928,56.1044],[-158.46503,56.10473],[-158.44245,56.11255],[-158.44233,56.09591],[-158.42356,56.08365],[-158.42653,56.06959],[-158.40026,56.06189],[-158.39444,56.08909],[-158.4371,56.1405],[-158.40478,56.13216],[-158.40716,56.15109],[-158.39171,56.16956],[-158.37555,56.17399],[-158.37494,56.13624],[-158.34874,56.12437],[-158.3383,56.13132],[-158.33933,56.14542],[-158.34981,56.1498],[-158.27958,56.1715],[-158.26341,56.16654],[-158.2526,56.1848],[-158.23347,56.1852],[-158.21647,56.1928],[-158.18629,56.19207],[-158.18296,56.20774],[-158.16014,56.21713],[-158.15717,56.22823],[-158.17493,56.23623],[-158.21148,56.21475],[-158.26211,56.19307],[-158.27625,56.19247],[-158.29574,56.18235],[-158.32901,56.17693],[-158.298,56.2121],[-158.33329,56.21362],[-158.37845,56.22723],[-158.31071,56.23642],[-158.28374,56.24903],[-158.25617,56.25306],[-158.25082,56.26085],[-158.21728,56.26852],[-158.199,56.28981],[-158.23917,56.29357],[-158.24987,56.3034],[-158.28219,56.30326],[-158.29574,56.31629],[-158.3144,56.31475],[-158.33127,56.32482],[-158.37334,56.31427],[-158.38,56.29964],[-158.40174,56.29502],[-158.41054,56.31032],[-158.40222,56.32699],[-158.43609,56.33371],[-158.4387,56.34379],[-158.47257,56.34056],[-158.49895,56.35268],[-158.50715,56.3744],[-158.47507,56.39618],[-158.46473,56.39756],[-158.43228,56.42557],[-158.40769,56.45218],[-158.37417,56.45934],[-158.33804,56.47982],[-158.32628,56.4831],[-158.28849,56.48047],[-158.24689,56.46492],[-158.20162,56.46295],[-158.18046,56.45645],[-158.16085,56.46669],[-158.12651,56.46203],[-158.11427,56.48966],[-158.12758,56.49852],[-158.14576,56.4974],[-158.15432,56.50744],[-158.13863,56.52179],[-158.10856,56.51891],[-158.10037,56.51301],[-158.04986,56.50829],[-158.02597,56.51065],[-157.99899,56.49747],[-157.97439,56.50048],[-157.96013,56.48822],[-157.92044,56.48638],[-157.88491,56.47378],[-157.85948,56.47562],[-157.85758,56.48861],[-157.83,56.49878],[-157.82489,56.51707],[-157.83369,56.53818],[-157.8186,56.54873],[-157.83999,56.56661],[-157.87005,56.56209],[-157.90178,56.57014],[-157.96239,56.56562],[-157.9795,56.55534],[-158.08001,56.53962],[-158.12402,56.52946],[-158.12092,56.55377],[-158.10179,56.56779],[-158.07315,56.5759],[-158.02466,56.60319],[-157.97767,56.60459],[-157.95752,56.61039],[-157.94397,56.63111],[-157.92876,56.63896],[-157.88051,56.64915],[-157.84415,56.64588],[-157.83464,56.6579],[-157.78651,56.67624],[-157.75414,56.67947],[-157.7368,56.67562],[-157.71572,56.64035],[-157.70313,56.62513],[-157.68407,56.62052],[-157.6729,56.61117],[-157.65032,56.61385],[-157.63297,56.61006],[-157.60504,56.62052],[-157.54277,56.6183],[-157.53623,56.61274],[-157.49045,56.6176],[-157.4597,56.62739],[-157.45007,56.64124],[-157.47111,56.65594],[-157.48026,56.67214],[-157.51021,56.66665],[-157.52352,56.67625],[-157.55079,56.68103],[-157.56178,56.70601],[-157.53556,56.7482],[-157.50973,56.76481],[-157.47717,56.76396],[-157.46398,56.75432],[-157.43783,56.76696],[-157.40171,56.77295],[-157.41989,56.78506],[-157.41941,56.79983],[-157.45093,56.80222],[-157.46236,56.8096],[-157.47123,56.83353],[-157.46077,56.84562],[-157.43693,56.85852],[-157.40568,56.86422],[-157.38317,56.86206],[-157.33397,56.83808],[-157.31246,56.82221],[-157.29309,56.81454],[-157.28916,56.80257],[-157.25268,56.7928],[-157.2282,56.78128],[-157.22523,56.77406],[-157.19623,56.76872],[-157.16838,56.77254],[-157.14076,56.79005],[-157.14893,56.79606],[-157.13871,56.80771],[-157.15452,56.81584],[-157.13705,56.83366],[-157.07704,56.83541],[-157.02712,56.89134],[-157.00595,56.90422],[-156.98079,56.91356],[-156.95469,56.91296],[-156.93647,56.93653],[-156.93431,56.9551],[-156.91826,56.96424],[-156.88906,56.96528],[-156.87893,56.94447],[-156.84958,56.92658],[-156.84019,56.90101],[-156.82722,56.89696],[-156.80642,56.90495],[-156.78885,56.94201],[-156.7854,56.96974],[-156.74714,56.99836],[-156.76651,57.00924],[-156.78219,57.02606],[-156.77447,57.03369],[-156.75195,57.02758],[-156.72028,57.03854],[-156.70103,57.03123],[-156.67619,57.00555],[-156.65111,57.00296],[-156.59299,56.98642],[-156.56157,56.98127],[-156.55075,56.99972],[-156.57191,57.02793],[-156.58807,57.03718],[-156.58058,57.0441],[-156.51486,57.04817],[-156.48587,57.06433],[-156.47612,57.07744],[-156.44083,57.08254],[-156.4476,57.11024],[-156.46935,57.11211],[-156.46566,57.12488],[-156.43168,57.12579],[-156.41017,57.12185],[-156.3959,57.13733],[-156.36821,57.14301],[-156.3517,57.15654],[-156.32698,57.18676],[-156.35669,57.19069],[-156.38141,57.19912],[-156.38854,57.21399],[-156.40315,57.22139],[-156.394,57.23901],[-156.3782,57.2466],[-156.33755,57.24995],[-156.32721,57.26415],[-156.31509,57.2937],[-156.34064,57.30044],[-156.32567,57.31431],[-156.35324,57.32432],[-156.37378,57.31738],[-156.39298,57.31796],[-156.51566,57.29006],[-156.53423,57.28253],[-156.54822,57.30592],[-156.53851,57.3256],[-156.50928,57.3349],[-156.48801,57.33099],[-156.4804,57.33984],[-156.45758,57.34478],[-156.43346,57.3667],[-156.40173,57.37202],[-156.32389,57.42414],[-156.29192,57.43169],[-156.28027,57.42964],[-156.25425,57.44007],[-156.2201,57.4453],[-156.20885,57.47159],[-156.1808,57.48175],[-156.16607,57.47453],[-156.1303,57.46814],[-156.09369,57.4379],[-156.02334,57.43387],[-156.01326,57.45085],[-156.03511,57.46865],[-156.04081,57.49178],[-156.04176,57.52006],[-156.02619,57.52146],[-156.04403,57.56446],[-156.00615,57.56697],[-155.97224,57.54379],[-155.93374,57.53384],[-155.91163,57.54334],[-155.86196,57.55265],[-155.85019,57.56738],[-155.83165,57.5763],[-155.81668,57.57617],[-155.81418,57.5619],[-155.78388,57.5466],[-155.73527,57.54322],[-155.73646,57.56821],[-155.72755,57.5781],[-155.73673,57.60338],[-155.72671,57.61531],[-155.75234,57.61939],[-155.77721,57.63651],[-155.76202,57.64141],[-155.73753,57.63227],[-155.69353,57.64576],[-155.62991,57.65705],[-155.59554,57.65968],[-155.57998,57.67761],[-155.5851,57.68863],[-155.60992,57.68617],[-155.63216,57.69947],[-155.63514,57.71653],[-155.61204,57.74863],[-155.61816,57.77171],[-155.59761,57.78514],[-155.5607,57.79009],[-155.49296,57.7551],[-155.45505,57.74724],[-155.41417,57.74337],[-155.39789,57.7329],[-155.3894,57.7148],[-155.37715,57.71171],[-155.34647,57.72412],[-155.30139,57.72478],[-155.29557,57.75003],[-155.32171,57.76468],[-155.33691,57.78496],[-155.36522,57.78749],[-155.35907,57.79561],[-155.33771,57.79781],[-155.33165,57.8295],[-155.27797,57.82204],[-155.23655,57.82744],[-155.21749,57.83725],[-155.222,57.84851],[-155.24135,57.8541],[-155.23175,57.86412],[-155.20362,57.87117],[-155.20123,57.85248],[-155.18192,57.86092],[-155.15284,57.85583],[-155.12265,57.86596],[-155.08405,57.87373],[-155.0626,57.89732],[-155.06354,57.90403],[-155.08995,57.91516],[-155.11315,57.93454],[-155.11671,57.94596],[-155.09477,57.94671],[-155.07583,57.95396],[-155.05147,57.95106],[-155.03008,57.97054],[-155.03526,57.98384],[-155.0267,57.9908],[-154.98245,58.00109],[-154.95726,58.0015],[-154.91488,58.02135],[-154.86316,58.02328],[-154.82944,58.01719],[-154.82177,58.00327],[-154.80762,57.99978],[-154.76972,58.00226],[-154.73741,58.01253],[-154.7224,58.05071],[-154.68252,58.06214],[-154.65134,58.06234],[-154.64112,58.03163],[-154.56843,58.02376],[-154.55693,58.04452],[-154.5416,58.05481],[-154.53812,58.06833],[-154.55964,58.08086],[-154.55375,58.09367],[-154.57369,58.10253],[-154.59794,58.09568],[-154.61431,58.11798],[-154.60277,58.12438],[-154.57554,58.11376],[-154.55776,58.1138],[-154.53385,58.09441],[-154.5248,58.10395],[-154.47922,58.09361],[-154.47981,58.08161],[-154.45914,58.08309],[-154.44833,58.09575],[-154.46775,58.14275],[-154.46079,58.15941],[-154.47108,58.16549],[-154.47213,58.19166],[-154.43558,58.16349],[-154.43556,58.14725],[-154.41104,58.12762],[-154.39235,58.12441],[-154.35542,58.09826],[-154.3395,58.09412],[-154.34104,58.08381],[-154.31319,58.08701],[-154.31833,58.11154],[-154.33891,58.12224],[-154.33171,58.13831],[-154.33121,58.15977],[-154.29689,58.14485],[-154.2935,58.13588],[-154.27226,58.12884],[-154.21837,58.13256],[-154.21272,58.13761],[-154.24279,58.15483],[-154.27431,58.1609],[-154.28478,58.17813],[-154.27441,58.19984],[-154.24915,58.18757],[-154.22268,58.18413],[-154.16442,58.19811],[-154.1766,58.21411],[-154.14648,58.2116],[-154.1507,58.23077],[-154.20609,58.25307],[-154.23089,58.25955],[-154.1509,58.26749],[-154.13031,58.26678],[-154.10571,58.27708],[-154.13841,58.29099],[-154.15005,58.31344],[-154.18095,58.32046],[-154.20015,58.29321],[-154.2272,58.2985],[-154.25736,58.29565],[-154.2663,58.28406],[-154.25434,58.27256],[-154.28572,58.2603],[-154.30489,58.26433],[-154.33058,58.28576],[-154.32776,58.29249],[-154.22683,58.33148],[-154.21539,58.32853],[-154.17698,58.33575],[-154.19855,58.34442],[-154.19837,58.3548],[-154.17853,58.35893],[-154.10443,58.35052],[-154.09255,58.35913],[-154.0736,58.35512],[-154.04613,58.35683],[-154.03492,58.37065],[-154.00113,58.37643],[-153.98782,58.39081],[-154.01191,58.40234],[-154.03533,58.40047],[-154.05768,58.40823],[-154.06983,58.43889],[-154.07781,58.47605],[-154.06447,58.48658],[-154.03408,58.48701],[-154.00192,58.49235],[-153.95864,58.48974],[-153.93312,58.49492],[-153.93601,58.51148],[-153.95399,58.51771],[-153.94146,58.53183],[-153.92263,58.52492],[-153.91135,58.55453],[-153.89781,58.56865],[-153.9055,58.58532],[-153.89254,58.60768],[-153.83954,58.61226],[-153.80626,58.60633],[-153.76921,58.60443],[-153.73579,58.60978],[-153.66164,58.61455],[-153.63276,58.63144],[-153.59268,58.63379],[-153.58273,58.66316],[-153.55623,58.68578],[-153.54268,58.69102],[-153.50976,58.69164],[-153.4814,58.71287],[-153.44567,58.7096],[-153.42756,58.72079],[-153.39567,58.74978],[-153.38028,58.77526],[-153.37003,58.81712],[-153.35319,58.84289],[-153.33683,58.84888],[-153.31477,58.8411],[-153.28979,58.83909],[-153.25105,58.8512],[-153.25965,58.86363],[-153.27869,58.86282],[-153.30718,58.85334],[-153.34113,58.86652],[-153.30987,58.87672],[-153.32187,58.8836],[-153.33281,58.90846],[-153.32984,58.92552],[-153.36347,58.92564],[-153.38522,58.94428],[-153.40031,58.95097],[-153.40696,58.97327],[-153.44238,58.97327],[-153.48635,58.99948],[-153.52152,58.98344],[-153.55421,58.98705],[-153.60911,59.00627],[-153.64803,59.02892],[-153.70406,59.0759],[-153.72355,59.06851],[-153.75065,59.06589],[-153.76146,59.0759],[-153.78761,59.07871],[-153.81138,59.07297],[-153.83823,59.05684],[-153.85368,59.05434],[-154.01934,59.07413],[-154.06355,59.07267],[-154.07663,59.06607],[-154.11976,59.03196],[-154.14175,59.0219],[-154.16516,59.02848],[-154.19377,59.05113],[-154.20081,59.06201],[-154.18346,59.07581],[-154.19713,59.09327],[-154.16861,59.10157],[-154.17443,59.12097],[-154.19974,59.12604],[-154.26059,59.12817],[-154.26511,59.1414],[-154.23872,59.15517],[-154.22696,59.16906],[-154.19808,59.16742],[-154.16837,59.17856],[-154.18156,59.19068],[-154.14983,59.20023],[-154.13046,59.19549],[-154.11893,59.20845],[-154.13509,59.2121],[-154.13964,59.23307],[-154.13498,59.26929],[-154.11097,59.30273],[-154.07698,59.31638],[-154.01923,59.33124],[-153.98868,59.34936],[-154.00199,59.35335],[-154.04692,59.35311],[-154.05832,59.34827],[-154.09635,59.34408],[-154.13842,59.36686],[-154.12119,59.3731],[-154.10289,59.36668],[-154.07627,59.37364],[-154.04537,59.38962],[-154.02493,59.37715],[-153.98298,59.38738],[-153.97989,59.39894],[-153.95898,59.39785],[-153.95101,59.38405],[-153.90276,59.41757],[-153.86889,59.42422],[-153.82338,59.41804],[-153.76206,59.43141],[-153.72755,59.43535],[-153.74138,59.44905],[-153.70347,59.46433],[-153.73385,59.50575],[-153.75837,59.51115],[-153.77477,59.52484],[-153.7674,59.53906],[-153.72046,59.55147],[-153.69456,59.54972],[-153.65094,59.55543],[-153.59307,59.55111],[-153.58427,59.55418],[-153.55777,59.58921],[-153.56122,59.60623],[-153.60055,59.61158],[-153.62088,59.63075],[-153.64524,59.62973],[-153.67899,59.62168],[-153.7005,59.62546],[-153.69943,59.64018],[-153.65237,59.64024],[-153.6267,59.64535],[-153.62907,59.66828],[-153.60792,59.68064],[-153.59853,59.65393],[-153.5674,59.63718],[-153.56122,59.62336],[-153.53008,59.63345],[-153.49253,59.63736],[-153.46722,59.65207],[-153.46151,59.67812],[-153.44452,59.69827],[-153.4438,59.7171],[-153.45545,59.73279],[-153.45248,59.74244],[-153.46317,59.76417],[-153.43513,59.77494],[-153.4189,59.76554],[-153.41992,59.75387],[-153.40447,59.7498],[-153.38165,59.73231],[-153.35931,59.73663],[-153.34029,59.72674],[-153.38136,59.71505],[-153.37309,59.69959],[-153.38949,59.67866],[-153.38902,59.66444],[-153.42241,59.65081],[-153.41754,59.63754],[-153.38695,59.63846],[-153.34172,59.62198],[-153.30238,59.63159],[-153.30476,59.65093],[-153.31962,59.66402],[-153.28135,59.67026],[-153.26115,59.63976],[-153.23999,59.63405],[-153.22015,59.63544],[-153.15585,59.65597],[-153.1473,59.67248],[-153.09355,59.68348],[-153.06993,59.69444],[-153.04898,59.69565],[-153.04676,59.70649],[-153.0199,59.74513],[-153.01313,59.76476],[-152.99875,59.78223],[-152.99138,59.81051],[-153.00255,59.82873],[-153.02145,59.83447],[-153.06031,59.83106],[-153.08966,59.83363],[-153.10903,59.81511],[-153.14718,59.80872],[-153.1946,59.82521],[-153.23524,59.82754],[-153.1959,59.85262],[-153.15918,59.86485],[-153.14278,59.8596],[-153.07172,59.87225],[-153.03583,59.8831],[-152.9991,59.8862],[-152.9606,59.88328],[-152.9404,59.87547],[-152.88835,59.8828],[-152.86624,59.87457],[-152.83487,59.87934],[-152.80837,59.87767],[-152.79185,59.89544],[-152.70854,59.91272],[-152.69369,59.92511],[-152.68252,59.96356],[-152.67158,59.97338],[-152.60004,60.01694],[-152.60099,60.02875],[-152.57675,60.04988],[-152.57301,60.07846],[-152.59754,60.10176],[-152.65842,60.12159],[-152.68749,60.14031],[-152.67776,60.15556],[-152.69642,60.16449],[-152.73425,60.1748],[-152.74003,60.1834],[-152.76451,60.19475],[-152.80349,60.19935],[-152.85436,60.21884],[-152.88502,60.24232],[-152.86624,60.24468],[-152.84414,60.23642],[-152.78733,60.22651],[-152.74966,60.22492],[-152.7209,60.24226],[-152.68774,60.23536],[-152.66005,60.242],[-152.64247,60.22987],[-152.61026,60.22155],[-152.56641,60.22356],[-152.54882,60.2294],[-152.53777,60.24728],[-152.50105,60.26891],[-152.46835,60.28041],[-152.41703,60.28735],[-152.39385,60.30331],[-152.38815,60.32827],[-152.37199,60.35144],[-152.35238,60.3572],[-152.30579,60.36143],[-152.30591,60.3683],[-152.24079,60.39262],[-152.27359,60.40888],[-152.30805,60.41715],[-152.33026,60.44313],[-152.33136,60.47353],[-152.30912,60.5072],[-152.26586,60.53685],[-152.22081,60.55886],[-152.15109,60.58625],[-152.13594,60.58512],[-152.10047,60.60051],[-152.09567,60.62102],[-152.08102,60.64408],[-152.03511,60.68224],[-152.00979,60.68637],[-151.97501,60.71439],[-151.93864,60.72517],[-151.92074,60.72092],[-151.89261,60.72878],[-151.84713,60.74964],[-151.82936,60.74692],[-151.80917,60.73044],[-151.7621,60.72348],[-151.74998,60.71395],[-151.71638,60.71042],[-151.7066,60.71546],[-151.70601,60.73243],[-151.7514,60.78682],[-151.77541,60.80648],[-151.79858,60.83741],[-151.80025,60.85478],[-151.77018,60.87688],[-151.72193,60.90076],[-151.71391,60.91655],[-151.69264,60.91774],[-151.64107,60.94218],[-151.62211,60.95822],[-151.4877,61.01234],[-151.42329,61.01355],[-151.36224,61.00941],[-151.34129,61.01159],[-151.30873,61.03163],[-151.25711,61.03948],[-151.19032,61.04274],[-151.16469,61.04682],[-151.13807,61.06614],[-151.07948,61.1307],[-151.07081,61.14476],[-151.03476,61.17083],[-150.99939,61.18419],[-150.9635,61.19255],[-150.93343,61.20698],[-150.88328,61.20967],[-150.83503,61.22506],[-150.7528,61.24211],[-150.69112,61.2608],[-150.67174,61.27485],[-150.65594,61.29363],[-150.6399,61.29169],[-150.62052,61.27799],[-150.59664,61.27999],[-150.5838,61.29221],[-150.55172,61.29472],[-150.52781,61.26796],[-150.49573,61.25125],[-150.46881,61.24463],[-150.38867,61.24594],[-150.28698,61.25744],[-150.27292,61.25554],[-150.20489,61.25955],[-150.07479,61.2535],[-149.98587,61.23752],[-149.91723,61.26748],[-149.92068,61.28433],[-149.91129,61.30396],[-149.91854,61.31908],[-149.91115,61.33999],[-149.89168,61.35773],[-149.88217,61.38284],[-149.86732,61.38984],[-149.81812,61.39627],[-149.77749,61.42388],[-149.75739,61.44681],[-149.68121,61.4719],[-149.64305,61.48784],[-149.59664,61.49703],[-149.57337,61.49223],[-149.53502,61.49822],[-149.47752,61.50202],[-149.43879,61.51239],[-149.4011,61.51746],[-149.38044,61.51479],[-149.376,61.50106],[-149.28273,61.47467],[-149.31734,61.46733],[-149.38193,61.4669],[-149.41522,61.45765],[-149.43724,61.44106],[-149.51644,61.41922],[-149.5305,61.4021],[-149.55536,61.40958],[-149.5758,61.4077],[-149.6241,61.39057],[-149.66834,61.38841],[-149.70239,61.3821],[-149.72037,61.37183],[-149.71294,61.36052],[-149.71699,61.33693],[-149.74111,61.32798],[-149.77498,61.32747],[-149.81182,61.3152],[-149.85769,61.27011],[-149.87825,61.2592],[-149.90238,61.2214],[-149.92804,61.20687],[-149.98437,61.19879],[-150.00994,61.20364],[-150.02585,61.19885],[-150.02989,61.18264],[-150.06649,61.16568],[-150.06565,61.15108],[-149.96916,61.13254],[-149.93297,61.11122],[-149.90095,61.09913],[-149.85163,61.08718],[-149.80493,61.05919],[-149.77914,61.03612],[-149.74206,61.01879],[-149.69357,61.00618],[-149.63915,60.99892],[-149.61145,60.98544],[-149.53564,60.98276],[-149.51924,60.9867],[-149.49523,60.98307],[-149.41145,60.95193],[-149.38091,60.94639],[-149.3632,60.92607],[-149.31032,60.93438],[-149.22534,60.93987],[-149.1973,60.94448],[-149.13043,60.91858],[-149.09522,60.91301],[-149.04625,60.88365],[-149.03162,60.86671],[-149.00846,60.85478],[-148.99741,60.83967],[-149.0049,60.83168],[-149.07834,60.86572],[-149.10116,60.86908],[-149.121,60.8785],[-149.15143,60.87787],[-149.16973,60.88706],[-149.23414,60.88828],[-149.26159,60.89498],[-149.35155,60.8944],[-149.38673,60.89793],[-149.41216,60.90845],[-149.43082,60.90203],[-149.45328,60.90695],[-149.47063,60.91792],[-149.52458,60.92422],[-149.56583,60.93541],[-149.61229,60.925],[-149.64592,60.92384],[-149.66933,60.94492],[-149.76714,60.9682],[-149.85369,60.9674],[-149.87219,60.96035],[-149.90356,60.93992],[-149.94872,60.8986],[-149.98901,60.89371],[-149.98948,60.87046],[-150.0211,60.86503],[-150.02252,60.88411],[-150.0653,60.89117],[-150.09121,60.88585],[-150.11855,60.89834],[-150.13994,60.90192],[-150.19413,60.90134],[-150.28967,60.96612],[-150.31986,60.99598],[-150.34171,61.0242],[-150.37717,61.03914],[-150.39663,61.03802],[-150.44369,61.01879],[-150.51158,61.00446],[-150.51785,60.99955],[-150.57346,60.98549],[-150.62956,60.96704],[-150.67844,60.95827],[-150.71322,60.93461],[-150.75291,60.9211],[-150.82588,60.88458],[-150.86557,60.87116],[-150.89623,60.85426],[-151.01202,60.80934],[-151.02577,60.79633],[-151.06493,60.78723],[-151.21924,60.77997],[-151.26107,60.77243],[-151.27051,60.75129],[-151.30077,60.74271],[-151.36375,60.73551],[-151.40927,60.72056],[-151.40574,60.69854],[-151.38633,60.67445],[-151.3624,60.65353],[-151.35115,60.6338],[-151.33665,60.58761],[-151.30312,60.56133],[-151.26837,60.54898],[-151.28099,60.51263],[-151.28104,60.48496],[-151.28682,60.43465],[-151.29625,60.39233],[-151.3376,60.37811],[-151.36687,60.37266],[-151.37937,60.36224],[-151.38323,60.32635],[-151.38196,60.29695],[-151.39512,60.24946],[-151.40661,60.22818],[-151.4217,60.21293],[-151.51789,60.14501],[-151.61688,60.09518],[-151.67368,60.04597],[-151.7029,60.03225],[-151.71801,60.00947],[-151.74118,59.9428],[-151.76091,59.91135],[-151.79962,59.88191],[-151.8075,59.85721],[-151.83334,59.81413],[-151.85551,59.79485],[-151.87191,59.77248],[-151.85598,59.74782],[-151.82318,59.71835],[-151.80426,59.70836],[-151.67986,59.6597],[-151.64207,59.64901],[-151.54652,59.63868],[-151.5287,59.63387],[-151.49138,59.63339],[-151.44113,59.65354],[-151.42484,59.67052],[-151.37705,59.68131],[-151.34022,59.68394],[-151.20118,59.73453],[-151.15863,59.7586],[-151.0897,59.78648],[-151.03789,59.79569],[-150.99035,59.797],[-150.97034,59.77613],[-150.97799,59.76662],[-151.01697,59.76052],[-151.01721,59.74687],[-151.04597,59.74088],[-151.04502,59.72435],[-151.0695,59.72866],[-151.07853,59.71536],[-151.09825,59.70944],[-151.11371,59.69785],[-151.10872,59.67458],[-151.15061,59.66177],[-151.15554,59.65537],[-151.19474,59.64767],[-151.20474,59.64108],[-151.18803,59.60869],[-151.15825,59.59414],[-151.21449,59.59179],[-151.21496,59.60021],[-151.25727,59.59588],[-151.2789,59.58903],[-151.26535,59.58157],[-151.27914,59.57218],[-151.30124,59.58],[-151.32406,59.56989],[-151.34949,59.56736],[-151.38585,59.54316],[-151.44028,59.54219],[-151.44114,59.52638],[-151.47261,59.50313],[-151.47284,59.49565],[-151.44432,59.46608],[-151.5035,59.48347],[-151.51658,59.47284],[-151.57003,59.46895],[-151.57386,59.47876],[-151.60452,59.47562],[-151.65158,59.48492],[-151.66394,59.4761],[-151.70316,59.47067],[-151.7217,59.44093],[-151.70993,59.41971],[-151.68177,59.40048],[-151.69163,59.39498],[-151.73156,59.41784],[-151.74332,59.42872],[-151.73619,59.44615],[-151.74558,59.4512],[-151.77322,59.44754],[-151.80964,59.43585],[-151.88046,59.42274],[-151.89829,59.40163],[-151.89021,59.38324],[-151.8543,59.37572],[-151.85337,59.36828],[-151.80049,59.35756],[-151.77869,59.33795],[-151.81558,59.34102],[-151.83542,59.35375],[-151.87559,59.36071],[-151.9242,59.35893],[-151.93418,59.35045],[-151.96313,59.34496],[-151.96722,59.32269],[-151.99142,59.31269],[-151.97732,59.28018],[-151.97707,59.25562],[-151.95809,59.24861],[-151.92622,59.25492],[-151.88546,59.24994],[-151.8769,59.23815],[-151.90619,59.23796],[-151.91814,59.22879],[-151.86252,59.21036],[-151.80037,59.20937],[-151.76626,59.22307],[-151.73798,59.22423],[-151.71468,59.2117],[-151.76079,59.21188],[-151.75651,59.20008],[-151.76479,59.17725],[-151.74986,59.16117],[-151.72478,59.15557],[-151.70007,59.16349],[-151.61379,59.16489],[-151.59228,59.16215],[-151.57505,59.17305],[-151.62722,59.18925],[-151.58741,59.19308],[-151.57362,59.20464],[-151.505,59.19553],[-151.49083,59.21293],[-151.51698,59.21674],[-151.5287,59.22745],[-151.50134,59.22904],[-151.43315,59.25316],[-151.37789,59.24453],[-151.3427,59.22296],[-151.3035,59.20957],[-151.28757,59.21845],[-151.28282,59.23116],[-151.2638,59.22697],[-151.2499,59.20215],[-151.22994,59.20799],[-151.21865,59.21809],[-151.16482,59.20265],[-151.1212,59.21559],[-151.09969,59.22976],[-151.10206,59.25486],[-151.15316,59.26343],[-151.19084,59.27961],[-151.22316,59.28641],[-151.24146,59.28386],[-151.25858,59.29406],[-151.30564,59.30631],[-151.26785,59.30922],[-151.23457,59.29976],[-151.2127,59.30595],[-151.16018,59.28556],[-151.11979,59.28179],[-151.08531,59.27017],[-151.06817,59.2841],[-151.04441,59.29361],[-151.02565,59.28638],[-151.02256,59.27011],[-150.9963,59.27072],[-150.99681,59.25774],[-151.01424,59.25104],[-151.0222,59.23888],[-151.00664,59.22891],[-150.97407,59.23706],[-150.93806,59.23396],[-150.89633,59.25772],[-150.8894,59.26723],[-150.90079,59.28758],[-150.91915,59.30319],[-150.91001,59.31563],[-150.88034,59.31892],[-150.84537,59.34863],[-150.84383,59.35747],[-150.8039,59.36135],[-150.7705,59.37515],[-150.74543,59.40305],[-150.73794,59.42397],[-150.694,59.43219],[-150.66046,59.41618],[-150.63074,59.42403],[-150.60508,59.42325],[-150.58118,59.44523],[-150.5926,59.45388],[-150.64477,59.46119],[-150.64334,59.46856],[-150.58083,59.4682],[-150.58012,59.49222],[-150.60817,59.50573],[-150.61235,59.51788],[-150.64144,59.52731],[-150.66378,59.54032],[-150.63431,59.54695],[-150.61589,59.53822],[-150.59379,59.5481],[-150.58808,59.56556],[-150.57441,59.5779],[-150.5365,59.59348],[-150.52415,59.60635],[-150.50917,59.59859],[-150.50834,59.57573],[-150.51773,59.56369],[-150.53829,59.55514],[-150.54316,59.54508],[-150.57085,59.53044],[-150.55136,59.51754],[-150.55599,59.50458],[-150.52483,59.49526],[-150.49978,59.49789],[-150.48849,59.48697],[-150.52129,59.48202],[-150.52189,59.46566],[-150.48493,59.45986],[-150.46414,59.47468],[-150.45201,59.4965],[-150.43152,59.51429],[-150.42907,59.52785],[-150.40958,59.5593],[-150.38237,59.56724],[-150.35706,59.59937],[-150.32093,59.62708],[-150.30821,59.65615],[-150.28338,59.67896],[-150.27993,59.69102],[-150.25901,59.70835],[-150.23014,59.74022],[-150.21766,59.72087],[-150.22538,59.70499],[-150.24654,59.69138],[-150.24618,59.675],[-150.25545,59.66048],[-150.28492,59.64066],[-150.26353,59.62877],[-150.31202,59.59937],[-150.31772,59.59209],[-150.29039,59.58078],[-150.32509,59.56369],[-150.32307,59.54966],[-150.34553,59.54195],[-150.34541,59.53315],[-150.36811,59.51562],[-150.33626,59.50699],[-150.36229,59.49167],[-150.33911,59.48461],[-150.34933,59.47242],[-150.39009,59.47604],[-150.40388,59.46071],[-150.35123,59.46155],[-150.36359,59.44966],[-150.38914,59.44144],[-150.4002,59.42591],[-150.41374,59.42355],[-150.43383,59.3967],[-150.40483,59.38847],[-150.37702,59.4042],[-150.38593,59.4192],[-150.36954,59.42283],[-150.3428,59.41666],[-150.3441,59.43449],[-150.30607,59.43183],[-150.31439,59.4531],[-150.31451,59.48202],[-150.28599,59.48534],[-150.27363,59.49746],[-150.25664,59.48455],[-150.23655,59.49849],[-150.25866,59.52713],[-150.23465,59.52622],[-150.20696,59.5346],[-150.20637,59.52038],[-150.17523,59.5387],[-150.1965,59.55183],[-150.20767,59.58006],[-150.17963,59.58445],[-150.18581,59.57037],[-150.15964,59.56059],[-150.11617,59.56845],[-150.08432,59.58048],[-150.11736,59.58885],[-150.15384,59.60899],[-150.14006,59.623],[-150.11403,59.60238],[-150.09977,59.61128],[-150.09787,59.63135],[-150.08693,59.65045],[-150.10654,59.65669],[-150.11427,59.67026],[-150.09608,59.67542],[-150.08301,59.6642],[-150.06626,59.66096],[-150.04629,59.64889],[-150.05188,59.63183],[-150.02812,59.61503],[-149.9977,59.64222],[-149.9921,59.6576],[-149.95193,59.6615],[-149.93372,59.66899],[-149.92115,59.69114],[-149.92198,59.71662],[-149.94242,59.72315],[-149.97166,59.71704],[-149.95912,59.74012],[-149.97475,59.75196],[-150.02264,59.76291],[-150.04213,59.77308],[-150.06602,59.77607],[-150.07743,59.78774],[-150.06019,59.80782],[-150.06982,59.83309],[-150.04154,59.8181],[-150.05318,59.793],[-150.00969,59.79312],[-149.98259,59.77506],[-149.96346,59.77015],[-149.91723,59.77081],[-149.89453,59.7592],[-149.89786,59.74872],[-149.88669,59.74034],[-149.84569,59.73938],[-149.84189,59.728],[-149.76476,59.70373],[-149.77938,59.69312],[-149.79376,59.69719],[-149.80386,59.68016],[-149.78152,59.67914],[-149.79471,59.65754],[-149.76321,59.65814],[-149.74467,59.66564],[-149.76333,59.69036],[-149.74943,59.69426],[-149.7467,59.72333],[-149.76096,59.74208],[-149.75656,59.75519],[-149.7852,59.76417],[-149.76737,59.77416],[-149.78793,59.78235],[-149.76381,59.79623],[-149.79197,59.80567],[-149.80837,59.81792],[-149.81669,59.83339],[-149.85104,59.84617],[-149.84022,59.85077],[-149.80623,59.8519],[-149.77236,59.83698],[-149.76733,59.82555],[-149.74266,59.82844],[-149.74444,59.8528],[-149.75299,59.86407],[-149.72191,59.89786],[-149.72911,59.92291],[-149.74289,59.94369],[-149.72281,59.95512],[-149.68823,59.95083],[-149.66517,59.92791],[-149.65745,59.88173],[-149.61609,59.87612],[-149.66191,59.85463],[-149.66824,59.83584],[-149.63986,59.83268],[-149.64937,59.81882],[-149.66533,59.81428],[-149.66434,59.80232],[-149.64699,59.79366],[-149.62548,59.80059],[-149.60872,59.79455],[-149.63451,59.77912],[-149.65543,59.77787],[-149.63819,59.76267],[-149.61787,59.78475],[-149.60908,59.76464],[-149.57628,59.76081],[-149.58127,59.74651],[-149.57236,59.7304],[-149.55014,59.73417],[-149.5417,59.74405],[-149.5474,59.76183],[-149.56392,59.76991],[-149.58983,59.76692],[-149.58581,59.78059],[-149.59601,59.8074],[-149.62477,59.81571],[-149.61657,59.83303],[-149.59185,59.84515],[-149.58139,59.86169],[-149.58032,59.87791],[-149.55513,59.87845],[-149.5537,59.8921],[-149.56796,59.90057],[-149.53445,59.92267],[-149.50759,59.93125],[-149.48382,59.93107],[-149.46421,59.91856],[-149.44723,59.94316],[-149.43046,59.97897],[-149.39041,59.99579],[-149.44496,60.03386],[-149.44425,60.05605],[-149.43522,60.06791],[-149.44365,60.07799],[-149.44532,60.09678],[-149.42987,60.11579],[-149.37009,60.12154],[-149.36177,60.11532],[-149.36855,60.09346],[-149.34383,60.07829],[-149.33266,60.00714],[-149.31471,60.01207],[-149.28999,60.00755],[-149.31792,59.99739],[-149.32351,59.97272],[-149.29617,59.97034],[-149.30247,59.94905],[-149.29498,59.94286],[-149.30252,59.91855],[-149.28928,59.90373],[-149.29546,59.88286],[-149.27906,59.87958],[-149.25529,59.89705],[-149.27252,59.91225],[-149.24032,59.92898],[-149.22594,59.94797],[-149.22523,59.96719],[-149.21275,59.97141],[-149.20241,59.98872],[-149.20823,59.99799],[-149.18066,60.00322],[-149.16545,60.01985],[-149.16628,60.02875],[-149.14109,60.03107],[-149.12338,60.04531],[-149.09662,60.04463],[-149.06396,60.05564],[-149.03897,60.04485],[-149.04538,60.02938],[-149.06325,60.02418],[-149.12231,59.98218],[-149.12481,59.96475],[-149.1008,59.9575],[-149.06657,59.95541],[-149.04946,59.96796],[-149.02771,59.96392],[-149.01821,59.94887],[-148.99242,59.95393],[-148.95938,59.97308],[-148.91838,59.97118],[-148.8996,59.94619],[-148.85956,59.9244],[-148.82069,59.93154],[-148.80132,59.95279],[-148.76532,59.95904],[-148.74594,59.9569],[-148.7073,59.9392],[-148.6895,59.9447],[-148.67167,59.94065],[-148.6757,59.92264],[-148.65526,59.91781],[-148.61677,59.92088],[-148.56116,59.94911],[-148.54617,59.96909],[-148.54273,59.98527],[-148.54522,60.01195],[-148.55533,60.02929],[-148.54142,60.03059],[-148.51159,60.00209],[-148.49604,60.00081],[-148.49115,59.97843],[-148.47416,59.97106],[-148.47158,59.95347],[-148.42864,59.94809],[-148.42353,59.96434],[-148.40107,59.9836],[-148.40975,59.99074],[-148.39776,60.00961],[-148.44302,60.023],[-148.40998,60.0284],[-148.39739,60.04027],[-148.39786,60.05884],[-148.37968,60.0627],[-148.36645,60.08866],[-148.38847,60.10199],[-148.37029,60.12976],[-148.34686,60.13692],[-148.36007,60.14994],[-148.34843,60.16514],[-148.31622,60.16626],[-148.29163,60.15674],[-148.29067,60.1345],[-148.30386,60.11804],[-148.29079,60.11105],[-148.29471,60.09411],[-148.26916,60.08617],[-148.22602,60.07829],[-148.19488,60.08036],[-148.19976,60.0643],[-148.22127,60.06062],[-148.25098,60.0649],[-148.28378,60.06012],[-148.29519,60.04425],[-148.26975,60.04039],[-148.25323,60.04413],[-148.18775,60.04021],[-148.19524,60.03493],[-148.31384,60.0265],[-148.27427,60.01789],[-148.22555,60.01343],[-148.17052,60.02662],[-148.13844,60.04484],[-148.14271,60.05576],[-148.11633,60.08161],[-148.10825,60.08279],[-148.08484,60.11046],[-148.10041,60.11727],[-148.07795,60.13314],[-148.04835,60.17921],[-148.03888,60.18832],[-148.0506,60.20131],[-148.08238,60.19168],[-148.08,60.17053],[-148.09046,60.13788],[-148.12148,60.13717],[-148.11304,60.15356],[-148.13811,60.1616],[-148.12516,60.17331],[-148.11446,60.19375],[-148.08677,60.21418],[-148.12266,60.22552],[-148.12849,60.2369],[-148.1494,60.2362],[-148.15511,60.20633],[-148.16509,60.20332],[-148.18375,60.16479],[-148.2049,60.14587],[-148.21797,60.15988],[-148.20098,60.17396],[-148.18707,60.20237],[-148.20704,60.21896],[-148.22605,60.22516],[-148.23152,60.23513],[-148.1904,60.23891],[-148.18387,60.2497],[-148.20833,60.25934],[-148.27575,60.24927],[-148.28987,60.23502],[-148.31899,60.21761],[-148.33242,60.21778],[-148.35393,60.19446],[-148.36854,60.20615],[-148.34656,60.22829],[-148.36415,60.25253],[-148.37817,60.26114],[-148.41477,60.26751],[-148.37484,60.28507],[-148.3399,60.27576],[-148.32707,60.26155],[-148.30209,60.26026],[-148.20716,60.30391],[-148.22201,60.3421],[-148.16794,60.33769],[-148.13437,60.34785],[-148.12338,60.35956],[-148.15285,60.382],[-148.13871,60.39257],[-148.11898,60.37824],[-148.08856,60.37507],[-148.08059,60.38952],[-148.03318,60.39163],[-148.01029,60.40114],[-147.98695,60.41693],[-147.95866,60.4208],[-147.9362,60.43746],[-147.95558,60.46283],[-147.97031,60.46389],[-147.98041,60.45076],[-148.00965,60.46172],[-147.98422,60.47484],[-147.96282,60.50013],[-147.97902,60.51915],[-148.01286,60.51704],[-148.00893,60.53739],[-148.03104,60.54645],[-148.06693,60.52698],[-148.07869,60.5458],[-148.03627,60.56041],[-148.06146,60.56853],[-148.08241,60.59565],[-148.10924,60.59635],[-148.12169,60.57993],[-148.14726,60.58242],[-148.16331,60.56374],[-148.16949,60.54171],[-148.16438,60.50165],[-148.17959,60.50148],[-148.1822,60.53593],[-148.20359,60.54253],[-148.24733,60.51868],[-148.24709,60.49024],[-148.2352,60.4855],[-148.23414,60.46236],[-148.24269,60.44537],[-148.28227,60.43118],[-148.26135,60.4619],[-148.26503,60.48497],[-148.30496,60.48403],[-148.3342,60.47396],[-148.36011,60.4821],[-148.33242,60.4927],[-148.34929,60.5044],[-148.37496,60.50277],[-148.38411,60.51914],[-148.40728,60.52084],[-148.43842,60.5161],[-148.42891,60.53156],[-148.44768,60.54549],[-148.53623,60.51084],[-148.56246,60.50824],[-148.58186,60.49223],[-148.61525,60.47718],[-148.63748,60.46002],[-148.66743,60.45463],[-148.66814,60.44654],[-148.68858,60.44021],[-148.71591,60.45955],[-148.66707,60.4855],[-148.64972,60.50329],[-148.58341,60.53926],[-148.56181,60.54594],[-148.52589,60.56386],[-148.47895,60.5725],[-148.44935,60.56905],[-148.41846,60.55655],[-148.40849,60.54583],[-148.35939,60.53388],[-148.33622,60.53183],[-148.27799,60.57034],[-148.2661,60.58528],[-148.24507,60.58826],[-148.18933,60.61049],[-148.21128,60.62871],[-148.20129,60.63995],[-148.20538,60.65041],[-148.23261,60.66699],[-148.2454,60.68222],[-148.23065,60.69085],[-148.20451,60.66969],[-148.185,60.66565],[-148.1807,60.64394],[-148.1687,60.63089],[-148.13122,60.63818],[-148.1084,60.64744],[-148.08974,60.66118],[-148.08784,60.6769],[-148.09783,60.69808],[-148.11114,60.70709],[-148.10085,60.71436],[-148.10341,60.73708],[-148.11601,60.74835],[-148.1418,60.75009],[-148.14619,60.75729],[-148.19908,60.76008],[-148.21553,60.75597],[-148.23758,60.76281],[-148.26952,60.75739],[-148.29843,60.73156],[-148.29997,60.72314],[-148.32636,60.70954],[-148.34989,60.69052],[-148.36153,60.66538],[-148.35179,60.65594],[-148.3828,60.65391],[-148.41049,60.63573],[-148.42214,60.63637],[-148.44935,60.65175],[-148.41406,60.66177],[-148.39516,60.67213],[-148.38791,60.68429],[-148.39813,60.72029],[-148.36724,60.73348],[-148.36461,60.74718],[-148.37651,60.75758],[-148.36213,60.76635],[-148.396,60.77929],[-148.44032,60.76745],[-148.44959,60.75247],[-148.47182,60.76199],[-148.50557,60.76854],[-148.524,60.76416],[-148.54015,60.74748],[-148.57105,60.73854],[-148.60313,60.69756],[-148.66089,60.66357],[-148.68537,60.66835],[-148.66826,60.68488],[-148.65138,60.68755],[-148.62476,60.70884],[-148.654,60.70582],[-148.65637,60.6936],[-148.68442,60.68592],[-148.67372,60.71628],[-148.66113,60.72186],[-148.61977,60.75149],[-148.58768,60.76635],[-148.53183,60.78306],[-148.49451,60.77993],[-148.46718,60.78213],[-148.45075,60.79071],[-148.45411,60.80498],[-148.49059,60.80729],[-148.53587,60.79814],[-148.572,60.80637],[-148.6105,60.79257],[-148.66588,60.77784],[-148.7146,60.77517],[-148.71841,60.78607],[-148.66778,60.79999],[-148.60527,60.82538],[-148.5701,60.82514],[-148.5463,60.81998],[-148.50283,60.83036],[-148.4591,60.83163],[-148.42701,60.82897],[-148.39445,60.81337],[-148.38664,60.8037],[-148.35728,60.80212],[-148.3397,60.80687],[-148.33755,60.81732],[-148.36918,60.83398],[-148.40158,60.84553],[-148.37995,60.85931],[-148.30627,60.83499],[-148.29011,60.86313],[-148.31007,60.86671],[-148.27846,60.89528],[-148.26539,60.91435],[-148.29225,60.92047],[-148.29629,60.94057],[-148.31625,60.94738],[-148.30128,60.9558],[-148.268,60.94322],[-148.23925,60.93745],[-148.24067,60.95523],[-148.20406,60.96647],[-148.19813,60.98383],[-148.18244,60.98936],[-148.18292,61.00976],[-148.17174,61.03348],[-148.16576,61.06568],[-148.17103,61.07052],[-148.23045,61.05741],[-148.2604,61.05477],[-148.31293,61.03613],[-148.37924,60.98314],[-148.41869,60.97045],[-148.44127,60.98371],[-148.40158,60.99697],[-148.37734,61.0116],[-148.3607,61.04062],[-148.40277,61.04671],[-148.3992,61.05776],[-148.33551,61.05707],[-148.32838,61.06523],[-148.29106,61.0819],[-148.22926,61.08995],[-148.191,61.08616],[-148.17864,61.1151],[-148.13681,61.11384],[-148.15321,61.09983],[-148.12207,61.06845],[-148.1166,61.03774],[-148.1021,61.03452],[-148.09009,61.00511],[-148.06883,61.0108],[-148.02937,61.03302],[-148.00109,61.05408],[-148.00157,61.08673],[-147.9759,61.10879],[-147.95384,61.11914],[-147.90507,61.15125],[-147.88646,61.15917],[-147.87251,61.17532],[-147.84375,61.19376],[-147.83186,61.19468],[-147.79526,61.23359],[-147.73061,61.27383],[-147.699,61.26583],[-147.7192,61.2416],[-147.7608,61.21163],[-147.68878,61.2257],[-147.63673,61.21838],[-147.70209,61.19697],[-147.7635,61.18548],[-147.7703,61.17612],[-147.85321,61.12884],[-147.85967,61.11992],[-147.89271,61.0996],[-147.94904,61.07167],[-147.90911,61.06903],[-147.94024,61.04395],[-147.95062,61.02921],[-147.94666,61.01563],[-147.97138,60.99674],[-147.98113,60.99651],[-148.01321,60.96342],[-148.0453,60.95084],[-148.08166,60.92024],[-148.10401,60.91181],[-148.10686,60.90048],[-148.09616,60.8917],[-148.11993,60.87435],[-148.1296,60.86111],[-148.12421,60.84761],[-148.1516,60.81812],[-148.13966,60.80788],[-148.14435,60.79709],[-148.12944,60.78967],[-148.09901,60.78538],[-148.07002,60.78874],[-148.03389,60.78213],[-147.99067,60.79198],[-147.98633,60.82285],[-147.97468,60.82587],[-147.96145,60.80277],[-147.91952,60.81102],[-147.91438,60.82475],[-147.94869,60.85352],[-147.93084,60.87571],[-147.95058,60.88803],[-147.9196,60.8903],[-147.90846,60.84922],[-147.87818,60.82777],[-147.8569,60.82147],[-147.81545,60.84949],[-147.79924,60.84583],[-147.8144,60.82967],[-147.83447,60.82289],[-147.79384,60.81252],[-147.77191,60.81156],[-147.76259,60.82656],[-147.74286,60.84254],[-147.81333,60.86818],[-147.78702,60.87275],[-147.76568,60.90392],[-147.78588,60.91559],[-147.75356,60.91732],[-147.75522,60.92956],[-147.74346,60.93747],[-147.71648,60.93343],[-147.73808,60.89359],[-147.7242,60.88201],[-147.67679,60.87599],[-147.67738,60.85534],[-147.66407,60.8514],[-147.66502,60.83849],[-147.60037,60.85013],[-147.59918,60.87026],[-147.59063,60.88299],[-147.61237,60.88501],[-147.59479,60.90126],[-147.59775,60.91391],[-147.61392,60.91801],[-147.59217,60.94221],[-147.59467,60.95456],[-147.62521,60.96442],[-147.61012,60.97878],[-147.58516,61.01721],[-147.60263,61.02947],[-147.5684,61.06376],[-147.56876,61.07371],[-147.55177,61.09261],[-147.55592,61.11662],[-147.57126,61.1301],[-147.55985,61.14508],[-147.53002,61.15207],[-147.52443,61.14209],[-147.5438,61.13567],[-147.52015,61.11294],[-147.52233,61.09994],[-147.50946,61.09503],[-147.51362,61.08124],[-147.49437,61.06474],[-147.52895,61.05795],[-147.52526,61.02896],[-147.53477,61.01842],[-147.52099,61.01209],[-147.52408,60.99653],[-147.5444,60.99244],[-147.54939,60.98247],[-147.53644,60.95525],[-147.53216,60.92575],[-147.54743,60.91415],[-147.54202,60.90132],[-147.51778,60.89317],[-147.50661,60.91154],[-147.5015,60.95127],[-147.48498,60.96442],[-147.47048,60.99117],[-147.45622,60.99077],[-147.46097,60.96125],[-147.47213,60.95676],[-147.44588,60.9418],[-147.40928,60.96632],[-147.39573,60.96119],[-147.45622,60.92177],[-147.44481,60.91224],[-147.45325,60.8949],[-147.40868,60.89311],[-147.36459,60.88403],[-147.32894,60.89677],[-147.31706,60.91651],[-147.26108,60.92171],[-147.25193,60.92787],[-147.27986,60.96015],[-147.28212,60.97307],[-147.2208,60.98345],[-147.22056,60.95156],[-147.18027,60.93106],[-147.16328,60.93932],[-147.14117,60.93938],[-147.14866,60.97613],[-147.13499,60.98045],[-147.12061,60.99694],[-147.08603,61.01761],[-147.09031,61.03126],[-147.10802,61.04001],[-147.09269,61.04737],[-147.10588,61.07721],[-147.1325,61.08917],[-147.10837,61.09836],[-147.0953,61.11271],[-147.1098,61.11644],[-147.12359,61.141],[-147.08104,61.15534],[-146.99999,61.14846],[-147.00534,61.13756],[-147.02352,61.12827],[-147.06203,61.11863],[-147.04194,61.10146],[-147.04765,61.09256],[-147.01335,61.07212],[-147.00807,61.05071],[-146.98989,61.03488],[-146.99912,61.02155],[-146.9854,61.01452],[-146.99115,61.00341],[-146.97537,60.98592],[-146.9866,60.98235],[-146.97474,60.96788],[-147.00318,60.96511],[-147.0402,60.95069],[-147.0447,60.94188],[-146.99631,60.93822],[-146.97159,60.93049],[-146.93105,60.94126],[-146.88329,60.9609],[-146.86178,60.97618],[-146.8593,60.98838],[-146.79181,61.03912],[-146.80435,61.04981],[-146.79479,61.0601],[-146.7755,61.06272],[-146.77408,61.04507],[-146.73617,61.04731],[-146.69612,61.056],[-146.67532,61.08371],[-146.64716,61.10778],[-146.61091,61.12058],[-146.58358,61.14221],[-146.56944,61.13349],[-146.57966,61.12201],[-146.49659,61.12408],[-146.46652,61.13286],[-146.41518,61.13435],[-146.39831,61.12431],[-146.29023,61.12795],[-146.25769,61.10953],[-146.23397,61.08697],[-146.33401,61.08308],[-146.37931,61.08987],[-146.43574,61.08147],[-146.48981,61.07997],[-146.5175,61.08313],[-146.573,61.07894],[-146.57752,61.08325],[-146.6222,61.08308],[-146.66237,61.06342],[-146.6543,61.04915],[-146.57395,61.03724],[-146.56706,61.01859],[-146.5995,61.02498],[-146.64763,61.02383],[-146.6714,61.03252],[-146.68863,61.00679],[-146.69802,61.00143],[-146.69933,60.97838],[-146.72127,60.97834],[-146.72012,60.96667],[-146.68138,60.94682],[-146.63694,60.95381],[-146.61055,60.94757],[-146.59106,60.92731],[-146.60366,60.92171],[-146.62957,60.92431],[-146.65963,60.93892],[-146.7023,60.93089],[-146.72702,60.94157],[-146.72987,60.95311],[-146.7534,60.96206],[-146.76338,60.94844],[-146.73843,60.92818],[-146.73736,60.90906],[-146.70824,60.88958],[-146.69861,60.87379],[-146.67711,60.86031],[-146.64074,60.87778],[-146.614,60.86587],[-146.62208,60.85024],[-146.63408,60.84463],[-146.63991,60.81879],[-146.62042,60.81995],[-146.60544,60.84225],[-146.58619,60.85314],[-146.55387,60.8393],[-146.57276,60.82864],[-146.56124,60.81903],[-146.52546,60.81178],[-146.50098,60.81451],[-146.47387,60.81056],[-146.45238,60.81433],[-146.41696,60.83415],[-146.39462,60.84173],[-146.38357,60.83652],[-146.40734,60.82227],[-146.40484,60.81248],[-146.33437,60.82227],[-146.26782,60.85574],[-146.2696,60.86402],[-146.24132,60.88102],[-146.21066,60.86864],[-146.19628,60.87616],[-146.17097,60.86286],[-146.14779,60.85707],[-146.14019,60.84851],[-146.11677,60.84833],[-146.1056,60.83455],[-146.17203,60.84793],[-146.23752,60.84179],[-146.25142,60.81827],[-146.33437,60.78778],[-146.4424,60.77821],[-146.4582,60.77171],[-146.51774,60.77258],[-146.54757,60.76422],[-146.51643,60.75633],[-146.53592,60.74861],[-146.585,60.73757],[-146.57716,60.75383],[-146.6058,60.76086],[-146.63064,60.73902],[-146.62149,60.72549],[-146.65583,60.7281],[-146.67301,60.74091],[-146.69719,60.74414],[-146.69873,60.7335],[-146.66165,60.71212],[-146.6651,60.69351],[-146.65452,60.68554],[-146.62279,60.68141],[-146.58489,60.68973],[-146.52788,60.69012],[-146.4968,60.68054],[-146.43311,60.68601],[-146.40137,60.69349],[-146.38901,60.71567],[-146.35982,60.7232],[-146.32974,60.74512],[-146.32237,60.76544],[-146.30182,60.76109],[-146.31492,60.74641],[-146.31643,60.72287],[-146.29777,60.71369],[-146.25557,60.71351],[-146.23288,60.71956],[-146.22587,60.74495],[-146.19415,60.75221],[-146.20263,60.7365],[-146.16044,60.72833],[-146.13901,60.74455],[-146.12694,60.73291],[-146.10394,60.75348],[-146.07197,60.77345],[-146.06163,60.78842],[-146.04405,60.78726],[-146.04393,60.77397],[-146.05626,60.7634],[-146.0381,60.75569],[-146.07934,60.74501],[-146.05735,60.73693],[-146.10085,60.71793],[-146.12486,60.71433],[-146.19331,60.68583],[-146.23859,60.65702],[-146.27055,60.64991],[-146.25838,60.62629],[-146.19771,60.62853],[-146.19069,60.62509],[-146.14862,60.63208],[-146.12224,60.64356],[-146.04511,60.66342],[-145.96537,60.69264],[-145.9296,60.70119],[-146.00352,60.64234],[-146.01113,60.62191],[-146.00126,60.61649],[-145.93744,60.62517],[-145.92663,60.64953],[-145.8867,60.66706],[-145.89835,60.67422],[-145.87315,60.68516],[-145.84454,60.69017],[-145.86887,60.66473],[-145.8949,60.65407],[-145.87541,60.64831],[-145.84463,60.64644],[-145.82787,60.63701],[-145.85937,60.62471],[-145.88979,60.62028],[-145.89219,60.61091],[-145.85087,60.61179],[-145.76667,60.62873],[-145.66506,60.65716],[-145.64783,60.66834],[-145.62763,60.66595],[-145.62335,60.65093],[-145.67053,60.63287],[-145.68265,60.61227],[-145.71324,60.58139],[-145.74267,60.56887],[-145.78378,60.53574],[-145.79567,60.52271],[-145.84665,60.51107],[-145.89264,60.48924],[-145.91427,60.49468],[-145.93079,60.48098],[-145.96347,60.46693],[-145.9469,60.4554],[-145.92818,60.45627],[-145.87755,60.44519],[-145.77772,60.45498],[-145.7618,60.46347],[-145.73292,60.45703],[-145.69382,60.45931],[-145.68028,60.45398],[-145.64962,60.45445],[-145.59542,60.44701],[-145.54397,60.42555],[-145.49441,60.41751],[-145.50879,60.39791],[-145.48669,60.38658],[-145.44676,60.381],[-145.36452,60.34597],[-145.31229,60.3372],[-145.30213,60.32856],[-145.21941,60.30149],[-145.20028,60.30738],[-145.16808,60.30679],[-145.13979,60.2956],[-145.11151,60.30414],[-145.11115,60.33697],[-145.08227,60.37771],[-145.05316,60.40037],[-145.01596,60.41282],[-144.96545,60.42027],[-144.95832,60.42519],[-144.92065,60.4256],[-144.91209,60.44214],[-144.88734,60.45605],[-144.84352,60.46274],[-144.80716,60.46192],[-144.83164,60.44293],[-144.88503,60.39275],[-144.8825,60.38543],[-144.90199,60.37098],[-144.90342,60.3624],[-144.95,60.32606],[-144.96617,60.30923],[-144.95785,60.28815],[-144.91126,60.28038],[-144.88131,60.29063],[-144.815,60.27932],[-144.78173,60.28049],[-144.75107,60.26812],[-144.74631,60.26022],[-144.80526,60.24973],[-144.86563,60.24678],[-144.89819,60.24064],[-144.92719,60.23109],[-144.90889,60.22129],[-144.74299,60.21326],[-144.68499,60.20559],[-144.62224,60.19177],[-144.56282,60.17321],[-144.54642,60.1829],[-144.52907,60.18349],[-144.47702,60.16529],[-144.43139,60.16931],[-144.41689,60.16647],[-144.37197,60.16754],[-144.30565,60.17877],[-144.28379,60.17179],[-144.31231,60.16352],[-144.28521,60.15666],[-144.29591,60.14211],[-144.25395,60.12966],[-144.21302,60.1268],[-144.19704,60.11393],[-144.1515,60.10657],[-144.13833,60.09829],[-144.1103,60.09894],[-144.10719,60.08976],[-144.06607,60.07198],[-144.04159,60.04351],[-144.06417,60.03947],[-144.09174,60.04481],[-144.11218,60.03674],[-144.14786,60.04274],[-144.21683,60.04019],[-144.24196,60.03389],[-144.25527,60.0238],[-144.18422,60.02233],[-144.12549,60.01513],[-144.07011,60.02012],[-144.01046,60.01715],[-143.98693,60.01311],[-143.96078,59.99778],[-143.89703,59.98594],[-143.85134,59.9907],[-143.81033,60.00301],[-143.69506,60.02748],[-143.6228,60.03912],[-143.1289,60.06558],[-142.90886,60.09033],[-142.80985,60.09522],[-142.69842,60.09333],[-142.53753,60.08395],[-142.44724,60.07162],[-142.4325,60.06297],[-142.38425,60.0632],[-142.29726,60.05644],[-142.20409,60.04469],[-142.10006,60.02677],[-141.99184,60.01881],[-141.88108,59.99945],[-141.73624,59.96191],[-141.59538,59.96191],[-141.54405,59.96901],[-141.53764,59.9765],[-141.50389,59.99065],[-141.46153,59.99525],[-141.40097,60.00729],[-141.37037,60.03338],[-141.41713,60.06522],[-141.45397,60.06973],[-141.4535,60.08467],[-141.47227,60.10836],[-141.49462,60.1208],[-141.52813,60.12731],[-141.53288,60.14104],[-141.55261,60.15358],[-141.54928,60.17026],[-141.52052,60.16884],[-141.48867,60.14838],[-141.45065,60.135],[-141.43116,60.13276],[-141.40359,60.15571],[-141.38719,60.1608],[-141.36674,60.14719],[-141.37561,60.11071],[-141.35795,60.09628],[-141.33727,60.09095],[-141.30316,60.09066],[-141.26953,60.09758],[-141.23222,60.1131],[-141.18468,60.12518],[-141.15925,60.15559],[-141.17209,60.16943],[-141.15402,60.17238],[-141.14142,60.15169],[-141.15569,60.12115],[-141.22128,60.10623],[-141.23864,60.08941],[-141.27476,60.07921],[-141.29069,60.05834],[-141.32848,60.05822],[-141.2895,60.03425],[-141.28237,60.01561],[-141.25931,59.99838],[-141.26644,59.98114],[-141.29104,59.96785],[-141.28403,59.95783],[-141.29401,59.94819],[-141.28617,59.93973],[-141.33371,59.92997],[-141.36152,59.93307],[-141.38885,59.92485],[-141.39717,59.91127],[-141.42712,59.90316],[-141.44233,59.88779],[-141.46039,59.90376],[-141.45968,59.91746],[-141.48725,59.92223],[-141.46807,59.89837],[-141.44732,59.88528],[-141.37197,59.86417],[-140.98194,59.76964],[-140.89067,59.74199],[-140.6789,59.71383],[-140.63398,59.71012],[-140.59999,59.71132],[-140.31477,59.69273],[-140.22398,59.70892],[-140.19345,59.72217],[-140.17953,59.73594],[-140.13224,59.74804],[-140.06022,59.76109],[-139.95205,59.78859],[-139.81161,59.81527],[-139.78023,59.8265],[-139.77049,59.84238],[-139.77881,59.85754],[-139.77596,59.87043],[-139.71891,59.9194],[-139.69526,59.92863],[-139.6608,59.93339],[-139.64262,59.94322],[-139.61778,59.9459],[-139.6072,59.96833],[-139.611,59.99214],[-139.58534,60.00462],[-139.55467,60.03265],[-139.55467,60.04642],[-139.53114,60.04119],[-139.52259,60.0203],[-139.4887,59.99503],[-139.50797,59.98551],[-139.50369,59.9776],[-139.52104,59.96392],[-139.52294,59.9497],[-139.54861,59.9278],[-139.60591,59.90504],[-139.62717,59.90242],[-139.63572,59.87374],[-139.6261,59.84587],[-139.59389,59.81727],[-139.59924,59.80095],[-139.58211,59.77464],[-139.56525,59.76567],[-139.5466,59.74059],[-139.50155,59.71482],[-139.48385,59.70853],[-139.48955,59.69528],[-139.50963,59.69336],[-139.53008,59.67452],[-139.55551,59.66342],[-139.56014,59.65075],[-139.58118,59.64469],[-139.60566,59.61417],[-139.5826,59.60725],[-139.62788,59.59559],[-139.63109,59.58524],[-139.6734,59.56983],[-139.67946,59.58524],[-139.67363,59.61152],[-139.6961,59.62066],[-139.72236,59.60148],[-139.70299,59.59065],[-139.71428,59.57194],[-139.73804,59.5717],[-139.75337,59.55689],[-139.73638,59.54653],[-139.77976,59.54274],[-139.83739,59.55906],[-139.8652,59.54195],[-139.83977,59.52822],[-139.66983,59.47061],[-139.59912,59.44024],[-139.32127,59.34675],[-139.04459,59.28034],[-138.88659,59.23694],[-138.80254,59.20504],[-138.6812,59.15012],[-138.61025,59.12299],[-138.3015,59.05806],[-138.23864,59.03768],[-138.18528,59.01628],[-138.17395,59.0037],[-138.0731,58.9594],[-138.00417,58.92151],[-137.94321,58.88062],[-137.9394,58.86287],[-137.92372,58.84148],[-137.92966,58.81909],[-137.94392,58.81164],[-137.94183,58.79432],[-137.93001,58.78431],[-137.87535,58.75723],[-137.79537,58.72433],[-137.68425,58.66208],[-137.67451,58.64651],[-137.67748,58.62083],[-137.6442,58.60394],[-137.60725,58.5996],[-137.56446,58.58616],[-137.54937,58.57724],[-137.45953,58.54328],[-137.40427,58.51027],[-137.31134,58.4781],[-137.27861,58.45948],[-137.23937,58.45316],[-137.16136,58.42431],[-137.09326,58.38141],[-137.07382,58.38521],[-137.07484,58.39829],[-137.01459,58.40987],[-136.96195,58.40109],[-136.94887,58.39524],[-136.92154,58.39704],[-136.91144,58.38627],[-136.89159,58.3821],[-136.91251,58.3484],[-136.8862,58.34198],[-136.86825,58.35718],[-136.8737,58.36775],[-136.84041,58.36337],[-136.85178,58.31968],[-136.83826,58.30916],[-136.82227,58.3084],[-136.80032,58.33141],[-136.77064,58.32921],[-136.79307,58.31393],[-136.79129,58.2917],[-136.75863,58.28928],[-136.74812,58.30367],[-136.73079,58.2878],[-136.70787,58.29576],[-136.68552,58.28921],[-136.72809,58.27225],[-136.73001,58.25598],[-136.72339,58.24493],[-136.68517,58.21085],[-136.66603,58.20812],[-136.61982,58.2099],[-136.59192,58.21789],[-136.58178,58.22625],[-136.58879,58.23582],[-136.56704,58.24476],[-136.56455,58.26227],[-136.58653,58.29807],[-136.60683,58.29981],[-136.62228,58.32538],[-136.63632,58.32954],[-136.63211,58.34101],[-136.60673,58.3455],[-136.57809,58.34518],[-136.56182,58.31815],[-136.53911,58.31805],[-136.5165,58.30684],[-136.48246,58.30301],[-136.43888,58.31559],[-136.40763,58.31172],[-136.3904,58.29742],[-136.36834,58.30412],[-136.37385,58.31215],[-136.35841,58.33022],[-136.36218,58.34396],[-136.3802,58.3574],[-136.36878,58.37061],[-136.3309,58.36929],[-136.31868,58.38247],[-136.27639,58.36671],[-136.30084,58.34295],[-136.30409,58.32548],[-136.28174,58.3149],[-136.21839,58.32759],[-136.20466,58.33414],[-136.15892,58.3455],[-136.12459,58.34185],[-136.09963,58.3465],[-136.0774,58.36596],[-136.05496,58.3718],[-136.03803,58.38204],[-136.05795,58.39317],[-136.05612,58.41345],[-136.07051,58.43983],[-136.08689,58.44595],[-136.07238,58.46717],[-136.10213,58.47656],[-136.10513,58.49834],[-136.09933,58.5124],[-136.11847,58.51551],[-136.13791,58.53068],[-136.14039,58.54698],[-136.15561,58.5637],[-136.18301,58.56352],[-136.19762,58.57164],[-136.21869,58.59422],[-136.19724,58.60188],[-136.20829,58.61515],[-136.25797,58.63535],[-136.28142,58.65648],[-136.32093,58.67144],[-136.32996,58.6661],[-136.32639,58.64001],[-136.35154,58.64687],[-136.37393,58.63704],[-136.38545,58.62257],[-136.42033,58.62228],[-136.44564,58.6168],[-136.46465,58.60646],[-136.46603,58.59137],[-136.50445,58.59129],[-136.53436,58.60002],[-136.52783,58.60839],[-136.50544,58.60409],[-136.43902,58.64315],[-136.39739,58.65381],[-136.35074,58.6878],[-136.39174,58.71745],[-136.44964,58.7369],[-136.4814,58.73558],[-136.50188,58.74198],[-136.48971,58.74984],[-136.50999,58.75705],[-136.52075,58.74477],[-136.51413,58.72722],[-136.53168,58.72655],[-136.53449,58.74213],[-136.55803,58.75559],[-136.58543,58.7627],[-136.57534,58.77448],[-136.55633,58.77285],[-136.55125,58.78619],[-136.51024,58.77732],[-136.48962,58.79684],[-136.50713,58.7992],[-136.56876,58.83414],[-136.61375,58.84647],[-136.66318,58.84194],[-136.66997,58.85381],[-136.70011,58.85681],[-136.71177,58.86586],[-136.74568,58.87672],[-136.76412,58.87288],[-136.79991,58.87685],[-136.80455,58.85067],[-136.81905,58.84506],[-136.82454,58.86949],[-136.83785,58.87946],[-136.87477,58.88834],[-136.89296,58.8861],[-136.92395,58.89997],[-136.94133,58.89243],[-136.9918,58.90275],[-137.018,58.90151],[-137.03491,58.87881],[-137.04885,58.87455],[-137.10075,58.8337],[-137.11291,58.8307],[-137.13585,58.83963],[-137.11799,58.85877],[-137.07809,58.87508],[-137.04674,58.91527],[-137.02116,58.92442],[-136.96389,58.92556],[-136.93271,58.91804],[-136.91636,58.94082],[-136.92119,58.95214],[-136.94763,58.97174],[-136.97123,58.97701],[-137.0036,58.99792],[-137.01495,59.01931],[-137.02984,59.01337],[-137.04755,59.02232],[-137.07019,59.05059],[-137.03308,59.06547],[-137.00889,59.04226],[-136.97407,59.02811],[-136.97407,59.02188],[-136.94816,59.0023],[-136.90253,58.98662],[-136.87591,58.9631],[-136.79837,58.94419],[-136.79082,58.93699],[-136.75564,58.93245],[-136.69123,58.90902],[-136.68282,58.89802],[-136.62896,58.8895],[-136.6223,58.89994],[-136.62991,58.9197],[-136.65629,58.9419],[-136.71119,59.00193],[-136.6986,59.00303],[-136.65867,58.97646],[-136.6368,58.94705],[-136.61517,58.93687],[-136.60043,58.91528],[-136.58451,58.90804],[-136.57168,58.92608],[-136.57552,58.94141],[-136.57052,58.95811],[-136.5586,58.95992],[-136.53056,58.94791],[-136.53151,58.92264],[-136.50612,58.87758],[-136.50964,58.86272],[-136.48896,58.83825],[-136.46733,58.82755],[-136.43691,58.8273],[-136.42812,58.81795],[-136.39817,58.81894],[-136.32211,58.77954],[-136.27838,58.77153],[-136.24962,58.75279],[-136.21397,58.75008],[-136.19067,58.75538],[-136.15383,58.74996],[-136.15764,58.77682],[-136.14456,58.78138],[-136.14694,58.80318],[-136.1284,58.815],[-136.1139,58.83874],[-136.10511,58.86382],[-136.11866,58.88164],[-136.11676,58.89208],[-136.1372,58.90337],[-136.11866,58.92105],[-136.12555,58.93552],[-136.15051,58.94429],[-136.16029,58.962],[-136.15597,58.97934],[-136.11533,58.97713],[-136.11557,58.95888],[-136.08752,58.94686],[-136.08182,58.93521],[-136.05995,58.92822],[-136.05282,58.91175],[-136.06185,58.90798],[-136.06827,58.88686],[-136.05187,58.86216],[-136.06019,58.85479],[-136.01313,58.85528],[-136.0155,58.84372],[-136.05543,58.83868],[-136.07944,58.82946],[-136.08633,58.81063],[-136.04331,58.77984],[-136.03523,58.75988],[-136.01693,58.74484],[-136.01123,58.73263],[-136.01479,58.7151],[-135.99007,58.69906],[-135.96559,58.6977],[-135.95276,58.67324],[-135.93469,58.64864],[-135.91972,58.64184],[-135.92447,58.63033],[-135.91069,58.61709],[-135.88502,58.60211],[-135.84723,58.59592],[-135.86957,58.58477],[-135.8899,58.58366],[-135.90522,58.57461],[-135.93755,58.59505],[-135.96868,58.57957],[-135.97557,58.57102],[-135.97106,58.54039],[-135.95851,58.53537],[-135.95466,58.52054],[-135.93089,58.51694],[-135.93626,58.49882],[-135.95751,58.50328],[-135.99989,58.48179],[-135.99653,58.46918],[-135.94373,58.45022],[-135.90023,58.46663],[-135.87527,58.45805],[-135.8988,58.4496],[-135.90546,58.42658],[-135.89952,58.41812],[-135.92152,58.38206],[-135.90736,58.37914],[-135.87738,58.38493],[-135.82722,58.3867],[-135.77176,58.39722],[-135.76177,58.40403],[-135.73267,58.39369],[-135.68224,58.40234],[-135.61882,58.42559],[-135.57627,58.40716],[-135.55797,58.40853],[-135.5266,58.39434],[-135.49662,58.37591],[-135.46837,58.38225],[-135.45815,58.40803],[-135.5014,58.45159],[-135.47859,58.46526],[-135.48429,58.47558],[-135.51329,58.49509],[-135.4976,58.50328],[-135.47264,58.48192],[-135.45125,58.45233],[-135.45292,58.42808],[-135.43319,58.40218],[-135.40806,58.343],[-135.3973,58.32489],[-135.36807,58.30641],[-135.34754,58.2744],[-135.31435,58.2458],[-135.29534,58.23604],[-135.27276,58.23166],[-135.22617,58.23629],[-135.21666,58.22941],[-135.186,58.22127],[-135.16437,58.209],[-135.13775,58.21401],[-135.10091,58.19623],[-135.07327,58.19058],[-135.06265,58.19898],[-135.09141,58.23441],[-135.1077,58.26503],[-135.09046,58.27605],[-135.10091,58.2943],[-135.06906,58.30316],[-135.04767,58.30329],[-135.05409,58.34822],[-135.07453,58.37253],[-135.07905,58.39733],[-135.09283,58.43542],[-135.12017,58.46054],[-135.13585,58.48465],[-135.12017,58.49148],[-135.13039,58.50999],[-135.15225,58.53518],[-135.16532,58.54163],[-135.16461,58.56308],[-135.18386,58.57213],[-135.19266,58.5953],[-135.18624,58.60124],[-135.21405,58.61907],[-135.18838,58.62229],[-135.18291,58.61338],[-135.15701,58.60744],[-135.15392,58.5844],[-135.13514,58.5813],[-135.14156,58.62093],[-135.16152,58.6432],[-135.16675,58.65865],[-135.18125,58.66669],[-135.19432,58.69288],[-135.23924,58.7267],[-135.24138,58.78218],[-135.2718,58.81321],[-135.28416,58.819],[-135.33907,58.88968],[-135.32552,58.89668],[-135.32433,58.91534],[-135.34049,58.92086],[-135.37211,58.92344],[-135.37424,58.9438],[-135.4011,58.97334],[-135.38931,58.98291],[-135.4011,59.0108],[-135.37662,59.02133],[-135.37781,59.0305],[-135.39896,59.03784],[-135.39397,59.05617],[-135.38116,59.07088],[-135.37687,59.09235],[-135.38214,59.1017],[-135.40324,59.10991],[-135.4408,59.11369],[-135.44579,59.12589],[-135.46789,59.14442],[-135.47478,59.16197],[-135.47027,59.1744],[-135.48405,59.18645],[-135.54585,59.22235],[-135.54704,59.23171],[-135.56629,59.2435],[-135.60765,59.25748],[-135.61644,59.26696],[-135.5632,59.26003],[-135.54252,59.24897],[-135.49139,59.23585],[-135.44991,59.21898],[-135.40255,59.18217],[-135.39395,59.16484],[-135.37954,59.15327],[-135.37075,59.13671],[-135.37772,59.13029],[-135.36927,59.11289],[-135.35042,59.11197],[-135.32467,59.10137],[-135.31232,59.08563],[-135.29674,59.09428],[-135.32697,59.12286],[-135.32742,59.1328],[-135.34638,59.14314],[-135.33045,59.15405],[-135.37103,59.21006],[-135.39112,59.21916],[-135.44105,59.22937],[-135.4273,59.2503],[-135.44293,59.26319],[-135.44453,59.27769],[-135.46956,59.28335],[-135.54442,59.31005],[-135.53254,59.3246],[-135.48824,59.30349],[-135.40609,59.2893],[-135.39278,59.29682],[-135.4011,59.31393],[-135.39777,59.33588],[-135.37748,59.38157],[-135.37591,59.41155],[-135.36141,59.44721],[-135.36521,59.48042],[-135.34762,59.47861],[-135.35,59.46425],[-135.33598,59.45809],[-135.33027,59.44129],[-135.34071,59.42425],[-135.34477,59.38869],[-135.3577,59.37284],[-135.36284,59.35078],[-135.35666,59.34279],[-135.36902,59.31332],[-135.36688,59.28068],[-135.37315,59.26824],[-135.34216,59.23718],[-135.32813,59.22879],[-135.33455,59.2125],[-135.32458,59.19801],[-135.29201,59.20179],[-135.27418,59.16648],[-135.25113,59.14881],[-135.23187,59.12101],[-135.22261,59.09196],[-135.20621,59.07682],[-135.20027,59.05377],[-135.20383,59.03001],[-135.19765,59.01729],[-135.17697,58.99881],[-135.1711,58.92846],[-135.14821,58.89938],[-135.14061,58.87408],[-135.15409,58.85599],[-135.13743,58.82982],[-135.1204,58.82084],[-135.08095,58.7897],[-135.06574,58.76308],[-135.03356,58.75168],[-135.01698,58.76122],[-135.02763,58.78119],[-135.00893,58.77849],[-135.00011,58.79722],[-135.00175,58.81639],[-134.99467,58.82725],[-134.96116,58.82749],[-134.98802,58.81284],[-134.95498,58.78859],[-134.93573,58.78132],[-134.93002,58.75273],[-134.93871,58.74189],[-134.93097,58.73127],[-134.94437,58.7249],[-134.94529,58.70192],[-134.92051,58.68053],[-134.95426,58.67732],[-134.98065,58.68115],[-134.9905,58.67634],[-134.94534,58.61687],[-134.92646,58.60781],[-134.89354,58.57641],[-134.88415,58.57188],[-134.85539,58.54213],[-134.82853,58.52898],[-134.83994,58.5188],[-134.79704,58.50061],[-134.78679,58.46868],[-134.77993,58.45973],[-134.76342,58.41897],[-134.76809,58.40859],[-134.74803,58.39625],[-134.74919,58.38422],[-134.73018,58.37409],[-134.68866,58.38157],[-134.64302,58.3772],[-134.64404,58.34749],[-134.63879,58.34225],[-134.60832,58.34105],[-134.60357,58.3257],[-134.65134,58.31871],[-134.68985,58.3011],[-134.67036,58.27937],[-134.63257,58.25336],[-134.58956,58.2302],[-134.50688,58.21651],[-134.48235,58.22984],[-134.46025,58.22959],[-134.42602,58.21958],[-134.40487,58.21908],[-134.3524,58.20049],[-134.27937,58.19103],[-134.25537,58.19779],[-134.18501,58.20844],[-134.14746,58.20067],[-134.1313,58.23235],[-134.10301,58.23548],[-134.10135,58.24486],[-134.12561,58.26484],[-134.14627,58.27262],[-134.1496,58.28187],[-134.12892,58.3056],[-134.09517,58.3217],[-134.05786,58.33319],[-134.05191,58.36798],[-134.04122,58.3878],[-134.0405,58.402],[-134.02458,58.4066],[-134.01008,58.37596],[-133.99487,58.36324],[-134.00438,58.34367],[-133.96682,58.31783],[-133.9875,58.31047],[-134.00319,58.29523],[-134.08115,58.27974],[-134.05881,58.26262],[-134.05596,58.22571],[-134.08543,58.21357],[-134.07996,58.20368],[-134.08852,58.1869],[-134.07758,58.16509],[-134.07592,58.14339],[-134.06427,58.13499],[-134.08186,58.12106],[-134.06879,58.11516],[-134.06879,58.09619],[-134.05215,58.07282],[-134.05263,58.06176],[-134.02862,58.05924],[-134.01602,58.04478],[-133.92689,57.9846],[-133.88768,57.97351],[-133.85084,57.99128],[-133.79712,58.00375],[-133.78547,58.00992],[-133.80758,58.02314],[-133.80497,58.03862],[-133.77288,58.05623],[-133.76218,58.05132],[-133.75529,58.02402],[-133.7301,58.01458],[-133.70157,57.98422],[-133.70664,57.97773],[-133.69112,57.95813],[-133.69682,57.944],[-133.72582,57.94905],[-133.76052,57.99569],[-133.8329,57.96754],[-133.8531,57.9525],[-133.84917,57.93378],[-133.78215,57.87923],[-133.76741,57.85698],[-133.74507,57.84155],[-133.746,57.83055],[-133.7251,57.80485],[-133.71108,57.79535],[-133.67519,57.78661],[-133.63146,57.79091],[-133.63502,57.8251],[-133.62457,57.8375],[-133.64976,57.86482],[-133.6355,57.87405],[-133.61506,57.8604],[-133.60032,57.86432],[-133.60555,57.87961],[-133.60032,57.89717],[-133.60508,57.90955],[-133.58844,57.92672],[-133.57537,57.917],[-133.58036,57.9074],[-133.57156,57.88972],[-133.56847,57.8604],[-133.57964,57.83307],[-133.56562,57.80839],[-133.55611,57.80231],[-133.5573,57.7809],[-133.57656,57.77355],[-133.58487,57.76151],[-133.52545,57.76176],[-133.5005,57.7435],[-133.46949,57.73157],[-133.42373,57.72244],[-133.38546,57.69196],[-133.32842,57.66311],[-133.28136,57.66146],[-133.25664,57.65053],[-133.23239,57.63183],[-133.18914,57.61401],[-133.15206,57.58867],[-133.10833,57.54775],[-133.05936,57.52517],[-133.07125,57.51036],[-133.11664,57.53282],[-133.1744,57.5814],[-133.1927,57.5865],[-133.22265,57.60217],[-133.33412,57.63564],[-133.3849,57.6573],[-133.46936,57.67761],[-133.48671,57.6757],[-133.51191,57.68091],[-133.56467,57.71457],[-133.65499,57.70847],[-133.64824,57.69435],[-133.64844,57.67521],[-133.67285,57.65836],[-133.67527,57.63333],[-133.6635,57.61484],[-133.64049,57.60471],[-133.62219,57.59032],[-133.61871,57.57824],[-133.59081,57.56777],[-133.56182,57.56203],[-133.4772,57.58472],[-133.46508,57.58166],[-133.48481,57.56675],[-133.4882,57.55139],[-133.51675,57.54391],[-133.51333,57.51942],[-133.52345,57.51281],[-133.52735,57.49223],[-133.52403,57.47587],[-133.4677,57.42229],[-133.42396,57.4141],[-133.42064,57.40373],[-133.45516,57.39653],[-133.476,57.38039],[-133.47204,57.36865],[-133.45249,57.35453],[-133.42159,57.34542],[-133.3567,57.33273],[-133.28492,57.33414],[-133.23857,57.32131],[-133.19888,57.33029],[-133.18961,57.31129],[-133.21433,57.30411],[-133.2293,57.30642],[-133.24856,57.2937],[-133.2766,57.29011],[-133.30964,57.29114],[-133.33008,57.29961],[-133.34838,57.29589],[-133.36383,57.28433],[-133.39806,57.2887],[-133.42595,57.286],[-133.44244,57.28998],[-133.45087,57.3003],[-133.47589,57.30798],[-133.49883,57.30282],[-133.48624,57.28292],[-133.52593,57.27906],[-133.53403,57.26068],[-133.51321,57.247],[-133.49812,57.2257],[-133.51143,57.20189],[-133.52466,57.19529],[-133.56853,57.1899],[-133.50359,57.17304],[-133.49598,57.16454],[-133.4696,57.15977],[-133.46437,57.1501],[-133.42539,57.14494],[-133.42016,57.13772],[-133.36573,57.12844],[-133.36217,57.12069],[-133.31534,57.10624],[-133.29538,57.10714],[-133.27289,57.11554],[-133.26163,57.13553],[-133.23002,57.13895],[-133.19888,57.13792],[-133.19223,57.12785],[-133.20863,57.11676],[-133.18676,57.08978],[-133.1651,57.08594],[-133.11498,57.08849],[-133.0962,57.08138],[-133.07909,57.08293],[-133.05413,57.06627],[-133.02015,57.05709],[-132.99067,57.04016],[-132.98185,57.05304],[-132.93482,57.04572],[-132.89299,57.02451],[-132.87231,57.03085],[-132.86494,57.04598],[-132.87397,57.06782],[-132.846,57.08287],[-132.83119,57.10411],[-132.81218,57.09417],[-132.81313,57.07635],[-132.83642,57.06136],[-132.80552,57.02024],[-132.79055,57.00704],[-132.79792,56.99772],[-132.78793,56.97558],[-132.81099,56.97065],[-132.82691,56.99112],[-132.82121,57.0029],[-132.83761,57.01894],[-132.85589,57.01635],[-132.85211,57.00458],[-132.87801,57.00044],[-132.89239,56.99302],[-132.95312,56.99358],[-132.94884,56.98102],[-132.92507,56.97286],[-132.90535,56.95593],[-132.88491,56.92126],[-132.85734,56.90543],[-132.81574,56.89115],[-132.79934,56.87687],[-132.80267,56.86401],[-132.78912,56.84335],[-132.69785,56.80836],[-132.64366,56.78142],[-132.62179,56.77868],[-132.60944,56.77126],[-132.52839,56.74859],[-132.55406,56.72526],[-132.55762,56.71547],[-132.53409,56.69721],[-132.54336,56.67515],[-132.57402,56.6741],[-132.55525,56.65425],[-132.56974,56.64236],[-132.5657,56.62863],[-132.52435,56.6132],[-132.48038,56.60313],[-132.42286,56.60928],[-132.38483,56.62654],[-132.33943,56.64053],[-132.31947,56.63765],[-132.3506,56.5996],[-132.36653,56.59489],[-132.36581,56.54054],[-132.35916,56.52744],[-132.33111,56.51144],[-132.31115,56.50449],[-132.28904,56.48389],[-132.2629,56.48664],[-132.21061,56.45684],[-132.19564,56.41374],[-132.17923,56.39928],[-132.18328,56.38586],[-132.17044,56.36835],[-132.18755,56.36691],[-132.21108,56.3752],[-132.23794,56.39757],[-132.232,56.41532],[-132.25339,56.44954],[-132.27811,56.46157],[-132.3083,56.46354],[-132.33301,56.46945],[-132.36058,56.48481],[-132.38887,56.48979],[-132.39367,56.48369],[-132.38142,56.44489],[-132.36133,56.423],[-132.34157,56.41322],[-132.33563,56.39665],[-132.35108,56.39099],[-132.36423,56.37404],[-132.35274,56.3565],[-132.35559,56.34676],[-132.34068,56.34175],[-132.34915,56.30446],[-132.36542,56.28302],[-132.34799,56.27174],[-132.32913,56.23603],[-132.27526,56.20742],[-132.24365,56.20266],[-132.26765,56.19102],[-132.2995,56.19459],[-132.31852,56.19208],[-132.33634,56.2016],[-132.35313,56.2183],[-132.39757,56.23808],[-132.38174,56.26078],[-132.39481,56.27596],[-132.37829,56.30877],[-132.41941,56.34791],[-132.43482,56.35273],[-132.49975,56.33685],[-132.52936,56.33856],[-132.54728,56.3265],[-132.54871,56.30825],[-132.57331,56.29691],[-132.60136,56.23916],[-132.62952,56.2385],[-132.64758,56.23315],[-132.6729,56.24055],[-132.69476,56.23335],[-132.71639,56.21485],[-132.68941,56.20593],[-132.70772,56.19548],[-132.69619,56.16678],[-132.72253,56.14383],[-132.70213,56.11692],[-132.70515,56.10773],[-132.67836,56.07867],[-132.66719,56.05944],[-132.65067,56.04815],[-132.64212,56.03249],[-132.59684,56.01555],[-132.59315,56.03229],[-132.61455,56.04377],[-132.61157,56.06302],[-132.58567,56.07794],[-132.55275,56.05652],[-132.53861,56.07025],[-132.51638,56.07377],[-132.49517,56.06382],[-132.46029,56.06906],[-132.48489,56.03408],[-132.47336,56.01642],[-132.43973,56.01901],[-132.38661,56.01283],[-132.40396,56.00406],[-132.4572,55.99901],[-132.43747,55.98884],[-132.4625,55.9741],[-132.4351,55.97082],[-132.4446,55.95333],[-132.43355,55.9478],[-132.40539,55.951],[-132.37912,55.93276],[-132.36391,55.9281],[-132.40075,55.88393],[-132.38411,55.87154],[-132.3723,55.85036],[-132.33801,55.85426],[-132.30853,55.8624],[-132.31911,55.87467],[-132.34026,55.87947],[-132.34074,55.8908],[-132.31953,55.88853],[-132.29403,55.90985],[-132.3096,55.91898],[-132.27903,55.92493],[-132.27633,55.93616],[-132.24056,55.92857],[-132.20288,55.95918],[-132.18358,55.93002],[-132.15526,55.92786],[-132.13659,55.93964],[-132.13229,55.96078],[-132.15392,55.98405],[-132.16866,55.99083],[-132.15594,56.00805],[-132.19302,56.04789],[-132.17745,56.0534],[-132.2213,56.06773],[-132.22653,56.08013],[-132.19231,56.08709],[-132.18874,56.07589],[-132.14633,56.07443],[-132.15535,56.08325],[-132.14513,56.09843],[-132.12184,56.09008],[-132.09914,56.10334],[-132.11649,56.12096],[-132.15012,56.13308],[-132.16082,56.14599],[-132.18221,56.15837],[-132.17579,56.1724],[-132.1544,56.16691],[-132.1497,56.1562],[-132.12397,56.16605],[-132.1008,56.14745],[-132.09652,56.13355],[-132.07382,56.11599],[-132.05576,56.13388],[-132.02694,56.13312],[-132.01476,56.17147],[-132.01642,56.18265],[-131.99349,56.19456],[-131.94049,56.19304],[-131.92088,56.20348],[-131.9122,56.2163],[-131.89568,56.22555],[-131.8731,56.23005],[-131.83436,56.21855],[-131.80632,56.2165],[-131.77542,56.22403],[-131.75712,56.22384],[-131.7343,56.21518],[-131.69544,56.21518],[-131.66585,56.20242],[-131.64826,56.19985],[-131.64731,56.18398],[-131.68237,56.19337],[-131.70982,56.18675],[-131.73109,56.19542],[-131.77078,56.20507],[-131.82438,56.19125],[-131.87109,56.20331],[-131.88784,56.1974],[-131.89152,56.18249],[-131.97317,56.1731],[-131.97162,56.12464],[-131.97851,56.09687],[-131.98172,56.06212],[-131.9551,55.99851],[-131.96734,55.99632],[-131.97189,55.97961],[-131.96758,55.96866],[-132.04245,55.95988],[-132.04126,55.95003],[-132.06348,55.94604],[-132.07085,55.92394],[-132.0541,55.90995],[-132.04851,55.88263],[-132.06978,55.87304],[-132.09652,55.85056],[-132.08922,55.83325],[-132.06539,55.82714],[-132.06051,55.81325],[-132.07454,55.80998],[-132.13041,55.81142],[-132.14953,55.8031],[-132.18601,55.8033],[-132.18993,55.79134],[-132.18541,55.75765],[-132.19266,55.73966],[-132.20978,55.73505],[-132.23509,55.74394],[-132.26585,55.76389],[-132.28726,55.76173],[-132.22843,55.6997],[-132.21726,55.678],[-132.21465,55.6599],[-132.19896,55.63435],[-132.19742,55.60597],[-132.18565,55.58777],[-132.16402,55.57971],[-132.15036,55.56271],[-132.12005,55.54974],[-132.10472,55.54893],[-132.07537,55.53898],[-132.04495,55.53447],[-132.02427,55.51651],[-132.00585,55.51221],[-131.97982,55.49928],[-131.96449,55.50332],[-131.95807,55.53111],[-131.93669,55.53515],[-131.94037,55.54859],[-131.93645,55.5914],[-131.96093,55.60402],[-131.97043,55.62858],[-132.00121,55.65655],[-131.98089,55.6546],[-131.96473,55.63435],[-131.93442,55.61778],[-131.91363,55.611],[-131.89247,55.6153],[-131.87394,55.63361],[-131.85706,55.63194],[-131.84993,55.65514],[-131.81955,55.66876],[-131.8674,55.722],[-131.82521,55.71805],[-131.81689,55.72588],[-131.80025,55.76775],[-131.78861,55.76875],[-131.76817,55.79381],[-131.769,55.82407],[-131.78041,55.82266],[-131.79907,55.83575],[-131.8411,55.84439],[-131.89081,55.84449],[-131.91743,55.8639],[-131.84838,55.8735],[-131.82569,55.88077],[-131.81095,55.87604],[-131.79728,55.88297],[-131.7583,55.87824],[-131.67916,55.91828],[-131.61677,55.93965],[-131.60441,55.92121],[-131.57482,55.92913],[-131.56994,55.91302],[-131.59181,55.91062],[-131.5993,55.90003],[-131.55818,55.86697],[-131.5621,55.85216],[-131.50981,55.84069],[-131.53738,55.83468],[-131.63519,55.83615],[-131.65881,55.83973],[-131.71136,55.83621],[-131.70459,55.81272],[-131.70328,55.78987],[-131.67452,55.79876],[-131.65634,55.79548],[-131.62907,55.78322],[-131.58206,55.79455],[-131.55174,55.79155],[-131.53584,55.80484],[-131.49638,55.79261],[-131.51361,55.78413],[-131.54724,55.77464],[-131.58147,55.78098],[-131.62033,55.7632],[-131.64505,55.77129],[-131.6712,55.77116],[-131.68878,55.75204],[-131.7009,55.75739],[-131.72539,55.74461],[-131.73323,55.72762],[-131.70674,55.70644],[-131.70316,55.68671],[-131.71017,55.66158],[-131.72325,55.63455],[-131.69995,55.61348],[-131.66953,55.60623],[-131.6422,55.60375],[-131.65087,55.5926],[-131.64909,55.58078],[-131.67405,55.58562],[-131.6996,55.56923],[-131.68652,55.56425],[-131.70316,55.54268],[-131.70328,55.5288],[-131.71745,55.51591],[-131.75735,55.49424],[-131.77815,55.47929],[-131.82657,55.47035],[-131.83025,55.44901],[-131.79679,55.43534],[-131.75881,55.40881],[-131.73505,55.40072],[-131.73608,55.38253],[-131.71235,55.36518],[-131.73214,55.36399],[-131.78687,55.39732],[-131.81254,55.4074],[-131.836,55.42279],[-131.8545,55.42214],[-131.84636,55.3911],[-131.83436,55.38219],[-131.87819,55.38216],[-131.88018,55.37395],[-131.85516,55.35193],[-131.86609,55.33909],[-131.87025,55.31834],[-131.86098,55.28587],[-131.84601,55.2703],[-131.84084,55.23175],[-131.8264,55.20287],[-131.83194,55.19697],[-131.81925,55.17988],[-131.80917,55.17682],[-131.79235,55.15296],[-131.7646,55.12882],[-131.74618,55.12882],[-131.72301,55.14023],[-131.71932,55.15048],[-131.74036,55.15659],[-131.72146,55.17092],[-131.71029,55.19372],[-131.74797,55.21969],[-131.74083,55.22959],[-131.75997,55.24686],[-131.74476,55.24998],[-131.72657,55.23047],[-131.68936,55.22393],[-131.68439,55.22776],[-131.68284,55.25506],[-131.67108,55.25919],[-131.68724,55.28296],[-131.6927,55.3044],[-131.66834,55.30156],[-131.64659,55.28526],[-131.61724,55.28505],[-131.61653,55.29378],[-131.68783,55.34443],[-131.66704,55.34734],[-131.64013,55.34068],[-131.59451,55.31519],[-131.5591,55.30257],[-131.55028,55.2941],[-131.5318,55.29498],[-131.51988,55.31855],[-131.52241,55.32605],[-131.50422,55.33368],[-131.48224,55.32632],[-131.46441,55.33646],[-131.44837,55.33747],[-131.42876,55.34646],[-131.38325,55.34882],[-131.39085,55.33909],[-131.41521,55.33389],[-131.44183,55.32091],[-131.45419,55.32064],[-131.48069,55.29507],[-131.46085,55.27727],[-131.4038,55.26194],[-131.37849,55.26468],[-131.35532,55.25919],[-131.33238,55.27084],[-131.29911,55.27666],[-131.28367,55.28881],[-131.2713,55.31584],[-131.25502,55.32084],[-131.25323,55.33186],[-131.26461,55.34564],[-131.28702,55.35826],[-131.28324,55.37117],[-131.29328,55.38097],[-131.22257,55.39582],[-131.19874,55.3915],[-131.19572,55.35889],[-131.21117,55.34389],[-131.21509,55.32523],[-131.24019,55.28716],[-131.27926,55.25933],[-131.3027,55.25022],[-131.30992,55.23989],[-131.29081,55.22618],[-131.27272,55.22172],[-131.26726,55.20823],[-131.23315,55.19568],[-131.20415,55.18985],[-131.15876,55.19704],[-131.13392,55.22349],[-131.11895,55.22267],[-131.10219,55.24415],[-131.07589,55.25144],[-131.06357,55.26014],[-131.05846,55.29378],[-131.04954,55.3044],[-131.0518,55.32605],[-131.03445,55.33808],[-131.0273,55.37139],[-131.036,55.3994],[-131.03029,55.40858],[-131.00873,55.40482],[-131.00284,55.38793],[-130.99095,55.37848],[-130.96995,55.39444],[-130.9887,55.46218],[-130.99438,55.4724],[-130.98305,55.48876],[-130.98133,55.51833],[-130.98775,55.53407],[-130.98157,55.54449],[-130.98311,55.56587],[-130.94758,55.55364],[-130.92953,55.57364],[-130.9332,55.58575],[-130.95946,55.58864],[-130.95554,55.60489],[-130.93985,55.61919],[-130.95055,55.63999],[-130.94683,55.65072],[-130.97099,55.68034],[-130.966,55.68878],[-130.97265,55.70553],[-130.99864,55.72354],[-131.05251,55.77283],[-131.04325,55.78299],[-131.04931,55.79689],[-131.07391,55.83088],[-131.15507,55.89596],[-131.16719,55.90915],[-131.20332,55.9272],[-131.23672,55.94983],[-131.25366,55.97098],[-131.28223,55.97145],[-131.33179,55.95655],[-131.34225,55.96813],[-131.31558,55.98286],[-131.3098,55.99073],[-131.22872,56.00511],[-131.17337,56.03279],[-131.15437,56.03604],[-131.12938,56.05448],[-131.10559,56.05686],[-131.10017,56.03597],[-131.15507,56.01113],[-131.1811,56.00513],[-131.21326,55.98905],[-131.17955,55.94717],[-131.14105,55.92787],[-131.10718,55.8997],[-131.09233,55.8949],[-131.06761,55.86866],[-131.0562,55.86243],[-131.00355,55.8059],[-130.98929,55.79769],[-130.95388,55.80357],[-130.94869,55.79425],[-130.96766,55.78433],[-130.89458,55.70412],[-130.9042,55.68637],[-130.88055,55.59717],[-130.87413,55.55813],[-130.82921,55.54994],[-130.82268,55.54281],[-130.86475,55.54261],[-130.87913,55.52237],[-130.872,55.50299],[-130.8998,55.46669],[-130.9203,55.44609],[-130.90385,55.40129],[-130.88281,55.40169],[-130.87592,55.38435],[-130.88364,55.36186],[-130.87663,55.34828],[-130.87758,55.33071],[-130.87186,55.31399],[-130.85052,55.30256],[-130.86083,55.29527],[-130.88376,55.29392],[-130.92507,55.30071],[-130.95281,55.2885],[-130.95673,55.27361],[-130.98751,55.24876],[-131.00866,55.24165],[-131.03124,55.22457],[-131.0926,55.19271],[-131.08852,55.16332],[-131.07521,55.1439],[-131.07272,55.12358],[-131.03493,55.10802],[-131.02756,55.09272],[-130.99416,55.0851],[-130.92514,55.09618],[-130.89826,55.10408],[-130.87581,55.11747],[-130.87223,55.12589],[-130.83623,55.13364],[-130.81614,55.14485],[-130.79974,55.12059],[-130.79546,55.10292],[-130.77336,55.09272],[-130.74127,55.10136],[-130.73355,55.13106],[-130.7181,55.13303],[-130.70621,55.12399],[-130.72,55.09388],[-130.75494,55.08449],[-130.77241,55.07565],[-130.79416,55.07313],[-130.80675,55.07837],[-130.82315,55.09462],[-130.82698,55.11631],[-130.8578,55.11529],[-130.87081,55.09864],[-130.91074,55.08415],[-130.98953,55.06796],[-130.99226,55.04393],[-131.00522,55.03801],[-131.00652,55.01457],[-131.0146,54.99958],[-130.99918,54.99513],[-130.9796,54.98028],[-130.96683,54.96125],[-130.94629,54.94756],[-130.94748,54.93269],[-130.96771,54.93269],[-130.97544,54.92138],[-130.957,54.90235],[-130.95744,54.88381],[-130.95171,54.85498],[-130.93771,54.84947],[-130.94817,54.82922],[-130.93463,54.80073],[-130.89056,54.77708],[-130.85738,54.76359],[-130.8144,54.77398],[-130.79129,54.78708],[-130.78744,54.82291],[-130.76563,54.81032],[-130.74686,54.81415],[-130.73783,54.80744],[-130.74163,54.79155],[-130.73521,54.78196],[-130.74923,54.7751],[-130.73836,54.7486],[-130.71787,54.7367],[-130.69029,54.72874],[-130.68007,54.73176],[-130.65321,54.72394],[-130.64448,54.7369],[-130.62807,54.73934],[-130.65904,54.76306],[-130.62887,54.78272],[-130.5682,54.79215],[-130.45939,54.84847],[-130.42272,54.87337],[-130.34454,54.91881],[-130.27333,54.97396],[-130.18756,55.06284],[-130.18089,55.09125],[-130.15243,55.12462],[-130.14613,55.14284],[-130.10284,55.1926],[-129.97417,55.28192],[-129.97665,55.30037],[-130.02111,55.33792],[-130.04122,55.45173],[-130.08985,55.49798],[-130.1279,55.58104],[-130.11166,55.6829],[-130.14804,55.71504],[-130.15241,55.76629],[-130.12476,55.80564],[-130.08349,55.82171],[-130.00391,55.90731],[-130.01768,55.91195],[-130.00349,56.00808],[-130.1038,56.1228],[-130.24623,56.09642],[-130.35009,56.12854],[-130.42601,56.14156],[-130.46787,56.24305],[-130.54053,56.24745],[-130.62331,56.26688],[-130.78198,56.36684],[-131.08735,56.40601],[-131.17347,56.44952],[-131.47203,56.55267],[-131.58107,56.61223],[-131.83533,56.5992],[-131.86067,56.70298],[-131.90107,56.75368],[-131.87288,56.806],[-132.12357,56.87365],[-132.04519,57.04506],[-132.36898,57.09151],[-132.24792,57.21125],[-132.36298,57.34201],[-132.55368,57.49651],[-132.65246,57.60736],[-132.65812,57.61949],[-132.75681,57.70509],[-132.86932,57.84294],[-133.07642,57.99976],[-133.17694,58.15057],[-133.17231,58.15368],[-133.26998,58.22711],[-133.34543,58.27633],[-133.4615,58.38772],[-133.3773,58.43055],[-133.5578,58.52313],[-133.70712,58.61227],[-133.84051,58.72944],[-133.97222,58.76727],[-134.25807,58.86104],[-134.33646,58.92341],[-134.31373,58.96222],[-134.40715,58.97921],[-134.38188,59.03876],[-134.44712,59.08922],[-134.48339,59.1316],[-134.56557,59.13112],[-134.67912,59.19228],[-134.70072,59.24901],[-134.9599,59.28093],[-135.03053,59.34635],[-134.98974,59.38713],[-135.10102,59.42753],[-135.07728,59.45177],[-135.02756,59.47474],[-135.0289,59.56366],[-135.11783,59.62307],[-135.15759,59.62572],[-135.21984,59.66278],[-135.23367,59.69614],[-135.25277,59.69828],[-135.36011,59.73762],[-135.47916,59.79804],[-135.95264,59.66217],[-136.1929,59.64003],[-136.35394,59.59983],[-136.23983,59.55941],[-136.2385,59.52433],[-136.30502,59.46452],[-136.36189,59.45053],[-136.37244,59.44961],[-136.47716,59.46582],[-136.47738,59.37623],[-136.46925,59.28408],[-136.49576,59.27513],[-136.4884,59.25929],[-136.58152,59.16491],[-136.82663,59.15839],[-136.8639,59.13847],[-137.26475,59.00235],[-137.44738,58.90951],[-137.52642,58.90683],[-137.5,58.9854],[-137.54179,59.10543],[-137.60736,59.2438],[-138.00875,59.45337],[-138.6262,59.76858],[-138.66865,59.80966],[-138.67946,59.84537],[-138.70738,59.90633],[-138.79852,59.92465],[-139.05367,59.99484],[-139.19885,60.0883],[-139.07213,60.31943],[-139.07482,60.35251],[-139.69298,60.33522],[-139.98109,60.18197],[-140.45821,60.30809],[-140.52042,60.21982],[-140.76941,60.26031],[-141.00198,60.30637],[-141.00241,61.7364]]],[[[-132.70736,54.672],[-132.68908,54.6648],[-132.67337,54.67613],[-132.72019,54.69344],[-132.69761,54.69852],[-132.70593,54.71006],[-132.68525,54.72914],[-132.72661,54.73422],[-132.7259,54.75589],[-132.71687,54.76933],[-132.73113,54.78098],[-132.74729,54.80332],[-132.7499,54.81989],[-132.76725,54.824],[-132.77343,54.8355],[-132.79958,54.84659],[-132.82358,54.84987],[-132.81764,54.86205],[-132.8502,54.88407],[-132.85519,54.89705],[-132.88895,54.89965],[-132.91461,54.92069],[-132.89608,54.92902],[-132.90867,54.94486],[-132.9555,54.97447],[-132.96263,54.98839],[-132.95407,55.01592],[-132.98473,55.02805],[-133.0161,55.04494],[-133.00731,55.05216],[-133.06103,55.08006],[-133.02537,55.08495],[-132.98948,55.06454],[-132.99067,55.07978],[-133.00921,55.08523],[-133.00636,55.09788],[-133.01658,55.11474],[-133.01064,55.12289],[-133.02799,55.13933],[-133.04058,55.13417],[-133.08931,55.15346],[-133.08836,55.16201],[-133.05912,55.16324],[-133.07505,55.1916],[-133.10357,55.18753],[-133.09501,55.20707],[-133.09763,55.22862],[-133.08194,55.23852],[-133.10309,55.24367],[-133.11997,55.25518],[-133.10119,55.26087],[-133.07196,55.25356],[-133.06839,55.2671],[-133.04154,55.26209],[-133.04296,55.24814],[-133.00921,55.24882],[-133.0104,55.24014],[-133.03678,55.2373],[-133.04867,55.22036],[-133.04035,55.20774],[-133.01468,55.203],[-132.98568,55.21412],[-132.93933,55.21032],[-132.93315,55.19323],[-132.95146,55.18333],[-132.94765,55.17532],[-132.91794,55.1688],[-132.89964,55.17518],[-132.89655,55.1578],[-132.91723,55.14028],[-132.91461,55.12534],[-132.87706,55.1271],[-132.88562,55.1161],[-132.87849,55.10046],[-132.86042,55.09502],[-132.86922,55.06659],[-132.88277,55.05515],[-132.89394,55.03663],[-132.87326,55.02396],[-132.83666,55.01974],[-132.81004,55.0072],[-132.78223,55.00884],[-132.7644,54.99698],[-132.74753,54.99575],[-132.73731,55.0042],[-132.69547,55.0196],[-132.68597,55.02846],[-132.68335,55.04712],[-132.6988,55.06672],[-132.69286,55.07924],[-132.72416,55.10027],[-132.70731,55.10821],[-132.68882,55.1252],[-132.71401,55.13933],[-132.74418,55.13847],[-132.76939,55.15373],[-132.77486,55.16304],[-132.81194,55.17342],[-132.83285,55.20001],[-132.81455,55.19988],[-132.79886,55.19174],[-132.80053,55.18156],[-132.77034,55.17654],[-132.72478,55.15276],[-132.68882,55.14334],[-132.65626,55.14137],[-132.63558,55.15672],[-132.63035,55.17369],[-132.66125,55.21344],[-132.67432,55.22293],[-132.65721,55.23364],[-132.64841,55.22347],[-132.61086,55.19744],[-132.59612,55.17342],[-132.58329,55.16704],[-132.59684,55.15482],[-132.62869,55.11107],[-132.62631,55.10073],[-132.63843,55.07924],[-132.6351,55.05433],[-132.62583,55.05284],[-132.60896,55.08863],[-132.58662,55.11732],[-132.57521,55.12629],[-132.55833,55.12371],[-132.56071,55.10794],[-132.52981,55.11582],[-132.53171,55.10087],[-132.54669,55.09692],[-132.56475,55.06645],[-132.55168,55.06046],[-132.56641,55.04439],[-132.58804,55.03963],[-132.59707,55.0305],[-132.59398,55.01715],[-132.57378,55.01551],[-132.57521,54.99834],[-132.60112,55.00284],[-132.61371,54.99152],[-132.61633,54.97134],[-132.59707,54.96001],[-132.57901,54.94268],[-132.56309,54.93449],[-132.53005,54.93257],[-132.54027,54.91728],[-132.52316,54.89623],[-132.50485,54.89364],[-132.46588,54.90102],[-132.42238,54.89678],[-132.40598,54.87395],[-132.35298,54.86287],[-132.34418,54.84125],[-132.32541,54.83728],[-132.36177,54.81839],[-132.40408,54.82688],[-132.40812,54.81798],[-132.44234,54.82934],[-132.45684,54.82167],[-132.46492,54.80921],[-132.4635,54.79442],[-132.50224,54.78784],[-132.48798,54.7755],[-132.45589,54.78359],[-132.42903,54.78592],[-132.3979,54.77427],[-132.37104,54.7829],[-132.36605,54.77015],[-132.37627,54.75617],[-132.36462,54.74766],[-132.32255,54.74396],[-132.31281,54.72955],[-132.32018,54.71884],[-132.29665,54.71157],[-132.2793,54.7117],[-132.26242,54.72804],[-132.24198,54.72639],[-132.232,54.71692],[-132.20086,54.7253],[-132.19801,54.70717],[-132.16378,54.70498],[-132.16687,54.69165],[-132.11863,54.69028],[-132.08987,54.70079],[-132.05576,54.70127],[-132.01464,54.69131],[-132.01809,54.71019],[-131.99705,54.73065],[-131.99788,54.74842],[-132.0106,54.75809],[-131.98897,54.78222],[-131.96948,54.78201],[-131.95558,54.78982],[-131.95237,54.80312],[-131.96164,54.83454],[-131.97423,54.85035],[-131.99432,54.85528],[-132.00703,54.86588],[-132.04126,54.87791],[-132.05124,54.89555],[-132.02284,54.9002],[-132.02474,54.88584],[-131.98446,54.86711],[-131.97186,54.87559],[-131.97792,54.89227],[-131.97317,54.90375],[-131.97887,54.91987],[-131.97198,54.92738],[-131.9671,54.96029],[-131.97578,54.96185],[-131.98255,54.98743],[-131.97721,55.0102],[-131.98945,55.01245],[-131.97994,55.03786],[-131.99182,55.03963],[-132.01571,55.0322],[-132.03556,55.03759],[-132.04875,55.0211],[-132.06657,55.02301],[-132.08262,55.00938],[-132.1147,55.00843],[-132.11874,55.00011],[-132.14382,54.98832],[-132.18625,54.99589],[-132.19445,54.98839],[-132.22653,54.9905],[-132.22998,55.00154],[-132.20502,55.00318],[-132.18767,55.01088],[-132.1393,55.02076],[-132.13312,55.02859],[-132.08606,55.04249],[-132.08975,55.05427],[-132.10436,55.05992],[-132.08737,55.0791],[-132.06669,55.08489],[-132.04887,55.08339],[-131.99313,55.10964],[-131.99646,55.11834],[-132.03425,55.12547],[-132.02034,55.13268],[-132.03199,55.14035],[-132.0213,55.15353],[-132.00917,55.15142],[-131.97542,55.17735],[-131.97649,55.19113],[-131.98968,55.2091],[-131.97899,55.21256],[-131.99313,55.2392],[-131.99242,55.25959],[-132.01975,55.27861],[-132.04696,55.27414],[-132.07691,55.24516],[-132.07073,55.23276],[-132.10246,55.19872],[-132.11732,55.1971],[-132.13039,55.20625],[-132.18827,55.22422],[-132.20253,55.21703],[-132.22891,55.21968],[-132.23283,55.21188],[-132.26444,55.2034],[-132.26872,55.21113],[-132.25541,55.22747],[-132.24032,55.22849],[-132.21263,55.24374],[-132.15784,55.23642],[-132.13312,55.24096],[-132.14049,55.25098],[-132.11494,55.25281],[-132.09426,55.2667],[-132.09474,55.2826],[-132.11173,55.28403],[-132.13253,55.30263],[-132.14501,55.32022],[-132.15166,55.34665],[-132.17424,55.3584],[-132.16307,55.37029],[-132.20051,55.368],[-132.2301,55.38224],[-132.23319,55.39426],[-132.25826,55.40782],[-132.26361,55.4176],[-132.29962,55.41956],[-132.32814,55.41342],[-132.35143,55.41416],[-132.36177,55.40803],[-132.36118,55.39169],[-132.37888,55.39244],[-132.41608,55.42145],[-132.39528,55.43487],[-132.36439,55.42927],[-132.30128,55.43757],[-132.2806,55.44431],[-132.29463,55.4588],[-132.31519,55.46816],[-132.32374,55.48035],[-132.34502,55.47449],[-132.37425,55.48096],[-132.39683,55.47544],[-132.40812,55.49187],[-132.40705,55.50641],[-132.41477,55.51583],[-132.4837,55.50439],[-132.51555,55.51421],[-132.55964,55.50627],[-132.56641,55.47571],[-132.60207,55.47591],[-132.6269,55.46863],[-132.65626,55.44707],[-132.66873,55.45826],[-132.65127,55.46345],[-132.642,55.47658],[-132.6174,55.47975],[-132.613,55.49348],[-132.59874,55.49416],[-132.55667,55.53117],[-132.53492,55.56075],[-132.58316,55.5714],[-132.55788,55.59598],[-132.51464,55.60326],[-132.49833,55.60095],[-132.50035,55.58529],[-132.47419,55.57064],[-132.46261,55.55595],[-132.43005,55.5473],[-132.42212,55.53904],[-132.30293,55.51005],[-132.23285,55.48595],[-132.21493,55.46918],[-132.18585,55.45953],[-132.17847,55.45098],[-132.14735,55.45648],[-132.14356,55.47176],[-132.15937,55.47473],[-132.16759,55.49294],[-132.19837,55.51428],[-132.27621,55.54132],[-132.29736,55.53823],[-132.30342,55.55927],[-132.32778,55.57526],[-132.32659,55.59246],[-132.34133,55.59931],[-132.35512,55.64333],[-132.38958,55.67035],[-132.4181,55.66766],[-132.41572,55.65037],[-132.44163,55.64272],[-132.44139,55.67068],[-132.45566,55.68006],[-132.45791,55.7017],[-132.44686,55.70384],[-132.44413,55.71944],[-132.45138,55.72801],[-132.48025,55.7448],[-132.49321,55.75945],[-132.49036,55.76874],[-132.4698,55.78365],[-132.47966,55.78933],[-132.53183,55.83981],[-132.56012,55.85628],[-132.58175,55.87982],[-132.61466,55.89708],[-132.6168,55.90874],[-132.71615,55.95933],[-132.73374,55.98401],[-132.77189,55.99192],[-132.80754,56.01172],[-132.83486,56.01307],[-132.84117,56.03384],[-132.88111,56.02284],[-132.92686,56.02374],[-132.92452,56.04763],[-132.93156,56.05996],[-132.96721,56.06124],[-132.96932,56.0485],[-133.01257,56.05592],[-133.06639,56.04279],[-133.09573,56.04937],[-133.09264,56.06145],[-133.11557,56.07757],[-133.12235,56.09381],[-133.13637,56.10501],[-133.12318,56.11648],[-133.10939,56.09626],[-133.07505,56.11833],[-133.07695,56.13145],[-133.05984,56.13767],[-133.06697,56.14966],[-133.04676,56.15091],[-133.03856,56.17573],[-133.04249,56.18691],[-133.05817,56.1918],[-133.04724,56.20754],[-133.07029,56.22531],[-133.07386,56.24612],[-133.11427,56.24942],[-133.11748,56.27529],[-133.13055,56.28261],[-133.15104,56.30728],[-133.17538,56.32863],[-133.20233,56.33627],[-133.23251,56.32336],[-133.25378,56.33463],[-133.27351,56.33601],[-133.28575,56.32619],[-133.3094,56.32343],[-133.32081,56.33397],[-133.34386,56.337],[-133.40423,56.33687],[-133.42182,56.32843],[-133.45177,56.33489],[-133.46532,56.33265],[-133.48338,56.34042],[-133.57822,56.35333],[-133.59129,56.35175],[-133.6248,56.35873],[-133.63906,56.34596],[-133.61268,56.33041],[-133.63074,56.32211],[-133.64952,56.32883],[-133.66473,56.3109],[-133.64738,56.29534],[-133.65689,56.28123],[-133.64691,56.26222],[-133.62789,56.24651],[-133.63241,56.21877],[-133.64857,56.22392],[-133.66402,56.21652],[-133.64904,56.19788],[-133.61007,56.20344],[-133.58606,56.17831],[-133.55136,56.17183],[-133.55041,56.15833],[-133.53543,56.15608],[-133.54185,56.14324],[-133.55801,56.14284],[-133.58154,56.1292],[-133.61078,56.1386],[-133.62575,56.1488],[-133.64168,56.11555],[-133.62599,56.10574],[-133.58202,56.09779],[-133.5188,56.09434],[-133.50549,56.08838],[-133.5043,56.07631],[-133.54684,56.07803],[-133.55896,56.08466],[-133.57822,56.07365],[-133.59961,56.08267],[-133.66045,56.08426],[-133.70205,56.06622],[-133.7011,56.04964],[-133.74245,56.02361],[-133.77739,55.99079],[-133.78928,55.96991],[-133.809,55.96525],[-133.81661,55.95421],[-133.81435,55.94164],[-133.8002,55.91944],[-133.76648,55.92746],[-133.75432,55.91288],[-133.73295,55.92283],[-133.71379,55.89389],[-133.70015,55.89948],[-133.69808,55.91074],[-133.67234,55.91374],[-133.65998,55.922],[-133.63835,55.92],[-133.61957,55.93158],[-133.60294,55.94995],[-133.59367,55.96725],[-133.57204,55.9747],[-133.53876,55.98068],[-133.49764,56.01385],[-133.47887,56.00933],[-133.46508,55.99338],[-133.48457,55.97636],[-133.50573,55.95162],[-133.46841,55.93298],[-133.42515,55.92992],[-133.43799,55.917],[-133.46247,55.90821],[-133.40709,55.89622],[-133.42301,55.89089],[-133.39592,55.87796],[-133.35313,55.88409],[-133.33222,55.85702],[-133.33745,55.84434],[-133.36335,55.84528],[-133.34386,55.83033],[-133.33032,55.82806],[-133.322,55.81404],[-133.33079,55.80643],[-133.37072,55.8087],[-133.37833,55.7948],[-133.40756,55.79427],[-133.44036,55.78866],[-133.48719,55.78959],[-133.49788,55.79654],[-133.48885,55.8127],[-133.54233,55.82766],[-133.55326,55.83634],[-133.58178,55.83727],[-133.61173,55.81511],[-133.62884,55.83367],[-133.65641,55.82325],[-133.66901,55.80208],[-133.65522,55.79654],[-133.70205,55.78371],[-133.68612,55.77436],[-133.67361,55.75608],[-133.65538,55.75035],[-133.64358,55.72874],[-133.60246,55.71603],[-133.58249,55.70451],[-133.52973,55.69299],[-133.49455,55.70545],[-133.48742,55.73196],[-133.49836,55.73383],[-133.51642,55.76179],[-133.49265,55.76032],[-133.46342,55.74868],[-133.4513,55.75055],[-133.42349,55.73972],[-133.39283,55.74707],[-133.36692,55.75844],[-133.34149,55.75069],[-133.34467,55.74061],[-133.32679,55.73438],[-133.33567,55.72207],[-133.32593,55.71318],[-133.34549,55.70664],[-133.35766,55.71367],[-133.37666,55.73477],[-133.38974,55.72901],[-133.3937,55.71602],[-133.39059,55.69426],[-133.36571,55.68204],[-133.40325,55.65693],[-133.43613,55.64387],[-133.41786,55.63452],[-133.40028,55.63426],[-133.36003,55.60797],[-133.33673,55.59897],[-133.3032,55.59244],[-133.27199,55.57659],[-133.24666,55.58296],[-133.22041,55.57854],[-133.19793,55.58782],[-133.1737,55.5899],[-133.17625,55.60178],[-133.12953,55.59679],[-133.15803,55.56348],[-133.15582,55.53463],[-133.13585,55.53745],[-133.13933,55.54739],[-133.12562,55.56143],[-133.10729,55.56503],[-133.09705,55.57897],[-133.08225,55.56257],[-133.09817,55.56093],[-133.11056,55.55047],[-133.10539,55.53799],[-133.13086,55.51457],[-133.1374,55.4897],[-133.15449,55.4773],[-133.13999,55.47149],[-133.14207,55.45772],[-133.11864,55.45964],[-133.07253,55.44921],[-133.03882,55.45699],[-133.01317,55.44933],[-133.08138,55.43058],[-133.08036,55.42428],[-133.03818,55.41743],[-133.05344,55.40743],[-133.10642,55.39703],[-133.1252,55.40013],[-133.14707,55.38731],[-133.15895,55.36502],[-133.19056,55.38231],[-133.22574,55.38272],[-133.26733,55.35705],[-133.23311,55.35422],[-133.27922,55.34178],[-133.27304,55.32962],[-133.23738,55.30974],[-133.24261,55.28958],[-133.293,55.29269],[-133.30584,55.27834],[-133.32033,55.282],[-133.31415,55.29621],[-133.29775,55.30243],[-133.32865,55.34435],[-133.35456,55.34651],[-133.38617,55.33719],[-133.38665,55.32326],[-133.41992,55.32813],[-133.43941,55.32745],[-133.46365,55.3192],[-133.45367,55.28795],[-133.42848,55.28294],[-133.42254,55.2713],[-133.46365,55.27387],[-133.46746,55.2476],[-133.46033,55.22524],[-133.44084,55.21073],[-133.41636,55.20802],[-133.38427,55.22808],[-133.35694,55.22347],[-133.34101,55.20463],[-133.30869,55.21398],[-133.28825,55.21317],[-133.25616,55.22008],[-133.2381,55.24895],[-133.23287,55.2671],[-133.20649,55.2732],[-133.17606,55.26426],[-133.12401,55.27035],[-133.15158,55.25302],[-133.21552,55.24448],[-133.22384,55.23798],[-133.2236,55.21602],[-133.23715,55.19554],[-133.23762,55.18007],[-133.20553,55.17247],[-133.20054,55.16201],[-133.22811,55.1593],[-133.21884,55.14531],[-133.20126,55.13648],[-133.22835,55.1214],[-133.187,55.11161],[-133.14849,55.10984],[-133.16418,55.09964],[-133.2072,55.10671],[-133.2381,55.10209],[-133.23929,55.08727],[-133.23097,55.07978],[-133.19722,55.06359],[-133.17321,55.05964],[-133.17749,55.05107],[-133.21266,55.05992],[-133.21266,55.04508],[-133.19722,55.03118],[-133.16679,55.02492],[-133.16774,55.01156],[-133.15301,54.99439],[-133.16798,54.98539],[-133.15372,54.95906],[-133.16679,54.95483],[-133.1473,54.93763],[-133.13019,54.93339],[-133.11712,54.92042],[-133.07576,54.9181],[-133.0741,54.90553],[-133.05817,54.89077],[-133.0432,54.8842],[-133.0325,54.86684],[-133.03179,54.85302],[-133.00208,54.82304],[-132.9757,54.81003],[-132.97142,54.79907],[-132.94219,54.78277],[-132.90439,54.77646],[-132.87183,54.74958],[-132.88348,54.73353],[-132.86042,54.71184],[-132.87492,54.70484],[-132.8502,54.69275],[-132.78888,54.68478],[-132.76107,54.69371],[-132.75418,54.6819],[-132.7278,54.66444],[-132.70736,54.672]]],[[[-179.07444,51.28227],[-179.09479,51.30088],[-179.11304,51.30066],[-179.14671,51.27709],[-179.13656,51.26338],[-179.14042,51.23117],[-179.11894,51.22244],[-179.09834,51.22611],[-179.07449,51.25864],[-179.07444,51.28227]]],[[[-178.99071,51.31198],[-178.96842,51.31995],[-178.95465,51.33279],[-178.96091,51.34712],[-178.91435,51.34052],[-178.90852,51.34218],[-178.92204,51.37808],[-178.92808,51.38383],[-178.95478,51.38956],[-178.95799,51.40005],[-178.97693,51.39876],[-178.99042,51.38312],[-178.98952,51.373],[-178.97241,51.36515],[-178.9896,51.3418],[-178.98606,51.33235],[-178.99071,51.31198]]],[[[-178.31049,51.48081],[-178.28827,51.472],[-178.28185,51.48377],[-178.31049,51.48081]]],[[[-178.82352,51.57348],[-178.86155,51.57585],[-178.83327,51.56211],[-178.83232,51.54881],[-178.8202,51.54053],[-178.78716,51.54363],[-178.73368,51.54319],[-178.74129,51.5562],[-178.76173,51.5624],[-178.78526,51.56004],[-178.81806,51.56787],[-178.82352,51.57348]]],[[[-179.05574,51.57175],[-179.03387,51.56835],[-179.041,51.58511],[-179.05883,51.58659],[-179.05574,51.57175]]],[[[-178.64313,51.61483],[-178.68591,51.60833],[-178.68662,51.60257],[-178.67117,51.58973],[-178.63077,51.59047],[-178.59369,51.5819],[-178.57325,51.58589],[-178.56731,51.59844],[-178.58276,51.60759],[-178.60605,51.60317],[-178.64313,51.61483]]],[[[-177.89905,51.84596],[-177.92431,51.85752],[-177.90433,51.87657],[-177.95188,51.90242],[-177.95216,51.91471],[-177.977,51.91722],[-178.00234,51.90997],[-178.01404,51.91382],[-178.05249,51.91248],[-178.07769,51.91688],[-178.12665,51.91879],[-178.1951,51.90809],[-178.22695,51.87772],[-178.22529,51.86481],[-178.2096,51.85409],[-178.17686,51.84666],[-178.14495,51.8306],[-178.1276,51.82986],[-178.11809,51.82149],[-178.09884,51.81826],[-178.09114,51.80175],[-178.06937,51.79474],[-178.05843,51.78034],[-178.03728,51.78034],[-178.03015,51.79092],[-178.01494,51.79048],[-177.99331,51.77931],[-177.95908,51.7724],[-177.95219,51.76063],[-177.95013,51.73483],[-177.95957,51.72125],[-177.99182,51.71468],[-178.01304,51.71868],[-178.01977,51.71104],[-178.04535,51.70356],[-178.07365,51.70808],[-178.08015,51.70283],[-178.11072,51.70911],[-178.10676,51.69061],[-178.12047,51.6767],[-178.11286,51.66977],[-178.08458,51.65989],[-178.04298,51.67154],[-178.03372,51.65208],[-178.01018,51.6478],[-177.96479,51.64736],[-177.95457,51.64116],[-177.95956,51.6242],[-177.95362,51.61165],[-177.93508,51.60737],[-177.93484,51.5966],[-177.90038,51.60162],[-177.9144,51.63216],[-177.92795,51.64706],[-177.91868,51.67227],[-177.88421,51.68421],[-177.86615,51.67714],[-177.82931,51.69394],[-177.82884,51.7122],[-177.84024,51.73178],[-177.79936,51.77284],[-177.81814,51.78931],[-177.78597,51.79417],[-177.71331,51.81559],[-177.67847,51.81406],[-177.65105,51.81679],[-177.64844,51.82369],[-177.62182,51.83265],[-177.63389,51.84901],[-177.69171,51.84398],[-177.69722,51.83896],[-177.73491,51.82585],[-177.75969,51.82818],[-177.76945,51.83882],[-177.78621,51.84376],[-177.81447,51.83803],[-177.82524,51.82963],[-177.84408,51.82628],[-177.86116,51.82942],[-177.86092,51.845],[-177.89905,51.84596]]],[[[-178.85609,51.77192],[-178.83719,51.76419],[-178.81319,51.74639],[-178.77028,51.74772],[-178.7521,51.75537],[-178.75103,51.76515],[-178.73368,51.78192],[-178.74747,51.80955],[-178.79512,51.83453],[-178.82055,51.83761],[-178.83565,51.83445],[-178.85953,51.81925],[-178.87059,51.78537],[-178.85609,51.77192]]],[[[-176.90783,51.78471],[-176.90402,51.77111],[-176.8673,51.75574],[-176.87538,51.74235],[-176.86445,51.72137],[-176.88192,51.71504],[-176.9007,51.69663],[-176.93635,51.68948],[-176.95358,51.67975],[-176.96939,51.6774],[-176.98436,51.65632],[-176.97319,51.63552],[-176.99196,51.62925],[-176.98412,51.60401],[-176.94146,51.5911],[-176.91793,51.60977],[-176.90474,51.63891],[-176.89059,51.64548],[-176.88703,51.65831],[-176.86802,51.66575],[-176.86611,51.68359],[-176.8427,51.7037],[-176.83926,51.71754],[-176.82868,51.72019],[-176.82369,51.69552],[-176.83652,51.68101],[-176.81311,51.64739],[-176.82179,51.62475],[-176.80836,51.60933],[-176.78079,51.62777],[-176.7588,51.63818],[-176.72588,51.62423],[-176.71911,51.64931],[-176.73301,51.65558],[-176.72576,51.67975],[-176.70307,51.683],[-176.68583,51.67585],[-176.66171,51.6897],[-176.64246,51.68653],[-176.60871,51.69361],[-176.61536,51.67688],[-176.63818,51.67356],[-176.65636,51.65521],[-176.63164,51.6572],[-176.63378,51.66885],[-176.6074,51.67076],[-176.59052,51.69014],[-176.57056,51.69361],[-176.54786,51.70745],[-176.53182,51.69913],[-176.51863,51.70996],[-176.53419,51.71379],[-176.47466,51.74617],[-176.45766,51.7341],[-176.42855,51.73837],[-176.4207,51.76177],[-176.43389,51.76942],[-176.42831,51.78574],[-176.40323,51.78824],[-176.3999,51.73557],[-176.36461,51.73381],[-176.34809,51.72608],[-176.31862,51.73499],[-176.29628,51.76912],[-176.26645,51.78324],[-176.28142,51.7875],[-176.26918,51.79963],[-176.26966,51.81286],[-176.28285,51.82513],[-176.30638,51.81646],[-176.31386,51.83357],[-176.29033,51.83717],[-176.28071,51.86081],[-176.29176,51.87321],[-176.30852,51.87409],[-176.34155,51.86308],[-176.36306,51.87167],[-176.38398,51.86595],[-176.39979,51.86785],[-176.4541,51.83937],[-176.46218,51.85083],[-176.49557,51.85119],[-176.51827,51.83879],[-176.54287,51.83578],[-176.56129,51.84444],[-176.58137,51.83783],[-176.59647,51.83989],[-176.59872,51.85406],[-176.63949,51.85362],[-176.62499,51.86925],[-176.62677,51.88495],[-176.61916,51.90116],[-176.57971,51.91355],[-176.54905,51.91707],[-176.54441,51.92806],[-176.56058,51.93773],[-176.56545,51.94894],[-176.55297,51.97091],[-176.55677,51.99294],[-176.59005,52.00128],[-176.62915,51.97669],[-176.62748,51.96388],[-176.65648,51.95231],[-176.66729,51.9526],[-176.72125,51.96864],[-176.77116,51.96513],[-176.79053,51.95641],[-176.80883,51.92975],[-176.7979,51.90754],[-176.76284,51.88231],[-176.76189,51.86529],[-176.78744,51.84238],[-176.79707,51.82931],[-176.7859,51.81852],[-176.82523,51.80507],[-176.84769,51.8061],[-176.86647,51.82608],[-176.88109,51.8169],[-176.89594,51.81624],[-176.91412,51.80529],[-176.92232,51.79022],[-176.90783,51.78471]]],[[[-177.39437,51.76313],[-177.41206,51.75441],[-177.44641,51.7586],[-177.48293,51.73951],[-177.51204,51.74254],[-177.51559,51.72498],[-177.5552,51.72113],[-177.57995,51.72812],[-177.5975,51.72646],[-177.63998,51.73606],[-177.67433,51.71725],[-177.69138,51.71562],[-177.70526,51.70724],[-177.68991,51.70476],[-177.69158,51.68841],[-177.67488,51.68667],[-177.67185,51.65879],[-177.63588,51.65954],[-177.6419,51.68753],[-177.63152,51.69684],[-177.60805,51.70518],[-177.5888,51.69817],[-177.57772,51.7019],[-177.54039,51.69876],[-177.52147,51.70238],[-177.50575,51.69848],[-177.4735,51.70966],[-177.44472,51.72542],[-177.42157,51.72807],[-177.37617,51.7284],[-177.36453,51.73296],[-177.31635,51.70081],[-177.29869,51.69261],[-177.29925,51.68495],[-177.27754,51.67861],[-177.24427,51.68932],[-177.25329,51.70915],[-177.20528,51.70325],[-177.17545,51.70841],[-177.14646,51.70583],[-177.12281,51.72936],[-177.12768,51.76022],[-177.11532,51.78454],[-177.13596,51.80573],[-177.13267,51.83086],[-177.12038,51.83969],[-177.06767,51.85934],[-177.07473,51.88415],[-177.04942,51.89476],[-177.05477,51.90894],[-177.08895,51.92996],[-177.11425,51.93297],[-177.13111,51.94085],[-177.18127,51.94317],[-177.19751,51.93134],[-177.19912,51.88314],[-177.20481,51.86308],[-177.20214,51.84196],[-177.21216,51.836],[-177.20822,51.81725],[-177.24189,51.79662],[-177.26221,51.79353],[-177.28788,51.78199],[-177.31774,51.77699],[-177.34475,51.77795],[-177.35089,51.77258],[-177.39437,51.76313]]],[[[-176.02853,51.844],[-176.06799,51.8531],[-176.11231,51.8523],[-176.11089,51.83835],[-176.14178,51.83996],[-176.13394,51.85575],[-176.15842,51.86624],[-176.17149,51.88018],[-176.20715,51.8815],[-176.21844,51.87571],[-176.21808,51.86345],[-176.20275,51.8484],[-176.23496,51.82902],[-176.21725,51.81279],[-176.1936,51.8097],[-176.16817,51.80037],[-176.18647,51.78853],[-176.17138,51.77412],[-176.13537,51.79272],[-176.1324,51.80242],[-176.10922,51.7989],[-176.10578,51.81095],[-176.11219,51.8288],[-176.07832,51.82094],[-176.02627,51.82601],[-176.02853,51.844]]],[[[-175.99668,51.85868],[-175.96352,51.8462],[-175.95699,51.85986],[-175.96448,51.8727],[-175.95057,51.88473],[-175.97018,51.89001],[-175.9968,51.88972],[-175.98979,51.91186],[-176.02556,51.91003],[-176.06585,51.90321],[-176.09104,51.88898],[-176.11623,51.88796],[-176.08201,51.87615],[-176.06418,51.87446],[-176.058,51.86286],[-176.0271,51.86617],[-175.99668,51.85868]]],[[[-177.46681,51.904],[-177.45253,51.88973],[-177.42017,51.9021],[-177.42683,51.91638],[-177.44206,51.92114],[-177.4649,51.91352],[-177.46681,51.904]]],[[[-175.81961,51.92143],[-175.79667,51.92011],[-175.77992,51.92531],[-175.79822,51.9593],[-175.86025,51.95323],[-175.87653,51.94378],[-175.83815,51.93865],[-175.81961,51.92143]]],[[[-176.05515,51.93389],[-176.02592,51.93345],[-176.0321,51.9552],[-176.05028,51.94773],[-176.05515,51.93389]]],[[[-175.74236,51.96663],[-175.7451,51.95205],[-175.73892,51.93916],[-175.72276,51.93176],[-175.71147,51.93938],[-175.71087,51.95125],[-175.65169,51.96128],[-175.67047,51.97278],[-175.68413,51.96553],[-175.71194,51.97366],[-175.7325,51.97505],[-175.74236,51.96663]]],[[[-176.01879,51.9615],[-176.01047,51.94803],[-175.99395,51.96011],[-176.01879,51.9615]]],[[[-175.9123,51.99532],[-175.94487,51.99086],[-175.96043,51.98456],[-175.94463,51.97241],[-175.93381,51.97336],[-175.88022,51.96443],[-175.8782,51.98237],[-175.84956,51.97644],[-175.82864,51.98434],[-175.83494,51.99078],[-175.9123,51.99532]]],[[[-175.43207,51.97768],[-175.45168,51.99027],[-175.4657,51.98215],[-175.49767,51.97819],[-175.43207,51.97768]]],[[[-175.98147,52.02831],[-176.01249,52.05075],[-176.00239,52.0688],[-176.03174,52.07924],[-176.05325,52.10531],[-176.07535,52.10414],[-176.09187,52.11049],[-176.14357,52.11443],[-176.16425,52.10159],[-176.18255,52.10071],[-176.1829,52.08669],[-176.20857,52.0745],[-176.21249,52.06164],[-176.1999,52.04856],[-176.20013,52.03606],[-176.17839,52.01617],[-176.18124,52.00066],[-176.15082,51.99612],[-176.13513,52.00059],[-176.11885,51.99269],[-176.10304,51.99788],[-176.08569,51.98822],[-176.0845,51.97087],[-176.06656,51.96714],[-176.03364,51.97314],[-176.02294,51.98237],[-176.04683,52.00659],[-176.05028,52.01829],[-176.02188,52.02509],[-175.98147,52.02831]]],[[[-173.77164,52.13165],[-173.78971,52.11224],[-173.81704,52.10567],[-173.83296,52.11618],[-173.89928,52.11166],[-173.88502,52.12888],[-173.8862,52.13865],[-173.94491,52.12698],[-173.97581,52.12611],[-174.02311,52.13005],[-174.03642,52.13588],[-174.05377,52.13063],[-174.01574,52.10115],[-174.00243,52.09823],[-173.98437,52.10699],[-173.94776,52.07428],[-173.93588,52.05557],[-173.90427,52.05733],[-173.88953,52.04695],[-173.87598,52.05411],[-173.83605,52.04081],[-173.78305,52.05207],[-173.7493,52.0487],[-173.73266,52.05484],[-173.70058,52.05937],[-173.67301,52.05148],[-173.65684,52.05893],[-173.61739,52.04797],[-173.5979,52.05397],[-173.57223,52.04476],[-173.56557,52.03408],[-173.54799,52.02502],[-173.53586,52.03131],[-173.51352,52.03058],[-173.49261,52.03482],[-173.47763,52.04534],[-173.37448,52.03949],[-173.34524,52.05221],[-173.32171,52.05543],[-173.29676,52.0528],[-173.2756,52.05879],[-173.24114,52.05762],[-173.2169,52.06566],[-173.20121,52.05893],[-173.15106,52.05996],[-173.09877,52.07778],[-173.02271,52.07603],[-172.99847,52.08669],[-172.95925,52.08742],[-172.96234,52.09458],[-172.99942,52.09443],[-173.02818,52.0991],[-173.0731,52.09648],[-173.10994,52.10188],[-173.12206,52.10903],[-173.13609,52.09867],[-173.1387,52.08844],[-173.1589,52.08625],[-173.15415,52.10305],[-173.16865,52.10991],[-173.18695,52.10976],[-173.21476,52.0975],[-173.23282,52.09487],[-173.2497,52.10567],[-173.27347,52.10932],[-173.30127,52.10188],[-173.35451,52.09837],[-173.38898,52.10407],[-173.40918,52.10129],[-173.42701,52.10524],[-173.4541,52.10465],[-173.45814,52.11297],[-173.47716,52.11823],[-173.49546,52.10378],[-173.51495,52.10348],[-173.51804,52.11706],[-173.54418,52.12056],[-173.51519,52.14259],[-173.51376,52.15251],[-173.52992,52.15936],[-173.56106,52.14128],[-173.58411,52.14376],[-173.59505,52.15251],[-173.62761,52.15178],[-173.64021,52.14522],[-173.70913,52.13369],[-173.71484,52.12786],[-173.73884,52.13253],[-173.77164,52.13165]]],[[[-175.49114,52.17358],[-175.51063,52.18516],[-175.52964,52.17853],[-175.51847,52.16301],[-175.50516,52.16038],[-175.49114,52.17358]]],[[[-175.03158,52.0791],[-175.05036,52.05747],[-175.09385,52.03628],[-175.12856,52.05893],[-175.1585,52.0582],[-175.16445,52.0525],[-175.18821,52.05426],[-175.21674,52.03321],[-175.24502,52.03365],[-175.25667,52.04227],[-175.29992,52.01975],[-175.32393,52.02692],[-175.34199,52.02356],[-175.30824,52.00776],[-175.29921,52.01551],[-175.27235,52.018],[-175.21174,52.006],[-175.17871,52.01346],[-175.17181,52.00907],[-175.11002,52.00629],[-175.0929,52.00044],[-175.08387,52.01098],[-175.038,52.01054],[-175.02517,52.00644],[-175.00187,52.02721],[-174.97276,52.02231],[-174.96765,52.03811],[-174.92546,52.03416],[-174.89385,52.04658],[-174.82718,52.03043],[-174.79129,52.03204],[-174.73579,52.00761],[-174.71345,52.00885],[-174.6936,52.02494],[-174.70905,52.03423],[-174.68861,52.03949],[-174.65973,52.03482],[-174.64785,52.02443],[-174.62527,52.03028],[-174.59817,52.04819],[-174.57429,52.05053],[-174.56264,52.03847],[-174.53852,52.04578],[-174.54363,52.06091],[-174.52081,52.06368],[-174.53792,52.08582],[-174.51736,52.08319],[-174.50607,52.07114],[-174.48896,52.07369],[-174.45866,52.06332],[-174.43501,52.03832],[-174.41504,52.02838],[-174.40815,52.05682],[-174.39674,52.06208],[-174.39579,52.08954],[-174.37297,52.09195],[-174.37178,52.10816],[-174.34338,52.1102],[-174.32995,52.12173],[-174.30975,52.12144],[-174.30214,52.111],[-174.28289,52.11458],[-174.2722,52.09611],[-174.25092,52.09786],[-174.21812,52.09341],[-174.22003,52.101],[-174.18675,52.11567],[-174.16869,52.11691],[-174.14492,52.12545],[-174.11022,52.11414],[-174.09952,52.0991],[-174.08086,52.1202],[-174.08883,52.13887],[-174.15157,52.17023],[-174.15942,52.19245],[-174.17796,52.19988],[-174.18889,52.195],[-174.20755,52.21379],[-174.18925,52.23112],[-174.17415,52.23447],[-174.15811,52.2242],[-174.13993,52.22966],[-174.10309,52.22879],[-174.09001,52.22311],[-174.06256,52.2242],[-174.04177,52.24203],[-174.03951,52.26386],[-174.01919,52.27062],[-174.00683,52.28516],[-173.99506,52.28953],[-173.98888,52.31126],[-173.9972,52.32869],[-174.01253,52.34089],[-174.01039,52.36092],[-174.03297,52.36267],[-174.05852,52.3721],[-174.06256,52.38617],[-174.0748,52.39241],[-174.11877,52.40046],[-174.13933,52.40771],[-174.15395,52.42032],[-174.1675,52.41336],[-174.18532,52.41641],[-174.20778,52.41083],[-174.22062,52.40082],[-174.24213,52.40147],[-174.27374,52.39538],[-174.27445,52.38189],[-174.28729,52.3779],[-174.317,52.38044],[-174.33221,52.37384],[-174.32116,52.33973],[-174.32674,52.32985],[-174.3454,52.3183],[-174.36477,52.31336],[-174.37618,52.32172],[-174.40934,52.32114],[-174.44024,52.32695],[-174.45984,52.31823],[-174.44796,52.30261],[-174.41884,52.29134],[-174.39211,52.29505],[-174.37452,52.2928],[-174.3782,52.28247],[-174.35431,52.27949],[-174.31724,52.28618],[-174.29382,52.27615],[-174.26435,52.27339],[-174.24154,52.27622],[-174.23048,52.26851],[-174.22846,52.25302],[-174.23809,52.24116],[-174.26281,52.23789],[-174.26994,52.22449],[-174.28562,52.21517],[-174.29561,52.225],[-174.31331,52.20534],[-174.3309,52.21102],[-174.34065,52.19726],[-174.35265,52.19864],[-174.36038,52.21226],[-174.39531,52.21896],[-174.43287,52.21408],[-174.46068,52.21758],[-174.45557,52.20112],[-174.41587,52.18436],[-174.4129,52.1684],[-174.43667,52.17671],[-174.48539,52.18312],[-174.51142,52.1719],[-174.55349,52.18014],[-174.56478,52.17504],[-174.54458,52.14835],[-174.50797,52.14806],[-174.51344,52.13683],[-174.5643,52.13457],[-174.59259,52.14332],[-174.60352,52.13997],[-174.59877,52.1229],[-174.61445,52.12261],[-174.63014,52.11414],[-174.67483,52.10699],[-174.69669,52.10859],[-174.72046,52.12144],[-174.74732,52.11867],[-174.73829,52.10465],[-174.74756,52.09575],[-174.78154,52.0918],[-174.81363,52.09662],[-174.84025,52.0918],[-174.86069,52.10261],[-174.88303,52.10086],[-174.88398,52.08713],[-174.89872,52.08333],[-174.90157,52.11502],[-174.92677,52.10962],[-174.92629,52.09531],[-174.94483,52.0845],[-174.96218,52.08202],[-174.9667,52.07209],[-174.98975,52.06054],[-175.00686,52.07881],[-175.03158,52.0791]]],[[[-172.40582,52.3779],[-172.40712,52.39139],[-172.42721,52.38632],[-172.43553,52.39147],[-172.47593,52.38443],[-172.49114,52.37079],[-172.57172,52.34888],[-172.57207,52.34009],[-172.58752,52.33138],[-172.59774,52.31213],[-172.61937,52.3005],[-172.63221,52.27113],[-172.61854,52.25629],[-172.57588,52.2536],[-172.55235,52.25586],[-172.53511,52.24691],[-172.51467,52.26393],[-172.47474,52.26575],[-172.44384,52.28327],[-172.41093,52.276],[-172.39203,52.29272],[-172.34057,52.31184],[-172.31621,52.317],[-172.30243,52.33414],[-172.30551,52.35432],[-172.32548,52.36579],[-172.37777,52.36702],[-172.40582,52.3779]]],[[[-171.29371,52.51545],[-171.31106,52.49968],[-171.31487,52.48261],[-171.30631,52.45799],[-171.28302,52.4593],[-171.26971,52.45162],[-171.2419,52.45249],[-171.21266,52.47189],[-171.19555,52.49433],[-171.25069,52.5302],[-171.29371,52.51545]]],[[[-171.11997,52.58194],[-171.13946,52.58641],[-171.1599,52.57876],[-171.16822,52.56215],[-171.17772,52.56244],[-171.14112,52.55723],[-171.12116,52.55796],[-171.11997,52.58194]]],[[[-170.62868,52.69703],[-170.64199,52.69401],[-170.6641,52.70063],[-170.67456,52.69732],[-170.69286,52.67974],[-170.72613,52.68219],[-170.74301,52.67225],[-170.75347,52.64904],[-170.77486,52.64053],[-170.81978,52.6352],[-170.82548,52.62539],[-170.82049,52.61197],[-170.84236,52.56157],[-170.8193,52.55796],[-170.79482,52.54336],[-170.77391,52.5529],[-170.7663,52.56272],[-170.74396,52.57211],[-170.73588,52.58425],[-170.70641,52.59739],[-170.68359,52.60157],[-170.6603,52.59638],[-170.60848,52.60172],[-170.57782,52.63476],[-170.56404,52.6414],[-170.56713,52.66014],[-170.56285,52.67456],[-170.59897,52.69055],[-170.62868,52.69703]]],[[[-170.18375,52.72439],[-170.13312,52.72065],[-170.12314,52.71705],[-170.07774,52.72079],[-170.05659,52.74181],[-170.05207,52.76914],[-170.09818,52.77719],[-170.11292,52.7884],[-170.17115,52.78251],[-170.16521,52.77388],[-170.17995,52.75202],[-170.17472,52.73216],[-170.18375,52.72439]]],[[[-169.25941,52.76324],[-169.23909,52.76497],[-169.19809,52.77611],[-169.15364,52.79854],[-169.17301,52.80076],[-169.20748,52.78855],[-169.25941,52.76324]]],[[[-169.70363,52.88396],[-169.74594,52.8907],[-169.78801,52.89141],[-169.78635,52.88281],[-169.82152,52.87879],[-169.85218,52.8818],[-169.87001,52.87478],[-169.86645,52.85411],[-169.88879,52.84995],[-169.94749,52.86172],[-169.9879,52.85727],[-170.00073,52.84852],[-170.01095,52.83158],[-170.0005,52.82511],[-169.99883,52.80974],[-169.97507,52.79494],[-169.94987,52.78718],[-169.92301,52.78891],[-169.87857,52.8142],[-169.87215,52.82454],[-169.85765,52.82741],[-169.83317,52.81506],[-169.81796,52.81635],[-169.80085,52.80673],[-169.78159,52.81017],[-169.74879,52.79595],[-169.73715,52.77439],[-169.70031,52.7787],[-169.7129,52.79997],[-169.67393,52.82066],[-169.69009,52.83158],[-169.67321,52.84565],[-169.67393,52.86976],[-169.69223,52.87019],[-169.70363,52.88396]]],[[[-170.05493,52.92295],[-170.08773,52.92266],[-170.09795,52.9069],[-170.12148,52.89959],[-170.0901,52.86976],[-170.04756,52.86014],[-170.00454,52.87549],[-169.99622,52.90374],[-170.015,52.91535],[-170.05493,52.92295]]],[[[-168.48648,52.98041],[-168.46877,52.97518],[-168.45724,52.9847],[-168.46996,52.99207],[-168.48648,52.98041]]],[[[-169.72372,52.94609],[-169.69805,52.9569],[-169.69603,52.97021],[-169.68331,52.99182],[-169.66846,53.00627],[-169.66822,53.02414],[-169.68177,53.03558],[-169.70851,53.03257],[-169.72503,53.02228],[-169.74915,53.02085],[-169.74725,53.00205],[-169.76305,52.98216],[-169.75842,52.9667],[-169.74463,52.95232],[-169.72372,52.94609]]],[[[-169.74024,53.06122],[-169.75141,53.07558],[-169.76698,53.08221],[-169.78243,53.07429],[-169.78849,53.06008],[-169.7993,53.05708],[-169.74808,53.04629],[-169.74024,53.06122]]],[[[-168.91608,52.92936],[-168.92714,52.93495],[-168.95946,52.93674],[-168.97289,52.91381],[-168.95554,52.90808],[-168.95304,52.89962],[-168.9673,52.87962],[-168.98953,52.87216],[-169.06737,52.86577],[-169.05085,52.85501],[-169.06665,52.83656],[-169.1073,52.83096],[-169.11585,52.82213],[-169.089,52.83075],[-169.05156,52.83118],[-169.0499,52.84518],[-169.02684,52.86161],[-168.98382,52.86011],[-168.97455,52.868],[-168.95756,52.86692],[-168.87283,52.90077],[-168.85678,52.9136],[-168.83349,52.91353],[-168.81852,52.92399],[-168.80509,52.92413],[-168.78595,52.90464],[-168.75553,52.90751],[-168.75672,52.91933],[-168.78156,52.92965],[-168.78964,52.93796],[-168.78488,52.9492],[-168.76765,52.9565],[-168.72451,52.94419],[-168.71798,52.96245],[-168.65927,52.97597],[-168.63586,52.98706],[-168.58809,53.02775],[-168.52272,53.03733],[-168.51429,53.04626],[-168.48565,53.04754],[-168.45891,53.0544],[-168.45035,53.07572],[-168.41755,53.10755],[-168.39354,53.1241],[-168.37358,53.12538],[-168.36146,53.13451],[-168.37144,53.14377],[-168.36383,53.16914],[-168.34767,53.15446],[-168.34078,53.17028],[-168.34292,53.1841],[-168.32105,53.19435],[-168.33246,53.20404],[-168.29419,53.22368],[-168.27043,53.24164],[-168.19556,53.26126],[-168.11926,53.27576],[-168.11178,53.28862],[-168.09264,53.2953],[-168.05842,53.30063],[-168.00197,53.32037],[-167.97939,53.33584],[-167.94421,53.34762],[-167.90832,53.35492],[-167.89786,53.36584],[-167.87053,53.3723],[-167.84094,53.38619],[-167.84593,53.40214],[-167.84011,53.41163],[-167.85401,53.42636],[-167.85401,53.44767],[-167.8035,53.47611],[-167.78449,53.50036],[-167.79115,53.52142],[-167.86185,53.5198],[-167.9063,53.5222],[-167.95586,53.53329],[-167.96156,53.55172],[-167.97915,53.56259],[-168.00731,53.56669],[-168.03405,53.55561],[-168.06258,53.55314],[-168.08718,53.55949],[-168.12104,53.55278],[-168.14339,53.5436],[-168.15658,53.54692],[-168.17476,53.53817],[-168.23489,53.52785],[-168.23775,53.5204],[-168.28694,53.49128],[-168.34363,53.47173],[-168.39283,53.42962],[-168.40733,53.42232],[-168.40424,53.39739],[-168.38736,53.39292],[-168.38558,53.38243],[-168.40578,53.34755],[-168.41375,53.33939],[-168.43502,53.33552],[-168.43098,53.32459],[-168.37108,53.31735],[-168.36657,53.29292],[-168.34232,53.29519],[-168.33496,53.28198],[-168.34827,53.27701],[-168.3447,53.26336],[-168.36562,53.25255],[-168.38321,53.26265],[-168.43811,53.25426],[-168.45237,53.27374],[-168.48351,53.27487],[-168.48541,53.26535],[-168.51238,53.25366],[-168.53627,53.25046],[-168.57382,53.26041],[-168.58761,53.27114],[-168.61435,53.27313],[-168.61958,53.25856],[-168.63764,53.24335],[-168.66212,53.22876],[-168.68946,53.22876],[-168.69207,53.21809],[-168.7118,53.20457],[-168.72962,53.20279],[-168.76896,53.17787],[-168.76813,53.1679],[-168.79297,53.15293],[-168.80223,53.13989],[-168.79463,53.13012],[-168.80604,53.11728],[-168.80319,53.1048],[-168.7673,53.09017],[-168.76373,53.08146],[-168.77146,53.06397],[-168.80045,53.02897],[-168.87247,53.0048],[-168.86261,52.96631],[-168.85452,52.95378],[-168.86106,52.94039],[-168.87485,52.94319],[-168.91608,52.92936]]],[[[-167.54253,53.38998],[-167.55133,53.4026],[-167.57177,53.40408],[-167.59411,53.38637],[-167.62382,53.38297],[-167.65591,53.38998],[-167.69536,53.38694],[-167.75347,53.35602],[-167.75395,53.34801],[-167.80861,53.32459],[-167.81598,53.31515],[-167.83571,53.31749],[-167.85223,53.3111],[-167.82834,53.29725],[-167.81242,53.29945],[-167.79899,53.29228],[-167.7915,53.27679],[-167.76381,53.28248],[-167.76013,53.27459],[-167.70415,53.26834],[-167.66981,53.25959],[-167.65686,53.24491],[-167.62536,53.25223],[-167.61431,53.27761],[-167.60195,53.28656],[-167.57236,53.28265],[-167.55965,53.27505],[-167.53718,53.27868],[-167.50439,53.25892],[-167.48751,53.26254],[-167.49547,53.27796],[-167.47527,53.28699],[-167.45162,53.30993],[-167.45281,53.32072],[-167.40896,53.33073],[-167.38329,53.34428],[-167.37176,53.3357],[-167.30735,53.33428],[-167.29641,53.35925],[-167.29641,53.36974],[-167.27419,53.37549],[-167.24567,53.37648],[-167.22059,53.38243],[-167.20479,53.39533],[-167.16724,53.40405],[-167.14002,53.42551],[-167.08536,53.4219],[-167.05992,53.42799],[-167.05101,53.4488],[-167.01619,53.45269],[-166.98232,53.44873],[-166.99836,53.42891],[-166.98066,53.42445],[-166.96556,53.43082],[-166.9557,53.4643],[-166.92231,53.46239],[-166.92872,53.44179],[-166.8989,53.4345],[-166.88511,53.44979],[-166.8743,53.43047],[-166.86099,53.46225],[-166.83971,53.44724],[-166.82082,53.43932],[-166.81559,53.4551],[-166.7961,53.45595],[-166.76579,53.44328],[-166.76057,53.45786],[-166.74286,53.4643],[-166.74559,53.48615],[-166.7772,53.49598],[-166.76924,53.50991],[-166.78481,53.51372],[-166.77922,53.5263],[-166.79836,53.54607],[-166.79669,53.55843],[-166.77601,53.55377],[-166.76033,53.52948],[-166.74345,53.52291],[-166.73858,53.50793],[-166.71149,53.49831],[-166.69699,53.5051],[-166.67738,53.48721],[-166.65813,53.48622],[-166.64791,53.50666],[-166.66668,53.5181],[-166.716,53.53442],[-166.70008,53.53746],[-166.67524,53.53343],[-166.66217,53.52467],[-166.63531,53.52474],[-166.64589,53.56185],[-166.66573,53.57907],[-166.65706,53.59241],[-166.63044,53.57604],[-166.62414,53.5555],[-166.60275,53.54477],[-166.59585,53.56348],[-166.57494,53.55663],[-166.56282,53.57533],[-166.56816,53.58486],[-166.56222,53.60609],[-166.53643,53.59967],[-166.55307,53.62442],[-166.53382,53.62688],[-166.53441,53.63816],[-166.50161,53.63111],[-166.47583,53.64563],[-166.44956,53.63527],[-166.42793,53.65774],[-166.4006,53.66035],[-166.4151,53.67429],[-166.38848,53.67443],[-166.37374,53.68555],[-166.36542,53.6669],[-166.34677,53.67042],[-166.34974,53.68076],[-166.32395,53.67837],[-166.28711,53.68351],[-166.28461,53.6992],[-166.26322,53.70399],[-166.26821,53.71946],[-166.28556,53.73254],[-166.30814,53.735],[-166.32003,53.76416],[-166.3369,53.78565],[-166.347,53.78656],[-166.37243,53.77322],[-166.37255,53.74652],[-166.37802,53.73619],[-166.40167,53.73458],[-166.39822,53.74884],[-166.41272,53.76318],[-166.45681,53.74955],[-166.46786,53.74083],[-166.46727,53.72902],[-166.47749,53.72206],[-166.50518,53.72832],[-166.52277,53.71946],[-166.51825,53.70898],[-166.52823,53.69308],[-166.55343,53.70905],[-166.57494,53.70455],[-166.5829,53.7132],[-166.54951,53.72783],[-166.57232,53.73296],[-166.57553,53.74399],[-166.49947,53.76009],[-166.52015,53.78944],[-166.50981,53.79274],[-166.47404,53.78839],[-166.4145,53.80734],[-166.429,53.82902],[-166.39905,53.82839],[-166.38824,53.84199],[-166.35603,53.85685],[-166.34986,53.88565],[-166.3369,53.88432],[-166.33155,53.87206],[-166.28509,53.86856],[-166.26061,53.87241],[-166.23838,53.88236],[-166.24195,53.89854],[-166.21402,53.90981],[-166.21675,53.92703],[-166.22995,53.93528],[-166.24159,53.91849],[-166.25573,53.92304],[-166.2492,53.94095],[-166.2631,53.97158],[-166.28378,53.9815],[-166.33738,53.94634],[-166.37921,53.94767],[-166.38004,53.96102],[-166.36792,53.96927],[-166.35508,53.99282],[-166.36721,54.00826],[-166.3823,53.99527],[-166.40987,53.98465],[-166.41641,53.9448],[-166.4416,53.95179],[-166.44445,53.93298],[-166.43637,53.92423],[-166.44814,53.90232],[-166.46976,53.90337],[-166.50851,53.88551],[-166.52491,53.87318],[-166.53774,53.87893],[-166.52669,53.88831],[-166.53667,53.89742],[-166.50233,53.91401],[-166.51017,53.92563],[-166.53037,53.9229],[-166.55022,53.90918],[-166.54677,53.88761],[-166.5646,53.87767],[-166.54867,53.85959],[-166.57803,53.84809],[-166.58991,53.83154],[-166.60714,53.84389],[-166.59336,53.85048],[-166.58659,53.87094],[-166.59597,53.88376],[-166.61724,53.86849],[-166.63769,53.87739],[-166.61986,53.89203],[-166.64719,53.92262],[-166.63139,53.93654],[-166.62545,53.95074],[-166.60298,53.95536],[-166.59716,53.96836],[-166.60275,53.98542],[-166.62568,54.00616],[-166.66846,54.01671],[-166.69057,54.01161],[-166.70245,53.99904],[-166.72586,53.99939],[-166.74607,54.0144],[-166.78184,53.99841],[-166.81892,53.99289],[-166.83484,53.98004],[-166.86669,53.97969],[-166.88523,53.98898],[-166.93074,53.9706],[-166.97721,53.95711],[-167.00728,53.96032],[-167.02629,53.95158],[-167.03532,53.93368],[-167.07478,53.92479],[-167.09035,53.91072],[-167.08987,53.90099],[-167.10401,53.87921],[-167.12564,53.8633],[-167.1424,53.86653],[-167.15571,53.85889],[-167.1582,53.84732],[-167.15202,53.82916],[-167.12231,53.82691],[-167.09356,53.81997],[-167.08108,53.80299],[-167.09201,53.79113],[-167.07359,53.78741],[-167.03461,53.76753],[-167.02724,53.75706],[-167.00847,53.75566],[-166.98791,53.7643],[-166.97757,53.77498],[-166.96319,53.77751],[-166.9254,53.76009],[-166.88321,53.7577],[-166.86396,53.75306],[-166.85611,53.7447],[-166.79527,53.73577],[-166.77138,53.73612],[-166.72777,53.72747],[-166.71208,53.72769],[-166.69889,53.71397],[-166.73799,53.71489],[-166.76924,53.72213],[-166.78172,53.70975],[-166.77661,53.70293],[-166.74559,53.70138],[-166.76033,53.69104],[-166.78944,53.69632],[-166.81,53.70807],[-166.82426,53.69913],[-166.82759,53.68717],[-166.81228,53.68064],[-166.79581,53.65818],[-166.79598,53.64541],[-166.81022,53.64468],[-166.83377,53.65663],[-166.84611,53.64248],[-166.85662,53.64384],[-166.85864,53.67257],[-166.87059,53.68929],[-166.89272,53.7023],[-166.89569,53.71672],[-166.96141,53.7158],[-166.96925,53.71123],[-167.00181,53.71545],[-167.03532,53.70828],[-167.0516,53.70061],[-167.06991,53.68421],[-167.06634,53.66401],[-167.03829,53.65697],[-167.00704,53.64232],[-167.00431,53.62174],[-167.03996,53.6333],[-167.03818,53.61384],[-167.06682,53.61687],[-167.08951,53.63224],[-167.10627,53.63449],[-167.14834,53.62287],[-167.1632,53.60136],[-167.14537,53.58338],[-167.13669,53.55105],[-167.12374,53.54463],[-167.09522,53.53975],[-167.09058,53.52563],[-167.0724,53.52619],[-167.05386,53.51694],[-167.06991,53.50711],[-167.11685,53.51637],[-167.18494,53.52457],[-167.15904,53.50909],[-167.15571,53.46759],[-167.1752,53.47374],[-167.19053,53.47219],[-167.20099,53.46221],[-167.28703,53.47891],[-167.29951,53.46943],[-167.2692,53.45054],[-167.29772,53.4516],[-167.29737,53.43489],[-167.33456,53.4586],[-167.34502,53.4511],[-167.34157,53.43928],[-167.32208,53.42031],[-167.331,53.40564],[-167.3518,53.42236],[-167.39077,53.43687],[-167.38495,53.41606],[-167.40099,53.41336],[-167.41716,53.43333],[-167.43772,53.43645],[-167.46196,53.44615],[-167.48775,53.41889],[-167.51116,53.4123],[-167.49797,53.39424],[-167.51092,53.39012],[-167.54253,53.38998]]],[[[-166.08615,53.84273],[-166.10813,53.84658],[-166.15829,53.84462],[-166.19798,53.83691],[-166.21129,53.82947],[-166.20737,53.81095],[-166.22032,53.7887],[-166.23743,53.77768],[-166.24017,53.80955],[-166.27118,53.80162],[-166.27249,53.78323],[-166.3003,53.79909],[-166.3104,53.78835],[-166.30149,53.77972],[-166.30018,53.7519],[-166.29091,53.73834],[-166.26405,53.73595],[-166.24944,53.71549],[-166.22971,53.70937],[-166.22163,53.73145],[-166.18526,53.72955],[-166.15912,53.74684],[-166.19667,53.76855],[-166.18098,53.77445],[-166.16197,53.76778],[-166.13202,53.76855],[-166.11657,53.77501],[-166.13167,53.78555],[-166.11574,53.79544],[-166.13998,53.8033],[-166.13606,53.81951],[-166.08615,53.84273]]],[[[-166.16328,53.99939],[-166.16922,53.98905],[-166.19845,53.98653],[-166.19346,53.95969],[-166.14593,53.95396],[-166.08829,53.96127],[-166.07482,53.97099],[-166.09922,53.97918],[-166.10457,53.98933],[-166.12667,53.99073],[-166.16328,53.99939]]],[[[-165.51227,54.05147],[-165.52606,54.0643],[-165.56147,54.04295],[-165.57502,54.04156],[-165.55862,54.03458],[-165.55577,54.02355],[-165.48874,54.03653],[-165.48518,54.04254],[-165.51227,54.05147]]],[[[-165.31571,54.047],[-165.28766,54.03835],[-165.27887,54.06305],[-165.23324,54.0636],[-165.24132,54.07588],[-165.26128,54.09094],[-165.286,54.09358],[-165.32308,54.08815],[-165.3642,54.09038],[-165.39819,54.08062],[-165.43194,54.08076],[-165.48137,54.07393],[-165.46759,54.06932],[-165.43455,54.06932],[-165.41815,54.07393],[-165.33449,54.0696],[-165.31571,54.047]]],[[[-164.93162,54.13636],[-164.96585,54.13204],[-164.9744,54.11783],[-165.02289,54.12368],[-165.04238,54.11546],[-165.0766,54.12897],[-165.10584,54.12243],[-165.11725,54.12939],[-165.14054,54.13051],[-165.15338,54.11323],[-165.1781,54.11908],[-165.19473,54.11616],[-165.21945,54.10069],[-165.21446,54.08982],[-165.18451,54.08815],[-165.15599,54.07978],[-165.13365,54.08578],[-165.08041,54.06863],[-165.05925,54.07128],[-165.03881,54.06556],[-165.00887,54.07518],[-164.98486,54.07741],[-164.95563,54.07309],[-164.93423,54.10139],[-164.91807,54.11198],[-164.93162,54.13636]]],[[[-165.89351,54.21801],[-165.90587,54.21245],[-165.97955,54.22135],[-166.00047,54.21245],[-166.0076,54.2005],[-166.02447,54.19104],[-166.05086,54.18979],[-166.08247,54.17686],[-166.07581,54.15445],[-166.09839,54.14958],[-166.0991,54.12758],[-166.11146,54.12271],[-166.09174,54.09581],[-166.06868,54.08871],[-166.0499,54.07365],[-166.05513,54.06416],[-166.04848,54.04449],[-166.02233,54.04756],[-165.99001,54.05705],[-165.98026,54.07086],[-165.96434,54.07002],[-165.95459,54.05886],[-165.93035,54.06598],[-165.89731,54.0583],[-165.90064,54.03821],[-165.88186,54.0343],[-165.8695,54.04784],[-165.85144,54.05509],[-165.84835,54.07783],[-165.82553,54.08257],[-165.82173,54.07407],[-165.78727,54.07393],[-165.77111,54.0657],[-165.74805,54.07713],[-165.71335,54.08829],[-165.67841,54.09149],[-165.66985,54.09972],[-165.67366,54.11087],[-165.6594,54.11797],[-165.66177,54.12856],[-165.70313,54.11727],[-165.73593,54.11254],[-165.79226,54.12521],[-165.81008,54.13566],[-165.76112,54.13496],[-165.73759,54.14471],[-165.74662,54.16072],[-165.77206,54.16489],[-165.81151,54.17755],[-165.83171,54.16127],[-165.85952,54.16614],[-165.87782,54.1795],[-165.86332,54.20022],[-165.87069,54.21343],[-165.89351,54.21801]]],[[[-165.50895,54.28328],[-165.47923,54.28147],[-165.47377,54.29327],[-165.51203,54.29937],[-165.54602,54.29493],[-165.57549,54.28036],[-165.59736,54.28619],[-165.60639,54.29451],[-165.63016,54.29854],[-165.63491,54.27703],[-165.65607,54.27606],[-165.67532,54.26718],[-165.68602,54.24496],[-165.66914,54.22899],[-165.64181,54.22885],[-165.614,54.24483],[-165.58476,54.23413],[-165.58263,54.22552],[-165.62802,54.20536],[-165.6361,54.198],[-165.62089,54.18033],[-165.59641,54.17393],[-165.59831,54.1642],[-165.62256,54.14485],[-165.64418,54.1422],[-165.62042,54.12828],[-165.61162,54.11616],[-165.57478,54.10891],[-165.54959,54.11309],[-165.53675,54.12897],[-165.55862,54.13441],[-165.55577,54.14415],[-165.53604,54.14847],[-165.51037,54.14457],[-165.50871,54.15473],[-165.49017,54.16016],[-165.49231,54.16893],[-165.47971,54.17978],[-165.41625,54.17978],[-165.39985,54.17491],[-165.38369,54.19716],[-165.40674,54.21273],[-165.42956,54.20522],[-165.4702,54.21259],[-165.49777,54.20981],[-165.55529,54.2383],[-165.55577,54.25635],[-165.51798,54.26607],[-165.50895,54.28328]]],[[[-164.76477,54.22461],[-164.79793,54.22336],[-164.85307,54.20529],[-164.88301,54.19904],[-164.86127,54.19132],[-164.82181,54.20057],[-164.81266,54.20967],[-164.79103,54.21405],[-164.76275,54.21051],[-164.76477,54.22461]]],[[[-162.51728,54.37394],[-162.49452,54.36402],[-162.48211,54.37402],[-162.51728,54.37394]]],[[[-162.43271,54.37187],[-162.40828,54.38713],[-162.41183,54.4027],[-162.44108,54.40669],[-162.47218,54.41867],[-162.48192,54.41218],[-162.46187,54.38883],[-162.43271,54.37187]]],[[[-162.61764,54.45532],[-162.63024,54.44468],[-162.66779,54.45946],[-162.69821,54.46264],[-162.70653,54.46982],[-162.7997,54.49178],[-162.83369,54.47839],[-162.80968,54.46485],[-162.82989,54.46043],[-162.83488,54.44026],[-162.8508,54.42214],[-162.86012,54.42428],[-162.84035,54.41647],[-162.7852,54.38327],[-162.77498,54.38396],[-162.73173,54.40112],[-162.71984,54.40098],[-162.69671,54.38867],[-162.67064,54.39532],[-162.6177,54.39433],[-162.5708,54.38942],[-162.55846,54.40983],[-162.5171,54.40762],[-162.53564,54.41993],[-162.55846,54.41661],[-162.56155,54.42837],[-162.60457,54.44191],[-162.59744,54.45145],[-162.61764,54.45532]]],[[[-162.38053,54.63313],[-162.3633,54.6255],[-162.36021,54.6451],[-162.37885,54.64481],[-162.38053,54.63313]]],[[[-164.61539,54.77894],[-164.64213,54.7345],[-164.67516,54.69531],[-164.71343,54.65731],[-164.73328,54.64809],[-164.76762,54.63902],[-164.78248,54.64184],[-164.80529,54.63744],[-164.85544,54.62106],[-164.88373,54.60606],[-164.90405,54.60565],[-164.92794,54.59842],[-164.94434,54.57735],[-164.9359,54.55916],[-164.9378,54.53703],[-164.93055,54.52269],[-164.90595,54.51096],[-164.89775,54.49557],[-164.91142,54.48329],[-164.87648,54.46478],[-164.86959,54.44343],[-164.85319,54.43908],[-164.84344,54.42007],[-164.80826,54.41073],[-164.79186,54.40257],[-164.73791,54.39468],[-164.70452,54.40105],[-164.67017,54.39641],[-164.64747,54.38963],[-164.6054,54.39863],[-164.59946,54.40305],[-164.44972,54.42097],[-164.44343,54.42657],[-164.41122,54.43535],[-164.39874,54.44557],[-164.37497,54.45221],[-164.36951,54.45925],[-164.34265,54.47252],[-164.33338,54.4837],[-164.33861,54.49833],[-164.32577,54.50517],[-164.34336,54.52193],[-164.32173,54.54427],[-164.25055,54.5801],[-164.2067,54.5956],[-164.09083,54.62113],[-163.9563,54.63241],[-163.8352,54.63111],[-163.81155,54.63654],[-163.68844,54.62863],[-163.5873,54.6126],[-163.57387,54.62801],[-163.52111,54.63283],[-163.50816,54.63943],[-163.50293,54.65298],[-163.41867,54.65827],[-163.40857,54.69208],[-163.42509,54.72009],[-163.39538,54.74322],[-163.36804,54.75001],[-163.33287,54.74809],[-163.32229,54.72057],[-163.28961,54.70128],[-163.2542,54.71247],[-163.24564,54.70705],[-163.25954,54.69537],[-163.22425,54.69242],[-163.19596,54.69901],[-163.16471,54.69888],[-163.11087,54.6929],[-163.14712,54.67477],[-163.08509,54.66212],[-163.06013,54.66129],[-163.0448,54.67195],[-163.06572,54.68603],[-163.09828,54.69167],[-163.09507,54.70657],[-163.10184,54.72977],[-163.11456,54.73684],[-163.14712,54.76386],[-163.17362,54.76448],[-163.18277,54.77401],[-163.20274,54.76317],[-163.23031,54.75453],[-163.24611,54.75865],[-163.25931,54.75268],[-163.32609,54.75145],[-163.37054,54.78552],[-163.37589,54.79388],[-163.37304,54.8171],[-163.40322,54.84338],[-163.40595,54.88599],[-163.39466,54.89474],[-163.41154,54.91954],[-163.42687,54.95136],[-163.44268,54.96801],[-163.48819,54.99692],[-163.5324,55.01614],[-163.54155,55.02581],[-163.54024,55.0504],[-163.56318,55.0455],[-163.66277,55.03998],[-163.74453,55.0442],[-163.7778,55.05162],[-163.85053,55.03419],[-163.89557,55.03569],[-163.95725,54.99835],[-164.03759,54.96753],[-164.07966,54.95921],[-164.11008,54.96064],[-164.13088,54.96726],[-164.16332,54.95491],[-164.19992,54.93122],[-164.2351,54.91695],[-164.26897,54.90725],[-164.3379,54.89556],[-164.39613,54.92303],[-164.4313,54.93129],[-164.45911,54.92064],[-164.47112,54.92262],[-164.49488,54.91558],[-164.5221,54.89768],[-164.55205,54.88811],[-164.55929,54.8689],[-164.55656,54.85023],[-164.5896,54.80155],[-164.61539,54.77894]]],[[[-162.23264,54.88853],[-162.23323,54.916],[-162.23906,54.92604],[-162.23323,54.94229],[-162.23618,54.9564],[-162.25009,54.97277],[-162.26185,54.97686],[-162.32388,54.98389],[-162.36595,54.96547],[-162.36322,54.96008],[-162.38164,54.94275],[-162.39792,54.9349],[-162.43547,54.92925],[-162.42288,54.92172],[-162.42407,54.90109],[-162.41587,54.89473],[-162.41373,54.87805],[-162.39804,54.87696],[-162.38556,54.86287],[-162.35348,54.85241],[-162.34539,54.83728],[-162.3158,54.82838],[-162.27433,54.84269],[-162.27255,54.85788],[-162.24856,54.88053],[-162.23264,54.88853]]],[[[-161.86219,54.998],[-161.8887,55.01707],[-161.91341,55.02015],[-161.89416,54.99923],[-161.87122,54.98655],[-161.86219,54.998]]],[[[-161.94168,55.037],[-161.92836,55.04176],[-161.93723,55.05435],[-161.95239,55.06114],[-161.95189,55.07375],[-161.96665,55.07829],[-161.9618,55.0605],[-161.94168,55.037]]],[[[-160.13461,55.04422],[-160.09682,55.05219],[-160.08066,55.04075],[-160.10466,55.02283],[-160.13497,55.01159],[-160.16171,54.97471],[-160.18952,54.96543],[-160.17359,54.94783],[-160.19344,54.93138],[-160.22814,54.9395],[-160.2468,54.92933],[-160.24775,54.91054],[-160.25702,54.90358],[-160.23515,54.88984],[-160.2317,54.87487],[-160.21352,54.87111],[-160.19665,54.87494],[-160.2052,54.88806],[-160.18013,54.90337],[-160.18536,54.93158],[-160.15244,54.94387],[-160.12059,54.94871],[-160.12356,54.96639],[-160.10728,54.98733],[-160.08101,54.99244],[-160.05131,55.00525],[-160.03966,55.03012],[-160.02504,55.02474],[-159.98927,55.04824],[-160.00888,55.06321],[-160.0027,55.07532],[-159.97465,55.06709],[-159.94328,55.06628],[-159.93591,55.07308],[-159.94185,55.09043],[-159.95837,55.08601],[-159.97453,55.10008],[-159.94898,55.10029],[-159.94851,55.1251],[-159.93472,55.12938],[-159.90002,55.10708],[-159.86687,55.09485],[-159.84666,55.10933],[-159.86021,55.12897],[-159.82682,55.12795],[-159.81279,55.16008],[-159.82884,55.17786],[-159.86104,55.17501],[-159.86057,55.15064],[-159.87602,55.12944],[-159.88683,55.14575],[-159.90525,55.14371],[-159.89907,55.16041],[-159.9005,55.17643],[-159.89313,55.1976],[-159.9068,55.22303],[-159.90002,55.22913],[-159.85284,55.23001],[-159.84096,55.24492],[-159.84963,55.26767],[-159.8759,55.28947],[-159.89004,55.28825],[-159.90276,55.26524],[-159.92201,55.24783],[-159.9371,55.24207],[-159.92058,55.21286],[-159.94126,55.20676],[-159.96538,55.21252],[-159.95243,55.17623],[-159.97085,55.1763],[-159.99545,55.18661],[-160.00543,55.19719],[-160.02754,55.20411],[-160.05012,55.18526],[-160.03502,55.16551],[-160.01839,55.15675],[-160.01886,55.14405],[-159.99878,55.13406],[-160.01126,55.12591],[-159.99307,55.11837],[-160.00317,55.10756],[-160.05297,55.12272],[-160.0759,55.14704],[-160.10692,55.16062],[-160.12701,55.14724],[-160.11572,55.13026],[-160.08458,55.1009],[-160.11168,55.10355],[-160.15612,55.12115],[-160.17953,55.12183],[-160.19475,55.11096],[-160.18726,55.10253],[-160.12558,55.08839],[-160.11488,55.07893],[-160.11774,55.06355],[-160.13913,55.07451],[-160.17335,55.06777],[-160.17121,55.05185],[-160.13461,55.04422]]],[[[-161.54809,55.08276],[-161.57389,55.10164],[-161.60157,55.11193],[-161.59183,55.09024],[-161.61096,55.07201],[-161.58258,55.05822],[-161.55032,55.06704],[-161.54809,55.08276]]],[[[-161.86818,55.08897],[-161.8616,55.10114],[-161.87788,55.1091],[-161.89143,55.10678],[-161.90361,55.11695],[-161.92506,55.11059],[-161.88251,55.08543],[-161.86818,55.08897]]],[[[-161.63402,55.10513],[-161.63794,55.1245],[-161.71792,55.14122],[-161.73087,55.14115],[-161.74014,55.15758],[-161.76319,55.16905],[-161.79112,55.16973],[-161.82606,55.18154],[-161.85328,55.1753],[-161.86373,55.1643],[-161.8894,55.16057],[-161.90185,55.14323],[-161.88628,55.12693],[-161.86659,55.1281],[-161.80883,55.10982],[-161.7935,55.13123],[-161.79005,55.14597],[-161.81251,55.15677],[-161.78078,55.16172],[-161.7626,55.14848],[-161.7544,55.12939],[-161.76367,55.11342],[-161.79086,55.1007],[-161.7973,55.0897],[-161.79207,55.07602],[-161.77543,55.07167],[-161.75654,55.05608],[-161.71411,55.06582],[-161.7052,55.08167],[-161.6825,55.08568],[-161.67478,55.09486],[-161.63402,55.10513]]],[[[-161.4435,55.20118],[-161.43613,55.19182],[-161.4126,55.18056],[-161.34415,55.1585],[-161.32748,55.1738],[-161.32871,55.1893],[-161.34558,55.20416],[-161.34178,55.21556],[-161.35104,55.22274],[-161.37505,55.21556],[-161.39935,55.22418],[-161.42601,55.21656],[-161.4435,55.20118]]],[[[-161.61583,55.20338],[-161.58719,55.21247],[-161.56259,55.20474],[-161.55273,55.21756],[-161.54798,55.23653],[-161.52785,55.25083],[-161.53538,55.25916],[-161.56271,55.25083],[-161.58598,55.24914],[-161.60811,55.2404],[-161.65634,55.24416],[-161.68369,55.2324],[-161.69546,55.20935],[-161.68714,55.19911],[-161.6705,55.20298],[-161.62903,55.19423],[-161.61583,55.20338]]],[[[-160.64503,55.35782],[-160.65181,55.36775],[-160.6486,55.38733],[-160.66262,55.39705],[-160.69067,55.40239],[-160.70552,55.39955],[-160.72965,55.40724],[-160.75496,55.39206],[-160.7855,55.38821],[-160.80072,55.38079],[-160.83993,55.34107],[-160.83886,55.32694],[-160.86572,55.32126],[-160.8498,55.31538],[-160.83625,55.29881],[-160.85871,55.27092],[-160.83613,55.2567],[-160.8347,55.24092],[-160.85015,55.2174],[-160.84017,55.20411],[-160.81878,55.18756],[-160.80571,55.15648],[-160.81783,55.12428],[-160.79454,55.13311],[-160.78503,55.16001],[-160.76506,55.17955],[-160.75651,55.19475],[-160.7085,55.19909],[-160.68354,55.1938],[-160.67474,55.17141],[-160.64955,55.16245],[-160.63172,55.16503],[-160.61295,55.14778],[-160.59465,55.15675],[-160.58752,55.14629],[-160.56803,55.15552],[-160.5376,55.15756],[-160.52453,55.13196],[-160.4953,55.16605],[-160.54236,55.18641],[-160.51883,55.18804],[-160.50861,55.18179],[-160.46392,55.18166],[-160.45703,55.18817],[-160.48912,55.19441],[-160.4972,55.21286],[-160.49435,55.22384],[-160.51027,55.22859],[-160.5666,55.22967],[-160.55519,55.242],[-160.53475,55.23943],[-160.52928,55.25758],[-160.54949,55.26273],[-160.56874,55.27546],[-160.56826,55.2852],[-160.57944,55.30564],[-160.56684,55.3312],[-160.53499,55.34337],[-160.51811,55.35728],[-160.52049,55.37755],[-160.55068,55.38929],[-160.56565,55.39064],[-160.61651,55.34945],[-160.59584,55.33269],[-160.62151,55.3312],[-160.62412,55.32349],[-160.66643,55.30199],[-160.68306,55.30537],[-160.69566,55.32268],[-160.6776,55.32795],[-160.65121,55.34512],[-160.64503,55.35782]]],[[[-162.98153,55.2579],[-162.96989,55.26101],[-162.94279,55.27875],[-162.91213,55.31434],[-162.98153,55.2579]]],[[[-160.3515,55.33755],[-160.32441,55.3508],[-160.33272,55.35945],[-160.36766,55.35809],[-160.4209,55.33823],[-160.46036,55.34715],[-160.46773,55.35715],[-160.48722,55.35647],[-160.5029,55.34891],[-160.49649,55.33296],[-160.5098,55.32282],[-160.52827,55.32],[-160.51716,55.30929],[-160.47224,55.2894],[-160.44134,55.29847],[-160.42875,55.28723],[-160.38905,55.28737],[-160.37741,55.26977],[-160.3805,55.26259],[-160.34199,55.25474],[-160.33106,55.25988],[-160.30777,55.3032],[-160.31585,55.31037],[-160.32203,55.33296],[-160.3515,55.33755]]],[[[-160.02705,55.324],[-160.0461,55.33066],[-160.06227,55.34303],[-160.08702,55.34303],[-160.11272,55.33352],[-160.10416,55.31353],[-160.06988,55.30782],[-160.03848,55.30687],[-160.02705,55.324]]],[[[-163.13849,55.39565],[-163.11734,55.40252],[-163.11611,55.42302],[-163.1411,55.43603],[-163.16911,55.43026],[-163.17419,55.41663],[-163.1606,55.40283],[-163.13849,55.39565]]],[[[-160.15404,55.37752],[-160.14183,55.38715],[-160.1423,55.40176],[-160.15609,55.41593],[-160.15157,55.43185],[-160.13541,55.44762],[-160.1549,55.44776],[-160.17677,55.4398],[-160.20196,55.43913],[-160.2369,55.45732],[-160.26057,55.46367],[-160.32324,55.44463],[-160.34647,55.42564],[-160.34801,55.41879],[-160.32113,55.39368],[-160.28206,55.39461],[-160.26691,55.41252],[-160.23215,55.41215],[-160.20361,55.39174],[-160.15404,55.37752]]],[[[-160.84766,55.91939],[-160.86808,55.90928],[-160.91428,55.90701],[-160.93535,55.89716],[-160.93036,55.89569],[-160.84598,55.91048],[-160.82221,55.91008],[-160.81152,55.91674],[-160.83219,55.93392],[-160.84766,55.91939]]],[[[-169.57628,56.53176],[-169.55762,56.53943],[-169.53504,56.56386],[-169.49832,56.57008],[-169.46588,56.59377],[-169.49832,56.60581],[-169.58614,56.60136],[-169.61288,56.60588],[-169.65436,56.60339],[-169.71104,56.61078],[-169.73731,56.60973],[-169.75798,56.61523],[-169.78686,56.61425],[-169.76298,56.6011],[-169.74717,56.58684],[-169.71544,56.5854],[-169.67539,56.57584],[-169.66624,56.56668],[-169.66874,56.55227],[-169.63605,56.53779],[-169.57628,56.53176]]],[[[-170.13209,57.22602],[-170.1107,57.23214],[-170.09763,57.24577],[-170.12318,57.24706],[-170.1296,57.23316],[-170.15277,57.22493],[-170.23192,57.21071],[-170.28444,57.21123],[-170.30251,57.21901],[-170.36395,57.20299],[-170.38843,57.20717],[-170.41671,57.19178],[-170.42147,57.16177],[-170.33531,57.15126],[-170.30144,57.15319],[-170.28777,57.1441],[-170.28694,57.12166],[-170.27601,57.11411],[-170.25675,57.12998],[-170.25485,57.14056],[-170.21338,57.14707],[-170.19638,57.15784],[-170.1738,57.16248],[-170.15895,57.17517],[-170.15883,57.19314],[-170.13209,57.22602]]],[[[-160.81461,58.76674],[-160.84051,58.75226],[-160.86999,58.74517],[-160.91811,58.74579],[-160.99952,58.72186],[-161.02055,58.70896],[-161.05526,58.69859],[-161.05763,58.67394],[-161.08021,58.63574],[-161.07213,58.62856],[-161.07142,58.60548],[-161.08362,58.59126],[-161.07213,58.57321],[-161.08449,58.55406],[-161.07122,58.54688],[-161.0408,58.55801],[-160.98228,58.55574],[-160.9637,58.55093],[-160.9184,58.56259],[-160.88387,58.57971],[-160.84989,58.63022],[-160.80016,58.68022],[-160.76848,58.7259],[-160.70377,58.79052],[-160.71618,58.80004],[-160.74195,58.79843],[-160.76576,58.77451],[-160.79084,58.77469],[-160.81461,58.76674]]],[[[-160.30382,58.70444],[-160.31855,58.69012],[-160.31713,58.68283],[-160.2703,58.66108],[-160.25248,58.64946],[-160.24677,58.66837],[-160.25699,58.67813],[-160.27791,58.68233],[-160.27458,58.70888],[-160.29787,58.72653],[-160.30952,58.71481],[-160.30382,58.70444]]],[[[-160.38463,58.70444],[-160.38581,58.72949],[-160.40364,58.74948],[-160.42313,58.73036],[-160.42788,58.70172],[-160.44072,58.68888],[-160.42432,58.67949],[-160.38463,58.70444]]],[[[-160.23431,58.84934],[-160.20912,58.83815],[-160.20056,58.82554],[-160.18345,58.83133],[-160.23431,58.84934]]],[[[-164.02748,59.70979],[-164.00429,59.69194],[-163.96554,59.68872],[-164.02748,59.70979]]],[[[-167.04142,60.21419],[-167.09192,60.22452],[-167.10333,60.23455],[-167.129,60.22546],[-167.17202,60.23107],[-167.22907,60.2326],[-167.25307,60.21974],[-167.2665,60.228],[-167.2968,60.23296],[-167.36858,60.21838],[-167.38653,60.20563],[-167.41113,60.19943],[-167.45938,60.21165],[-167.44928,60.20185],[-167.41232,60.18755],[-167.39651,60.16953],[-167.34351,60.12629],[-167.33852,60.10586],[-167.32711,60.08838],[-167.33662,60.07012],[-167.30655,60.06046],[-167.2665,60.06034],[-167.24202,60.05648],[-167.22574,60.04088],[-167.16727,60.01078],[-167.14303,60.00436],[-167.10583,59.98844],[-167.06257,59.98796],[-167.047,59.99248],[-167.01753,59.98273],[-166.96833,59.97625],[-166.95146,59.96834],[-166.90392,59.95924],[-166.83737,59.934],[-166.78556,59.91024],[-166.75751,59.89146],[-166.72186,59.88908],[-166.67599,59.88008],[-166.61395,59.84834],[-166.58079,59.84613],[-166.55204,59.84881],[-166.50533,59.8444],[-166.47622,59.85144],[-166.43284,59.85478],[-166.39612,59.84881],[-166.36213,59.8386],[-166.34312,59.82612],[-166.32279,59.82624],[-166.29403,59.81934],[-166.25149,59.80141],[-166.21774,59.78168],[-166.20514,59.76804],[-166.21299,59.7629],[-166.19041,59.75021],[-166.15404,59.74829],[-166.14085,59.75404],[-166.11209,59.75404],[-166.09046,59.76062],[-166.08309,59.77403],[-166.11399,59.7934],[-166.11209,59.80261],[-166.14489,59.82221],[-166.10995,59.82759],[-166.04102,59.85696],[-165.99991,59.86806],[-165.94833,59.87653],[-165.91125,59.87653],[-165.90531,59.86889],[-165.87489,59.87307],[-165.83091,59.89239],[-165.8119,59.89048],[-165.76341,59.90252],[-165.73299,59.90181],[-165.72016,59.88977],[-165.66715,59.89847],[-165.63554,59.8993],[-165.61748,59.9086],[-165.5823,59.90824],[-165.56543,59.92611],[-165.59205,59.94171],[-165.5823,59.95873],[-165.56424,59.95802],[-165.55616,59.97099],[-165.58064,59.9786],[-165.59537,59.97669],[-165.60655,59.96456],[-165.65266,59.98716],[-165.63269,60.01758],[-165.68427,60.03397],[-165.68355,60.0558],[-165.70114,60.05687],[-165.70851,60.06849],[-165.69639,60.08118],[-165.66763,60.09576],[-165.67333,60.10701],[-165.66335,60.11578],[-165.68664,60.13898],[-165.67809,60.15472],[-165.71469,60.15259],[-165.72562,60.16193],[-165.71113,60.1812],[-165.68355,60.19834],[-165.69425,60.21097],[-165.6914,60.22443],[-165.71968,60.22821],[-165.72788,60.2467],[-165.69437,60.25195],[-165.69365,60.26085],[-165.67476,60.26799],[-165.69591,60.28024],[-165.68439,60.29191],[-165.7671,60.31219],[-165.77637,60.32502],[-165.81036,60.32455],[-165.88309,60.34337],[-165.91494,60.33902],[-165.92587,60.31972],[-166.0024,60.31375],[-166.07668,60.32316],[-166.08761,60.33058],[-166.07014,60.33952],[-166.10508,60.35768],[-166.10044,60.36656],[-166.12433,60.37672],[-166.11922,60.38635],[-166.13265,60.40039],[-166.1235,60.4069],[-166.13503,60.42268],[-166.15642,60.42128],[-166.1336,60.39011],[-166.15523,60.37784],[-166.17805,60.38048],[-166.19742,60.39164],[-166.30105,60.37919],[-166.31186,60.37143],[-166.3525,60.36385],[-166.37984,60.35316],[-166.4067,60.36203],[-166.41347,60.36979],[-166.47515,60.384],[-166.49701,60.38506],[-166.53587,60.36227],[-166.58056,60.35216],[-166.56867,60.3221],[-166.59066,60.30798],[-166.60789,60.31669],[-166.65982,60.32928],[-166.66149,60.31769],[-166.70284,60.31816],[-166.7139,60.30215],[-166.73766,60.31216],[-166.76179,60.30592],[-166.77331,60.29585],[-166.81182,60.28225],[-166.8281,60.26687],[-166.80849,60.2585],[-166.80302,60.24464],[-166.8199,60.22358],[-166.85127,60.20327],[-166.87124,60.2133],[-166.90535,60.20179],[-166.93969,60.20403],[-166.94195,60.22222],[-167.04142,60.21419]]],[[[-172.89956,60.51955],[-172.9055,60.53569],[-172.93141,60.56199],[-172.91168,60.58826],[-172.91287,60.60506],[-172.95114,60.60623],[-172.97277,60.58464],[-173.00771,60.56759],[-173.04074,60.56187],[-173.03979,60.54785],[-173.05334,60.51991],[-173.04526,60.5075],[-173.0638,60.50259],[-173.05382,60.49451],[-173.01579,60.49287],[-172.9837,60.48117],[-172.95661,60.48222],[-172.93236,60.47636],[-172.896,60.45059],[-172.8525,60.4323],[-172.79593,60.40144],[-172.76908,60.39063],[-172.72915,60.36138],[-172.63027,60.33492],[-172.61791,60.32339],[-172.59842,60.3168],[-172.53853,60.32504],[-172.50192,60.33492],[-172.45867,60.33575],[-172.433,60.33304],[-172.41042,60.3361],[-172.32604,60.32763],[-172.29395,60.29537],[-172.25426,60.29738],[-172.21813,60.31292],[-172.25711,60.32257],[-172.33959,60.35621],[-172.38261,60.37912],[-172.38071,60.385],[-172.4311,60.39275],[-172.44726,60.383],[-172.50311,60.381],[-172.53163,60.383],[-172.61054,60.39733],[-172.62457,60.40449],[-172.69421,60.42338],[-172.77644,60.45188],[-172.80829,60.47273],[-172.84276,60.48398],[-172.88055,60.50236],[-172.89956,60.51955]]],[[[-173.09256,60.69628],[-173.12132,60.66136],[-173.08923,60.6454],[-173.07568,60.63247],[-173.04883,60.62477],[-173.04241,60.63258],[-173.05952,60.64575],[-173.05905,60.67126],[-173.06879,60.68383],[-173.06546,60.69593],[-173.09256,60.69628]]],[[[-164.89094,60.83702],[-164.89831,60.8457],[-164.93515,60.86121],[-165.00503,60.87626],[-165.02785,60.83528],[-165.0219,60.82172],[-164.99909,60.81651],[-164.94561,60.82404],[-164.89094,60.83702]]],[[[-164.88223,62.56617],[-164.91923,62.5685],[-164.98151,62.5606],[-164.97028,62.55094],[-164.87109,62.54499],[-164.88223,62.56617]]],[[[-165.07215,62.5884],[-165.06902,62.57873],[-165.02382,62.58394],[-165.04717,62.59732],[-165.07215,62.5884]]],[[[-165.0018,62.58687],[-164.95832,62.59099],[-164.95524,62.60387],[-164.98047,62.61701],[-165.00239,62.63951],[-165.02884,62.61768],[-165.01382,62.58963],[-165.0018,62.58687]]],[[[-164.90128,62.66318],[-164.92068,62.67371],[-164.94323,62.65745],[-164.93884,62.62183],[-164.91138,62.60407],[-164.87882,62.59565],[-164.81631,62.60352],[-164.82193,62.62195],[-164.84281,62.65586],[-164.86551,62.66601],[-164.90128,62.66318]]],[[[-164.61642,63.04511],[-164.60537,63.03676],[-164.5797,63.03406],[-164.55712,63.03988],[-164.55296,63.04985],[-164.59159,63.05669],[-164.61642,63.04511]]],[[[-164.61666,63.07477],[-164.58505,63.08645],[-164.58968,63.10339],[-164.60454,63.10839],[-164.63294,63.0921],[-164.63817,63.08322],[-164.61666,63.07477]]],[[[-171.72309,63.72762],[-171.74733,63.705],[-171.75518,63.68688],[-171.73759,63.66274],[-171.74971,63.64365],[-171.77942,63.63331],[-171.79107,63.61282],[-171.8291,63.57963],[-171.83884,63.55276],[-171.82886,63.51537],[-171.84193,63.5088],[-171.83694,63.49352],[-171.84692,63.48684],[-171.82006,63.4568],[-171.82339,63.43693],[-171.79558,63.41854],[-171.7894,63.40705],[-171.77086,63.40279],[-171.75328,63.38895],[-171.73497,63.36499],[-171.70146,63.3651],[-171.69053,63.35785],[-171.66438,63.35657],[-171.64371,63.34836],[-171.60805,63.34378],[-171.59451,63.33589],[-171.56266,63.33727],[-171.54768,63.31818],[-171.51488,63.32714],[-171.47258,63.31796],[-171.46877,63.3106],[-171.44001,63.3075],[-171.35659,63.33482],[-171.31999,63.33631],[-171.31404,63.34762],[-171.28053,63.3586],[-171.28647,63.38012],[-171.23941,63.39279],[-171.16026,63.40141],[-171.12628,63.4163],[-171.10417,63.42151],[-171.00197,63.42449],[-170.93352,63.42151],[-170.86792,63.4146],[-170.57129,63.36137],[-170.49952,63.34175],[-170.43296,63.31828],[-170.35501,63.28016],[-170.29273,63.22817],[-170.27966,63.20954],[-170.28014,63.19775],[-170.21169,63.18156],[-170.15631,63.17953],[-170.1304,63.18435],[-170.07858,63.17792],[-170.03675,63.16783],[-170.03628,63.15979],[-170.00514,63.14401],[-169.96355,63.14218],[-169.92647,63.12371],[-169.86943,63.10253],[-169.82783,63.07661],[-169.79147,63.04506],[-169.77483,63.02264],[-169.77578,63.00495],[-169.74488,62.98498],[-169.74393,62.97753],[-169.76532,62.96425],[-169.75368,62.95766],[-169.70875,62.95204],[-169.64316,62.93766],[-169.62866,62.95777],[-169.5999,62.97278],[-169.53097,62.97861],[-169.55925,63.00473],[-169.57969,63.03169],[-169.569,63.04678],[-169.53834,63.07392],[-169.48486,63.09586],[-169.45111,63.10156],[-169.42045,63.11382],[-169.42354,63.12016],[-169.39359,63.12779],[-169.37886,63.14927],[-169.31159,63.16322],[-169.2189,63.17427],[-169.10885,63.17867],[-169.02424,63.17448],[-168.9641,63.16633],[-168.94818,63.15979],[-168.87783,63.14519],[-168.86024,63.14691],[-168.82768,63.15968],[-168.78324,63.18413],[-168.74776,63.21978],[-168.72436,63.22966],[-168.71668,63.27267],[-168.68768,63.29511],[-168.69743,63.30077],[-168.81246,63.31028],[-168.86737,63.32415],[-168.88163,63.33066],[-168.92061,63.32725],[-168.9382,63.33567],[-169.05157,63.34261],[-169.08318,63.33877],[-169.1735,63.33973],[-169.26168,63.34453],[-169.31088,63.35284],[-169.40215,63.35423],[-169.48747,63.36105],[-169.54713,63.37255],[-169.56852,63.38672],[-169.56947,63.40077],[-169.63032,63.4196],[-169.64933,63.42949],[-169.74868,63.43278],[-169.8623,63.44267],[-169.88892,63.45457],[-169.96497,63.47336],[-169.97733,63.47103],[-170.02962,63.48207],[-170.05814,63.49734],[-170.05933,63.50784],[-170.04032,63.5213],[-170.06836,63.54291],[-170.056,63.55191],[-170.07027,63.56398],[-170.07668,63.58683],[-170.11162,63.61599],[-170.15607,63.61874],[-170.20051,63.63795],[-170.20883,63.65388],[-170.2471,63.66338],[-170.28941,63.68751],[-170.34764,63.68498],[-170.41942,63.6873],[-170.47551,63.69741],[-170.53731,63.68203],[-170.54515,63.66622],[-170.59007,63.66201],[-170.64925,63.66686],[-170.66185,63.65589],[-170.69917,63.64956],[-170.73006,63.63848],[-170.74528,63.62676],[-170.78283,63.61641],[-170.79709,63.60722],[-170.82133,63.6031],[-170.84106,63.59169],[-170.88598,63.58186],[-170.90357,63.57276],[-170.94802,63.5716],[-171.04166,63.58101],[-171.21493,63.60965],[-171.36847,63.62993],[-171.54721,63.66464],[-171.59831,63.67771],[-171.63444,63.69183],[-171.64941,63.709],[-171.64157,63.72752],[-171.64727,63.74056],[-171.63158,63.75129],[-171.63966,63.76926],[-171.67983,63.78669],[-171.69409,63.78196],[-171.7402,63.78343],[-171.72689,63.74876],[-171.72309,63.72762]]],[[[-162.38052,63.62511],[-162.43378,63.63615],[-162.44769,63.62275],[-162.47992,63.62041],[-162.51459,63.62484],[-162.53066,63.63233],[-162.55967,63.63308],[-162.59306,63.62246],[-162.62425,63.62176],[-162.65224,63.60006],[-162.69057,63.59145],[-162.69587,63.58004],[-162.71895,63.58123],[-162.68314,63.57194],[-162.69426,63.55978],[-162.67889,63.55425],[-162.64207,63.55472],[-162.62248,63.54002],[-162.5877,63.54273],[-162.56824,63.53812],[-162.54837,63.54659],[-162.49314,63.54022],[-162.48465,63.54693],[-162.42916,63.54333],[-162.40683,63.55781],[-162.38425,63.55262],[-162.37938,63.54071],[-162.3507,63.54775],[-162.37023,63.56665],[-162.363,63.58219],[-162.34374,63.59052],[-162.3807,63.6068],[-162.38052,63.62511]]],[[[-166.22853,64.49206],[-166.21213,64.47322],[-166.19208,64.49215],[-166.22853,64.49206]]],[[[-168.04718,64.97637],[-168.07475,64.9806],[-168.09472,64.96843],[-168.0826,64.96069],[-168.04861,64.96038],[-168.04718,64.97637]]],[[[-168.95346,65.75813],[-168.94395,65.74525],[-168.90735,65.73939],[-168.89499,65.74369],[-168.8995,65.76886],[-168.93468,65.76555],[-168.95346,65.75813]]],[[[-161.87708,66.28816],[-161.87296,66.31654],[-161.9025,66.30962],[-161.89447,66.28434],[-161.9057,66.26528],[-161.85862,66.2629],[-161.82855,66.26933],[-161.84657,66.28311],[-161.87708,66.28816]]],[[[-159.59532,54.82396],[-159.6053,54.81479],[-159.58985,54.79739],[-159.58058,54.77382],[-159.59555,54.7634],[-159.57155,54.75476],[-159.52092,54.75832],[-159.51403,54.76463],[-159.51189,54.78711],[-159.54113,54.80109],[-159.56703,54.82301],[-159.59532,54.82396]]],[[[-159.8223,54.81657],[-159.79972,54.79451],[-159.77025,54.79383],[-159.75361,54.80479],[-159.74458,54.81849],[-159.71178,54.8163],[-159.71558,54.82533],[-159.69372,54.83437],[-159.73935,54.84217],[-159.75741,54.83533],[-159.77263,54.82232],[-159.78712,54.82492],[-159.8223,54.81657]]],[[[-159.21277,54.89237],[-159.19946,54.91082],[-159.20707,54.9283],[-159.21871,54.93035],[-159.24058,54.92243],[-159.26672,54.92707],[-159.26625,54.94141],[-159.28098,54.95001],[-159.31402,54.93213],[-159.29786,54.92147],[-159.3057,54.90945],[-159.32543,54.90904],[-159.34278,54.90057],[-159.32424,54.89223],[-159.31022,54.86858],[-159.30024,54.86338],[-159.27481,54.86393],[-159.23369,54.87774],[-159.21277,54.89237]]],[[[-159.32852,54.97744],[-159.34421,55.00117],[-159.37653,55.02406],[-159.39578,55.02515],[-159.38271,55.04572],[-159.35633,55.0385],[-159.33874,55.04327],[-159.34777,55.05824],[-159.37392,55.06301],[-159.41147,55.05416],[-159.43999,55.05974],[-159.45568,55.03428],[-159.48087,55.02025],[-159.45948,55.01616],[-159.43785,55.03305],[-159.41955,55.03864],[-159.42193,55.00376],[-159.39982,54.99544],[-159.39864,54.97689],[-159.43548,54.98344],[-159.45259,54.97157],[-159.43785,54.95561],[-159.45687,54.94155],[-159.42692,54.94182],[-159.41409,54.95028],[-159.38628,54.95438],[-159.3656,54.97253],[-159.35086,54.97062],[-159.32852,54.97744]]],[[[-159.8576,55.04408],[-159.84547,55.02379],[-159.83074,55.01084],[-159.81149,55.01629],[-159.82694,55.03877],[-159.84714,55.05566],[-159.8576,55.04408]]],[[[-159.82789,55.07335],[-159.80293,55.06083],[-159.76466,55.07009],[-159.76799,55.08519],[-159.80459,55.09321],[-159.81695,55.08845],[-159.82789,55.07335]]],[[[-159.72758,55.08845],[-159.71309,55.09553],[-159.70714,55.11782],[-159.72758,55.12747],[-159.75278,55.10287],[-159.75539,55.09417],[-159.72758,55.08845]]],[[[-159.58688,55.21205],[-159.56644,55.17609],[-159.57,55.16198],[-159.54885,55.15519],[-159.5441,55.14147],[-159.57951,55.14568],[-159.5883,55.12734],[-159.55503,55.11062],[-159.56026,55.09961],[-159.59163,55.10967],[-159.61492,55.12707],[-159.64749,55.13508],[-159.65699,55.1238],[-159.63513,55.11701],[-159.62895,55.10382],[-159.59805,55.09498],[-159.60494,55.08369],[-159.63537,55.08519],[-159.65295,55.06587],[-159.65058,55.04749],[-159.61112,55.05253],[-159.59472,55.0449],[-159.57,55.04558],[-159.57761,55.08138],[-159.55051,55.08002],[-159.5353,55.05457],[-159.51225,55.04231],[-159.48729,55.05402],[-159.53269,55.08369],[-159.52461,55.09403],[-159.53007,55.10613],[-159.51581,55.12353],[-159.49442,55.13726],[-159.52294,55.15315],[-159.49252,55.15695],[-159.50322,55.17664],[-159.53602,55.17569],[-159.54148,55.19251],[-159.51534,55.20635],[-159.50535,55.23591],[-159.52057,55.24336],[-159.53126,55.22438],[-159.54766,55.20771],[-159.56073,55.20472],[-159.57286,55.21801],[-159.58688,55.21205]]],[[[-159.39935,55.71875],[-159.38438,55.72344],[-159.33395,55.75888],[-159.3353,55.77099],[-159.37095,55.77246],[-159.38545,55.72725],[-159.39935,55.71875]]],[[[-159.3651,55.79299],[-159.34005,55.79118],[-159.3246,55.77467],[-159.3101,55.76772],[-159.31141,55.74859],[-159.28347,55.76029],[-159.27326,55.77434],[-159.2943,55.78189],[-159.29192,55.79846],[-159.3126,55.80721],[-159.31402,55.81529],[-159.35467,55.80634],[-159.3651,55.79299]]],[[[-155.57518,55.78093],[-155.5621,55.79122],[-155.56424,55.81353],[-155.58492,55.85278],[-155.55949,55.89545],[-155.56258,55.9077],[-155.59633,55.9137],[-155.6182,55.90944],[-155.63365,55.90051],[-155.65337,55.86572],[-155.67904,55.84744],[-155.75249,55.82275],[-155.72373,55.80418],[-155.73466,55.79202],[-155.72587,55.77545],[-155.69402,55.77291],[-155.67072,55.77706],[-155.64434,55.77345],[-155.61297,55.75767],[-155.58611,55.76329],[-155.57518,55.78093]]],[[[-158.73236,55.8276],[-158.71287,55.82533],[-158.70098,55.84015],[-158.71833,55.84962],[-158.74567,55.85056],[-158.7478,55.8759],[-158.79986,55.89323],[-158.81887,55.88936],[-158.84478,55.87776],[-158.86973,55.87856],[-158.88732,55.86536],[-158.87734,55.85829],[-158.89897,55.82627],[-158.88518,55.80917],[-158.85714,55.80744],[-158.87663,55.82293],[-158.86474,55.82613],[-158.86308,55.84348],[-158.8462,55.85656],[-158.79463,55.8639],[-158.80319,55.84989],[-158.77442,55.84695],[-158.76207,55.83614],[-158.72998,55.84148],[-158.73236,55.8276]]],[[[-159.11247,55.86427],[-159.14801,55.87674],[-159.15371,55.86474],[-159.18489,55.8425],[-159.16322,55.83919],[-159.14064,55.82744],[-159.1158,55.8249],[-159.09453,55.83358],[-159.09668,55.85486],[-159.11247,55.86427]]],[[[-156.68205,56.02118],[-156.67231,56.03167],[-156.67872,56.03964],[-156.63404,56.048],[-156.64022,56.07043],[-156.67635,56.08714],[-156.6975,56.06977],[-156.73006,56.08436],[-156.73648,56.07388],[-156.71366,56.05875],[-156.72483,56.03645],[-156.75074,56.03712],[-156.73862,56.0245],[-156.70487,56.01998],[-156.7063,56.01042],[-156.68181,55.99434],[-156.67041,55.99646],[-156.68205,56.02118]]],[[[-158.15947,56.14452],[-158.11479,56.13366],[-158.1231,56.14783],[-158.15947,56.14452]]],[[[-156.75122,56.19176],[-156.78211,56.20869],[-156.8066,56.19745],[-156.80065,56.17893],[-156.80612,56.16768],[-156.80493,56.1563],[-156.76476,56.15207],[-156.76524,56.1743],[-156.75122,56.19176]]],[[[-157.90396,56.34644],[-157.89255,56.33709],[-157.86522,56.3338],[-157.85167,56.31851],[-157.82767,56.30968],[-157.81721,56.32181],[-157.79962,56.32207],[-157.82054,56.34552],[-157.80746,56.35645],[-157.83028,56.36685],[-157.8695,56.35988],[-157.87829,56.35198],[-157.90396,56.34644]]],[[[-154.46735,56.51388],[-154.46307,56.52634],[-154.39272,56.55412],[-154.38773,56.57101],[-154.40104,56.58685],[-154.47353,56.6019],[-154.51322,56.60099],[-154.55815,56.58659],[-154.63919,56.54639],[-154.68934,56.5266],[-154.72737,56.50011],[-154.7673,56.46402],[-154.79535,56.4317],[-154.78941,56.41856],[-154.75827,56.40225],[-154.72809,56.4058],[-154.6998,56.42092],[-154.68625,56.43564],[-154.63729,56.46861],[-154.59974,56.48384],[-154.55387,56.49657],[-154.46735,56.51388]]],[[[-156.97178,56.53774],[-156.99579,56.5515],[-157.07708,56.58057],[-157.09562,56.58332],[-157.1315,56.58031],[-157.16739,56.5841],[-157.20637,56.57717],[-157.23299,56.57769],[-157.24298,56.58319],[-157.27031,56.57952],[-157.3005,56.56014],[-157.31571,56.54337],[-157.32925,56.53839],[-157.32521,56.52594],[-157.3043,56.53171],[-157.26651,56.52896],[-157.24203,56.53315],[-157.19544,56.52725],[-157.18356,56.53223],[-157.15028,56.52817],[-157.14101,56.54246],[-157.11938,56.55255],[-157.09847,56.5494],[-157.06567,56.55137],[-157.01718,56.54861],[-157.00458,56.53721],[-156.98818,56.53289],[-156.97178,56.53774]]],[[[-153.97726,56.5553],[-154.02265,56.55294],[-154.04428,56.55988],[-154.07637,56.59104],[-154.07851,56.60556],[-154.09657,56.61982],[-154.14577,56.60988],[-154.19426,56.60726],[-154.22159,56.61721],[-154.28767,56.59745],[-154.3131,56.58633],[-154.34471,56.56211],[-154.36372,56.54259],[-154.36182,56.52581],[-154.33924,56.50798],[-154.27483,56.50431],[-154.23015,56.49355],[-154.2021,56.5026],[-154.16122,56.50995],[-154.10727,56.5009],[-154.06211,56.50076],[-154.03882,56.50535],[-154.0015,56.50667],[-153.99342,56.50221],[-153.95159,56.50509],[-153.93709,56.51716],[-153.8848,56.53158],[-153.86578,56.5511],[-153.87149,56.56263],[-153.90999,56.5646],[-153.94184,56.55857],[-153.96941,56.5608],[-153.97726,56.5553]]],[[[-154.12367,56.6952],[-154.06306,56.68933],[-154.05117,56.68397],[-154.02646,56.68528],[-154.01814,56.6922],[-154.02099,56.71751],[-154.04333,56.72234],[-154.07066,56.71842],[-154.09538,56.70603],[-154.11939,56.71203],[-154.13769,56.70512],[-154.1567,56.68345],[-154.14649,56.68202],[-154.12367,56.6952]]],[[[-153.90262,56.72716],[-153.8703,56.7329],[-153.87672,56.73902],[-153.90262,56.72716]]],[[[-153.61788,56.90006],[-153.60362,56.88734],[-153.5896,56.88734],[-153.55751,56.90019],[-153.55847,56.91433],[-153.60244,56.90759],[-153.61788,56.90006]]],[[[-156.51356,57.03126],[-156.47434,57.02441],[-156.49525,57.04174],[-156.51356,57.03126]]],[[[-154.63135,57.50859],[-154.6487,57.48815],[-154.66558,57.45633],[-154.68673,57.44904],[-154.71644,57.43037],[-154.69743,57.41898],[-154.69362,57.40963],[-154.70004,57.39196],[-154.7181,57.3698],[-154.73783,57.35826],[-154.76231,57.35813],[-154.77966,57.36634],[-154.79654,57.348],[-154.77752,57.33402],[-154.75019,57.32889],[-154.74211,57.31619],[-154.75613,57.30592],[-154.75043,57.29282],[-154.7818,57.28216],[-154.72666,57.27818],[-154.69172,57.28614],[-154.67318,57.27509],[-154.68269,57.26687],[-154.62089,57.27124],[-154.59118,57.25671],[-154.57336,57.24],[-154.56623,57.22212],[-154.54721,57.20706],[-154.52986,57.18311],[-154.52368,57.15669],[-154.51394,57.07681],[-154.51536,57.02756],[-154.52487,56.99469],[-154.46545,56.98291],[-154.40175,56.96581],[-154.37513,56.95259],[-154.36372,56.94053],[-154.32783,56.92821],[-154.30716,56.91005],[-154.30003,56.88682],[-154.30121,56.85148],[-154.27317,56.85395],[-154.25083,56.86721],[-154.22706,56.87474],[-154.2311,56.88747],[-154.21042,56.90953],[-154.16336,56.91978],[-154.12699,56.95363],[-154.11701,56.96866],[-154.07566,56.97008],[-154.04951,56.99068],[-154.04167,57.00414],[-154.01742,57.01915],[-154.00815,57.03054],[-153.97654,57.05614],[-153.9725,57.06467],[-153.93875,57.07901],[-153.92568,57.08986],[-153.90358,57.09748],[-153.881,57.118],[-153.84107,57.12148],[-153.82039,57.12909],[-153.82015,57.14277],[-153.80423,57.15888],[-153.78307,57.15733],[-153.77903,57.13348],[-153.79923,57.11413],[-153.84891,57.09141],[-153.87101,57.08908],[-153.92307,57.06157],[-153.91403,57.05472],[-153.92853,57.03493],[-153.94921,57.0176],[-153.9668,56.99689],[-153.96086,56.9912],[-153.97322,56.95946],[-153.91475,56.95777],[-153.88694,56.96529],[-153.87791,56.97656],[-153.86079,56.97669],[-153.8413,56.9662],[-153.83631,56.95557],[-153.84463,56.94481],[-153.87291,56.92757],[-153.90215,56.92601],[-153.91689,56.91706],[-153.94279,56.91511],[-153.98011,56.89733],[-153.98058,56.88734],[-153.99532,56.8811],[-154.00697,56.86071],[-154.02455,56.85434],[-154.04095,56.85668],[-154.06377,56.84953],[-154.10251,56.81325],[-154.10275,56.79972],[-154.12676,56.78527],[-154.14221,56.75089],[-154.12937,56.74346],[-154.08421,56.75167],[-154.05403,56.76431],[-154.03501,56.76431],[-154.01552,56.74437],[-153.9744,56.74437],[-153.92972,56.76209],[-153.90167,56.7686],[-153.89383,56.79022],[-153.87196,56.7992],[-153.83964,56.81989],[-153.84748,56.826],[-153.83251,56.839],[-153.79852,56.84862],[-153.78497,56.83237],[-153.73554,56.84849],[-153.70321,56.85317],[-153.67849,56.87526],[-153.71747,56.87721],[-153.74338,56.87058],[-153.75907,56.85928],[-153.7738,56.86773],[-153.76501,56.8811],[-153.7315,56.88928],[-153.7044,56.90201],[-153.68943,56.91654],[-153.70226,56.94092],[-153.66471,56.9312],[-153.60648,56.93444],[-153.5953,56.95596],[-153.55371,56.97034],[-153.53993,57.00065],[-153.57273,57.01139],[-153.60172,57.01411],[-153.60838,57.02096],[-153.57629,57.03894],[-153.5915,57.05575],[-153.60838,57.05291],[-153.63571,57.05911],[-153.65995,57.05342],[-153.70107,57.05717],[-153.66756,57.07384],[-153.66827,57.0865],[-153.60576,57.0865],[-153.57605,57.09322],[-153.54801,57.08211],[-153.5202,57.07578],[-153.49738,57.06531],[-153.4836,57.08908],[-153.49096,57.10638],[-153.51426,57.12871],[-153.50499,57.1438],[-153.48264,57.13941],[-153.46553,57.11632],[-153.44842,57.11232],[-153.42536,57.12639],[-153.39827,57.15489],[-153.36547,57.17641],[-153.36666,57.1983],[-153.34027,57.18968],[-153.31936,57.19418],[-153.28703,57.21298],[-153.28656,57.17963],[-153.30034,57.1746],[-153.33314,57.14663],[-153.37545,57.12264],[-153.36951,57.10909],[-153.35477,57.10032],[-153.40065,57.0812],[-153.39708,57.06363],[-153.34241,57.07901],[-153.32958,57.06777],[-153.35763,57.05278],[-153.32126,57.04282],[-153.32078,57.02653],[-153.34431,57.01178],[-153.336,57.00298],[-153.31461,57.00039],[-153.30581,56.99158],[-153.26208,57.00323],[-153.23474,57.00375],[-153.22286,57.01889],[-153.19624,57.04037],[-153.20337,57.05743],[-153.21716,57.06105],[-153.2048,57.07991],[-153.18911,57.0896],[-153.15488,57.10109],[-153.13349,57.10057],[-153.12113,57.09102],[-153.09142,57.09709],[-153.09095,57.1078],[-153.0572,57.11],[-153.02083,57.12381],[-152.95381,57.12019],[-152.92529,57.12832],[-152.91245,57.12626],[-152.86801,57.15089],[-152.87823,57.16623],[-152.91863,57.16674],[-152.93978,57.17628],[-152.94739,57.18864],[-152.96949,57.18993],[-153.00776,57.18208],[-153.01941,57.16945],[-153.07193,57.17473],[-153.06195,57.19045],[-153.11495,57.1795],[-153.12898,57.17048],[-153.1632,57.15837],[-153.17628,57.16545],[-153.16463,57.17357],[-153.15988,57.188],[-153.16867,57.19766],[-153.20908,57.20049],[-153.21549,57.21401],[-153.20218,57.22186],[-153.1701,57.22096],[-153.15702,57.21439],[-153.07146,57.21311],[-153.04626,57.21877],[-153.02321,57.23086],[-152.97924,57.23768],[-152.95024,57.24887],[-152.94427,57.26138],[-152.96165,57.26851],[-152.97442,57.2836],[-152.99136,57.28381],[-153.01213,57.29782],[-153.05349,57.29119],[-153.06482,57.29343],[-153.09695,57.28521],[-153.1174,57.29722],[-153.15234,57.29827],[-153.17991,57.30415],[-153.16838,57.31349],[-153.1666,57.338],[-153.15068,57.33364],[-153.14443,57.32158],[-153.09998,57.31798],[-153.05339,57.33043],[-152.98518,57.34172],[-152.97425,57.32966],[-152.94596,57.33005],[-152.87667,57.35259],[-152.86412,57.34651],[-152.88837,57.33658],[-152.89935,57.3218],[-152.88464,57.29115],[-152.86122,57.30421],[-152.83782,57.2977],[-152.84281,57.27522],[-152.81072,57.26687],[-152.74489,57.31272],[-152.72445,57.31067],[-152.71019,57.30271],[-152.71232,57.29205],[-152.69664,57.28049],[-152.63294,57.32004],[-152.63151,57.34634],[-152.60466,57.35762],[-152.60703,57.37633],[-152.60062,57.38389],[-152.62296,57.39235],[-152.627,57.40618],[-152.66526,57.40707],[-152.67715,57.41539],[-152.69592,57.41501],[-152.72421,57.4223],[-152.72991,57.43727],[-152.76057,57.45838],[-152.78339,57.46144],[-152.81667,57.47193],[-152.88013,57.4709],[-152.89914,57.46758],[-152.91316,57.47934],[-152.88821,57.48534],[-152.89771,57.49416],[-152.88298,57.5114],[-152.84519,57.50769],[-152.81928,57.49582],[-152.80145,57.49441],[-152.77507,57.50386],[-152.73823,57.50463],[-152.68571,57.46656],[-152.65219,57.46477],[-152.62391,57.47653],[-152.60038,57.47231],[-152.60561,57.46362],[-152.58921,57.45441],[-152.5412,57.44917],[-152.51671,57.43382],[-152.48724,57.46809],[-152.45254,57.45876],[-152.45658,57.44393],[-152.48653,57.42755],[-152.47536,57.42307],[-152.43804,57.43779],[-152.40833,57.43715],[-152.33941,57.42269],[-152.31492,57.43241],[-152.32705,57.44098],[-152.32491,57.46924],[-152.31564,57.48854],[-152.29401,57.5174],[-152.25907,57.52824],[-152.15592,57.59225],[-152.1621,57.61313],[-152.17374,57.6237],[-152.1968,57.62573],[-152.20726,57.62013],[-152.24695,57.61606],[-152.26786,57.63031],[-152.31445,57.61962],[-152.32514,57.62675],[-152.31397,57.63642],[-152.34345,57.65397],[-152.36341,57.64164],[-152.36341,57.62942],[-152.38195,57.6256],[-152.38884,57.61491],[-152.40833,57.60944],[-152.42711,57.59454],[-152.45943,57.59454],[-152.46942,57.60103],[-152.44969,57.61402],[-152.4176,57.65079],[-152.39811,57.66504],[-152.3703,57.67889],[-152.3955,57.68867],[-152.41618,57.6855],[-152.42877,57.67482],[-152.46728,57.65893],[-152.48748,57.64622],[-152.50801,57.65955],[-152.47288,57.67303],[-152.47742,57.68735],[-152.46736,57.7017],[-152.4802,57.72197],[-152.51428,57.70544],[-152.52184,57.7187],[-152.49431,57.73263],[-152.48134,57.74405],[-152.48424,57.75439],[-152.44653,57.77974],[-152.36373,57.79919],[-152.34607,57.81812],[-152.34701,57.83324],[-152.39806,57.82448],[-152.41776,57.81548],[-152.44302,57.83238],[-152.4182,57.8399],[-152.40251,57.85393],[-152.42432,57.85881],[-152.42548,57.86626],[-152.45595,57.86892],[-152.46668,57.8933],[-152.5161,57.90896],[-152.55219,57.89794],[-152.58625,57.90877],[-152.58686,57.9231],[-152.63424,57.91726],[-152.6356,57.89331],[-152.66146,57.87962],[-152.67239,57.88038],[-152.70139,57.86951],[-152.71701,57.85525],[-152.72842,57.82033],[-152.74596,57.81888],[-152.76036,57.84227],[-152.78609,57.85705],[-152.83138,57.83984],[-152.84709,57.82524],[-152.85374,57.78244],[-152.8497,57.74085],[-152.84276,57.72971],[-152.86446,57.72214],[-152.87425,57.73755],[-152.9036,57.75061],[-152.91616,57.77581],[-152.90539,57.77713],[-152.89387,57.79674],[-152.90902,57.80398],[-152.91405,57.81857],[-152.88833,57.84531],[-152.86304,57.86321],[-152.84555,57.86726],[-152.86204,57.87914],[-152.79884,57.89908],[-152.80557,57.91378],[-152.85089,57.92989],[-152.90318,57.93506],[-152.93337,57.94856],[-152.9607,57.94414],[-153.00277,57.94667],[-153.05767,57.96104],[-153.08762,57.95915],[-153.119,57.94868],[-153.15393,57.96571],[-153.20099,57.96949],[-153.25043,57.99671],[-153.28014,58.00011],[-153.30391,57.99054],[-153.2963,57.9768],[-153.26802,57.95575],[-153.22452,57.94049],[-153.20147,57.93758],[-153.19268,57.92471],[-153.16796,57.91701],[-153.16249,57.90779],[-153.13207,57.89163],[-153.11091,57.87267],[-153.0919,57.86749],[-153.08762,57.84498],[-153.1048,57.84168],[-153.11616,57.85583],[-153.15049,57.86361],[-153.16656,57.87794],[-153.23448,57.89053],[-153.20475,57.85441],[-153.23049,57.85428],[-153.25817,57.87531],[-153.25599,57.88308],[-153.28137,57.90222],[-153.31243,57.90768],[-153.34336,57.93039],[-153.36951,57.93355],[-153.39542,57.94616],[-153.41871,57.94843],[-153.45983,57.96773],[-153.4767,57.96987],[-153.51544,57.96016],[-153.51901,57.9449],[-153.53351,57.92724],[-153.48977,57.89744],[-153.45175,57.87798],[-153.40778,57.87141],[-153.39304,57.85712],[-153.32958,57.85042],[-153.31461,57.82423],[-153.26968,57.81879],[-153.27396,57.80992],[-153.29773,57.8022],[-153.35311,57.8103],[-153.38567,57.82018],[-153.40801,57.83144],[-153.47076,57.84232],[-153.48526,57.83549],[-153.47694,57.81334],[-153.44248,57.78421],[-153.43749,57.76837],[-153.46363,57.76507],[-153.48859,57.77559],[-153.50522,57.73578],[-153.52234,57.71103],[-153.5511,57.72169],[-153.54991,57.75886],[-153.52971,57.77433],[-153.54278,57.79739],[-153.55751,57.80435],[-153.57035,57.83182],[-153.59673,57.84359],[-153.62169,57.84308],[-153.63024,57.86205],[-153.61812,57.88101],[-153.64451,57.88417],[-153.66091,57.87899],[-153.71177,57.88544],[-153.7334,57.89239],[-153.75455,57.88026],[-153.7757,57.87735],[-153.78901,57.86825],[-153.85604,57.86307],[-153.852,57.85042],[-153.86674,57.83739],[-153.89621,57.83195],[-153.89835,57.82334],[-153.93162,57.80841],[-153.93471,57.77319],[-153.92782,57.75151],[-153.93685,57.73324],[-153.92069,57.70087],[-153.86365,57.70569],[-153.82158,57.6949],[-153.7971,57.6963],[-153.78022,57.6855],[-153.76548,57.68855],[-153.67517,57.66923],[-153.64783,57.65156],[-153.66138,57.64113],[-153.69323,57.64151],[-153.70155,57.65219],[-153.7227,57.64265],[-153.74172,57.65054],[-153.82134,57.648],[-153.86483,57.65016],[-153.87862,57.63248],[-153.86639,57.62196],[-153.82823,57.60218],[-153.80613,57.58613],[-153.87696,57.54521],[-153.8703,57.53348],[-153.87173,57.5142],[-153.92045,57.5068],[-153.92473,57.53309],[-153.9523,57.54062],[-153.98462,57.54419],[-153.97084,57.5674],[-153.98272,57.586],[-153.98035,57.62115],[-153.98962,57.63095],[-153.98058,57.6494],[-154.00174,57.65792],[-154.02527,57.65219],[-154.03073,57.66084],[-154.05688,57.65372],[-154.09776,57.65067],[-154.22587,57.66224],[-154.25154,57.65194],[-154.26152,57.64215],[-154.30311,57.63629],[-154.33948,57.63769],[-154.34804,57.62255],[-154.39629,57.60371],[-154.42386,57.58103],[-154.46212,57.57122],[-154.4992,57.57798],[-154.5156,57.56778],[-154.51703,57.55694],[-154.53105,57.54164],[-154.561,57.53194],[-154.58429,57.5202],[-154.61234,57.51663],[-154.63135,57.50859]]],[[[-152.31849,57.3639],[-152.28807,57.36441],[-152.25479,57.38107],[-152.26311,57.39145],[-152.28094,57.39145],[-152.30494,57.37813],[-152.31849,57.3639]]],[[[-136.29069,57.7163],[-136.26467,57.70151],[-136.26395,57.68919],[-136.23032,57.70475],[-136.25255,57.72817],[-136.27204,57.71643],[-136.29069,57.7163]]],[[[-152.23982,57.79333],[-152.25693,57.78953],[-152.27072,57.77585],[-152.30043,57.76444],[-152.31088,57.75493],[-152.29425,57.75392],[-152.23697,57.77306],[-152.23982,57.79333]]],[[[-152.30993,57.78155],[-152.32823,57.80055],[-152.35913,57.78193],[-152.35248,57.76152],[-152.32396,57.76748],[-152.30993,57.78155]]],[[[-152.51736,57.92059],[-152.49414,57.92195],[-152.47737,57.91365],[-152.43139,57.89996],[-152.40382,57.8862],[-152.36246,57.88354],[-152.3256,57.91324],[-152.35921,57.9251],[-152.40429,57.92706],[-152.41282,57.94034],[-152.44157,57.95979],[-152.46949,57.94822],[-152.51736,57.92059]]],[[[-152.84947,57.94175],[-152.81762,57.93481],[-152.81619,57.92926],[-152.78078,57.92118],[-152.76081,57.92509],[-152.73752,57.94099],[-152.73942,57.94629],[-152.72231,57.98638],[-152.7418,57.98537],[-152.75059,57.97693],[-152.79456,57.97945],[-152.84852,57.97088],[-152.86206,57.95726],[-152.84947,57.94175]]],[[[-154.46594,58.06411],[-154.4997,58.07128],[-154.51538,58.06449],[-154.50112,58.04915],[-154.46428,58.05569],[-154.46594,58.06411]]],[[[-151.87688,58.17087],[-151.86333,58.1651],[-151.80795,58.18691],[-151.79441,58.21083],[-151.79678,58.22435],[-151.78918,58.24199],[-151.79607,58.25688],[-151.83933,58.26688],[-151.86809,58.25425],[-151.87902,58.24462],[-151.86785,58.22836],[-151.89471,58.21446],[-151.89613,58.19768],[-151.89494,58.18904],[-151.87617,58.18227],[-151.87688,58.17087]]],[[[-136.28175,58.26188],[-136.31692,58.27174],[-136.3291,58.25715],[-136.35729,58.26643],[-136.40459,58.2708],[-136.35539,58.23804],[-136.30714,58.23203],[-136.28646,58.2468],[-136.28175,58.26188]]],[[[-153.17057,58.09005],[-153.19624,58.10236],[-153.2597,58.14479],[-153.2963,58.14617],[-153.31912,58.13663],[-153.31936,58.12584],[-153.33837,58.11944],[-153.33814,58.1001],[-153.3619,58.0952],[-153.37046,58.08741],[-153.39708,58.08088],[-153.41966,58.06077],[-153.37925,58.05234],[-153.36523,58.038],[-153.29773,58.05033],[-153.24235,58.04454],[-153.22666,58.0497],[-153.20908,58.03246],[-153.13112,58.01812],[-153.08762,57.99809],[-153.04817,57.98713],[-153.00729,57.98499],[-152.98257,57.97794],[-152.91602,57.97667],[-152.89082,57.96924],[-152.87989,57.98096],[-152.85351,57.99318],[-152.79884,57.98877],[-152.78006,57.9928],[-152.75511,58.02529],[-152.7784,58.05272],[-152.78339,58.07409],[-152.76984,58.0756],[-152.762,58.05649],[-152.73348,58.05033],[-152.65742,58.06127],[-152.63104,58.08578],[-152.60584,58.12232],[-152.60466,58.15294],[-152.59515,58.17012],[-152.59372,58.18653],[-152.57043,58.18766],[-152.56116,58.17701],[-152.55973,58.13676],[-152.57019,58.11655],[-152.5576,58.08565],[-152.53288,58.08754],[-152.52218,58.11567],[-152.46015,58.12534],[-152.45325,58.13638],[-152.3936,58.11843],[-152.38314,58.1276],[-152.3482,58.12408],[-152.34416,58.11052],[-152.28997,58.12697],[-152.27476,58.12358],[-152.26359,58.13387],[-152.28902,58.14805],[-152.32562,58.16184],[-152.33228,58.18941],[-152.28949,58.17663],[-152.28331,58.18353],[-152.28973,58.20219],[-152.31183,58.21246],[-152.31112,58.24087],[-152.26382,58.23849],[-152.25408,58.24475],[-152.22199,58.22998],[-152.22128,58.21972],[-152.2063,58.21196],[-152.22389,58.20457],[-152.22009,58.19217],[-152.20464,58.18741],[-152.20155,58.17588],[-152.18444,58.17112],[-152.15948,58.17864],[-152.14189,58.17588],[-152.13643,58.15695],[-152.11361,58.1478],[-152.08366,58.15344],[-152.04563,58.18378],[-152.05657,58.19568],[-152.03232,58.20758],[-152.0,58.20595],[-151.98431,58.21546],[-151.97267,58.23224],[-151.98669,58.23987],[-151.97789,58.255],[-151.96482,58.2585],[-151.97029,58.31448],[-151.96458,58.3317],[-151.98075,58.3448],[-151.99905,58.34293],[-152.03422,58.288],[-152.07059,58.27213],[-152.0568,58.30973],[-152.08295,58.30774],[-152.10767,58.27863],[-152.10886,58.25838],[-152.12644,58.22886],[-152.14284,58.22435],[-152.14688,58.26663],[-152.13904,58.293],[-152.11147,58.32733],[-152.08984,58.37373],[-152.11622,58.37248],[-152.12882,58.39317],[-152.17089,58.3746],[-152.18468,58.35727],[-152.21581,58.35216],[-152.24077,58.36912],[-152.21676,58.38133],[-152.23958,58.39416],[-152.24837,58.405],[-152.27167,58.4116],[-152.28521,58.42392],[-152.32728,58.435],[-152.33727,58.42628],[-152.32015,58.41882],[-152.32776,58.41023],[-152.36056,58.41608],[-152.34392,58.39342],[-152.36721,58.37921],[-152.36983,58.35902],[-152.41118,58.34942],[-152.4359,58.37323],[-152.45444,58.35278],[-152.48653,58.35278],[-152.4939,58.3736],[-152.47845,58.38395],[-152.46847,58.39989],[-152.50578,58.41322],[-152.53335,58.41234],[-152.51244,58.42703],[-152.50174,58.44408],[-152.47987,58.45962],[-152.47892,58.46969],[-152.45516,58.48075],[-152.4359,58.48199],[-152.40928,58.49429],[-152.40001,58.51553],[-152.36246,58.53302],[-152.38124,58.54506],[-152.3703,58.56304],[-152.3482,58.57419],[-152.33679,58.58807],[-152.35272,58.59699],[-152.34131,58.62187],[-152.32253,58.63338],[-152.34083,58.6387],[-152.40073,58.62694],[-152.41618,58.60887],[-152.45349,58.63325],[-152.48083,58.60999],[-152.50483,58.60541],[-152.50507,58.59723],[-152.54642,58.60132],[-152.54595,58.61135],[-152.57376,58.62026],[-152.59039,58.60442],[-152.60988,58.60627],[-152.64078,58.58757],[-152.63769,58.57431],[-152.65718,58.56452],[-152.66574,58.53898],[-152.64316,58.53116],[-152.64316,58.52049],[-152.65599,58.50708],[-152.6229,58.49484],[-152.60118,58.49495],[-152.51671,58.46745],[-152.54476,58.459],[-152.57827,58.46932],[-152.60466,58.46907],[-152.651,58.48274],[-152.66431,58.4805],[-152.67525,58.46372],[-152.7109,58.46459],[-152.7418,58.4595],[-152.74726,58.44084],[-152.76937,58.43748],[-152.77602,58.42044],[-152.81144,58.40425],[-152.86135,58.40338],[-152.88821,58.40624],[-152.85184,58.38108],[-152.82689,58.38108],[-152.8093,58.367],[-152.78268,58.36762],[-152.78505,58.35066],[-152.80811,58.34318],[-152.78553,58.33133],[-152.77246,58.31747],[-152.78042,58.30706],[-152.82019,58.31574],[-152.84701,58.33217],[-152.87769,58.33445],[-152.89041,58.34324],[-152.92267,58.34106],[-152.93622,58.33395],[-152.92172,58.31435],[-152.90746,58.30699],[-152.84519,58.30074],[-152.82182,58.29516],[-152.84555,58.28133],[-152.86295,58.28762],[-152.88797,58.28213],[-152.90722,58.27188],[-152.91911,58.2835],[-152.93551,58.27938],[-152.95357,58.286],[-152.98043,58.28725],[-152.98993,58.29575],[-153.04722,58.30561],[-153.06433,58.29087],[-153.06908,58.27825],[-153.10259,58.26088],[-153.10141,58.25575],[-153.06837,58.23637],[-153.04389,58.23249],[-153.008,58.22147],[-153.00871,58.20006],[-153.03414,58.20194],[-153.05862,58.1943],[-153.08715,58.20144],[-153.15108,58.20808],[-153.17604,58.21684],[-153.21098,58.20157],[-153.21977,58.18515],[-153.21312,58.17876],[-153.22048,58.15933],[-153.18745,58.13525],[-153.16748,58.12709],[-153.15988,58.1104],[-153.14799,58.106],[-153.12327,58.11278],[-153.05411,58.1119],[-153.09237,58.09043],[-153.17057,58.09005]]],[[[-159.99507,58.61358],[-159.97772,58.59166],[-159.9587,58.60058],[-159.9675,58.61122],[-159.99507,58.61358]]],[[[-153.57833,58.59808],[-153.54945,58.59753],[-153.55421,58.61145],[-153.57833,58.59808]]],[[[-152.02402,58.91521],[-152.00976,58.90822],[-151.95759,58.91466],[-151.98088,58.92558],[-152.02402,58.91521]]],[[[-136.78582,58.9116],[-136.81316,58.92779],[-136.81031,58.94177],[-136.85166,58.94852],[-136.86426,58.93834],[-136.85903,58.92939],[-136.821,58.91025],[-136.79676,58.90546],[-136.78582,58.9116]]],[[[-152.02854,58.93766],[-152.04221,58.94913],[-152.06288,58.9433],[-152.06811,58.92589],[-152.07786,58.92319],[-152.07845,58.91399],[-152.05742,58.90945],[-152.05159,58.9254],[-152.02854,58.93766]]],[[[-152.24423,58.91184],[-152.20929,58.93251],[-152.18374,58.92871],[-152.15998,58.93386],[-152.18054,58.94631],[-152.20014,58.93871],[-152.2333,58.93687],[-152.29462,58.95471],[-152.29819,58.94245],[-152.31387,58.93294],[-152.31197,58.92251],[-152.32707,58.91337],[-152.35903,58.9157],[-152.33241,58.90656],[-152.29581,58.90466],[-152.24423,58.91184]]],[[[-151.67226,59.12107],[-151.68485,59.12918],[-151.7047,59.13009],[-151.72597,59.116],[-151.71373,59.10112],[-151.68319,59.10057],[-151.6618,59.09574],[-151.6391,59.11039],[-151.67226,59.12107]]],[[[-151.43696,59.13387],[-151.45062,59.13314],[-151.50125,59.14728],[-151.52882,59.14759],[-151.52466,59.13107],[-151.49566,59.12582],[-151.47498,59.11399],[-151.44183,59.10771],[-151.43173,59.11765],[-151.43696,59.13387]]],[[[-151.79017,59.16362],[-151.79707,59.17485],[-151.82338,59.17789],[-151.85024,59.16547],[-151.88189,59.15601],[-151.87615,59.14681],[-151.84551,59.14526],[-151.80792,59.13518],[-151.79017,59.16362]]],[[[-150.60995,59.36668],[-150.62326,59.3846],[-150.61185,59.39404],[-150.63894,59.40747],[-150.67079,59.41073],[-150.69694,59.41823],[-150.70835,59.40335],[-150.70359,59.3846],[-150.71144,59.36922],[-150.73758,59.36244],[-150.74875,59.33699],[-150.76991,59.34015],[-150.77585,59.3074],[-150.75089,59.30328],[-150.72974,59.31117],[-150.72094,59.2886],[-150.68078,59.30461],[-150.66248,59.32135],[-150.66105,59.33372],[-150.6418,59.34742],[-150.61874,59.35129],[-150.60995,59.36668]]],[[[-150.40222,59.37691],[-150.42575,59.378],[-150.43989,59.37116],[-150.39402,59.36886],[-150.38391,59.35566],[-150.41267,59.35832],[-150.41862,59.35057],[-150.38534,59.34196],[-150.37049,59.37176],[-150.37583,59.38206],[-150.40222,59.37691]]],[[[-153.51317,59.3203],[-153.41928,59.32745],[-153.36343,59.33812],[-153.34109,59.3569],[-153.34774,59.37398],[-153.37888,59.39311],[-153.39052,59.41089],[-153.41928,59.41404],[-153.46563,59.40557],[-153.47062,59.39807],[-153.49914,59.39226],[-153.56165,59.39141],[-153.57615,59.37556],[-153.55238,59.36793],[-153.54311,59.35763],[-153.55215,59.33509],[-153.51317,59.3203]]],[[[-151.5161,59.52279],[-151.48972,59.51182],[-151.48045,59.52616],[-151.49519,59.53279],[-151.5161,59.52279]]],[[[-139.77251,59.60166],[-139.80483,59.58674],[-139.78534,59.55701],[-139.76419,59.57399],[-139.76466,59.58434],[-139.73293,59.57724],[-139.71582,59.58831],[-139.73246,59.59697],[-139.7245,59.62937],[-139.74696,59.62462],[-139.77251,59.60166]]],[[[-149.77949,59.63183],[-149.80742,59.65525],[-149.84605,59.67608],[-149.8344,59.65525],[-149.76488,59.60743],[-149.77949,59.63183]]],[[[-149.66628,59.69198],[-149.65897,59.67261],[-149.66732,59.66642],[-149.64488,59.66194],[-149.65584,59.69435],[-149.66628,59.69198]]],[[[-139.51676,59.71782],[-139.55135,59.7295],[-139.56406,59.73903],[-139.58498,59.7325],[-139.59841,59.71794],[-139.59306,59.71039],[-139.55776,59.70439],[-139.52187,59.71135],[-139.51676,59.71782]]],[[[-149.39775,59.86895],[-149.40012,59.85367],[-149.41153,59.85104],[-149.36566,59.85821],[-149.38277,59.86906],[-149.39775,59.86895]]],[[[-144.32253,59.99279],[-144.34464,59.98185],[-144.34464,59.9702],[-144.36769,59.96044],[-144.39692,59.94223],[-144.4176,59.9364],[-144.4321,59.94045],[-144.44755,59.92747],[-144.44422,59.92044],[-144.56544,59.85235],[-144.57899,59.82536],[-144.60632,59.79213],[-144.56377,59.80863],[-144.52622,59.83946],[-144.48582,59.86202],[-144.45349,59.87121],[-144.41309,59.90412],[-144.19323,60.00254],[-144.21819,60.00598],[-144.31231,59.98661],[-144.32253,59.99279]]],[[[-149.33064,59.90647],[-149.32054,59.93333],[-149.33159,59.94571],[-149.35833,59.92464],[-149.33492,59.90957],[-149.36439,59.9042],[-149.3443,59.89824],[-149.33064,59.90647]]],[[[-147.99404,60.0278],[-148.01163,60.03861],[-148.06416,60.00583],[-148.10439,59.97267],[-148.11874,59.96564],[-148.14282,59.96939],[-148.16433,59.96],[-148.17706,59.9773],[-148.20415,59.97171],[-148.19774,59.96017],[-148.21485,59.93863],[-148.25026,59.93851],[-148.22507,59.93149],[-148.16232,59.93625],[-148.13,59.9428],[-148.09339,59.95494],[-148.03825,59.98943],[-148.01258,60.01652],[-147.99404,60.0278]]],[[[-147.8474,60.02222],[-147.81555,60.05973],[-147.82529,60.06874],[-147.84621,60.06934],[-147.85144,60.07906],[-147.88091,60.06934],[-147.91395,60.04763],[-147.93344,60.04074],[-147.94176,60.02032],[-147.97955,60.0069],[-147.98787,59.99347],[-148.00735,59.99002],[-148.05751,59.94958],[-148.0316,59.93792],[-147.91823,59.96898],[-147.89992,59.97552],[-147.86665,59.9949],[-147.85928,60.0145],[-147.8474,60.02222]]],[[[-144.37363,59.98994],[-144.36793,60.00325],[-144.37791,60.0333],[-144.37553,60.04042],[-144.39455,60.0511],[-144.39407,60.03247],[-144.38385,60.01359],[-144.3936,59.9935],[-144.37363,59.98994]]],[[[-147.95982,60.14645],[-147.97978,60.14432],[-147.99927,60.12929],[-147.99357,60.12006],[-148.04087,60.11082],[-148.0442,60.10051],[-148.07723,60.09162],[-148.09696,60.06436],[-148.11597,60.05131],[-148.1281,60.02187],[-148.13879,60.01617],[-148.13024,60.00369],[-148.15305,59.99787],[-148.13641,59.98622],[-148.1212,59.98562],[-148.09672,60.00227],[-148.09363,60.01035],[-148.06582,60.0303],[-148.0461,60.03054],[-148.02993,60.04454],[-147.98882,60.04644],[-147.98501,60.06009],[-147.8897,60.10347],[-147.89066,60.11603],[-147.91014,60.13107],[-147.92322,60.12361],[-147.94009,60.13118],[-147.96291,60.12598],[-147.95982,60.14645]]],[[[-147.76096,59.93461],[-147.80612,59.92091],[-147.81492,59.90876],[-147.79756,59.88885],[-147.75645,59.88861],[-147.75478,59.88253],[-147.78212,59.87406],[-147.86198,59.87192],[-147.88717,59.86225],[-147.91332,59.83718],[-147.89858,59.8158],[-147.90096,59.79595],[-147.92948,59.78627],[-147.9088,59.77143],[-147.87647,59.76389],[-147.83239,59.77012],[-147.80315,59.78507],[-147.7423,59.80157],[-147.69952,59.80552],[-147.68811,59.7999],[-147.6603,59.81508],[-147.65436,59.82978],[-147.6161,59.85055],[-147.57367,59.85234],[-147.52827,59.83945],[-147.50831,59.84196],[-147.495,59.85151],[-147.46814,59.85628],[-147.44152,59.87072],[-147.45008,59.87991],[-147.44366,59.90316],[-147.48597,59.9084],[-147.49928,59.91912],[-147.49619,59.93889],[-147.466,59.94628],[-147.45935,59.9533],[-147.42108,59.96615],[-147.37259,59.95294],[-147.35263,59.96103],[-147.37996,59.97364],[-147.36927,59.99374],[-147.3821,60.0036],[-147.37378,60.02308],[-147.35762,60.04493],[-147.30319,60.08217],[-147.26469,60.1022],[-147.24639,60.11925],[-147.21287,60.13914],[-147.19933,60.15121],[-147.13349,60.18041],[-147.08429,60.19353],[-147.08049,60.20062],[-146.99991,60.23379],[-146.98755,60.24406],[-146.96569,60.24854],[-146.94667,60.27071],[-146.91649,60.29097],[-146.91696,60.30664],[-146.95214,60.30993],[-146.97519,60.29922],[-147.00348,60.2991],[-147.02748,60.2898],[-147.03556,60.28025],[-147.06266,60.26976],[-147.09189,60.26352],[-147.10996,60.26906],[-147.08595,60.29144],[-147.01536,60.32264],[-147.00205,60.34429],[-147.032,60.34441],[-147.0724,60.339],[-147.08904,60.34288],[-147.14051,60.34134],[-147.09555,60.35981],[-147.08833,60.37353],[-147.09825,60.37912],[-147.15337,60.37029],[-147.16184,60.35993],[-147.21054,60.34707],[-147.2105,60.32547],[-147.17484,60.31923],[-147.17389,60.30758],[-147.21715,60.30652],[-147.2288,60.28626],[-147.20194,60.27966],[-147.21335,60.26705],[-147.20955,60.25597],[-147.18863,60.25267],[-147.21168,60.23934],[-147.22642,60.24347],[-147.24662,60.23545],[-147.25114,60.22435],[-147.27705,60.22789],[-147.31151,60.224],[-147.30177,60.20818],[-147.31674,60.20086],[-147.31603,60.19046],[-147.33409,60.18384],[-147.3436,60.17001],[-147.37426,60.16032],[-147.37473,60.14056],[-147.39993,60.12565],[-147.40492,60.11262],[-147.43011,60.10315],[-147.43534,60.09473],[-147.53445,60.05584],[-147.55513,60.05181],[-147.57343,60.03306],[-147.61479,60.0137],[-147.68633,59.99671],[-147.70725,59.98292],[-147.68562,59.98113],[-147.66732,59.96781],[-147.68514,59.95425],[-147.71248,59.95199],[-147.74005,59.95508],[-147.76786,59.93913],[-147.76096,59.93461]]],[[[-144.3299,60.10505],[-144.32514,60.12459],[-144.33655,60.14293],[-144.40263,60.15547],[-144.43353,60.15559],[-144.42473,60.14246],[-144.37529,60.11535],[-144.34891,60.09118],[-144.3299,60.10505]]],[[[-152.56764,60.15893],[-152.58036,60.17134],[-152.62191,60.18068],[-152.64085,60.16484],[-152.63359,60.15375],[-152.58883,60.1134],[-152.55466,60.10056],[-152.55083,60.11626],[-152.56225,60.12882],[-152.56764,60.15893]]],[[[-148.02328,60.18382],[-148.0461,60.16118],[-148.03231,60.1471],[-148.0045,60.16591],[-148.00213,60.1759],[-148.02328,60.18382]]],[[[-147.50308,60.23438],[-147.47646,60.22718],[-147.40896,60.25479],[-147.35928,60.26623],[-147.33956,60.27672],[-147.34336,60.30487],[-147.35714,60.30416],[-147.384,60.29203],[-147.39589,60.3024],[-147.43225,60.28815],[-147.46671,60.26528],[-147.49856,60.26411],[-147.50332,60.25762],[-147.48882,60.24406],[-147.50308,60.23438]]],[[[-148.02295,60.28007],[-148.01724,60.31458],[-148.00845,60.33247],[-147.99133,60.34893],[-147.98753,60.37079],[-148.01059,60.38477],[-148.02413,60.37267],[-148.05527,60.37655],[-148.09972,60.35493],[-148.0933,60.34223],[-148.12111,60.33282],[-148.14844,60.32858],[-148.15533,60.31281],[-148.15106,60.29421],[-148.12063,60.29091],[-148.12776,60.28031],[-148.07714,60.27312],[-148.02295,60.28007]]],[[[-145.04555,60.37004],[-145.0755,60.35229],[-145.09166,60.32289],[-145.08477,60.32265],[-145.04032,60.35876],[-145.04555,60.37004]]],[[[-147.80761,60.32317],[-147.76079,60.34117],[-147.74367,60.32505],[-147.77362,60.31952],[-147.79715,60.3061],[-147.82947,60.30104],[-147.87844,60.29916],[-147.89127,60.29291],[-147.91599,60.29739],[-147.93049,60.28643],[-147.93833,60.26145],[-147.9583,60.25921],[-147.96923,60.25036],[-147.94998,60.24305],[-147.95449,60.2283],[-147.93001,60.22972],[-147.89864,60.225],[-147.81284,60.2211],[-147.84326,60.19063],[-147.81949,60.17846],[-147.80143,60.18425],[-147.78859,60.16073],[-147.76031,60.1554],[-147.74106,60.1956],[-147.71895,60.2041],[-147.69804,60.24282],[-147.73488,60.23633],[-147.74557,60.25591],[-147.72276,60.26275],[-147.72703,60.27736],[-147.7016,60.28585],[-147.69423,60.29762],[-147.66357,60.31505],[-147.66643,60.32952],[-147.64242,60.33635],[-147.64147,60.34764],[-147.6177,60.36609],[-147.6265,60.38959],[-147.65526,60.38912],[-147.67427,60.38337],[-147.69423,60.39769],[-147.68758,60.40591],[-147.64931,60.40873],[-147.61253,60.42349],[-147.61202,60.432],[-147.63673,60.43736],[-147.65255,60.45229],[-147.62388,60.4608],[-147.62864,60.47778],[-147.60805,60.48707],[-147.60295,60.50044],[-147.62142,60.52595],[-147.64242,60.54108],[-147.66078,60.5364],[-147.64599,60.50775],[-147.66857,60.49546],[-147.6871,60.49605],[-147.6921,60.51138],[-147.72109,60.50775],[-147.73155,60.44427],[-147.78479,60.44591],[-147.76839,60.47521],[-147.79454,60.47497],[-147.79406,60.46115],[-147.82068,60.44439],[-147.84065,60.4038],[-147.85657,60.38912],[-147.85776,60.37608],[-147.88295,60.36186],[-147.86655,60.35434],[-147.87392,60.34329],[-147.90482,60.33682],[-147.89246,60.31529],[-147.84516,60.31411],[-147.80761,60.32317]]],[[[-146.34958,60.46813],[-146.39236,60.48289],[-146.44418,60.46743],[-146.46842,60.47293],[-146.51501,60.47106],[-146.53925,60.4864],[-146.58037,60.48207],[-146.61388,60.48289],[-146.64668,60.46169],[-146.68423,60.42546],[-146.70634,60.41173],[-146.71323,60.38719],[-146.73177,60.38155],[-146.72226,60.36734],[-146.7313,60.3577],[-146.72155,60.34194],[-146.69232,60.34583],[-146.66712,60.33771],[-146.65405,60.32806],[-146.63408,60.3323],[-146.61341,60.35323],[-146.56587,60.35076],[-146.52,60.36005],[-146.53141,60.33395],[-146.56326,60.33406],[-146.56801,60.32242],[-146.6241,60.3097],[-146.63884,60.29805],[-146.65619,60.30028],[-146.70135,60.27849],[-146.70135,60.27001],[-146.68495,60.25433],[-146.66094,60.25326],[-146.6531,60.2371],[-146.61008,60.23569],[-146.58108,60.2502],[-146.54781,60.26187],[-146.48601,60.29404],[-146.3781,60.329],[-146.33984,60.33736],[-146.27424,60.34277],[-146.25118,60.3343],[-146.21838,60.34712],[-146.19723,60.34829],[-146.192,60.35993],[-146.14755,60.36722],[-146.08148,60.36416],[-146.08837,60.38003],[-146.09217,60.41173],[-146.12426,60.41337],[-146.13258,60.43226],[-146.3049,60.41525],[-146.34031,60.40621],[-146.36503,60.42687],[-146.36194,60.44844],[-146.34958,60.46813]]],[[[-145.8911,60.37345],[-145.86733,60.35735],[-145.8312,60.35029],[-145.7801,60.35253],[-145.75443,60.35935],[-145.74255,60.37709],[-145.74873,60.3886],[-145.77772,60.39083],[-145.81908,60.38731],[-145.8602,60.39882],[-145.89229,60.39729],[-145.95313,60.40786],[-146.0116,60.39623],[-146.00542,60.39048],[-145.8911,60.37345]]],[[[-151.94852,60.50127],[-151.96706,60.48652],[-151.96967,60.47633],[-151.95708,60.46227],[-151.96587,60.43273],[-151.9818,60.41267],[-152.01982,60.40117],[-152.00651,60.39189],[-152.01151,60.37145],[-152.03765,60.36276],[-152.07711,60.36252],[-152.08637,60.34454],[-152.07639,60.34042],[-151.98845,60.359],[-151.95708,60.37075],[-151.9818,60.39448],[-151.96445,60.40633],[-151.94614,60.42839],[-151.8998,60.43895],[-151.88839,60.4461],[-151.89576,60.46427],[-151.83681,60.48582],[-151.85606,60.49448],[-151.91002,60.50818],[-151.9257,60.51508],[-151.95304,60.51215],[-151.94852,60.50127]]],[[[-145.97429,60.5609],[-145.99805,60.57013],[-146.01754,60.55459],[-146.07292,60.54618],[-146.11737,60.53379],[-146.14494,60.52186],[-146.16063,60.52806],[-146.20008,60.52513],[-146.22242,60.51847],[-146.29016,60.5166],[-146.32035,60.49495],[-146.32035,60.47844],[-146.33698,60.46391],[-146.31773,60.4529],[-146.23336,60.45032],[-146.09241,60.4768],[-146.02943,60.50021],[-145.95242,60.52139],[-145.922,60.52595],[-145.88587,60.53881],[-145.80625,60.56032],[-145.76655,60.58507],[-145.7927,60.59301],[-145.76275,60.61039],[-145.7725,60.61378],[-145.79626,60.59686],[-145.85164,60.58694],[-145.90441,60.58916],[-145.91273,60.58285],[-145.95456,60.58169],[-145.95765,60.56873],[-145.97429,60.5609]]],[[[-147.62165,60.56779],[-147.62917,60.56003],[-147.6277,60.5489],[-147.59496,60.52419],[-147.58268,60.53975],[-147.5634,60.54222],[-147.55156,60.57136],[-147.56435,60.58077],[-147.58526,60.57307],[-147.57119,60.56426],[-147.58558,60.55445],[-147.62165,60.56779]]],[[[-147.32203,60.65357],[-147.3023,60.66172],[-147.36029,60.6658],[-147.36457,60.65194],[-147.37955,60.65171],[-147.40949,60.68838],[-147.4354,60.68466],[-147.45584,60.69082],[-147.4789,60.68535],[-147.47937,60.67686],[-147.45347,60.67488],[-147.46273,60.66091],[-147.5029,60.65462],[-147.48959,60.64378],[-147.43825,60.64903],[-147.4644,60.62735],[-147.45822,60.61791],[-147.42162,60.62933],[-147.40997,60.64541],[-147.36743,60.6256],[-147.3458,60.62817],[-147.32203,60.65357]]],[[[-147.3553,60.70234],[-147.36172,60.71443],[-147.41876,60.70106],[-147.41472,60.69583],[-147.37693,60.68419],[-147.3553,60.70234]]],[[[-147.8664,60.67067],[-147.84555,60.69195],[-147.90283,60.73472],[-147.93473,60.73693],[-147.91891,60.71223],[-147.94629,60.72206],[-147.95131,60.74564],[-147.97794,60.73926],[-147.95559,60.70043],[-147.97367,60.70265],[-147.97644,60.71641],[-147.99076,60.72821],[-148.02141,60.72403],[-147.99729,60.711],[-148.00106,60.68641],[-147.97393,60.68592],[-147.97141,60.67313],[-147.93524,60.65553],[-147.92519,60.67202],[-147.92946,60.67977],[-147.8664,60.67067]]],[[[-147.38216,60.73721],[-147.40474,60.74267],[-147.41306,60.73175],[-147.43659,60.72896],[-147.48341,60.72943],[-147.47723,60.72257],[-147.43493,60.71711],[-147.41045,60.71734],[-147.38216,60.73721]]],[[[-146.81698,60.84057],[-146.81734,60.81787],[-146.7925,60.80541],[-146.72737,60.81126],[-146.71406,60.82152],[-146.71882,60.83681],[-146.70135,60.84833],[-146.74793,60.87888],[-146.75625,60.85215],[-146.7856,60.86731],[-146.81698,60.84057]]],[[[-147.1526,60.85231],[-147.11879,60.86058],[-147.08088,60.88107],[-147.07821,60.89744],[-147.11194,60.88358],[-147.13963,60.88513],[-147.13947,60.8975],[-147.16212,60.89994],[-147.1871,60.89141],[-147.20857,60.90695],[-147.25551,60.90033],[-147.2628,60.88527],[-147.32463,60.87844],[-147.299,60.87193],[-147.24896,60.87252],[-147.22902,60.86563],[-147.1929,60.8786],[-147.17587,60.87737],[-147.18751,60.85926],[-147.16319,60.8591],[-147.1526,60.85231]]],[[[-147.07081,60.96257],[-147.05858,60.9569],[-147.03885,60.96621],[-147.05235,60.97815],[-147.07081,60.96257]]],[[[-150.22605,61.16813],[-150.24309,61.13741],[-150.25683,61.12956],[-150.28586,61.12704],[-150.23902,61.12302],[-150.19683,61.13844],[-150.16877,61.15413],[-150.1589,61.17158],[-150.16993,61.17578],[-150.22605,61.16813]]],[[[-147.26509,70.21282],[-147.1926,70.22062],[-147.22457,70.2316],[-147.26509,70.21282]]],[[[-133.50965,54.79284],[-133.51998,54.8075],[-133.51606,54.81674],[-133.53615,54.84255],[-133.55457,54.84693],[-133.54197,54.81031],[-133.54779,54.78092],[-133.52034,54.76721],[-133.50965,54.79284]]],[[[-132.65816,54.8613],[-132.64045,54.87586],[-132.62298,54.87901],[-132.65376,54.90805],[-132.68347,54.90942],[-132.69452,54.92178],[-132.72281,54.9394],[-132.74135,54.93476],[-132.78425,54.93257],[-132.7928,54.92397],[-132.81669,54.91789],[-132.82953,54.9211],[-132.80837,54.90006],[-132.81087,54.88455],[-132.78817,54.85692],[-132.74016,54.8394],[-132.73659,54.83133],[-132.70605,54.81544],[-132.69464,54.79352],[-132.68181,54.78133],[-132.67789,54.76638],[-132.65792,54.7539],[-132.63522,54.74951],[-132.6231,54.76707],[-132.60955,54.77619],[-132.62774,54.79373],[-132.6256,54.80503],[-132.63891,54.81654],[-132.66969,54.82291],[-132.64984,54.84098],[-132.63047,54.85001],[-132.65816,54.8613]]],[[[-131.23272,54.94872],[-131.2544,54.97568],[-131.23862,54.98244],[-131.235,54.99215],[-131.24413,55.00328],[-131.2795,54.99804],[-131.30441,54.99074],[-131.33502,54.99488],[-131.36887,54.97644],[-131.40252,54.97579],[-131.41697,54.96335],[-131.46698,54.96848],[-131.49835,54.93474],[-131.46261,54.91332],[-131.44625,54.91846],[-131.44207,54.90381],[-131.39891,54.88948],[-131.3894,54.86947],[-131.36982,54.86728],[-131.34358,54.85579],[-131.32019,54.87089],[-131.29528,54.8757],[-131.29984,54.86159],[-131.26277,54.86038],[-131.25611,54.87691],[-131.22284,54.88238],[-131.22778,54.89244],[-131.19146,54.91463],[-131.19888,54.92294],[-131.24546,54.93353],[-131.23272,54.94872]]],[[[-131.5708,54.94642],[-131.53391,54.95505],[-131.58867,54.97044],[-131.59495,54.95669],[-131.61757,54.94795],[-131.61586,54.94162],[-131.58867,54.9308],[-131.56738,54.93878],[-131.5708,54.94642]]],[[[-131.49797,54.99117],[-131.50957,54.99794],[-131.53962,55.00241],[-131.51851,54.97317],[-131.50064,54.96651],[-131.49797,54.99117]]],[[[-131.28767,55.01255],[-131.2525,55.01244],[-131.24698,55.02497],[-131.27855,55.02574],[-131.28767,55.01255]]],[[[-132.93743,55.0689],[-132.92175,55.05651],[-132.90463,55.05801],[-132.88823,55.06822],[-132.89536,55.09679],[-132.93482,55.07965],[-132.93743,55.0689]]],[[[-131.22664,55.09293],[-131.24432,55.08694],[-131.2447,55.07454],[-131.23938,55.0618],[-131.19679,55.04317],[-131.18766,55.05439],[-131.19355,55.07116],[-131.17511,55.08673],[-131.18975,55.10827],[-131.21124,55.11273],[-131.22664,55.09293]]],[[[-131.53458,55.14754],[-131.53196,55.13763],[-131.54313,55.12023],[-131.57736,55.13124],[-131.59923,55.12594],[-131.61372,55.10201],[-131.59162,55.09535],[-131.59162,55.08828],[-131.61634,55.07263],[-131.61254,55.06569],[-131.63155,55.04935],[-131.64819,55.0465],[-131.64486,55.01121],[-131.60778,54.9939],[-131.58045,55.01448],[-131.56262,55.01939],[-131.53315,55.03546],[-131.54004,55.05739],[-131.52364,55.06297],[-131.50629,55.04418],[-131.50891,55.02675],[-131.49275,55.01176],[-131.39007,55.01148],[-131.37628,55.01748],[-131.37343,55.02852],[-131.35584,55.04078],[-131.35061,55.07154],[-131.35608,55.08216],[-131.37248,55.08828],[-131.35822,55.10093],[-131.35156,55.1186],[-131.36416,55.16316],[-131.32898,55.16533],[-131.32637,55.16981],[-131.37842,55.19112],[-131.39625,55.2097],[-131.41645,55.21716],[-131.44545,55.21757],[-131.48918,55.24535],[-131.48039,55.25307],[-131.52388,55.26269],[-131.53054,55.27014],[-131.56904,55.26824],[-131.59162,55.27393],[-131.59352,55.25673],[-131.60992,55.23858],[-131.5978,55.21201],[-131.58164,55.19356],[-131.5814,55.1842],[-131.60707,55.17551],[-131.59447,55.16859],[-131.57165,55.16723],[-131.56999,55.15501],[-131.53458,55.14754]]],[[[-133.01444,55.16283],[-132.99543,55.15658],[-132.9669,55.16514],[-132.96976,55.17573],[-133.01444,55.16283]]],[[[-131.40796,55.2535],[-131.43815,55.25858],[-131.45871,55.26596],[-131.42662,55.23846],[-131.39751,55.23968],[-131.40796,55.2535]]],[[[-131.65931,55.33193],[-131.64244,55.31854],[-131.62544,55.32645],[-131.64648,55.33483],[-131.65931,55.33193]]],[[[-133.56526,55.41356],[-133.57525,55.43082],[-133.59521,55.43028],[-133.61304,55.41882],[-133.60686,55.40344],[-133.63371,55.39345],[-133.65154,55.3925],[-133.66747,55.37225],[-133.62373,55.36374],[-133.64417,55.3505],[-133.65629,55.32941],[-133.68909,55.31778],[-133.69028,55.30723],[-133.66818,55.30575],[-133.66842,55.27624],[-133.64393,55.26988],[-133.6349,55.25159],[-133.61066,55.25186],[-133.59806,55.27353],[-133.59283,55.29357],[-133.57382,55.31454],[-133.56716,55.34347],[-133.54245,55.33509],[-133.49301,55.36617],[-133.45854,55.3786],[-133.4324,55.37981],[-133.4179,55.38616],[-133.4103,55.40263],[-133.4198,55.42489],[-133.4526,55.4199],[-133.47471,55.41221],[-133.48849,55.42017],[-133.53745,55.41275],[-133.56526,55.41356]]],[[[-130.93332,55.33314],[-130.92963,55.34085],[-130.94817,55.38253],[-130.97158,55.37962],[-130.98311,55.36598],[-130.97812,55.3449],[-130.96719,55.33632],[-130.96101,55.3159],[-130.93332,55.33314]]],[[[-133.23251,55.44363],[-133.25557,55.44997],[-133.2974,55.44498],[-133.32426,55.41828],[-133.3233,55.40695],[-133.30714,55.40006],[-133.27482,55.40816],[-133.2539,55.40573],[-133.23299,55.42988],[-133.23251,55.44363]]],[[[-133.45451,55.43554],[-133.42907,55.45078],[-133.42598,55.46089],[-133.43406,55.48715],[-133.46141,55.50651],[-133.527,55.52901],[-133.54078,55.50923],[-133.53972,55.48923],[-133.5674,55.47476],[-133.60115,55.46803],[-133.62136,55.45051],[-133.61327,55.44673],[-133.57216,55.4439],[-133.55647,55.42813],[-133.45451,55.43554]]],[[[-132.33955,55.50338],[-132.36462,55.50701],[-132.38221,55.50351],[-132.367,55.49362],[-132.32885,55.48682],[-132.33955,55.50338]]],[[[-133.62254,55.55537],[-133.62516,55.53883],[-133.66628,55.55793],[-133.73758,55.55389],[-133.75208,55.54784],[-133.76016,55.53372],[-133.715,55.52188],[-133.71975,55.51515],[-133.76777,55.50021],[-133.78298,55.48473],[-133.78036,55.46924],[-133.81934,55.45334],[-133.82315,55.44431],[-133.81031,55.44067],[-133.78607,55.45886],[-133.73021,55.46991],[-133.7169,55.45644],[-133.68814,55.45132],[-133.66747,55.43797],[-133.63871,55.45859],[-133.6437,55.46749],[-133.63324,55.47678],[-133.63158,55.49039],[-133.59664,55.49779],[-133.58428,55.53681],[-133.5964,55.54798],[-133.62254,55.55537]]],[[[-133.36086,55.44902],[-133.34684,55.46857],[-133.30691,55.48109],[-133.29051,55.49995],[-133.27981,55.52511],[-133.28908,55.54878],[-133.31546,55.56236],[-133.34802,55.56397],[-133.36989,55.57472],[-133.39413,55.56371],[-133.42194,55.56532],[-133.42569,55.55526],[-133.45569,55.53224],[-133.4488,55.51798],[-133.41909,55.50479],[-133.40649,55.47988],[-133.39009,55.4722],[-133.36086,55.44902]]],[[[-131.75781,55.51524],[-131.75365,55.54335],[-131.8107,55.5406],[-131.81937,55.53044],[-131.85098,55.52546],[-131.83351,55.51033],[-131.83696,55.49222],[-131.78503,55.50117],[-131.75781,55.51524]]],[[[-133.633,55.59967],[-133.62166,55.58507],[-133.59973,55.59673],[-133.633,55.59967]]],[[[-133.71479,55.58354],[-133.69582,55.59126],[-133.70644,55.60535],[-133.72782,55.59937],[-133.71479,55.58354]]],[[[-133.57419,55.68248],[-133.60967,55.68514],[-133.58378,55.66306],[-133.56495,55.66982],[-133.56432,55.64993],[-133.59464,55.64855],[-133.59903,55.64351],[-133.58765,55.62112],[-133.54685,55.64577],[-133.55331,55.65284],[-133.54395,55.66998],[-133.57419,55.68248]]],[[[-134.13047,55.89882],[-134.12001,55.91773],[-134.14972,55.92266],[-134.17681,55.9184],[-134.19012,55.90948],[-134.22934,55.90548],[-134.22768,55.89535],[-134.26238,55.89255],[-134.2638,55.92612],[-134.28092,55.92799],[-134.29898,55.91813],[-134.33748,55.92812],[-134.36696,55.91054],[-134.35341,55.89055],[-134.31704,55.86856],[-134.34604,55.85215],[-134.34176,55.83907],[-134.31419,55.82679],[-134.29328,55.83133],[-134.27141,55.82839],[-134.27402,55.84308],[-134.25453,55.84441],[-134.23623,55.85308],[-134.22673,55.86549],[-134.17681,55.88389],[-134.16921,55.89042],[-134.13047,55.89882]]],[[[-131.71279,55.86134],[-131.69847,55.8534],[-131.65981,55.86037],[-131.60101,55.85392],[-131.58718,55.86655],[-131.62193,55.90279],[-131.63917,55.9129],[-131.66893,55.90577],[-131.68951,55.89023],[-131.68752,55.87602],[-131.6749,55.86241],[-131.71279,55.86134]]],[[[-133.52284,55.88742],[-133.52141,55.87822],[-133.48766,55.88209],[-133.50549,55.89355],[-133.52284,55.88742]]],[[[-133.9307,55.88122],[-133.9307,55.86789],[-133.91002,55.85095],[-133.89005,55.84361],[-133.87199,55.84388],[-133.84656,55.86909],[-133.84109,55.89215],[-133.85511,55.93079],[-133.87959,55.93864],[-133.89694,55.93704],[-133.9093,55.92679],[-133.94353,55.9164],[-133.94353,55.90135],[-133.9307,55.88122]]],[[[-134.13736,55.93465],[-134.11668,55.94476],[-134.1395,55.95168],[-134.13736,55.93465]]],[[[-132.01126,56.07578],[-132.03609,56.08924],[-132.06742,56.04936],[-132.05593,56.01866],[-132.03961,56.02787],[-132.0253,55.99725],[-131.99113,56.00401],[-131.98378,56.02513],[-131.99311,56.03714],[-132.01126,56.07578]]],[[[-133.08052,56.08864],[-133.07695,56.07219],[-133.06297,56.05837],[-133.04857,56.0647],[-133.01551,56.06463],[-132.98663,56.05926],[-132.98069,56.08214],[-132.99769,56.09219],[-132.99812,56.10811],[-133.00669,56.11848],[-133.04046,56.1168],[-133.05668,56.11093],[-133.08052,56.08864]]],[[[-132.89192,56.1077],[-132.8773,56.11452],[-132.85104,56.10902],[-132.8767,56.13843],[-132.92234,56.1489],[-132.94076,56.1293],[-132.92175,56.11055],[-132.89192,56.1077]]],[[[-132.97641,56.15902],[-132.9883,56.18119],[-133.01266,56.18635],[-133.00303,56.17259],[-133.00137,56.15452],[-132.97641,56.15902]]],[[[-133.00386,56.19792],[-132.97855,56.18912],[-132.94837,56.16418],[-132.91604,56.15896],[-132.90986,56.17292],[-132.96346,56.19864],[-133.00386,56.19792]]],[[[-132.95585,56.24001],[-133.006,56.24311],[-132.99602,56.23056],[-133.00779,56.22468],[-133.00208,56.21451],[-132.96762,56.20532],[-132.93957,56.20552],[-132.92686,56.21656],[-132.93208,56.23188],[-132.95585,56.24001]]],[[[-132.99198,56.2478],[-132.97142,56.24886],[-132.9593,56.2583],[-132.96132,56.27348],[-132.99257,56.27777],[-133.00529,56.25803],[-132.99198,56.2478]]],[[[-132.8716,56.4566],[-132.92769,56.45818],[-132.95407,56.45299],[-132.9555,56.44242],[-132.97914,56.44077],[-132.98402,56.42849],[-133.00481,56.42934],[-133.00731,56.41593],[-133.01836,56.40988],[-133.0287,56.39186],[-133.04534,56.38015],[-133.04569,56.37147],[-133.07006,56.35521],[-133.06602,56.3309],[-132.95205,56.28944],[-132.94076,56.27354],[-132.89762,56.25665],[-132.8836,56.2482],[-132.87255,56.23221],[-132.79993,56.24945],[-132.72685,56.25625],[-132.67111,56.27071],[-132.65721,56.2779],[-132.65138,56.29663],[-132.6597,56.32208],[-132.67598,56.3373],[-132.67801,56.35047],[-132.64699,56.38009],[-132.62263,56.38851],[-132.62952,56.39831],[-132.62904,56.41817],[-132.67111,56.44202],[-132.71627,56.45673],[-132.75002,56.45798],[-132.79316,56.4499],[-132.81158,56.44044],[-132.82667,56.44176],[-132.8716,56.4566]]],[[[-132.52209,56.35386],[-132.49404,56.35491],[-132.48596,56.36755],[-132.44936,56.37413],[-132.43842,56.39006],[-132.42084,56.38532],[-132.4061,56.39203],[-132.40372,56.40518],[-132.49261,56.44028],[-132.50521,56.43778],[-132.53635,56.42096],[-132.56178,56.39361],[-132.55988,56.37387],[-132.54799,56.36268],[-132.52209,56.35386]]],[[[-133.7787,56.40236],[-133.80484,56.42103],[-133.83384,56.4226],[-133.82077,56.40222],[-133.8077,56.39486],[-133.7787,56.40236]]],[[[-133.12639,56.46218],[-133.09466,56.45634],[-133.0634,56.45693],[-133.05639,56.4656],[-133.07636,56.47334],[-133.1006,56.4633],[-133.12639,56.46218]]],[[[-132.60741,56.45302],[-132.58959,56.44869],[-132.57533,56.46117],[-132.58983,56.47495],[-132.63047,56.48965],[-132.65352,56.48125],[-132.64616,56.46918],[-132.60741,56.45302]]],[[[-133.80176,56.46596],[-133.79153,56.45611],[-133.7749,56.46399],[-133.78916,56.47974],[-133.81578,56.49392],[-133.83978,56.49418],[-133.81863,56.46872],[-133.80176,56.46596]]],[[[-132.58234,56.51354],[-132.61657,56.50632],[-132.61348,56.4936],[-132.57164,56.48678],[-132.57046,56.50724],[-132.58234,56.51354]]],[[[-132.44829,56.54369],[-132.47681,56.53989],[-132.47752,56.5197],[-132.46493,56.51196],[-132.43878,56.52468],[-132.44829,56.54369]]],[[[-132.56665,56.53032],[-132.54883,56.51065],[-132.53647,56.51354],[-132.53266,56.52953],[-132.52102,56.53949],[-132.53362,56.56229],[-132.56665,56.53032]]],[[[-134.14663,56.87614],[-134.15257,56.86133],[-134.13498,56.84977],[-134.15994,56.84665],[-134.18727,56.86146],[-134.22459,56.87445],[-134.29185,56.90704],[-134.31966,56.90717],[-134.35555,56.89186],[-134.35246,56.88393],[-134.38241,56.86445],[-134.40974,56.85588],[-134.42115,56.83716],[-134.4114,56.80061],[-134.39049,56.75985],[-134.40071,56.74382],[-134.40047,56.72674],[-134.38882,56.70861],[-134.37005,56.68982],[-134.36862,56.67455],[-134.34366,56.67285],[-134.33178,56.6479],[-134.29898,56.64894],[-134.28044,56.62084],[-134.30112,56.62032],[-134.29541,56.60868],[-134.30825,56.59573],[-134.29233,56.58408],[-134.29399,56.57648],[-134.31799,56.56562],[-134.31681,56.55213],[-134.28924,56.55933],[-134.24194,56.55553],[-134.20177,56.54125],[-134.18703,56.51582],[-134.17515,56.5149],[-134.16826,56.49903],[-134.15162,56.49234],[-134.12928,56.4695],[-134.12405,56.45782],[-134.1414,56.45191],[-134.15709,56.43667],[-134.13498,56.40604],[-134.14758,56.3846],[-134.18537,56.44902],[-134.21389,56.47633],[-134.2253,56.46386],[-134.24622,56.45611],[-134.25311,56.44166],[-134.23861,56.43062],[-134.25049,56.41511],[-134.23457,56.40893],[-134.26071,56.37012],[-134.2928,56.35406],[-134.29375,56.34168],[-134.27498,56.32771],[-134.27307,56.31558],[-134.2947,56.30952],[-134.29114,56.29818],[-134.2764,56.28802],[-134.25002,56.28829],[-134.23243,56.30016],[-134.23742,56.30991],[-134.19226,56.32731],[-134.17444,56.32007],[-134.19012,56.31005],[-134.20842,56.30807],[-134.21627,56.28393],[-134.23005,56.27536],[-134.27498,56.26533],[-134.27688,56.25265],[-134.25667,56.2224],[-134.25596,56.1752],[-134.26333,56.16356],[-134.22007,56.16316],[-134.20937,56.15522],[-134.22744,56.14065],[-134.2379,56.14237],[-134.26143,56.13072],[-134.25929,56.1188],[-134.23505,56.11416],[-134.2108,56.10395],[-134.2291,56.0899],[-134.236,56.06934],[-134.2215,56.06297],[-134.18394,56.05567],[-134.16659,56.05581],[-134.15518,56.04585],[-134.17895,56.0424],[-134.178,56.02301],[-134.13712,56.0088],[-134.11977,56.01969],[-134.11074,56.04957],[-134.13641,56.06603],[-134.13142,56.07783],[-134.10789,56.08062],[-134.08745,56.09494],[-134.11145,56.10356],[-134.11407,56.11336],[-134.10242,56.13615],[-134.11193,56.14502],[-134.12928,56.14171],[-134.16778,56.14661],[-134.18703,56.1523],[-134.17087,56.16144],[-134.11502,56.16422],[-134.09648,56.17917],[-134.09719,56.23139],[-134.0739,56.24156],[-134.08127,56.26783],[-134.0739,56.27971],[-134.07223,56.31677],[-134.05013,56.29475],[-134.04205,56.25305],[-134.06083,56.23892],[-134.05916,56.21712],[-134.03444,56.19253],[-134.03278,56.17467],[-134.02446,56.16461],[-134.02684,56.14833],[-134.0449,56.11747],[-134.0159,56.08645],[-133.99689,56.08221],[-133.96052,56.09136],[-133.95577,56.09825],[-133.95886,56.13244],[-133.93842,56.13522],[-133.93414,56.16475],[-133.95007,56.18869],[-133.95601,56.20549],[-133.92131,56.21223],[-133.89992,56.20297],[-133.88114,56.2232],[-133.91584,56.27443],[-133.92939,56.27905],[-133.93842,56.30279],[-133.97597,56.31585],[-133.97217,56.32402],[-133.98406,56.34299],[-133.95339,56.34602],[-133.91037,56.30214],[-133.89374,56.2991],[-133.88922,56.28354],[-133.87662,56.27588],[-133.85167,56.28657],[-133.86117,56.30425],[-133.83146,56.32296],[-133.84977,56.34984],[-133.90705,56.3667],[-133.91608,56.38499],[-133.87615,56.39249],[-133.90705,56.43877],[-133.88423,56.4435],[-133.86498,56.42839],[-133.83479,56.4301],[-133.85214,56.4477],[-133.8607,56.47738],[-133.89302,56.48434],[-133.92154,56.49562],[-133.93248,56.51018],[-133.92535,56.51477],[-133.88922,56.50913],[-133.87353,56.52054],[-133.85904,56.55828],[-133.84121,56.56889],[-133.85143,56.58421],[-133.88423,56.59389],[-133.87472,56.60606],[-133.83978,56.60815],[-133.83693,56.59638],[-133.79581,56.58015],[-133.78393,56.56182],[-133.73853,56.55907],[-133.72879,56.56496],[-133.72356,56.58303],[-133.70288,56.58931],[-133.68006,56.60985],[-133.65582,56.59219],[-133.691,56.57884],[-133.71167,56.57596],[-133.71666,56.55959],[-133.69242,56.563],[-133.66461,56.55331],[-133.67555,56.53496],[-133.67364,56.52238],[-133.68553,56.51451],[-133.66937,56.50598],[-133.66675,56.46438],[-133.65529,56.43802],[-133.59569,56.43633],[-133.57362,56.43878],[-133.5247,56.43586],[-133.50802,56.43837],[-133.49469,56.4498],[-133.46623,56.45216],[-133.41744,56.47398],[-133.43957,56.48655],[-133.42485,56.49635],[-133.39759,56.50206],[-133.35803,56.48902],[-133.35801,56.47367],[-133.32758,56.46698],[-133.30001,56.48004],[-133.28147,56.47006],[-133.25426,56.47682],[-133.20435,56.44767],[-133.15431,56.45969],[-133.12567,56.47741],[-133.14069,56.50938],[-133.14357,56.53022],[-133.08582,56.52984],[-133.05183,56.53313],[-133.04316,56.52086],[-132.99234,56.51067],[-132.97962,56.51621],[-132.9858,56.53247],[-132.96132,56.53719],[-132.95039,56.50979],[-132.90071,56.50087],[-132.8729,56.50887],[-132.81659,56.49482],[-132.75199,56.50859],[-132.73457,56.50769],[-132.70272,56.52867],[-132.67111,56.52959],[-132.67468,56.53811],[-132.6502,56.55317],[-132.62168,56.55147],[-132.54205,56.58395],[-132.543,56.60488],[-132.57295,56.61404],[-132.59957,56.61666],[-132.61074,56.63574],[-132.62833,56.6462],[-132.62096,56.66854],[-132.68989,56.68708],[-132.68395,56.69961],[-132.70486,56.70105],[-132.7379,56.71266],[-132.74075,56.72557],[-132.7562,56.73861],[-132.76523,56.75568],[-132.78377,56.76206],[-132.82346,56.79358],[-132.86981,56.79683],[-132.91355,56.80438],[-132.92709,56.8196],[-132.94421,56.82676],[-132.93969,56.84223],[-132.95181,56.87588],[-132.96607,56.88692],[-132.97772,56.92054],[-132.99554,56.93973],[-133.03357,56.95192],[-133.07659,56.99052],[-133.10535,57.00204],[-133.12151,57.00127],[-133.19306,57.01123],[-133.26198,57.00748],[-133.30881,57.01537],[-133.32093,57.0102],[-133.35088,57.01253],[-133.39346,57.00591],[-133.43173,57.01173],[-133.45415,57.02268],[-133.48058,57.02538],[-133.48754,57.03336],[-133.53297,57.03437],[-133.54729,57.04294],[-133.57202,57.04353],[-133.59738,57.05743],[-133.64006,57.05554],[-133.65511,57.05999],[-133.70003,57.06451],[-133.72997,57.07937],[-133.80865,57.08518],[-133.8809,57.09977],[-133.94413,57.08428],[-133.95625,57.07601],[-133.97835,57.07795],[-134.0121,57.07162],[-134.03325,57.05547],[-134.01733,57.04073],[-134.03884,57.02244],[-134.01268,57.01164],[-134.00925,57.0034],[-133.98711,57.00095],[-133.94959,56.97576],[-133.90182,56.95412],[-133.89801,56.94012],[-133.92844,56.94051],[-133.87591,56.91755],[-133.87781,56.90055],[-133.89658,56.90141],[-133.89659,56.8851],[-133.87282,56.85925],[-133.81887,56.85328],[-133.83503,56.84249],[-133.78595,56.82036],[-133.75686,56.82364],[-133.72329,56.81224],[-133.72885,56.80089],[-133.75759,56.78512],[-133.81506,56.78889],[-133.81388,56.80126],[-133.85238,56.80334],[-133.87258,56.8105],[-133.89279,56.80347],[-133.86783,56.78186],[-133.87116,56.7592],[-133.86379,56.75203],[-133.87805,56.74069],[-133.8771,56.7214],[-133.8992,56.70405],[-133.91584,56.72087],[-133.94175,56.73496],[-133.92083,56.7493],[-133.93723,56.79189],[-133.94626,56.80217],[-133.9667,56.80581],[-133.96552,56.82272],[-133.9995,56.82454],[-134.00758,56.85886],[-134.03397,56.89861],[-134.04656,56.90497],[-134.04419,56.92028],[-134.06035,56.93013],[-134.11169,56.94038],[-134.13546,56.95192],[-134.16208,56.92534],[-134.18822,56.9195],[-134.2089,56.93039],[-134.26095,56.93804],[-134.27307,56.93143],[-134.25382,56.92105],[-134.23029,56.92326],[-134.20248,56.90821],[-134.21674,56.90133],[-134.14663,56.87614]]],[[[-132.48251,56.57015],[-132.4578,56.56308],[-132.43022,56.5729],[-132.40836,56.58507],[-132.40598,56.60666],[-132.45162,56.59619],[-132.48251,56.57015]]],[[[-135.53111,56.86059],[-135.55856,56.8656],[-135.56454,56.85339],[-135.52796,56.84099],[-135.52089,56.8535],[-135.53111,56.86059]]],[[[-135.56153,57.44787],[-135.56415,57.43418],[-135.58768,57.4137],[-135.63213,57.39834],[-135.62595,57.38771],[-135.58174,57.38822],[-135.56843,57.38079],[-135.52279,57.37374],[-135.52279,57.36182],[-135.55274,57.36195],[-135.62761,57.37285],[-135.68513,57.37182],[-135.69345,57.36157],[-135.67283,57.33727],[-135.65602,57.32824],[-135.634,57.32516],[-135.63552,57.31432],[-135.57,57.28849],[-135.59719,57.28193],[-135.58225,57.27162],[-135.55464,57.23586],[-135.53182,57.23843],[-135.50164,57.25386],[-135.46979,57.25514],[-135.44712,57.24836],[-135.41441,57.25296],[-135.34382,57.24704],[-135.35737,57.23444],[-135.37234,57.23122],[-135.37092,57.21012],[-135.37733,57.19944],[-135.40348,57.18694],[-135.42439,57.16891],[-135.41108,57.14983],[-135.39373,57.14261],[-135.37733,57.1595],[-135.3443,57.17174],[-135.30555,57.17728],[-135.28084,57.1729],[-135.28226,57.16337],[-135.33574,57.16234],[-135.37567,57.14635],[-135.36949,57.13178],[-135.39088,57.12559],[-135.40205,57.10555],[-135.36613,57.06564],[-135.32559,57.05086],[-135.28947,57.04669],[-135.2781,57.033],[-135.2535,57.03281],[-135.22736,57.04819],[-135.20549,57.04095],[-135.15665,57.01101],[-135.17424,57.01114],[-135.22653,57.03339],[-135.25671,57.01172],[-135.28915,57.01418],[-135.31875,57.00978],[-135.32968,57.00169],[-135.36438,57.01036],[-135.36379,56.9967],[-135.31114,56.99178],[-135.30876,56.9813],[-135.35178,56.98369],[-135.37757,56.98861],[-135.38256,56.95279],[-135.39694,56.94728],[-135.35059,56.93386],[-135.31993,56.89539],[-135.35107,56.90986],[-135.38565,56.90643],[-135.35986,56.8939],[-135.38019,56.88579],[-135.37591,56.86955],[-135.38708,56.8637],[-135.39504,56.84174],[-135.38173,56.83069],[-135.41047,56.82433],[-135.41493,56.81122],[-135.38975,56.8042],[-135.39742,56.77581],[-135.36842,56.78141],[-135.36224,56.75874],[-135.35202,56.74988],[-135.32944,56.76617],[-135.32992,56.77997],[-135.31518,56.78362],[-135.27929,56.76981],[-135.27406,56.75965],[-135.31851,56.74675],[-135.31708,56.72616],[-135.29593,56.71142],[-135.29284,56.69641],[-135.24497,56.70376],[-135.23312,56.70107],[-135.21417,56.7169],[-135.19135,56.7122],[-135.20323,56.69654],[-135.22391,56.69302],[-135.23817,56.6797],[-135.21179,56.66234],[-135.17828,56.66599],[-135.17424,56.68166],[-135.14785,56.68937],[-135.13573,56.68493],[-135.14785,56.66743],[-135.15285,56.64692],[-135.13264,56.64496],[-135.13644,56.63359],[-135.13003,56.61489],[-135.14286,56.5954],[-135.09438,56.59644],[-135.03496,56.62143],[-135.02687,56.63516],[-134.98647,56.63228],[-134.95153,56.61345],[-134.96888,56.60089],[-134.9917,56.60273],[-135.03305,56.59226],[-135.04779,56.58349],[-135.05944,56.56817],[-135.04779,56.54512],[-135.05967,56.53817],[-135.05825,56.52533],[-135.03448,56.5168],[-135.02331,56.4848],[-135.00905,56.46983],[-134.99122,56.45985],[-134.98766,56.44212],[-134.96817,56.43279],[-134.9753,56.42596],[-134.93822,56.40637],[-134.94583,56.38861],[-134.94369,56.37505],[-134.91778,56.37071],[-134.92134,56.36136],[-134.9009,56.34556],[-134.8952,56.31433],[-134.87143,56.30932],[-134.83958,56.29614],[-134.84077,56.28294],[-134.82009,56.27806],[-134.82627,56.26592],[-134.81486,56.25404],[-134.793,56.25047],[-134.80892,56.24004],[-134.77303,56.21745],[-134.73572,56.21269],[-134.7186,56.22604],[-134.70553,56.2197],[-134.68794,56.19881],[-134.70482,56.18757],[-134.70624,56.17381],[-134.68889,56.17434],[-134.66596,56.16673],[-134.65241,56.20059],[-134.66073,56.20919],[-134.65265,56.23192],[-134.63886,56.24843],[-134.6246,56.25397],[-134.6265,56.26427],[-134.67095,56.26229],[-134.67618,56.27945],[-134.66073,56.28341],[-134.63553,56.30359],[-134.63767,56.32824],[-134.64742,56.32982],[-134.69282,56.31782],[-134.69638,56.32191],[-134.64789,56.34431],[-134.63506,56.35853],[-134.63078,56.37591],[-134.64195,56.3917],[-134.63387,56.40209],[-134.64504,56.4272],[-134.641,56.43995],[-134.6448,56.45821],[-134.6391,56.47699],[-134.65954,56.493],[-134.65598,56.50494],[-134.66952,56.54007],[-134.67285,56.56431],[-134.66002,56.58486],[-134.64647,56.54453],[-134.63031,56.54662],[-134.62674,56.55776],[-134.62817,56.58735],[-134.62104,56.60083],[-134.62175,56.62607],[-134.61581,56.63548],[-134.62436,56.65077],[-134.61819,56.66671],[-134.62936,56.69204],[-134.63031,56.72453],[-134.63744,56.73926],[-134.65312,56.75229],[-134.66144,56.77548],[-134.66572,56.80789],[-134.67238,56.81973],[-134.70161,56.83651],[-134.69828,56.85614],[-134.70351,56.87848],[-134.69614,56.89899],[-134.71587,56.92209],[-134.7268,56.94842],[-134.74106,56.95321],[-134.73821,56.96656],[-134.75937,56.97058],[-134.74083,56.98172],[-134.73916,57.00528],[-134.76198,57.02236],[-134.75105,57.03258],[-134.79668,57.13345],[-134.81451,57.1439],[-134.81522,57.15911],[-134.80001,57.16311],[-134.81332,57.18437],[-134.85919,57.21385],[-134.84398,57.22749],[-134.84137,57.24794],[-134.87488,57.28123],[-134.87939,57.2901],[-134.90388,57.29626],[-134.91291,57.28945],[-134.90245,57.2707],[-134.91647,57.25887],[-134.94499,57.27057],[-134.9362,57.28483],[-134.93953,57.29767],[-134.9583,57.30807],[-134.9507,57.32745],[-134.97898,57.33489],[-134.95117,57.34323],[-134.9343,57.33669],[-134.90245,57.34208],[-134.8617,57.31782],[-134.83969,57.31341],[-134.83189,57.29487],[-134.81274,57.29985],[-134.81356,57.32014],[-134.80357,57.34067],[-134.81712,57.35131],[-134.82353,57.37147],[-134.84146,57.39088],[-134.8321,57.40218],[-134.85148,57.41037],[-134.91377,57.42715],[-134.98301,57.42413],[-135.00204,57.41332],[-135.03032,57.4082],[-135.05623,57.40986],[-135.06336,57.42164],[-135.1658,57.44505],[-135.19812,57.43789],[-135.19289,57.44991],[-135.16485,57.45426],[-135.18814,57.47931],[-135.22308,57.48877],[-135.24708,57.482],[-135.27822,57.47995],[-135.29438,57.48366],[-135.32671,57.47522],[-135.34929,57.47369],[-135.36212,57.46091],[-135.39159,57.45298],[-135.40704,57.44019],[-135.41679,57.45873],[-135.36688,57.47918],[-135.30912,57.49464],[-135.29082,57.50984],[-135.30959,57.5189],[-135.32267,57.53843],[-135.34311,57.54263],[-135.37971,57.55768],[-135.44681,57.55681],[-135.44808,57.55152],[-135.47835,57.53881],[-135.50211,57.51865],[-135.54918,57.50435],[-135.53444,57.48519],[-135.5304,57.4595],[-135.53492,57.4494],[-135.56153,57.44787]]],[[[-135.45657,57.08937],[-135.43657,57.10208],[-135.44735,57.11421],[-135.46921,57.10743],[-135.45657,57.08937]]],[[[-135.75073,57.34112],[-135.7676,57.3492],[-135.78472,57.33496],[-135.83344,57.34022],[-135.84818,57.33855],[-135.85816,57.32136],[-135.82892,57.30839],[-135.83962,57.2944],[-135.83724,57.27834],[-135.84485,57.27025],[-135.83249,57.25277],[-135.86149,57.23155],[-135.87622,57.22576],[-135.86672,57.21984],[-135.83653,57.22563],[-135.82584,57.24325],[-135.80848,57.24878],[-135.80207,57.23463],[-135.82179,57.22035],[-135.8187,57.20491],[-135.83605,57.17529],[-135.81039,57.16588],[-135.78852,57.17477],[-135.74764,57.16459],[-135.73576,57.14848],[-135.75928,57.13868],[-135.75334,57.12978],[-135.76237,57.11378],[-135.80017,57.10862],[-135.82417,57.09145],[-135.84295,57.08576],[-135.842,57.0669],[-135.84818,57.01622],[-135.85911,57.00962],[-135.85245,56.99292],[-135.82156,56.98955],[-135.81252,56.99486],[-135.77616,56.99719],[-135.76737,57.00224],[-135.7165,57.0034],[-135.68323,57.01479],[-135.6578,57.01466],[-135.6364,57.0223],[-135.61121,57.04247],[-135.60432,57.06794],[-135.59433,57.07853],[-135.57128,57.09015],[-135.57651,57.10978],[-135.57223,57.1263],[-135.56177,57.13468],[-135.56676,57.15531],[-135.51257,57.13984],[-135.49998,57.15621],[-135.47383,57.17],[-135.43604,57.14706],[-135.43509,57.15956],[-135.45577,57.18031],[-135.53278,57.22756],[-135.54965,57.20954],[-135.54941,57.18843],[-135.56153,57.17864],[-135.60479,57.16395],[-135.60669,57.18276],[-135.60123,57.19654],[-135.62286,57.21572],[-135.6269,57.24492],[-135.59576,57.22807],[-135.56962,57.22743],[-135.57033,57.24801],[-135.5954,57.27403],[-135.67239,57.31735],[-135.69012,57.31648],[-135.70604,57.32906],[-135.75073,57.34112]]],[[[-135.44709,57.24303],[-135.47151,57.2503],[-135.51289,57.22997],[-135.50818,57.21775],[-135.45258,57.18451],[-135.42274,57.19478],[-135.39874,57.21927],[-135.39192,57.24462],[-135.41537,57.24828],[-135.44709,57.24303]]],[[[-133.54589,57.24204],[-133.51737,57.21168],[-133.51119,57.21773],[-133.53211,57.24808],[-133.54589,57.24204]]],[[[-133.85595,57.31038],[-133.87425,57.28624],[-133.87662,57.27057],[-133.79225,57.29883],[-133.82576,57.31616],[-133.85595,57.31038]]],[[[-134.78266,58.29035],[-134.80286,58.29784],[-134.80381,58.32182],[-134.83566,58.34128],[-134.85396,58.34066],[-134.87876,58.35809],[-134.86989,58.32157],[-134.88605,58.32082],[-134.91742,58.37831],[-134.94428,58.4056],[-134.95664,58.41033],[-134.96377,58.37545],[-134.96876,58.37121],[-134.96734,58.36136],[-134.95022,58.3338],[-134.95664,58.31096],[-134.94309,58.27211],[-134.92075,58.24572],[-134.89318,58.2561],[-134.87963,58.25023],[-134.89698,58.23459],[-134.91814,58.2247],[-134.89841,58.19415],[-134.8832,58.184],[-134.8561,58.17648],[-134.85064,58.16407],[-134.81997,58.1415],[-134.81237,58.11941],[-134.80144,58.10472],[-134.78432,58.09643],[-134.76436,58.09731],[-134.78424,58.07057],[-134.79838,58.0709],[-134.80952,58.0454],[-134.78684,58.01403],[-134.7665,57.99832],[-134.75866,57.98066],[-134.77252,57.97144],[-134.74748,57.93857],[-134.74368,57.89969],[-134.72942,57.8863],[-134.71492,57.85381],[-134.72181,57.84483],[-134.70565,57.83091],[-134.71896,57.79407],[-134.70945,57.7852],[-134.73417,57.74197],[-134.72775,57.71481],[-134.70232,57.69792],[-134.70541,57.68179],[-134.69234,57.66844],[-134.69258,57.65853],[-134.67356,57.61832],[-134.67832,57.61196],[-134.65003,57.59477],[-134.61201,57.56355],[-134.60083,57.54059],[-134.58942,57.50256],[-134.57588,57.48315],[-134.58158,57.47228],[-134.54545,57.46768],[-134.54403,57.45324],[-134.46654,57.39296],[-134.4675,57.38425],[-134.42471,57.38476],[-134.4114,57.37349],[-134.43089,57.3699],[-134.48746,57.37297],[-134.50505,57.38297],[-134.53119,57.38886],[-134.52763,57.40551],[-134.55092,57.40602],[-134.5792,57.40026],[-134.56803,57.37759],[-134.57873,57.34349],[-134.5659,57.33695],[-134.53595,57.33823],[-134.51147,57.32861],[-134.50933,57.31706],[-134.56067,57.3073],[-134.59038,57.27789],[-134.61795,57.27224],[-134.61438,57.26067],[-134.57992,57.24151],[-134.54569,57.23637],[-134.57041,57.22042],[-134.59537,57.22415],[-134.60321,57.23238],[-134.62436,57.23431],[-134.63649,57.24627],[-134.6517,57.2311],[-134.65336,57.21398],[-134.64314,57.20253],[-134.64385,57.18746],[-134.63031,57.1738],[-134.60369,57.15692],[-134.62389,57.14932],[-134.63815,57.13552],[-134.63221,57.12275],[-134.63767,57.10649],[-134.62579,57.09848],[-134.63054,57.08815],[-134.61652,57.07188],[-134.62032,57.06619],[-134.6082,57.04435],[-134.61747,57.03193],[-134.56637,57.03737],[-134.56185,57.02689],[-134.54617,57.0221],[-134.51313,57.02689],[-134.47439,57.0256],[-134.48413,57.04797],[-134.47154,57.05404],[-134.42471,57.06671],[-134.37361,57.09203],[-134.40926,57.11204],[-134.39334,57.12752],[-134.37504,57.13113],[-134.35959,57.12339],[-134.32917,57.12378],[-134.33653,57.14042],[-134.3035,57.13578],[-134.27949,57.14184],[-134.28496,57.15228],[-134.25881,57.18205],[-134.21365,57.17393],[-134.1578,57.20587],[-134.14972,57.23135],[-134.15138,57.24537],[-134.12286,57.25013],[-134.09743,57.26234],[-134.09386,57.28085],[-134.13451,57.30666],[-134.12738,57.32052],[-134.14734,57.33117],[-134.15709,57.34272],[-134.16089,57.36195],[-134.17586,57.36554],[-134.19654,57.38169],[-134.19274,57.38937],[-134.16968,57.38899],[-134.15756,57.37221],[-134.13879,57.36823],[-134.12333,57.35221],[-134.12143,57.3372],[-134.10789,57.32129],[-134.08792,57.33143],[-134.08745,57.35888],[-134.06178,57.34156],[-134.05726,57.33194],[-134.0121,57.32437],[-134.00212,57.31347],[-133.97906,57.30448],[-133.96171,57.3064],[-133.93438,57.33464],[-133.87924,57.35131],[-133.86212,57.36669],[-133.88684,57.405],[-133.87805,57.42266],[-133.8973,57.4471],[-133.9099,57.44646],[-133.9301,57.46589],[-133.90253,57.48519],[-133.87448,57.46513],[-133.85,57.43648],[-133.83907,57.43866],[-133.8588,57.45707],[-133.85309,57.46116],[-133.86545,57.48174],[-133.88684,57.50652],[-133.92796,57.536],[-133.94603,57.56865],[-133.93485,57.60865],[-133.94199,57.61909],[-133.97502,57.6397],[-134.01163,57.65662],[-134.096,57.65967],[-134.08388,57.67187],[-134.04656,57.67492],[-134.06201,57.69627],[-134.10385,57.71951],[-134.10408,57.73334],[-134.12025,57.73499],[-134.15328,57.77025],[-134.15827,57.7833],[-134.21532,57.83825],[-134.23338,57.86544],[-134.25073,57.87416],[-134.28591,57.85495],[-134.28401,57.83737],[-134.30659,57.83104],[-134.30468,57.84799],[-134.2821,57.89047],[-134.28044,57.91699],[-134.30944,57.95194],[-134.32132,57.97678],[-134.34081,57.98686],[-134.32821,57.99933],[-134.29589,57.98497],[-134.27046,57.97955],[-134.25311,57.96934],[-134.23576,57.96707],[-134.24289,57.98585],[-134.31704,58.03294],[-134.28472,58.02967],[-134.26357,58.01998],[-134.22483,58.01444],[-134.19107,57.98887],[-134.19274,57.9803],[-134.15994,57.95799],[-134.15138,57.93958],[-134.16873,57.93024],[-134.14591,57.88301],[-134.12429,57.88288],[-134.11906,57.86797],[-134.10266,57.8509],[-134.0411,57.81901],[-134.03325,57.81939],[-134.01519,57.79103],[-134.02161,57.7672],[-133.99903,57.75186],[-134.00022,57.73994],[-133.96956,57.6964],[-133.93319,57.67137],[-133.91014,57.66374],[-133.88946,57.64428],[-133.85452,57.62011],[-133.85381,57.60037],[-133.83669,57.57668],[-133.80984,57.57018],[-133.80057,57.58458],[-133.81007,57.62876],[-133.85357,57.65204],[-133.89255,57.68395],[-133.89302,57.71633],[-133.87472,57.73321],[-133.88993,57.73981],[-133.90324,57.76758],[-133.90514,57.79191],[-133.89992,57.80699],[-133.92178,57.828],[-133.95316,57.85166],[-133.97526,57.85937],[-133.97597,57.86898],[-134.00592,57.894],[-133.98881,57.90196],[-133.99142,57.91219],[-134.03516,57.93857],[-134.10123,57.98774],[-134.08982,57.99757],[-134.10147,58.02073],[-134.17111,58.0674],[-134.18989,58.08362],[-134.18133,58.09329],[-134.20153,58.11427],[-134.16683,58.12745],[-134.18085,58.14288],[-134.17586,58.15956],[-134.2051,58.16671],[-134.23148,58.15755],[-134.26571,58.15793],[-134.27593,58.14953],[-134.30873,58.15178],[-134.32037,58.14401],[-134.35412,58.15066],[-134.37385,58.15078],[-134.42043,58.16997],[-134.44539,58.17385],[-134.50077,58.17235],[-134.53642,58.18262],[-134.55639,58.19428],[-134.57089,58.19089],[-134.56566,58.17924],[-134.63672,58.1632],[-134.69591,58.16094],[-134.70161,58.18738],[-134.70898,58.19177],[-134.70874,58.22821],[-134.7268,58.23221],[-134.74273,58.24685],[-134.75105,58.27048],[-134.77695,58.28073],[-134.78266,58.29035]]],[[[-133.64952,57.76747],[-133.6248,57.75352],[-133.61102,57.76062],[-133.64952,57.76747]]],[[[-136.39622,58.13645],[-136.40906,58.13758],[-136.44911,58.12064],[-136.44685,58.11197],[-136.46788,58.09885],[-136.49189,58.10117],[-136.5374,58.09747],[-136.55131,58.08736],[-136.56747,58.06536],[-136.55892,58.04914],[-136.56224,58.03675],[-136.57591,58.03197],[-136.56593,58.00547],[-136.54263,58.00559],[-136.53325,57.99791],[-136.56105,57.98815],[-136.56224,57.97069],[-136.57318,57.95575],[-136.55844,57.93904],[-136.57448,57.9326],[-136.56902,57.90704],[-136.55416,57.9107],[-136.52136,57.90111],[-136.48595,57.89719],[-136.47264,57.8874],[-136.49605,57.87066],[-136.485,57.85877],[-136.46277,57.85422],[-136.4522,57.84239],[-136.43722,57.84322],[-136.4207,57.81911],[-136.39765,57.81879],[-136.38826,57.83233],[-136.36687,57.82879],[-136.35938,57.81981],[-136.362,57.80569],[-136.33478,57.7986],[-136.32528,57.77909],[-136.30282,57.7763],[-136.30602,57.76464],[-136.32029,57.75272],[-136.30377,57.74625],[-136.292,57.72956],[-136.26669,57.73204],[-136.2573,57.74847],[-136.25504,57.76673],[-136.23187,57.75272],[-136.20287,57.76001],[-136.21464,57.74149],[-136.18457,57.73439],[-136.17233,57.7217],[-136.20109,57.71719],[-136.20204,57.69357],[-136.22652,57.69611],[-136.26027,57.6801],[-136.24613,57.64889],[-136.22699,57.63573],[-136.23127,57.62434],[-136.18314,57.61027],[-136.20204,57.6004],[-136.22284,57.60333],[-136.22961,57.59537],[-136.16746,57.57346],[-136.14345,57.57333],[-136.13691,57.60664],[-136.12242,57.6055],[-136.1198,57.58977],[-136.08688,57.59868],[-136.06098,57.59002],[-136.05408,57.58161],[-136.09033,57.57123],[-136.0933,57.56122],[-136.0725,57.54101],[-136.04862,57.52748],[-136.05147,57.51485],[-136.01986,57.4987],[-136.00001,57.49799],[-135.98005,57.48675],[-135.96686,57.46286],[-135.94416,57.461],[-135.90969,57.44502],[-135.87178,57.42045],[-135.86085,57.42704],[-135.84932,57.3951],[-135.80749,57.38556],[-135.77885,57.38812],[-135.76471,57.37483],[-135.74736,57.37009],[-135.70517,57.36878],[-135.6738,57.38755],[-135.67522,57.40657],[-135.63446,57.40657],[-135.62055,57.41994],[-135.59287,57.42679],[-135.58443,57.43517],[-135.59714,57.44265],[-135.55222,57.45563],[-135.54782,57.47896],[-135.57979,57.52072],[-135.56422,57.53897],[-135.56565,57.54719],[-135.61354,57.56205],[-135.60273,57.57301],[-135.58122,57.56893],[-135.56827,57.58187],[-135.51396,57.59684],[-135.52596,57.60607],[-135.57813,57.61797],[-135.60665,57.61021],[-135.64908,57.62351],[-135.65514,57.6314],[-135.62079,57.63783],[-135.5899,57.659],[-135.56613,57.67038],[-135.51348,57.6508],[-135.47783,57.63089],[-135.41365,57.61072],[-135.36873,57.58926],[-135.34936,57.58913],[-135.27224,57.55446],[-135.24882,57.54834],[-135.21472,57.52787],[-135.19344,57.52538],[-135.15827,57.50578],[-135.12678,57.49653],[-135.1055,57.47385],[-135.08815,57.46484],[-135.05773,57.46381],[-135.02636,57.45519],[-134.97169,57.46298],[-134.93152,57.45896],[-134.89361,57.45966],[-134.86877,57.46452],[-134.8727,57.47238],[-134.89991,57.49065],[-134.89492,57.50195],[-134.87151,57.50036],[-134.84501,57.47794],[-134.83502,57.48196],[-134.83835,57.50304],[-134.85796,57.53061],[-134.85974,57.5456],[-134.85249,57.5574],[-134.85035,57.58015],[-134.86034,57.60588],[-134.88743,57.64476],[-134.8986,57.65423],[-134.93212,57.66587],[-134.90324,57.69313],[-134.9194,57.71052],[-134.91928,57.72392],[-134.92974,57.75728],[-134.94043,57.76185],[-134.98072,57.76077],[-135.02279,57.74384],[-135.04727,57.75456],[-135.07508,57.75024],[-135.10788,57.76017],[-135.1181,57.77775],[-135.09303,57.78567],[-135.06842,57.77459],[-135.01031,57.787],[-134.97894,57.80265],[-134.95565,57.80493],[-134.95541,57.81474],[-134.98643,57.82689],[-135.00996,57.83006],[-135.02719,57.8405],[-135.03978,57.86459],[-135.05618,57.86497],[-135.06771,57.87476],[-135.13165,57.8869],[-135.16195,57.90477],[-135.17182,57.91676],[-135.19784,57.93342],[-135.19333,57.94446],[-135.1648,57.93721],[-135.15292,57.9297],[-135.11382,57.91727],[-135.08185,57.91102],[-135.04077,57.89552],[-135.02838,57.8989],[-134.9989,57.88986],[-134.95719,57.90616],[-134.96004,57.91153],[-134.92237,57.92377],[-134.91976,57.94636],[-134.93794,57.95474],[-134.93485,57.97315],[-134.91334,57.9775],[-134.92898,57.99941],[-134.93161,58.01585],[-134.95171,58.0398],[-134.97585,58.04838],[-135.09279,58.06391],[-135.08696,58.08114],[-135.11632,58.09106],[-135.13985,58.08717],[-135.16219,58.09081],[-135.1774,58.0861],[-135.27556,58.09709],[-135.29493,58.09012],[-135.31799,58.10639],[-135.34354,58.10714],[-135.33732,58.12068],[-135.37658,58.13193],[-135.39214,58.14065],[-135.41983,58.14335],[-135.43112,58.13532],[-135.45929,58.13406],[-135.46155,58.12089],[-135.45014,58.10193],[-135.47414,58.09904],[-135.46927,58.08421],[-135.4966,58.08842],[-135.51384,58.06448],[-135.53154,58.06215],[-135.55911,58.03499],[-135.5628,58.01755],[-135.59405,57.98985],[-135.63315,57.98701],[-135.63672,57.99936],[-135.62602,58.02221],[-135.65086,58.02385],[-135.67736,58.03121],[-135.69067,58.04197],[-135.66821,58.0465],[-135.66785,58.05549],[-135.62519,58.04908],[-135.583,58.08208],[-135.53796,58.10117],[-135.52132,58.12007],[-135.52394,58.14981],[-135.49554,58.17125],[-135.52762,58.1876],[-135.53784,58.18478],[-135.56672,58.19806],[-135.6196,58.21121],[-135.64307,58.23101],[-135.66672,58.22486],[-135.73405,58.23981],[-135.75496,58.26714],[-135.76922,58.26632],[-135.77944,58.28438],[-135.79727,58.28801],[-135.82543,58.28238],[-135.83411,58.26914],[-135.87048,58.25107],[-135.89888,58.24819],[-135.92978,58.23418],[-135.9419,58.22154],[-135.97078,58.21002],[-135.97886,58.19343],[-135.99561,58.18842],[-136.0195,58.1918],[-136.01926,58.20451],[-136.04042,58.2186],[-136.06989,58.21472],[-136.13721,58.22441],[-136.14963,58.21328],[-136.18956,58.19105],[-136.2018,58.17983],[-136.19015,58.16279],[-136.19913,58.15582],[-136.23591,58.15676],[-136.24615,58.18435],[-136.27501,58.20121],[-136.27406,58.21566],[-136.29485,58.22361],[-136.3122,58.21109],[-136.35499,58.22267],[-136.36307,58.20896],[-136.35665,58.19362],[-136.32397,58.1688],[-136.31767,58.15395],[-136.30377,58.14172],[-136.30424,58.13256],[-136.28475,58.12139],[-136.28808,58.1121],[-136.32266,58.12308],[-136.3355,58.13576],[-136.36663,58.14975],[-136.39622,58.13645]]],[[[-134.19511,57.84711],[-134.18941,57.83446],[-134.13213,57.78938],[-134.12951,57.77823],[-134.11311,57.77101],[-134.10099,57.77798],[-134.10717,57.79888],[-134.12714,57.82053],[-134.16231,57.85065],[-134.16089,57.85697],[-134.18775,57.87821],[-134.19274,57.89173],[-134.21936,57.89337],[-134.2032,57.87353],[-134.17254,57.84584],[-134.19511,57.84711]]],[[[-134.22126,57.93996],[-134.24645,57.95534],[-134.28401,57.95635],[-134.27783,57.93832],[-134.25762,57.91875],[-134.23671,57.90461],[-134.20486,57.90436],[-134.18323,57.90865],[-134.17729,57.91913],[-134.20106,57.93945],[-134.22126,57.93996]]],[[[-134.10634,58.09858],[-134.13106,58.10586],[-134.14912,58.10473],[-134.1458,58.09268],[-134.10872,58.08325],[-134.10634,58.09858]]],[[[-136.12484,58.29692],[-136.15787,58.28118],[-136.13173,58.2628],[-136.10083,58.25718],[-136.07825,58.26043],[-136.059,58.27468],[-136.03713,58.27293],[-136.03428,58.29904],[-136.03856,58.3194],[-136.09441,58.30129],[-136.11794,58.30404],[-136.12484,58.29692]]],[[[-135.66467,58.3839],[-135.73266,58.36923],[-135.68765,58.33414],[-135.64872,58.32682],[-135.62524,58.32973],[-135.57618,58.32622],[-135.55239,58.32906],[-135.5377,58.34324],[-135.57795,58.3606],[-135.58614,58.36759],[-135.61883,58.37885],[-135.66467,58.3839]]],[[[-134.81662,58.38142],[-134.84617,58.42226],[-134.9142,58.48641],[-134.9238,58.47732],[-134.90372,58.45381],[-134.89593,58.43642],[-134.84228,58.37627],[-134.81662,58.38142]]],[[[-134.96888,58.48683],[-134.96864,58.50098],[-134.99624,58.50247],[-135.03046,58.51671],[-135.02569,58.50546],[-134.99693,58.48024],[-134.95605,58.46993],[-134.94369,58.47925],[-134.96888,58.48683]]],[[[-136.02739,58.51256],[-136.00552,58.50605],[-135.98686,58.5184],[-135.99815,58.52367],[-136.02739,58.51256]]],[[[-134.93573,58.57758],[-134.91077,58.55391],[-134.89639,58.55503],[-134.92658,58.57684],[-134.93573,58.57758]]],[[[-136.10393,58.56064],[-136.08768,58.56997],[-136.09611,58.58895],[-136.11968,58.60664],[-136.14427,58.60901],[-136.15248,58.59938],[-136.15193,58.59453],[-136.10393,58.56064]]],[[[-136.24712,58.6644],[-136.2331,58.64326],[-136.20268,58.63633],[-136.21527,58.65562],[-136.21456,58.66823],[-136.23334,58.67688],[-136.24712,58.6644]]],[[[-135.35309,59.01557],[-135.34739,58.97664],[-135.3298,58.93767],[-135.30318,58.93313],[-135.29676,58.96366],[-135.32813,59.00897],[-135.35309,59.01557]]],[[[179.14366,51.46944],[179.10144,51.4855],[179.0768,51.49852],[179.0029,51.55249],[178.92083,51.58614],[178.91914,51.60555],[178.90391,51.61491],[178.80413,51.63503],[178.73802,51.63273],[178.6899,51.64442],[178.67553,51.65906],[178.64551,51.65763],[178.62554,51.6373],[178.63402,51.62398],[178.70605,51.59318],[178.78506,51.57187],[178.83183,51.58053],[178.84363,51.57864],[178.95163,51.54196],[179.01352,51.49728],[179.06035,51.45488],[179.21819,51.38738],[179.22047,51.37667],[179.26162,51.35769],[179.36679,51.37184],[179.39947,51.35943],[179.45019,51.36514],[179.46277,51.37618],[179.38622,51.4044],[179.26393,51.40584],[179.23027,51.41342],[179.21803,51.43894],[179.19108,51.46294],[179.14366,51.46944]]],[[[178.30489,51.77743],[178.31876,51.77232],[178.37235,51.77415],[178.33563,51.80703],[178.30557,51.82175],[178.23693,51.82821],[178.24621,51.81708],[178.30489,51.77743]]],[[[178.46339,51.98785],[178.44696,51.97822],[178.46805,51.93164],[178.48483,51.9099],[178.50249,51.89964],[178.5394,51.90325],[178.59025,51.94546],[178.5916,51.95265],[178.57062,51.96806],[178.55261,51.97397],[178.47859,51.98755],[178.46339,51.98785]]],[[[179.64948,51.87367],[179.73477,51.90761],[179.75153,51.92393],[179.75899,51.9466],[179.77847,51.96222],[179.77392,51.97069],[179.66333,52.02294],[179.62228,52.02498],[179.58286,52.01684],[179.57105,52.01111],[179.53922,51.98518],[179.48246,51.98283],[179.47557,51.93746],[179.48463,51.92127],[179.52187,51.89677],[179.61436,51.87177],[179.64948,51.87367]]],[[[177.5634,52.12196],[177.5456,52.10109],[177.50532,52.03877],[177.50575,52.01637],[177.49744,51.99333],[177.48371,51.98488],[177.41348,51.97972],[177.34558,51.96301],[177.34152,51.95502],[177.29131,51.91943],[177.2727,51.92005],[177.2339,51.90962],[177.20332,51.89656],[177.204,51.88053],[177.23552,51.87326],[177.27337,51.85712],[177.29342,51.84561],[177.29404,51.8373],[177.31177,51.82597],[177.32169,51.82854],[177.33402,51.84444],[177.33423,51.86677],[177.32678,51.87364],[177.34882,51.90447],[177.37393,51.91976],[177.40954,51.93082],[177.56051,51.91636],[177.60653,51.92507],[177.61155,51.95083],[177.57982,51.95084],[177.54353,51.95618],[177.53273,51.97007],[177.53822,51.9789],[177.57723,52.00497],[177.60165,52.01638],[177.63256,52.06484],[177.65945,52.06944],[177.67595,52.09217],[177.66161,52.11275],[177.60267,52.13732],[177.5634,52.12196]]],[[[178.17996,52.03325],[178.1417,52.05103],[178.11914,52.05166],[178.09461,52.03329],[178.10587,51.99836],[178.13255,51.98698],[178.17447,51.99168],[178.19096,52.00355],[178.17996,52.03325]]],[[[175.94418,52.33644],[175.96652,52.35973],[175.95056,52.36836],[175.90673,52.37565],[175.87435,52.371],[175.87332,52.36114],[175.89068,52.34451],[175.91129,52.33483],[175.94418,52.33644]]],[[[173.75498,52.49613],[173.7695,52.51207],[173.68059,52.51288],[173.62388,52.50695],[173.58755,52.47679],[173.55574,52.47947],[173.55,52.46707],[173.53011,52.44997],[173.50102,52.44093],[173.47624,52.44191],[173.4457,52.45503],[173.38006,52.43184],[173.3561,52.40556],[173.3955,52.40265],[173.45559,52.38966],[173.46544,52.38462],[173.51216,52.38504],[173.54378,52.39267],[173.55989,52.40117],[173.58879,52.40097],[173.60677,52.37825],[173.65129,52.35637],[173.7257,52.35658],[173.71232,52.42103],[173.6916,52.44594],[173.70774,52.47738],[173.73939,52.49326],[173.75498,52.49613]]],[[[174.0662,52.73104],[174.07184,52.7183],[174.10941,52.70856],[174.15815,52.70606],[174.14533,52.72855],[174.09665,52.74349],[174.0662,52.73104]]],[[[174.0217,52.73029],[174.00365,52.74428],[173.95408,52.75141],[173.9726,52.72942],[174.00483,52.71986],[174.0217,52.73029]]],[[[173.86744,52.77513],[173.87559,52.7619],[173.89475,52.75078],[173.92527,52.75243],[173.93155,52.75857],[173.89745,52.77178],[173.86744,52.77513]]],[[[173.42767,52.83076],[173.42168,52.84548],[173.2954,52.92699],[173.25133,52.94436],[173.21175,52.93949],[173.17241,52.96055],[173.15965,52.97416],[173.13151,52.98752],[173.10725,52.99323],[172.74657,53.01075],[172.64327,53.00498],[172.62908,53.00132],[172.46167,52.92716],[172.46902,52.91134],[172.513,52.90518],[172.58508,52.92133],[172.64037,52.92544],[172.75424,52.87749],[172.76669,52.86267],[172.76337,52.82366],[172.80939,52.78929],[172.90363,52.76167],[172.99847,52.79698],[173.13452,52.78436],[173.1669,52.79523],[173.18795,52.8315],[173.20495,52.84891],[173.22907,52.85616],[173.28442,52.82793],[173.30233,52.82329],[173.42767,52.83076]]]]},"properties":{"district_code":"AK-01","NAMELSAD":"AK-01","state":"AK","district_num":"1","pres16_total":"318608","pres16_dem":"116454","pres16_rep":"163387","comp16-20_total":"324817","comp16-20_dem":"135645","comp16-20_rep":"171369","pres20_total":"357569","pres20_dem":"153778","pres20_rep":"189951","pres24_total":"337780","pres24_dem":"139695","pres24_rep":"184410","pop_total":"733391","pop_white":"421758","pop_hispanic":"49824","pop_black":"35454","pop_asian":"61460","pop_native":"160287","pop_pacific":"18668","vap_total":"554003","vap_white":"340580","vap_hispanic":"33441","vap_black":"23665","vap_asian":"43407","vap_native":"105737","vap_pacific":"11184","x_22_2022_age_age_0_9":"101021","x_22_2022_age_age_10_19":"96682","x_22_2022_age_age_20_29":"108834","x_22_2022_age_age_30_39":"110529","x_22_2022_age_age_40_49":"88341","x_22_2022_age_age_50_59":"89719","x_22_2022_age_age_60_69":"84044","x_22_2022_age_age_70_79":"39766","x_22_2022_age_age_o79":"15885","x_22_2022_education_assoc":"43357","x_22_2022_education_bach":"93744","x_22_2022_education_doc":"6419","x_22_2022_education_hs":"140126","x_22_2022_education_master":"39645","x_22_2022_education_nohs":"31689","x_22_2022_education_prof":"9589","x_22_2022_education_somecol":"121302","x_22_2022_household_income_100_125k":"30275","x_22_2022_household_income_10_15k":"6532","x_22_2022_household_income_125_150k":"21713","x_22_2022_household_income_150_200k":"29177","x_22_2022_household_income_15_20k":"8396","x_22_2022_household_income_20_25k":"6849","x_22_2022_household_income_25_30k":"7122","x_22_2022_household_income_30_35k":"7516","x_22_2022_household_income_35_40k":"7812","x_22_2022_household_income_40_45k":"9122","x_22_2022_household_income_45_50k":"7900","x_22_2022_household_income_50_60k":"16194","x_22_2022_household_income_60_75k":"25350","x_22_2022_household_income_75_100k":"37590","x_22_2022_household_income_o200k":"32596","x_22_2022_household_income_u10k":"10232"}},{"type":"Feature","geometry":{"type":"MultiPolygon","coordinates":[[[[-75.55957,39.62542],[-75.55849,39.6305],[-75.57105,39.62132],[-75.55346,39.60198],[-75.55403,39.60382],[-75.55697,39.60758],[-75.55957,39.62542]]],[[[-75.52783,39.65306],[-75.52617,39.65562],[-75.53601,39.64659],[-75.53352,39.64756],[-75.52783,39.65306]]],[[[-75.50909,39.68593],[-75.50937,39.6886],[-75.51464,39.66861],[-75.5264,39.65633],[-75.51601,39.66576],[-75.51219,39.67177],[-75.50909,39.68593]]],[[[-75.49203,39.70888],[-75.49123,39.71114],[-75.50731,39.6964],[-75.49631,39.70096],[-75.49203,39.70888]]],[[[-75.47677,39.72283],[-75.47662,39.72433],[-75.47891,39.71394],[-75.47652,39.7161],[-75.47677,39.72283]]],[[[-75.46623,39.75079],[-75.46358,39.75729],[-75.47259,39.73872],[-75.46909,39.74353],[-75.46623,39.75079]]],[[[-75.45234,39.76901],[-75.44947,39.77458],[-75.45944,39.76581],[-75.45234,39.76901]]],[[[-75.43617,39.78501],[-75.42677,39.7884],[-75.40541,39.7964],[-75.4383,39.7844],[-75.43617,39.78501]]],[[[-75.05223,38.45125],[-75.04894,38.45126],[-75.04975,38.48639],[-75.06003,38.60771],[-75.08215,38.77216],[-75.0971,38.7887],[-75.11333,38.783],[-75.13402,38.78224],[-75.15902,38.79019],[-75.19055,38.80686],[-75.30408,38.91316],[-75.3171,38.93344],[-75.31154,38.94463],[-75.31161,38.96764],[-75.31835,38.98819],[-75.34089,39.01996],[-75.39628,39.05788],[-75.40314,39.07861],[-75.39981,39.09909],[-75.40813,39.12251],[-75.41336,39.1533],[-75.41027,39.16915],[-75.40014,39.18646],[-75.39708,39.20453],[-75.40703,39.22574],[-75.40504,39.24032],[-75.409,39.26413],[-75.43477,39.29059],[-75.43903,39.31338],[-75.49412,39.34658],[-75.49416,39.35461],[-75.513,39.36615],[-75.5158,39.37835],[-75.53851,39.4165],[-75.57183,39.4389],[-75.58944,39.46081],[-75.59307,39.47919],[-75.58773,39.49635],[-75.57236,39.5171],[-75.56303,39.56224],[-75.61187,39.59741],[-75.61493,39.61595],[-75.58715,39.65101],[-75.56225,39.65671],[-75.50911,39.72009],[-75.49024,39.75479],[-75.4685,39.78647],[-75.42342,39.80662],[-75.41531,39.80206],[-75.4231,39.80671],[-75.44036,39.81508],[-75.47218,39.8268],[-75.53972,39.83893],[-75.57965,39.83888],[-75.61795,39.834],[-75.64953,39.82605],[-75.68121,39.81359],[-75.71392,39.79446],[-75.73943,39.77293],[-75.76035,39.74741],[-75.77362,39.7226],[-75.7886,39.7222],[-75.78855,39.64846],[-75.69367,38.46008],[-75.41088,38.4523],[-75.05223,38.45125]]],[[[-75.5275,39.53272],[-75.52768,39.53506],[-75.52773,39.52211],[-75.52665,39.52664],[-75.5275,39.53272]]],[[[-75.51501,39.56261],[-75.51255,39.56631],[-75.53019,39.54527],[-75.52136,39.55291],[-75.51501,39.56261]]],[[[-75.52062,39.5835],[-75.52212,39.58344],[-75.51274,39.57789],[-75.51466,39.58079],[-75.52062,39.5835]]],[[[-75.53737,39.59353],[-75.54012,39.59434],[-75.54063,39.59439],[-75.53704,39.59227],[-75.53737,39.59353]]],[[[-75.54814,39.59933],[-75.55032,39.60077],[-75.55275,39.60156],[-75.54686,39.59807],[-75.54814,39.59933]]]]},"properties":{"district_code":"DE-01","NAMELSAD":"DE-01","state":"DE","district_num":"1","pres16_total":"441052","pres16_dem":"235154","pres16_rep":"185062","comp16-20_total":"440514","comp16-20_dem":"258570","comp16-20_rep":"172762","pres20_total":"504010","pres20_dem":"296268","pres20_rep":"200603","pres24_total":"510775","pres24_dem":"288933","pres24_rep":"214262","pop_total":"989948","pop_white":"579851","pop_hispanic":"104290","pop_black":"244944","pop_asian":"50969","pop_native":"21392","pop_pacific":"1547","vap_total":"783543","vap_white":"489226","vap_hispanic":"67906","vap_black":"178357","vap_asian":"37878","vap_native":"15627","vap_pacific":"1057","x_22_2022_age_age_0_9":"109968","x_22_2022_age_age_10_19":"123481","x_22_2022_age_age_20_29":"122674","x_22_2022_age_age_30_39":"124265","x_22_2022_age_age_40_49":"114864","x_22_2022_age_age_50_59":"131642","x_22_2022_age_age_60_69":"137636","x_22_2022_age_age_70_79":"87953","x_22_2022_age_age_o79":"41152","x_22_2022_education_assoc":"58540","x_22_2022_education_bach":"139213","x_22_2022_education_doc":"13931","x_22_2022_education_hs":"208129","x_22_2022_education_master":"75033","x_22_2022_education_nohs":"61344","x_22_2022_education_prof":"13180","x_22_2022_education_somecol":"130994","x_22_2022_household_income_100_125k":"40249","x_22_2022_household_income_10_15k":"12173","x_22_2022_household_income_125_150k":"30916","x_22_2022_household_income_150_200k":"39006","x_22_2022_household_income_15_20k":"10775","x_22_2022_household_income_20_25k":"12267","x_22_2022_household_income_25_30k":"13820","x_22_2022_household_income_30_35k":"13903","x_22_2022_household_income_35_40k":"14294","x_22_2022_household_income_40_45k":"13700","x_22_2022_household_income_45_50k":"13210","x_22_2022_household_income_50_60k":"27203","x_22_2022_household_income_60_75k":"36164","x_22_2022_household_income_75_100k":"54374","x_22_2022_household_income_o200k":"40197","x_22_2022_household_income_u10k":"16749"}},{"type":"Feature","geometry":{"type":"Polygon","coordinates":[[[-96.56367,45.93525],[-96.56133,45.94566],[-96.57035,45.9636],[-96.57587,46.008],[-96.57422,46.01576],[-96.57787,46.02703],[-96.56605,46.05183],[-96.55911,46.05852],[-96.55444,46.08419],[-96.55718,46.08741],[-96.55788,46.1022],[-96.56692,46.11475],[-96.56023,46.11657],[-96.57218,46.12491],[-96.56887,46.13342],[-96.58027,46.15108],[-96.57626,46.15958],[-96.57992,46.16148],[-96.57702,46.16604],[-96.58061,46.16765],[-96.57529,46.16849],[-96.58348,46.17115],[-96.57701,46.17155],[-96.57664,46.17394],[-96.58352,46.17266],[-96.57993,46.17723],[-96.59268,46.17521],[-96.58615,46.18181],[-96.59128,46.18506],[-96.58743,46.1858],[-96.59044,46.19064],[-96.58531,46.194],[-96.59117,46.19593],[-96.58505,46.19711],[-96.58368,46.20074],[-96.58706,46.20213],[-96.58438,46.20354],[-96.58894,46.20452],[-96.58384,46.20838],[-96.59116,46.20912],[-96.5885,46.21252],[-96.59582,46.21993],[-96.59865,46.2426],[-96.58371,46.24981],[-96.59284,46.25077],[-96.59529,46.25379],[-96.59339,46.25794],[-96.60037,46.26165],[-96.59526,46.27425],[-96.60045,46.28063],[-96.59486,46.28634],[-96.60197,46.2859],[-96.59629,46.28802],[-96.59629,46.2911],[-96.60584,46.29358],[-96.59719,46.29809],[-96.60357,46.30239],[-96.59705,46.31599],[-96.60123,46.31964],[-96.60003,46.32682],[-96.60611,46.32675],[-96.59966,46.33048],[-96.60589,46.33108],[-96.60895,46.33564],[-96.62041,46.34042],[-96.61667,46.34739],[-96.62744,46.34925],[-96.62904,46.35397],[-96.6456,46.35109],[-96.64845,46.35808],[-96.64315,46.36123],[-96.65548,46.36652],[-96.66039,46.37163],[-96.65807,46.37453],[-96.66663,46.37508],[-96.67069,46.38998],[-96.66753,46.39091],[-96.67514,46.39106],[-96.67249,46.39528],[-96.68104,46.40745],[-96.68899,46.40663],[-96.68991,46.40949],[-96.68517,46.41399],[-96.69781,46.41262],[-96.7015,46.415],[-96.69852,46.41723],[-96.69318,46.41556],[-96.69283,46.42188],[-96.70483,46.41873],[-96.69902,46.42679],[-96.70415,46.42623],[-96.70147,46.43031],[-96.70759,46.42965],[-96.70313,46.43677],[-96.71573,46.43732],[-96.71377,46.43503],[-96.71605,46.43412],[-96.71763,46.439],[-96.72181,46.43976],[-96.71249,46.44112],[-96.71622,46.44417],[-96.71127,46.44671],[-96.71335,46.44876],[-96.71782,46.44603],[-96.72155,46.44917],[-96.71308,46.45023],[-96.71737,46.45522],[-96.71222,46.45545],[-96.71161,46.45953],[-96.71854,46.46233],[-96.71287,46.46616],[-96.7229,46.46634],[-96.71525,46.47255],[-96.72642,46.47168],[-96.72668,46.47616],[-96.73072,46.47879],[-96.73888,46.4792],[-96.73249,46.48322],[-96.73954,46.48625],[-96.73414,46.48895],[-96.7367,46.49106],[-96.73319,46.49293],[-96.73339,46.49698],[-96.73819,46.49775],[-96.73734,46.5013],[-96.74214,46.50048],[-96.7333,46.50463],[-96.74037,46.51079],[-96.73421,46.51173],[-96.73748,46.51756],[-96.74523,46.52021],[-96.73674,46.52413],[-96.74548,46.52533],[-96.74205,46.52929],[-96.74604,46.53511],[-96.73862,46.53459],[-96.74257,46.53775],[-96.73873,46.53961],[-96.75009,46.5409],[-96.73871,46.54323],[-96.75045,46.54405],[-96.74554,46.548],[-96.7407,46.54564],[-96.74106,46.54778],[-96.74887,46.54938],[-96.74604,46.55608],[-96.7543,46.55654],[-96.74673,46.5591],[-96.75181,46.5627],[-96.74189,46.56423],[-96.74702,46.56716],[-96.7457,46.57103],[-96.75246,46.57101],[-96.74628,46.57506],[-96.75589,46.57432],[-96.75718,46.57816],[-96.74763,46.58266],[-96.76052,46.58151],[-96.75123,46.58471],[-96.75224,46.58815],[-96.76261,46.58932],[-96.75544,46.59491],[-96.76278,46.59407],[-96.76654,46.59883],[-96.77164,46.59631],[-96.77222,46.60387],[-96.7682,46.60593],[-96.77882,46.60753],[-96.77243,46.60979],[-96.77395,46.61376],[-96.77075,46.6151],[-96.7813,46.61552],[-96.77483,46.61779],[-96.77514,46.62085],[-96.78754,46.62005],[-96.77833,46.62543],[-96.79126,46.62491],[-96.78207,46.63118],[-96.79807,46.62923],[-96.79078,46.63867],[-96.78607,46.64013],[-96.79416,46.64645],[-96.79065,46.64907],[-96.79895,46.65411],[-96.797,46.65922],[-96.79983,46.66124],[-96.7955,46.6666],[-96.80196,46.66818],[-96.79503,46.66723],[-96.79135,46.67282],[-96.79888,46.67403],[-96.79884,46.67865],[-96.7876,46.67699],[-96.7948,46.6833],[-96.78843,46.68169],[-96.78761,46.6852],[-96.78393,46.68573],[-96.79062,46.68996],[-96.78609,46.69146],[-96.78808,46.70024],[-96.78451,46.70177],[-96.7912,46.70375],[-96.78386,46.70644],[-96.78919,46.70995],[-96.78397,46.71113],[-96.78747,46.714],[-96.78225,46.71712],[-96.79123,46.718],[-96.7811,46.72205],[-96.78203,46.72519],[-96.77914,46.72664],[-96.78455,46.73271],[-96.7809,46.73457],[-96.78286,46.74029],[-96.78035,46.74142],[-96.78735,46.74314],[-96.78083,46.74596],[-96.78713,46.74769],[-96.78278,46.75041],[-96.78938,46.752],[-96.78299,46.75452],[-96.78979,46.75661],[-96.78294,46.75675],[-96.78639,46.76186],[-96.77822,46.76042],[-96.77825,46.76243],[-96.78912,46.76486],[-96.77569,46.76604],[-96.78955,46.77176],[-96.79008,46.77457],[-96.78429,46.77431],[-96.78419,46.77841],[-96.79672,46.77746],[-96.78714,46.78515],[-96.78957,46.78956],[-96.79619,46.78988],[-96.79493,46.79578],[-96.8022,46.79733],[-96.79558,46.80119],[-96.79829,46.80465],[-96.80316,46.80448],[-96.79603,46.80683],[-96.80261,46.81211],[-96.79977,46.81431],[-96.80016,46.81966],[-96.79239,46.82304],[-96.79158,46.82773],[-96.7804,46.82494],[-96.79396,46.83306],[-96.78383,46.83409],[-96.78753,46.84091],[-96.77501,46.83905],[-96.78183,46.84564],[-96.77325,46.85127],[-96.78547,46.85341],[-96.78374,46.85573],[-96.77585,46.8546],[-96.78396,46.86166],[-96.78202,46.87078],[-96.77607,46.87444],[-96.78136,46.87921],[-96.77289,46.88133],[-96.7695,46.87773],[-96.76729,46.88347],[-96.77305,46.88438],[-96.77448,46.88984],[-96.76974,46.89321],[-96.77663,46.89587],[-96.77048,46.90149],[-96.77383,46.90363],[-96.76509,46.90538],[-96.76408,46.91214],[-96.75901,46.91644],[-96.75501,46.91381],[-96.76292,46.92354],[-96.75265,46.92354],[-96.76538,46.92762],[-96.75672,46.928],[-96.76169,46.93456],[-96.77489,46.93055],[-96.77668,46.92572],[-96.77971,46.92833],[-96.78518,46.9244],[-96.78573,46.92992],[-96.79107,46.92732],[-96.79157,46.94495],[-96.80398,46.94653],[-96.79901,46.95189],[-96.80349,46.95843],[-96.79539,46.96614],[-96.80159,46.96829],[-96.8016,46.96421],[-96.80697,46.9673],[-96.80979,46.96384],[-96.82266,46.97002],[-96.82011,46.97938],[-96.82635,46.98845],[-96.82234,46.99059],[-96.82393,46.99744],[-96.81948,46.99737],[-96.82338,47.00088],[-96.82108,47.00349],[-96.82635,47.00173],[-96.83951,47.00716],[-96.83337,47.01041],[-96.83478,47.01745],[-96.82952,47.02155],[-96.81546,47.02375],[-96.81918,47.0294],[-96.82722,47.03093],[-96.81634,47.03379],[-96.81299,47.03777],[-96.81438,47.03988],[-96.81946,47.03585],[-96.82272,47.03694],[-96.81786,47.04708],[-96.82756,47.04633],[-96.81771,47.05231],[-96.82506,47.05556],[-96.8217,47.05918],[-96.83039,47.06082],[-96.81974,47.06173],[-96.82455,47.07153],[-96.81963,47.07534],[-96.82678,47.0726],[-96.82928,47.07462],[-96.81575,47.07899],[-96.82038,47.08379],[-96.81645,47.08878],[-96.82629,47.08866],[-96.81709,47.09271],[-96.81722,47.09786],[-96.82102,47.10089],[-96.81566,47.10466],[-96.81619,47.10848],[-96.82267,47.10966],[-96.82061,47.11375],[-96.8233,47.1175],[-96.83756,47.12198],[-96.82671,47.12285],[-96.82069,47.13005],[-96.83042,47.12922],[-96.82633,47.13494],[-96.83463,47.14396],[-96.82865,47.14642],[-96.84122,47.15164],[-96.836,47.15667],[-96.82236,47.15634],[-96.83187,47.1589],[-96.81901,47.16429],[-96.82497,47.167],[-96.82243,47.17272],[-96.83338,47.17633],[-96.82446,47.17834],[-96.82746,47.18138],[-96.82164,47.18345],[-96.8232,47.18574],[-96.83559,47.18428],[-96.82672,47.18876],[-96.8284,47.19273],[-96.83936,47.19636],[-96.83977,47.19135],[-96.84485,47.19358],[-96.83341,47.20374],[-96.82718,47.20153],[-96.83716,47.20768],[-96.83028,47.21093],[-96.8373,47.21638],[-96.834,47.22193],[-96.83857,47.22287],[-96.84119,47.21808],[-96.84559,47.21926],[-96.8433,47.22282],[-96.83176,47.22618],[-96.84144,47.22951],[-96.84147,47.23321],[-96.83705,47.235],[-96.83164,47.23131],[-96.82876,47.23257],[-96.83594,47.24194],[-96.84366,47.23961],[-96.83227,47.24666],[-96.8374,47.25305],[-96.84199,47.2494],[-96.84442,47.25123],[-96.83859,47.25594],[-96.84529,47.25841],[-96.836,47.25933],[-96.83592,47.26246],[-96.84738,47.26255],[-96.83458,47.2667],[-96.84493,47.26878],[-96.84722,47.27224],[-96.84014,47.27536],[-96.84386,47.29294],[-96.83093,47.30661],[-96.83683,47.31153],[-96.84371,47.30934],[-96.8427,47.31376],[-96.84698,47.31569],[-96.83513,47.3193],[-96.83706,47.32434],[-96.82876,47.328],[-96.83516,47.33092],[-96.84018,47.32684],[-96.84546,47.32767],[-96.84557,47.33065],[-96.83536,47.3322],[-96.83062,47.33801],[-96.84099,47.34138],[-96.84744,47.3487],[-96.84302,47.35061],[-96.84505,47.35363],[-96.83731,47.35547],[-96.85054,47.35709],[-96.85168,47.36047],[-96.84836,47.36462],[-96.85807,47.36714],[-96.83714,47.37129],[-96.83929,47.37355],[-96.84702,47.37027],[-96.85461,47.37411],[-96.84354,47.3759],[-96.85012,47.38129],[-96.83924,47.38117],[-96.84183,47.38692],[-96.8375,47.38963],[-96.8412,47.39325],[-96.84875,47.39343],[-96.83936,47.39966],[-96.85274,47.40645],[-96.84272,47.41203],[-96.85642,47.40958],[-96.86168,47.41439],[-96.86083,47.41752],[-96.87176,47.41919],[-96.85617,47.42388],[-96.85557,47.42672],[-96.86334,47.4266],[-96.86387,47.42897],[-96.85295,47.43175],[-96.86286,47.4364],[-96.85602,47.43895],[-96.85926,47.45173],[-96.85448,47.45482],[-96.86349,47.45644],[-96.85402,47.46024],[-96.86098,47.47277],[-96.85202,47.47923],[-96.85846,47.48113],[-96.86849,47.47758],[-96.86275,47.48408],[-96.85415,47.48347],[-96.85268,47.48712],[-96.86497,47.49182],[-96.84893,47.4979],[-96.85366,47.50225],[-96.85302,47.5069],[-96.84245,47.50822],[-96.85355,47.51119],[-96.8439,47.5126],[-96.84227,47.51603],[-96.86112,47.51556],[-96.86653,47.52502],[-96.87111,47.52712],[-96.86092,47.52937],[-96.85353,47.53621],[-96.86091,47.53732],[-96.86357,47.53937],[-96.86175,47.5414],[-96.856,47.54223],[-96.84926,47.53733],[-96.84532,47.53875],[-96.86051,47.54619],[-96.85022,47.55383],[-96.86171,47.55903],[-96.85374,47.5606],[-96.8475,47.56623],[-96.86443,47.56279],[-96.86888,47.56769],[-96.85142,47.56911],[-96.86027,47.57538],[-96.85374,47.57885],[-96.84991,47.59075],[-96.85889,47.5951],[-96.85098,47.59829],[-96.85681,47.60183],[-96.85708,47.61075],[-96.87395,47.61374],[-96.87141,47.61836],[-96.87898,47.61881],[-96.87586,47.62345],[-96.88049,47.62602],[-96.87453,47.62817],[-96.88148,47.63003],[-96.88763,47.63772],[-96.88257,47.64188],[-96.88212,47.64808],[-96.88684,47.65367],[-96.88542,47.66388],[-96.88983,47.67035],[-96.88524,47.67397],[-96.89612,47.67408],[-96.89978,47.69044],[-96.90879,47.68875],[-96.90702,47.69443],[-96.91157,47.70106],[-96.921,47.70015],[-96.91186,47.70693],[-96.92007,47.71057],[-96.9198,47.71693],[-96.93097,47.71555],[-96.91841,47.72397],[-96.9241,47.72624],[-96.9329,47.73773],[-96.92867,47.74381],[-96.9294,47.75065],[-96.93968,47.75479],[-96.92885,47.7553],[-96.93818,47.76072],[-96.93488,47.76721],[-96.94677,47.77509],[-96.95651,47.77523],[-96.95237,47.7793],[-96.95893,47.78044],[-96.95798,47.78566],[-96.96516,47.78357],[-96.95705,47.79101],[-96.96639,47.79951],[-96.97625,47.79777],[-96.97628,47.80154],[-96.9723,47.80282],[-96.99158,47.80819],[-96.9787,47.80989],[-96.98056,47.82164],[-96.97422,47.82368],[-96.98676,47.82532],[-96.98156,47.82949],[-96.98616,47.83691],[-96.99396,47.83841],[-96.99272,47.84279],[-96.99836,47.842],[-96.99398,47.846],[-96.9973,47.84847],[-96.9992,47.8602],[-97.00591,47.8645],[-97.00183,47.86813],[-97.0229,47.8737],[-97.01801,47.87865],[-97.02549,47.88552],[-97.01882,47.89098],[-97.02485,47.8949],[-97.01989,47.90159],[-97.02523,47.90773],[-97.015,47.90732],[-97.01704,47.91283],[-97.02373,47.91555],[-97.01811,47.92023],[-97.03683,47.93121],[-97.03615,47.93939],[-97.0484,47.94211],[-97.05534,47.94752],[-97.05283,47.95825],[-97.06166,47.96555],[-97.05723,47.9706],[-97.05925,47.97532],[-97.05339,47.99131],[-97.06288,47.99641],[-97.06674,48.00884],[-97.06329,48.01499],[-97.07231,48.01951],[-97.06871,48.02769],[-97.07226,48.04807],[-97.08699,48.05822],[-97.09777,48.07108],[-97.10448,48.07243],[-97.10015,48.07876],[-97.0998,48.08588],[-97.10986,48.0914],[-97.10188,48.0959],[-97.11147,48.10591],[-97.1232,48.10665],[-97.1207,48.11499],[-97.13347,48.1371],[-97.12415,48.13638],[-97.12288,48.13975],[-97.13677,48.14329],[-97.1465,48.14222],[-97.14029,48.15089],[-97.12097,48.15955],[-97.12535,48.16282],[-97.14195,48.1602],[-97.14751,48.17057],[-97.13601,48.17674],[-97.13839,48.1823],[-97.14981,48.1835],[-97.13567,48.19713],[-97.14091,48.20452],[-97.12928,48.20838],[-97.13826,48.21306],[-97.1393,48.21676],[-97.13136,48.21718],[-97.12292,48.20738],[-97.11784,48.20976],[-97.12288,48.21649],[-97.13905,48.22195],[-97.15219,48.21964],[-97.14834,48.22374],[-97.13579,48.22708],[-97.12332,48.22308],[-97.12069,48.22475],[-97.12535,48.22866],[-97.14464,48.23356],[-97.13373,48.23908],[-97.14708,48.2422],[-97.14674,48.24448],[-97.13557,48.24949],[-97.12535,48.24991],[-97.13036,48.25947],[-97.12306,48.26224],[-97.14386,48.26575],[-97.14503,48.26877],[-97.14036,48.2711],[-97.12721,48.26984],[-97.12375,48.27241],[-97.12565,48.27574],[-97.11657,48.27966],[-97.12216,48.29006],[-97.12719,48.29176],[-97.13555,48.28706],[-97.13838,48.28866],[-97.13646,48.29241],[-97.1283,48.29882],[-97.11919,48.29424],[-97.11223,48.29647],[-97.12669,48.304],[-97.1222,48.3087],[-97.12535,48.31172],[-97.13775,48.30973],[-97.1326,48.31915],[-97.11558,48.32393],[-97.12921,48.32813],[-97.14106,48.32538],[-97.14087,48.32936],[-97.12904,48.33289],[-97.12592,48.34058],[-97.1396,48.34425],[-97.1362,48.35218],[-97.14353,48.35427],[-97.15628,48.3662],[-97.15125,48.37121],[-97.13929,48.3704],[-97.13765,48.37357],[-97.14098,48.37921],[-97.13334,48.3822],[-97.15328,48.38339],[-97.15721,48.38573],[-97.15637,48.39039],[-97.16329,48.39199],[-97.15865,48.39634],[-97.14456,48.39805],[-97.13101,48.40786],[-97.13988,48.41849],[-97.1489,48.4129],[-97.15436,48.41353],[-97.15399,48.41812],[-97.1384,48.42165],[-97.12604,48.41612],[-97.1228,48.41753],[-97.12466,48.42222],[-97.14575,48.43027],[-97.14124,48.43377],[-97.12678,48.4318],[-97.12339,48.43827],[-97.12657,48.44313],[-97.13453,48.44334],[-97.14109,48.43858],[-97.15063,48.44082],[-97.13069,48.45221],[-97.12854,48.4603],[-97.13063,48.46342],[-97.14441,48.46481],[-97.14742,48.47275],[-97.14073,48.47469],[-97.12948,48.47149],[-97.12816,48.47436],[-97.1346,48.47754],[-97.15492,48.47491],[-97.16267,48.47778],[-97.1592,48.48111],[-97.14112,48.48422],[-97.13934,48.48728],[-97.14302,48.49233],[-97.13678,48.48839],[-97.1315,48.48901],[-97.13459,48.49424],[-97.14785,48.49947],[-97.15027,48.5116],[-97.13662,48.51218],[-97.12676,48.52016],[-97.13078,48.52267],[-97.14541,48.51874],[-97.15242,48.52036],[-97.15438,48.52842],[-97.14385,48.53156],[-97.14136,48.53545],[-97.15965,48.54136],[-97.16528,48.54696],[-97.16471,48.55374],[-97.1418,48.55126],[-97.13892,48.552],[-97.13936,48.55546],[-97.16747,48.55753],[-97.17542,48.56196],[-97.14917,48.57001],[-97.14813,48.57563],[-97.16055,48.58111],[-97.14463,48.58159],[-97.14206,48.59228],[-97.15403,48.59541],[-97.14382,48.59836],[-97.13431,48.607],[-97.14722,48.60808],[-97.15065,48.61168],[-97.14527,48.61459],[-97.12923,48.61397],[-97.13463,48.62253],[-97.11921,48.61899],[-97.13119,48.63129],[-97.12424,48.63397],[-97.11067,48.63141],[-97.10947,48.63738],[-97.11564,48.6447],[-97.10744,48.64849],[-97.09873,48.66128],[-97.10902,48.66458],[-97.10018,48.66935],[-97.10148,48.68204],[-97.09241,48.68212],[-97.09037,48.68466],[-97.10868,48.69099],[-97.11919,48.70056],[-97.12069,48.70353],[-97.11019,48.70807],[-97.11898,48.71135],[-97.12583,48.7207],[-97.13744,48.7266],[-97.12835,48.7317],[-97.14213,48.73617],[-97.13674,48.7423],[-97.13754,48.74964],[-97.14975,48.75052],[-97.15379,48.75399],[-97.15444,48.75821],[-97.14544,48.76472],[-97.15898,48.77571],[-97.14747,48.78144],[-97.15892,48.78326],[-97.15862,48.79134],[-97.17356,48.79332],[-97.1726,48.79618],[-97.16185,48.79711],[-97.16318,48.80053],[-97.1817,48.79866],[-97.15831,48.80676],[-97.15866,48.8109],[-97.19028,48.81586],[-97.17868,48.82127],[-97.17796,48.82512],[-97.18476,48.83184],[-97.17452,48.83679],[-97.17389,48.84057],[-97.17638,48.84525],[-97.18279,48.84745],[-97.17305,48.85168],[-97.17883,48.85666],[-97.18015,48.86351],[-97.19058,48.86439],[-97.17868,48.87667],[-97.19071,48.87685],[-97.19939,48.88111],[-97.19737,48.88753],[-97.20163,48.89193],[-97.19172,48.89183],[-97.18987,48.8952],[-97.21015,48.90424],[-97.21265,48.90896],[-97.21137,48.91696],[-97.21981,48.92215],[-97.21462,48.93193],[-97.22454,48.93375],[-97.22662,48.94583],[-97.23413,48.9479],[-97.22751,48.9624],[-97.23888,48.96704],[-97.23819,48.98334],[-97.22677,48.99283],[-97.23427,48.9969],[-97.2299,49.00046],[-104.04869,48.99988],[-104.04539,48.14226],[-104.04145,47.86255],[-104.04575,47.26165],[-104.04668,46.00018],[-104.04555,45.94531],[-104.00055,45.94523],[-103.98188,45.94524],[-103.92401,45.94533],[-103.90122,45.94514],[-103.88842,45.94505],[-103.85374,45.94526],[-103.78722,45.9452],[-103.75035,45.94526],[-103.58493,45.94529],[-103.55677,45.94515],[-103.50055,45.94525],[-103.49399,45.94494],[-103.4666,45.94522],[-103.43149,45.94512],[-103.39055,45.94498],[-103.31211,45.94515],[-103.28409,45.94515],[-103.24512,45.94516],[-103.19342,45.94526],[-103.1814,45.94519],[-103.04738,45.94512],[-103.03454,45.94532],[-102.98991,45.94521],[-102.95987,45.94504],[-102.87063,45.94507],[-102.82818,45.94518],[-102.73453,45.94524],[-102.70484,45.94507],[-102.67645,45.94514],[-102.63796,45.9449],[-102.60084,45.94497],[-102.58049,45.94503],[-102.55751,45.94495],[-102.53794,45.94496],[-102.42561,45.94494],[-102.39879,45.94485],[-102.18206,45.94471],[-102.17686,45.94475],[-102.12641,45.9447],[-102.08752,45.94492],[-101.95712,45.94451],[-101.89761,45.94481],[-101.81376,45.94445],[-101.7861,45.94434],[-101.68368,45.94433],[-101.6668,45.94432],[-101.62481,45.94439],[-101.57598,45.94432],[-101.52972,45.94418],[-101.48226,45.94406],[-101.43237,45.94382],[-101.3736,45.94422],[-101.34932,45.9441],[-101.24173,45.94399],[-101.20577,45.94393],[-101.16273,45.94394],[-101.12566,45.94389],[-101.10724,45.94407],[-101.05962,45.94345],[-101.04114,45.94346],[-100.93838,45.94389],[-100.93498,45.9438],[-100.84944,45.9437],[-100.81108,45.94369],[-100.70815,45.94398],[-100.64902,45.94365],[-100.62804,45.94369],[-100.62289,45.94358],[-100.55249,45.94377],[-100.52834,45.94374],[-100.48192,45.94362],[-100.46474,45.94363],[-100.37875,45.94316],[-100.37245,45.94339],[-100.35507,45.94322],[-100.30816,45.94326],[-100.24681,45.94303],[-100.21301,45.94279],[-100.14177,45.94251],[-100.12194,45.94232],[-99.8656,45.94125],[-99.83851,45.94116],[-99.29671,45.94006],[-99.25774,45.94004],[-98.88504,45.93925],[-98.87098,45.93925],[-98.22788,45.93613],[-98.21597,45.93624],[-98.19646,45.93619],[-98.17373,45.93618],[-98.07043,45.93593],[-98.01971,45.93592],[-97.98715,45.93599],[-97.90482,45.93581],[-97.53263,45.93524],[-97.35409,45.93585],[-97.32209,45.93575],[-97.29103,45.93572],[-97.22829,45.93538],[-97.18674,45.93555],[-97.11363,45.93571],[-97.10311,45.93572],[-97.06125,45.93575],[-97.04832,45.93572],[-97.04032,45.93578],[-96.97268,45.93589],[-96.95668,45.9356],[-96.89408,45.93585],[-96.84377,45.93582],[-96.83139,45.93584],[-96.79902,45.93577],[-96.78445,45.93574],[-96.73479,45.93592],[-96.59768,45.9353],[-96.57693,45.93527],[-96.56367,45.93525]]]},"properties":{"district_code":"ND-01","NAMELSAD":"ND-01","state":"ND","district_num":"1","pres16_total":"344360","pres16_dem":"93758","pres16_rep":"216794","comp16-20_total":"337384","comp16-20_dem":"98083","comp16-20_rep":"225714","pres20_total":"362024","pres20_dem":"115042","pres20_rep":"235751","pres24_total":"368155","pres24_dem":"112327","pres24_rep":"246505","pop_total":"779094","pop_white":"636160","pop_hispanic":"33412","pop_black":"34499","pop_asian":"18675","pop_native":"55777","pop_pacific":"2086","vap_total":"596093","vap_white":"503153","vap_hispanic":"21603","vap_black":"21444","vap_asian":"13192","vap_native":"35031","vap_pacific":"1361","x_22_2022_age_age_0_9":"103358","x_22_2022_age_age_10_19":"104054","x_22_2022_age_age_20_29":"120021","x_22_2022_age_age_30_39":"108904","x_22_2022_age_age_40_49":"83712","x_22_2022_age_age_50_59":"86928","x_22_2022_age_age_60_69":"86967","x_22_2022_age_age_70_79":"50116","x_22_2022_age_age_o79":"32814","x_22_2022_education_assoc":"72298","x_22_2022_education_bach":"113131","x_22_2022_education_doc":"5710","x_22_2022_education_hs":"132137","x_22_2022_education_master":"33064","x_22_2022_education_nohs":"32907","x_22_2022_education_prof":"7189","x_22_2022_education_somecol":"109820","x_22_2022_household_income_100_125k":"34919","x_22_2022_household_income_10_15k":"11619","x_22_2022_household_income_125_150k":"25356","x_22_2022_household_income_150_200k":"26887","x_22_2022_household_income_15_20k":"11178","x_22_2022_household_income_20_25k":"11278","x_22_2022_household_income_25_30k":"12309","x_22_2022_household_income_30_35k":"11189","x_22_2022_household_income_35_40k":"11145","x_22_2022_household_income_40_45k":"11669","x_22_2022_household_income_45_50k":"11621","x_22_2022_household_income_50_60k":"24520","x_22_2022_household_income_60_75k":"30577","x_22_2022_household_income_75_100k":"44389","x_22_2022_household_income_o200k":"26742","x_22_2022_household_income_u10k":"14640"}},{"type":"Feature","geometry":{"type":"Polygon","coordinates":[[[-104.05326,43.03246],[-104.05303,43.00059],[-101.87542,42.99942],[-101.63301,42.99626],[-100.43527,42.99916],[-98.49855,42.99856],[-98.49048,42.97795],[-98.4697,42.95064],[-98.44831,42.93643],[-98.44414,42.92924],[-98.42074,42.93192],[-98.34241,42.90085],[-98.32555,42.8864],[-98.28001,42.875],[-98.25181,42.87282],[-98.21983,42.85316],[-98.18981,42.84164],[-98.17111,42.83711],[-98.14711,42.83963],[-98.12767,42.81996],[-98.06749,42.78464],[-98.0599,42.77266],[-98.03507,42.76411],[-98.00037,42.76318],[-97.97642,42.76991],[-97.95017,42.76955],[-97.93675,42.77568],[-97.90904,42.79483],[-97.88865,42.81718],[-97.87581,42.84853],[-97.87553,42.85866],[-97.84197,42.86817],[-97.82857,42.8688],[-97.81711,42.86178],[-97.77438,42.84974],[-97.72033,42.84728],[-97.68648,42.84221],[-97.6579,42.8444],[-97.61181,42.85837],[-97.56193,42.84755],[-97.53187,42.85011],[-97.50485,42.85848],[-97.48701,42.85058],[-97.4449,42.84593],[-97.43345,42.85039],[-97.41707,42.86592],[-97.40615,42.86829],[-97.39396,42.86425],[-97.37669,42.8652],[-97.35957,42.85482],[-97.33616,42.8568],[-97.30668,42.8676],[-97.28986,42.8555],[-97.26922,42.8526],[-97.25033,42.85561],[-97.23699,42.85285],[-97.21805,42.84511],[-97.21807,42.82875],[-97.21013,42.8093],[-97.20043,42.80549],[-97.16698,42.80209],[-97.15076,42.79557],[-97.13026,42.77154],[-97.11265,42.76913],[-97.06559,42.77219],[-97.0198,42.7618],[-96.9797,42.76024],[-96.96857,42.75385],[-96.96175,42.74168],[-96.96583,42.7271],[-96.96158,42.71984],[-96.93759,42.7196],[-96.91828,42.73185],[-96.90792,42.73386],[-96.88647,42.72513],[-96.86044,42.7208],[-96.8438,42.71219],[-96.80621,42.70415],[-96.80048,42.69246],[-96.80218,42.67224],[-96.79323,42.66602],[-96.76406,42.66198],[-96.72803,42.66688],[-96.69127,42.6562],[-96.68708,42.65209],[-96.68745,42.6476],[-96.70949,42.62193],[-96.70982,42.6051],[-96.68406,42.57646],[-96.64358,42.55761],[-96.63533,42.54764],[-96.62818,42.51696],[-96.61247,42.50659],[-96.59112,42.50541],[-96.56789,42.51788],[-96.54879,42.52055],[-96.52878,42.51327],[-96.51584,42.49422],[-96.50132,42.48275],[-96.47558,42.4802],[-96.44548,42.49063],[-96.45542,42.4925],[-96.47637,42.49004],[-96.4779,42.49435],[-96.47333,42.50354],[-96.47605,42.50778],[-96.49357,42.51563],[-96.49287,42.51906],[-96.47995,42.52425],[-96.47696,42.55597],[-96.49854,42.55812],[-96.499,42.56083],[-96.48574,42.57407],[-96.49603,42.58038],[-96.49152,42.58735],[-96.50147,42.59016],[-96.50018,42.5941],[-96.50945,42.6127],[-96.51766,42.61665],[-96.52572,42.60928],[-96.52994,42.61047],[-96.53131,42.61665],[-96.51904,42.61899],[-96.51561,42.62961],[-96.52546,42.6356],[-96.52641,42.64121],[-96.53747,42.64595],[-96.53798,42.65598],[-96.54139,42.66009],[-96.5463,42.66153],[-96.55867,42.65761],[-96.55982,42.66283],[-96.55601,42.6646],[-96.56696,42.67642],[-96.57111,42.67117],[-96.57802,42.67164],[-96.57194,42.67716],[-96.5787,42.6786],[-96.57529,42.68282],[-96.58583,42.68306],[-96.58634,42.68979],[-96.58959,42.69095],[-96.59229,42.68716],[-96.59888,42.68667],[-96.59888,42.68903],[-96.59361,42.68972],[-96.59645,42.69147],[-96.59434,42.69458],[-96.5996,42.69883],[-96.60587,42.69462],[-96.61206,42.69551],[-96.60453,42.69857],[-96.6056,42.70202],[-96.61515,42.69843],[-96.62388,42.70756],[-96.62521,42.70435],[-96.62992,42.70526],[-96.62426,42.71472],[-96.62801,42.7178],[-96.62469,42.72563],[-96.6337,42.72414],[-96.63098,42.73086],[-96.63947,42.73703],[-96.63084,42.73512],[-96.63542,42.7421],[-96.62971,42.74345],[-96.63191,42.74479],[-96.63042,42.75021],[-96.61927,42.75475],[-96.62302,42.75837],[-96.62694,42.75423],[-96.63649,42.76486],[-96.63162,42.76553],[-96.63638,42.76974],[-96.62607,42.7718],[-96.62698,42.7753],[-96.62198,42.77683],[-96.61985,42.78379],[-96.60501,42.78301],[-96.6024,42.78832],[-96.60523,42.79116],[-96.59534,42.79279],[-96.59968,42.79844],[-96.5933,42.79919],[-96.59048,42.80845],[-96.5957,42.81044],[-96.59562,42.81539],[-96.58411,42.81901],[-96.58581,42.82378],[-96.57753,42.82814],[-96.58239,42.83428],[-96.58138,42.83781],[-96.57768,42.83479],[-96.57442,42.83798],[-96.56795,42.8374],[-96.56928,42.83401],[-96.56304,42.8283],[-96.56098,42.83911],[-96.55031,42.83756],[-96.5486,42.84089],[-96.55429,42.84393],[-96.55604,42.84877],[-96.54483,42.85019],[-96.54114,42.85817],[-96.54682,42.85744],[-96.54603,42.86092],[-96.55021,42.86282],[-96.54662,42.86381],[-96.5464,42.86783],[-96.54962,42.86957],[-96.54656,42.87452],[-96.53767,42.87846],[-96.54309,42.8842],[-96.53769,42.88675],[-96.54038,42.88945],[-96.52543,42.89142],[-96.52901,42.89358],[-96.52854,42.89767],[-96.53902,42.8998],[-96.54293,42.90376],[-96.53647,42.90564],[-96.5401,42.91232],[-96.53809,42.91798],[-96.54116,42.91941],[-96.54081,42.92484],[-96.53411,42.92371],[-96.53376,42.92849],[-96.52446,42.9358],[-96.51647,42.93281],[-96.51934,42.94053],[-96.50914,42.94542],[-96.50889,42.95374],[-96.49898,42.95777],[-96.50516,42.9711],[-96.51599,42.97299],[-96.52082,42.97992],[-96.5172,42.98056],[-96.5185,42.98509],[-96.51243,42.9856],[-96.51056,42.99459],[-96.49736,42.99828],[-96.49198,43.0102],[-96.49962,43.0194],[-96.51243,43.02687],[-96.51395,43.03008],[-96.50933,43.03796],[-96.51222,43.04049],[-96.52109,43.03785],[-96.52089,43.04014],[-96.51252,43.04108],[-96.51482,43.0445],[-96.51085,43.04977],[-96.49203,43.05062],[-96.47674,43.0627],[-96.46074,43.06434],[-96.45413,43.08338],[-96.45543,43.08826],[-96.46317,43.0901],[-96.46224,43.09302],[-96.45231,43.09854],[-96.43657,43.11982],[-96.4506,43.14252],[-96.46082,43.14418],[-96.45943,43.14766],[-96.46536,43.14771],[-96.46829,43.15155],[-96.46397,43.1562],[-96.46956,43.15835],[-96.46602,43.16188],[-96.46876,43.17037],[-96.46535,43.17223],[-96.46488,43.18071],[-96.47407,43.19031],[-96.47215,43.19602],[-96.4749,43.20277],[-96.47081,43.20754],[-96.47624,43.2127],[-96.47673,43.22199],[-96.49664,43.22372],[-96.5013,43.22056],[-96.50696,43.22168],[-96.50934,43.21722],[-96.51965,43.21778],[-96.53582,43.22761],[-96.55528,43.22667],[-96.55933,43.22293],[-96.56939,43.23336],[-96.57141,43.23908],[-96.56567,43.2442],[-96.54911,43.24709],[-96.55348,43.25945],[-96.56482,43.26023],[-96.57595,43.26782],[-96.58534,43.26887],[-96.58652,43.27372],[-96.57756,43.27918],[-96.58135,43.28888],[-96.57954,43.29574],[-96.58798,43.29238],[-96.58927,43.29527],[-96.57454,43.29906],[-96.56438,43.29464],[-96.55471,43.29651],[-96.55308,43.29284],[-96.53015,43.30041],[-96.53161,43.30447],[-96.52691,43.30628],[-96.52914,43.30911],[-96.5241,43.31103],[-96.52864,43.3145],[-96.52594,43.31903],[-96.53094,43.32064],[-96.52885,43.32434],[-96.53502,43.33667],[-96.53185,43.3432],[-96.52866,43.34216],[-96.52438,43.34713],[-96.52777,43.34854],[-96.52514,43.35335],[-96.53096,43.36843],[-96.52216,43.37201],[-96.5245,43.38262],[-96.52167,43.38576],[-96.52524,43.39607],[-96.54443,43.39619],[-96.54878,43.40389],[-96.55698,43.40606],[-96.56044,43.41246],[-96.57373,43.41919],[-96.57051,43.42869],[-96.57615,43.43188],[-96.59314,43.43305],[-96.60255,43.44925],[-96.60002,43.45058],[-96.60015,43.45692],[-96.59358,43.45916],[-96.59413,43.46265],[-96.58884,43.46669],[-96.58701,43.4645],[-96.5824,43.46674],[-96.58672,43.47736],[-96.58118,43.48115],[-96.58726,43.48485],[-96.58486,43.48969],[-96.58674,43.49139],[-96.59803,43.49454],[-96.59919,43.50046],[-96.45326,43.50039],[-96.4531,45.30075],[-96.46803,45.31862],[-96.48906,45.35707],[-96.52179,45.37565],[-96.56214,45.38609],[-96.61975,45.40888],[-96.68045,45.4105],[-96.69254,45.41734],[-96.7314,45.45702],[-96.76343,45.52001],[-96.79384,45.55072],[-96.85683,45.60538],[-96.83865,45.64751],[-96.76206,45.68688],[-96.74509,45.70158],[-96.66259,45.73868],[-96.64194,45.75987],[-96.63922,45.7721],[-96.63014,45.77943],[-96.62778,45.78624],[-96.61386,45.79343],[-96.5967,45.8118],[-96.58393,45.81904],[-96.57452,45.84404],[-96.57467,45.86682],[-96.57153,45.88596],[-96.56887,45.88802],[-96.56818,45.90345],[-96.56472,45.90918],[-96.57002,45.91334],[-96.56397,45.92032],[-96.56367,45.93525],[-96.57693,45.93527],[-96.59768,45.9353],[-96.73479,45.93592],[-96.78445,45.93574],[-96.79902,45.93577],[-96.83139,45.93584],[-96.84377,45.93582],[-96.89408,45.93585],[-96.95668,45.9356],[-96.97268,45.93589],[-97.04032,45.93578],[-97.04832,45.93572],[-97.06125,45.93575],[-97.10311,45.93572],[-97.11363,45.93571],[-97.18674,45.93555],[-97.22829,45.93538],[-97.29103,45.93572],[-97.32209,45.93575],[-97.35409,45.93585],[-97.53263,45.93524],[-97.90482,45.93581],[-97.98715,45.93599],[-98.01971,45.93592],[-98.07043,45.93593],[-98.17373,45.93618],[-98.19646,45.93619],[-98.21597,45.93624],[-98.22788,45.93613],[-98.87098,45.93925],[-98.88504,45.93925],[-99.25774,45.94004],[-99.29671,45.94006],[-99.83851,45.94116],[-99.8656,45.94125],[-100.12194,45.94232],[-100.14177,45.94251],[-100.21301,45.94279],[-100.24681,45.94303],[-100.30816,45.94326],[-100.35507,45.94322],[-100.37245,45.94339],[-100.37875,45.94316],[-100.46474,45.94363],[-100.48192,45.94362],[-100.52834,45.94374],[-100.55249,45.94377],[-100.62289,45.94358],[-100.62804,45.94369],[-100.64902,45.94365],[-100.70815,45.94398],[-100.81108,45.94369],[-100.84944,45.9437],[-100.93498,45.9438],[-100.93838,45.94389],[-101.04114,45.94346],[-101.05962,45.94345],[-101.10724,45.94407],[-101.12566,45.94389],[-101.16273,45.94394],[-101.20577,45.94393],[-101.24173,45.94399],[-101.34932,45.9441],[-101.3736,45.94422],[-101.43237,45.94382],[-101.48226,45.94406],[-101.52972,45.94418],[-101.57598,45.94432],[-101.62481,45.94439],[-101.6668,45.94432],[-101.68368,45.94433],[-101.7861,45.94434],[-101.81376,45.94445],[-101.89761,45.94481],[-101.95712,45.94451],[-102.08752,45.94492],[-102.12641,45.9447],[-102.17686,45.94475],[-102.18206,45.94471],[-102.39879,45.94485],[-102.42561,45.94494],[-102.53794,45.94496],[-102.55751,45.94495],[-102.58049,45.94503],[-102.60084,45.94497],[-102.63796,45.9449],[-102.67645,45.94514],[-102.70484,45.94507],[-102.73453,45.94524],[-102.82818,45.94518],[-102.87063,45.94507],[-102.95987,45.94504],[-102.98991,45.94521],[-103.03454,45.94532],[-103.04738,45.94512],[-103.1814,45.94519],[-103.19342,45.94526],[-103.24512,45.94516],[-103.28409,45.94515],[-103.31211,45.94515],[-103.39055,45.94498],[-103.43149,45.94512],[-103.4666,45.94522],[-103.49399,45.94494],[-103.50055,45.94525],[-103.55677,45.94515],[-103.58493,45.94529],[-103.75035,45.94526],[-103.78722,45.9452],[-103.85374,45.94526],[-103.88842,45.94505],[-103.90122,45.94514],[-103.92401,45.94533],[-103.98188,45.94524],[-104.00055,45.94523],[-104.04555,45.94531],[-104.03969,44.99807],[-104.05788,44.99761],[-104.05662,44.93319],[-104.05656,44.91338],[-104.05649,44.86703],[-104.05621,44.8008],[-104.05586,44.78362],[-104.05595,44.68608],[-104.05577,44.64116],[-104.0558,44.6023],[-104.05582,44.5467],[-104.05593,44.54262],[-104.05586,44.54218],[-104.0559,44.51762],[-104.05593,44.51736],[-104.05563,44.39473],[-104.05563,44.3636],[-104.05449,44.18038],[-104.05455,44.15778],[-104.05461,44.11317],[-104.05469,43.99998],[-104.05485,43.96946],[-104.05474,43.93817],[-104.05522,43.77379],[-104.05518,43.76163],[-104.05488,43.583],[-104.055,43.57909],[-104.05502,43.55748],[-104.05482,43.53328],[-104.05351,43.13549],[-104.05326,43.03246]]]},"properties":{"district_code":"SD-01","NAMELSAD":"SD-01","state":"SD","district_num":"1","pres16_total":"370111","pres16_dem":"117466","pres16_rep":"227731","comp16-20_total":"370598","comp16-20_dem":"135916","comp16-20_rep":"230319","pres20_total":"422609","pres20_dem":"150471","pres20_rep":"261043","pres24_total":"426390","pres24_dem":"145799","pres24_rep":"270651","pop_total":"886667","pop_white":"705583","pop_hispanic":"38741","pop_black":"26307","pop_asian":"18489","pop_native":"98842","pop_pacific":"1642","vap_total":"669255","vap_white":"556081","vap_hispanic":"23855","vap_black":"14956","vap_asian":"12406","vap_native":"60618","vap_pacific":"1033","x_22_2022_age_age_0_9":"119122","x_22_2022_age_age_10_19":"121809","x_22_2022_age_age_20_29":"117036","x_22_2022_age_age_30_39":"116196","x_22_2022_age_age_40_49":"97795","x_22_2022_age_age_50_59":"104265","x_22_2022_age_age_60_69":"112141","x_22_2022_age_age_70_79":"64699","x_22_2022_age_age_o79":"37279","x_22_2022_education_assoc":"72002","x_22_2022_education_bach":"123313","x_22_2022_education_doc":"6821","x_22_2022_education_hs":"176062","x_22_2022_education_master":"38604","x_22_2022_education_nohs":"43062","x_22_2022_education_prof":"10123","x_22_2022_education_somecol":"119000","x_22_2022_household_income_100_125k":"37591","x_22_2022_household_income_10_15k":"12855","x_22_2022_household_income_125_150k":"24253","x_22_2022_household_income_150_200k":"26048","x_22_2022_household_income_15_20k":"12452","x_22_2022_household_income_20_25k":"13265","x_22_2022_household_income_25_30k":"14251","x_22_2022_household_income_30_35k":"14508","x_22_2022_household_income_35_40k":"14089","x_22_2022_household_income_40_45k":"13529","x_22_2022_household_income_45_50k":"15433","x_22_2022_household_income_50_60k":"28468","x_22_2022_household_income_60_75k":"34196","x_22_2022_household_income_75_100k":"52841","x_22_2022_household_income_o200k":"22713","x_22_2022_household_income_u10k":"14690"}},{"type":"Feature","geometry":{"type":"Polygon","coordinates":[[[-71.49969,45.01334],[-72.31195,45.00379],[-72.4792,45.00883],[-72.55538,45.00802],[-72.65747,45.01501],[-72.84622,45.01665],[-73.34318,45.01071],[-73.35463,44.98735],[-73.35022,44.97622],[-73.33824,44.96475],[-73.33862,44.91937],[-73.34111,44.91463],[-73.35622,44.90449],[-73.3691,44.86668],[-73.37982,44.85704],[-73.38134,44.84468],[-73.37945,44.83801],[-73.36827,44.82801],[-73.35347,44.82039],[-73.33504,44.80411],[-73.33315,44.78959],[-73.33476,44.78329],[-73.34709,44.77298],[-73.35436,44.7553],[-73.36523,44.74267],[-73.36598,44.69756],[-73.36131,44.69452],[-73.37014,44.68486],[-73.36721,44.67851],[-73.37184,44.67696],[-73.37269,44.66899],[-73.36967,44.66348],[-73.37907,44.65677],[-73.37832,44.65217],[-73.38448,44.64668],[-73.37891,44.64096],[-73.38717,44.63554],[-73.38591,44.63026],[-73.38982,44.61721],[-73.38239,44.61135],[-73.37685,44.5996],[-73.38185,44.58932],[-73.37567,44.58204],[-73.37495,44.57582],[-73.35679,44.55792],[-73.33875,44.54805],[-73.33881,44.54293],[-73.32917,44.52889],[-73.3217,44.5244],[-73.32085,44.51363],[-73.30671,44.50034],[-73.29871,44.46962],[-73.3002,44.45555],[-73.29359,44.44023],[-73.29605,44.42833],[-73.31504,44.38853],[-73.33361,44.3723],[-73.33495,44.36444],[-73.33465,44.35688],[-73.32402,44.33384],[-73.32419,44.31003],[-73.31221,44.28007],[-73.31274,44.26541],[-73.32465,44.24352],[-73.33037,44.24431],[-73.34338,44.23819],[-73.34264,44.23533],[-73.35048,44.22989],[-73.36339,44.20774],[-73.39062,44.19107],[-73.38982,44.18176],[-73.39717,44.17384],[-73.39581,44.16627],[-73.40305,44.14498],[-73.41614,44.13236],[-73.41122,44.11377],[-73.41521,44.10134],[-73.42921,44.07983],[-73.4379,44.04513],[-73.41039,44.0265],[-73.40764,44.02111],[-73.40601,44.01142],[-73.41251,43.98222],[-73.40574,43.95593],[-73.40811,43.93044],[-73.39618,43.90326],[-73.38369,43.89128],[-73.3741,43.8753],[-73.38219,43.85702],[-73.37259,43.84535],[-73.38819,43.83266],[-73.39217,43.82047],[-73.3796,43.8092],[-73.37679,43.79916],[-73.35815,43.78648],[-73.351,43.77243],[-73.36994,43.74386],[-73.37061,43.72533],[-73.40497,43.68976],[-73.40413,43.68134],[-73.41585,43.65189],[-73.42646,43.6426],[-73.42791,43.63443],[-73.41767,43.62169],[-73.42371,43.61236],[-73.42162,43.60302],[-73.43123,43.58829],[-73.42864,43.58399],[-73.39577,43.56809],[-73.38328,43.5772],[-73.38525,43.58326],[-73.38246,43.58658],[-73.3869,43.59077],[-73.38214,43.59182],[-73.38349,43.59737],[-73.37737,43.5984],[-73.37247,43.60485],[-73.37635,43.6091],[-73.36993,43.61909],[-73.37189,43.62449],[-73.3547,43.62624],[-73.34875,43.62146],[-73.34451,43.62628],[-73.34007,43.62465],[-73.33368,43.62802],[-73.3277,43.62591],[-73.31769,43.62843],[-73.31117,43.62409],[-73.30601,43.62813],[-73.30038,43.6178],[-73.30249,43.60948],[-73.29802,43.61003],[-73.29102,43.59924],[-73.29691,43.58767],[-73.29211,43.58489],[-73.29732,43.57937],[-73.29529,43.57678],[-73.28491,43.57927],[-73.28086,43.57358],[-73.26793,43.57225],[-73.26899,43.56993],[-73.25863,43.56495],[-73.2526,43.55685],[-73.25449,43.5556],[-73.24864,43.55386],[-73.25041,43.55043],[-73.24781,43.54506],[-73.25013,43.54343],[-73.24161,43.535],[-73.24189,43.52942],[-73.2477,43.52317],[-73.25647,43.26009],[-73.27832,42.83739],[-73.27867,42.83341],[-73.28539,42.83409],[-73.28706,42.82014],[-73.28369,42.81386],[-73.29094,42.80192],[-73.27642,42.74602],[-72.45841,42.72693],[-72.47306,42.74568],[-72.47684,42.7606],[-72.49055,42.77275],[-72.4977,42.77337],[-72.49947,42.76893],[-72.50765,42.76471],[-72.51547,42.76563],[-72.51647,42.76912],[-72.50846,42.77868],[-72.54151,42.80709],[-72.54736,42.83955],[-72.55712,42.85324],[-72.55427,42.86061],[-72.55526,42.87543],[-72.55262,42.88504],[-72.54025,42.88955],[-72.5327,42.89611],[-72.53036,42.91107],[-72.52461,42.91487],[-72.52694,42.94138],[-72.53443,42.94936],[-72.53202,42.95494],[-72.51836,42.96314],[-72.49218,42.96768],[-72.48173,42.97392],[-72.47308,42.97253],[-72.46163,42.98305],[-72.46537,42.98918],[-72.46224,42.99774],[-72.45663,43.00125],[-72.45007,43.00005],[-72.44326,43.00758],[-72.45832,43.01858],[-72.46262,43.02579],[-72.46033,43.04109],[-72.46786,43.05251],[-72.43566,43.08089],[-72.43452,43.08662],[-72.4432,43.10302],[-72.43348,43.11059],[-72.4325,43.1189],[-72.4423,43.1293],[-72.4408,43.13663],[-72.45156,43.13827],[-72.45728,43.14801],[-72.45211,43.15323],[-72.45214,43.1739],[-72.44385,43.18041],[-72.45049,43.19266],[-72.43822,43.20292],[-72.44105,43.21819],[-72.43416,43.23191],[-72.43947,43.24414],[-72.43899,43.25119],[-72.43508,43.25802],[-72.42193,43.26315],[-72.41604,43.27023],[-72.40929,43.281],[-72.40279,43.30244],[-72.39531,43.3127],[-72.41056,43.33112],[-72.38982,43.35602],[-72.40308,43.35775],[-72.41481,43.36437],[-72.41577,43.3783],[-72.40351,43.39158],[-72.39573,43.43778],[-72.39031,43.45156],[-72.39257,43.46688],[-72.38147,43.48003],[-72.38015,43.49223],[-72.38511,43.5007],[-72.39887,43.51265],[-72.39486,43.52632],[-72.38698,43.5304],[-72.38064,43.54063],[-72.38299,43.56342],[-72.38015,43.56497],[-72.38024,43.57344],[-72.32848,43.60091],[-72.33442,43.61925],[-72.32744,43.6312],[-72.32944,43.63489],[-72.31417,43.64267],[-72.31339,43.65746],[-72.30325,43.66838],[-72.30142,43.67576],[-72.306,43.6835],[-72.30513,43.69532],[-72.29917,43.70664],[-72.27111,43.73392],[-72.23532,43.74535],[-72.21901,43.76504],[-72.20522,43.77096],[-72.20554,43.78458],[-72.19618,43.79092],[-72.18405,43.8064],[-72.18895,43.82119],[-72.18245,43.83412],[-72.18309,43.84468],[-72.18803,43.85516],[-72.18442,43.86447],[-72.16788,43.86916],[-72.17358,43.87962],[-72.1721,43.88499],[-72.15973,43.88766],[-72.1521,43.90081],[-72.11957,43.92069],[-72.11691,43.93384],[-72.11835,43.94653],[-72.10574,43.94983],[-72.09911,43.95733],[-72.10049,43.96319],[-72.09141,43.96545],[-72.1064,43.96998],[-72.11409,43.96777],[-72.11218,43.98685],[-72.11689,43.99441],[-72.10412,44.00237],[-72.1058,44.01198],[-72.10237,44.01478],[-72.09759,44.01523],[-72.09356,44.00966],[-72.09053,44.00992],[-72.09543,44.02176],[-72.09208,44.0244],[-72.08509,44.02117],[-72.08201,44.02291],[-72.08134,44.02836],[-72.07481,44.03241],[-72.07832,44.04338],[-72.0619,44.0496],[-72.06894,44.05428],[-72.0681,44.05738],[-72.05729,44.05834],[-72.0483,44.06971],[-72.05252,44.07664],[-72.03163,44.07916],[-72.04528,44.08731],[-72.03326,44.09047],[-72.0316,44.10081],[-72.03945,44.10352],[-72.04313,44.09724],[-72.04784,44.09658],[-72.05191,44.09981],[-72.05539,44.1109],[-72.05314,44.11951],[-72.04513,44.12469],[-72.03709,44.12505],[-72.03341,44.1311],[-72.04197,44.13717],[-72.04283,44.15004],[-72.03956,44.15599],[-72.04358,44.15707],[-72.04203,44.16153],[-72.04643,44.16138],[-72.05183,44.1665],[-72.0577,44.1801],[-72.06585,44.18933],[-72.06433,44.19757],[-72.05874,44.20203],[-72.05983,44.20983],[-72.05258,44.21783],[-72.05375,44.22474],[-72.04795,44.23785],[-72.06007,44.25811],[-72.05833,44.27008],[-72.06475,44.26769],[-72.06848,44.2708],[-72.05864,44.2865],[-72.03288,44.30217],[-72.03282,44.32045],[-72.00853,44.32243],[-71.98887,44.32974],[-71.98142,44.33737],[-71.93252,44.33638],[-71.91062,44.34838],[-71.8717,44.33669],[-71.81423,44.35474],[-71.81443,44.38192],[-71.80034,44.38423],[-71.80349,44.39189],[-71.79367,44.39946],[-71.77794,44.39997],[-71.76197,44.40703],[-71.74455,44.40095],[-71.73541,44.41001],[-71.71467,44.40956],[-71.70315,44.41328],[-71.68484,44.42328],[-71.6827,44.42734],[-71.6767,44.42717],[-71.67928,44.43434],[-71.66088,44.43994],[-71.65285,44.46024],[-71.64427,44.46025],[-71.63927,44.46392],[-71.64698,44.46995],[-71.64632,44.47388],[-71.63219,44.48411],[-71.62466,44.48174],[-71.63423,44.47884],[-71.63483,44.47614],[-71.6262,44.47447],[-71.61784,44.48584],[-71.60953,44.4842],[-71.5986,44.48683],[-71.59388,44.50103],[-71.58943,44.49822],[-71.58587,44.50002],[-71.58813,44.50659],[-71.57725,44.5019],[-71.59404,44.52186],[-71.58227,44.52362],[-71.5735,44.53314],[-71.57226,44.53869],[-71.5986,44.55484],[-71.59718,44.55898],[-71.59117,44.56535],[-71.55922,44.5643],[-71.55771,44.5704],[-71.54773,44.57138],[-71.55459,44.57882],[-71.55267,44.58404],[-71.54966,44.57832],[-71.54579,44.57793],[-71.53494,44.5877],[-71.54028,44.58912],[-71.53791,44.59387],[-71.54631,44.59059],[-71.54597,44.59713],[-71.55501,44.59323],[-71.55043,44.60065],[-71.56213,44.60118],[-71.55386,44.6056],[-71.55519,44.62514],[-71.54635,44.62339],[-71.55702,44.62949],[-71.5521,44.62731],[-71.54723,44.63036],[-71.55376,44.63043],[-71.56297,44.63641],[-71.56378,44.63894],[-71.55779,44.64196],[-71.56508,44.6538],[-71.56902,44.65029],[-71.57708,44.65069],[-71.57991,44.65225],[-71.57521,44.65583],[-71.58131,44.65545],[-71.58737,44.65972],[-71.58493,44.66405],[-71.58788,44.66993],[-71.58146,44.6732],[-71.59661,44.67809],[-71.59396,44.68343],[-71.59794,44.69222],[-71.59386,44.69642],[-71.6005,44.69874],[-71.59939,44.70532],[-71.61864,44.72219],[-71.6172,44.72877],[-71.62609,44.72854],[-71.62509,44.74336],[-71.63216,44.75099],[-71.61667,44.7563],[-71.61107,44.76552],[-71.5951,44.77541],[-71.59249,44.78267],[-71.57918,44.78494],[-71.57282,44.79087],[-71.5728,44.79921],[-71.56838,44.80704],[-71.57686,44.8152],[-71.57315,44.82082],[-71.56184,44.82363],[-71.55692,44.8342],[-71.55111,44.83697],[-71.55579,44.84857],[-71.54759,44.85516],[-71.54945,44.86208],[-71.53291,44.87022],[-71.52837,44.87771],[-71.51608,44.88452],[-71.51079,44.8902],[-71.51402,44.89402],[-71.50714,44.89967],[-71.50052,44.90471],[-71.49491,44.9043],[-71.49602,44.9089],[-71.49317,44.91137],[-71.49994,44.91117],[-71.50438,44.91918],[-71.51572,44.92723],[-71.51327,44.92899],[-71.51606,44.93484],[-71.52279,44.94003],[-71.51707,44.93912],[-71.51479,44.9437],[-71.51924,44.94962],[-71.51579,44.95311],[-71.51632,44.96448],[-71.52338,44.96396],[-71.51826,44.96695],[-71.52292,44.96616],[-71.52195,44.96919],[-71.5374,44.98098],[-71.53675,44.9839],[-71.54142,44.98407],[-71.53814,44.98985],[-71.53311,44.99139],[-71.53709,44.99261],[-71.5349,44.99574],[-71.52418,45.00212],[-71.50467,45.00832],[-71.48828,45.00074],[-71.48055,45.00233],[-71.47635,45.00943],[-71.46505,45.01364],[-71.49969,45.01334]]]},"properties":{"district_code":"VT-01","NAMELSAD":"VT-01","state":"VT","district_num":"1","pres16_total":"315067","pres16_dem":"178573","pres16_rep":"95369","comp16-20_total":"327892","comp16-20_dem":"190376","comp16-20_rep":"121430","pres20_total":"367428","pres20_dem":"242820","pres20_rep":"112704","pres24_total":"369422","pres24_dem":"235791","pres24_rep":"119395","pop_total":"643077","pop_white":"573201","pop_hispanic":"15504","pop_black":"14422","pop_asian":"16182","pop_native":"16900","pop_pacific":"725","vap_total":"524482","vap_white":"474146","vap_hispanic":"11113","vap_black":"9038","vap_asian":"11665","vap_native":"12780","vap_pacific":"518","x_22_2022_age_age_0_9":"60286","x_22_2022_age_age_10_19":"77696","x_22_2022_age_age_20_29":"84981","x_22_2022_age_age_30_39":"77123","x_22_2022_age_age_40_49":"73843","x_22_2022_age_age_50_59":"88570","x_22_2022_age_age_60_69":"94856","x_22_2022_age_age_70_79":"57875","x_22_2022_age_age_o79":"28586","x_22_2022_education_assoc":"39344","x_22_2022_education_bach":"111614","x_22_2022_education_doc":"9939","x_22_2022_education_hs":"126697","x_22_2022_education_master":"57539","x_22_2022_education_nohs":"26587","x_22_2022_education_prof":"12438","x_22_2022_education_somecol":"74875","x_22_2022_household_income_100_125k":"28004","x_22_2022_household_income_10_15k":"10742","x_22_2022_household_income_125_150k":"20972","x_22_2022_household_income_150_200k":"23226","x_22_2022_household_income_15_20k":"9021","x_22_2022_household_income_20_25k":"9529","x_22_2022_household_income_25_30k":"10123","x_22_2022_household_income_30_35k":"10552","x_22_2022_household_income_35_40k":"9383","x_22_2022_household_income_40_45k":"10143","x_22_2022_household_income_45_50k":"9806","x_22_2022_household_income_50_60k":"18378","x_22_2022_household_income_60_75k":"26478","x_22_2022_household_income_75_100k":"35676","x_22_2022_household_income_o200k":"23548","x_22_2022_household_income_u10k":"10277"}},{"type":"Feature","geometry":{"type":"MultiPolygon","coordinates":[[[[-81.55329,39.04945],[-81.42491,39.13568],[-81.40715,39.13584],[-81.39518,39.14045],[-81.29802,39.18557],[-81.29605,39.18139],[-81.30197,39.18205],[-81.29776,39.17821],[-81.3162,39.16802],[-81.31891,39.16339],[-81.31057,39.15794],[-81.32104,39.15652],[-81.31981,39.15291],[-81.32857,39.15271],[-81.32916,39.15021],[-81.32405,39.14257],[-81.29978,39.12983],[-81.28781,39.13275],[-81.28689,39.12541],[-81.27743,39.11828],[-81.27648,39.10814],[-81.26336,39.10697],[-81.26416,39.10435],[-81.261,39.1031],[-81.26284,39.09789],[-81.258,39.09441],[-81.26058,39.08404],[-81.25723,39.07181],[-81.26254,39.06528],[-81.27244,39.06388],[-81.27394,39.05918],[-81.25359,39.05592],[-81.24896,39.04086],[-81.25337,39.03801],[-81.24826,39.03463],[-81.24204,39.03818],[-81.22824,39.03228],[-81.22174,39.04298],[-81.21074,39.04518],[-81.2036,39.04183],[-81.20337,39.03822],[-81.19191,39.03771],[-81.17966,39.04142],[-81.17377,39.03386],[-81.16359,39.0305],[-81.1625,39.03495],[-81.15476,39.04047],[-81.12963,39.04518],[-81.12253,39.03948],[-81.11603,39.04248],[-81.11643,39.03848],[-81.11203,39.03708],[-81.11223,39.03068],[-81.10493,39.02718],[-81.10253,39.02148],[-81.09433,39.02228],[-81.09393,39.01558],[-81.08143,39.01668],[-81.07643,39.01038],[-81.05973,39.00788],[-81.03813,39.01281],[-81.03363,39.00958],[-81.02483,39.01248],[-81.02643,39.00988],[-81.02313,39.00818],[-81.01723,39.01079],[-81.00703,39.00899],[-80.99832,39.01128],[-80.99094,39.02029],[-80.98312,39.01966],[-80.98212,39.02613],[-80.96698,39.02921],[-80.9639,39.03167],[-80.96568,39.0353],[-80.9602,39.03802],[-80.93658,39.04474],[-80.91892,39.04348],[-80.91162,39.04624],[-80.90511,39.05357],[-80.89807,39.05564],[-80.8975,39.06278],[-80.88548,39.06381],[-80.87741,39.06866],[-80.87695,39.0739],[-80.86514,39.07144],[-80.85871,39.07396],[-80.85182,39.07971],[-80.85458,39.08392],[-80.83502,39.08238],[-80.83102,39.08998],[-80.82345,39.09314],[-80.81881,39.0916],[-80.81834,39.09624],[-80.81078,39.09947],[-80.8092,39.10459],[-80.81297,39.1094],[-80.72833,39.09568],[-80.72888,39.08353],[-80.7167,39.00833],[-80.59705,38.896],[-80.59917,38.89201],[-80.59099,38.88368],[-80.59329,38.87042],[-80.58349,38.85887],[-80.55796,38.86761],[-80.54806,38.8562],[-80.54152,38.8539],[-80.53248,38.8559],[-80.52845,38.86191],[-80.52399,38.86283],[-80.50792,38.85455],[-80.50072,38.84466],[-80.49084,38.84526],[-80.4805,38.8337],[-80.47357,38.83276],[-80.48553,38.8003],[-80.47453,38.79427],[-80.4692,38.79756],[-80.46356,38.79604],[-80.45848,38.7875],[-80.4637,38.78376],[-80.45783,38.77549],[-80.44405,38.77584],[-80.44216,38.77162],[-80.44942,38.76938],[-80.45314,38.76046],[-80.45115,38.74915],[-80.45733,38.73917],[-80.45174,38.73689],[-80.45261,38.73323],[-80.44754,38.73271],[-80.44525,38.72685],[-80.44043,38.72829],[-80.43608,38.72555],[-80.42687,38.73111],[-80.42403,38.72805],[-80.4123,38.72841],[-80.41368,38.72447],[-80.40695,38.72276],[-80.40097,38.73006],[-80.3947,38.72598],[-80.38757,38.73023],[-80.36934,38.73285],[-80.3531,38.73057],[-80.34708,38.7268],[-80.34487,38.72034],[-80.33376,38.72021],[-80.33056,38.71696],[-80.33301,38.70505],[-80.32102,38.69454],[-80.3201,38.68517],[-80.30507,38.68462],[-80.28006,38.69487],[-80.18397,38.52533],[-80.24552,38.38846],[-80.11692,38.47395],[-80.0284,38.45917],[-79.86355,38.55065],[-79.85568,38.57501],[-79.85648,38.58361],[-79.84228,38.60811],[-79.84668,38.62961],[-79.84447,38.63206],[-79.83838,38.62861],[-79.83044,38.6362],[-79.83378,38.64761],[-79.82158,38.65641],[-79.81458,38.67671],[-79.80788,38.68321],[-79.80898,38.69151],[-79.79818,38.70371],[-79.80248,38.71001],[-79.79348,38.71601],[-79.79358,38.72111],[-79.77748,38.73951],[-79.76628,38.73441],[-79.75468,38.73401],[-79.75528,38.72761],[-79.75038,38.72541],[-79.75118,38.72231],[-79.73928,38.71791],[-79.73592,38.71252],[-79.73073,38.71231],[-79.73718,38.70741],[-79.73768,38.69161],[-79.74388,38.68641],[-79.73918,38.67961],[-79.72619,38.67898],[-79.71748,38.68541],[-79.71018,38.68571],[-79.70188,38.67991],[-79.69808,38.66641],[-79.68028,38.66441],[-79.67858,38.68191],[-79.66098,38.69021],[-79.64368,38.68071],[-79.63388,38.68201],[-79.62658,38.67821],[-79.63548,38.66111],[-79.62947,38.66041],[-79.62307,38.66881],[-79.59575,38.66295],[-79.59387,38.66515],[-79.60147,38.6787],[-79.59707,38.68291],[-79.59767,38.68761],[-79.58817,38.68951],[-79.57101,38.7136],[-79.56419,38.71335],[-79.55557,38.73251],[-79.54537,38.73721],[-79.54317,38.74651],[-79.53427,38.74771],[-79.51577,38.77941],[-79.51007,38.78071],[-79.50857,38.78441],[-79.50597,38.79371],[-79.50767,38.80051],[-79.52719,38.81416],[-79.52977,38.81932],[-79.52317,38.83021],[-79.53907,38.84141],[-79.51267,38.86721],[-79.51007,38.87581],[-79.51857,38.88441],[-79.51967,38.89201],[-79.50567,38.89351],[-79.48287,38.88631],[-79.47487,38.89161],[-79.44447,38.89861],[-79.45567,38.91861],[-79.45547,38.92991],[-79.44247,38.93261],[-79.42427,38.92911],[-79.41567,38.92301],[-79.37487,38.92081],[-79.36797,38.92481],[-79.36647,38.93151],[-79.35657,38.94371],[-79.35447,38.95351],[-79.34987,38.95751],[-79.05725,38.76141],[-79.07255,38.74751],[-79.08625,38.72291],[-79.09295,38.702],[-79.09095,38.69292],[-79.0843,38.68651],[-79.09295,38.65952],[-79.10612,38.65622],[-79.12026,38.66022],[-79.12945,38.65532],[-79.13756,38.63802],[-79.15146,38.62022],[-79.15466,38.60592],[-79.15916,38.60122],[-79.15826,38.59312],[-79.17086,38.57412],[-79.17095,38.56812],[-79.17666,38.56552],[-79.18426,38.55132],[-79.20586,38.52452],[-79.21096,38.50742],[-79.20716,38.50382],[-79.21059,38.49291],[-79.21907,38.48744],[-79.22567,38.47647],[-79.23988,38.47008],[-79.24239,38.45449],[-79.25448,38.45593],[-79.26732,38.43827],[-79.28275,38.43169],[-79.27969,38.42421],[-79.28294,38.4181],[-79.29093,38.42093],[-79.31228,38.41188],[-79.47664,38.45723],[-79.52179,38.53432],[-79.53197,38.54242],[-79.53687,38.55092],[-79.55467,38.55992],[-79.57271,38.56346],[-79.64907,38.59152],[-79.65817,38.57302],[-79.66287,38.57042],[-79.65927,38.56242],[-79.66507,38.56092],[-79.66977,38.55012],[-79.67067,38.54032],[-79.66687,38.53862],[-79.67297,38.52872],[-79.66207,38.51552],[-79.66847,38.51232],[-79.67019,38.50776],[-79.68037,38.51062],[-79.68277,38.50162],[-79.68834,38.49618],[-79.69227,38.49647],[-79.69757,38.48722],[-79.6935,38.48124],[-79.69962,38.47397],[-79.69893,38.46987],[-79.69109,38.46374],[-79.68837,38.45687],[-79.6881,38.45044],[-79.69142,38.44681],[-79.68967,38.43146],[-79.70663,38.41573],[-79.72951,38.38119],[-79.73149,38.373],[-79.72679,38.37083],[-79.7256,38.36383],[-79.7349,38.35555],[-79.74277,38.35337],[-79.75556,38.35737],[-79.76417,38.35663],[-79.77035,38.3478],[-79.76759,38.3443],[-79.77309,38.33553],[-79.79616,38.32373],[-79.81015,38.30671],[-79.8023,38.29183],[-79.79769,38.292],[-79.792,38.28519],[-79.78661,38.27488],[-79.78894,38.2687],[-79.7983,38.26596],[-79.80651,38.2592],[-79.81215,38.26025],[-79.81486,38.25157],[-79.81962,38.24823],[-79.83071,38.24971],[-79.83511,38.2419],[-79.84496,38.2412],[-79.85033,38.23332],[-79.85671,38.23119],[-79.87459,38.21298],[-79.89027,38.20589],[-79.89733,38.19338],[-79.90762,38.18795],[-79.91441,38.18842],[-79.92007,38.18253],[-79.9212,38.18038],[-79.91645,38.17682],[-79.91891,38.17044],[-79.91488,38.16752],[-79.91939,38.16285],[-79.91866,38.15479],[-79.92622,38.1494],[-79.93052,38.13815],[-79.94519,38.13199],[-79.93895,38.11163],[-79.92633,38.10715],[-79.95351,38.08148],[-79.96165,38.06741],[-79.96016,38.06255],[-79.97389,38.04],[-79.97152,38.03545],[-79.98029,38.0276],[-79.98614,38.01418],[-79.99549,38.00713],[-79.99924,37.99519],[-80.01168,37.98891],[-80.01314,37.98425],[-80.04448,37.96008],[-80.07451,37.94222],[-80.09656,37.91811],[-80.10293,37.91891],[-80.11897,37.90361],[-80.11775,37.89772],[-80.12977,37.89416],[-80.14152,37.88244],[-80.14895,37.88689],[-80.14985,37.88336],[-80.1622,37.87512],[-80.17674,37.85276],[-80.18275,37.85137],[-80.18355,37.84681],[-80.17939,37.83975],[-80.19297,37.83475],[-80.20648,37.81597],[-80.21861,37.80978],[-80.22709,37.79889],[-80.22949,37.79233],[-80.22291,37.78627],[-80.22407,37.78299],[-80.21589,37.78199],[-80.21682,37.77586],[-80.23086,37.778],[-80.24086,37.77244],[-80.24144,37.76806],[-80.24839,37.76825],[-80.25166,37.76325],[-80.25088,37.75552],[-80.25741,37.75608],[-80.26276,37.73834],[-80.25223,37.72726],[-80.28711,37.6964],[-80.29535,37.69341],[-80.27937,37.65708],[-80.2675,37.64616],[-80.24079,37.63832],[-80.22098,37.62777],[-80.24027,37.60696],[-80.25892,37.5955],[-80.3285,37.56432],[-80.3122,37.54622],[-80.32749,37.54014],[-80.33037,37.53627],[-80.30935,37.52738],[-80.29162,37.5365],[-80.28239,37.53352],[-80.29979,37.50827],[-80.3271,37.49538],[-80.36684,37.48488],[-80.36317,37.48],[-80.37195,37.47407],[-80.42563,37.44989],[-80.46482,37.42615],[-80.4756,37.42295],[-80.49486,37.43507],[-80.49728,37.44478],[-80.49298,37.45775],[-80.51139,37.48167],[-80.53689,37.47401],[-80.55204,37.47356],[-80.6168,37.43944],[-80.62266,37.43331],[-80.63685,37.43],[-80.64589,37.42215],[-80.71652,37.38864],[-80.77008,37.37236],[-80.78419,37.39459],[-80.80627,37.39829],[-80.80859,37.40654],[-80.83768,37.42566],[-80.84632,37.4234],[-80.85946,37.42949],[-80.86542,37.41918],[-80.863,37.41151],[-80.88325,37.38393],[-80.84945,37.34691],[-80.86914,37.33846],[-80.89916,37.31568],[-80.95102,37.29497],[-80.97701,37.29181],[-80.98217,37.29602],[-80.97959,37.30228],[-81.03613,37.29025],[-81.10415,37.28061],[-81.16703,37.26288],[-81.2251,37.23487],[-81.32026,37.29947],[-81.36296,37.33809],[-81.36898,37.33263],[-81.36754,37.3269],[-81.37491,37.31881],[-81.38578,37.32064],[-81.39429,37.31641],[-81.39855,37.31064],[-81.39682,37.3045],[-81.40506,37.29879],[-81.40229,37.29614],[-81.41159,37.28033],[-81.41595,37.27894],[-81.41676,37.27321],[-81.44832,37.272],[-81.46055,37.26534],[-81.45887,37.26287],[-81.46211,37.2599],[-81.47587,37.25576],[-81.48014,37.25112],[-81.49229,37.25096],[-81.4991,37.25795],[-81.50652,37.24525],[-81.50751,37.23392],[-81.52047,37.22707],[-81.54451,37.22071],[-81.5547,37.20799],[-81.67822,37.20154],[-81.68327,37.20565],[-81.68354,37.21145],[-81.69475,37.21337],[-81.69933,37.21992],[-81.71573,37.22877],[-81.71625,37.23432],[-81.72306,37.24049],[-81.74012,37.23775],[-81.74438,37.24355],[-81.74087,37.25422],[-81.7457,37.25818],[-81.74604,37.2634],[-81.75758,37.26855],[-81.75699,37.27607],[-81.77324,37.27391],[-81.78212,37.28194],[-81.78841,37.28435],[-81.79312,37.28117],[-81.79359,37.28484],[-81.80327,37.28592],[-81.81628,37.28001],[-81.82585,37.27931],[-81.83394,37.28152],[-81.83356,37.28501],[-81.83727,37.28603],[-81.84995,37.28523],[-81.85355,37.28771],[-81.85446,37.30657],[-81.85928,37.30487],[-81.86568,37.30948],[-81.86027,37.31571],[-81.87225,37.3222],[-81.8793,37.33245],[-81.89358,37.32985],[-81.89734,37.33247],[-81.89942,37.34141],[-81.90716,37.34264],[-81.91022,37.34895],[-81.91765,37.34915],[-81.92176,37.35707],[-81.92846,37.36046],[-81.926,37.36538],[-81.93338,37.36934],[-81.93106,37.37547],[-81.93674,37.38073],[-81.93181,37.38548],[-81.93388,37.39065],[-81.92878,37.39385],[-81.93004,37.40529],[-81.92428,37.40732],[-81.92296,37.41139],[-81.93247,37.41522],[-81.93891,37.422],[-81.94055,37.42906],[-81.93565,37.432],[-81.93562,37.4384],[-81.94576,37.44021],[-81.94912,37.44558],[-81.95758,37.44912],[-81.97038,37.44769],[-81.96879,37.4515],[-81.97618,37.45719],[-81.98753,37.45534],[-81.98763,37.45866],[-81.99227,37.46092],[-81.99658,37.47671],[-81.98985,37.48488],[-81.97759,37.4846],[-81.96499,37.49349],[-81.95384,37.4915],[-81.95315,37.50131],[-81.94391,37.50293],[-81.94115,37.50948],[-81.92624,37.51357],[-81.9332,37.51937],[-81.93776,37.51358],[-81.94482,37.51374],[-81.94351,37.51979],[-81.94758,37.5268],[-81.94425,37.53144],[-81.95559,37.52831],[-81.95753,37.53551],[-81.9682,37.53345],[-81.96506,37.54341],[-81.97009,37.54672],[-81.98124,37.54225],[-81.98911,37.54278],[-81.99415,37.53775],[-81.99843,37.54325],[-82.01117,37.53288],[-82.01639,37.53439],[-82.01998,37.54073],[-82.02948,37.53779],[-82.04232,37.54823],[-82.04505,37.54568],[-82.04205,37.534],[-82.04667,37.528],[-82.05119,37.53585],[-82.06483,37.5372],[-82.06391,37.54313],[-82.07565,37.55592],[-82.10372,37.55284],[-82.10196,37.55842],[-82.10481,37.56019],[-82.118,37.55899],[-82.12295,37.55172],[-82.13325,37.55283],[-82.13407,37.56237],[-82.14385,37.56609],[-82.14446,37.56952],[-82.12624,37.57374],[-82.1268,37.58519],[-82.13265,37.59342],[-82.1563,37.59237],[-82.15706,37.60938],[-82.16853,37.60869],[-82.16961,37.61303],[-82.16425,37.62029],[-82.16806,37.62182],[-82.17722,37.61839],[-82.18218,37.62284],[-82.18169,37.62715],[-82.17226,37.63338],[-82.17747,37.64008],[-82.17508,37.64783],[-82.18581,37.6486],[-82.19076,37.64514],[-82.1867,37.63514],[-82.18723,37.62698],[-82.2145,37.6254],[-82.2205,37.63477],[-82.21703,37.64187],[-82.22332,37.64414],[-82.22616,37.65291],[-82.23607,37.65963],[-82.24089,37.66153],[-82.25807,37.65688],[-82.27157,37.66382],[-82.28342,37.67607],[-82.28829,37.66813],[-82.29465,37.67058],[-82.29548,37.67821],[-82.30448,37.67629],[-82.29585,37.68654],[-82.30294,37.69361],[-82.29637,37.70219],[-82.30768,37.70801],[-82.31104,37.71765],[-82.31662,37.72263],[-82.31957,37.73424],[-82.33387,37.74173],[-82.32715,37.74957],[-82.32163,37.75127],[-82.31995,37.75856],[-82.31091,37.76167],[-82.31199,37.76432],[-82.32852,37.76212],[-82.33338,37.76441],[-82.33361,37.76715],[-82.32306,37.77268],[-82.32389,37.77499],[-82.33746,37.77491],[-82.3406,37.78603],[-82.34944,37.78723],[-82.35566,37.79354],[-82.36327,37.79464],[-82.36904,37.80126],[-82.37712,37.80262],[-82.38553,37.8175],[-82.40042,37.80896],[-82.4023,37.81258],[-82.39821,37.8216],[-82.39907,37.82872],[-82.40866,37.83607],[-82.41212,37.84389],[-82.42049,37.84643],[-82.41476,37.85551],[-82.42421,37.86053],[-82.4218,37.86406],[-82.40758,37.86771],[-82.41705,37.86973],[-82.42048,37.88545],[-82.43018,37.88877],[-82.43812,37.90021],[-82.4519,37.90855],[-82.46049,37.91004],[-82.46299,37.91482],[-82.46797,37.91393],[-82.46838,37.90321],[-82.47441,37.89996],[-82.47506,37.91086],[-82.48835,37.91772],[-82.48029,37.92562],[-82.49594,37.92695],[-82.5022,37.93305],[-82.49995,37.93682],[-82.49217,37.93574],[-82.48928,37.93822],[-82.49614,37.9414],[-82.49722,37.94624],[-82.48556,37.94581],[-82.47155,37.95906],[-82.48485,37.96406],[-82.48426,37.97138],[-82.46885,37.97323],[-82.46441,37.97783],[-82.46457,37.98388],[-82.47386,37.98649],[-82.48321,37.98364],[-82.48865,37.99891],[-82.51919,38.00113],[-82.51565,38.00669],[-82.52249,38.01268],[-82.52692,38.02746],[-82.53872,38.0374],[-82.53733,38.04519],[-82.54415,38.05259],[-82.5505,38.07023],[-82.55963,38.07278],[-82.5649,38.08011],[-82.57385,38.08192],[-82.58336,38.09003],[-82.5878,38.10914],[-82.60625,38.1208],[-82.61966,38.12095],[-82.62238,38.13374],[-82.63699,38.13872],[-82.63863,38.15592],[-82.64454,38.16525],[-82.63947,38.17102],[-82.61834,38.16893],[-82.6116,38.17134],[-82.59901,38.19779],[-82.59829,38.21736],[-82.60912,38.22427],[-82.61222,38.2363],[-82.60598,38.24692],[-82.58332,38.24679],[-82.57452,38.26451],[-82.5741,38.27464],[-82.58303,38.29681],[-82.57176,38.3172],[-82.57672,38.32852],[-82.59812,38.34593],[-82.59759,38.36491],[-82.59274,38.37643],[-82.5995,38.38997],[-82.59458,38.3982],[-82.59693,38.40961],[-82.59348,38.42182],[-82.59348,38.41825],[-82.58693,38.41226],[-82.57313,38.40561],[-82.54166,38.40376],[-82.40488,38.43935],[-82.38202,38.43479],[-82.33034,38.4445],[-82.31811,38.45788],[-82.30422,38.49631],[-82.30397,38.51728],[-82.29567,38.53848],[-82.29157,38.57858],[-82.27147,38.59538],[-82.24652,38.59842],[-82.22217,38.59138],[-82.201,38.59205],[-82.18877,38.59498],[-82.17727,38.60378],[-82.17317,38.61238],[-82.17267,38.62968],[-82.18557,38.65958],[-82.19087,38.68038],[-82.18247,38.70878],[-82.19271,38.7311],[-82.19257,38.73818],[-82.18657,38.72248],[-82.18797,38.73308],[-82.19888,38.75773],[-82.21964,38.77228],[-82.22157,38.78719],[-82.21144,38.80122],[-82.19117,38.81514],[-82.1636,38.82342],[-82.14487,38.84048],[-82.13928,38.86641],[-82.14527,38.88418],[-82.14317,38.89808],[-82.12937,38.90788],[-82.11167,38.93648],[-82.11237,38.93178],[-82.10906,38.94558],[-82.09016,38.97528],[-82.05206,38.99398],[-82.03775,39.02387],[-82.02188,39.02949],[-82.00346,39.02848],[-81.99136,39.01838],[-81.97937,38.99319],[-81.95145,38.99603],[-81.93319,38.98766],[-81.90059,38.93767],[-81.89847,38.9296],[-81.92667,38.90131],[-81.928,38.89349],[-81.90686,38.87757],[-81.89511,38.87397],[-81.88699,38.87508],[-81.85892,38.89019],[-81.84865,38.90141],[-81.84449,38.92875],[-81.82735,38.9459],[-81.81423,38.94617],[-81.79337,38.9302],[-81.78125,38.9248],[-81.76623,38.92295],[-81.7585,38.92794],[-81.75677,38.93656],[-81.77884,38.95589],[-81.78182,38.96493],[-81.77355,38.99478],[-81.76535,39.00218],[-81.76425,39.01528],[-81.77285,39.02618],[-81.80035,39.04498],[-81.80805,39.05378],[-81.81235,39.06128],[-81.81174,39.06035],[-81.81371552873446,39.07803048580933],[-81.81381908041928,39.07930071980975],[-81.81092,39.08157],[-81.81385,39.07968],[-81.80734497941593,39.08388913096616],[-81.7962,39.08196],[-81.80705,39.08408],[-81.77555,39.07838],[-81.76075,39.08408],[-81.74725,39.09538],[-81.58145,39.02618],[-81.55329,39.04945]],[[-82.48721,38.41787],[-82.49837,38.41402],[-82.46313,38.42373],[-82.4712,38.42191],[-82.48721,38.41787]]],[[[-81.81373,39.07816],[-81.81371552873446,39.07803048580933],[-81.81235,39.06128],[-81.81373,39.07816]]],[[[-81.81382,39.0793],[-81.81385,39.07968],[-81.81381908041928,39.07930071980975],[-81.81382,39.0793]]],[[[-81.80735,39.08389],[-81.80705,39.08408],[-81.80734497941593,39.08388913096616],[-81.80735,39.08389]]],[[[-82.22391,38.59208],[-82.23332,38.59472],[-82.22907,38.59388],[-82.22717,38.59378],[-82.22391,38.59208]]],[[[-82.26317,38.59698],[-82.26197,38.59818],[-82.24747,38.59868],[-82.27147,38.59538],[-82.26317,38.59698]]]]},"properties":{"district_code":"WV-01","NAMELSAD":"WV-01","state":"WV","district_num":"1","pres16_total":"355774","pres16_dem":"92958","pres16_rep":"247279","comp16-20_total":"362920","comp16-20_dem":"119390","comp16-20_rep":"235604","pres20_total":"392576","pres20_dem":"112947","pres20_rep":"273523","pres24_total":"364662","pres24_dem":"98066","pres24_rep":"259831","pop_total":"896067","pop_white":"805369","pop_hispanic":"11331","pop_black":"48212","pop_asian":"8927","pop_native":"18242","pop_pacific":"743","vap_total":"715682","vap_white":"649695","vap_hispanic":"7866","vap_black":"34003","vap_asian":"6488","vap_native":"14334","vap_pacific":"489","x_22_2022_age_age_0_9":"95759","x_22_2022_age_age_10_19":"107121","x_22_2022_age_age_20_29":"102630","x_22_2022_age_age_30_39":"100301","x_22_2022_age_age_40_49":"112149","x_22_2022_age_age_50_59":"117804","x_22_2022_age_age_60_69":"129790","x_22_2022_age_age_70_79":"85915","x_22_2022_age_age_o79":"42490","x_22_2022_education_assoc":"48533","x_22_2022_education_bach":"79492","x_22_2022_education_doc":"6103","x_22_2022_education_hs":"256809","x_22_2022_education_master":"38152","x_22_2022_education_nohs":"85290","x_22_2022_education_prof":"9124","x_22_2022_education_somecol":"116052","x_22_2022_household_income_100_125k":"27906","x_22_2022_household_income_10_15k":"24564","x_22_2022_household_income_125_150k":"17508","x_22_2022_household_income_150_200k":"15906","x_22_2022_household_income_15_20k":"20755","x_22_2022_household_income_20_25k":"21455","x_22_2022_household_income_25_30k":"18977","x_22_2022_household_income_30_35k":"18013","x_22_2022_household_income_35_40k":"16443","x_22_2022_household_income_40_45k":"16938","x_22_2022_household_income_45_50k":"14987","x_22_2022_household_income_50_60k":"28523","x_22_2022_household_income_60_75k":"33674","x_22_2022_household_income_75_100k":"41435","x_22_2022_household_income_o200k":"14638","x_22_2022_household_income_u10k":"26090"}},{"type":"Feature","geometry":{"type":"MultiPolygon","coordinates":[[[[-81.72562,39.21591],[-81.73337,39.20191],[-81.73341,39.20366],[-81.7301,39.20981],[-81.72562,39.21591]]],[[[-81.24184,39.39028],[-81.25441300094923,39.38841062235447],[-81.24874,39.38993],[-81.24436,39.39041],[-81.24184,39.39028]]],[[[-81.22358,39.38606],[-81.21711,39.38771],[-81.21165,39.39298],[-81.20823,39.40715],[-81.18515,39.43148],[-81.16759,39.44006],[-81.13253,39.44628],[-81.11433,39.46638],[-81.10084,39.48717],[-81.07103,39.51561],[-80.97379,39.58816],[-80.93329,39.61481],[-80.91762,39.6187],[-80.89221,39.61676],[-80.88036,39.62071],[-80.86665,39.65262],[-80.8637,39.69172],[-80.852,39.69856],[-80.83388,39.7035],[-80.82972,39.71404],[-80.84553,39.73814],[-80.85274,39.74104],[-80.86534,39.75325],[-80.87032,39.76318],[-80.86909,39.76636],[-80.86305,39.7752],[-80.82608,39.79858],[-80.82218,39.81171],[-80.82612,39.84424],[-80.82128,39.84998],[-80.79975,39.85914],[-80.79076,39.86728],[-80.79319,39.88106],[-80.80558,39.89651],[-80.80957,39.90566],[-80.80387,39.91746],[-80.80608,39.91684],[-80.8012,39.91941],[-80.79571,39.91971],[-80.80008,39.9185],[-80.78891,39.91763],[-80.7956,39.91972],[-80.78324,39.91721],[-80.76706,39.90911],[-80.75751,39.91073],[-80.75601,39.91883],[-80.76294,39.94111],[-80.75862,39.92433],[-80.76131,39.93014],[-80.76434,39.94934],[-80.75841,39.95928],[-80.74013,39.97079],[-80.73887,39.98522],[-80.74218,40.00577],[-80.73915,40.01696],[-80.74211,40.00888],[-80.73715,40.02854],[-80.73225,40.03609],[-80.7309,40.04917],[-80.73821,40.06684],[-80.73792,40.07918],[-80.70965,40.10016],[-80.7067,40.11087],[-80.70934,40.13256],[-80.71067,40.12555],[-80.71007,40.13878],[-80.7046,40.15482],[-80.68608,40.18164],[-80.66808,40.19969],[-80.66154,40.22981],[-80.6521,40.24497],[-80.6193,40.26517],[-80.61489,40.29197],[-80.60289,40.30707],[-80.59989,40.31767],[-80.61276,40.34757],[-80.60759,40.36956],[-80.60969,40.37495],[-80.6191,40.38186],[-80.63062,40.3853],[-80.63273,40.3905],[-80.6322,40.39367],[-80.61519,40.39987],[-80.61179,40.40387],[-80.61219,40.43484],[-80.59595,40.46335],[-80.5954,40.47532],[-80.618,40.50205],[-80.62751,40.53579],[-80.63311,40.53871],[-80.65244,40.56254],[-80.66437,40.57002],[-80.66781,40.58354],[-80.66354,40.59077],[-80.62645,40.62018],[-80.59876,40.62526],[-80.5767,40.61422],[-80.55139,40.62872],[-80.51899,40.6388],[-80.51934,39.7214],[-79.47666,39.72108],[-79.47887,39.53169],[-79.48237,39.53169],[-79.48765,39.27995],[-79.48687,39.2059],[-79.47321,39.20211],[-79.46752,39.20868],[-79.4533,39.21047],[-79.43298,39.22389],[-79.42616,39.22507],[-79.4247,39.23466],[-79.41243,39.24008],[-79.40896,39.24646],[-79.40024,39.25086],[-79.39329,39.26163],[-79.38738,39.26355],[-79.38734,39.26782],[-79.38186,39.26687],[-79.37601,39.27322],[-79.35762,39.27629],[-79.3523,39.2802],[-79.35131,39.28507],[-79.34467,39.28519],[-79.34601,39.29396],[-79.34005,39.29384],[-79.33286,39.30001],[-79.32126,39.30001],[-79.3166,39.30431],[-79.29094,39.29916],[-79.28388,39.30984],[-79.28213,39.32327],[-79.27002,39.32929],[-79.26868,39.33616],[-79.26017,39.3343],[-79.25388,39.3371],[-79.25739,39.34228],[-79.25348,39.3479],[-79.25663,39.35701],[-79.23561,39.35851],[-79.23095,39.36491],[-79.21444,39.36341],[-79.21303,39.36918],[-79.20211,39.37927],[-79.19756,39.38846],[-79.18644,39.38528],[-79.17696,39.38903],[-79.18113,39.39439],[-79.17918,39.3965],[-79.16606,39.38744],[-79.16205,39.38832],[-79.1667,39.40094],[-79.15942,39.40954],[-79.15947,39.41704],[-79.15154,39.41716],[-79.14998,39.40608],[-79.1462,39.40456],[-79.1417,39.40713],[-79.14079,39.41785],[-79.12744,39.41818],[-79.12804,39.43021],[-79.12404,39.4332],[-79.11082,39.43185],[-79.11682,39.43917],[-79.10282,39.45048],[-79.10181,39.45717],[-79.10822,39.45708],[-79.10788,39.46122],[-79.09454,39.46485],[-79.10442,39.47077],[-79.10549,39.47394],[-79.10238,39.47639],[-79.08302,39.47147],[-79.06931,39.47397],[-79.06623,39.47994],[-79.06078,39.47174],[-79.05646,39.47074],[-79.05337,39.48062],[-79.04705,39.48335],[-79.03691,39.4765],[-79.03088,39.46525],[-79.01803,39.46766],[-79.01092,39.46112],[-78.97728,39.44803],[-78.96527,39.43832],[-78.95679,39.44022],[-78.956,39.44793],[-78.96048,39.45114],[-78.95437,39.45422],[-78.95901,39.46268],[-78.94629,39.4662],[-78.94003,39.4715],[-78.93852,39.47457],[-78.94254,39.48063],[-78.94051,39.4826],[-78.9343,39.48628],[-78.91701,39.48617],[-78.90408,39.50407],[-78.90551,39.51155],[-78.89311,39.51259],[-78.89112,39.51789],[-78.89355,39.52342],[-78.8912,39.52499],[-78.87603,39.52199],[-78.86959,39.53137],[-78.87086,39.53842],[-78.86157,39.54089],[-78.85195,39.55123],[-78.85108,39.55995],[-78.84771,39.56227],[-78.83859,39.56723],[-78.82124,39.56058],[-78.81585,39.56288],[-78.81327,39.56689],[-78.81535,39.57187],[-78.8262,39.57734],[-78.82572,39.58918],[-78.81933,39.58989],[-78.81813,39.59432],[-78.81187,39.59799],[-78.80943,39.60777],[-78.79646,39.6059],[-78.79597,39.6141],[-78.80164,39.62768],[-78.79795,39.6289],[-78.79536,39.63666],[-78.78119,39.63685],[-78.77637,39.64493],[-78.766,39.64845],[-78.76529,39.64366],[-78.77263,39.63689],[-78.77827,39.6227],[-78.7641,39.61884],[-78.74677,39.62672],[-78.7368,39.62219],[-78.73357,39.61377],[-78.74665,39.60575],[-78.75196,39.6102],[-78.76776,39.60879],[-78.77802,39.60128],[-78.77031,39.595],[-78.76706,39.58751],[-78.75699,39.58085],[-78.74396,39.58035],[-78.74024,39.58641],[-78.73379,39.58662],[-78.73159,39.57461],[-78.72459,39.56392],[-78.7132,39.56228],[-78.70663,39.55557],[-78.69502,39.55384],[-78.6898,39.54596],[-78.6547,39.53461],[-78.6231,39.5397],[-78.60342,39.53201],[-78.59094,39.53675],[-78.59163,39.53099],[-78.58761,39.52772],[-78.57824,39.52657],[-78.56611,39.51937],[-78.52334,39.52483],[-78.50328,39.51858],[-78.48248,39.51942],[-78.47299,39.51592],[-78.46179,39.52225],[-78.46173,39.53693],[-78.44905,39.53894],[-78.44876,39.5425],[-78.45961,39.54555],[-78.46149,39.55043],[-78.45108,39.55019],[-78.4384,39.53857],[-78.43465,39.5419],[-78.43772,39.55337],[-78.4305,39.55156],[-78.42453,39.54518],[-78.41759,39.54715],[-78.42632,39.55922],[-78.45458,39.57444],[-78.45804,39.57971],[-78.45659,39.58775],[-78.4435,39.59133],[-78.40786,39.57863],[-78.39484,39.58515],[-78.39704,39.59022],[-78.4257,39.60791],[-78.43355,39.61821],[-78.43014,39.62342],[-78.42051,39.62407],[-78.38394,39.60898],[-78.37561,39.60831],[-78.37207,39.61138],[-78.38324,39.62275],[-78.38236,39.62779],[-78.37496,39.63034],[-78.35622,39.62583],[-78.35378,39.6314],[-78.35925,39.63721],[-78.35532,39.64066],[-78.32153,39.6336],[-78.28702,39.62144],[-78.26609,39.61906],[-78.26234,39.6305],[-78.25425,39.63998],[-78.22383,39.66054],[-78.23272,39.67342],[-78.22681,39.67627],[-78.20385,39.67626],[-78.19101,39.6903],[-78.18276,39.69511],[-78.17139,39.69561],[-78.10443,39.68144],[-78.08939,39.67139],[-78.0783,39.66933],[-78.03741,39.63704],[-78.01079,39.60357],[-78.00261,39.60055],[-77.97761,39.59961],[-77.96716,39.60711],[-77.95504,39.60808],[-77.9505,39.60336],[-77.95103,39.58953],[-77.9461,39.58479],[-77.93911,39.587],[-77.93582,39.59849],[-77.9364,39.6103],[-77.94465,39.61525],[-77.94089,39.61907],[-77.93089,39.61608],[-77.92378,39.60528],[-77.89197,39.59776],[-77.88115,39.60098],[-77.88105,39.60601],[-77.887,39.6136],[-77.88452,39.61581],[-77.86448,39.60893],[-77.83803,39.60597],[-77.83232,39.60163],[-77.82968,39.59108],[-77.83636,39.56644],[-77.87855,39.56341],[-77.88868,39.55784],[-77.88759,39.5531],[-77.86527,39.53841],[-77.86507,39.51626],[-77.8602,39.51429],[-77.84194,39.51843],[-77.84056,39.52914],[-77.83354,39.53257],[-77.82474,39.52848],[-77.82514,39.51789],[-77.84688,39.50424],[-77.84532,39.4981],[-77.80289,39.48946],[-77.79278,39.49051],[-77.78215,39.49904],[-77.76634,39.49624],[-77.76728,39.49127],[-77.78863,39.48514],[-77.79776,39.47917],[-77.79433,39.47044],[-77.77777,39.46157],[-77.79801,39.46077],[-77.79754,39.45533],[-77.78524,39.44623],[-77.80321,39.43714],[-77.79477,39.43108],[-77.76145,39.42794],[-77.75294,39.42304],[-77.73573,39.38962],[-77.73874,39.38574],[-77.75298,39.38168],[-77.74351,39.36004],[-77.74682,39.35226],[-77.75963,39.34478],[-77.76086,39.34003],[-77.75573,39.33394],[-77.71971,39.32109],[-77.73841,39.30819],[-77.75027,39.28928],[-77.75865,39.26466],[-77.76293,39.25827],[-77.77032,39.25588],[-77.77094,39.24945],[-77.76723,39.24901],[-77.77136,39.23649],[-77.78063,39.22891],[-77.79311,39.2103],[-77.80605,39.17174],[-77.82162,39.15187],[-77.8221,39.14011],[-77.8283,39.13243],[-78.15871,39.34377],[-78.26281,39.41434],[-78.34709,39.46601],[-78.3498,39.46181],[-78.34508,39.45849],[-78.34655,39.44262],[-78.35323,39.43679],[-78.34672,39.42762],[-78.35702,39.41664],[-78.35992,39.40903],[-78.34988,39.39794],[-78.35121,39.3914],[-78.34321,39.38881],[-78.36687,39.35929],[-78.34041,39.35363],[-78.33928,39.34861],[-78.34678,39.34427],[-78.3463,39.33911],[-78.36057,39.3176],[-78.36418,39.31867],[-78.36724,39.31015],[-78.38505,39.29566],[-78.39337,39.28299],[-78.40289,39.27862],[-78.40278,39.27547],[-78.41942,39.25748],[-78.39967,39.24387],[-78.40421,39.24121],[-78.40594,39.23085],[-78.43869,39.19809],[-78.43085,39.19623],[-78.42868,39.19263],[-78.42602,39.19414],[-78.42429,39.19216],[-78.4287,39.18722],[-78.42631,39.18276],[-78.41894,39.17735],[-78.41484,39.17784],[-78.4037,39.16745],[-78.41394,39.15842],[-78.42729,39.15273],[-78.43666,39.14169],[-78.43943,39.13215],[-78.45987,39.11335],[-78.47538,39.10747],[-78.4796,39.10951],[-78.49516,39.10099],[-78.51648,39.0818],[-78.52271,39.07106],[-78.54022,39.06063],[-78.5719,39.032],[-78.55047,39.01807],[-78.57339,38.99848],[-78.59326,38.97192],[-78.60165,38.9646],[-78.6102,38.97048],[-78.61118,38.97613],[-78.61868,38.97408],[-78.62045,38.9826],[-78.62955,38.98087],[-78.63842,38.96682],[-78.64659,38.96814],[-78.65905,38.94738],[-78.67763,38.92771],[-78.68827,38.92478],[-78.69762,38.91428],[-78.70432,38.91523],[-78.71718,38.9043],[-78.72093,38.91016],[-78.71708,38.93603],[-78.72358,38.93111],[-78.73868,38.92736],[-78.75052,38.91603],[-78.75036,38.91168],[-78.75908,38.90053],[-78.7792,38.8923],[-78.79633,38.87511],[-78.82906,38.81862],[-78.86926,38.76298],[-78.99376,38.85002],[-79.00025,38.84541],[-78.99901,38.84007],[-79.00695,38.82332],[-79.01953,38.81791],[-79.01984,38.81171],[-79.02425,38.80741],[-79.02304,38.79861],[-79.02725,38.79211],[-79.04735,38.79181],[-79.05495,38.78571],[-79.05127,38.7739],[-79.05565,38.77091],[-79.05725,38.76141],[-79.34987,38.95751],[-79.35447,38.95351],[-79.35657,38.94371],[-79.36647,38.93151],[-79.36797,38.92481],[-79.37487,38.92081],[-79.41567,38.92301],[-79.42427,38.92911],[-79.44247,38.93261],[-79.45547,38.92991],[-79.45567,38.91861],[-79.44447,38.89861],[-79.47487,38.89161],[-79.48287,38.88631],[-79.50567,38.89351],[-79.51967,38.89201],[-79.51857,38.88441],[-79.51007,38.87581],[-79.51267,38.86721],[-79.53907,38.84141],[-79.52317,38.83021],[-79.52977,38.81932],[-79.52719,38.81416],[-79.50767,38.80051],[-79.50597,38.79371],[-79.50857,38.78441],[-79.51007,38.78071],[-79.51577,38.77941],[-79.53427,38.74771],[-79.54317,38.74651],[-79.54537,38.73721],[-79.55557,38.73251],[-79.56419,38.71335],[-79.57101,38.7136],[-79.58817,38.68951],[-79.59767,38.68761],[-79.59707,38.68291],[-79.60147,38.6787],[-79.59387,38.66515],[-79.59575,38.66295],[-79.62307,38.66881],[-79.62947,38.66041],[-79.63548,38.66111],[-79.62658,38.67821],[-79.63388,38.68201],[-79.64368,38.68071],[-79.66098,38.69021],[-79.67858,38.68191],[-79.68028,38.66441],[-79.69808,38.66641],[-79.70188,38.67991],[-79.71018,38.68571],[-79.71748,38.68541],[-79.72619,38.67898],[-79.73918,38.67961],[-79.74388,38.68641],[-79.73768,38.69161],[-79.73718,38.70741],[-79.73073,38.71231],[-79.73592,38.71252],[-79.73928,38.71791],[-79.75118,38.72231],[-79.75038,38.72541],[-79.75528,38.72761],[-79.75468,38.73401],[-79.76628,38.73441],[-79.77748,38.73951],[-79.79358,38.72111],[-79.79348,38.71601],[-79.80248,38.71001],[-79.79818,38.70371],[-79.80898,38.69151],[-79.80788,38.68321],[-79.81458,38.67671],[-79.82158,38.65641],[-79.83378,38.64761],[-79.83044,38.6362],[-79.83838,38.62861],[-79.84447,38.63206],[-79.84668,38.62961],[-79.84228,38.60811],[-79.85648,38.58361],[-79.85568,38.57501],[-79.86355,38.55065],[-80.0284,38.45917],[-80.11692,38.47395],[-80.24552,38.38846],[-80.18397,38.52533],[-80.28006,38.69487],[-80.30507,38.68462],[-80.3201,38.68517],[-80.32102,38.69454],[-80.33301,38.70505],[-80.33056,38.71696],[-80.33376,38.72021],[-80.34487,38.72034],[-80.34708,38.7268],[-80.3531,38.73057],[-80.36934,38.73285],[-80.38757,38.73023],[-80.3947,38.72598],[-80.40097,38.73006],[-80.40695,38.72276],[-80.41368,38.72447],[-80.4123,38.72841],[-80.42403,38.72805],[-80.42687,38.73111],[-80.43608,38.72555],[-80.44043,38.72829],[-80.44525,38.72685],[-80.44754,38.73271],[-80.45261,38.73323],[-80.45174,38.73689],[-80.45733,38.73917],[-80.45115,38.74915],[-80.45314,38.76046],[-80.44942,38.76938],[-80.44216,38.77162],[-80.44405,38.77584],[-80.45783,38.77549],[-80.4637,38.78376],[-80.45848,38.7875],[-80.46356,38.79604],[-80.4692,38.79756],[-80.47453,38.79427],[-80.48553,38.8003],[-80.47357,38.83276],[-80.4805,38.8337],[-80.49084,38.84526],[-80.50072,38.84466],[-80.50792,38.85455],[-80.52399,38.86283],[-80.52845,38.86191],[-80.53248,38.8559],[-80.54152,38.8539],[-80.54806,38.8562],[-80.55796,38.86761],[-80.58349,38.85887],[-80.59329,38.87042],[-80.59099,38.88368],[-80.59917,38.89201],[-80.59705,38.896],[-80.7167,39.00833],[-80.72888,39.08353],[-80.72833,39.09568],[-80.81297,39.1094],[-80.8092,39.10459],[-80.81078,39.09947],[-80.81834,39.09624],[-80.81881,39.0916],[-80.82345,39.09314],[-80.83102,39.08998],[-80.83502,39.08238],[-80.85458,39.08392],[-80.85182,39.07971],[-80.85871,39.07396],[-80.86514,39.07144],[-80.87695,39.0739],[-80.87741,39.06866],[-80.88548,39.06381],[-80.8975,39.06278],[-80.89807,39.05564],[-80.90511,39.05357],[-80.91162,39.04624],[-80.91892,39.04348],[-80.93658,39.04474],[-80.9602,39.03802],[-80.96568,39.0353],[-80.9639,39.03167],[-80.96698,39.02921],[-80.98212,39.02613],[-80.98312,39.01966],[-80.99094,39.02029],[-80.99832,39.01128],[-81.00703,39.00899],[-81.01723,39.01079],[-81.02313,39.00818],[-81.02643,39.00988],[-81.02483,39.01248],[-81.03363,39.00958],[-81.03813,39.01281],[-81.05973,39.00788],[-81.07643,39.01038],[-81.08143,39.01668],[-81.09393,39.01558],[-81.09433,39.02228],[-81.10253,39.02148],[-81.10493,39.02718],[-81.11223,39.03068],[-81.11203,39.03708],[-81.11643,39.03848],[-81.11603,39.04248],[-81.12253,39.03948],[-81.12963,39.04518],[-81.15476,39.04047],[-81.1625,39.03495],[-81.16359,39.0305],[-81.17377,39.03386],[-81.17966,39.04142],[-81.19191,39.03771],[-81.20337,39.03822],[-81.2036,39.04183],[-81.21074,39.04518],[-81.22174,39.04298],[-81.22824,39.03228],[-81.24204,39.03818],[-81.24826,39.03463],[-81.25337,39.03801],[-81.24896,39.04086],[-81.25359,39.05592],[-81.27394,39.05918],[-81.27244,39.06388],[-81.26254,39.06528],[-81.25723,39.07181],[-81.26058,39.08404],[-81.258,39.09441],[-81.26284,39.09789],[-81.261,39.1031],[-81.26416,39.10435],[-81.26336,39.10697],[-81.27648,39.10814],[-81.27743,39.11828],[-81.28689,39.12541],[-81.28781,39.13275],[-81.29978,39.12983],[-81.32405,39.14257],[-81.32916,39.15021],[-81.32857,39.15271],[-81.31981,39.15291],[-81.32104,39.15652],[-81.31057,39.15794],[-81.31891,39.16339],[-81.3162,39.16802],[-81.29776,39.17821],[-81.30197,39.18205],[-81.29605,39.18139],[-81.29802,39.18557],[-81.39518,39.14045],[-81.40715,39.13584],[-81.42491,39.13568],[-81.55329,39.04945],[-81.58145,39.02618],[-81.74725,39.09538],[-81.74235,39.11128],[-81.74519,39.13824],[-81.74277,39.14267],[-81.75628,39.18005],[-81.75121,39.18604],[-81.73687,39.19263],[-81.72562,39.21591],[-81.70091,39.22084],[-81.69137,39.22788],[-81.69697,39.2494],[-81.69206,39.26323],[-81.67759,39.27417],[-81.65614,39.27736],[-81.62218,39.27367],[-81.60335,39.27553],[-81.58697,39.26912],[-81.57025,39.26767],[-81.56525,39.27618],[-81.55755,39.33877],[-81.53385,39.35855],[-81.49879,39.37612],[-81.46788,39.40368],[-81.44612,39.4103],[-81.43564,39.40847],[-81.42058,39.40038],[-81.40669,39.38809],[-81.39379,39.35171],[-81.38456,39.34345],[-81.37596,39.3417],[-81.34493,39.34679],[-81.29752,39.37438],[-81.27029,39.38605],[-81.25441300094923,39.38841062235447],[-81.25449,39.38839],[-81.24184,39.39028],[-81.22358,39.38606]],[[-80.73747,40.07723],[-80.73393,40.08206],[-80.73792,40.07918],[-80.73747,40.07723]]],[[[-80.80915,39.91059],[-80.80858,39.91291],[-80.80652,39.9164],[-80.80957,39.90566],[-80.80915,39.91059]]],[[[-80.74103,39.97315],[-80.74037,39.97517],[-80.74014,39.9708],[-80.74103,39.97315]]]]},"properties":{"district_code":"WV-02","NAMELSAD":"WV-02","state":"WV","district_num":"2","pres16_total":"357275","pres16_dem":"95834","pres16_rep":"242092","comp16-20_total":"370080","comp16-20_dem":"119332","comp16-20_rep":"238742","pres20_total":"402076","pres20_dem":"123037","pres20_rep":"271859","pres24_total":"397728","pres24_dem":"116243","pres24_rep":"273725","pop_total":"897649","pop_white":"793465","pop_hispanic":"23496","pop_black":"42314","pop_asian":"13354","pop_native":"19447","pop_pacific":"983","vap_total":"717250","vap_white":"643345","vap_hispanic":"15617","vap_black":"28957","vap_asian":"9757","vap_native":"14713","vap_pacific":"673","x_22_2022_age_age_0_9":"93184","x_22_2022_age_age_10_19":"111683","x_22_2022_age_age_20_29":"118098","x_22_2022_age_age_30_39":"107578","x_22_2022_age_age_40_49":"110943","x_22_2022_age_age_50_59":"119302","x_22_2022_age_age_60_69":"121495","x_22_2022_age_age_70_79":"78065","x_22_2022_age_age_o79":"38660","x_22_2022_education_assoc":"52954","x_22_2022_education_bach":"92266","x_22_2022_education_doc":"7982","x_22_2022_education_hs":"245524","x_22_2022_education_master":"46334","x_22_2022_education_nohs":"61711","x_22_2022_education_prof":"9326","x_22_2022_education_somecol":"115877","x_22_2022_household_income_100_125k":"33087","x_22_2022_household_income_10_15k":"18800","x_22_2022_household_income_125_150k":"22785","x_22_2022_household_income_150_200k":"23286","x_22_2022_household_income_15_20k":"15969","x_22_2022_household_income_20_25k":"17768","x_22_2022_household_income_25_30k":"16506","x_22_2022_household_income_30_35k":"17138","x_22_2022_household_income_35_40k":"14811","x_22_2022_household_income_40_45k":"14723","x_22_2022_household_income_45_50k":"14516","x_22_2022_household_income_50_60k":"28248","x_22_2022_household_income_60_75k":"34818","x_22_2022_household_income_75_100k":"45625","x_22_2022_household_income_o200k":"20035","x_22_2022_household_income_u10k":"20113"}},{"type":"Feature","geometry":{"type":"MultiPolygon","coordinates":[[[[-110.38457,40.99481],[-110.40448,40.99478],[-110.43638,40.9948],[-110.43876,40.99481],[-110.38457,40.99481]]],[[[-110.37987,40.99481],[-110.38291,40.99479],[-110.38457,40.99481],[-110.37987,40.99481]]],[[[-110.11755387016689,40.99682006627629],[-110.11230508370728,40.99685143807572],[-110.14647,40.99632],[-110.18346,40.99576],[-110.19982,40.99577],[-110.11755387016689,40.99682006627629]]],[[[-110.45051,40.99483],[-111.04672,40.99796],[-111.04732,42.39265],[-111.04355,42.7195],[-111.04392,43.21292],[-111.04897,44.47407],[-111.05243,44.47841],[-111.05456,45.00096],[-110.79012,45.00088],[-110.70448,44.99217],[-110.44574,44.99368],[-110.40712,44.9995],[-110.18322,44.99695],[-110.10578,45.00353],[-109.76479,45.0018],[-109.10323,45.00582],[-109.08222,44.9995],[-107.47601,45.00142],[-107.13812,45.00013],[-107.08489,44.9966],[-106.12621,44.99327],[-105.92817,44.99349],[-105.91315,45.00024],[-105.85388,45.00037],[-104.05788,44.99761],[-104.05662,44.93319],[-104.05656,44.91338],[-104.05649,44.86703],[-104.05621,44.8008],[-104.05586,44.78362],[-104.05595,44.68608],[-104.05577,44.64116],[-104.0558,44.6023],[-104.05582,44.5467],[-104.05593,44.54262],[-104.05586,44.54218],[-104.0559,44.51762],[-104.05593,44.51736],[-104.05563,44.39473],[-104.05563,44.3636],[-104.05449,44.18038],[-104.05455,44.15778],[-104.05461,44.11317],[-104.05469,43.99998],[-104.05485,43.96946],[-104.05474,43.93817],[-104.05522,43.77379],[-104.05518,43.76163],[-104.05488,43.583],[-104.055,43.57909],[-104.05502,43.55748],[-104.05482,43.53328],[-104.05351,43.13549],[-104.05326,43.03246],[-104.05325,41.00141],[-105.72644,40.99684],[-107.00061,41.00344],[-108.52603,40.99959],[-109.2325,41.00211],[-110.11230508370728,40.99685143807572],[-110.09954,40.99705],[-110.11755387016689,40.99682006627629],[-110.45051,40.99483]],[[-111.04616,41.69446],[-111.04651,41.79728],[-111.0465,41.71582],[-111.04636,41.71003],[-111.04616,41.69446]],[[-110.55875,40.99632],[-110.68137,40.99624],[-110.6387,40.99618],[-110.58087,40.99629],[-110.55875,40.99632]],[[-110.54568,40.99632],[-110.54587,40.99633],[-110.55875,40.99632],[-110.54568,40.99632]]]]},"properties":{"district_code":"WY-01","NAMELSAD":"WY-01","state":"WY","district_num":"1","pres16_total":"255849","pres16_dem":"55973","pres16_rep":"174419","comp16-20_total":"234289","comp16-20_dem":"61851","comp16-20_rep":"162714","pres20_total":"276765","pres20_dem":"73491","pres20_rep":"193559","pres24_total":"269048","pres24_dem":"69527","pres24_rep":"192633","pop_total":"576851","pop_white":"469664","pop_hispanic":"59046","pop_black":"9661","pop_asian":"9473","pop_native":"27480","pop_pacific":"1714","vap_total":"441337","vap_white":"370041","vap_hispanic":"38153","vap_black":"5928","vap_asian":"6520","vap_native":"18433","vap_pacific":"1009","x_22_2022_age_age_0_9":"69778","x_22_2022_age_age_10_19":"77958","x_22_2022_age_age_20_29":"74499","x_22_2022_age_age_30_39":"77825","x_22_2022_age_age_40_49":"68551","x_22_2022_age_age_50_59":"69278","x_22_2022_age_age_60_69":"75194","x_22_2022_age_age_70_79":"44545","x_22_2022_age_age_o79":"20301","x_22_2022_education_assoc":"46082","x_22_2022_education_bach":"71313","x_22_2022_education_doc":"5138","x_22_2022_education_hs":"110277","x_22_2022_education_master":"31053","x_22_2022_education_nohs":"23719","x_22_2022_education_prof":"6077","x_22_2022_education_somecol":"98143","x_22_2022_household_income_100_125k":"26379","x_22_2022_household_income_10_15k":"8115","x_22_2022_household_income_125_150k":"17485","x_22_2022_household_income_150_200k":"19922","x_22_2022_household_income_15_20k":"7806","x_22_2022_household_income_20_25k":"9208","x_22_2022_household_income_25_30k":"8475","x_22_2022_household_income_30_35k":"9565","x_22_2022_household_income_35_40k":"9356","x_22_2022_household_income_40_45k":"7572","x_22_2022_household_income_45_50k":"7799","x_22_2022_household_income_50_60k":"17923","x_22_2022_household_income_60_75k":"24038","x_22_2022_household_income_75_100k":"32579","x_22_2022_household_income_o200k":"17220","x_22_2022_household_income_u10k":"10714"}}]}