{"type":"FeatureCollection","features":[{"type":"Feature","properties":{"id":1,"NAME":"1","TotalPop":705842,"PopDevPct":0.00000189,"DemPct":0.65968037,"RepPct":0.3316565,"WhitePct":0.40449874,"MinorityPct":0.59550126,"BlackPct":0.03517611,"HispanicPct":0.47256002,"PacificPct":0.00264122,"AsianPct":0.03323191,"NativePct":0.07552674,"TotalVAP":565270,"Margin":0.15968037,"color":"#00008b","opacity":"0.5"},"geometry":{"type":"MultiPolygon","coordinates":[[[[-106.681053,34.906292],[-106.681021,34.906518],[-106.679896,34.908854],[-106.671868,34.913945],[-106.670036,34.916219],[-106.667547,34.928088],[-106.665985,34.935052],[-106.663552,34.946791],[-106.663667,34.946792],[-106.663641,34.946926],[-106.663336,34.948345],[-106.662847,34.950253],[-106.662158,34.953445],[-106.662029,34.95396],[-106.65963,34.956644],[-106.659082,34.957844],[-106.65701,34.964839],[-106.650757,34.985699],[-106.648087,34.993296],[-106.646091,34.998976],[-106.644174,35.004223],[-106.642132,35.010022],[-106.639805,35.016595],[-106.639531,35.017369],[-106.638582,35.021353],[-106.638529,35.023417],[-106.638077,35.023423],[-106.635257,35.023036],[-106.633169,35.025586],[-106.630796,35.029628],[-106.629348,35.032744],[-106.62871,35.036816],[-106.62871,35.043686],[-106.628822,35.045387],[-106.630359,35.047057],[-106.630769,35.048264],[-106.630776,35.048483],[-106.624672,35.049767],[-106.623966,35.049704],[-106.622087,35.049839],[-106.622075,35.049999],[-106.622062,35.05128],[-106.621333,35.050276],[-106.619254,35.050429],[-106.618026,35.052013],[-106.616601,35.052018],[-106.615732,35.052002],[-106.615532,35.051922],[-106.615352,35.051782],[-106.615241,35.051611],[-106.614006,35.052268],[-106.613493,35.05318],[-106.613253,35.056531],[-106.613293,35.058439],[-106.610464,35.058466],[-106.60916,35.058435],[-106.60874,35.058435],[-106.607291,35.058388],[-106.606524,35.05838],[-106.6043,35.058258],[-106.603041,35.058241],[-106.601244,35.058218],[-106.595254,35.058226],[-106.593096,35.05819],[-106.59086,35.058189],[-106.588682,35.058195],[-106.587643,35.058191],[-106.586478,35.058356],[-106.585377,35.058354],[-106.584261,35.058319],[-106.583155,35.05832],[-106.580948,35.058302],[-106.579855,35.058276],[-106.577609,35.058258],[-106.576558,35.058247],[-106.575463,35.05825],[-106.57436,35.058213],[-106.573267,35.058216],[-106.572178,35.058219],[-106.57105,35.058222],[-106.569927,35.058225],[-106.568768,35.058227],[-106.55964,35.058221],[-106.55966,35.059172],[-106.559655,35.061009],[-106.559665,35.06372],[-106.559514,35.065485],[-106.559421,35.065486],[-106.550491,35.065501],[-106.550452,35.066134],[-106.550458,35.067327],[-106.541472,35.067402],[-106.539501,35.067407],[-106.538492,35.067409],[-106.535471,35.067369],[-106.534827,35.067386],[-106.53254,35.067341],[-106.532535,35.066981],[-106.53252,35.065339],[-106.532568,35.060613],[-106.532588,35.057953],[-106.532584,35.05671],[-106.53258,35.055756],[-106.532579,35.055424],[-106.532608,35.0525],[-106.532754,35.046828],[-106.532959,35.04306],[-106.529283,35.043028],[-106.529209,35.04293],[-106.529035,35.043028],[-106.528183,35.043019],[-106.517418,35.042891],[-106.508868,35.042789],[-106.508864,35.043262],[-106.505649,35.043221],[-106.504209,35.044033],[-106.504623,35.044383],[-106.506007,35.046064],[-106.50598,35.046496],[-106.505757,35.047326],[-106.50553,35.048017],[-106.505393,35.04844],[-106.508205,35.049377],[-106.508205,35.049402],[-106.508206,35.049908],[-106.505379,35.049841],[-106.504724,35.049352],[-106.504118,35.051247],[-106.504105,35.053711],[-106.50292,35.054652],[-106.501749,35.05499],[-106.501258,35.054971],[-106.500106,35.054961],[-106.496439,35.055002],[-106.495971,35.055241],[-106.495377,35.056157],[-106.495368,35.056778],[-106.495352,35.057386],[-106.497541,35.057611],[-106.495345,35.058061],[-106.495136,35.060759],[-106.495123,35.06094],[-106.495154,35.061207],[-106.495454,35.064078],[-106.495382,35.065834],[-106.495009,35.067711],[-106.497496,35.068192],[-106.496778,35.069429],[-106.496706,35.069538],[-106.493705,35.068377],[-106.487873,35.066129],[-106.486682,35.065638],[-106.485595,35.065091],[-106.484419,35.064513],[-106.484418,35.064349],[-106.484354,35.064314],[-106.484253,35.064257],[-106.481773,35.063117],[-106.478047,35.062627],[-106.47407,35.062918],[-106.471535,35.063081],[-106.468286,35.062849],[-106.467987,35.062803],[-106.46728,35.062656],[-106.466858,35.062558],[-106.466106,35.062365],[-106.465599,35.062199],[-106.465464,35.062155],[-106.465214,35.062062],[-106.464937,35.06196],[-106.464279,35.061733],[-106.463911,35.061589],[-106.463433,35.061419],[-106.462945,35.061275],[-106.462347,35.061123],[-106.462062,35.061056],[-106.461794,35.061003],[-106.461277,35.060914],[-106.460969,35.060887],[-106.460678,35.060856],[-106.460397,35.060834],[-106.46015,35.06083],[-106.45992,35.060821],[-106.45908,35.060836],[-106.458827,35.06085],[-106.45813,35.060883],[-106.456626,35.060967],[-106.456082,35.060985],[-106.455084,35.061058],[-106.454523,35.061105],[-106.454492,35.061107],[-106.446115,35.061552],[-106.444719,35.06178],[-106.437207,35.063865],[-106.433021,35.06452],[-106.427858,35.064952],[-106.424979,35.065598],[-106.42453,35.065781],[-106.421648,35.067772],[-106.409193,35.078486],[-106.407816,35.079611],[-106.406574,35.080293],[-106.40597,35.080533],[-106.404921,35.080813],[-106.403888,35.080914],[-106.402355,35.080816],[-106.400239,35.080535],[-106.399613,35.080495],[-106.396516,35.080499],[-106.395076,35.080519],[-106.39064,35.080587],[-106.387526,35.081205],[-106.387792,35.079954],[-106.387867,35.079571],[-106.386196,35.080904],[-106.384688,35.080354],[-106.383411,35.080877],[-106.382984,35.082044],[-106.381514,35.082665],[-106.380303,35.084699],[-106.378388,35.084788],[-106.379427,35.085702],[-106.377745,35.08666],[-106.376481,35.088568],[-106.376446,35.088638],[-106.376407,35.088694],[-106.376652,35.088846],[-106.376583,35.088941],[-106.37634,35.089235],[-106.376148,35.089452],[-106.375995,35.089636],[-106.375831,35.089808],[-106.375672,35.089966],[-106.375266,35.090295],[-106.374954,35.090516],[-106.374703,35.090683],[-106.374182,35.091],[-106.373935,35.091135],[-106.373623,35.09132],[-106.37331,35.091514],[-106.373026,35.091704],[-106.372691,35.091966],[-106.372484,35.092137],[-106.372281,35.092326],[-106.372106,35.092521],[-106.371881,35.092782],[-106.37175,35.092954],[-106.371677,35.093058],[-106.370181,35.096336],[-106.368029,35.098474],[-106.366418,35.099139],[-106.363155,35.099701],[-106.361644,35.099946],[-106.350988,35.101755],[-106.34926,35.102282],[-106.345807,35.103823],[-106.341263,35.106236],[-106.338434,35.108127],[-106.333375,35.111958],[-106.329705,35.114347],[-106.32713,35.115208],[-106.321901,35.114968],[-106.321685,35.115124],[-106.319484,35.116852],[-106.316282,35.120048],[-106.313558,35.122344],[-106.313626,35.12556],[-106.313665,35.12721],[-106.304375,35.127178],[-106.302687,35.127638],[-106.303102,35.1336],[-106.300002,35.13465],[-106.296701,35.134725],[-106.296952,35.140763],[-106.296947,35.142042],[-106.292941,35.141952],[-106.289484,35.141931],[-106.285774,35.141907],[-106.279224,35.141843],[-106.267939,35.141793],[-106.265556,35.141779],[-106.261109,35.141778],[-106.247634,35.141776],[-106.244947,35.141748],[-106.243588,35.141705],[-106.237829,35.141724],[-106.23558,35.141735],[-106.232283,35.141761],[-106.226792,35.141785],[-106.226679,35.141781],[-106.216816,35.141815],[-106.213512,35.141833],[-106.20909,35.141849],[-106.203798,35.141853],[-106.191439,35.141869],[-106.191432,35.142],[-106.182577,35.142007],[-106.173693,35.142023],[-106.169331,35.142039],[-106.164863,35.142063],[-106.164863,35.143823],[-106.164852,35.147636],[-106.163427,35.146542],[-106.161494,35.145799],[-106.160891,35.146189],[-106.159472,35.144555],[-106.158752,35.143832],[-106.156096,35.14384],[-106.156108,35.142092],[-106.138405,35.142158],[-106.120792,35.142189],[-106.103004,35.142257],[-106.067879,35.142326],[-106.050494,35.142305],[-106.050545,35.142925],[-106.05013,35.156236],[-106.050199,35.156691],[-106.03771,35.156651],[-106.032599,35.156635],[-106.014585,35.156635],[-106.014558,35.14228],[-105.97998,35.142187],[-105.98002,35.142093],[-105.960813,35.142056],[-105.947218,35.142091],[-105.944998,35.142094],[-105.927278,35.142062],[-105.921124,35.141857],[-105.908512,35.141823],[-105.904175,35.141049],[-105.901989,35.139817],[-105.901058,35.138258],[-105.89592,35.136189],[-105.894168,35.135231],[-105.893041,35.135269],[-105.883085,35.138331],[-105.880503,35.139397],[-105.874298,35.139887],[-105.868945,35.139798],[-105.86624,35.138975],[-105.863368,35.13877],[-105.858154,35.136871],[-105.855421,35.13662],[-105.848116,35.134996],[-105.846444,35.134836],[-105.843906,35.133556],[-105.838469,35.132389],[-105.834426,35.131267],[-105.83072,35.131497],[-105.828127,35.132986],[-105.825145,35.133742],[-105.824002,35.134429],[-105.823388,35.135552],[-105.81879,35.138598],[-105.813827,35.140637],[-105.811263,35.142125],[-105.808308,35.142308],[-105.806225,35.143637],[-105.804932,35.144873],[-105.803203,35.145377],[-105.796896,35.146117],[-105.794554,35.147005],[-105.791999,35.147165],[-105.790383,35.148386],[-105.787724,35.1488],[-105.785503,35.149498],[-105.781955,35.152137],[-105.778745,35.156398],[-105.774994,35.158432],[-105.772003,35.15955],[-105.766248,35.160103],[-105.76314,35.15976],[-105.758177,35.157747],[-105.755661,35.158412],[-105.75502,35.158713],[-105.752526,35.156904],[-105.750571,35.156126],[-105.746576,35.156585],[-105.740747,35.155534],[-105.738042,35.155787],[-105.733301,35.154506],[-105.73107,35.154782],[-105.728171,35.156249],[-105.726582,35.156593],[-105.724406,35.156548],[-105.722622,35.15664],[-105.719081,35.157488],[-105.715196,35.157178],[-105.715326,35.187285],[-105.715387,35.21552],[-105.715484,35.23996],[-105.715558,35.257774],[-105.715571,35.259317],[-105.715576,35.260174],[-105.715575,35.265187],[-105.715609,35.273625],[-105.715682,35.289004],[-105.715686,35.292207],[-105.715708,35.298108],[-105.715748,35.304169],[-105.71741,35.304234],[-105.717563,35.318713],[-105.71798,35.347617],[-105.717981,35.357135],[-105.717828,35.384081],[-105.717792,35.389523],[-105.717613,35.417214],[-105.717593,35.420042],[-105.717952,35.442967],[-105.718061,35.450215],[-105.718123,35.461827],[-105.718103,35.464216],[-105.718151,35.482532],[-105.718146,35.491416],[-105.718037,35.520328],[-105.718005,35.537663],[-105.718009,35.543322],[-105.71801,35.551222],[-105.71801,35.551371],[-105.718012,35.55245],[-105.718016,35.553264],[-105.718011,35.553705],[-105.718012,35.557753],[-105.718014,35.561507],[-105.718015,35.563732],[-105.718015,35.566179],[-105.718017,35.568688],[-105.718019,35.569553],[-105.718021,35.573871],[-105.718026,35.58304],[-105.718025,35.588689],[-105.718021,35.592309],[-105.718447,35.593724],[-105.718427,35.605585],[-105.718447,35.6244],[-105.718802,35.630841],[-105.718664,35.63421],[-105.718514,35.638163],[-105.718493,35.653206],[-105.71676,35.653216],[-105.716344,35.654204],[-105.716662,35.658744],[-105.716759,35.660126],[-105.717368,35.670547],[-105.717393,35.670927],[-105.71816,35.681361],[-105.718509,35.688109],[-105.720781,35.724464],[-105.721207,35.733654],[-105.721216,35.754739],[-105.721207,35.770784],[-105.721205,35.795353],[-105.721207,35.812112],[-105.722205,35.812087],[-105.722171,35.813185],[-105.721855,35.82431],[-105.721798,35.826447],[-105.721794,35.826598],[-105.720529,35.871185],[-105.719244,35.916842],[-105.718419,35.945568],[-105.717687,35.971337],[-105.717477,35.978741],[-105.717024,35.994632],[-105.716808,36.00232],[-105.752673,36.002274],[-105.758616,36.002219],[-105.774272,36.002144],[-105.791401,36.002174],[-105.796066,36.002175],[-105.824246,36.002169],[-105.825816,36.002169],[-105.842682,36.00216],[-105.855625,36.002139],[-105.85914,36.002136],[-105.873222,36.002151],[-105.876037,36.002148],[-105.879129,36.002138],[-105.879272,36.002138],[-105.901734,36.002123],[-105.901821,36.002123],[-105.904657,36.002126],[-105.904752,36.002126],[-105.905466,36.002127],[-105.906274,36.002128],[-105.906941,36.002129],[-105.912587,36.002135],[-105.914688,36.002136],[-105.929791,36.002072],[-105.929859,36.002074],[-105.934731,36.002131],[-105.934763,36.002131],[-105.935154,36.002129],[-105.943014,36.002091],[-105.948157,36.002115],[-105.950895,36.002148],[-105.95489,36.002135],[-105.955385,36.002135],[-105.956767,36.002131],[-105.957944,36.002131],[-105.958419,36.002131],[-105.959774,36.002123],[-105.961906,36.002114],[-105.96423,36.002102],[-105.964365,36.002102],[-105.964527,36.002111],[-105.964904,36.002101],[-105.964936,36.002101],[-105.964982,36.002101],[-105.966012,36.002099],[-105.966158,36.002098],[-105.966305,36.002098],[-105.966537,36.002098],[-105.967899,36.0021],[-105.976315,36.00209],[-105.978484,36.00209],[-105.98053,36.00209],[-105.980674,36.00209],[-105.982472,36.002088],[-105.987729,36.002084],[-105.988494,36.002083],[-106.007368,36.002058],[-106.027887,36.002075],[-106.03065,36.002075],[-106.036152,36.002055],[-106.037257,36.002055],[-106.037795,36.002054],[-106.038131,36.002054],[-106.040055,36.002049],[-106.04051,36.002047],[-106.04067,36.002046],[-106.041223,36.002045],[-106.041335,36.002045],[-106.041437,36.002045],[-106.041577,36.002045],[-106.041705,36.002044],[-106.044995,36.002035],[-106.050876,36.002019],[-106.053234,36.002013],[-106.055396,36.002009],[-106.056417,36.002008],[-106.057313,36.002008],[-106.057501,36.002007],[-106.058122,36.002007],[-106.058318,36.002007],[-106.059335,36.002006],[-106.059601,36.002006],[-106.061416,36.002005],[-106.063121,36.002003],[-106.065842,36.002001],[-106.066466,36.002],[-106.071111,36.001971],[-106.071336,35.999458],[-106.065004,35.996733],[-106.064898,35.996687],[-106.065042,35.996542],[-106.065093,35.99649],[-106.06516,35.996421],[-106.06519,35.996393],[-106.065262,35.996331],[-106.06583,35.995913],[-106.066351,35.995612],[-106.066656,35.995436],[-106.066782,35.995363],[-106.06706,35.995197],[-106.067281,35.995033],[-106.067436,35.994892],[-106.067538,35.994754],[-106.067616,35.994635],[-106.06766,35.994558],[-106.06776,35.994301],[-106.067803,35.99412],[-106.067816,35.994053],[-106.067834,35.993952],[-106.067864,35.993708],[-106.06796,35.993038],[-106.068041,35.992526],[-106.06805,35.992412],[-106.068036,35.992005],[-106.06802,35.991896],[-106.068016,35.991879],[-106.06797,35.991751],[-106.067083,35.990557],[-106.066048,35.989425],[-106.065938,35.989301],[-106.064635,35.989554],[-106.059996,35.989658],[-106.055885,35.98943],[-106.056801,35.98753],[-106.057526,35.986845],[-106.057637,35.986748],[-106.054153,35.985908],[-106.054154,35.985646],[-106.054154,35.985082],[-106.054175,35.97286],[-106.054176,35.969919],[-106.054176,35.969772],[-106.054178,35.960878],[-106.054197,35.946626],[-106.054323,35.932855],[-106.054344,35.930876],[-106.054346,35.930783],[-106.062512,35.930792],[-106.078931,35.930793],[-106.100252,35.930797],[-106.104849,35.930796],[-106.105261,35.930796],[-106.10957,35.930782],[-106.109763,35.930781],[-106.109972,35.93078],[-106.110592,35.930775],[-106.11438,35.93075],[-106.120097,35.930711],[-106.137417,35.930649],[-106.142526,35.930637],[-106.143554,35.930636],[-106.160526,35.930641],[-106.166305,35.930656],[-106.194758,35.930729],[-106.22773,35.930733],[-106.245649,35.930742],[-106.24565,35.92167],[-106.245628,35.910439],[-106.245534,35.899226],[-106.245589,35.895476],[-106.245707,35.8911],[-106.246107,35.888361],[-106.246227,35.887531],[-106.246722,35.884233],[-106.247048,35.882104],[-106.247216,35.881004],[-106.248191,35.874697],[-106.248472,35.872185],[-106.248465,35.871927],[-106.24838,35.862706],[-106.248345,35.855652],[-106.24833,35.854348],[-106.248317,35.851666],[-106.248257,35.839178],[-106.247505,35.839963],[-106.245933,35.838082],[-106.240477,35.834589],[-106.227976,35.832219],[-106.225391,35.828754],[-106.22172,35.828602],[-106.212731,35.828222],[-106.208637,35.82952],[-106.207755,35.828929],[-106.20567,35.829341],[-106.200912,35.830297],[-106.193595,35.830376],[-106.191209,35.829066],[-106.183656,35.828851],[-106.183811,35.827778],[-106.182765,35.826462],[-106.17583,35.827181],[-106.175549,35.827917],[-106.171852,35.82776],[-106.173337,35.826864],[-106.173617,35.825789],[-106.173687,35.825526],[-106.174012,35.825236],[-106.174909,35.824092],[-106.175219,35.823839],[-106.176283,35.823328],[-106.176805,35.822942],[-106.177227,35.822439],[-106.178053,35.821097],[-106.178442,35.820113],[-106.178496,35.819155],[-106.178381,35.818446],[-106.177893,35.816135],[-106.177882,35.815111],[-106.178224,35.814541],[-106.179421,35.813748],[-106.179983,35.813161],[-106.180135,35.812605],[-106.180152,35.810859],[-106.179975,35.809981],[-106.180109,35.809496],[-106.180527,35.808832],[-106.181414,35.80853],[-106.182653,35.808259],[-106.183312,35.807836],[-106.185165,35.806256],[-106.185583,35.806141],[-106.18638,35.806119],[-106.187483,35.806777],[-106.187965,35.806761],[-106.189928,35.805788],[-106.191063,35.805381],[-106.192569,35.804933],[-106.193175,35.804578],[-106.193945,35.803766],[-106.193708,35.803354],[-106.193512,35.803078],[-106.193683,35.802684],[-106.193806,35.80141],[-106.194026,35.800687],[-106.194294,35.8002],[-106.194774,35.799882],[-106.195273,35.799235],[-106.195655,35.797351],[-106.196284,35.796715],[-106.196347,35.796472],[-106.196437,35.796309],[-106.196976,35.795581],[-106.196987,35.795221],[-106.196881,35.794951],[-106.196684,35.794626],[-106.196505,35.794038],[-106.196438,35.793376],[-106.196385,35.793103],[-106.196176,35.792395],[-106.196189,35.792361],[-106.196072,35.791877],[-106.196049,35.791387],[-106.195986,35.790918],[-106.196095,35.790287],[-106.196193,35.789976],[-106.19643,35.78968],[-106.196647,35.789455],[-106.196888,35.789113],[-106.197255,35.788769],[-106.197366,35.788595],[-106.197497,35.788282],[-106.19763,35.787861],[-106.197868,35.787604],[-106.198056,35.787507],[-106.198683,35.787328],[-106.198905,35.787342],[-106.199279,35.787452],[-106.199586,35.787486],[-106.199936,35.787432],[-106.200307,35.787316],[-106.200866,35.786965],[-106.201293,35.786772],[-106.201694,35.786549],[-106.202075,35.786202],[-106.202214,35.785979],[-106.20234,35.785602],[-106.202317,35.784986],[-106.202298,35.784844],[-106.202347,35.784599],[-106.202371,35.783981],[-106.20241,35.783805],[-106.203333,35.783287],[-106.203878,35.782701],[-106.204527,35.782052],[-106.204643,35.781597],[-106.205949,35.781247],[-106.206492,35.781136],[-106.206869,35.781034],[-106.207421,35.780803],[-106.207664,35.780583],[-106.207768,35.780336],[-106.207812,35.779791],[-106.207786,35.779526],[-106.207778,35.779099],[-106.207895,35.778682],[-106.20823,35.778063],[-106.208507,35.777785],[-106.208804,35.777627],[-106.209266,35.777416],[-106.209472,35.777351],[-106.210323,35.777149],[-106.210763,35.777106],[-106.211197,35.777033],[-106.21174,35.777066],[-106.212217,35.776999],[-106.212867,35.776943],[-106.213777,35.77676],[-106.21396,35.776682],[-106.214786,35.776105],[-106.21533,35.775253],[-106.215845,35.774085],[-106.215713,35.772967],[-106.215855,35.772593],[-106.216263,35.772223],[-106.217189,35.771588],[-106.217872,35.770987],[-106.218291,35.770426],[-106.218519,35.770215],[-106.219661,35.769762],[-106.221116,35.769778],[-106.221487,35.769591],[-106.223632,35.767416],[-106.224412,35.767089],[-106.225989,35.766869],[-106.227663,35.766512],[-106.228547,35.766437],[-106.233863,35.765149],[-106.236015,35.764749],[-106.239472,35.764355],[-106.240229,35.764156],[-106.240703,35.763784],[-106.241142,35.763124],[-106.241856,35.761845],[-106.242293,35.761307],[-106.242805,35.760437],[-106.243462,35.75863],[-106.243782,35.758283],[-106.244004,35.75778],[-106.244547,35.757129],[-106.245541,35.756425],[-106.246269,35.75608],[-106.247531,35.755749],[-106.248611,35.755727],[-106.250499,35.755818],[-106.250489,35.755498],[-106.250033,35.739312],[-106.25007,35.716771],[-106.250162,35.699519],[-106.25025,35.675871],[-106.250243,35.67537],[-106.250253,35.652903],[-106.248657,35.652903],[-106.248657,35.647185],[-106.248647,35.568967],[-106.248649,35.565968],[-106.248648,35.564774],[-106.248649,35.557714],[-106.248649,35.557626],[-106.248648,35.557485],[-106.248647,35.557336],[-106.248649,35.549372],[-106.24865,35.547592],[-106.248658,35.546545],[-106.248657,35.541813],[-106.248664,35.530919],[-106.248668,35.530517],[-106.248683,35.509014],[-106.248674,35.505968],[-106.248661,35.502465],[-106.248659,35.502084],[-106.248657,35.501072],[-106.248632,35.480022],[-106.248591,35.445689],[-106.248831,35.445045],[-106.248848,35.443282],[-106.248923,35.421809],[-106.248959,35.393216],[-106.248964,35.392723],[-106.248926,35.377522],[-106.248885,35.355323],[-106.2489,35.345688],[-106.248909,35.340782],[-106.248935,35.318121],[-106.248948,35.304567],[-106.248949,35.304324],[-106.245633,35.304331],[-106.245687,35.293674],[-106.245713,35.286402],[-106.245696,35.25996],[-106.245655,35.250737],[-106.245388,35.244339],[-106.245162,35.238661],[-106.245052,35.23605],[-106.244727,35.228116],[-106.244216,35.215657],[-106.257724,35.215865],[-106.272176,35.216055],[-106.287883,35.216275],[-106.301484,35.216471],[-106.303753,35.216504],[-106.328012,35.216849],[-106.357857,35.217265],[-106.359398,35.217289],[-106.366641,35.217398],[-106.367243,35.217406],[-106.379127,35.217388],[-106.4024,35.217396],[-106.411528,35.217422],[-106.414885,35.217449],[-106.415053,35.217445],[-106.415218,35.217442],[-106.416427,35.217461],[-106.418652,35.217428],[-106.418676,35.217427],[-106.420145,35.217457],[-106.422302,35.217483],[-106.422341,35.217484],[-106.423164,35.217494],[-106.459379,35.217942],[-106.457424,35.214449],[-106.453772,35.210326],[-106.448491,35.205482],[-106.445818,35.203909],[-106.441636,35.201833],[-106.439034,35.199637],[-106.437489,35.1975],[-106.436749,35.197057],[-106.442315,35.196017],[-106.442541,35.194645],[-106.443455,35.193419],[-106.443004,35.191871],[-106.444403,35.190599],[-106.445865,35.190158],[-106.446416,35.189324],[-106.44585,35.188456],[-106.446506,35.187725],[-106.449904,35.186997],[-106.449756,35.185901],[-106.452029,35.184889],[-106.453955,35.184987],[-106.455164,35.183952],[-106.455719,35.182658],[-106.457125,35.181449],[-106.459933,35.181266],[-106.462625,35.17962],[-106.464272,35.178015],[-106.468007,35.176751],[-106.469566,35.175341],[-106.470971,35.174736],[-106.471938,35.172727],[-106.476772,35.170035],[-106.480405,35.168606],[-106.484077,35.167669],[-106.486652,35.167611],[-106.492024,35.168568],[-106.49442,35.171054],[-106.496194,35.171405],[-106.496242,35.16879],[-106.496169,35.164137],[-106.496245,35.161614],[-106.496772,35.159584],[-106.497004,35.159549],[-106.497204,35.158789],[-106.497295,35.157252],[-106.497281,35.155853],[-106.497089,35.155852],[-106.497064,35.152364],[-106.49729,35.15236],[-106.497702,35.152354],[-106.500429,35.152325],[-106.502907,35.152312],[-106.506869,35.152329],[-106.510026,35.151699],[-106.512314,35.15085],[-106.513446,35.150796],[-106.51703,35.150995],[-106.517228,35.151075],[-106.518784,35.151833],[-106.520735,35.153178],[-106.52262,35.154156],[-106.524521,35.154364],[-106.524468,35.153634],[-106.524805,35.152002],[-106.525415,35.150724],[-106.526702,35.149068],[-106.526928,35.148778],[-106.52938,35.145703],[-106.530213,35.144713],[-106.531477,35.143107],[-106.532865,35.141042],[-106.533363,35.138894],[-106.53511,35.138901],[-106.537638,35.138918],[-106.537768,35.139747],[-106.53797,35.140207],[-106.538278,35.140976],[-106.538586,35.141783],[-106.538718,35.143231],[-106.538989,35.144062],[-106.541397,35.142356],[-106.543201,35.141472],[-106.54369,35.142248],[-106.54422,35.143105],[-106.54444,35.143459],[-106.544991,35.144348],[-106.545286,35.144797],[-106.545352,35.144897],[-106.5462,35.146181],[-106.547816,35.148708],[-106.553852,35.146124],[-106.554851,35.147409],[-106.556749,35.148971],[-106.55974,35.151153],[-106.56068,35.152427],[-106.561039,35.154077],[-106.559861,35.157843],[-106.559872,35.158894],[-106.559901,35.159456],[-106.559959,35.161803],[-106.559954,35.162429],[-106.559956,35.163042],[-106.559978,35.164717],[-106.559969,35.166302],[-106.559934,35.167031],[-106.55992,35.170088],[-106.559913,35.17064],[-106.55992,35.171087],[-106.559906,35.172814],[-106.559946,35.174098],[-106.559936,35.174268],[-106.564564,35.174505],[-106.568775,35.174517],[-106.57181,35.174566],[-106.577574,35.174313],[-106.578727,35.174217],[-106.579731,35.174205],[-106.580502,35.174205],[-106.58131,35.17423],[-106.582716,35.174327],[-106.583722,35.174352],[-106.583985,35.174375],[-106.58164,35.184699],[-106.581613,35.184817],[-106.580794,35.188319],[-106.579844,35.192337],[-106.577764,35.20163],[-106.577693,35.201931],[-106.577217,35.203983],[-106.577166,35.204204],[-106.574993,35.213669],[-106.574923,35.213962],[-106.574788,35.214519],[-106.574047,35.217943],[-106.57922,35.217821],[-106.586322,35.217835],[-106.58679,35.217835],[-106.593295,35.217845],[-106.593595,35.217844],[-106.594898,35.217847],[-106.595258,35.217847],[-106.598658,35.217853],[-106.598725,35.217852],[-106.604484,35.21786],[-106.605152,35.217443],[-106.605382,35.217442],[-106.607506,35.215512],[-106.610505,35.213675],[-106.611408,35.214634],[-106.61272,35.213915],[-106.615162,35.212735],[-106.618601,35.211765],[-106.619379,35.210829],[-106.621413,35.209322],[-106.623081,35.208844],[-106.630455,35.206077],[-106.635264,35.204881],[-106.638149,35.203877],[-106.640633,35.201913],[-106.643366,35.197762],[-106.643896,35.198276],[-106.644477,35.198932],[-106.645127,35.200465],[-106.645464,35.20158],[-106.645053,35.201838],[-106.645107,35.204159],[-106.644706,35.206063],[-106.642494,35.207297],[-106.642533,35.207327],[-106.646018,35.208725],[-106.651007,35.210782],[-106.650063,35.211565],[-106.649857,35.21183],[-106.648749,35.214529],[-106.652782,35.215929],[-106.654258,35.216518],[-106.658132,35.217806],[-106.658149,35.217881],[-106.660691,35.217922],[-106.661058,35.217922],[-106.662268,35.217924],[-106.662354,35.217924],[-106.662546,35.217924],[-106.663867,35.217926],[-106.672009,35.217937],[-106.671976,35.217647],[-106.671545,35.217649],[-106.671192,35.215982],[-106.670088,35.214541],[-106.67009,35.213618],[-106.670603,35.212859],[-106.671857,35.211768],[-106.672397,35.211304],[-106.672626,35.210708],[-106.672518,35.209412],[-106.672389,35.208701],[-106.671777,35.206803],[-106.671739,35.206149],[-106.67319,35.205834],[-106.675215,35.205811],[-106.675558,35.204782],[-106.678628,35.202469],[-106.678737,35.202326],[-106.67911,35.201833],[-106.67953,35.201187],[-106.679882,35.200457],[-106.679238,35.199905],[-106.679014,35.199668],[-106.678886,35.199437],[-106.678803,35.199272],[-106.678743,35.199059],[-106.678615,35.198821],[-106.678428,35.198577],[-106.678102,35.198238],[-106.676839,35.197186],[-106.675964,35.196597],[-106.674385,35.196283],[-106.670939,35.196491],[-106.670414,35.196504],[-106.669877,35.196511],[-106.667101,35.195665],[-106.666116,35.194552],[-106.665764,35.193732],[-106.665344,35.189093],[-106.665081,35.188295],[-106.662649,35.186247],[-106.662489,35.186114],[-106.663851,35.184788],[-106.668062,35.18094],[-106.668193,35.180995],[-106.668272,35.180919],[-106.671723,35.177593],[-106.673823,35.174475],[-106.674961,35.17539],[-106.676139,35.175551],[-106.678607,35.173045],[-106.679967,35.173428],[-106.6809,35.173485],[-106.680951,35.174557],[-106.683371,35.175593],[-106.683372,35.175703],[-106.687738,35.176781],[-106.687646,35.175521],[-106.689259,35.174962],[-106.690131,35.174615],[-106.691857,35.174392],[-106.692499,35.174387],[-106.694205,35.174276],[-106.695157,35.174038],[-106.69593,35.17378],[-106.696727,35.173503],[-106.697449,35.173304],[-106.698766,35.17378],[-106.700758,35.1755],[-106.70179,35.176976],[-106.701996,35.178371],[-106.702143,35.179241],[-106.702181,35.179675],[-106.703006,35.179723],[-106.703488,35.179711],[-106.707143,35.179796],[-106.710849,35.179782],[-106.712458,35.179777],[-106.713879,35.179773],[-106.715713,35.180195],[-106.71727,35.181153],[-106.720102,35.18397],[-106.721131,35.183064],[-106.721758,35.181342],[-106.721696,35.179757],[-106.72163,35.176812],[-106.720762,35.174029],[-106.720767,35.172442],[-106.721046,35.171067],[-106.720881,35.171117],[-106.721324,35.17025],[-106.721914,35.169663],[-106.723381,35.16869],[-106.724115,35.168021],[-106.724812,35.167197],[-106.725936,35.165371],[-106.726304,35.164746],[-106.726887,35.162078],[-106.726184,35.160498],[-106.72642,35.16039],[-106.727743,35.160035],[-106.727745,35.159959],[-106.727757,35.159324],[-106.727812,35.15706],[-106.727756,35.156457],[-106.727774,35.146991],[-106.72778,35.146416],[-106.727436,35.146298],[-106.727468,35.132692],[-106.741052,35.143504],[-106.749735,35.150106],[-106.784092,35.178054],[-106.785924,35.179846],[-106.785935,35.179846],[-106.795338,35.20846],[-106.796667,35.21266],[-106.79688,35.213338],[-106.798329,35.217956],[-106.802898,35.217969],[-106.805547,35.217971],[-106.808595,35.217973],[-106.811375,35.217975],[-106.813576,35.217976],[-106.816525,35.217979],[-106.822794,35.217982],[-106.823733,35.217982],[-106.828442,35.217985],[-106.830416,35.217986],[-106.832419,35.217987],[-106.834427,35.217988],[-106.836389,35.217988],[-106.83841,35.217989],[-106.840368,35.217989],[-106.842378,35.21799],[-106.844366,35.217992],[-106.846347,35.217991],[-106.848345,35.217991],[-106.852298,35.217992],[-106.853128,35.217992],[-106.856303,35.217991],[-106.869046,35.217985],[-106.882556,35.218101],[-106.924728,35.218277],[-106.947099,35.218325],[-106.962038,35.218392],[-106.975335,35.218421],[-107.010191,35.218542],[-107.022365,35.218493],[-107.039393,35.218441],[-107.042805,35.21843],[-107.063266,35.218599],[-107.079871,35.218548],[-107.080691,35.218545],[-107.0984,35.218501],[-107.111876,35.218867],[-107.121063,35.219088],[-107.132307,35.219362],[-107.134751,35.219418],[-107.148735,35.219409],[-107.16397,35.219426],[-107.167057,35.21943],[-107.170874,35.219433],[-107.173068,35.219434],[-107.196763,35.219458],[-107.197244,35.219459],[-107.190965,35.206899],[-107.189668,35.204279],[-107.184297,35.19374],[-107.183807,35.192644],[-107.181308,35.187766],[-107.180697,35.18654],[-107.178524,35.182169],[-107.174461,35.173982],[-107.170846,35.167098],[-107.169263,35.163605],[-107.156292,35.137664],[-107.151538,35.128017],[-107.149901,35.125055],[-107.146182,35.11761],[-107.13658,35.098311],[-107.127496,35.08005],[-107.1256,35.07611],[-107.119916,35.064854],[-107.119532,35.064101],[-107.116894,35.058595],[-107.114727,35.054245],[-107.110102,35.044638],[-107.107928,35.040466],[-107.101283,35.026994],[-107.098808,35.022165],[-107.084164,34.99294],[-107.084064,34.992727],[-107.082126,34.988616],[-107.076195,34.976494],[-107.069538,34.963243],[-107.066562,34.95719],[-107.03388,34.889437],[-107.033553,34.888759],[-107.032877,34.887358],[-107.024996,34.871018],[-107.024481,34.869953],[-107.009753,34.869952],[-107.005152,34.869915],[-106.992722,34.869813],[-106.979351,34.86988],[-106.932758,34.86982],[-106.925345,34.869803],[-106.910547,34.86961],[-106.84986,34.869764],[-106.822571,34.869829],[-106.801195,34.86988],[-106.766551,34.869966],[-106.766228,34.869967],[-106.746633,34.870008],[-106.746205,34.870097],[-106.735238,34.870027],[-106.734731,34.870023],[-106.723495,34.870062],[-106.722732,34.87006],[-106.721834,34.870057],[-106.72116,34.870055],[-106.72083,34.870054],[-106.720091,34.872141],[-106.718454,34.875019],[-106.71651,34.877119],[-106.71505,34.878856],[-106.715017,34.878906],[-106.714768,34.879187],[-106.714449,34.879562],[-106.713985,34.879786],[-106.713118,34.880364],[-106.712997,34.880444],[-106.71252,34.880491],[-106.712405,34.880502],[-106.712361,34.880506],[-106.710909,34.88062],[-106.709369,34.881821],[-106.702871,34.885331],[-106.700624,34.888595],[-106.700571,34.888672],[-106.700256,34.889741],[-106.698282,34.894021],[-106.696436,34.897032],[-106.692383,34.900925],[-106.690376,34.902447],[-106.689213,34.902905],[-106.688077,34.904052],[-106.686118,34.905759],[-106.686187,34.906247],[-106.684886,34.906345],[-106.68403,34.906333],[-106.682869,34.906317],[-106.681053,34.906292]]]]}},{"type":"Feature","properties":{"id":2,"NAME":"2","TotalPop":705839,"PopDevPct":-0.00000236,"DemPct":0.45224945,"RepPct":0.53894737,"WhitePct":0.36365446,"MinorityPct":0.63634554,"BlackPct":0.02008445,"HispanicPct":0.4165927,"PacificPct":0.00230749,"AsianPct":0.01609845,"NativePct":0.20020432,"TotalVAP":537381,"Margin":-0.04775055,"color":"#ff6f6f","opacity":"0.5"},"geometry":{"type":"MultiPolygon","coordinates":[[[[-108.03346,36.999748],[-108.037842,36.999739],[-108.047368,36.999723],[-108.070777,36.999699],[-108.09111,36.999745],[-108.113105,36.999737],[-108.142236,36.999726],[-108.169159,36.999714],[-108.186675,36.999736],[-108.188709,36.999736],[-108.196446,36.999726],[-108.203202,36.999723],[-108.214867,36.99972],[-108.241985,36.999742],[-108.249629,36.999711],[-108.272565,36.999728],[-108.29762,36.999721],[-108.354399,36.999655],[-108.377949,36.999613],[-108.396079,36.999574],[-108.484002,36.999423],[-108.536413,36.999349],[-108.554999,36.999269],[-108.573844,36.999282],[-108.619112,36.99918],[-108.646006,36.999123],[-108.659221,36.999093],[-108.689895,36.999029],[-108.739043,36.99884],[-108.749603,36.99884],[-108.759657,36.998841],[-108.796017,36.998847],[-108.798422,36.998848],[-108.839216,36.998858],[-108.858272,36.998866],[-108.865258,36.998872],[-108.875317,36.998839],[-108.926151,36.998871],[-108.947047,36.998896],[-109.004747,36.998945],[-109.00511,36.998946],[-109.005316,36.998947],[-109.028264,36.998964],[-109.033804,36.998968],[-109.034069,36.998968],[-109.045172,36.998977],[-109.045228,36.990432],[-109.045234,36.981647],[-109.045212,36.958762],[-109.045278,36.951702],[-109.045285,36.93029],[-109.045297,36.898193],[-109.045307,36.875244],[-109.045388,36.872578],[-109.045378,36.866785],[-109.04533,36.856967],[-109.045271,36.841262],[-109.045328,36.827935],[-109.045332,36.82579],[-109.045361,36.820904],[-109.045327,36.806503],[-109.045392,36.796119],[-109.045356,36.77381],[-109.04536,36.769117],[-109.04537,36.758942],[-109.045397,36.743004],[-109.045379,36.703216],[-109.045439,36.671096],[-109.045512,36.645044],[-109.045501,36.625173],[-109.045543,36.613765],[-109.045542,36.60688],[-109.045526,36.588495],[-109.045558,36.550563],[-109.045591,36.529883],[-109.045595,36.527315],[-109.045661,36.473251],[-109.045692,36.454201],[-109.045709,36.423108],[-109.045751,36.40744],[-109.045766,36.375029],[-109.045765,36.363291],[-109.045734,36.354547],[-109.045809,36.333875],[-109.045811,36.328954],[-109.045799,36.322818],[-109.045784,36.314918],[-109.045815,36.311053],[-109.04582,36.294944],[-109.045841,36.280119],[-109.045877,36.258974],[-109.045907,36.241293],[-109.045928,36.231152],[-109.045935,36.215104],[-109.046005,36.212518],[-109.045994,36.199815],[-109.045987,36.192214],[-109.045986,36.191172],[-109.045984,36.189563],[-109.046086,36.16226],[-109.046108,36.141539],[-109.046108,36.141021],[-109.046109,36.140176],[-109.046123,36.112696],[-109.046181,36.087769],[-109.046203,36.079916],[-109.046193,36.071789],[-109.046168,36.05845],[-109.046081,36.010332],[-109.046067,36.002701],[-109.046045,35.97318],[-109.046,35.935825],[-109.046001,35.925803],[-109.045995,35.909317],[-109.045992,35.89299],[-109.04599,35.886612],[-109.046003,35.875495],[-109.046059,35.86639],[-109.046142,35.858966],[-109.046255,35.848869],[-109.046481,35.828685],[-109.046525,35.824609],[-109.046559,35.821627],[-109.046631,35.815365],[-109.046706,35.808837],[-109.046746,35.805336],[-109.046796,35.802696],[-109.046879,35.783723],[-109.046623,35.777236],[-109.046335,35.769972],[-109.046425,35.755494],[-109.046303,35.734576],[-109.046297,35.725139],[-109.046294,35.720532],[-109.046283,35.709291],[-109.046261,35.683537],[-109.046203,35.674119],[-109.046208,35.662183],[-109.04622,35.660596],[-109.046227,35.659732],[-109.046279,35.65274],[-109.046317,35.646792],[-109.046364,35.639486],[-109.046271,35.616495],[-109.046271,35.616378],[-109.046315,35.61],[-109.046327,35.607346],[-109.04635,35.596212],[-109.046358,35.592638],[-109.046382,35.581683],[-109.046414,35.567654],[-109.046434,35.558665],[-109.046468,35.552993],[-109.046499,35.536369],[-109.046533,35.508407],[-109.046539,35.502391],[-109.046561,35.494143],[-109.046603,35.486231],[-109.046638,35.47951],[-109.046706,35.465739],[-109.046718,35.450768],[-109.04677,35.437464],[-109.046834,35.423656],[-109.04691,35.406773],[-109.046947,35.398196],[-109.046946,35.398005],[-109.046868,35.379535],[-109.046794,35.363322],[-109.046791,35.362986],[-109.046789,35.362579],[-109.046788,35.36244],[-109.046783,35.361626],[-109.046735,35.355245],[-109.046623,35.336347],[-109.046587,35.330478],[-109.046565,35.326997],[-109.046503,35.317093],[-109.046438,35.306973],[-109.046347,35.292339],[-109.046146,35.277412],[-109.04613,35.263552],[-109.046097,35.248854],[-109.046089,35.241708],[-109.046058,35.234622],[-109.046006,35.220989],[-109.046,35.219611],[-109.045972,35.214327],[-109.045948,35.206399],[-109.046024,35.190102],[-109.046017,35.17875],[-109.046009,35.175508],[-109.046007,35.174613],[-109.045974,35.121841],[-109.045958,35.073822],[-109.046024,35.05195],[-109.045997,35.020031],[-109.045996,34.959819],[-109.045988,34.910548],[-109.046033,34.896202],[-109.045999,34.87625],[-109.046069,34.857895],[-109.046072,34.828566],[-109.0457,34.81658],[-109.045626,34.814226],[-109.046104,34.799981],[-109.045363,34.785406],[-109.046086,34.771016],[-109.046093,34.764461],[-109.046114,34.751503],[-109.04598,34.751368],[-109.046075,34.730033],[-109.046006,34.696485],[-109.045959,34.683094],[-109.046044,34.672455],[-109.046085,34.657564],[-109.046006,34.610175],[-109.046028,34.593926],[-109.046122,34.579291],[-109.046164,34.575397],[-109.046241,34.535555],[-109.046182,34.522454],[-109.046223,34.500042],[-109.046303,34.478287],[-109.046305,34.47752],[-109.046343,34.435647],[-109.046381,34.4098],[-109.046484,34.389303],[-109.046561,34.379479],[-109.046511,34.37241],[-109.04651,34.338161],[-109.046516,34.325673],[-109.046469,34.318954],[-109.046502,34.307189],[-109.046522,34.300241],[-109.046538,34.283179],[-109.046664,34.250046],[-109.046758,34.207938],[-109.046646,34.191164],[-109.046783,34.166941],[-109.046794,34.162989],[-109.046792,34.151825],[-109.046907,34.111336],[-109.046894,34.100956],[-109.046867,34.0873],[-109.04691,34.078497],[-109.04696,34.068968],[-109.046836,34.045353],[-109.046882,34.021735],[-109.047006,34.00005],[-109.046886,33.974291],[-109.046884,33.956745],[-109.046902,33.936662],[-109.046899,33.919011],[-109.046899,33.904218],[-109.046797,33.885798],[-109.046743,33.862719],[-109.046705,33.823415],[-109.046699,33.810689],[-109.046717,33.777407],[-109.046701,33.762782],[-109.046913,33.727776],[-109.046906,33.717274],[-109.046913,33.71572],[-109.046849,33.691127],[-109.046874,33.673348],[-109.047021,33.649741],[-109.047057,33.617129],[-109.047104,33.604095],[-109.047017,33.588813],[-109.046865,33.57267],[-109.047132,33.548175],[-109.047085,33.533386],[-109.047205,33.522149],[-109.047232,33.508638],[-109.04719,33.49259],[-109.046981,33.462059],[-109.046921,33.430831],[-109.047109,33.411121],[-109.047042,33.409955],[-109.047107,33.372655],[-109.04711,33.367991],[-109.047173,33.325575],[-109.047217,33.295918],[-109.047341,33.257579],[-109.04747,33.250168],[-109.047402,33.240718],[-109.047405,33.240307],[-109.047578,33.208898],[-109.047708,33.184022],[-109.047714,33.165478],[-109.047627,33.151296],[-109.047726,33.13851],[-109.047724,33.12344],[-109.047549,33.10739],[-109.047604,33.09908],[-109.047472,33.079733],[-109.047592,33.060254],[-109.047587,33.049796],[-109.047461,33.035421],[-109.047449,33.007004],[-109.047478,32.976442],[-109.047453,32.960321],[-109.047502,32.946389],[-109.047526,32.912216],[-109.047549,32.898865],[-109.047539,32.880371],[-109.047591,32.866031],[-109.047543,32.840798],[-109.047577,32.83563],[-109.047512,32.821085],[-109.047843,32.804893],[-109.047643,32.777802],[-109.047673,32.767561],[-109.047813,32.703208],[-109.047824,32.695124],[-109.047789,32.686348],[-109.047774,32.681621],[-109.047774,32.681497],[-109.047835,32.675653],[-109.047799,32.647112],[-109.047811,32.631991],[-109.047914,32.618785],[-109.04784,32.602465],[-109.047897,32.554368],[-109.047904,32.547938],[-109.047942,32.520584],[-109.048042,32.471368],[-109.048042,32.457282],[-109.047879,32.439738],[-109.047894,32.43296],[-109.047979,32.413981],[-109.047964,32.399245],[-109.048007,32.370355],[-109.047989,32.34212],[-109.048128,32.30723],[-109.048223,32.289451],[-109.048258,32.262367],[-109.048329,32.2532],[-109.048385,32.228794],[-109.048389,32.227543],[-109.04839,32.227267],[-109.048403,32.210754],[-109.048492,32.196149],[-109.048587,32.145802],[-109.048677,32.082419],[-109.048686,32.070919],[-109.048825,32.013636],[-109.048857,31.995811],[-109.048902,31.97362],[-109.048957,31.950735],[-109.04897,31.943339],[-109.048994,31.932423],[-109.049048,31.920917],[-109.049029,31.898136],[-109.049042,31.876917],[-109.049048,31.870689],[-109.049093,31.862276],[-109.049115,31.841679],[-109.049122,31.83373],[-109.049169,31.811174],[-109.049162,31.810847],[-109.049173,31.804415],[-109.049229,31.790301],[-109.049382,31.750163],[-109.049476,31.71912],[-109.049555,31.707591],[-109.049666,31.687783],[-109.049695,31.675515],[-109.049875,31.631145],[-109.049892,31.605664],[-109.049983,31.586166],[-109.04993,31.558122],[-109.05013,31.544713],[-109.050431,31.528407],[-109.050244,31.514807],[-109.050116,31.499718],[-109.050357,31.484873],[-109.05004,31.471199],[-109.050076,31.455678],[-109.050068,31.412176],[-109.050027,31.383049],[-109.050047,31.350299],[-109.050033,31.332348],[-109.035746,31.332326],[-108.962096,31.332304],[-108.919968,31.332299],[-108.902948,31.332254],[-108.861024,31.332255],[-108.851102,31.33225],[-108.813304,31.332219],[-108.78439,31.33229],[-108.756498,31.33216],[-108.750337,31.332243],[-108.732847,31.332654],[-108.715595,31.333],[-108.691634,31.333335],[-108.59876,31.333336],[-108.530228,31.33335],[-108.480178,31.333351],[-108.446068,31.333356],[-108.352734,31.333361],[-108.280122,31.333354],[-108.20847,31.333373],[-108.208468,31.42294],[-108.208478,31.545909],[-108.208466,31.56632],[-108.208482,31.618431],[-108.208477,31.68881],[-108.208491,31.717355],[-108.208484,31.783698],[-108.146151,31.783691],[-108.077723,31.783692],[-108.029523,31.783681],[-107.980845,31.78368],[-107.90601,31.783675],[-107.865857,31.783678],[-107.77404,31.783675],[-107.727007,31.783671],[-107.646056,31.783664],[-107.640253,31.783667],[-107.627934,31.783669],[-107.620553,31.783668],[-107.583504,31.783663],[-107.497208,31.783653],[-107.482798,31.783659],[-107.454444,31.78365],[-107.354556,31.783642],[-107.296793,31.783641],[-107.189177,31.78364],[-107.162069,31.783642],[-107.078879,31.783673],[-107.032961,31.783687],[-107.00056,31.783711],[-106.890177,31.783756],[-106.837335,31.783781],[-106.753586,31.78382],[-106.679731,31.783847],[-106.679532,31.783847],[-106.67612,31.783848],[-106.601789,31.783866],[-106.599577,31.783865],[-106.569311,31.783874],[-106.528047,31.783891],[-106.528124,31.784985],[-106.527061,31.788845],[-106.527672,31.790288],[-106.530362,31.792009],[-106.5318,31.791891],[-106.533111,31.792856],[-106.533937,31.795189],[-106.535431,31.797097],[-106.536005,31.798506],[-106.538377,31.800415],[-106.542127,31.802068],[-106.542668,31.802528],[-106.543245,31.802847],[-106.543763,31.803201],[-106.544246,31.803581],[-106.544508,31.803906],[-106.544643,31.804158],[-106.544942,31.804548],[-106.545719,31.805443],[-106.546465,31.806512],[-106.54714,31.807299],[-106.549061,31.807749],[-106.551237,31.8082],[-106.558444,31.810405],[-106.560579,31.810686],[-106.560841,31.810725],[-106.562951,31.811105],[-106.56341,31.812736],[-106.566472,31.813433],[-106.56904,31.811709],[-106.570702,31.810393],[-106.571666,31.810236],[-106.576413,31.810396],[-106.576563,31.810305],[-106.577244,31.810406],[-106.581345,31.813901],[-106.582038,31.815292],[-106.585932,31.819741],[-106.588051,31.822108],[-106.593132,31.824532],[-106.593825,31.824898],[-106.598355,31.82476],[-106.601234,31.824927],[-106.602806,31.825018],[-106.605297,31.82772],[-106.604637,31.830813],[-106.603841,31.832999],[-106.603449,31.835859],[-106.602787,31.83753],[-106.601446,31.839597],[-106.601695,31.84437],[-106.605279,31.845977],[-106.606141,31.846201],[-106.60773,31.846524],[-106.61139,31.846575],[-106.61281,31.846486],[-106.615078,31.846671],[-106.617767,31.84907],[-106.621074,31.852022],[-106.622102,31.85325],[-106.623933,31.854705],[-106.625773,31.856165],[-106.626118,31.856988],[-106.62746,31.860158],[-106.628173,31.86112],[-106.631999,31.863718],[-106.633798,31.864881],[-106.63592,31.866233],[-106.635892,31.871504],[-106.634923,31.874334],[-106.631374,31.878847],[-106.63127,31.878999],[-106.63009,31.881057],[-106.629191,31.883699],[-106.630295,31.885832],[-106.632966,31.88844],[-106.635499,31.890141],[-106.639391,31.892121],[-106.642382,31.892769],[-106.645295,31.894858],[-106.645604,31.896394],[-106.645478,31.898669],[-106.643952,31.900938],[-106.640839,31.904599],[-106.639491,31.905677],[-106.637935,31.906711],[-106.634756,31.908953],[-106.633504,31.909872],[-106.633456,31.90989],[-106.628933,31.911072],[-106.625568,31.912432],[-106.624868,31.913027],[-106.620071,31.916634],[-106.619938,31.916748],[-106.618751,31.917795],[-106.616146,31.917303],[-106.614832,31.918369],[-106.612865,31.920372],[-106.614194,31.92098],[-106.615621,31.921629],[-106.616574,31.92182],[-106.617995,31.922095],[-106.622117,31.924713],[-106.62442,31.925381],[-106.627578,31.924051],[-106.628654,31.923608],[-106.629742,31.926567],[-106.628569,31.927641],[-106.625339,31.930031],[-106.624187,31.931654],[-106.623399,31.932841],[-106.622117,31.936324],[-106.622218,31.937861],[-106.622371,31.940863],[-106.623659,31.94551],[-106.618229,31.947363],[-106.615253,31.948965],[-106.614321,31.951615],[-106.614375,31.955991],[-106.617707,31.956008],[-106.622818,31.952891],[-106.625123,31.95453],[-106.625479,31.957636],[-106.624298,31.961056],[-106.621826,31.96245],[-106.621523,31.962702],[-106.620453,31.963403],[-106.619371,31.964777],[-106.619178,31.965449],[-106.618745,31.966955],[-106.619569,31.971577],[-106.621841,31.972918],[-106.623186,31.972918],[-106.626224,31.970892],[-106.630102,31.971258],[-106.630495,31.971568],[-106.631503,31.972364],[-106.635668,31.975343],[-106.63756,31.976475],[-106.638193,31.976824],[-106.639536,31.980343],[-106.639059,31.981097],[-106.636699,31.985359],[-106.636497,31.985711],[-106.631386,31.989651],[-106.63012,31.989999],[-106.629402,31.99013],[-106.628539,31.990253],[-106.623568,31.990998],[-106.622452,31.992015],[-106.619449,31.994735],[-106.618592,31.999903],[-106.618648,31.999928],[-106.618486,32.000495],[-106.609798,32.000605],[-106.607004,32.000638],[-106.606577,32.000646],[-106.60605,32.000651],[-106.605184,32.000659],[-106.604384,32.000669],[-106.603538,32.000679],[-106.602726,32.000687],[-106.598587,32.000694],[-106.596935,32.000695],[-106.595292,32.000672],[-106.593563,32.000683],[-106.591889,32.000687],[-106.590119,32.000694],[-106.588657,32.000719],[-106.587822,32.000716],[-106.583401,32.000722],[-106.582894,32.000715],[-106.582678,32.000714],[-106.582639,32.000705],[-106.582132,32.000718],[-106.564212,32.000757],[-106.517061,32.00076],[-106.502534,32.000945],[-106.480968,32.00105],[-106.462777,32.001119],[-106.443916,32.001188],[-106.443521,32.001199],[-106.42822,32.0013],[-106.41109,32.00136],[-106.408964,32.001381],[-106.394127,32.001449],[-106.377165,32.001168],[-106.377174,32.001503],[-106.360961,32.001529],[-106.357979,32.001536],[-106.343522,32.00157],[-106.338843,32.001582],[-106.327378,32.001616],[-106.326503,32.001621],[-106.326086,32.001618],[-106.323659,32.001625],[-106.32337,32.001631],[-106.323145,32.001631],[-106.278103,32.001771],[-106.203186,32.002134],[-106.143872,32.002451],[-106.134929,32.002487],[-106.118728,32.002572],[-106.099734,32.002646],[-106.083063,32.00265],[-106.002776,32.002392],[-105.943066,32.0022],[-105.900692,32.002044],[-105.854253,32.001901],[-105.784398,32.001637],[-105.72757,32.001506],[-105.710398,32.001459],[-105.675781,32.001381],[-105.652331,32.001331],[-105.609201,32.001218],[-105.563385,32.001105],[-105.484668,32.000887],[-105.410495,32.000685],[-105.390346,32.000627],[-105.339807,32.000509],[-105.309544,32.000405],[-105.245188,32.000207],[-105.224005,32.000191],[-105.201386,32.000211],[-105.18218,32.000227],[-105.150653,32.00023],[-105.133296,32.000298],[-105.107598,32.000403],[-105.082022,32.000495],[-105.063632,32.000492],[-105.004449,32.000428],[-104.980216,32.00044],[-104.955325,32.000435],[-104.926938,32.000417],[-104.906227,32.000417],[-104.88064,32.000426],[-104.868766,32.000416],[-104.84774,32.000415],[-104.847757,32.000655],[-104.847777,32.00641],[-104.847747,32.019911],[-104.847723,32.072245],[-104.847751,32.093997],[-104.847766,32.102068],[-104.847894,32.118661],[-104.847921,32.123442],[-104.847913,32.137187],[-104.847897,32.146778],[-104.847883,32.147737],[-104.847951,32.163265],[-104.848068,32.190411],[-104.847917,32.190834],[-104.847918,32.196379],[-104.847845,32.200763],[-104.847839,32.202632],[-104.847674,32.22291],[-104.847667,32.223831],[-104.847655,32.225011],[-104.847659,32.235361],[-104.847637,32.253497],[-104.851279,32.253489],[-104.851355,32.273293],[-104.851399,32.282372],[-104.851486,32.294203],[-104.851556,32.3025],[-104.851654,32.315382],[-104.851702,32.326028],[-104.851727,32.335136],[-104.851739,32.342664],[-104.851701,32.366935],[-104.851654,32.38618],[-104.851629,32.397448],[-104.8516,32.412609],[-104.85158,32.427524],[-104.851578,32.460082],[-104.851561,32.469772],[-104.851566,32.484301],[-104.851559,32.500803],[-104.851539,32.514398],[-104.851537,32.520505],[-104.851524,32.520541],[-104.874721,32.520574],[-104.90287,32.5206],[-104.910568,32.520588],[-104.920502,32.520617],[-104.940688,32.520624],[-104.966301,32.520613],[-104.978549,32.520633],[-105.01431,32.520669],[-105.035689,32.5207],[-105.053168,32.52071],[-105.110483,32.520694],[-105.12276,32.520701],[-105.125529,32.520716],[-105.148053,32.520708],[-105.149278,32.520722],[-105.149278,32.518854],[-105.1504,32.518853],[-105.162796,32.518854],[-105.164317,32.518854],[-105.186218,32.518859],[-105.224357,32.518852],[-105.241584,32.51883],[-105.252007,32.518811],[-105.325973,32.518777],[-105.336299,32.518773],[-105.338217,32.518772],[-105.338641,32.518772],[-105.35401,32.518776],[-105.353918,32.53417],[-105.353738,32.552724],[-105.353652,32.56289],[-105.353562,32.577371],[-105.35357,32.577745],[-105.353547,32.58453],[-105.35344,32.604736],[-105.351981,32.604763],[-105.351989,32.606463],[-105.352043,32.616203],[-105.352048,32.617002],[-105.352123,32.647809],[-105.352278,32.662295],[-105.352238,32.678528],[-105.352343,32.707057],[-105.352201,32.721097],[-105.352205,32.727482],[-105.35221,32.730126],[-105.352239,32.748813],[-105.352226,32.765525],[-105.352275,32.780339],[-105.35223,32.793152],[-105.352205,32.809516],[-105.35161,32.825134],[-105.351348,32.830848],[-105.350996,32.83845],[-105.351234,32.84233],[-105.351978,32.854312],[-105.352254,32.866628],[-105.352295,32.86822],[-105.352393,32.900421],[-105.352403,32.913575],[-105.352405,32.914081],[-105.352424,32.942827],[-105.352465,32.9517],[-105.352513,32.962007],[-105.336639,32.962024],[-105.320981,32.962087],[-105.316047,32.9621],[-105.316062,32.977408],[-105.316256,33.001758],[-105.316224,33.002719],[-105.316471,33.021413],[-105.316576,33.048423],[-105.316704,33.060786],[-105.316746,33.077955],[-105.316968,33.132303],[-105.30928,33.132289],[-105.282428,33.1323],[-105.278219,33.132286],[-105.265315,33.132241],[-105.229528,33.131999],[-105.214629,33.131988],[-105.194241,33.131825],[-105.162454,33.131862],[-105.142986,33.131763],[-105.12508,33.13182],[-105.108621,33.131742],[-105.100803,33.133394],[-105.090314,33.133771],[-105.084128,33.133951],[-105.074892,33.134208],[-105.057533,33.134242],[-105.04553,33.134231],[-105.006481,33.134401],[-105.006511,33.138879],[-104.969104,33.13889],[-104.951668,33.138893],[-104.905482,33.138903],[-104.905424,33.138904],[-104.90542,33.149206],[-104.905441,33.198708],[-104.905431,33.22094],[-104.903847,33.22094],[-104.903852,33.242175],[-104.903851,33.264547],[-104.903849,33.287998],[-104.903838,33.305904],[-104.88513,33.305827],[-104.885156,33.326063],[-104.885177,33.334881],[-104.885349,33.344233],[-104.885405,33.34731],[-104.885451,33.349871],[-104.885189,33.369035],[-104.885196,33.369244],[-104.885107,33.38731],[-104.885088,33.393271],[-104.892433,33.398199],[-104.892428,33.409098],[-104.892417,33.438266],[-104.89238,33.451048],[-104.892344,33.461022],[-104.892278,33.47802],[-104.892281,33.48067],[-104.892299,33.487111],[-104.892314,33.493628],[-104.892204,33.505989],[-104.892098,33.53383],[-104.892098,33.53437],[-104.892104,33.549535],[-104.892121,33.554771],[-104.892168,33.566376],[-104.892074,33.591208],[-104.892056,33.594681],[-104.891983,33.611279],[-104.891999,33.638029],[-104.891953,33.654227],[-104.891837,33.664177],[-104.891828,33.664794],[-104.891534,33.691032],[-104.891415,33.710267],[-104.891156,33.735716],[-104.891091,33.741916],[-104.891096,33.762972],[-104.891107,33.79405],[-104.891099,33.808857],[-104.89109,33.822258],[-104.891596,33.823131],[-104.89236,33.824431],[-104.894573,33.82443],[-104.894606,33.841983],[-104.894612,33.854277],[-104.894625,33.865616],[-104.894668,33.879382],[-104.894743,33.894546],[-104.894829,33.911786],[-104.894779,33.915043],[-104.894712,33.918835],[-104.894291,33.949106],[-104.894117,33.967633],[-104.894017,33.982927],[-104.893862,34.010121],[-104.893845,34.029821],[-104.893781,34.039236],[-104.893726,34.047586],[-104.893574,34.073246],[-104.893377,34.088407],[-104.893373,34.089075],[-104.893151,34.125336],[-104.89315,34.125633],[-104.893124,34.130586],[-104.892931,34.160662],[-104.892705,34.200525],[-104.89262,34.217001],[-104.892619,34.217458],[-104.892547,34.232791],[-104.892409,34.259919],[-104.892269,34.259919],[-104.892175,34.275259],[-104.891853,34.328728],[-104.89185,34.330104],[-104.891745,34.347043],[-104.892159,34.347141],[-104.899776,34.347146],[-104.908442,34.347149],[-104.914666,34.347151],[-104.971917,34.347183],[-104.972213,34.347185],[-104.997666,34.347199],[-105.050121,34.347171],[-105.067783,34.347163],[-105.084239,34.347245],[-105.103259,34.347401],[-105.12034,34.347435],[-105.15063,34.347437],[-105.172745,34.347431],[-105.204925,34.347376],[-105.225835,34.347152],[-105.241696,34.347209],[-105.260761,34.347289],[-105.287689,34.347249],[-105.313072,34.347205],[-105.312707,34.354046],[-105.313009,34.361769],[-105.312922,34.376294],[-105.312944,34.382766],[-105.312953,34.405627],[-105.312948,34.410133],[-105.312891,34.435578],[-105.312891,34.43647],[-105.312847,34.46329],[-105.312825,34.488521],[-105.312798,34.499088],[-105.312703,34.507199],[-105.312762,34.514345],[-105.312745,34.537454],[-105.312729,34.556998],[-105.312745,34.572892],[-105.312779,34.593325],[-105.312777,34.59347],[-105.312777,34.598229],[-105.312765,34.606951],[-105.302951,34.606869],[-105.290396,34.606766],[-105.290354,34.635775],[-105.290234,34.657272],[-105.290266,34.689129],[-105.290269,34.694387],[-105.290125,34.725116],[-105.290178,34.729432],[-105.290286,34.73811],[-105.290477,34.752631],[-105.290488,34.781954],[-105.290435,34.793636],[-105.290378,34.796562],[-105.290418,34.810852],[-105.290422,34.8123],[-105.290462,34.825674],[-105.290538,34.85049],[-105.290567,34.880831],[-105.290931,34.915992],[-105.291104,34.927684],[-105.291242,34.942817],[-105.291294,34.952905],[-105.291306,34.955071],[-105.29085,34.955071],[-105.29087,34.991237],[-105.290869,34.991447],[-105.290844,35.004451],[-105.290828,35.013072],[-105.290788,35.031139],[-105.290791,35.04203],[-105.316743,35.041867],[-105.326189,35.041825],[-105.359364,35.041855],[-105.374781,35.041956],[-105.388574,35.041959],[-105.39687,35.041934],[-105.435438,35.041935],[-105.440309,35.041914],[-105.476254,35.041869],[-105.50092,35.04181],[-105.509876,35.041786],[-105.551844,35.041713],[-105.572238,35.041724],[-105.590494,35.041694],[-105.609064,35.04173],[-105.622231,35.041689],[-105.626925,35.041691],[-105.651706,35.041672],[-105.677962,35.041641],[-105.682848,35.041633],[-105.714419,35.041605],[-105.714871,35.041604],[-105.749885,35.041426],[-105.758965,35.041411],[-105.782294,35.041328],[-105.800191,35.041252],[-105.815706,35.041231],[-105.833978,35.041224],[-105.840882,35.041214],[-105.873153,35.04124],[-105.906908,35.041154],[-105.908599,35.041143],[-105.926128,35.041137],[-105.92618,35.041138],[-105.943901,35.04112],[-105.949818,35.041124],[-105.961636,35.041102],[-105.979684,35.041065],[-106.016987,35.040717],[-106.02137,35.040704],[-106.029524,35.040678],[-106.050053,35.040686],[-106.067678,35.040643],[-106.075253,35.040623],[-106.075689,35.040621],[-106.076905,35.040617],[-106.09599,35.040575],[-106.102992,35.040561],[-106.105451,35.040556],[-106.123307,35.040537],[-106.124996,35.040535],[-106.129163,35.040532],[-106.130416,35.040531],[-106.130503,35.040531],[-106.130734,35.040532],[-106.13163,35.040531],[-106.132485,35.040531],[-106.139926,35.040514],[-106.153481,35.040411],[-106.156241,35.040404],[-106.161731,35.040371],[-106.167269,35.040354],[-106.171657,35.040344],[-106.173868,35.040333],[-106.191351,35.040256],[-106.19165,35.040252],[-106.194713,35.040256],[-106.195865,35.040225],[-106.197966,35.040185],[-106.19843,35.040182],[-106.201295,35.040202],[-106.201465,35.040201],[-106.226342,35.040146],[-106.232472,35.040103],[-106.234049,35.04009],[-106.238957,35.040047],[-106.239916,35.040042],[-106.243874,35.040003],[-106.243855,35.025581],[-106.243802,35.017833],[-106.24372,35.012205],[-106.24373,34.996658],[-106.243763,34.989273],[-106.243794,34.982273],[-106.243737,34.970597],[-106.243739,34.962188],[-106.243762,34.953355],[-106.239264,34.953375],[-106.234775,34.953394],[-106.23238,34.953349],[-106.207963,34.953303],[-106.201411,34.953292],[-106.189258,34.953282],[-106.185158,34.953373],[-106.162657,34.953418],[-106.158283,34.953424],[-106.156793,34.953426],[-106.149828,34.953462],[-106.14982,34.949915],[-106.14982,34.94982],[-106.149852,34.929314],[-106.149886,34.919756],[-106.149886,34.919628],[-106.149889,34.91902],[-106.149802,34.912777],[-106.149709,34.906044],[-106.149702,34.898051],[-106.149733,34.889864],[-106.149741,34.875049],[-106.149737,34.870142],[-106.15815,34.87017],[-106.16623,34.87017],[-106.181442,34.870171],[-106.188195,34.870174],[-106.188201,34.869277],[-106.189094,34.869277],[-106.19766,34.869283],[-106.22166,34.869428],[-106.228613,34.869477],[-106.281045,34.869841],[-106.283989,34.869862],[-106.328784,34.87017],[-106.336409,34.870223],[-106.336717,34.870299],[-106.347516,34.870272],[-106.360659,34.870331],[-106.373193,34.870338],[-106.373842,34.870342],[-106.386447,34.870343],[-106.411781,34.870252],[-106.418418,34.870189],[-106.440968,34.87016],[-106.463868,34.870194],[-106.463913,34.867019],[-106.463951,34.864502],[-106.464443,34.835902],[-106.464547,34.826765],[-106.464551,34.814396],[-106.464546,34.810517],[-106.464557,34.807955],[-106.46785,34.807248],[-106.472056,34.805924],[-106.472809,34.805433],[-106.474624,34.805395],[-106.477048,34.805997],[-106.479344,34.806154],[-106.482101,34.805662],[-106.483338,34.804997],[-106.485199,34.804931],[-106.489032,34.803722],[-106.489541,34.803002],[-106.493209,34.802418],[-106.495225,34.801709],[-106.496455,34.800376],[-106.498361,34.799663],[-106.500489,34.798426],[-106.505426,34.797363],[-106.506479,34.796929],[-106.51023,34.796491],[-106.516807,34.794779],[-106.521278,34.794187],[-106.523276,34.794232],[-106.530586,34.792876],[-106.535155,34.792605],[-106.535236,34.797509],[-106.546103,34.797448],[-106.569695,34.797559],[-106.573624,34.797577],[-106.580314,34.797558],[-106.584305,34.797566],[-106.587077,34.79748],[-106.587334,34.800439],[-106.588605,34.799392],[-106.595955,34.799275],[-106.604659,34.799286],[-106.604652,34.804724],[-106.604668,34.80838],[-106.606067,34.808378],[-106.606131,34.811113],[-106.61345,34.811175],[-106.622131,34.811169],[-106.62742,34.81112],[-106.627472,34.808418],[-106.628934,34.80841],[-106.629789,34.808394],[-106.631114,34.808388],[-106.631097,34.811163],[-106.636578,34.811118],[-106.653959,34.811192],[-106.659203,34.8112],[-106.667647,34.811213],[-106.667254,34.815433],[-106.66745,34.815466],[-106.666793,34.819792],[-106.664218,34.83524],[-106.664073,34.83616],[-106.667489,34.836472],[-106.667202,34.838456],[-106.664622,34.838491],[-106.665574,34.842362],[-106.663057,34.842351],[-106.662748,34.84417],[-106.665807,34.844609],[-106.669924,34.844672],[-106.67029,34.844668],[-106.670494,34.845081],[-106.672562,34.844925],[-106.676423,34.843848],[-106.679956,34.843706],[-106.680837,34.844824],[-106.681401,34.845443],[-106.683043,34.846914],[-106.684126,34.848184],[-106.684209,34.848419],[-106.684453,34.848453],[-106.684639,34.85033],[-106.685077,34.852879],[-106.685257,34.854764],[-106.686231,34.857232],[-106.686478,34.858035],[-106.688445,34.86522],[-106.686124,34.868051],[-106.685572,34.869165],[-106.685229,34.869788],[-106.684897,34.870397],[-106.684847,34.870488],[-106.684489,34.871145],[-106.684603,34.871144],[-106.68519,34.871145],[-106.691277,34.8711],[-106.692564,34.871094],[-106.695879,34.871097],[-106.695923,34.871097],[-106.696453,34.8711],[-106.696727,34.871101],[-106.701746,34.871112],[-106.702949,34.871116],[-106.703113,34.871117],[-106.704022,34.871113],[-106.706161,34.871154],[-106.707238,34.871136],[-106.717206,34.871177],[-106.717366,34.870709],[-106.720049,34.872125],[-106.720091,34.872141],[-106.72083,34.870054],[-106.72116,34.870055],[-106.721834,34.870057],[-106.722732,34.87006],[-106.723495,34.870062],[-106.734731,34.870023],[-106.735238,34.870027],[-106.746205,34.870097],[-106.746633,34.870008],[-106.766228,34.869967],[-106.766551,34.869966],[-106.801195,34.86988],[-106.822571,34.869829],[-106.84986,34.869764],[-106.910547,34.86961],[-106.925345,34.869803],[-106.932758,34.86982],[-106.979351,34.86988],[-106.992722,34.869813],[-107.005152,34.869915],[-107.009753,34.869952],[-107.024481,34.869953],[-107.024996,34.871018],[-107.032877,34.887358],[-107.033553,34.888759],[-107.03388,34.889437],[-107.066562,34.95719],[-107.069538,34.963243],[-107.076195,34.976494],[-107.082126,34.988616],[-107.084064,34.992727],[-107.084164,34.99294],[-107.098808,35.022165],[-107.101283,35.026994],[-107.107928,35.040466],[-107.110102,35.044638],[-107.114727,35.054245],[-107.116894,35.058595],[-107.119532,35.064101],[-107.119916,35.064854],[-107.1256,35.07611],[-107.127496,35.08005],[-107.13658,35.098311],[-107.146182,35.11761],[-107.149901,35.125055],[-107.151538,35.128017],[-107.156292,35.137664],[-107.169263,35.163605],[-107.170846,35.167098],[-107.174461,35.173982],[-107.178524,35.182169],[-107.180697,35.18654],[-107.181308,35.187766],[-107.183807,35.192644],[-107.184297,35.19374],[-107.189668,35.204279],[-107.190965,35.206899],[-107.197244,35.219459],[-107.206858,35.239233],[-107.208751,35.243235],[-107.210389,35.246595],[-107.211025,35.247946],[-107.219216,35.264838],[-107.22224,35.271105],[-107.225988,35.278856],[-107.234134,35.295692],[-107.23889,35.305507],[-107.271999,35.305614],[-107.304152,35.305681],[-107.305682,35.305685],[-107.309386,35.305687],[-107.309638,35.335788],[-107.309755,35.349889],[-107.310301,35.415544],[-107.310336,35.419535],[-107.306122,35.41906],[-107.306286,35.431309],[-107.306689,35.460971],[-107.306809,35.469623],[-107.307053,35.481761],[-107.307775,35.505365],[-107.308025,35.52078],[-107.30803,35.521153],[-107.308031,35.525709],[-107.307807,35.527911],[-107.307814,35.538071],[-107.307864,35.583477],[-107.30835,35.583474],[-107.308317,35.610283],[-107.308394,35.654668],[-107.308408,35.66042],[-107.308411,35.667675],[-107.308414,35.674916],[-107.308422,35.682836],[-107.308506,35.697104],[-107.30852,35.700608],[-107.308559,35.711597],[-107.308587,35.718285],[-107.308603,35.724319],[-107.308619,35.725989],[-107.308703,35.739997],[-107.308706,35.740943],[-107.308647,35.754731],[-107.308638,35.765677],[-107.308624,35.784089],[-107.308615,35.796198],[-107.308612,35.80034],[-107.308611,35.801604],[-107.308604,35.810887],[-107.308603,35.811717],[-107.308598,35.818173],[-107.308592,35.826308],[-107.308575,35.846893],[-107.308576,35.847735],[-107.30858,35.856639],[-107.308581,35.857862],[-107.308579,35.860988],[-107.308579,35.861515],[-107.30855,35.868987],[-107.308458,35.874346],[-107.308621,35.875019],[-107.308624,35.88539],[-107.308634,35.892423],[-107.308641,35.906813],[-107.30864,35.912759],[-107.308644,35.922387],[-107.308646,35.926306],[-107.308645,35.933578],[-107.308645,35.940649],[-107.308643,35.941519],[-107.308648,35.950899],[-107.308646,35.955186],[-107.308647,35.957524],[-107.308653,35.969823],[-107.308654,35.981141],[-107.308661,35.983229],[-107.308664,35.985502],[-107.30866,35.991975],[-107.308667,35.998556],[-107.31468,35.9986],[-107.315333,35.998604],[-107.340319,35.998785],[-107.345,35.998819],[-107.394003,35.999166],[-107.413625,35.999314],[-107.425787,35.999403],[-107.430269,35.999436],[-107.439766,35.999504],[-107.447256,35.999559],[-107.467275,35.999724],[-107.49675,35.999892],[-107.501367,35.999923],[-107.514755,36.000025],[-107.516015,36.000029],[-107.531688,36.000143],[-107.537398,36.000185],[-107.545626,36.000219],[-107.557015,36.000256],[-107.562446,36.000257],[-107.576825,36.000261],[-107.585069,36.000265],[-107.590152,36.000268],[-107.606493,36.000283],[-107.609311,36.000284],[-107.616905,36.000287],[-107.626418,36.000288],[-107.626511,36.000288],[-107.626484,36.005928],[-107.626403,36.025895],[-107.626385,36.030419],[-107.62636,36.036858],[-107.626297,36.054933],[-107.626279,36.059118],[-107.62626,36.062638],[-107.626226,36.073519],[-107.626217,36.07388],[-107.626154,36.088466],[-107.62506,36.121599],[-107.624701,36.132405],[-107.624699,36.132465],[-107.624697,36.132599],[-107.624691,36.145331],[-107.624629,36.154241],[-107.62457,36.161493],[-107.624451,36.169514],[-107.624385,36.176037],[-107.624342,36.190685],[-107.624328,36.198123],[-107.624314,36.205212],[-107.624283,36.219809],[-107.624272,36.22707],[-107.624235,36.248164],[-107.624234,36.249045],[-107.624233,36.249806],[-107.62423,36.256542],[-107.624228,36.263473],[-107.624228,36.264086],[-107.624244,36.271753],[-107.624254,36.278023],[-107.624416,36.284805],[-107.624423,36.285136],[-107.624764,36.29944],[-107.624969,36.308023],[-107.624977,36.308382],[-107.625542,36.332528],[-107.625951,36.349888],[-107.625288,36.349875],[-107.624608,36.36735],[-107.624192,36.37793],[-107.623628,36.393797],[-107.624174,36.401884],[-107.625439,36.420393],[-107.625549,36.421993],[-107.625682,36.423922],[-107.626537,36.436305],[-107.626385,36.44839],[-107.626109,36.468746],[-107.625778,36.493207],[-107.625646,36.526079],[-107.625587,36.532777],[-107.625551,36.538324],[-107.625544,36.561694],[-107.625541,36.565871],[-107.625231,36.580549],[-107.624748,36.588275],[-107.624272,36.595893],[-107.623337,36.610969],[-107.623356,36.617386],[-107.623371,36.62316],[-107.623406,36.626953],[-107.623406,36.645141],[-107.623421,36.670937],[-107.623419,36.675344],[-107.619387,36.675348],[-107.619381,36.676333],[-107.61926,36.693091],[-107.619075,36.708463],[-107.618903,36.718678],[-107.618822,36.732684],[-107.618663,36.74689],[-107.618314,36.761417],[-107.6183,36.767875],[-107.618298,36.768367],[-107.618294,36.769969],[-107.618291,36.771099],[-107.618283,36.773817],[-107.61823,36.793372],[-107.61821,36.797734],[-107.618189,36.802368],[-107.618181,36.804267],[-107.614426,36.800578],[-107.612778,36.799901],[-107.612511,36.799803],[-107.612511,36.799817],[-107.610519,36.799086],[-107.609726,36.798563],[-107.606829,36.798117],[-107.605517,36.798039],[-107.604075,36.798526],[-107.603445,36.799002],[-107.603176,36.799608],[-107.603187,36.800244],[-107.60363,36.800792],[-107.605698,36.802651],[-107.606211,36.803577],[-107.607166,36.804986],[-107.60773,36.806162],[-107.607862,36.807105],[-107.607845,36.808024],[-107.607653,36.808585],[-107.607198,36.809912],[-107.606488,36.810897],[-107.605778,36.811326],[-107.604887,36.811529],[-107.603133,36.811306],[-107.601658,36.810817],[-107.599683,36.810313],[-107.597198,36.81014],[-107.594312,36.810282],[-107.593312,36.810865],[-107.592592,36.811882],[-107.591754,36.81331],[-107.591584,36.813811],[-107.591977,36.814673],[-107.594715,36.815901],[-107.595867,36.81544],[-107.597039,36.81522],[-107.598642,36.815217],[-107.599805,36.815287],[-107.600287,36.815891],[-107.600539,36.816665],[-107.600442,36.817866],[-107.600675,36.818866],[-107.601157,36.819647],[-107.60132,36.820767],[-107.601002,36.82205],[-107.598924,36.824754],[-107.598375,36.825699],[-107.598738,36.826891],[-107.599683,36.828212],[-107.600066,36.828993],[-107.600067,36.829356],[-107.60041,36.830218],[-107.600361,36.831032],[-107.599874,36.832525],[-107.599154,36.833421],[-107.597983,36.834302],[-107.596369,36.834233],[-107.594215,36.83476],[-107.592853,36.835303],[-107.591803,36.836272],[-107.58958,36.837195],[-107.587854,36.836707],[-107.58692,36.835813],[-107.58362,36.834964],[-107.581664,36.834629],[-107.579961,36.835124],[-107.578392,36.837319],[-107.577773,36.838522],[-107.575473,36.841444],[-107.573078,36.8419],[-107.572277,36.842328],[-107.571094,36.842306],[-107.569801,36.842413],[-107.568569,36.843237],[-107.566978,36.844393],[-107.565687,36.845991],[-107.565219,36.847306],[-107.565228,36.848925],[-107.565233,36.849636],[-107.565926,36.85053],[-107.566188,36.851223],[-107.566119,36.851908],[-107.565419,36.852724],[-107.564068,36.853911],[-107.561675,36.855753],[-107.559359,36.856724],[-107.557916,36.857024],[-107.556763,36.857123],[-107.556011,36.857092],[-107.555005,36.855844],[-107.554923,36.854611],[-107.554088,36.853016],[-107.552411,36.851614],[-107.550425,36.850827],[-107.548358,36.849863],[-107.547415,36.849324],[-107.546232,36.849124],[-107.544378,36.849417],[-107.542655,36.850677],[-107.542417,36.851805],[-107.540936,36.854274],[-107.539705,36.855582],[-107.539064,36.855744],[-107.536625,36.855071],[-107.533255,36.854398],[-107.532413,36.854318],[-107.53165,36.853723],[-107.530648,36.853869],[-107.529846,36.854354],[-107.529929,36.856378],[-107.530462,36.857111],[-107.530082,36.858118],[-107.530003,36.858892],[-107.530377,36.860946],[-107.529728,36.86255],[-107.529389,36.864082],[-107.528751,36.866066],[-107.527931,36.867976],[-107.523804,36.872346],[-107.523384,36.873978],[-107.522995,36.875005],[-107.522919,36.875468],[-107.521836,36.875708],[-107.520895,36.876061],[-107.519604,36.876715],[-107.517607,36.878003],[-107.516706,36.878436],[-107.515842,36.878466],[-107.514661,36.877964],[-107.512908,36.877392],[-107.509933,36.876328],[-107.50716,36.875005],[-107.50483,36.875267],[-107.504714,36.875825],[-107.504789,36.878619],[-107.504384,36.881618],[-107.503386,36.882407],[-107.502112,36.882584],[-107.501084,36.882227],[-107.500605,36.881656],[-107.499311,36.878356],[-107.496638,36.876668],[-107.49414,36.876237],[-107.492594,36.876798],[-107.491349,36.879097],[-107.490529,36.880902],[-107.490948,36.881624],[-107.490714,36.882118],[-107.489841,36.882786],[-107.487955,36.88343],[-107.484506,36.885586],[-107.48347,36.886925],[-107.481895,36.888389],[-107.480821,36.889905],[-107.479212,36.891184],[-107.476818,36.89383],[-107.475546,36.894671],[-107.473438,36.895059],[-107.470211,36.893801],[-107.465436,36.895065],[-107.463898,36.895953],[-107.462641,36.896868],[-107.461729,36.89743],[-107.461098,36.89767],[-107.460625,36.897403],[-107.45943,36.897129],[-107.457923,36.897592],[-107.456967,36.898075],[-107.456642,36.898594],[-107.45655,36.900183],[-107.455743,36.901423],[-107.45473,36.902197],[-107.453536,36.902948],[-107.451445,36.904036],[-107.450803,36.904807],[-107.450574,36.905809],[-107.450635,36.90684],[-107.451029,36.908901],[-107.450931,36.909975],[-107.450291,36.910971],[-107.449156,36.911577],[-107.447389,36.913098],[-107.445812,36.914505],[-107.445692,36.915369],[-107.446271,36.916146],[-107.447647,36.917345],[-107.449152,36.918411],[-107.450417,36.919621],[-107.451275,36.921208],[-107.452432,36.92512],[-107.45393,36.928115],[-107.455056,36.931138],[-107.454582,36.933504],[-107.455083,36.937984],[-107.455796,36.93951],[-107.453556,36.940342],[-107.450655,36.94259],[-107.448396,36.944898],[-107.449724,36.946218],[-107.452407,36.947769],[-107.452236,36.949504],[-107.453852,36.951499],[-107.456718,36.953186],[-107.457159,36.954964],[-107.455473,36.957469],[-107.450568,36.958894],[-107.447607,36.961206],[-107.447295,36.964708],[-107.446116,36.96591],[-107.444491,36.966769],[-107.442114,36.966594],[-107.437733,36.968466],[-107.433085,36.968848],[-107.431409,36.969554],[-107.42997,36.970904],[-107.428921,36.973968],[-107.429811,36.975622],[-107.430291,36.978214],[-107.430442,36.981011],[-107.431638,36.983122],[-107.431453,36.986349],[-107.428895,36.987497],[-107.42812,36.98872],[-107.428684,36.991675],[-107.4278,36.993326],[-107.424538,36.994923],[-107.423016,36.996056],[-107.420915,37],[-107.421223,37.000223],[-107.422481,37.000226],[-107.425302,37.000223],[-107.428223,37.000223],[-107.430917,37.000221],[-107.43606,37.000213],[-107.442262,37.000202],[-107.452839,37.000182],[-107.458315,37.000171],[-107.461255,37.000165],[-107.469009,37.000151],[-107.47861,37.000129],[-107.49504,37.000093],[-107.496624,37.00009],[-107.49892,37.000086],[-107.534211,37.000033],[-107.559152,37.000011],[-107.57427,36.999997],[-107.594329,36.999981],[-107.600529,36.999974],[-107.605201,36.999969],[-107.613802,36.999957],[-107.635528,36.999924],[-107.661693,36.999923],[-107.670947,36.999921],[-107.76685,37.000061],[-107.780599,37.000059],[-107.844669,36.999795],[-107.866079,36.999731],[-107.866511,36.999733],[-107.867189,36.99973],[-107.869564,36.999725],[-107.869765,36.999725],[-107.874003,36.999717],[-107.878144,36.999711],[-107.894296,36.999696],[-107.918543,36.999694],[-107.937132,36.999691],[-107.943747,36.999739],[-107.983935,36.99986],[-107.992417,36.999845],[-108.03346,36.999748]]]]}},{"type":"Feature","properties":{"id":3,"NAME":"3","TotalPop":705841,"PopDevPct":4.7e-7,"DemPct":0.45603299,"RepPct":0.53648361,"WhitePct":0.44746037,"MinorityPct":0.55253963,"BlackPct":0.02935649,"HispanicPct":0.43959406,"PacificPct":0.00274267,"AsianPct":0.02570394,"NativePct":0.07122001,"TotalVAP":536338,"Margin":-0.04396701,"color":"#ff7777","opacity":"0.5"},"geometry":{"type":"MultiPolygon","coordinates":[[[[-103.043767,34.302648],[-103.043764,34.317174],[-103.04374,34.331621],[-103.043716,34.34658],[-103.043694,34.36108],[-103.043681,34.376328],[-103.043769,34.382599],[-103.043622,34.384838],[-103.043613,34.388697],[-103.043613,34.388728],[-103.043557,34.390509],[-103.043564,34.390808],[-103.04361,34.393787],[-103.04361,34.394783],[-103.043633,34.397205],[-103.043625,34.408894],[-103.043594,34.419056],[-103.043571,34.4338],[-103.043541,34.448299],[-103.043526,34.462799],[-103.04348,34.477272],[-103.043457,34.491779],[-103.043419,34.506321],[-103.043396,34.521107],[-103.043381,34.535637],[-103.043335,34.564636],[-103.04332,34.579128],[-103.043259,34.594006],[-103.043304,34.596447],[-103.043228,34.618172],[-103.043072,34.619782],[-103.043301,34.625069],[-103.043286,34.651771],[-103.043186,34.661781],[-103.043137,34.676229],[-103.043093,34.69062],[-103.043069,34.706336],[-103.043037,34.725502],[-103.042986,34.745293],[-103.042974,34.757315],[-103.04289,34.764728],[-103.042661,34.784966],[-103.042982,34.79215],[-103.042923,34.797904],[-103.042923,34.821133],[-103.0429,34.835411],[-103.042877,34.850185],[-103.042824,34.870975],[-103.042809,34.893692],[-103.042687,34.91396],[-103.042774,34.922671],[-103.042804,34.931534],[-103.042701,34.954142],[-103.042755,34.958847],[-103.042699,34.968152],[-103.042731,35.000067],[-103.042651,35.006356],[-103.042614,35.048757],[-103.042577,35.111209],[-103.042524,35.177944],[-103.042514,35.182382],[-103.042514,35.182763],[-103.042487,35.212023],[-103.042519,35.214327],[-103.042421,35.242048],[-103.042286,35.308859],[-103.042181,35.329771],[-103.042096,35.366326],[-103.042026,35.394747],[-103.04197,35.419445],[-103.041988,35.447554],[-103.042029,35.448921],[-103.041894,35.486978],[-103.041952,35.488724],[-103.041858,35.535584],[-103.041791,35.579745],[-103.041724,35.609992],[-103.041707,35.621858],[-103.04166,35.65095],[-103.041648,35.651912],[-103.041648,35.655785],[-103.041471,35.695683],[-103.041349,35.739433],[-103.041347,35.739446],[-103.0413,35.765151],[-103.041258,35.782804],[-103.041221,35.796004],[-103.041344,35.797454],[-103.041288,35.826174],[-103.041111,35.829235],[-103.041084,35.837661],[-103.04102,35.884624],[-103.040957,35.899115],[-103.041066,35.900029],[-103.040958,35.913634],[-103.040873,35.940148],[-103.040893,35.963855],[-103.040896,35.964472],[-103.040898,35.965124],[-103.041003,36.012558],[-103.041086,36.013091],[-103.041043,36.031051],[-103.041229,36.047738],[-103.041062,36.055226],[-103.041192,36.059321],[-103.041165,36.071582],[-103.041167,36.083335],[-103.040964,36.08622],[-103.041024,36.102072],[-103.041005,36.111078],[-103.041063,36.129965],[-103.041025,36.143868],[-103.040998,36.155211],[-103.041051,36.173647],[-103.041094,36.184964],[-103.041041,36.192656],[-103.041037,36.213537],[-103.041084,36.217463],[-103.041278,36.220398],[-103.041253,36.22902],[-103.041139,36.233906],[-103.04116,36.262151],[-103.041219,36.289863],[-103.041236,36.304241],[-103.041236,36.315916],[-103.041452,36.318156],[-103.041465,36.351076],[-103.04149,36.36144],[-103.041493,36.362311],[-103.041546,36.387724],[-103.041545,36.387924],[-103.041549,36.388194],[-103.041609,36.427932],[-103.041667,36.460242],[-103.041703,36.478411],[-103.041717,36.50036],[-103.04041,36.500493],[-103.002857,36.500523],[-103.00229,36.500887],[-103.002282,36.511617],[-103.002281,36.516788],[-103.002294,36.522498],[-103.002318,36.526979],[-103.002344,36.533418],[-103.00233,36.540306],[-103.002358,36.555324],[-103.002304,36.563575],[-103.002301,36.564284],[-103.002301,36.564717],[-103.002264,36.56965],[-103.002281,36.584173],[-103.002223,36.598726],[-103.002344,36.603337],[-103.002278,36.617382],[-103.002303,36.629541],[-103.002391,36.630996],[-103.002408,36.661705],[-103.002413,36.67552],[-103.002183,36.682864],[-103.002135,36.7136],[-103.002043,36.720954],[-103.002145,36.732083],[-103.002113,36.74877],[-103.002189,36.751861],[-103.002229,36.788621],[-103.002154,36.840437],[-103.002146,36.869968],[-103.00221,36.897228],[-103.002223,36.90149],[-103.002222,36.901603],[-103.002223,36.901853],[-103.002224,36.902036],[-103.002224,36.902112],[-103.002224,36.902184],[-103.002254,36.909398],[-103.002275,36.914103],[-103.002327,36.93367],[-103.002371,36.964733],[-103.002334,36.994141],[-103.002329,36.999548],[-103.002329,37.00015],[-103.037445,37.000078],[-103.063832,37.000146],[-103.085948,37.00019],[-103.116775,37.000173],[-103.127569,37.000138],[-103.144057,37.000053],[-103.177521,36.999943],[-103.200562,36.999825],[-103.220158,36.999727],[-103.239641,36.99963],[-103.251637,36.999613],[-103.298321,36.99956],[-103.342962,36.999436],[-103.34894,36.999447],[-103.36934,36.999446],[-103.380713,36.999428],[-103.402291,36.99937],[-103.432357,36.999236],[-103.471823,36.999159],[-103.500084,36.999097],[-103.510935,36.999038],[-103.538919,36.998924],[-103.540536,36.998917],[-103.560191,36.998833],[-103.599376,36.998714],[-103.625507,36.998629],[-103.644576,36.99848],[-103.682962,36.998271],[-103.702832,36.998134],[-103.733233,36.998008],[-103.767642,36.997695],[-103.796642,36.997431],[-103.83317,36.997208],[-103.868263,36.997145],[-103.868847,36.997139],[-103.877214,36.99707],[-103.91849,36.996731],[-103.971509,36.996402],[-103.99345,36.996218],[-104.007851,36.996134],[-104.040332,36.996007],[-104.056525,36.995894],[-104.095651,36.995618],[-104.125176,36.995411],[-104.12553,36.995355],[-104.162853,36.995185],[-104.215634,36.994754],[-104.219156,36.994842],[-104.250536,36.994644],[-104.27404,36.994369],[-104.296505,36.994106],[-104.312254,36.993938],[-104.321971,36.993887],[-104.338833,36.993535],[-104.36637,36.993464],[-104.367159,36.993451],[-104.368913,36.993446],[-104.375538,36.993524],[-104.408313,36.993474],[-104.413528,36.993594],[-104.429821,36.993751],[-104.433987,36.993738],[-104.450544,36.993721],[-104.461977,36.993834],[-104.473699,36.993852],[-104.480445,36.993861],[-104.480578,36.993861],[-104.486985,36.993867],[-104.492272,36.993658],[-104.493395,36.993877],[-104.503674,36.993828],[-104.519195,36.993766],[-104.537048,36.993976],[-104.563273,36.993823],[-104.569914,36.993877],[-104.574754,36.994118],[-104.589303,36.994092],[-104.614816,36.994129],[-104.624555,36.994375],[-104.625544,36.993598],[-104.631448,36.993592],[-104.644997,36.993379],[-104.680963,36.993454],[-104.701219,36.993458],[-104.707454,36.993497],[-104.732225,36.993446],[-104.732343,36.993485],[-104.755368,36.993515],[-104.812209,36.993412],[-104.875075,36.993298],[-104.87555,36.993253],[-104.900768,36.99331],[-104.941624,36.99329],[-105.000551,36.993262],[-105.029226,36.992727],[-105.031501,36.992804],[-105.054018,36.993713],[-105.06629,36.993863],[-105.08541,36.994461],[-105.119635,36.995395],[-105.125557,36.995212],[-105.136447,36.995169],[-105.161219,36.995294],[-105.220613,36.995169],[-105.220506,36.994974],[-105.260997,36.995051],[-105.277264,36.995074],[-105.36647,36.995238],[-105.383847,36.995279],[-105.419669,36.995337],[-105.488156,36.995459],[-105.511515,36.995504],[-105.514322,36.995506],[-105.522326,36.995521],[-105.528415,36.995531],[-105.533046,36.99554],[-105.533953,36.995541],[-105.547929,36.995567],[-105.573186,36.995614],[-105.591411,36.995646],[-105.609531,36.995679],[-105.623322,36.995704],[-105.627606,36.995789],[-105.645661,36.995891],[-105.660595,36.995914],[-105.663591,36.995905],[-105.697725,36.995872],[-105.707852,36.995919],[-105.718463,36.995841],[-105.735047,36.995771],[-105.75057,36.995694],[-105.759487,36.995725],[-105.785173,36.995682],[-105.80101,36.995614],[-105.823274,36.995595],[-105.871751,36.995564],[-105.87699,36.995563],[-105.881569,36.995597],[-105.903923,36.995551],[-105.945906,36.995409],[-105.965879,36.995416],[-105.99657,36.995301],[-105.997195,36.995298],[-106.006316,36.995267],[-106.014735,36.99524],[-106.037565,36.995129],[-106.040001,36.99516],[-106.049936,36.995129],[-106.052923,36.99512],[-106.053082,36.995119],[-106.053264,36.995119],[-106.068626,36.995074],[-106.081715,36.995029],[-106.085328,36.995013],[-106.100012,36.994949],[-106.130906,36.994828],[-106.14199,36.994824],[-106.164742,36.994767],[-106.17933,36.994675],[-106.220411,36.994348],[-106.2361,36.994249],[-106.25478,36.994229],[-106.287202,36.994138],[-106.297992,36.994075],[-106.322472,36.994021],[-106.327007,36.994007],[-106.327496,36.994005],[-106.339736,36.993967],[-106.343681,36.993955],[-106.407114,36.993761],[-106.412053,36.993744],[-106.475522,36.993549],[-106.498829,36.993478],[-106.500032,36.993474],[-106.537604,36.99336],[-106.540596,36.993351],[-106.616028,36.993118],[-106.669728,36.992952],[-106.707668,36.992835],[-106.722866,36.992705],[-106.728768,36.992653],[-106.732026,36.992625],[-106.75059,36.992461],[-106.781878,36.992515],[-106.831972,36.992449],[-106.83276,36.992491],[-106.860271,36.99252],[-106.86982,36.992497],[-106.877232,37.0001],[-106.9063,37.000109],[-106.914194,37.000109],[-106.914284,37.000108],[-106.914393,37.000109],[-106.973413,37.000086],[-106.985514,37.000083],[-107.014435,37.000072],[-107.027793,37.000061],[-107.059202,37.000037],[-107.107757,37.000038],[-107.108609,37.000039],[-107.108817,37.000039],[-107.109111,37.000039],[-107.136573,37.000045],[-107.150895,37.000044],[-107.196889,37.000027],[-107.238447,37.000021],[-107.247575,37.00002],[-107.251209,37.000019],[-107.254576,37.00002],[-107.255298,37.00002],[-107.263993,37.000021],[-107.264461,37.000021],[-107.31001,37.000016],[-107.346784,37.0001],[-107.394861,37.000233],[-107.400346,37.000182],[-107.421223,37.000223],[-107.420915,37],[-107.423016,36.996056],[-107.424538,36.994923],[-107.4278,36.993326],[-107.428684,36.991675],[-107.42812,36.98872],[-107.428895,36.987497],[-107.431453,36.986349],[-107.431638,36.983122],[-107.430442,36.981011],[-107.430291,36.978214],[-107.429811,36.975622],[-107.428921,36.973968],[-107.42997,36.970904],[-107.431409,36.969554],[-107.433085,36.968848],[-107.437733,36.968466],[-107.442114,36.966594],[-107.444491,36.966769],[-107.446116,36.96591],[-107.447295,36.964708],[-107.447607,36.961206],[-107.450568,36.958894],[-107.455473,36.957469],[-107.457159,36.954964],[-107.456718,36.953186],[-107.453852,36.951499],[-107.452236,36.949504],[-107.452407,36.947769],[-107.449724,36.946218],[-107.448396,36.944898],[-107.450655,36.94259],[-107.453556,36.940342],[-107.455796,36.93951],[-107.455083,36.937984],[-107.454582,36.933504],[-107.455056,36.931138],[-107.45393,36.928115],[-107.452432,36.92512],[-107.451275,36.921208],[-107.450417,36.919621],[-107.449152,36.918411],[-107.447647,36.917345],[-107.446271,36.916146],[-107.445692,36.915369],[-107.445812,36.914505],[-107.447389,36.913098],[-107.449156,36.911577],[-107.450291,36.910971],[-107.450931,36.909975],[-107.451029,36.908901],[-107.450635,36.90684],[-107.450574,36.905809],[-107.450803,36.904807],[-107.451445,36.904036],[-107.453536,36.902948],[-107.45473,36.902197],[-107.455743,36.901423],[-107.45655,36.900183],[-107.456642,36.898594],[-107.456967,36.898075],[-107.457923,36.897592],[-107.45943,36.897129],[-107.460625,36.897403],[-107.461098,36.89767],[-107.461729,36.89743],[-107.462641,36.896868],[-107.463898,36.895953],[-107.465436,36.895065],[-107.470211,36.893801],[-107.473438,36.895059],[-107.475546,36.894671],[-107.476818,36.89383],[-107.479212,36.891184],[-107.480821,36.889905],[-107.481895,36.888389],[-107.48347,36.886925],[-107.484506,36.885586],[-107.487955,36.88343],[-107.489841,36.882786],[-107.490714,36.882118],[-107.490948,36.881624],[-107.490529,36.880902],[-107.491349,36.879097],[-107.492594,36.876798],[-107.49414,36.876237],[-107.496638,36.876668],[-107.499311,36.878356],[-107.500605,36.881656],[-107.501084,36.882227],[-107.502112,36.882584],[-107.503386,36.882407],[-107.504384,36.881618],[-107.504789,36.878619],[-107.504714,36.875825],[-107.50483,36.875267],[-107.50716,36.875005],[-107.509933,36.876328],[-107.512908,36.877392],[-107.514661,36.877964],[-107.515842,36.878466],[-107.516706,36.878436],[-107.517607,36.878003],[-107.519604,36.876715],[-107.520895,36.876061],[-107.521836,36.875708],[-107.522919,36.875468],[-107.522995,36.875005],[-107.523384,36.873978],[-107.523804,36.872346],[-107.527931,36.867976],[-107.528751,36.866066],[-107.529389,36.864082],[-107.529728,36.86255],[-107.530377,36.860946],[-107.530003,36.858892],[-107.530082,36.858118],[-107.530462,36.857111],[-107.529929,36.856378],[-107.529846,36.854354],[-107.530648,36.853869],[-107.53165,36.853723],[-107.532413,36.854318],[-107.533255,36.854398],[-107.536625,36.855071],[-107.539064,36.855744],[-107.539705,36.855582],[-107.540936,36.854274],[-107.542417,36.851805],[-107.542655,36.850677],[-107.544378,36.849417],[-107.546232,36.849124],[-107.547415,36.849324],[-107.548358,36.849863],[-107.550425,36.850827],[-107.552411,36.851614],[-107.554088,36.853016],[-107.554923,36.854611],[-107.555005,36.855844],[-107.556011,36.857092],[-107.556763,36.857123],[-107.557916,36.857024],[-107.559359,36.856724],[-107.561675,36.855753],[-107.564068,36.853911],[-107.565419,36.852724],[-107.566119,36.851908],[-107.566188,36.851223],[-107.565926,36.85053],[-107.565233,36.849636],[-107.565228,36.848925],[-107.565219,36.847306],[-107.565687,36.845991],[-107.566978,36.844393],[-107.568569,36.843237],[-107.569801,36.842413],[-107.571094,36.842306],[-107.572277,36.842328],[-107.573078,36.8419],[-107.575473,36.841444],[-107.577773,36.838522],[-107.578392,36.837319],[-107.579961,36.835124],[-107.581664,36.834629],[-107.58362,36.834964],[-107.58692,36.835813],[-107.587854,36.836707],[-107.58958,36.837195],[-107.591803,36.836272],[-107.592853,36.835303],[-107.594215,36.83476],[-107.596369,36.834233],[-107.597983,36.834302],[-107.599154,36.833421],[-107.599874,36.832525],[-107.600361,36.831032],[-107.60041,36.830218],[-107.600067,36.829356],[-107.600066,36.828993],[-107.599683,36.828212],[-107.598738,36.826891],[-107.598375,36.825699],[-107.598924,36.824754],[-107.601002,36.82205],[-107.60132,36.820767],[-107.601157,36.819647],[-107.600675,36.818866],[-107.600442,36.817866],[-107.600539,36.816665],[-107.600287,36.815891],[-107.599805,36.815287],[-107.598642,36.815217],[-107.597039,36.81522],[-107.595867,36.81544],[-107.594715,36.815901],[-107.591977,36.814673],[-107.591584,36.813811],[-107.591754,36.81331],[-107.592592,36.811882],[-107.593312,36.810865],[-107.594312,36.810282],[-107.597198,36.81014],[-107.599683,36.810313],[-107.601658,36.810817],[-107.603133,36.811306],[-107.604887,36.811529],[-107.605778,36.811326],[-107.606488,36.810897],[-107.607198,36.809912],[-107.607653,36.808585],[-107.607845,36.808024],[-107.607862,36.807105],[-107.60773,36.806162],[-107.607166,36.804986],[-107.606211,36.803577],[-107.605698,36.802651],[-107.60363,36.800792],[-107.603187,36.800244],[-107.603176,36.799608],[-107.603445,36.799002],[-107.604075,36.798526],[-107.605517,36.798039],[-107.606829,36.798117],[-107.609726,36.798563],[-107.610519,36.799086],[-107.612511,36.799817],[-107.612511,36.799803],[-107.612778,36.799901],[-107.614426,36.800578],[-107.618181,36.804267],[-107.618189,36.802368],[-107.61821,36.797734],[-107.61823,36.793372],[-107.618283,36.773817],[-107.618291,36.771099],[-107.618294,36.769969],[-107.618298,36.768367],[-107.6183,36.767875],[-107.618314,36.761417],[-107.618663,36.74689],[-107.618822,36.732684],[-107.618903,36.718678],[-107.619075,36.708463],[-107.61926,36.693091],[-107.619381,36.676333],[-107.619387,36.675348],[-107.623419,36.675344],[-107.623421,36.670937],[-107.623406,36.645141],[-107.623406,36.626953],[-107.623371,36.62316],[-107.623356,36.617386],[-107.623337,36.610969],[-107.624272,36.595893],[-107.624748,36.588275],[-107.625231,36.580549],[-107.625541,36.565871],[-107.625544,36.561694],[-107.625551,36.538324],[-107.625587,36.532777],[-107.625646,36.526079],[-107.625778,36.493207],[-107.626109,36.468746],[-107.626385,36.44839],[-107.626537,36.436305],[-107.625682,36.423922],[-107.625549,36.421993],[-107.625439,36.420393],[-107.624174,36.401884],[-107.623628,36.393797],[-107.624192,36.37793],[-107.624608,36.36735],[-107.625288,36.349875],[-107.625951,36.349888],[-107.625542,36.332528],[-107.624977,36.308382],[-107.624969,36.308023],[-107.624764,36.29944],[-107.624423,36.285136],[-107.624416,36.284805],[-107.624254,36.278023],[-107.624244,36.271753],[-107.624228,36.264086],[-107.624228,36.263473],[-107.62423,36.256542],[-107.624233,36.249806],[-107.624234,36.249045],[-107.624235,36.248164],[-107.624272,36.22707],[-107.624283,36.219809],[-107.624314,36.205212],[-107.624328,36.198123],[-107.624342,36.190685],[-107.624385,36.176037],[-107.624451,36.169514],[-107.62457,36.161493],[-107.624629,36.154241],[-107.624691,36.145331],[-107.624697,36.132599],[-107.624699,36.132465],[-107.624701,36.132405],[-107.62506,36.121599],[-107.626154,36.088466],[-107.626217,36.07388],[-107.626226,36.073519],[-107.62626,36.062638],[-107.626279,36.059118],[-107.626297,36.054933],[-107.62636,36.036858],[-107.626385,36.030419],[-107.626403,36.025895],[-107.626484,36.005928],[-107.626511,36.000288],[-107.626418,36.000288],[-107.616905,36.000287],[-107.609311,36.000284],[-107.606493,36.000283],[-107.590152,36.000268],[-107.585069,36.000265],[-107.576825,36.000261],[-107.562446,36.000257],[-107.557015,36.000256],[-107.545626,36.000219],[-107.537398,36.000185],[-107.531688,36.000143],[-107.516015,36.000029],[-107.514755,36.000025],[-107.501367,35.999923],[-107.49675,35.999892],[-107.467275,35.999724],[-107.447256,35.999559],[-107.439766,35.999504],[-107.430269,35.999436],[-107.425787,35.999403],[-107.413625,35.999314],[-107.394003,35.999166],[-107.345,35.998819],[-107.340319,35.998785],[-107.315333,35.998604],[-107.31468,35.9986],[-107.308667,35.998556],[-107.30866,35.991975],[-107.308664,35.985502],[-107.308661,35.983229],[-107.308654,35.981141],[-107.308653,35.969823],[-107.308647,35.957524],[-107.308646,35.955186],[-107.308648,35.950899],[-107.308643,35.941519],[-107.308645,35.940649],[-107.308645,35.933578],[-107.308646,35.926306],[-107.308644,35.922387],[-107.30864,35.912759],[-107.308641,35.906813],[-107.308634,35.892423],[-107.308624,35.88539],[-107.308621,35.875019],[-107.308458,35.874346],[-107.30855,35.868987],[-107.308579,35.861515],[-107.308579,35.860988],[-107.308581,35.857862],[-107.30858,35.856639],[-107.308576,35.847735],[-107.308575,35.846893],[-107.308592,35.826308],[-107.308598,35.818173],[-107.308603,35.811717],[-107.308604,35.810887],[-107.308611,35.801604],[-107.308612,35.80034],[-107.308615,35.796198],[-107.308624,35.784089],[-107.308638,35.765677],[-107.308647,35.754731],[-107.308706,35.740943],[-107.308703,35.739997],[-107.308619,35.725989],[-107.308603,35.724319],[-107.308587,35.718285],[-107.308559,35.711597],[-107.30852,35.700608],[-107.308506,35.697104],[-107.308422,35.682836],[-107.308414,35.674916],[-107.308411,35.667675],[-107.308408,35.66042],[-107.308394,35.654668],[-107.308317,35.610283],[-107.30835,35.583474],[-107.307864,35.583477],[-107.307814,35.538071],[-107.307807,35.527911],[-107.308031,35.525709],[-107.30803,35.521153],[-107.308025,35.52078],[-107.307775,35.505365],[-107.307053,35.481761],[-107.306809,35.469623],[-107.306689,35.460971],[-107.306286,35.431309],[-107.306122,35.41906],[-107.310336,35.419535],[-107.310301,35.415544],[-107.309755,35.349889],[-107.309638,35.335788],[-107.309386,35.305687],[-107.305682,35.305685],[-107.304152,35.305681],[-107.271999,35.305614],[-107.23889,35.305507],[-107.234134,35.295692],[-107.225988,35.278856],[-107.22224,35.271105],[-107.219216,35.264838],[-107.211025,35.247946],[-107.210389,35.246595],[-107.208751,35.243235],[-107.206858,35.239233],[-107.197244,35.219459],[-107.196763,35.219458],[-107.173068,35.219434],[-107.170874,35.219433],[-107.167057,35.21943],[-107.16397,35.219426],[-107.148735,35.219409],[-107.134751,35.219418],[-107.132307,35.219362],[-107.121063,35.219088],[-107.111876,35.218867],[-107.0984,35.218501],[-107.080691,35.218545],[-107.079871,35.218548],[-107.063266,35.218599],[-107.042805,35.21843],[-107.039393,35.218441],[-107.022365,35.218493],[-107.010191,35.218542],[-106.975335,35.218421],[-106.962038,35.218392],[-106.947099,35.218325],[-106.924728,35.218277],[-106.882556,35.218101],[-106.869046,35.217985],[-106.856303,35.217991],[-106.853128,35.217992],[-106.852298,35.217992],[-106.848345,35.217991],[-106.846347,35.217991],[-106.844366,35.217992],[-106.842378,35.21799],[-106.840368,35.217989],[-106.83841,35.217989],[-106.836389,35.217988],[-106.834427,35.217988],[-106.832419,35.217987],[-106.830416,35.217986],[-106.828442,35.217985],[-106.823733,35.217982],[-106.822794,35.217982],[-106.816525,35.217979],[-106.813576,35.217976],[-106.811375,35.217975],[-106.808595,35.217973],[-106.805547,35.217971],[-106.802898,35.217969],[-106.798329,35.217956],[-106.79688,35.213338],[-106.796667,35.21266],[-106.795338,35.20846],[-106.785935,35.179846],[-106.785924,35.179846],[-106.784092,35.178054],[-106.749735,35.150106],[-106.741052,35.143504],[-106.727468,35.132692],[-106.727436,35.146298],[-106.72778,35.146416],[-106.727774,35.146991],[-106.727756,35.156457],[-106.727812,35.15706],[-106.727757,35.159324],[-106.727745,35.159959],[-106.727743,35.160035],[-106.72642,35.16039],[-106.726184,35.160498],[-106.726887,35.162078],[-106.726304,35.164746],[-106.725936,35.165371],[-106.724812,35.167197],[-106.724115,35.168021],[-106.723381,35.16869],[-106.721914,35.169663],[-106.721324,35.17025],[-106.720881,35.171117],[-106.721046,35.171067],[-106.720767,35.172442],[-106.720762,35.174029],[-106.72163,35.176812],[-106.721696,35.179757],[-106.721758,35.181342],[-106.721131,35.183064],[-106.720102,35.18397],[-106.71727,35.181153],[-106.715713,35.180195],[-106.713879,35.179773],[-106.712458,35.179777],[-106.710849,35.179782],[-106.707143,35.179796],[-106.703488,35.179711],[-106.703006,35.179723],[-106.702181,35.179675],[-106.702143,35.179241],[-106.701996,35.178371],[-106.70179,35.176976],[-106.700758,35.1755],[-106.698766,35.17378],[-106.697449,35.173304],[-106.696727,35.173503],[-106.69593,35.17378],[-106.695157,35.174038],[-106.694205,35.174276],[-106.692499,35.174387],[-106.691857,35.174392],[-106.690131,35.174615],[-106.689259,35.174962],[-106.687646,35.175521],[-106.687738,35.176781],[-106.683372,35.175703],[-106.683371,35.175593],[-106.680951,35.174557],[-106.6809,35.173485],[-106.679967,35.173428],[-106.678607,35.173045],[-106.676139,35.175551],[-106.674961,35.17539],[-106.673823,35.174475],[-106.671723,35.177593],[-106.668272,35.180919],[-106.668193,35.180995],[-106.668062,35.18094],[-106.663851,35.184788],[-106.662489,35.186114],[-106.662649,35.186247],[-106.665081,35.188295],[-106.665344,35.189093],[-106.665764,35.193732],[-106.666116,35.194552],[-106.667101,35.195665],[-106.669877,35.196511],[-106.670414,35.196504],[-106.670939,35.196491],[-106.674385,35.196283],[-106.675964,35.196597],[-106.676839,35.197186],[-106.678102,35.198238],[-106.678428,35.198577],[-106.678615,35.198821],[-106.678743,35.199059],[-106.678803,35.199272],[-106.678886,35.199437],[-106.679014,35.199668],[-106.679238,35.199905],[-106.679882,35.200457],[-106.67953,35.201187],[-106.67911,35.201833],[-106.678737,35.202326],[-106.678628,35.202469],[-106.675558,35.204782],[-106.675215,35.205811],[-106.67319,35.205834],[-106.671739,35.206149],[-106.671777,35.206803],[-106.672389,35.208701],[-106.672518,35.209412],[-106.672626,35.210708],[-106.672397,35.211304],[-106.671857,35.211768],[-106.670603,35.212859],[-106.67009,35.213618],[-106.670088,35.214541],[-106.671192,35.215982],[-106.671545,35.217649],[-106.671976,35.217647],[-106.672009,35.217937],[-106.663867,35.217926],[-106.662546,35.217924],[-106.662354,35.217924],[-106.662268,35.217924],[-106.661058,35.217922],[-106.660691,35.217922],[-106.658149,35.217881],[-106.658132,35.217806],[-106.654258,35.216518],[-106.652782,35.215929],[-106.648749,35.214529],[-106.649857,35.21183],[-106.650063,35.211565],[-106.651007,35.210782],[-106.646018,35.208725],[-106.642533,35.207327],[-106.642494,35.207297],[-106.644706,35.206063],[-106.645107,35.204159],[-106.645053,35.201838],[-106.645464,35.20158],[-106.645127,35.200465],[-106.644477,35.198932],[-106.643896,35.198276],[-106.643366,35.197762],[-106.640633,35.201913],[-106.638149,35.203877],[-106.635264,35.204881],[-106.630455,35.206077],[-106.623081,35.208844],[-106.621413,35.209322],[-106.619379,35.210829],[-106.618601,35.211765],[-106.615162,35.212735],[-106.61272,35.213915],[-106.611408,35.214634],[-106.610505,35.213675],[-106.607506,35.215512],[-106.605382,35.217442],[-106.605152,35.217443],[-106.604484,35.21786],[-106.598725,35.217852],[-106.598658,35.217853],[-106.595258,35.217847],[-106.594898,35.217847],[-106.593595,35.217844],[-106.593295,35.217845],[-106.58679,35.217835],[-106.586322,35.217835],[-106.57922,35.217821],[-106.574047,35.217943],[-106.574788,35.214519],[-106.574923,35.213962],[-106.574993,35.213669],[-106.577166,35.204204],[-106.577217,35.203983],[-106.577693,35.201931],[-106.577764,35.20163],[-106.579844,35.192337],[-106.580794,35.188319],[-106.581613,35.184817],[-106.58164,35.184699],[-106.583985,35.174375],[-106.583722,35.174352],[-106.582716,35.174327],[-106.58131,35.17423],[-106.580502,35.174205],[-106.579731,35.174205],[-106.578727,35.174217],[-106.577574,35.174313],[-106.57181,35.174566],[-106.568775,35.174517],[-106.564564,35.174505],[-106.559936,35.174268],[-106.559946,35.174098],[-106.559906,35.172814],[-106.55992,35.171087],[-106.559913,35.17064],[-106.55992,35.170088],[-106.559934,35.167031],[-106.559969,35.166302],[-106.559978,35.164717],[-106.559956,35.163042],[-106.559954,35.162429],[-106.559959,35.161803],[-106.559901,35.159456],[-106.559872,35.158894],[-106.559861,35.157843],[-106.561039,35.154077],[-106.56068,35.152427],[-106.55974,35.151153],[-106.556749,35.148971],[-106.554851,35.147409],[-106.553852,35.146124],[-106.547816,35.148708],[-106.5462,35.146181],[-106.545352,35.144897],[-106.545286,35.144797],[-106.544991,35.144348],[-106.54444,35.143459],[-106.54422,35.143105],[-106.54369,35.142248],[-106.543201,35.141472],[-106.541397,35.142356],[-106.538989,35.144062],[-106.538718,35.143231],[-106.538586,35.141783],[-106.538278,35.140976],[-106.53797,35.140207],[-106.537768,35.139747],[-106.537638,35.138918],[-106.53511,35.138901],[-106.533363,35.138894],[-106.532865,35.141042],[-106.531477,35.143107],[-106.530213,35.144713],[-106.52938,35.145703],[-106.526928,35.148778],[-106.526702,35.149068],[-106.525415,35.150724],[-106.524805,35.152002],[-106.524468,35.153634],[-106.524521,35.154364],[-106.52262,35.154156],[-106.520735,35.153178],[-106.518784,35.151833],[-106.517228,35.151075],[-106.51703,35.150995],[-106.513446,35.150796],[-106.512314,35.15085],[-106.510026,35.151699],[-106.506869,35.152329],[-106.502907,35.152312],[-106.500429,35.152325],[-106.497702,35.152354],[-106.49729,35.15236],[-106.497064,35.152364],[-106.497089,35.155852],[-106.497281,35.155853],[-106.497295,35.157252],[-106.497204,35.158789],[-106.497004,35.159549],[-106.496772,35.159584],[-106.496245,35.161614],[-106.496169,35.164137],[-106.496242,35.16879],[-106.496194,35.171405],[-106.49442,35.171054],[-106.492024,35.168568],[-106.486652,35.167611],[-106.484077,35.167669],[-106.480405,35.168606],[-106.476772,35.170035],[-106.471938,35.172727],[-106.470971,35.174736],[-106.469566,35.175341],[-106.468007,35.176751],[-106.464272,35.178015],[-106.462625,35.17962],[-106.459933,35.181266],[-106.457125,35.181449],[-106.455719,35.182658],[-106.455164,35.183952],[-106.453955,35.184987],[-106.452029,35.184889],[-106.449756,35.185901],[-106.449904,35.186997],[-106.446506,35.187725],[-106.44585,35.188456],[-106.446416,35.189324],[-106.445865,35.190158],[-106.444403,35.190599],[-106.443004,35.191871],[-106.443455,35.193419],[-106.442541,35.194645],[-106.442315,35.196017],[-106.436749,35.197057],[-106.437489,35.1975],[-106.439034,35.199637],[-106.441636,35.201833],[-106.445818,35.203909],[-106.448491,35.205482],[-106.453772,35.210326],[-106.457424,35.214449],[-106.459379,35.217942],[-106.423164,35.217494],[-106.422341,35.217484],[-106.422302,35.217483],[-106.420145,35.217457],[-106.418676,35.217427],[-106.418652,35.217428],[-106.416427,35.217461],[-106.415218,35.217442],[-106.415053,35.217445],[-106.414885,35.217449],[-106.411528,35.217422],[-106.4024,35.217396],[-106.379127,35.217388],[-106.367243,35.217406],[-106.366641,35.217398],[-106.359398,35.217289],[-106.357857,35.217265],[-106.328012,35.216849],[-106.303753,35.216504],[-106.301484,35.216471],[-106.287883,35.216275],[-106.272176,35.216055],[-106.257724,35.215865],[-106.244216,35.215657],[-106.244727,35.228116],[-106.245052,35.23605],[-106.245162,35.238661],[-106.245388,35.244339],[-106.245655,35.250737],[-106.245696,35.25996],[-106.245713,35.286402],[-106.245687,35.293674],[-106.245633,35.304331],[-106.248949,35.304324],[-106.248948,35.304567],[-106.248935,35.318121],[-106.248909,35.340782],[-106.2489,35.345688],[-106.248885,35.355323],[-106.248926,35.377522],[-106.248964,35.392723],[-106.248959,35.393216],[-106.248923,35.421809],[-106.248848,35.443282],[-106.248831,35.445045],[-106.248591,35.445689],[-106.248632,35.480022],[-106.248657,35.501072],[-106.248659,35.502084],[-106.248661,35.502465],[-106.248674,35.505968],[-106.248683,35.509014],[-106.248668,35.530517],[-106.248664,35.530919],[-106.248657,35.541813],[-106.248658,35.546545],[-106.24865,35.547592],[-106.248649,35.549372],[-106.248647,35.557336],[-106.248648,35.557485],[-106.248649,35.557626],[-106.248649,35.557714],[-106.248648,35.564774],[-106.248649,35.565968],[-106.248647,35.568967],[-106.248657,35.647185],[-106.248657,35.652903],[-106.250253,35.652903],[-106.250243,35.67537],[-106.25025,35.675871],[-106.250162,35.699519],[-106.25007,35.716771],[-106.250033,35.739312],[-106.250489,35.755498],[-106.250499,35.755818],[-106.248611,35.755727],[-106.247531,35.755749],[-106.246269,35.75608],[-106.245541,35.756425],[-106.244547,35.757129],[-106.244004,35.75778],[-106.243782,35.758283],[-106.243462,35.75863],[-106.242805,35.760437],[-106.242293,35.761307],[-106.241856,35.761845],[-106.241142,35.763124],[-106.240703,35.763784],[-106.240229,35.764156],[-106.239472,35.764355],[-106.236015,35.764749],[-106.233863,35.765149],[-106.228547,35.766437],[-106.227663,35.766512],[-106.225989,35.766869],[-106.224412,35.767089],[-106.223632,35.767416],[-106.221487,35.769591],[-106.221116,35.769778],[-106.219661,35.769762],[-106.218519,35.770215],[-106.218291,35.770426],[-106.217872,35.770987],[-106.217189,35.771588],[-106.216263,35.772223],[-106.215855,35.772593],[-106.215713,35.772967],[-106.215845,35.774085],[-106.21533,35.775253],[-106.214786,35.776105],[-106.21396,35.776682],[-106.213777,35.77676],[-106.212867,35.776943],[-106.212217,35.776999],[-106.21174,35.777066],[-106.211197,35.777033],[-106.210763,35.777106],[-106.210323,35.777149],[-106.209472,35.777351],[-106.209266,35.777416],[-106.208804,35.777627],[-106.208507,35.777785],[-106.20823,35.778063],[-106.207895,35.778682],[-106.207778,35.779099],[-106.207786,35.779526],[-106.207812,35.779791],[-106.207768,35.780336],[-106.207664,35.780583],[-106.207421,35.780803],[-106.206869,35.781034],[-106.206492,35.781136],[-106.205949,35.781247],[-106.204643,35.781597],[-106.204527,35.782052],[-106.203878,35.782701],[-106.203333,35.783287],[-106.20241,35.783805],[-106.202371,35.783981],[-106.202347,35.784599],[-106.202298,35.784844],[-106.202317,35.784986],[-106.20234,35.785602],[-106.202214,35.785979],[-106.202075,35.786202],[-106.201694,35.786549],[-106.201293,35.786772],[-106.200866,35.786965],[-106.200307,35.787316],[-106.199936,35.787432],[-106.199586,35.787486],[-106.199279,35.787452],[-106.198905,35.787342],[-106.198683,35.787328],[-106.198056,35.787507],[-106.197868,35.787604],[-106.19763,35.787861],[-106.197497,35.788282],[-106.197366,35.788595],[-106.197255,35.788769],[-106.196888,35.789113],[-106.196647,35.789455],[-106.19643,35.78968],[-106.196193,35.789976],[-106.196095,35.790287],[-106.195986,35.790918],[-106.196049,35.791387],[-106.196072,35.791877],[-106.196189,35.792361],[-106.196176,35.792395],[-106.196385,35.793103],[-106.196438,35.793376],[-106.196505,35.794038],[-106.196684,35.794626],[-106.196881,35.794951],[-106.196987,35.795221],[-106.196976,35.795581],[-106.196437,35.796309],[-106.196347,35.796472],[-106.196284,35.796715],[-106.195655,35.797351],[-106.195273,35.799235],[-106.194774,35.799882],[-106.194294,35.8002],[-106.194026,35.800687],[-106.193806,35.80141],[-106.193683,35.802684],[-106.193512,35.803078],[-106.193708,35.803354],[-106.193945,35.803766],[-106.193175,35.804578],[-106.192569,35.804933],[-106.191063,35.805381],[-106.189928,35.805788],[-106.187965,35.806761],[-106.187483,35.806777],[-106.18638,35.806119],[-106.185583,35.806141],[-106.185165,35.806256],[-106.183312,35.807836],[-106.182653,35.808259],[-106.181414,35.80853],[-106.180527,35.808832],[-106.180109,35.809496],[-106.179975,35.809981],[-106.180152,35.810859],[-106.180135,35.812605],[-106.179983,35.813161],[-106.179421,35.813748],[-106.178224,35.814541],[-106.177882,35.815111],[-106.177893,35.816135],[-106.178381,35.818446],[-106.178496,35.819155],[-106.178442,35.820113],[-106.178053,35.821097],[-106.177227,35.822439],[-106.176805,35.822942],[-106.176283,35.823328],[-106.175219,35.823839],[-106.174909,35.824092],[-106.174012,35.825236],[-106.173687,35.825526],[-106.173617,35.825789],[-106.173337,35.826864],[-106.171852,35.82776],[-106.175549,35.827917],[-106.17583,35.827181],[-106.182765,35.826462],[-106.183811,35.827778],[-106.183656,35.828851],[-106.191209,35.829066],[-106.193595,35.830376],[-106.200912,35.830297],[-106.20567,35.829341],[-106.207755,35.828929],[-106.208637,35.82952],[-106.212731,35.828222],[-106.22172,35.828602],[-106.225391,35.828754],[-106.227976,35.832219],[-106.240477,35.834589],[-106.245933,35.838082],[-106.247505,35.839963],[-106.248257,35.839178],[-106.248317,35.851666],[-106.24833,35.854348],[-106.248345,35.855652],[-106.24838,35.862706],[-106.248465,35.871927],[-106.248472,35.872185],[-106.248191,35.874697],[-106.247216,35.881004],[-106.247048,35.882104],[-106.246722,35.884233],[-106.246227,35.887531],[-106.246107,35.888361],[-106.245707,35.8911],[-106.245589,35.895476],[-106.245534,35.899226],[-106.245628,35.910439],[-106.24565,35.92167],[-106.245649,35.930742],[-106.22773,35.930733],[-106.194758,35.930729],[-106.166305,35.930656],[-106.160526,35.930641],[-106.143554,35.930636],[-106.142526,35.930637],[-106.137417,35.930649],[-106.120097,35.930711],[-106.11438,35.93075],[-106.110592,35.930775],[-106.109972,35.93078],[-106.109763,35.930781],[-106.10957,35.930782],[-106.105261,35.930796],[-106.104849,35.930796],[-106.100252,35.930797],[-106.078931,35.930793],[-106.062512,35.930792],[-106.054346,35.930783],[-106.054344,35.930876],[-106.054323,35.932855],[-106.054197,35.946626],[-106.054178,35.960878],[-106.054176,35.969772],[-106.054176,35.969919],[-106.054175,35.97286],[-106.054154,35.985082],[-106.054154,35.985646],[-106.054153,35.985908],[-106.057637,35.986748],[-106.057526,35.986845],[-106.056801,35.98753],[-106.055885,35.98943],[-106.059996,35.989658],[-106.064635,35.989554],[-106.065938,35.989301],[-106.066048,35.989425],[-106.067083,35.990557],[-106.06797,35.991751],[-106.068016,35.991879],[-106.06802,35.991896],[-106.068036,35.992005],[-106.06805,35.992412],[-106.068041,35.992526],[-106.06796,35.993038],[-106.067864,35.993708],[-106.067834,35.993952],[-106.067816,35.994053],[-106.067803,35.99412],[-106.06776,35.994301],[-106.06766,35.994558],[-106.067616,35.994635],[-106.067538,35.994754],[-106.067436,35.994892],[-106.067281,35.995033],[-106.06706,35.995197],[-106.066782,35.995363],[-106.066656,35.995436],[-106.066351,35.995612],[-106.06583,35.995913],[-106.065262,35.996331],[-106.06519,35.996393],[-106.06516,35.996421],[-106.065093,35.99649],[-106.065042,35.996542],[-106.064898,35.996687],[-106.065004,35.996733],[-106.071336,35.999458],[-106.071111,36.001971],[-106.066466,36.002],[-106.065842,36.002001],[-106.063121,36.002003],[-106.061416,36.002005],[-106.059601,36.002006],[-106.059335,36.002006],[-106.058318,36.002007],[-106.058122,36.002007],[-106.057501,36.002007],[-106.057313,36.002008],[-106.056417,36.002008],[-106.055396,36.002009],[-106.053234,36.002013],[-106.050876,36.002019],[-106.044995,36.002035],[-106.041705,36.002044],[-106.041577,36.002045],[-106.041437,36.002045],[-106.041335,36.002045],[-106.041223,36.002045],[-106.04067,36.002046],[-106.04051,36.002047],[-106.040055,36.002049],[-106.038131,36.002054],[-106.037795,36.002054],[-106.037257,36.002055],[-106.036152,36.002055],[-106.03065,36.002075],[-106.027887,36.002075],[-106.007368,36.002058],[-105.988494,36.002083],[-105.987729,36.002084],[-105.982472,36.002088],[-105.980674,36.00209],[-105.98053,36.00209],[-105.978484,36.00209],[-105.976315,36.00209],[-105.967899,36.0021],[-105.966537,36.002098],[-105.966305,36.002098],[-105.966158,36.002098],[-105.966012,36.002099],[-105.964982,36.002101],[-105.964936,36.002101],[-105.964904,36.002101],[-105.964527,36.002111],[-105.964365,36.002102],[-105.96423,36.002102],[-105.961906,36.002114],[-105.959774,36.002123],[-105.958419,36.002131],[-105.957944,36.002131],[-105.956767,36.002131],[-105.955385,36.002135],[-105.95489,36.002135],[-105.950895,36.002148],[-105.948157,36.002115],[-105.943014,36.002091],[-105.935154,36.002129],[-105.934763,36.002131],[-105.934731,36.002131],[-105.929859,36.002074],[-105.929791,36.002072],[-105.914688,36.002136],[-105.912587,36.002135],[-105.906941,36.002129],[-105.906274,36.002128],[-105.905466,36.002127],[-105.904752,36.002126],[-105.904657,36.002126],[-105.901821,36.002123],[-105.901734,36.002123],[-105.879272,36.002138],[-105.879129,36.002138],[-105.876037,36.002148],[-105.873222,36.002151],[-105.85914,36.002136],[-105.855625,36.002139],[-105.842682,36.00216],[-105.825816,36.002169],[-105.824246,36.002169],[-105.796066,36.002175],[-105.791401,36.002174],[-105.774272,36.002144],[-105.758616,36.002219],[-105.752673,36.002274],[-105.716808,36.00232],[-105.717024,35.994632],[-105.717477,35.978741],[-105.717687,35.971337],[-105.718419,35.945568],[-105.719244,35.916842],[-105.720529,35.871185],[-105.721794,35.826598],[-105.721798,35.826447],[-105.721855,35.82431],[-105.722171,35.813185],[-105.722205,35.812087],[-105.721207,35.812112],[-105.721205,35.795353],[-105.721207,35.770784],[-105.721216,35.754739],[-105.721207,35.733654],[-105.720781,35.724464],[-105.718509,35.688109],[-105.71816,35.681361],[-105.717393,35.670927],[-105.717368,35.670547],[-105.716759,35.660126],[-105.716662,35.658744],[-105.716344,35.654204],[-105.71676,35.653216],[-105.718493,35.653206],[-105.718514,35.638163],[-105.718664,35.63421],[-105.718802,35.630841],[-105.718447,35.6244],[-105.718427,35.605585],[-105.718447,35.593724],[-105.718021,35.592309],[-105.718025,35.588689],[-105.718026,35.58304],[-105.718021,35.573871],[-105.718019,35.569553],[-105.718017,35.568688],[-105.718015,35.566179],[-105.718015,35.563732],[-105.718014,35.561507],[-105.718012,35.557753],[-105.718011,35.553705],[-105.718016,35.553264],[-105.718012,35.55245],[-105.71801,35.551371],[-105.71801,35.551222],[-105.718009,35.543322],[-105.718005,35.537663],[-105.718037,35.520328],[-105.718146,35.491416],[-105.718151,35.482532],[-105.718103,35.464216],[-105.718123,35.461827],[-105.718061,35.450215],[-105.717952,35.442967],[-105.717593,35.420042],[-105.717613,35.417214],[-105.717792,35.389523],[-105.717828,35.384081],[-105.717981,35.357135],[-105.71798,35.347617],[-105.717563,35.318713],[-105.71741,35.304234],[-105.715748,35.304169],[-105.715708,35.298108],[-105.715686,35.292207],[-105.715682,35.289004],[-105.715609,35.273625],[-105.715575,35.265187],[-105.715576,35.260174],[-105.715571,35.259317],[-105.715558,35.257774],[-105.715484,35.23996],[-105.715387,35.21552],[-105.715326,35.187285],[-105.715196,35.157178],[-105.719081,35.157488],[-105.722622,35.15664],[-105.724406,35.156548],[-105.726582,35.156593],[-105.728171,35.156249],[-105.73107,35.154782],[-105.733301,35.154506],[-105.738042,35.155787],[-105.740747,35.155534],[-105.746576,35.156585],[-105.750571,35.156126],[-105.752526,35.156904],[-105.75502,35.158713],[-105.755661,35.158412],[-105.758177,35.157747],[-105.76314,35.15976],[-105.766248,35.160103],[-105.772003,35.15955],[-105.774994,35.158432],[-105.778745,35.156398],[-105.781955,35.152137],[-105.785503,35.149498],[-105.787724,35.1488],[-105.790383,35.148386],[-105.791999,35.147165],[-105.794554,35.147005],[-105.796896,35.146117],[-105.803203,35.145377],[-105.804932,35.144873],[-105.806225,35.143637],[-105.808308,35.142308],[-105.811263,35.142125],[-105.813827,35.140637],[-105.81879,35.138598],[-105.823388,35.135552],[-105.824002,35.134429],[-105.825145,35.133742],[-105.828127,35.132986],[-105.83072,35.131497],[-105.834426,35.131267],[-105.838469,35.132389],[-105.843906,35.133556],[-105.846444,35.134836],[-105.848116,35.134996],[-105.855421,35.13662],[-105.858154,35.136871],[-105.863368,35.13877],[-105.86624,35.138975],[-105.868945,35.139798],[-105.874298,35.139887],[-105.880503,35.139397],[-105.883085,35.138331],[-105.893041,35.135269],[-105.894168,35.135231],[-105.89592,35.136189],[-105.901058,35.138258],[-105.901989,35.139817],[-105.904175,35.141049],[-105.908512,35.141823],[-105.921124,35.141857],[-105.927278,35.142062],[-105.944998,35.142094],[-105.947218,35.142091],[-105.960813,35.142056],[-105.98002,35.142093],[-105.97998,35.142187],[-106.014558,35.14228],[-106.014585,35.156635],[-106.032599,35.156635],[-106.03771,35.156651],[-106.050199,35.156691],[-106.05013,35.156236],[-106.050545,35.142925],[-106.050494,35.142305],[-106.067879,35.142326],[-106.103004,35.142257],[-106.120792,35.142189],[-106.138405,35.142158],[-106.156108,35.142092],[-106.156096,35.14384],[-106.158752,35.143832],[-106.159472,35.144555],[-106.160891,35.146189],[-106.161494,35.145799],[-106.163427,35.146542],[-106.164852,35.147636],[-106.164863,35.143823],[-106.164863,35.142063],[-106.169331,35.142039],[-106.173693,35.142023],[-106.182577,35.142007],[-106.191432,35.142],[-106.191439,35.141869],[-106.203798,35.141853],[-106.20909,35.141849],[-106.213512,35.141833],[-106.216816,35.141815],[-106.226679,35.141781],[-106.226792,35.141785],[-106.232283,35.141761],[-106.23558,35.141735],[-106.237829,35.141724],[-106.243588,35.141705],[-106.244947,35.141748],[-106.247634,35.141776],[-106.261109,35.141778],[-106.265556,35.141779],[-106.267939,35.141793],[-106.279224,35.141843],[-106.285774,35.141907],[-106.289484,35.141931],[-106.292941,35.141952],[-106.296947,35.142042],[-106.296952,35.140763],[-106.296701,35.134725],[-106.300002,35.13465],[-106.303102,35.1336],[-106.302687,35.127638],[-106.304375,35.127178],[-106.313665,35.12721],[-106.313626,35.12556],[-106.313558,35.122344],[-106.316282,35.120048],[-106.319484,35.116852],[-106.321685,35.115124],[-106.321901,35.114968],[-106.32713,35.115208],[-106.329705,35.114347],[-106.333375,35.111958],[-106.338434,35.108127],[-106.341263,35.106236],[-106.345807,35.103823],[-106.34926,35.102282],[-106.350988,35.101755],[-106.361644,35.099946],[-106.363155,35.099701],[-106.366418,35.099139],[-106.368029,35.098474],[-106.370181,35.096336],[-106.371677,35.093058],[-106.37175,35.092954],[-106.371881,35.092782],[-106.372106,35.092521],[-106.372281,35.092326],[-106.372484,35.092137],[-106.372691,35.091966],[-106.373026,35.091704],[-106.37331,35.091514],[-106.373623,35.09132],[-106.373935,35.091135],[-106.374182,35.091],[-106.374703,35.090683],[-106.374954,35.090516],[-106.375266,35.090295],[-106.375672,35.089966],[-106.375831,35.089808],[-106.375995,35.089636],[-106.376148,35.089452],[-106.37634,35.089235],[-106.376583,35.088941],[-106.376652,35.088846],[-106.376407,35.088694],[-106.376446,35.088638],[-106.376481,35.088568],[-106.377745,35.08666],[-106.379427,35.085702],[-106.378388,35.084788],[-106.380303,35.084699],[-106.381514,35.082665],[-106.382984,35.082044],[-106.383411,35.080877],[-106.384688,35.080354],[-106.386196,35.080904],[-106.387867,35.079571],[-106.387792,35.079954],[-106.387526,35.081205],[-106.39064,35.080587],[-106.395076,35.080519],[-106.396516,35.080499],[-106.399613,35.080495],[-106.400239,35.080535],[-106.402355,35.080816],[-106.403888,35.080914],[-106.404921,35.080813],[-106.40597,35.080533],[-106.406574,35.080293],[-106.407816,35.079611],[-106.409193,35.078486],[-106.421648,35.067772],[-106.42453,35.065781],[-106.424979,35.065598],[-106.427858,35.064952],[-106.433021,35.06452],[-106.437207,35.063865],[-106.444719,35.06178],[-106.446115,35.061552],[-106.454492,35.061107],[-106.454523,35.061105],[-106.455084,35.061058],[-106.456082,35.060985],[-106.456626,35.060967],[-106.45813,35.060883],[-106.458827,35.06085],[-106.45908,35.060836],[-106.45992,35.060821],[-106.46015,35.06083],[-106.460397,35.060834],[-106.460678,35.060856],[-106.460969,35.060887],[-106.461277,35.060914],[-106.461794,35.061003],[-106.462062,35.061056],[-106.462347,35.061123],[-106.462945,35.061275],[-106.463433,35.061419],[-106.463911,35.061589],[-106.464279,35.061733],[-106.464937,35.06196],[-106.465214,35.062062],[-106.465464,35.062155],[-106.465599,35.062199],[-106.466106,35.062365],[-106.466858,35.062558],[-106.46728,35.062656],[-106.467987,35.062803],[-106.468286,35.062849],[-106.471535,35.063081],[-106.47407,35.062918],[-106.478047,35.062627],[-106.481773,35.063117],[-106.484253,35.064257],[-106.484354,35.064314],[-106.484418,35.064349],[-106.484419,35.064513],[-106.485595,35.065091],[-106.486682,35.065638],[-106.487873,35.066129],[-106.493705,35.068377],[-106.496706,35.069538],[-106.496778,35.069429],[-106.497496,35.068192],[-106.495009,35.067711],[-106.495382,35.065834],[-106.495454,35.064078],[-106.495154,35.061207],[-106.495123,35.06094],[-106.495136,35.060759],[-106.495345,35.058061],[-106.497541,35.057611],[-106.495352,35.057386],[-106.495368,35.056778],[-106.495377,35.056157],[-106.495971,35.055241],[-106.496439,35.055002],[-106.500106,35.054961],[-106.501258,35.054971],[-106.501749,35.05499],[-106.50292,35.054652],[-106.504105,35.053711],[-106.504118,35.051247],[-106.504724,35.049352],[-106.505379,35.049841],[-106.508206,35.049908],[-106.508205,35.049402],[-106.508205,35.049377],[-106.505393,35.04844],[-106.50553,35.048017],[-106.505757,35.047326],[-106.50598,35.046496],[-106.506007,35.046064],[-106.504623,35.044383],[-106.504209,35.044033],[-106.505649,35.043221],[-106.508864,35.043262],[-106.508868,35.042789],[-106.517418,35.042891],[-106.528183,35.043019],[-106.529035,35.043028],[-106.529209,35.04293],[-106.529283,35.043028],[-106.532959,35.04306],[-106.532754,35.046828],[-106.532608,35.0525],[-106.532579,35.055424],[-106.53258,35.055756],[-106.532584,35.05671],[-106.532588,35.057953],[-106.532568,35.060613],[-106.53252,35.065339],[-106.532535,35.066981],[-106.53254,35.067341],[-106.534827,35.067386],[-106.535471,35.067369],[-106.538492,35.067409],[-106.539501,35.067407],[-106.541472,35.067402],[-106.550458,35.067327],[-106.550452,35.066134],[-106.550491,35.065501],[-106.559421,35.065486],[-106.559514,35.065485],[-106.559665,35.06372],[-106.559655,35.061009],[-106.55966,35.059172],[-106.55964,35.058221],[-106.568768,35.058227],[-106.569927,35.058225],[-106.57105,35.058222],[-106.572178,35.058219],[-106.573267,35.058216],[-106.57436,35.058213],[-106.575463,35.05825],[-106.576558,35.058247],[-106.577609,35.058258],[-106.579855,35.058276],[-106.580948,35.058302],[-106.583155,35.05832],[-106.584261,35.058319],[-106.585377,35.058354],[-106.586478,35.058356],[-106.587643,35.058191],[-106.588682,35.058195],[-106.59086,35.058189],[-106.593096,35.05819],[-106.595254,35.058226],[-106.601244,35.058218],[-106.603041,35.058241],[-106.6043,35.058258],[-106.606524,35.05838],[-106.607291,35.058388],[-106.60874,35.058435],[-106.60916,35.058435],[-106.610464,35.058466],[-106.613293,35.058439],[-106.613253,35.056531],[-106.613493,35.05318],[-106.614006,35.052268],[-106.615241,35.051611],[-106.615352,35.051782],[-106.615532,35.051922],[-106.615732,35.052002],[-106.616601,35.052018],[-106.618026,35.052013],[-106.619254,35.050429],[-106.621333,35.050276],[-106.622062,35.05128],[-106.622075,35.049999],[-106.622087,35.049839],[-106.623966,35.049704],[-106.624672,35.049767],[-106.630776,35.048483],[-106.630769,35.048264],[-106.630359,35.047057],[-106.628822,35.045387],[-106.62871,35.043686],[-106.62871,35.036816],[-106.629348,35.032744],[-106.630796,35.029628],[-106.633169,35.025586],[-106.635257,35.023036],[-106.638077,35.023423],[-106.638529,35.023417],[-106.638582,35.021353],[-106.639531,35.017369],[-106.639805,35.016595],[-106.642132,35.010022],[-106.644174,35.004223],[-106.646091,34.998976],[-106.648087,34.993296],[-106.650757,34.985699],[-106.65701,34.964839],[-106.659082,34.957844],[-106.65963,34.956644],[-106.662029,34.95396],[-106.662158,34.953445],[-106.662847,34.950253],[-106.663336,34.948345],[-106.663641,34.946926],[-106.663667,34.946792],[-106.663552,34.946791],[-106.665985,34.935052],[-106.667547,34.928088],[-106.670036,34.916219],[-106.671868,34.913945],[-106.679896,34.908854],[-106.681021,34.906518],[-106.681053,34.906292],[-106.682869,34.906317],[-106.68403,34.906333],[-106.684886,34.906345],[-106.686187,34.906247],[-106.686118,34.905759],[-106.688077,34.904052],[-106.689213,34.902905],[-106.690376,34.902447],[-106.692383,34.900925],[-106.696436,34.897032],[-106.698282,34.894021],[-106.700256,34.889741],[-106.700571,34.888672],[-106.700624,34.888595],[-106.702871,34.885331],[-106.709369,34.881821],[-106.710909,34.88062],[-106.712361,34.880506],[-106.712405,34.880502],[-106.71252,34.880491],[-106.712997,34.880444],[-106.713118,34.880364],[-106.713985,34.879786],[-106.714449,34.879562],[-106.714768,34.879187],[-106.715017,34.878906],[-106.71505,34.878856],[-106.71651,34.877119],[-106.718454,34.875019],[-106.720091,34.872141],[-106.720049,34.872125],[-106.717366,34.870709],[-106.717206,34.871177],[-106.707238,34.871136],[-106.706161,34.871154],[-106.704022,34.871113],[-106.703113,34.871117],[-106.702949,34.871116],[-106.701746,34.871112],[-106.696727,34.871101],[-106.696453,34.8711],[-106.695923,34.871097],[-106.695879,34.871097],[-106.692564,34.871094],[-106.691277,34.8711],[-106.68519,34.871145],[-106.684603,34.871144],[-106.684489,34.871145],[-106.684847,34.870488],[-106.684897,34.870397],[-106.685229,34.869788],[-106.685572,34.869165],[-106.686124,34.868051],[-106.688445,34.86522],[-106.686478,34.858035],[-106.686231,34.857232],[-106.685257,34.854764],[-106.685077,34.852879],[-106.684639,34.85033],[-106.684453,34.848453],[-106.684209,34.848419],[-106.684126,34.848184],[-106.683043,34.846914],[-106.681401,34.845443],[-106.680837,34.844824],[-106.679956,34.843706],[-106.676423,34.843848],[-106.672562,34.844925],[-106.670494,34.845081],[-106.67029,34.844668],[-106.669924,34.844672],[-106.665807,34.844609],[-106.662748,34.84417],[-106.663057,34.842351],[-106.665574,34.842362],[-106.664622,34.838491],[-106.667202,34.838456],[-106.667489,34.836472],[-106.664073,34.83616],[-106.664218,34.83524],[-106.666793,34.819792],[-106.66745,34.815466],[-106.667254,34.815433],[-106.667647,34.811213],[-106.659203,34.8112],[-106.653959,34.811192],[-106.636578,34.811118],[-106.631097,34.811163],[-106.631114,34.808388],[-106.629789,34.808394],[-106.628934,34.80841],[-106.627472,34.808418],[-106.62742,34.81112],[-106.622131,34.811169],[-106.61345,34.811175],[-106.606131,34.811113],[-106.606067,34.808378],[-106.604668,34.80838],[-106.604652,34.804724],[-106.604659,34.799286],[-106.595955,34.799275],[-106.588605,34.799392],[-106.587334,34.800439],[-106.587077,34.79748],[-106.584305,34.797566],[-106.580314,34.797558],[-106.573624,34.797577],[-106.569695,34.797559],[-106.546103,34.797448],[-106.535236,34.797509],[-106.535155,34.792605],[-106.530586,34.792876],[-106.523276,34.794232],[-106.521278,34.794187],[-106.516807,34.794779],[-106.51023,34.796491],[-106.506479,34.796929],[-106.505426,34.797363],[-106.500489,34.798426],[-106.498361,34.799663],[-106.496455,34.800376],[-106.495225,34.801709],[-106.493209,34.802418],[-106.489541,34.803002],[-106.489032,34.803722],[-106.485199,34.804931],[-106.483338,34.804997],[-106.482101,34.805662],[-106.479344,34.806154],[-106.477048,34.805997],[-106.474624,34.805395],[-106.472809,34.805433],[-106.472056,34.805924],[-106.46785,34.807248],[-106.464557,34.807955],[-106.464546,34.810517],[-106.464551,34.814396],[-106.464547,34.826765],[-106.464443,34.835902],[-106.463951,34.864502],[-106.463913,34.867019],[-106.463868,34.870194],[-106.440968,34.87016],[-106.418418,34.870189],[-106.411781,34.870252],[-106.386447,34.870343],[-106.373842,34.870342],[-106.373193,34.870338],[-106.360659,34.870331],[-106.347516,34.870272],[-106.336717,34.870299],[-106.336409,34.870223],[-106.328784,34.87017],[-106.283989,34.869862],[-106.281045,34.869841],[-106.228613,34.869477],[-106.22166,34.869428],[-106.19766,34.869283],[-106.189094,34.869277],[-106.188201,34.869277],[-106.188195,34.870174],[-106.181442,34.870171],[-106.16623,34.87017],[-106.15815,34.87017],[-106.149737,34.870142],[-106.149741,34.875049],[-106.149733,34.889864],[-106.149702,34.898051],[-106.149709,34.906044],[-106.149802,34.912777],[-106.149889,34.91902],[-106.149886,34.919628],[-106.149886,34.919756],[-106.149852,34.929314],[-106.14982,34.94982],[-106.14982,34.949915],[-106.149828,34.953462],[-106.156793,34.953426],[-106.158283,34.953424],[-106.162657,34.953418],[-106.185158,34.953373],[-106.189258,34.953282],[-106.201411,34.953292],[-106.207963,34.953303],[-106.23238,34.953349],[-106.234775,34.953394],[-106.239264,34.953375],[-106.243762,34.953355],[-106.243739,34.962188],[-106.243737,34.970597],[-106.243794,34.982273],[-106.243763,34.989273],[-106.24373,34.996658],[-106.24372,35.012205],[-106.243802,35.017833],[-106.243855,35.025581],[-106.243874,35.040003],[-106.239916,35.040042],[-106.238957,35.040047],[-106.234049,35.04009],[-106.232472,35.040103],[-106.226342,35.040146],[-106.201465,35.040201],[-106.201295,35.040202],[-106.19843,35.040182],[-106.197966,35.040185],[-106.195865,35.040225],[-106.194713,35.040256],[-106.19165,35.040252],[-106.191351,35.040256],[-106.173868,35.040333],[-106.171657,35.040344],[-106.167269,35.040354],[-106.161731,35.040371],[-106.156241,35.040404],[-106.153481,35.040411],[-106.139926,35.040514],[-106.132485,35.040531],[-106.13163,35.040531],[-106.130734,35.040532],[-106.130503,35.040531],[-106.130416,35.040531],[-106.129163,35.040532],[-106.124996,35.040535],[-106.123307,35.040537],[-106.105451,35.040556],[-106.102992,35.040561],[-106.09599,35.040575],[-106.076905,35.040617],[-106.075689,35.040621],[-106.075253,35.040623],[-106.067678,35.040643],[-106.050053,35.040686],[-106.029524,35.040678],[-106.02137,35.040704],[-106.016987,35.040717],[-105.979684,35.041065],[-105.961636,35.041102],[-105.949818,35.041124],[-105.943901,35.04112],[-105.92618,35.041138],[-105.926128,35.041137],[-105.908599,35.041143],[-105.906908,35.041154],[-105.873153,35.04124],[-105.840882,35.041214],[-105.833978,35.041224],[-105.815706,35.041231],[-105.800191,35.041252],[-105.782294,35.041328],[-105.758965,35.041411],[-105.749885,35.041426],[-105.714871,35.041604],[-105.714419,35.041605],[-105.682848,35.041633],[-105.677962,35.041641],[-105.651706,35.041672],[-105.626925,35.041691],[-105.622231,35.041689],[-105.609064,35.04173],[-105.590494,35.041694],[-105.572238,35.041724],[-105.551844,35.041713],[-105.509876,35.041786],[-105.50092,35.04181],[-105.476254,35.041869],[-105.440309,35.041914],[-105.435438,35.041935],[-105.39687,35.041934],[-105.388574,35.041959],[-105.374781,35.041956],[-105.359364,35.041855],[-105.326189,35.041825],[-105.316743,35.041867],[-105.290791,35.04203],[-105.290788,35.031139],[-105.290828,35.013072],[-105.290844,35.004451],[-105.290869,34.991447],[-105.29087,34.991237],[-105.29085,34.955071],[-105.291306,34.955071],[-105.291294,34.952905],[-105.291242,34.942817],[-105.291104,34.927684],[-105.290931,34.915992],[-105.290567,34.880831],[-105.290538,34.85049],[-105.290462,34.825674],[-105.290422,34.8123],[-105.290418,34.810852],[-105.290378,34.796562],[-105.290435,34.793636],[-105.290488,34.781954],[-105.290477,34.752631],[-105.290286,34.73811],[-105.290178,34.729432],[-105.290125,34.725116],[-105.290269,34.694387],[-105.290266,34.689129],[-105.290234,34.657272],[-105.290354,34.635775],[-105.290396,34.606766],[-105.302951,34.606869],[-105.312765,34.606951],[-105.312777,34.598229],[-105.312777,34.59347],[-105.312779,34.593325],[-105.312745,34.572892],[-105.312729,34.556998],[-105.312745,34.537454],[-105.312762,34.514345],[-105.312703,34.507199],[-105.312798,34.499088],[-105.312825,34.488521],[-105.312847,34.46329],[-105.312891,34.43647],[-105.312891,34.435578],[-105.312948,34.410133],[-105.312953,34.405627],[-105.312944,34.382766],[-105.312922,34.376294],[-105.313009,34.361769],[-105.312707,34.354046],[-105.313072,34.347205],[-105.287689,34.347249],[-105.260761,34.347289],[-105.241696,34.347209],[-105.225835,34.347152],[-105.204925,34.347376],[-105.172745,34.347431],[-105.15063,34.347437],[-105.12034,34.347435],[-105.103259,34.347401],[-105.084239,34.347245],[-105.067783,34.347163],[-105.050121,34.347171],[-104.997666,34.347199],[-104.972213,34.347185],[-104.971917,34.347183],[-104.914666,34.347151],[-104.908442,34.347149],[-104.899776,34.347146],[-104.892159,34.347141],[-104.891745,34.347043],[-104.89185,34.330104],[-104.891853,34.328728],[-104.892175,34.275259],[-104.892269,34.259919],[-104.892409,34.259919],[-104.892547,34.232791],[-104.892619,34.217458],[-104.89262,34.217001],[-104.892705,34.200525],[-104.892931,34.160662],[-104.893124,34.130586],[-104.89315,34.125633],[-104.893151,34.125336],[-104.893373,34.089075],[-104.893377,34.088407],[-104.893574,34.073246],[-104.893726,34.047586],[-104.893781,34.039236],[-104.893845,34.029821],[-104.893862,34.010121],[-104.894017,33.982927],[-104.894117,33.967633],[-104.894291,33.949106],[-104.894712,33.918835],[-104.894779,33.915043],[-104.894829,33.911786],[-104.894743,33.894546],[-104.894668,33.879382],[-104.894625,33.865616],[-104.894612,33.854277],[-104.894606,33.841983],[-104.894573,33.82443],[-104.89236,33.824431],[-104.891596,33.823131],[-104.89109,33.822258],[-104.891099,33.808857],[-104.891107,33.79405],[-104.891096,33.762972],[-104.891091,33.741916],[-104.891156,33.735716],[-104.891415,33.710267],[-104.891534,33.691032],[-104.891828,33.664794],[-104.891837,33.664177],[-104.891953,33.654227],[-104.891999,33.638029],[-104.891983,33.611279],[-104.892056,33.594681],[-104.892074,33.591208],[-104.892168,33.566376],[-104.892121,33.554771],[-104.892104,33.549535],[-104.892098,33.53437],[-104.892098,33.53383],[-104.892204,33.505989],[-104.892314,33.493628],[-104.892299,33.487111],[-104.892281,33.48067],[-104.892278,33.47802],[-104.892344,33.461022],[-104.89238,33.451048],[-104.892417,33.438266],[-104.892428,33.409098],[-104.892433,33.398199],[-104.885088,33.393271],[-104.885107,33.38731],[-104.885196,33.369244],[-104.885189,33.369035],[-104.885451,33.349871],[-104.885405,33.34731],[-104.885349,33.344233],[-104.885177,33.334881],[-104.885156,33.326063],[-104.88513,33.305827],[-104.903838,33.305904],[-104.903849,33.287998],[-104.903851,33.264547],[-104.903852,33.242175],[-104.903847,33.22094],[-104.905431,33.22094],[-104.905441,33.198708],[-104.90542,33.149206],[-104.905424,33.138904],[-104.905482,33.138903],[-104.951668,33.138893],[-104.969104,33.13889],[-105.006511,33.138879],[-105.006481,33.134401],[-105.04553,33.134231],[-105.057533,33.134242],[-105.074892,33.134208],[-105.084128,33.133951],[-105.090314,33.133771],[-105.100803,33.133394],[-105.108621,33.131742],[-105.12508,33.13182],[-105.142986,33.131763],[-105.162454,33.131862],[-105.194241,33.131825],[-105.214629,33.131988],[-105.229528,33.131999],[-105.265315,33.132241],[-105.278219,33.132286],[-105.282428,33.1323],[-105.30928,33.132289],[-105.316968,33.132303],[-105.316746,33.077955],[-105.316704,33.060786],[-105.316576,33.048423],[-105.316471,33.021413],[-105.316224,33.002719],[-105.316256,33.001758],[-105.316062,32.977408],[-105.316047,32.9621],[-105.320981,32.962087],[-105.336639,32.962024],[-105.352513,32.962007],[-105.352465,32.9517],[-105.352424,32.942827],[-105.352405,32.914081],[-105.352403,32.913575],[-105.352393,32.900421],[-105.352295,32.86822],[-105.352254,32.866628],[-105.351978,32.854312],[-105.351234,32.84233],[-105.350996,32.83845],[-105.351348,32.830848],[-105.35161,32.825134],[-105.352205,32.809516],[-105.35223,32.793152],[-105.352275,32.780339],[-105.352226,32.765525],[-105.352239,32.748813],[-105.35221,32.730126],[-105.352205,32.727482],[-105.352201,32.721097],[-105.352343,32.707057],[-105.352238,32.678528],[-105.352278,32.662295],[-105.352123,32.647809],[-105.352048,32.617002],[-105.352043,32.616203],[-105.351989,32.606463],[-105.351981,32.604763],[-105.35344,32.604736],[-105.353547,32.58453],[-105.35357,32.577745],[-105.353562,32.577371],[-105.353652,32.56289],[-105.353738,32.552724],[-105.353918,32.53417],[-105.35401,32.518776],[-105.338641,32.518772],[-105.338217,32.518772],[-105.336299,32.518773],[-105.325973,32.518777],[-105.252007,32.518811],[-105.241584,32.51883],[-105.224357,32.518852],[-105.186218,32.518859],[-105.164317,32.518854],[-105.162796,32.518854],[-105.1504,32.518853],[-105.149278,32.518854],[-105.149278,32.520722],[-105.148053,32.520708],[-105.125529,32.520716],[-105.12276,32.520701],[-105.110483,32.520694],[-105.053168,32.52071],[-105.035689,32.5207],[-105.01431,32.520669],[-104.978549,32.520633],[-104.966301,32.520613],[-104.940688,32.520624],[-104.920502,32.520617],[-104.910568,32.520588],[-104.90287,32.5206],[-104.874721,32.520574],[-104.851524,32.520541],[-104.851537,32.520505],[-104.851539,32.514398],[-104.851559,32.500803],[-104.851566,32.484301],[-104.851561,32.469772],[-104.851578,32.460082],[-104.85158,32.427524],[-104.8516,32.412609],[-104.851629,32.397448],[-104.851654,32.38618],[-104.851701,32.366935],[-104.851739,32.342664],[-104.851727,32.335136],[-104.851702,32.326028],[-104.851654,32.315382],[-104.851556,32.3025],[-104.851486,32.294203],[-104.851399,32.282372],[-104.851355,32.273293],[-104.851279,32.253489],[-104.847637,32.253497],[-104.847659,32.235361],[-104.847655,32.225011],[-104.847667,32.223831],[-104.847674,32.22291],[-104.847839,32.202632],[-104.847845,32.200763],[-104.847918,32.196379],[-104.847917,32.190834],[-104.848068,32.190411],[-104.847951,32.163265],[-104.847883,32.147737],[-104.847897,32.146778],[-104.847913,32.137187],[-104.847921,32.123442],[-104.847894,32.118661],[-104.847766,32.102068],[-104.847751,32.093997],[-104.847723,32.072245],[-104.847747,32.019911],[-104.847777,32.00641],[-104.847757,32.000655],[-104.84774,32.000415],[-104.833719,32.000029],[-104.821027,31.999559],[-104.775447,31.997628],[-104.772106,31.997486],[-104.754787,31.997773],[-104.754556,32.000527],[-104.750503,32.000537],[-104.731473,32.000361],[-104.70258,32.000376],[-104.701735,32.000376],[-104.701317,32.000378],[-104.644294,32.000441],[-104.640409,32.000394],[-104.62617,32.000422],[-104.607583,32.000398],[-104.585783,32.000268],[-104.54352,32.000233],[-104.532137,32.000231],[-104.436278,32.000156],[-104.392124,32.000128],[-104.341767,32.00012],[-104.329638,32.000188],[-104.329112,32.000108],[-104.291563,32.000074],[-104.279883,32.000068],[-104.220719,32.000036],[-104.176293,32.000016],[-104.100978,31.999972],[-104.031227,32.000087],[-104.026969,32.000099],[-104.003143,32.000129],[-104.002623,32.000129],[-103.983425,32.000119],[-103.977673,32.000124],[-103.968065,32.000124],[-103.947357,32.000135],[-103.915775,32.000147],[-103.897091,32.000149],[-103.827619,32.000168],[-103.757383,32.000194],[-103.722882,32.000206],[-103.719737,32.000208],[-103.655249,32.000231],[-103.638784,32.000238],[-103.601664,32.000286],[-103.532746,32.000341],[-103.491614,32.000355],[-103.436935,32.000346],[-103.375458,32.000334],[-103.326501,32.000369],[-103.278521,32.000419],[-103.267732,32.000324],[-103.266666,32.000577],[-103.250454,32.000444],[-103.215641,32.000512],[-103.19941,32.000391],[-103.196134,32.000312],[-103.133564,32.000342],[-103.133078,32.000343],[-103.06451,32.000424],[-103.064485,32.020683],[-103.064399,32.024566],[-103.0645,32.029508],[-103.064505,32.085519],[-103.06447,32.100988],[-103.064544,32.106244],[-103.064504,32.122972],[-103.064566,32.127577],[-103.06438,32.13754],[-103.064558,32.145126],[-103.064516,32.166483],[-103.06478,32.226978],[-103.064788,32.240487],[-103.064725,32.248033],[-103.064725,32.270763],[-103.06472,32.301341],[-103.064725,32.334654],[-103.064727,32.406785],[-103.064728,32.428241],[-103.064724,32.436293],[-103.064719,32.449883],[-103.064735,32.491114],[-103.064676,32.500115],[-103.064696,32.521923],[-103.064711,32.538431],[-103.064734,32.562206],[-103.064774,32.594236],[-103.064663,32.603214],[-103.064629,32.619522],[-103.064694,32.624569],[-103.064726,32.647694],[-103.064824,32.667628],[-103.064871,32.682699],[-103.064754,32.696582],[-103.064746,32.697757],[-103.064799,32.708694],[-103.064793,32.710712],[-103.064799,32.71382],[-103.06482,32.72347],[-103.06468,32.726715],[-103.064671,32.72696],[-103.064691,32.733769],[-103.064732,32.74128],[-103.064732,32.744215],[-103.064746,32.761038],[-103.064692,32.769323],[-103.064687,32.773581],[-103.064682,32.784584],[-103.064774,32.798361],[-103.06478,32.81301],[-103.064772,32.827524],[-103.064796,32.828417],[-103.064788,32.849356],[-103.064768,32.879355],[-103.064821,32.885615],[-103.064726,32.8882],[-103.064721,32.899884],[-103.064659,32.922664],[-103.064709,32.940618],[-103.064739,32.943078],[-103.064673,32.94966],[-103.064679,32.964437],[-103.064578,32.964428],[-103.064581,32.973227],[-103.064578,32.979073],[-103.064583,32.993573],[-103.064651,32.995292],[-103.064454,33.010196],[-103.064125,33.024478],[-103.063844,33.037587],[-103.063614,33.048488],[-103.063641,33.053779],[-103.063477,33.060944],[-103.063238,33.066215],[-103.063162,33.075632],[-103.062831,33.089297],[-103.062383,33.109832],[-103.062405,33.111816],[-103.062047,33.125104],[-103.061736,33.140884],[-103.061139,33.16811],[-103.061129,33.169894],[-103.060977,33.177205],[-103.060826,33.184434],[-103.060542,33.195252],[-103.060521,33.199115],[-103.060108,33.219004],[-103.059921,33.227975],[-103.059565,33.241058],[-103.059559,33.242443],[-103.059596,33.243794],[-103.059348,33.256968],[-103.059173,33.260362],[-103.058793,33.281756],[-103.058634,33.285011],[-103.058267,33.303801],[-103.058006,33.314999],[-103.05769,33.329477],[-103.057301,33.348985],[-103.057047,33.356406],[-103.056805,33.373562],[-103.056668,33.378792],[-103.056182,33.403262],[-103.055755,33.422966],[-103.055384,33.435256],[-103.053903,33.506965],[-103.053749,33.520371],[-103.05341,33.535712],[-103.053094,33.54148],[-103.052652,33.562882],[-103.052621,33.570575],[-103.052285,33.585908],[-103.05224,33.594884],[-103.05189,33.614899],[-103.05162,33.62753],[-103.051166,33.649202],[-103.05056,33.672168],[-103.050218,33.693274],[-103.049448,33.730204],[-103.049086,33.744806],[-103.048865,33.758294],[-103.048299,33.781227],[-103.048169,33.78846],[-103.047685,33.8089],[-103.047458,33.821446],[-103.047233,33.835998],[-103.046341,33.879447],[-103.046089,33.887434],[-103.044891,33.945609],[-103.044431,33.966761],[-103.04385,33.99634],[-103.043651,34.003639],[-103.043672,34.011179],[-103.043782,34.037283],[-103.04383,34.087833],[-103.043822,34.101614],[-103.043698,34.101862],[-103.043703,34.112658],[-103.043836,34.112834],[-103.043879,34.117237],[-103.043865,34.148016],[-103.043818,34.152777],[-103.043903,34.162064],[-103.043846,34.170869],[-103.043874,34.221266],[-103.043826,34.242418],[-103.043785,34.24435],[-103.043738,34.24555],[-103.043764,34.273583],[-103.043755,34.288116],[-103.043767,34.302648]]]]}}],"labels":{"type":"FeatureCollection","features":[{"type":"Feature","properties":{"id":"1","NAME":"1","featureLabel":{"left":-105.98327861536404,"right":-105.98327861536404,"top":35.4204312000656,"bottom":35.4204312000656},"text-field":"1"},"geometry":{"type":"Point","coordinates":[-105.98327861536404,35.4204312000656]}},{"type":"Feature","properties":{"id":"2","NAME":"2","featureLabel":{"left":-107.47158559850693,"right":-107.47158559850693,"top":33.35919077392197,"bottom":33.35919077392197},"text-field":"2"},"geometry":{"type":"Point","coordinates":[-107.47158559850693,33.35919077392197]}},{"type":"Feature","properties":{"id":"3","NAME":"3","featureLabel":{"left":-104.2794001688671,"right":-104.2794001688671,"top":35.756135478906614,"bottom":35.756135478906614},"text-field":"3"},"geometry":{"type":"Point","coordinates":[-104.2794001688671,35.756135478906614]}}]}}